fixIdx,legIdx,zoneIdx,tickLead,tickRace,time,lat,lng,alt,togo
1,1,1,-1696.804628157034,-4847.467077702793,2019-07-22T11:46:43Z,46.27411667,13.17570000,1034.00,127.284
2,1,2,-1695.804628157034,-4846.467077702793,2019-07-22T11:46:44Z,46.27406667,13.17568333,1031.00,127.289
3,1,3,-1694.804628157034,-4845.467077702793,2019-07-22T11:46:45Z,46.27398333,13.17566667,1029.00,127.297
4,1,4,-1693.804628157034,-4844.467077702793,2019-07-22T11:46:46Z,46.27388333,13.17563333,1024.00,127.307
5,1,5,-1692.804628157034,-4843.467077702793,2019-07-22T11:46:47Z,46.27378333,13.17560000,1020.00,127.317
6,1,6,-1691.804628157034,-4842.467077702793,2019-07-22T11:46:48Z,46.27365000,13.17555000,1017.00,127.33
7,1,7,-1690.804628157034,-4841.467077702793,2019-07-22T11:46:49Z,46.27353333,13.17551667,1018.00,127.341
8,1,8,-1689.804628157034,-4840.467077702793,2019-07-22T11:46:50Z,46.27343333,13.17546667,1018.00,127.351
9,1,9,-1688.804628157034,-4839.467077702793,2019-07-22T11:46:51Z,46.27335000,13.17541667,1019.00,127.359
10,1,10,-1687.804628157034,-4838.467077702793,2019-07-22T11:46:52Z,46.27326667,13.17535000,1019.00,127.366
11,1,11,-1686.804628157034,-4837.467077702793,2019-07-22T11:46:53Z,46.27318333,13.17526667,1020.00,127.373
12,1,12,-1685.804628157034,-4836.467077702793,2019-07-22T11:46:54Z,46.27310000,13.17520000,1020.00,127.38
13,1,13,-1684.804628157034,-4835.467077702793,2019-07-22T11:46:55Z,46.27303333,13.17511667,1022.00,127.385
14,1,14,-1683.804628157034,-4834.467077702793,2019-07-22T11:46:56Z,46.27295000,13.17505000,1023.00,127.393
15,1,15,-1682.804628157034,-4833.467077702793,2019-07-22T11:46:57Z,46.27286667,13.17498333,1024.00,127.4
16,1,16,-1681.804628157034,-4832.467077702793,2019-07-22T11:46:58Z,46.27276667,13.17495000,1024.00,127.41
17,1,17,-1680.804628157034,-4831.467077702793,2019-07-22T11:46:59Z,46.27266667,13.17490000,1024.00,127.419
18,1,18,-1679.804628157034,-4830.467077702793,2019-07-22T11:47:00Z,46.27256667,13.17486667,1025.00,127.429
19,1,19,-1678.804628157034,-4829.467077702793,2019-07-22T11:47:01Z,46.27248333,13.17483333,1027.00,127.437
20,1,20,-1677.804628157034,-4828.467077702793,2019-07-22T11:47:02Z,46.27240000,13.17480000,1026.00,127.445
21,1,21,-1676.804628157034,-4827.467077702793,2019-07-22T11:47:03Z,46.27231667,13.17475000,1025.00,127.453
22,1,22,-1675.804628157034,-4826.467077702793,2019-07-22T11:47:04Z,46.27221667,13.17466667,1019.00,127.461
23,1,23,-1674.804628157034,-4825.467077702793,2019-07-22T11:47:05Z,46.27213333,13.17455000,1020.00,127.468
24,1,24,-1673.804628157034,-4824.467077702793,2019-07-22T11:47:06Z,46.27205000,13.17440000,1019.00,127.473
25,1,25,-1672.804628157034,-4823.467077702793,2019-07-22T11:47:07Z,46.27196667,13.17421667,1016.00,127.478
26,1,26,-1671.804628157034,-4822.467077702793,2019-07-22T11:47:08Z,46.27191667,13.17405000,1018.00,127.479
27,1,27,-1670.804628157034,-4821.467077702793,2019-07-22T11:47:09Z,46.27190000,13.17388333,1021.00,127.477
28,1,28,-1669.804628157034,-4820.467077702793,2019-07-22T11:47:10Z,46.27190000,13.17373333,1024.00,127.474
29,1,29,-1668.804628157034,-4819.467077702793,2019-07-22T11:47:11Z,46.27191667,13.17356667,1025.00,127.468
30,1,30,-1667.804628157034,-4818.467077702793,2019-07-22T11:47:12Z,46.27193333,13.17341667,1026.00,127.463
31,1,31,-1666.804628157034,-4817.467077702793,2019-07-22T11:47:13Z,46.27198333,13.17325000,1026.00,127.454
32,1,32,-1665.804628157034,-4816.467077702793,2019-07-22T11:47:14Z,46.27203333,13.17308333,1028.00,127.445
33,1,33,-1664.804628157034,-4815.467077702793,2019-07-22T11:47:15Z,46.27208333,13.17291667,1030.00,127.436
34,1,34,-1663.804628157034,-4814.467077702793,2019-07-22T11:47:16Z,46.27215000,13.17273333,1031.00,127.425
35,1,35,-1662.804628157034,-4813.467077702793,2019-07-22T11:47:17Z,46.27220000,13.17258333,1032.00,127.416
36,1,36,-1661.804628157034,-4812.467077702793,2019-07-22T11:47:18Z,46.27225000,13.17241667,1035.00,127.407
37,1,37,-1660.804628157034,-4811.467077702793,2019-07-22T11:47:19Z,46.27228333,13.17225000,1037.00,127.399
38,1,38,-1659.804628157034,-4810.467077702793,2019-07-22T11:47:20Z,46.27231667,13.17208333,1040.00,127.392
39,1,39,-1658.804628157034,-4809.467077702793,2019-07-22T11:47:21Z,46.27233333,13.17191667,1039.00,127.387
40,1,40,-1657.804628157034,-4808.467077702793,2019-07-22T11:47:22Z,46.27235000,13.17175000,1037.00,127.381
41,1,41,-1656.804628157034,-4807.467077702793,2019-07-22T11:47:23Z,46.27236667,13.17158333,1035.00,127.376
42,1,42,-1655.804628157034,-4806.467077702793,2019-07-22T11:47:24Z,46.27238333,13.17141667,1032.00,127.37
43,1,43,-1654.804628157034,-4805.467077702793,2019-07-22T11:47:25Z,46.27240000,13.17123333,1032.00,127.364
44,1,44,-1653.804628157034,-4804.467077702793,2019-07-22T11:47:26Z,46.27240000,13.17105000,1039.00,127.36
45,1,45,-1652.804628157034,-4803.467077702793,2019-07-22T11:47:27Z,46.27240000,13.17088333,1040.00,127.356
46,1,46,-1651.804628157034,-4802.467077702793,2019-07-22T11:47:28Z,46.27238333,13.17071667,1039.00,127.354
47,1,47,-1650.804628157034,-4801.467077702793,2019-07-22T11:47:29Z,46.27236667,13.17055000,1039.00,127.352
48,1,48,-1649.804628157034,-4800.467077702793,2019-07-22T11:47:30Z,46.27233333,13.17041667,1041.00,127.353
49,1,49,-1648.804628157034,-4799.467077702793,2019-07-22T11:47:31Z,46.27226667,13.17030000,1042.00,127.357
50,1,50,-1647.804628157034,-4798.467077702793,2019-07-22T11:47:32Z,46.27220000,13.17018333,1042.00,127.362
51,1,51,-1646.804628157034,-4797.467077702793,2019-07-22T11:47:33Z,46.27211667,13.17006667,1034.00,127.368
52,1,52,-1645.804628157034,-4796.467077702793,2019-07-22T11:47:34Z,46.27200000,13.16998333,1038.00,127.379
53,1,53,-1644.804628157034,-4795.467077702793,2019-07-22T11:47:35Z,46.27188333,13.16990000,1040.00,127.389
54,1,54,-1643.804628157034,-4794.467077702793,2019-07-22T11:47:36Z,46.27178333,13.16981667,1045.00,127.398
55,1,55,-1642.804628157034,-4793.467077702793,2019-07-22T11:47:37Z,46.27168333,13.16973333,1050.00,127.407
56,1,56,-1641.804628157034,-4792.467077702793,2019-07-22T11:47:38Z,46.27156667,13.16968333,1052.00,127.418
57,1,57,-1640.804628157034,-4791.467077702793,2019-07-22T11:47:39Z,46.27145000,13.16970000,1054.00,127.431
58,1,58,-1639.804628157034,-4790.467077702793,2019-07-22T11:47:40Z,46.27133333,13.16978333,1057.00,127.445
59,1,59,-1638.804628157034,-4789.467077702793,2019-07-22T11:47:41Z,46.27125000,13.16993333,1059.00,127.458
60,1,60,-1637.804628157034,-4788.467077702793,2019-07-22T11:47:42Z,46.27121667,13.17016667,1059.00,127.466
61,1,61,-1636.804628157034,-4787.467077702793,2019-07-22T11:47:43Z,46.27125000,13.17038333,1060.00,127.468
62,1,62,-1635.804628157034,-4786.467077702793,2019-07-22T11:47:44Z,46.27131667,13.17060000,1061.00,127.465
63,1,63,-1634.804628157034,-4785.467077702793,2019-07-22T11:47:45Z,46.27141667,13.17076667,1062.00,127.458
64,1,64,-1633.804628157034,-4784.467077702793,2019-07-22T11:47:46Z,46.27155000,13.17085000,1063.00,127.446
65,1,65,-1632.804628157034,-4783.467077702793,2019-07-22T11:47:47Z,46.27170000,13.17088333,1062.00,127.431
66,1,66,-1631.804628157034,-4782.467077702793,2019-07-22T11:47:48Z,46.27185000,13.17085000,1060.00,127.414
67,1,67,-1630.804628157034,-4781.467077702793,2019-07-22T11:47:49Z,46.27200000,13.17076667,1060.00,127.396
68,1,68,-1629.804628157034,-4780.467077702793,2019-07-22T11:47:50Z,46.27211667,13.17065000,1060.00,127.381
69,1,69,-1628.804628157034,-4779.467077702793,2019-07-22T11:47:51Z,46.27221667,13.17053333,1062.00,127.368
70,1,70,-1627.804628157034,-4778.467077702793,2019-07-22T11:47:52Z,46.27231667,13.17040000,1064.00,127.354
71,1,71,-1626.804628157034,-4777.467077702793,2019-07-22T11:47:53Z,46.27241667,13.17025000,1065.00,127.34
72,1,72,-1625.804628157034,-4776.467077702793,2019-07-22T11:47:54Z,46.27248333,13.17011667,1068.00,127.33
73,1,73,-1624.804628157034,-4775.467077702793,2019-07-22T11:47:55Z,46.27256667,13.16996667,1071.00,127.318
74,1,74,-1623.804628157034,-4774.467077702793,2019-07-22T11:47:56Z,46.27263333,13.16980000,1072.00,127.307
75,1,75,-1622.804628157034,-4773.467077702793,2019-07-22T11:47:57Z,46.27268333,13.16965000,1072.00,127.299
76,1,76,-1621.804628157034,-4772.467077702793,2019-07-22T11:47:58Z,46.27276667,13.16948333,1074.00,127.286
77,1,77,-1620.804628157034,-4771.467077702793,2019-07-22T11:47:59Z,46.27286667,13.16931667,1077.00,127.272
78,1,78,-1619.804628157034,-4770.467077702793,2019-07-22T11:48:00Z,46.27295000,13.16916667,1078.00,127.26
79,1,79,-1618.804628157034,-4769.467077702793,2019-07-22T11:48:01Z,46.27305000,13.16901667,1080.00,127.246
80,1,80,-1617.804628157034,-4768.467077702793,2019-07-22T11:48:02Z,46.27313333,13.16886667,1083.00,127.233
81,1,81,-1616.804628157034,-4767.467077702793,2019-07-22T11:48:03Z,46.27320000,13.16871667,1085.00,127.223
82,1,82,-1615.804628157034,-4766.467077702793,2019-07-22T11:48:04Z,46.27323333,13.16856667,1086.00,127.216
83,1,83,-1614.804628157034,-4765.467077702793,2019-07-22T11:48:05Z,46.27323333,13.16841667,1089.00,127.213
84,1,84,-1613.804628157034,-4764.467077702793,2019-07-22T11:48:06Z,46.27318333,13.16826667,1090.00,127.215
85,1,85,-1612.804628157034,-4763.467077702793,2019-07-22T11:48:07Z,46.27313333,13.16816667,1090.00,127.218
86,1,86,-1611.804628157034,-4762.467077702793,2019-07-22T11:48:08Z,46.27306667,13.16808333,1090.00,127.223
87,1,87,-1610.804628157034,-4761.467077702793,2019-07-22T11:48:09Z,46.27298333,13.16805000,1091.00,127.231
88,1,88,-1609.804628157034,-4760.467077702793,2019-07-22T11:48:10Z,46.27288333,13.16803333,1091.00,127.242
89,1,89,-1608.804628157034,-4759.467077702793,2019-07-22T11:48:11Z,46.27278333,13.16806667,1092.00,127.253
90,1,90,-1607.804628157034,-4758.467077702793,2019-07-22T11:48:12Z,46.27270000,13.16810000,1093.00,127.263
91,1,91,-1606.804628157034,-4757.467077702793,2019-07-22T11:48:13Z,46.27260000,13.16815000,1093.00,127.274
92,1,92,-1605.804628157034,-4756.467077702793,2019-07-22T11:48:14Z,46.27250000,13.16821667,1094.00,127.287
93,1,93,-1604.804628157034,-4755.467077702793,2019-07-22T11:48:15Z,46.27238333,13.16828333,1095.00,127.3
94,1,94,-1603.804628157034,-4754.467077702793,2019-07-22T11:48:16Z,46.27228333,13.16838333,1096.00,127.313
95,1,95,-1602.804628157034,-4753.467077702793,2019-07-22T11:48:17Z,46.27216667,13.16848333,1097.00,127.328
96,1,96,-1601.804628157034,-4752.467077702793,2019-07-22T11:48:18Z,46.27208333,13.16861667,1099.00,127.34
97,1,97,-1600.804628157034,-4751.467077702793,2019-07-22T11:48:19Z,46.27201667,13.16876667,1101.00,127.35
98,1,98,-1599.804628157034,-4750.467077702793,2019-07-22T11:48:20Z,46.27198333,13.16893333,1102.00,127.357
99,1,99,-1598.804628157034,-4749.467077702793,2019-07-22T11:48:21Z,46.27195000,13.16911667,1105.00,127.365
100,1,100,-1597.804628157034,-4748.467077702793,2019-07-22T11:48:22Z,46.27193333,13.16930000,1106.00,127.371
101,1,101,-1596.804628157034,-4747.467077702793,2019-07-22T11:48:23Z,46.27196667,13.16948333,1108.00,127.371
102,1,102,-1595.804628157034,-4746.467077702793,2019-07-22T11:48:24Z,46.27205000,13.16965000,1110.00,127.366
103,1,103,-1594.804628157034,-4745.467077702793,2019-07-22T11:48:25Z,46.27215000,13.16978333,1113.00,127.358
104,1,104,-1593.804628157034,-4744.467077702793,2019-07-22T11:48:26Z,46.27228333,13.16985000,1116.00,127.346
105,1,105,-1592.804628157034,-4743.467077702793,2019-07-22T11:48:27Z,46.27241667,13.16985000,1119.00,127.332
106,1,106,-1591.804628157034,-4742.467077702793,2019-07-22T11:48:28Z,46.27255000,13.16976667,1120.00,127.315
107,1,107,-1590.804628157034,-4741.467077702793,2019-07-22T11:48:29Z,46.27266667,13.16961667,1121.00,127.3
108,1,108,-1589.804628157034,-4740.467077702793,2019-07-22T11:48:30Z,46.27273333,13.16943333,1121.00,127.289
109,1,109,-1588.804628157034,-4739.467077702793,2019-07-22T11:48:31Z,46.27276667,13.16923333,1122.00,127.281
110,1,110,-1587.804628157034,-4738.467077702793,2019-07-22T11:48:32Z,46.27275000,13.16906667,1123.00,127.279
111,1,111,-1586.804628157034,-4737.467077702793,2019-07-22T11:48:33Z,46.27271667,13.16893333,1125.00,127.279
112,1,112,-1585.804628157034,-4736.467077702793,2019-07-22T11:48:34Z,46.27265000,13.16885000,1127.00,127.285
113,1,113,-1584.804628157034,-4735.467077702793,2019-07-22T11:48:35Z,46.27258333,13.16876667,1129.00,127.29
114,1,114,-1583.804628157034,-4734.467077702793,2019-07-22T11:48:36Z,46.27251667,13.16871667,1132.00,127.296
115,1,115,-1582.804628157034,-4733.467077702793,2019-07-22T11:48:37Z,46.27241667,13.16868333,1132.00,127.306
116,1,116,-1581.804628157034,-4732.467077702793,2019-07-22T11:48:38Z,46.27231667,13.16866667,1134.00,127.316
117,1,117,-1580.804628157034,-4731.467077702793,2019-07-22T11:48:39Z,46.27221667,13.16866667,1131.00,127.327
118,1,118,-1579.804628157034,-4730.467077702793,2019-07-22T11:48:40Z,46.27211667,13.16868333,1125.00,127.338
119,1,119,-1578.804628157034,-4729.467077702793,2019-07-22T11:48:41Z,46.27198333,13.16873333,1130.00,127.353
120,1,120,-1577.804628157034,-4728.467077702793,2019-07-22T11:48:42Z,46.27188333,13.16880000,1131.00,127.365
121,1,121,-1576.804628157034,-4727.467077702793,2019-07-22T11:48:43Z,46.27178333,13.16891667,1131.00,127.378
122,1,122,-1575.804628157034,-4726.467077702793,2019-07-22T11:48:44Z,46.27173333,13.16906667,1132.00,127.387
123,1,123,-1574.804628157034,-4725.467077702793,2019-07-22T11:48:45Z,46.27168333,13.16926667,1132.00,127.397
124,1,124,-1573.804628157034,-4724.467077702793,2019-07-22T11:48:46Z,46.27166667,13.16948333,1132.00,127.403
125,1,125,-1572.804628157034,-4723.467077702793,2019-07-22T11:48:47Z,46.27168333,13.16971667,1130.00,127.407
126,1,126,-1571.804628157034,-4722.467077702793,2019-07-22T11:48:48Z,46.27175000,13.16993333,1131.00,127.404
127,1,127,-1570.804628157034,-4721.467077702793,2019-07-22T11:48:49Z,46.27181667,13.17015000,1130.00,127.402
128,1,128,-1569.804628157034,-4720.467077702793,2019-07-22T11:48:50Z,46.27191667,13.17033333,1131.00,127.395
129,1,129,-1568.804628157034,-4719.467077702793,2019-07-22T11:48:51Z,46.27203333,13.17050000,1132.00,127.387
130,1,130,-1567.804628157034,-4718.467077702793,2019-07-22T11:48:52Z,46.27216667,13.17063333,1133.00,127.376
131,1,131,-1566.804628157034,-4717.467077702793,2019-07-22T11:48:53Z,46.27233333,13.17070000,1135.00,127.359
132,1,132,-1565.804628157034,-4716.467077702793,2019-07-22T11:48:54Z,46.27248333,13.17073333,1136.00,127.344
133,1,133,-1564.804628157034,-4715.467077702793,2019-07-22T11:48:55Z,46.27265000,13.17073333,1137.00,127.326
134,1,134,-1563.804628157034,-4714.467077702793,2019-07-22T11:48:56Z,46.27280000,13.17071667,1140.00,127.31
135,1,135,-1562.804628157034,-4713.467077702793,2019-07-22T11:48:57Z,46.27293333,13.17070000,1145.00,127.295
136,1,136,-1561.804628157034,-4712.467077702793,2019-07-22T11:48:58Z,46.27308333,13.17065000,1146.00,127.278
137,1,137,-1560.804628157034,-4711.467077702793,2019-07-22T11:48:59Z,46.27323333,13.17055000,1145.00,127.26
138,1,138,-1559.804628157034,-4710.467077702793,2019-07-22T11:49:00Z,46.27335000,13.17043333,1146.00,127.245
139,1,139,-1558.804628157034,-4709.467077702793,2019-07-22T11:49:01Z,46.27346667,13.17031667,1148.00,127.23
140,1,140,-1557.804628157034,-4708.467077702793,2019-07-22T11:49:02Z,46.27355000,13.17015000,1149.00,127.218
141,1,141,-1556.804628157034,-4707.467077702793,2019-07-22T11:49:03Z,46.27361667,13.16996667,1149.00,127.206
142,1,142,-1555.804628157034,-4706.467077702793,2019-07-22T11:49:04Z,46.27363333,13.16980000,1151.00,127.201
143,1,143,-1554.804628157034,-4705.467077702793,2019-07-22T11:49:05Z,46.27365000,13.16965000,1154.00,127.196
144,1,144,-1553.804628157034,-4704.467077702793,2019-07-22T11:49:06Z,46.27361667,13.16951667,1153.00,127.196
145,1,145,-1552.804628157034,-4703.467077702793,2019-07-22T11:49:07Z,46.27355000,13.16943333,1154.00,127.202
146,1,146,-1551.804628157034,-4702.467077702793,2019-07-22T11:49:08Z,46.27345000,13.16941667,1155.00,127.212
147,1,147,-1550.804628157034,-4701.467077702793,2019-07-22T11:49:09Z,46.27335000,13.16946667,1155.00,127.224
148,1,148,-1549.804628157034,-4700.467077702793,2019-07-22T11:49:10Z,46.27325000,13.16956667,1156.00,127.236
149,1,149,-1548.804628157034,-4699.467077702793,2019-07-22T11:49:11Z,46.27316667,13.16970000,1155.00,127.248
150,1,150,-1547.804628157034,-4698.467077702793,2019-07-22T11:49:12Z,46.27310000,13.16988333,1155.00,127.26
151,1,151,-1546.804628157034,-4697.467077702793,2019-07-22T11:49:13Z,46.27306667,13.17008333,1155.00,127.268
152,1,152,-1545.804628157034,-4696.467077702793,2019-07-22T11:49:14Z,46.27305000,13.17030000,1156.00,127.274
153,1,153,-1544.804628157034,-4695.467077702793,2019-07-22T11:49:15Z,46.27308333,13.17053333,1157.00,127.276
154,1,154,-1543.804628157034,-4694.467077702793,2019-07-22T11:49:16Z,46.27316667,13.17075000,1157.00,127.272
155,1,155,-1542.804628157034,-4693.467077702793,2019-07-22T11:49:17Z,46.27326667,13.17093333,1159.00,127.265
156,1,156,-1541.804628157034,-4692.467077702793,2019-07-22T11:49:18Z,46.27340000,13.17110000,1162.00,127.255
157,1,157,-1540.804628157034,-4691.467077702793,2019-07-22T11:49:19Z,46.27355000,13.17120000,1164.00,127.241
158,1,158,-1539.804628157034,-4690.467077702793,2019-07-22T11:49:20Z,46.27371667,13.17125000,1167.00,127.224
159,1,159,-1538.804628157034,-4689.467077702793,2019-07-22T11:49:21Z,46.27388333,13.17123333,1170.00,127.206
160,1,160,-1537.804628157034,-4688.467077702793,2019-07-22T11:49:22Z,46.27403333,13.17118333,1174.00,127.189
161,1,161,-1536.804628157034,-4687.467077702793,2019-07-22T11:49:23Z,46.27416667,13.17110000,1176.00,127.173
162,1,162,-1535.804628157034,-4686.467077702793,2019-07-22T11:49:24Z,46.27428333,13.17096667,1177.00,127.158
163,1,163,-1534.804628157034,-4685.467077702793,2019-07-22T11:49:25Z,46.27436667,13.17083333,1179.00,127.146
164,1,164,-1533.804628157034,-4684.467077702793,2019-07-22T11:49:26Z,46.27443333,13.17066667,1180.00,127.135
165,1,165,-1532.804628157034,-4683.467077702793,2019-07-22T11:49:27Z,46.27446667,13.17051667,1182.00,127.128
166,1,166,-1531.804628157034,-4682.467077702793,2019-07-22T11:49:28Z,46.27450000,13.17038333,1183.00,127.122
167,1,167,-1530.804628157034,-4681.467077702793,2019-07-22T11:49:29Z,46.27446667,13.17028333,1185.00,127.123
168,1,168,-1529.804628157034,-4680.467077702793,2019-07-22T11:49:30Z,46.27440000,13.17020000,1186.00,127.128
169,1,169,-1528.804628157034,-4679.467077702793,2019-07-22T11:49:31Z,46.27431667,13.17015000,1186.00,127.136
170,1,170,-1527.804628157034,-4678.467077702793,2019-07-22T11:49:32Z,46.27421667,13.17015000,1185.00,127.147
171,1,171,-1526.804628157034,-4677.467077702793,2019-07-22T11:49:33Z,46.27411667,13.17020000,1185.00,127.158
172,1,172,-1525.804628157034,-4676.467077702793,2019-07-22T11:49:34Z,46.27401667,13.17026667,1185.00,127.171
173,1,173,-1524.804628157034,-4675.467077702793,2019-07-22T11:49:35Z,46.27391667,13.17040000,1186.00,127.184
174,1,174,-1523.804628157034,-4674.467077702793,2019-07-22T11:49:36Z,46.27385000,13.17055000,1186.00,127.195
175,1,175,-1522.804628157034,-4673.467077702793,2019-07-22T11:49:37Z,46.27378333,13.17073333,1186.00,127.206
176,1,176,-1521.804628157034,-4672.467077702793,2019-07-22T11:49:38Z,46.27373333,13.17090000,1188.00,127.215
177,1,177,-1520.804628157034,-4671.467077702793,2019-07-22T11:49:39Z,46.27368333,13.17108333,1189.00,127.224
178,1,178,-1519.804628157034,-4670.467077702793,2019-07-22T11:49:40Z,46.27365000,13.17126667,1191.00,127.232
179,1,179,-1518.804628157034,-4669.467077702793,2019-07-22T11:49:41Z,46.27363333,13.17145000,1193.00,127.238
180,1,180,-1517.804628157034,-4668.467077702793,2019-07-22T11:49:42Z,46.27363333,13.17165000,1195.00,127.242
181,1,181,-1516.804628157034,-4667.467077702793,2019-07-22T11:49:43Z,46.27365000,13.17186667,1197.00,127.245
182,1,182,-1515.804628157034,-4666.467077702793,2019-07-22T11:49:44Z,46.27370000,13.17206667,1200.00,127.245
183,1,183,-1514.804628157034,-4665.467077702793,2019-07-22T11:49:45Z,46.27376667,13.17226667,1203.00,127.242
184,1,184,-1513.804628157034,-4664.467077702793,2019-07-22T11:49:46Z,46.27385000,13.17243333,1205.00,127.237
185,1,185,-1512.804628157034,-4663.467077702793,2019-07-22T11:49:47Z,46.27395000,13.17256667,1207.00,127.229
186,1,186,-1511.804628157034,-4662.467077702793,2019-07-22T11:49:48Z,46.27408333,13.17266667,1208.00,127.218
187,1,187,-1510.804628157034,-4661.467077702793,2019-07-22T11:49:49Z,46.27421667,13.17271667,1208.00,127.205
188,1,188,-1509.804628157034,-4660.467077702793,2019-07-22T11:49:50Z,46.27436667,13.17271667,1206.00,127.189
189,1,189,-1508.804628157034,-4659.467077702793,2019-07-22T11:49:51Z,46.27450000,13.17266667,1206.00,127.173
190,1,190,-1507.804628157034,-4658.467077702793,2019-07-22T11:49:52Z,46.27463333,13.17261667,1207.00,127.158
191,1,191,-1506.804628157034,-4657.467077702793,2019-07-22T11:49:53Z,46.27475000,13.17253333,1209.00,127.144
192,1,192,-1505.804628157034,-4656.467077702793,2019-07-22T11:49:54Z,46.27486667,13.17243333,1210.00,127.129
193,1,193,-1504.804628157034,-4655.467077702793,2019-07-22T11:49:55Z,46.27496667,13.17230000,1210.00,127.115
194,1,194,-1503.804628157034,-4654.467077702793,2019-07-22T11:49:56Z,46.27505000,13.17215000,1210.00,127.103
195,1,195,-1502.804628157034,-4653.467077702793,2019-07-22T11:49:57Z,46.27510000,13.17196667,1210.00,127.094
196,1,196,-1501.804628157034,-4652.467077702793,2019-07-22T11:49:58Z,46.27516667,13.17180000,1211.00,127.083
197,1,197,-1500.804628157034,-4651.467077702793,2019-07-22T11:49:59Z,46.27521667,13.17161667,1213.00,127.073
198,1,198,-1499.804628157034,-4650.467077702793,2019-07-22T11:50:00Z,46.27525000,13.17145000,1214.00,127.066
199,1,199,-1498.804628157034,-4649.467077702793,2019-07-22T11:50:01Z,46.27528333,13.17130000,1214.00,127.059
200,1,200,-1497.804628157034,-4648.467077702793,2019-07-22T11:50:02Z,46.27531667,13.17115000,1214.00,127.052
201,1,201,-1496.804628157034,-4647.467077702793,2019-07-22T11:50:03Z,46.27533333,13.17100000,1215.00,127.047
202,1,202,-1495.804628157034,-4646.467077702793,2019-07-22T11:50:04Z,46.27535000,13.17085000,1216.00,127.042
203,1,203,-1494.804628157034,-4645.467077702793,2019-07-22T11:50:05Z,46.27538333,13.17068333,1218.00,127.035
204,1,204,-1493.804628157034,-4644.467077702793,2019-07-22T11:50:06Z,46.27541667,13.17053333,1220.00,127.028
205,1,205,-1492.804628157034,-4643.467077702793,2019-07-22T11:50:07Z,46.27546667,13.17036667,1222.00,127.019
206,1,206,-1491.804628157034,-4642.467077702793,2019-07-22T11:50:08Z,46.27551667,13.17021667,1224.00,127.01
207,1,207,-1490.804628157034,-4641.467077702793,2019-07-22T11:50:09Z,46.27556667,13.17005000,1227.00,127.001
208,1,208,-1489.804628157034,-4640.467077702793,2019-07-22T11:50:10Z,46.27558333,13.16988333,1228.00,126.995
209,1,209,-1488.804628157034,-4639.467077702793,2019-07-22T11:50:11Z,46.27560000,13.16971667,1232.00,126.99
210,1,210,-1487.804628157034,-4638.467077702793,2019-07-22T11:50:12Z,46.27558333,13.16956667,1236.00,126.988
211,1,211,-1486.804628157034,-4637.467077702793,2019-07-22T11:50:13Z,46.27553333,13.16945000,1240.00,126.991
212,1,212,-1485.804628157034,-4636.467077702793,2019-07-22T11:50:14Z,46.27550000,13.16935000,1243.00,126.992
213,1,213,-1484.804628157034,-4635.467077702793,2019-07-22T11:50:15Z,46.27540000,13.16930000,1245.00,127.002
214,1,214,-1483.804628157034,-4634.467077702793,2019-07-22T11:50:16Z,46.27530000,13.16930000,1247.00,127.012
215,1,215,-1482.804628157034,-4633.467077702793,2019-07-22T11:50:17Z,46.27520000,13.16935000,1249.00,127.024
216,1,216,-1481.804628157034,-4632.467077702793,2019-07-22T11:50:18Z,46.27513333,13.16946667,1251.00,127.034
217,1,217,-1480.804628157034,-4631.467077702793,2019-07-22T11:50:19Z,46.27510000,13.16963333,1254.00,127.041
218,1,218,-1479.804628157034,-4630.467077702793,2019-07-22T11:50:20Z,46.27508333,13.16983333,1256.00,127.047
219,1,219,-1478.804628157034,-4629.467077702793,2019-07-22T11:50:21Z,46.27511667,13.17003333,1258.00,127.048
220,1,220,-1477.804628157034,-4628.467077702793,2019-07-22T11:50:22Z,46.27516667,13.17023333,1260.00,127.047
221,1,221,-1476.804628157034,-4627.467077702793,2019-07-22T11:50:23Z,46.27525000,13.17045000,1261.00,127.043
222,1,222,-1475.804628157034,-4626.467077702793,2019-07-22T11:50:24Z,46.27536667,13.17063333,1262.00,127.035
223,1,223,-1474.804628157034,-4625.467077702793,2019-07-22T11:50:25Z,46.27548333,13.17078333,1263.00,127.026
224,1,224,-1473.804628157034,-4624.467077702793,2019-07-22T11:50:26Z,46.27563333,13.17088333,1264.00,127.012
225,1,225,-1472.804628157034,-4623.467077702793,2019-07-22T11:50:27Z,46.27578333,13.17091667,1265.00,126.997
226,1,226,-1471.804628157034,-4622.467077702793,2019-07-22T11:50:28Z,46.27593333,13.17093333,1266.00,126.982
227,1,227,-1470.804628157034,-4621.467077702793,2019-07-22T11:50:29Z,46.27608333,13.17081667,1268.00,126.963
228,1,228,-1469.804628157034,-4620.467077702793,2019-07-22T11:50:30Z,46.27620000,13.17070000,1270.00,126.948
229,1,229,-1468.804628157034,-4619.467077702793,2019-07-22T11:50:31Z,46.27630000,13.17055000,1272.00,126.934
230,1,230,-1467.804628157034,-4618.467077702793,2019-07-22T11:50:32Z,46.27636667,13.17040000,1275.00,126.924
231,1,231,-1466.804628157034,-4617.467077702793,2019-07-22T11:50:33Z,46.27640000,13.17025000,1276.00,126.917
232,1,232,-1465.804628157034,-4616.467077702793,2019-07-22T11:50:34Z,46.27641667,13.17010000,1278.00,126.912
233,1,233,-1464.804628157034,-4615.467077702793,2019-07-22T11:50:35Z,46.27640000,13.16998333,1282.00,126.911
234,1,234,-1463.804628157034,-4614.467077702793,2019-07-22T11:50:36Z,46.27635000,13.16988333,1284.00,126.914
235,1,235,-1462.804628157034,-4613.467077702793,2019-07-22T11:50:37Z,46.27628333,13.16981667,1285.00,126.919
236,1,236,-1461.804628157034,-4612.467077702793,2019-07-22T11:50:38Z,46.27620000,13.16978333,1287.00,126.927
237,1,237,-1460.804628157034,-4611.467077702793,2019-07-22T11:50:39Z,46.27610000,13.16980000,1289.00,126.938
238,1,238,-1459.804628157034,-4610.467077702793,2019-07-22T11:50:40Z,46.27600000,13.16986667,1292.00,126.951
239,1,239,-1458.804628157034,-4609.467077702793,2019-07-22T11:50:41Z,46.27591667,13.16998333,1295.00,126.962
240,1,240,-1457.804628157034,-4608.467077702793,2019-07-22T11:50:42Z,46.27585000,13.17011667,1298.00,126.972
241,1,241,-1456.804628157034,-4607.467077702793,2019-07-22T11:50:43Z,46.27583333,13.17030000,1301.00,126.978
242,1,242,-1455.804628157034,-4606.467077702793,2019-07-22T11:50:44Z,46.27581667,13.17051667,1305.00,126.985
243,1,243,-1454.804628157034,-4605.467077702793,2019-07-22T11:50:45Z,46.27583333,13.17071667,1307.00,126.987
244,1,244,-1453.804628157034,-4604.467077702793,2019-07-22T11:50:46Z,46.27586667,13.17090000,1309.00,126.988
245,1,245,-1452.804628157034,-4603.467077702793,2019-07-22T11:50:47Z,46.27593333,13.17110000,1310.00,126.986
246,1,246,-1451.804628157034,-4602.467077702793,2019-07-22T11:50:48Z,46.27603333,13.17130000,1309.00,126.979
247,1,247,-1450.804628157034,-4601.467077702793,2019-07-22T11:50:49Z,46.27618333,13.17145000,1308.00,126.967
248,1,248,-1449.804628157034,-4600.467077702793,2019-07-22T11:50:50Z,46.27633333,13.17155000,1306.00,126.953
249,1,249,-1448.804628157034,-4599.467077702793,2019-07-22T11:50:51Z,46.27650000,13.17158333,1305.00,126.936
250,1,250,-1447.804628157034,-4598.467077702793,2019-07-22T11:50:52Z,46.27668333,13.17158333,1305.00,126.917
251,1,251,-1446.804628157034,-4597.467077702793,2019-07-22T11:50:53Z,46.27685000,13.17150000,1306.00,126.897
252,1,252,-1445.804628157034,-4596.467077702793,2019-07-22T11:50:54Z,46.27701667,13.17143333,1309.00,126.878
253,1,253,-1444.804628157034,-4595.467077702793,2019-07-22T11:50:55Z,46.27713333,13.17133333,1313.00,126.863
254,1,254,-1443.804628157034,-4594.467077702793,2019-07-22T11:50:56Z,46.27725000,13.17121667,1316.00,126.848
255,1,255,-1442.804628157034,-4593.467077702793,2019-07-22T11:50:57Z,46.27736667,13.17108333,1318.00,126.833
256,1,256,-1441.804628157034,-4592.467077702793,2019-07-22T11:50:58Z,46.27745000,13.17093333,1318.00,126.821
257,1,257,-1440.804628157034,-4591.467077702793,2019-07-22T11:50:59Z,46.27751667,13.17076667,1320.00,126.81
258,1,258,-1439.804628157034,-4590.467077702793,2019-07-22T11:51:00Z,46.27756667,13.17061667,1323.00,126.801
259,1,259,-1438.804628157034,-4589.467077702793,2019-07-22T11:51:01Z,46.27758333,13.17046667,1326.00,126.796
260,1,260,-1437.804628157034,-4588.467077702793,2019-07-22T11:51:02Z,46.27760000,13.17031667,1329.00,126.791
261,1,261,-1436.804628157034,-4587.467077702793,2019-07-22T11:51:03Z,46.27760000,13.17016667,1331.00,126.787
262,1,262,-1435.804628157034,-4586.467077702793,2019-07-22T11:51:04Z,46.27756667,13.17005000,1332.00,126.788
263,1,263,-1434.804628157034,-4585.467077702793,2019-07-22T11:51:05Z,46.27751667,13.16993333,1334.00,126.791
264,1,264,-1433.804628157034,-4584.467077702793,2019-07-22T11:51:06Z,46.27745000,13.16983333,1335.00,126.796
265,1,265,-1432.804628157034,-4583.467077702793,2019-07-22T11:51:07Z,46.27736667,13.16975000,1335.00,126.803
266,1,266,-1431.804628157034,-4582.467077702793,2019-07-22T11:51:08Z,46.27726667,13.16970000,1335.00,126.812
267,1,267,-1430.804628157034,-4581.467077702793,2019-07-22T11:51:09Z,46.27716667,13.16965000,1337.00,126.822
268,1,268,-1429.804628157034,-4580.467077702793,2019-07-22T11:51:10Z,46.27705000,13.16965000,1339.00,126.834
269,1,269,-1428.804628157034,-4579.467077702793,2019-07-22T11:51:11Z,46.27693333,13.16966667,1339.00,126.847
270,1,270,-1427.804628157034,-4578.467077702793,2019-07-22T11:51:12Z,46.27683333,13.16973333,1342.00,126.859
271,1,271,-1426.804628157034,-4577.467077702793,2019-07-22T11:51:13Z,46.27675000,13.16985000,1346.00,126.87
272,1,272,-1425.804628157034,-4576.467077702793,2019-07-22T11:51:14Z,46.27668333,13.16996667,1350.00,126.88
273,1,273,-1424.804628157034,-4575.467077702793,2019-07-22T11:51:15Z,46.27661667,13.17011667,1353.00,126.891
274,1,274,-1423.804628157034,-4574.467077702793,2019-07-22T11:51:16Z,46.27656667,13.17030000,1354.00,126.9
275,1,275,-1422.804628157034,-4573.467077702793,2019-07-22T11:51:17Z,46.27656667,13.17051667,1355.00,126.905
276,1,276,-1421.804628157034,-4572.467077702793,2019-07-22T11:51:18Z,46.27658333,13.17073333,1357.00,126.908
277,1,277,-1420.804628157034,-4571.467077702793,2019-07-22T11:51:19Z,46.27663333,13.17095000,1358.00,126.908
278,1,278,-1419.804628157034,-4570.467077702793,2019-07-22T11:51:20Z,46.27671667,13.17116667,1359.00,126.904
279,1,279,-1418.804628157034,-4569.467077702793,2019-07-22T11:51:21Z,46.27681667,13.17136667,1362.00,126.898
280,1,280,-1417.804628157034,-4568.467077702793,2019-07-22T11:51:22Z,46.27691667,13.17155000,1366.00,126.891
281,1,281,-1416.804628157034,-4567.467077702793,2019-07-22T11:51:23Z,46.27703333,13.17171667,1370.00,126.883
282,1,282,-1415.804628157034,-4566.467077702793,2019-07-22T11:51:24Z,46.27715000,13.17188333,1372.00,126.874
283,1,283,-1414.804628157034,-4565.467077702793,2019-07-22T11:51:25Z,46.27728333,13.17200000,1373.00,126.863
284,1,284,-1413.804628157034,-4564.467077702793,2019-07-22T11:51:26Z,46.27745000,13.17208333,1374.00,126.847
285,1,285,-1412.804628157034,-4563.467077702793,2019-07-22T11:51:27Z,46.27761667,13.17211667,1376.00,126.83
286,1,286,-1411.804628157034,-4562.467077702793,2019-07-22T11:51:28Z,46.27778333,13.17210000,1377.00,126.812
287,1,287,-1410.804628157034,-4561.467077702793,2019-07-22T11:51:29Z,46.27793333,13.17205000,1380.00,126.795
288,1,288,-1409.804628157034,-4560.467077702793,2019-07-22T11:51:30Z,46.27806667,13.17196667,1382.00,126.779
289,1,289,-1408.804628157034,-4559.467077702793,2019-07-22T11:51:31Z,46.27818333,13.17185000,1385.00,126.764
290,1,290,-1407.804628157034,-4558.467077702793,2019-07-22T11:51:32Z,46.27828333,13.17171667,1389.00,126.75
291,1,291,-1406.804628157034,-4557.467077702793,2019-07-22T11:51:33Z,46.27835000,13.17158333,1392.00,126.74
292,1,292,-1405.804628157034,-4556.467077702793,2019-07-22T11:51:34Z,46.27838333,13.17141667,1394.00,126.733
293,1,293,-1404.804628157034,-4555.467077702793,2019-07-22T11:51:35Z,46.27838333,13.17126667,1395.00,126.729
294,1,294,-1403.804628157034,-4554.467077702793,2019-07-22T11:51:36Z,46.27835000,13.17115000,1396.00,126.73
295,1,295,-1402.804628157034,-4553.467077702793,2019-07-22T11:51:37Z,46.27826667,13.17105000,1397.00,126.737
296,1,296,-1401.804628157034,-4552.467077702793,2019-07-22T11:51:38Z,46.27816667,13.17100000,1399.00,126.746
297,1,297,-1400.804628157034,-4551.467077702793,2019-07-22T11:51:39Z,46.27805000,13.17100000,1401.00,126.758
298,1,298,-1399.804628157034,-4550.467077702793,2019-07-22T11:51:40Z,46.27795000,13.17106667,1402.00,126.771
299,1,299,-1398.804628157034,-4549.467077702793,2019-07-22T11:51:41Z,46.27786667,13.17116667,1405.00,126.782
300,1,300,-1397.804628157034,-4548.467077702793,2019-07-22T11:51:42Z,46.27778333,13.17130000,1408.00,126.794
301,1,301,-1396.804628157034,-4547.467077702793,2019-07-22T11:51:43Z,46.27771667,13.17146667,1410.00,126.804
302,1,302,-1395.804628157034,-4546.467077702793,2019-07-22T11:51:44Z,46.27768333,13.17168333,1411.00,126.813
303,1,303,-1394.804628157034,-4545.467077702793,2019-07-22T11:51:45Z,46.27766667,13.17191667,1412.00,126.82
304,1,304,-1393.804628157034,-4544.467077702793,2019-07-22T11:51:46Z,46.27766667,13.17218333,1414.00,126.826
305,1,305,-1392.804628157034,-4543.467077702793,2019-07-22T11:51:47Z,46.27771667,13.17241667,1417.00,126.826
306,1,306,-1391.804628157034,-4542.467077702793,2019-07-22T11:51:48Z,46.27780000,13.17261667,1420.00,126.822
307,1,307,-1390.804628157034,-4541.467077702793,2019-07-22T11:51:49Z,46.27790000,13.17280000,1422.00,126.816
308,1,308,-1389.804628157034,-4540.467077702793,2019-07-22T11:51:50Z,46.27803333,13.17293333,1424.00,126.804
309,1,309,-1388.804628157034,-4539.467077702793,2019-07-22T11:51:51Z,46.27816667,13.17303333,1427.00,126.793
310,1,310,-1387.804628157034,-4538.467077702793,2019-07-22T11:51:52Z,46.27831667,13.17308333,1427.00,126.778
311,1,311,-1386.804628157034,-4537.467077702793,2019-07-22T11:51:53Z,46.27846667,13.17306667,1426.00,126.762
312,1,312,-1385.804628157034,-4536.467077702793,2019-07-22T11:51:54Z,46.27860000,13.17298333,1426.00,126.746
313,1,313,-1384.804628157034,-4535.467077702793,2019-07-22T11:51:55Z,46.27873333,13.17283333,1427.00,126.728
314,1,314,-1383.804628157034,-4534.467077702793,2019-07-22T11:51:56Z,46.27881667,13.17266667,1429.00,126.715
315,1,315,-1382.804628157034,-4533.467077702793,2019-07-22T11:51:57Z,46.27886667,13.17251667,1433.00,126.706
316,1,316,-1381.804628157034,-4532.467077702793,2019-07-22T11:51:58Z,46.27890000,13.17236667,1436.00,126.7
317,1,317,-1380.804628157034,-4531.467077702793,2019-07-22T11:51:59Z,46.27891667,13.17221667,1439.00,126.694
318,1,318,-1379.804628157034,-4530.467077702793,2019-07-22T11:52:00Z,46.27891667,13.17208333,1441.00,126.691
319,1,319,-1378.804628157034,-4529.467077702793,2019-07-22T11:52:01Z,46.27888333,13.17195000,1443.00,126.692
320,1,320,-1377.804628157034,-4528.467077702793,2019-07-22T11:52:02Z,46.27880000,13.17183333,1444.00,126.698
321,1,321,-1376.804628157034,-4527.467077702793,2019-07-22T11:52:03Z,46.27871667,13.17176667,1445.00,126.705
322,1,322,-1375.804628157034,-4526.467077702793,2019-07-22T11:52:04Z,46.27861667,13.17175000,1447.00,126.715
323,1,323,-1374.804628157034,-4525.467077702793,2019-07-22T11:52:05Z,46.27851667,13.17176667,1449.00,126.726
324,1,324,-1373.804628157034,-4524.467077702793,2019-07-22T11:52:06Z,46.27841667,13.17181667,1452.00,126.738
325,1,325,-1372.804628157034,-4523.467077702793,2019-07-22T11:52:07Z,46.27831667,13.17190000,1453.00,126.751
326,1,326,-1371.804628157034,-4522.467077702793,2019-07-22T11:52:08Z,46.27823333,13.17201667,1455.00,126.762
327,1,327,-1370.804628157034,-4521.467077702793,2019-07-22T11:52:09Z,46.27815000,13.17216667,1457.00,126.774
328,1,328,-1369.804628157034,-4520.467077702793,2019-07-22T11:52:10Z,46.27810000,13.17235000,1459.00,126.784
329,1,329,-1368.804628157034,-4519.467077702793,2019-07-22T11:52:11Z,46.27808333,13.17256667,1460.00,126.791
330,1,330,-1367.804628157034,-4518.467077702793,2019-07-22T11:52:12Z,46.27808333,13.17278333,1461.00,126.796
331,1,331,-1366.804628157034,-4517.467077702793,2019-07-22T11:52:13Z,46.27813333,13.17300000,1463.00,126.795
332,1,332,-1365.804628157034,-4516.467077702793,2019-07-22T11:52:14Z,46.27820000,13.17321667,1464.00,126.793
333,1,333,-1364.804628157034,-4515.467077702793,2019-07-22T11:52:15Z,46.27830000,13.17338333,1465.00,126.787
334,1,334,-1363.804628157034,-4514.467077702793,2019-07-22T11:52:16Z,46.27841667,13.17351667,1467.00,126.777
335,1,335,-1362.804628157034,-4513.467077702793,2019-07-22T11:52:17Z,46.27855000,13.17360000,1467.00,126.765
336,1,336,-1361.804628157034,-4512.467077702793,2019-07-22T11:52:18Z,46.27870000,13.17363333,1468.00,126.75
337,1,337,-1360.804628157034,-4511.467077702793,2019-07-22T11:52:19Z,46.27883333,13.17360000,1468.00,126.735
338,1,338,-1359.804628157034,-4510.467077702793,2019-07-22T11:52:20Z,46.27898333,13.17353333,1467.00,126.718
339,1,339,-1358.804628157034,-4509.467077702793,2019-07-22T11:52:21Z,46.27910000,13.17340000,1466.00,126.702
340,1,340,-1357.804628157034,-4508.467077702793,2019-07-22T11:52:22Z,46.27920000,13.17325000,1467.00,126.688
341,1,341,-1356.804628157034,-4507.467077702793,2019-07-22T11:52:23Z,46.27926667,13.17308333,1469.00,126.677
342,1,342,-1355.804628157034,-4506.467077702793,2019-07-22T11:52:24Z,46.27931667,13.17290000,1470.00,126.668
343,1,343,-1354.804628157034,-4505.467077702793,2019-07-22T11:52:25Z,46.27933333,13.17271667,1471.00,126.662
344,1,344,-1353.804628157034,-4504.467077702793,2019-07-22T11:52:26Z,46.27935000,13.17253333,1472.00,126.656
345,1,345,-1352.804628157034,-4503.467077702793,2019-07-22T11:52:27Z,46.27933333,13.17235000,1474.00,126.653
346,1,346,-1351.804628157034,-4502.467077702793,2019-07-22T11:52:28Z,46.27930000,13.17220000,1477.00,126.653
347,1,347,-1350.804628157034,-4501.467077702793,2019-07-22T11:52:29Z,46.27926667,13.17205000,1480.00,126.653
348,1,348,-1349.804628157034,-4500.467077702793,2019-07-22T11:52:30Z,46.27921667,13.17191667,1484.00,126.656
349,1,349,-1348.804628157034,-4499.467077702793,2019-07-22T11:52:31Z,46.27916667,13.17178333,1487.00,126.658
350,1,350,-1347.804628157034,-4498.467077702793,2019-07-22T11:52:32Z,46.27911667,13.17165000,1488.00,126.66
351,1,351,-1346.804628157034,-4497.467077702793,2019-07-22T11:52:33Z,46.27906667,13.17151667,1489.00,126.662
352,1,352,-1345.804628157034,-4496.467077702793,2019-07-22T11:52:34Z,46.27900000,13.17138333,1490.00,126.666
353,1,353,-1344.804628157034,-4495.467077702793,2019-07-22T11:52:35Z,46.27891667,13.17126667,1491.00,126.672
354,1,354,-1343.804628157034,-4494.467077702793,2019-07-22T11:52:36Z,46.27880000,13.17120000,1492.00,126.683
355,1,355,-1342.804628157034,-4493.467077702793,2019-07-22T11:52:37Z,46.27870000,13.17120000,1494.00,126.694
356,1,356,-1341.804628157034,-4492.467077702793,2019-07-22T11:52:38Z,46.27858333,13.17123333,1496.00,126.707
357,1,357,-1340.804628157034,-4491.467077702793,2019-07-22T11:52:39Z,46.27848333,13.17131667,1498.00,126.72
358,1,358,-1339.804628157034,-4490.467077702793,2019-07-22T11:52:40Z,46.27840000,13.17141667,1498.00,126.731
359,1,359,-1338.804628157034,-4489.467077702793,2019-07-22T11:52:41Z,46.27831667,13.17155000,1499.00,126.743
360,1,360,-1337.804628157034,-4488.467077702793,2019-07-22T11:52:42Z,46.27825000,13.17171667,1500.00,126.754
361,1,361,-1336.804628157034,-4487.467077702793,2019-07-22T11:52:43Z,46.27818333,13.17190000,1499.00,126.765
362,1,362,-1335.804628157034,-4486.467077702793,2019-07-22T11:52:44Z,46.27815000,13.17210000,1497.00,126.773
363,1,363,-1334.804628157034,-4485.467077702793,2019-07-22T11:52:45Z,46.27811667,13.17231667,1497.00,126.781
364,1,364,-1333.804628157034,-4484.467077702793,2019-07-22T11:52:46Z,46.27808333,13.17253333,1497.00,126.79
365,1,365,-1332.804628157034,-4483.467077702793,2019-07-22T11:52:47Z,46.27805000,13.17273333,1499.00,126.798
366,1,366,-1331.804628157034,-4482.467077702793,2019-07-22T11:52:48Z,46.27801667,13.17291667,1501.00,126.806
367,1,367,-1330.804628157034,-4481.467077702793,2019-07-22T11:52:49Z,46.27800000,13.17308333,1502.00,126.811
368,1,368,-1329.804628157034,-4480.467077702793,2019-07-22T11:52:50Z,46.27796667,13.17326667,1501.00,126.819
369,1,369,-1328.804628157034,-4479.467077702793,2019-07-22T11:52:51Z,46.27795000,13.17345000,1502.00,126.825
370,1,370,-1327.804628157034,-4478.467077702793,2019-07-22T11:52:52Z,46.27793333,13.17365000,1502.00,126.832
371,1,371,-1326.804628157034,-4477.467077702793,2019-07-22T11:52:53Z,46.27791667,13.17383333,1501.00,126.838
372,1,372,-1325.804628157034,-4476.467077702793,2019-07-22T11:52:54Z,46.27791667,13.17401667,1500.00,126.842
373,1,373,-1324.804628157034,-4475.467077702793,2019-07-22T11:52:55Z,46.27791667,13.17420000,1498.00,126.846
374,1,374,-1323.804628157034,-4474.467077702793,2019-07-22T11:52:56Z,46.27793333,13.17440000,1499.00,126.849
375,1,375,-1322.804628157034,-4473.467077702793,2019-07-22T11:52:57Z,46.27795000,13.17461667,1498.00,126.852
376,1,376,-1321.804628157034,-4472.467077702793,2019-07-22T11:52:58Z,46.27798333,13.17481667,1496.00,126.854
377,1,377,-1320.804628157034,-4471.467077702793,2019-07-22T11:52:59Z,46.27798333,13.17503333,1496.00,126.859
378,1,378,-1319.804628157034,-4470.467077702793,2019-07-22T11:53:00Z,46.27800000,13.17523333,1497.00,126.862
379,1,379,-1318.804628157034,-4469.467077702793,2019-07-22T11:53:01Z,46.27803333,13.17545000,1498.00,126.863
380,1,380,-1317.804628157034,-4468.467077702793,2019-07-22T11:53:02Z,46.27806667,13.17563333,1498.00,126.864
381,1,381,-1316.804628157034,-4467.467077702793,2019-07-22T11:53:03Z,46.27810000,13.17581667,1499.00,126.865
382,1,382,-1315.804628157034,-4466.467077702793,2019-07-22T11:53:04Z,46.27813333,13.17600000,1499.00,126.865
383,1,383,-1314.804628157034,-4465.467077702793,2019-07-22T11:53:05Z,46.27816667,13.17618333,1499.00,126.866
384,1,384,-1313.804628157034,-4464.467077702793,2019-07-22T11:53:06Z,46.27818333,13.17636667,1498.00,126.869
385,1,385,-1312.804628157034,-4463.467077702793,2019-07-22T11:53:07Z,46.27821667,13.17653333,1497.00,126.869
386,1,386,-1311.804628157034,-4462.467077702793,2019-07-22T11:53:08Z,46.27823333,13.17671667,1494.00,126.872
387,1,387,-1310.804628157034,-4461.467077702793,2019-07-22T11:53:09Z,46.27826667,13.17691667,1491.00,126.873
388,1,388,-1309.804628157034,-4460.467077702793,2019-07-22T11:53:10Z,46.27828333,13.17711667,1489.00,126.876
389,1,389,-1308.804628157034,-4459.467077702793,2019-07-22T11:53:11Z,46.27831667,13.17733333,1486.00,126.878
390,1,390,-1307.804628157034,-4458.467077702793,2019-07-22T11:53:12Z,46.27833333,13.17755000,1485.00,126.881
391,1,391,-1306.804628157034,-4457.467077702793,2019-07-22T11:53:13Z,46.27835000,13.17773333,1487.00,126.884
392,1,392,-1305.804628157034,-4456.467077702793,2019-07-22T11:53:14Z,46.27836667,13.17791667,1489.00,126.886
393,1,393,-1304.804628157034,-4455.467077702793,2019-07-22T11:53:15Z,46.27838333,13.17810000,1488.00,126.889
394,1,394,-1303.804628157034,-4454.467077702793,2019-07-22T11:53:16Z,46.27840000,13.17830000,1488.00,126.892
395,1,395,-1302.804628157034,-4453.467077702793,2019-07-22T11:53:17Z,46.27841667,13.17851667,1487.00,126.895
396,1,396,-1301.804628157034,-4452.467077702793,2019-07-22T11:53:18Z,46.27843333,13.17873333,1487.00,126.899
397,1,397,-1300.804628157034,-4451.467077702793,2019-07-22T11:53:19Z,46.27845000,13.17893333,1489.00,126.902
398,1,398,-1299.804628157034,-4450.467077702793,2019-07-22T11:53:20Z,46.27848333,13.17913333,1492.00,126.903
399,1,399,-1298.804628157034,-4449.467077702793,2019-07-22T11:53:21Z,46.27851667,13.17933333,1494.00,126.905
400,1,400,-1297.804628157034,-4448.467077702793,2019-07-22T11:53:22Z,46.27855000,13.17955000,1496.00,126.906
401,1,401,-1296.804628157034,-4447.467077702793,2019-07-22T11:53:23Z,46.27858333,13.17975000,1497.00,126.908
402,1,402,-1295.804628157034,-4446.467077702793,2019-07-22T11:53:24Z,46.27860000,13.17995000,1497.00,126.911
403,1,403,-1294.804628157034,-4445.467077702793,2019-07-22T11:53:25Z,46.27861667,13.18013333,1498.00,126.913
404,1,404,-1293.804628157034,-4444.467077702793,2019-07-22T11:53:26Z,46.27863333,13.18031667,1498.00,126.916
405,1,405,-1292.804628157034,-4443.467077702793,2019-07-22T11:53:27Z,46.27866667,13.18051667,1497.00,126.917
406,1,406,-1291.804628157034,-4442.467077702793,2019-07-22T11:53:28Z,46.27870000,13.18071667,1496.00,126.919
407,1,407,-1290.804628157034,-4441.467077702793,2019-07-22T11:53:29Z,46.27875000,13.18091667,1494.00,126.918
408,1,408,-1289.804628157034,-4440.467077702793,2019-07-22T11:53:30Z,46.27883333,13.18113333,1491.00,126.915
409,1,409,-1288.804628157034,-4439.467077702793,2019-07-22T11:53:31Z,46.27891667,13.18135000,1489.00,126.911
410,1,410,-1287.804628157034,-4438.467077702793,2019-07-22T11:53:32Z,46.27903333,13.18155000,1487.00,126.904
411,1,411,-1286.804628157034,-4437.467077702793,2019-07-22T11:53:33Z,46.27913333,13.18173333,1486.00,126.898
412,1,412,-1285.804628157034,-4436.467077702793,2019-07-22T11:53:34Z,46.27926667,13.18190000,1485.00,126.888
413,1,413,-1284.804628157034,-4435.467077702793,2019-07-22T11:53:35Z,46.27938333,13.18205000,1484.00,126.879
414,1,414,-1283.804628157034,-4434.467077702793,2019-07-22T11:53:36Z,46.27948333,13.18220000,1484.00,126.873
415,1,415,-1282.804628157034,-4433.467077702793,2019-07-22T11:53:37Z,46.27961667,13.18233333,1483.00,126.862
416,1,416,-1281.804628157034,-4432.467077702793,2019-07-22T11:53:38Z,46.27973333,13.18245000,1481.00,126.852
417,1,417,-1280.804628157034,-4431.467077702793,2019-07-22T11:53:39Z,46.27986667,13.18258333,1481.00,126.842
418,1,418,-1279.804628157034,-4430.467077702793,2019-07-22T11:53:40Z,46.28000000,13.18270000,1480.00,126.831
419,1,419,-1278.804628157034,-4429.467077702793,2019-07-22T11:53:41Z,46.28011667,13.18283333,1478.00,126.822
420,1,420,-1277.804628157034,-4428.467077702793,2019-07-22T11:53:42Z,46.28023333,13.18296667,1477.00,126.813
421,1,421,-1276.804628157034,-4427.467077702793,2019-07-22T11:53:43Z,46.28035000,13.18310000,1475.00,126.804
422,1,422,-1275.804628157034,-4426.467077702793,2019-07-22T11:53:44Z,46.28046667,13.18325000,1474.00,126.795
423,1,423,-1274.804628157034,-4425.467077702793,2019-07-22T11:53:45Z,46.28058333,13.18336667,1473.00,126.786
424,1,424,-1273.804628157034,-4424.467077702793,2019-07-22T11:53:46Z,46.28070000,13.18350000,1471.00,126.777
425,1,425,-1272.804628157034,-4423.467077702793,2019-07-22T11:53:47Z,46.28083333,13.18360000,1469.00,126.765
426,1,426,-1271.804628157034,-4422.467077702793,2019-07-22T11:53:48Z,46.28098333,13.18370000,1468.00,126.752
427,1,427,-1270.804628157034,-4421.467077702793,2019-07-22T11:53:49Z,46.28113333,13.18376667,1468.00,126.738
428,1,428,-1269.804628157034,-4420.467077702793,2019-07-22T11:53:50Z,46.28128333,13.18381667,1466.00,126.723
429,1,429,-1268.804628157034,-4419.467077702793,2019-07-22T11:53:51Z,46.28145000,13.18381667,1464.00,126.706
430,1,430,-1267.804628157034,-4418.467077702793,2019-07-22T11:53:52Z,46.28163333,13.18376667,1463.00,126.685
431,1,431,-1266.804628157034,-4417.467077702793,2019-07-22T11:53:53Z,46.28180000,13.18370000,1464.00,126.666
432,1,432,-1265.804628157034,-4416.467077702793,2019-07-22T11:53:54Z,46.28193333,13.18361667,1466.00,126.65
433,1,433,-1264.804628157034,-4415.467077702793,2019-07-22T11:53:55Z,46.28205000,13.18351667,1469.00,126.635
434,1,434,-1263.804628157034,-4414.467077702793,2019-07-22T11:53:56Z,46.28215000,13.18341667,1470.00,126.622
435,1,435,-1262.804628157034,-4413.467077702793,2019-07-22T11:53:57Z,46.28223333,13.18326667,1471.00,126.61
436,1,436,-1261.804628157034,-4412.467077702793,2019-07-22T11:53:58Z,46.28228333,13.18311667,1470.00,126.601
437,1,437,-1260.804628157034,-4411.467077702793,2019-07-22T11:53:59Z,46.28230000,13.18293333,1468.00,126.594
438,1,438,-1259.804628157034,-4410.467077702793,2019-07-22T11:54:00Z,46.28228333,13.18276667,1466.00,126.592
439,1,439,-1258.804628157034,-4409.467077702793,2019-07-22T11:54:01Z,46.28223333,13.18260000,1465.00,126.593
440,1,440,-1257.804628157034,-4408.467077702793,2019-07-22T11:54:02Z,46.28218333,13.18246667,1465.00,126.595
441,1,441,-1256.804628157034,-4407.467077702793,2019-07-22T11:54:03Z,46.28210000,13.18235000,1465.00,126.601
442,1,442,-1255.804628157034,-4406.467077702793,2019-07-22T11:54:04Z,46.28203333,13.18223333,1464.00,126.605
443,1,443,-1254.804628157034,-4405.467077702793,2019-07-22T11:54:05Z,46.28195000,13.18215000,1465.00,126.612
444,1,444,-1253.804628157034,-4404.467077702793,2019-07-22T11:54:06Z,46.28186667,13.18206667,1466.00,126.618
445,1,445,-1252.804628157034,-4403.467077702793,2019-07-22T11:54:07Z,46.28178333,13.18200000,1466.00,126.626
446,1,446,-1251.804628157034,-4402.467077702793,2019-07-22T11:54:08Z,46.28170000,13.18195000,1466.00,126.633
447,1,447,-1250.804628157034,-4401.467077702793,2019-07-22T11:54:09Z,46.28160000,13.18188333,1466.00,126.642
448,1,448,-1249.804628157034,-4400.467077702793,2019-07-22T11:54:10Z,46.28150000,13.18181667,1465.00,126.651
449,1,449,-1248.804628157034,-4399.467077702793,2019-07-22T11:54:11Z,46.28141667,13.18175000,1464.00,126.658
450,1,450,-1247.804628157034,-4398.467077702793,2019-07-22T11:54:12Z,46.28133333,13.18168333,1462.00,126.665
451,1,451,-1246.804628157034,-4397.467077702793,2019-07-22T11:54:13Z,46.28123333,13.18160000,1461.00,126.674
452,1,452,-1245.804628157034,-4396.467077702793,2019-07-22T11:54:14Z,46.28115000,13.18151667,1461.00,126.68
453,1,453,-1244.804628157034,-4395.467077702793,2019-07-22T11:54:15Z,46.28106667,13.18141667,1460.00,126.687
454,1,454,-1243.804628157034,-4394.467077702793,2019-07-22T11:54:16Z,46.28096667,13.18133333,1461.00,126.695
455,1,455,-1242.804628157034,-4393.467077702793,2019-07-22T11:54:17Z,46.28086667,13.18125000,1460.00,126.704
456,1,456,-1241.804628157034,-4392.467077702793,2019-07-22T11:54:18Z,46.28076667,13.18118333,1461.00,126.712
457,1,457,-1240.804628157034,-4391.467077702793,2019-07-22T11:54:19Z,46.28066667,13.18111667,1461.00,126.721
458,1,458,-1239.804628157034,-4390.467077702793,2019-07-22T11:54:20Z,46.28056667,13.18105000,1461.00,126.73
459,1,459,-1238.804628157034,-4389.467077702793,2019-07-22T11:54:21Z,46.28048333,13.18100000,1462.00,126.738
460,1,460,-1237.804628157034,-4388.467077702793,2019-07-22T11:54:22Z,46.28040000,13.18095000,1464.00,126.745
461,1,461,-1236.804628157034,-4387.467077702793,2019-07-22T11:54:23Z,46.28031667,13.18091667,1465.00,126.753
462,1,462,-1235.804628157034,-4386.467077702793,2019-07-22T11:54:24Z,46.28021667,13.18088333,1466.00,126.763
463,1,463,-1234.804628157034,-4385.467077702793,2019-07-22T11:54:25Z,46.28013333,13.18085000,1467.00,126.771
464,1,464,-1233.804628157034,-4384.467077702793,2019-07-22T11:54:26Z,46.28001667,13.18081667,1467.00,126.782
465,1,465,-1232.804628157034,-4383.467077702793,2019-07-22T11:54:27Z,46.27991667,13.18076667,1466.00,126.792
466,1,466,-1231.804628157034,-4382.467077702793,2019-07-22T11:54:28Z,46.27980000,13.18071667,1464.00,126.803
467,1,467,-1230.804628157034,-4381.467077702793,2019-07-22T11:54:29Z,46.27970000,13.18065000,1463.00,126.812
468,1,468,-1229.804628157034,-4380.467077702793,2019-07-22T11:54:30Z,46.27958333,13.18056667,1462.00,126.822
469,1,469,-1228.804628157034,-4379.467077702793,2019-07-22T11:54:31Z,46.27948333,13.18048333,1463.00,126.83
470,1,470,-1227.804628157034,-4378.467077702793,2019-07-22T11:54:32Z,46.27936667,13.18036667,1464.00,126.84
471,1,471,-1226.804628157034,-4377.467077702793,2019-07-22T11:54:33Z,46.27928333,13.18025000,1465.00,126.846
472,1,472,-1225.804628157034,-4376.467077702793,2019-07-22T11:54:34Z,46.27920000,13.18011667,1466.00,126.851
473,1,473,-1224.804628157034,-4375.467077702793,2019-07-22T11:54:35Z,46.27911667,13.17996667,1468.00,126.857
474,1,474,-1223.804628157034,-4374.467077702793,2019-07-22T11:54:36Z,46.27905000,13.17978333,1469.00,126.859
475,1,475,-1222.804628157034,-4373.467077702793,2019-07-22T11:54:37Z,46.27901667,13.17956667,1470.00,126.857
476,1,476,-1221.804628157034,-4372.467077702793,2019-07-22T11:54:38Z,46.27900000,13.17933333,1470.00,126.854
477,1,477,-1220.804628157034,-4371.467077702793,2019-07-22T11:54:39Z,46.27900000,13.17910000,1471.00,126.848
478,1,478,-1219.804628157034,-4370.467077702793,2019-07-22T11:54:40Z,46.27901667,13.17886667,1473.00,126.84
479,1,479,-1218.804628157034,-4369.467077702793,2019-07-22T11:54:41Z,46.27903333,13.17865000,1474.00,126.834
480,1,480,-1217.804628157034,-4368.467077702793,2019-07-22T11:54:42Z,46.27903333,13.17843333,1476.00,126.828
481,1,481,-1216.804628157034,-4367.467077702793,2019-07-22T11:54:43Z,46.27903333,13.17825000,1480.00,126.824
482,1,482,-1215.804628157034,-4366.467077702793,2019-07-22T11:54:44Z,46.27903333,13.17808333,1483.00,126.82
483,1,483,-1214.804628157034,-4365.467077702793,2019-07-22T11:54:45Z,46.27900000,13.17791667,1484.00,126.819
484,1,484,-1213.804628157034,-4364.467077702793,2019-07-22T11:54:46Z,46.27896667,13.17778333,1486.00,126.82
485,1,485,-1212.804628157034,-4363.467077702793,2019-07-22T11:54:47Z,46.27893333,13.17765000,1489.00,126.82
486,1,486,-1211.804628157034,-4362.467077702793,2019-07-22T11:54:48Z,46.27886667,13.17755000,1491.00,126.825
487,1,487,-1210.804628157034,-4361.467077702793,2019-07-22T11:54:49Z,46.27878333,13.17746667,1493.00,126.832
488,1,488,-1209.804628157034,-4360.467077702793,2019-07-22T11:54:50Z,46.27868333,13.17745000,1495.00,126.842
489,1,489,-1208.804628157034,-4359.467077702793,2019-07-22T11:54:51Z,46.27858333,13.17750000,1496.00,126.853
490,1,490,-1207.804628157034,-4358.467077702793,2019-07-22T11:54:52Z,46.27848333,13.17761667,1498.00,126.867
491,1,491,-1206.804628157034,-4357.467077702793,2019-07-22T11:54:53Z,46.27841667,13.17776667,1500.00,126.877
492,1,492,-1205.804628157034,-4356.467077702793,2019-07-22T11:54:54Z,46.27838333,13.17798333,1501.00,126.886
493,1,493,-1204.804628157034,-4355.467077702793,2019-07-22T11:54:55Z,46.27840000,13.17820000,1502.00,126.89
494,1,494,-1203.804628157034,-4354.467077702793,2019-07-22T11:54:56Z,46.27846667,13.17841667,1503.00,126.888
495,1,495,-1202.804628157034,-4353.467077702793,2019-07-22T11:54:57Z,46.27856667,13.17860000,1504.00,126.882
496,1,496,-1201.804628157034,-4352.467077702793,2019-07-22T11:54:58Z,46.27866667,13.17871667,1507.00,126.874
497,1,497,-1200.804628157034,-4351.467077702793,2019-07-22T11:54:59Z,46.27878333,13.17878333,1508.00,126.863
498,1,498,-1199.804628157034,-4350.467077702793,2019-07-22T11:55:00Z,46.27891667,13.17878333,1510.00,126.849
499,1,499,-1198.804628157034,-4349.467077702793,2019-07-22T11:55:01Z,46.27901667,13.17873333,1510.00,126.837
500,1,500,-1197.804628157034,-4348.467077702793,2019-07-22T11:55:02Z,46.27913333,13.17863333,1509.00,126.823
501,1,501,-1196.804628157034,-4347.467077702793,2019-07-22T11:55:03Z,46.27920000,13.17848333,1507.00,126.812
502,1,502,-1195.804628157034,-4346.467077702793,2019-07-22T11:55:04Z,46.27925000,13.17833333,1508.00,126.803
503,1,503,-1194.804628157034,-4345.467077702793,2019-07-22T11:55:05Z,46.27926667,13.17816667,1507.00,126.797
504,1,504,-1193.804628157034,-4344.467077702793,2019-07-22T11:55:06Z,46.27926667,13.17803333,1509.00,126.794
505,1,505,-1192.804628157034,-4343.467077702793,2019-07-22T11:55:07Z,46.27925000,13.17790000,1511.00,126.793
506,1,506,-1191.804628157034,-4342.467077702793,2019-07-22T11:55:08Z,46.27920000,13.17778333,1513.00,126.795
507,1,507,-1190.804628157034,-4341.467077702793,2019-07-22T11:55:09Z,46.27915000,13.17768333,1514.00,126.798
508,1,508,-1189.804628157034,-4340.467077702793,2019-07-22T11:55:10Z,46.27908333,13.17758333,1516.00,126.803
509,1,509,-1188.804628157034,-4339.467077702793,2019-07-22T11:55:11Z,46.27900000,13.17750000,1518.00,126.809
510,1,510,-1187.804628157034,-4338.467077702793,2019-07-22T11:55:12Z,46.27893333,13.17743333,1521.00,126.815
511,1,511,-1186.804628157034,-4337.467077702793,2019-07-22T11:55:13Z,46.27885000,13.17740000,1523.00,126.823
512,1,512,-1185.804628157034,-4336.467077702793,2019-07-22T11:55:14Z,46.27878333,13.17736667,1525.00,126.829
513,1,513,-1184.804628157034,-4335.467077702793,2019-07-22T11:55:15Z,46.27868333,13.17736667,1525.00,126.84
514,1,514,-1183.804628157034,-4334.467077702793,2019-07-22T11:55:16Z,46.27858333,13.17740000,1524.00,126.851
515,1,515,-1182.804628157034,-4333.467077702793,2019-07-22T11:55:17Z,46.27848333,13.17748333,1523.00,126.864
516,1,516,-1181.804628157034,-4332.467077702793,2019-07-22T11:55:18Z,46.27840000,13.17761667,1522.00,126.876
517,1,517,-1180.804628157034,-4331.467077702793,2019-07-22T11:55:19Z,46.27833333,13.17781667,1521.00,126.887
518,1,518,-1179.804628157034,-4330.467077702793,2019-07-22T11:55:20Z,46.27831667,13.17801667,1520.00,126.894
519,1,519,-1178.804628157034,-4329.467077702793,2019-07-22T11:55:21Z,46.27835000,13.17825000,1518.00,126.896
520,1,520,-1177.804628157034,-4328.467077702793,2019-07-22T11:55:22Z,46.27841667,13.17848333,1517.00,126.895
521,1,521,-1176.804628157034,-4327.467077702793,2019-07-22T11:55:23Z,46.27851667,13.17868333,1517.00,126.889
522,1,522,-1175.804628157034,-4326.467077702793,2019-07-22T11:55:24Z,46.27863333,13.17885000,1518.00,126.881
523,1,523,-1174.804628157034,-4325.467077702793,2019-07-22T11:55:25Z,46.27875000,13.17900000,1520.00,126.872
524,1,524,-1173.804628157034,-4324.467077702793,2019-07-22T11:55:26Z,46.27886667,13.17913333,1522.00,126.863
525,1,525,-1172.804628157034,-4323.467077702793,2019-07-22T11:55:27Z,46.27901667,13.17923333,1523.00,126.849
526,1,526,-1171.804628157034,-4322.467077702793,2019-07-22T11:55:28Z,46.27915000,13.17933333,1522.00,126.838
527,1,527,-1170.804628157034,-4321.467077702793,2019-07-22T11:55:29Z,46.27928333,13.17938333,1522.00,126.825
528,1,528,-1169.804628157034,-4320.467077702793,2019-07-22T11:55:30Z,46.27941667,13.17941667,1522.00,126.812
529,1,529,-1168.804628157034,-4319.467077702793,2019-07-22T11:55:31Z,46.27956667,13.17941667,1522.00,126.796
530,1,530,-1167.804628157034,-4318.467077702793,2019-07-22T11:55:32Z,46.27968333,13.17936667,1520.00,126.782
531,1,531,-1166.804628157034,-4317.467077702793,2019-07-22T11:55:33Z,46.27981667,13.17926667,1519.00,126.766
532,1,532,-1165.804628157034,-4316.467077702793,2019-07-22T11:55:34Z,46.27990000,13.17913333,1518.00,126.754
533,1,533,-1164.804628157034,-4315.467077702793,2019-07-22T11:55:35Z,46.27998333,13.17898333,1516.00,126.741
534,1,534,-1163.804628157034,-4314.467077702793,2019-07-22T11:55:36Z,46.28001667,13.17881667,1515.00,126.734
535,1,535,-1162.804628157034,-4313.467077702793,2019-07-22T11:55:37Z,46.28001667,13.17866667,1515.00,126.73
536,1,536,-1161.804628157034,-4312.467077702793,2019-07-22T11:55:38Z,46.28001667,13.17851667,1515.00,126.726
537,1,537,-1160.804628157034,-4311.467077702793,2019-07-22T11:55:39Z,46.27998333,13.17838333,1515.00,126.727
538,1,538,-1159.804628157034,-4310.467077702793,2019-07-22T11:55:40Z,46.27995000,13.17825000,1515.00,126.727
539,1,539,-1158.804628157034,-4309.467077702793,2019-07-22T11:55:41Z,46.27991667,13.17808333,1514.00,126.727
540,1,540,-1157.804628157034,-4308.467077702793,2019-07-22T11:55:42Z,46.27988333,13.17791667,1514.00,126.726
541,1,541,-1156.804628157034,-4307.467077702793,2019-07-22T11:55:43Z,46.27985000,13.17776667,1516.00,126.726
542,1,542,-1155.804628157034,-4306.467077702793,2019-07-22T11:55:44Z,46.27980000,13.17761667,1519.00,126.728
543,1,543,-1154.804628157034,-4305.467077702793,2019-07-22T11:55:45Z,46.27975000,13.17748333,1523.00,126.73
544,1,544,-1153.804628157034,-4304.467077702793,2019-07-22T11:55:46Z,46.27970000,13.17736667,1526.00,126.732
545,1,545,-1152.804628157034,-4303.467077702793,2019-07-22T11:55:47Z,46.27965000,13.17725000,1529.00,126.735
546,1,546,-1151.804628157034,-4302.467077702793,2019-07-22T11:55:48Z,46.27960000,13.17715000,1532.00,126.738
547,1,547,-1150.804628157034,-4301.467077702793,2019-07-22T11:55:49Z,46.27951667,13.17706667,1535.00,126.744
548,1,548,-1149.804628157034,-4300.467077702793,2019-07-22T11:55:50Z,46.27943333,13.17701667,1538.00,126.752
549,1,549,-1148.804628157034,-4299.467077702793,2019-07-22T11:55:51Z,46.27931667,13.17703333,1539.00,126.765
550,1,550,-1147.804628157034,-4298.467077702793,2019-07-22T11:55:52Z,46.27921667,13.17713333,1540.00,126.778
551,1,551,-1146.804628157034,-4297.467077702793,2019-07-22T11:55:53Z,46.27915000,13.17731667,1540.00,126.789
552,1,552,-1145.804628157034,-4296.467077702793,2019-07-22T11:55:54Z,46.27915000,13.17753333,1540.00,126.794
553,1,553,-1144.804628157034,-4295.467077702793,2019-07-22T11:55:55Z,46.27921667,13.17776667,1540.00,126.793
554,1,554,-1143.804628157034,-4294.467077702793,2019-07-22T11:55:56Z,46.27935000,13.17793333,1538.00,126.783
555,1,555,-1142.804628157034,-4293.467077702793,2019-07-22T11:55:57Z,46.27951667,13.17803333,1534.00,126.768
556,1,556,-1141.804628157034,-4292.467077702793,2019-07-22T11:55:58Z,46.27970000,13.17803333,1532.00,126.748
557,1,557,-1140.804628157034,-4291.467077702793,2019-07-22T11:55:59Z,46.27985000,13.17793333,1530.00,126.73
558,1,558,-1139.804628157034,-4290.467077702793,2019-07-22T11:56:00Z,46.27998333,13.17780000,1530.00,126.713
559,1,559,-1138.804628157034,-4289.467077702793,2019-07-22T11:56:01Z,46.28008333,13.17763333,1531.00,126.698
560,1,560,-1137.804628157034,-4288.467077702793,2019-07-22T11:56:02Z,46.28015000,13.17746667,1534.00,126.687
561,1,561,-1136.804628157034,-4287.467077702793,2019-07-22T11:56:03Z,46.28020000,13.17731667,1537.00,126.678
562,1,562,-1135.804628157034,-4286.467077702793,2019-07-22T11:56:04Z,46.28023333,13.17715000,1543.00,126.671
563,1,563,-1134.804628157034,-4285.467077702793,2019-07-22T11:56:05Z,46.28026667,13.17698333,1547.00,126.663
564,1,564,-1133.804628157034,-4284.467077702793,2019-07-22T11:56:06Z,46.28028333,13.17681667,1551.00,126.657
565,1,565,-1132.804628157034,-4283.467077702793,2019-07-22T11:56:07Z,46.28028333,13.17666667,1555.00,126.654
566,1,566,-1131.804628157034,-4282.467077702793,2019-07-22T11:56:08Z,46.28026667,13.17650000,1557.00,126.652
567,1,567,-1130.804628157034,-4281.467077702793,2019-07-22T11:56:09Z,46.28021667,13.17635000,1559.00,126.653
568,1,568,-1129.804628157034,-4280.467077702793,2019-07-22T11:56:10Z,46.28011667,13.17623333,1561.00,126.661
569,1,569,-1128.804628157034,-4279.467077702793,2019-07-22T11:56:11Z,46.28000000,13.17618333,1564.00,126.672
570,1,570,-1127.804628157034,-4278.467077702793,2019-07-22T11:56:12Z,46.27986667,13.17620000,1566.00,126.687
571,1,571,-1126.804628157034,-4277.467077702793,2019-07-22T11:56:13Z,46.27975000,13.17628333,1567.00,126.701
572,1,572,-1125.804628157034,-4276.467077702793,2019-07-22T11:56:14Z,46.27968333,13.17643333,1569.00,126.712
573,1,573,-1124.804628157034,-4275.467077702793,2019-07-22T11:56:15Z,46.27965000,13.17663333,1571.00,126.72
574,1,574,-1123.804628157034,-4274.467077702793,2019-07-22T11:56:16Z,46.27966667,13.17685000,1571.00,126.723
575,1,575,-1122.804628157034,-4273.467077702793,2019-07-22T11:56:17Z,46.27976667,13.17706667,1570.00,126.718
576,1,576,-1121.804628157034,-4272.467077702793,2019-07-22T11:56:18Z,46.27990000,13.17725000,1570.00,126.708
577,1,577,-1120.804628157034,-4271.467077702793,2019-07-22T11:56:19Z,46.28006667,13.17735000,1568.00,126.693
578,1,578,-1119.804628157034,-4270.467077702793,2019-07-22T11:56:20Z,46.28025000,13.17736667,1568.00,126.674
579,1,579,-1118.804628157034,-4269.467077702793,2019-07-22T11:56:21Z,46.28041667,13.17735000,1569.00,126.656
580,1,580,-1117.804628157034,-4268.467077702793,2019-07-22T11:56:22Z,46.28058333,13.17728333,1572.00,126.637
581,1,581,-1116.804628157034,-4267.467077702793,2019-07-22T11:56:23Z,46.28071667,13.17720000,1575.00,126.621
582,1,582,-1115.804628157034,-4266.467077702793,2019-07-22T11:56:24Z,46.28083333,13.17708333,1578.00,126.606
583,1,583,-1114.804628157034,-4265.467077702793,2019-07-22T11:56:25Z,46.28093333,13.17693333,1580.00,126.592
584,1,584,-1113.804628157034,-4264.467077702793,2019-07-22T11:56:26Z,46.28103333,13.17680000,1583.00,126.578
585,1,585,-1112.804628157034,-4263.467077702793,2019-07-22T11:56:27Z,46.28110000,13.17661667,1585.00,126.566
586,1,586,-1111.804628157034,-4262.467077702793,2019-07-22T11:56:28Z,46.28111667,13.17645000,1587.00,126.561
587,1,587,-1110.804628157034,-4261.467077702793,2019-07-22T11:56:29Z,46.28108333,13.17626667,1588.00,126.56
588,1,588,-1109.804628157034,-4260.467077702793,2019-07-22T11:56:30Z,46.28101667,13.17611667,1589.00,126.563
589,1,589,-1108.804628157034,-4259.467077702793,2019-07-22T11:56:31Z,46.28091667,13.17600000,1589.00,126.571
590,1,590,-1107.804628157034,-4258.467077702793,2019-07-22T11:56:32Z,46.28080000,13.17591667,1590.00,126.581
591,1,591,-1106.804628157034,-4257.467077702793,2019-07-22T11:56:33Z,46.28066667,13.17590000,1590.00,126.595
592,1,592,-1105.804628157034,-4256.467077702793,2019-07-22T11:56:34Z,46.28055000,13.17593333,1594.00,126.608
593,1,593,-1104.804628157034,-4255.467077702793,2019-07-22T11:56:35Z,46.28043333,13.17601667,1598.00,126.623
594,1,594,-1103.804628157034,-4254.467077702793,2019-07-22T11:56:36Z,46.28033333,13.17611667,1601.00,126.636
595,1,595,-1102.804628157034,-4253.467077702793,2019-07-22T11:56:37Z,46.28025000,13.17625000,1603.00,126.648
596,1,596,-1101.804628157034,-4252.467077702793,2019-07-22T11:56:38Z,46.28020000,13.17645000,1603.00,126.658
597,1,597,-1100.804628157034,-4251.467077702793,2019-07-22T11:56:39Z,46.28018333,13.17666667,1603.00,126.664
598,1,598,-1099.804628157034,-4250.467077702793,2019-07-22T11:56:40Z,46.28020000,13.17690000,1602.00,126.668
599,1,599,-1098.804628157034,-4249.467077702793,2019-07-22T11:56:41Z,46.28025000,13.17713333,1602.00,126.669
600,1,600,-1097.804628157034,-4248.467077702793,2019-07-22T11:56:42Z,46.28033333,13.17733333,1604.00,126.665
601,1,601,-1096.804628157034,-4247.467077702793,2019-07-22T11:56:43Z,46.28041667,13.17753333,1605.00,126.661
602,1,602,-1095.804628157034,-4246.467077702793,2019-07-22T11:56:44Z,46.28051667,13.17770000,1607.00,126.654
603,1,603,-1094.804628157034,-4245.467077702793,2019-07-22T11:56:45Z,46.28063333,13.17786667,1608.00,126.646
604,1,604,-1093.804628157034,-4244.467077702793,2019-07-22T11:56:46Z,46.28076667,13.17800000,1609.00,126.635
605,1,605,-1092.804628157034,-4243.467077702793,2019-07-22T11:56:47Z,46.28091667,13.17810000,1610.00,126.621
606,1,606,-1091.804628157034,-4242.467077702793,2019-07-22T11:56:48Z,46.28110000,13.17815000,1610.00,126.603
607,1,607,-1090.804628157034,-4241.467077702793,2019-07-22T11:56:49Z,46.28126667,13.17815000,1611.00,126.586
608,1,608,-1089.804628157034,-4240.467077702793,2019-07-22T11:56:50Z,46.28143333,13.17808333,1612.00,126.566
609,1,609,-1088.804628157034,-4239.467077702793,2019-07-22T11:56:51Z,46.28156667,13.17795000,1614.00,126.549
610,1,610,-1087.804628157034,-4238.467077702793,2019-07-22T11:56:52Z,46.28166667,13.17780000,1616.00,126.535
611,1,611,-1086.804628157034,-4237.467077702793,2019-07-22T11:56:53Z,46.28173333,13.17763333,1617.00,126.524
612,1,612,-1085.804628157034,-4236.467077702793,2019-07-22T11:56:54Z,46.28175000,13.17745000,1619.00,126.518
613,1,613,-1084.804628157034,-4235.467077702793,2019-07-22T11:56:55Z,46.28171667,13.17728333,1621.00,126.517
614,1,614,-1083.804628157034,-4234.467077702793,2019-07-22T11:56:56Z,46.28163333,13.17715000,1622.00,126.523
615,1,615,-1082.804628157034,-4233.467077702793,2019-07-22T11:56:57Z,46.28153333,13.17706667,1622.00,126.531
616,1,616,-1081.804628157034,-4232.467077702793,2019-07-22T11:56:58Z,46.28140000,13.17703333,1622.00,126.545
617,1,617,-1080.804628157034,-4231.467077702793,2019-07-22T11:56:59Z,46.28128333,13.17708333,1624.00,126.558
618,1,618,-1079.804628157034,-4230.467077702793,2019-07-22T11:57:00Z,46.28118333,13.17715000,1626.00,126.57
619,1,619,-1078.804628157034,-4229.467077702793,2019-07-22T11:57:01Z,46.28108333,13.17725000,1629.00,126.583
620,1,620,-1077.804628157034,-4228.467077702793,2019-07-22T11:57:02Z,46.28101667,13.17738333,1632.00,126.594
621,1,621,-1076.804628157034,-4227.467077702793,2019-07-22T11:57:03Z,46.28096667,13.17753333,1634.00,126.602
622,1,622,-1075.804628157034,-4226.467077702793,2019-07-22T11:57:04Z,46.28095000,13.17770000,1635.00,126.608
623,1,623,-1074.804628157034,-4225.467077702793,2019-07-22T11:57:05Z,46.28093333,13.17790000,1636.00,126.615
624,1,624,-1073.804628157034,-4224.467077702793,2019-07-22T11:57:06Z,46.28096667,13.17810000,1636.00,126.616
625,1,625,-1072.804628157034,-4223.467077702793,2019-07-22T11:57:07Z,46.28101667,13.17831667,1636.00,126.616
626,1,626,-1071.804628157034,-4222.467077702793,2019-07-22T11:57:08Z,46.28110000,13.17851667,1636.00,126.612
627,1,627,-1070.804628157034,-4221.467077702793,2019-07-22T11:57:09Z,46.28120000,13.17868333,1636.00,126.606
628,1,628,-1069.804628157034,-4220.467077702793,2019-07-22T11:57:10Z,46.28131667,13.17883333,1636.00,126.597
629,1,629,-1068.804628157034,-4219.467077702793,2019-07-22T11:57:11Z,46.28146667,13.17896667,1636.00,126.584
630,1,630,-1067.804628157034,-4218.467077702793,2019-07-22T11:57:12Z,46.28161667,13.17908333,1637.00,126.571
631,1,631,-1066.804628157034,-4217.467077702793,2019-07-22T11:57:13Z,46.28176667,13.17916667,1639.00,126.558
632,1,632,-1065.804628157034,-4216.467077702793,2019-07-22T11:57:14Z,46.28191667,13.17921667,1641.00,126.543
633,1,633,-1064.804628157034,-4215.467077702793,2019-07-22T11:57:15Z,46.28205000,13.17925000,1645.00,126.53
634,1,634,-1063.804628157034,-4214.467077702793,2019-07-22T11:57:16Z,46.28218333,13.17925000,1645.00,126.516
635,1,635,-1062.804628157034,-4213.467077702793,2019-07-22T11:57:17Z,46.28231667,13.17918333,1645.00,126.5
636,1,636,-1061.804628157034,-4212.467077702793,2019-07-22T11:57:18Z,46.28243333,13.17906667,1644.00,126.485
637,1,637,-1060.804628157034,-4211.467077702793,2019-07-22T11:57:19Z,46.28255000,13.17893333,1644.00,126.469
638,1,638,-1059.804628157034,-4210.467077702793,2019-07-22T11:57:20Z,46.28265000,13.17876667,1643.00,126.455
639,1,639,-1058.804628157034,-4209.467077702793,2019-07-22T11:57:21Z,46.28273333,13.17858333,1641.00,126.441
640,1,640,-1057.804628157034,-4208.467077702793,2019-07-22T11:57:22Z,46.28278333,13.17840000,1640.00,126.432
641,1,641,-1056.804628157034,-4207.467077702793,2019-07-22T11:57:23Z,46.28281667,13.17820000,1640.00,126.423
642,1,642,-1055.804628157034,-4206.467077702793,2019-07-22T11:57:24Z,46.28281667,13.17800000,1639.00,126.418
643,1,643,-1054.804628157034,-4205.467077702793,2019-07-22T11:57:25Z,46.28278333,13.17780000,1638.00,126.417
644,1,644,-1053.804628157034,-4204.467077702793,2019-07-22T11:57:26Z,46.28270000,13.17763333,1638.00,126.422
645,1,645,-1052.804628157034,-4203.467077702793,2019-07-22T11:57:27Z,46.28261667,13.17750000,1639.00,126.427
646,1,646,-1051.804628157034,-4202.467077702793,2019-07-22T11:57:28Z,46.28251667,13.17740000,1639.00,126.436
647,1,647,-1050.804628157034,-4201.467077702793,2019-07-22T11:57:29Z,46.28241667,13.17733333,1641.00,126.445
648,1,648,-1049.804628157034,-4200.467077702793,2019-07-22T11:57:30Z,46.28231667,13.17728333,1644.00,126.454
649,1,649,-1048.804628157034,-4199.467077702793,2019-07-22T11:57:31Z,46.28223333,13.17725000,1647.00,126.462
650,1,650,-1047.804628157034,-4198.467077702793,2019-07-22T11:57:32Z,46.28213333,13.17725000,1649.00,126.472
651,1,651,-1046.804628157034,-4197.467077702793,2019-07-22T11:57:33Z,46.28203333,13.17726667,1651.00,126.483
652,1,652,-1045.804628157034,-4196.467077702793,2019-07-22T11:57:34Z,46.28193333,13.17731667,1653.00,126.495
653,1,653,-1044.804628157034,-4195.467077702793,2019-07-22T11:57:35Z,46.28183333,13.17740000,1654.00,126.508
654,1,654,-1043.804628157034,-4194.467077702793,2019-07-22T11:57:36Z,46.28173333,13.17750000,1656.00,126.521
655,1,655,-1042.804628157034,-4193.467077702793,2019-07-22T11:57:37Z,46.28165000,13.17761667,1657.00,126.532
656,1,656,-1041.804628157034,-4192.467077702793,2019-07-22T11:57:38Z,46.28155000,13.17773333,1659.00,126.546
657,1,657,-1040.804628157034,-4191.467077702793,2019-07-22T11:57:39Z,46.28146667,13.17786667,1659.00,126.558
658,1,658,-1039.804628157034,-4190.467077702793,2019-07-22T11:57:40Z,46.28140000,13.17800000,1662.00,126.568
659,1,659,-1038.804628157034,-4189.467077702793,2019-07-22T11:57:41Z,46.28135000,13.17815000,1663.00,126.577
660,1,660,-1037.804628157034,-4188.467077702793,2019-07-22T11:57:42Z,46.28131667,13.17833333,1664.00,126.585
661,1,661,-1036.804628157034,-4187.467077702793,2019-07-22T11:57:43Z,46.28130000,13.17855000,1662.00,126.592
662,1,662,-1035.804628157034,-4186.467077702793,2019-07-22T11:57:44Z,46.28131667,13.17876667,1661.00,126.595
663,1,663,-1034.804628157034,-4185.467077702793,2019-07-22T11:57:45Z,46.28138333,13.17900000,1660.00,126.594
664,1,664,-1033.804628157034,-4184.467077702793,2019-07-22T11:57:46Z,46.28146667,13.17920000,1663.00,126.59
665,1,665,-1032.804628157034,-4183.467077702793,2019-07-22T11:57:47Z,46.28158333,13.17938333,1665.00,126.582
666,1,666,-1031.804628157034,-4182.467077702793,2019-07-22T11:57:48Z,46.28171667,13.17953333,1666.00,126.572
667,1,667,-1030.804628157034,-4181.467077702793,2019-07-22T11:57:49Z,46.28186667,13.17965000,1668.00,126.559
668,1,668,-1029.804628157034,-4180.467077702793,2019-07-22T11:57:50Z,46.28201667,13.17973333,1670.00,126.545
669,1,669,-1028.804628157034,-4179.467077702793,2019-07-22T11:57:51Z,46.28216667,13.17980000,1671.00,126.531
670,1,670,-1027.804628157034,-4178.467077702793,2019-07-22T11:57:52Z,46.28231667,13.17981667,1673.00,126.516
671,1,671,-1026.804628157034,-4177.467077702793,2019-07-22T11:57:53Z,46.28246667,13.17983333,1675.00,126.5
672,1,672,-1025.804628157034,-4176.467077702793,2019-07-22T11:57:54Z,46.28261667,13.17983333,1677.00,126.484
673,1,673,-1024.804628157034,-4175.467077702793,2019-07-22T11:57:55Z,46.28278333,13.17981667,1678.00,126.466
674,1,674,-1023.804628157034,-4174.467077702793,2019-07-22T11:57:56Z,46.28293333,13.17976667,1679.00,126.449
675,1,675,-1022.804628157034,-4173.467077702793,2019-07-22T11:57:57Z,46.28306667,13.17968333,1680.00,126.433
676,1,676,-1021.804628157034,-4172.467077702793,2019-07-22T11:57:58Z,46.28318333,13.17956667,1680.00,126.418
677,1,677,-1020.804628157034,-4171.467077702793,2019-07-22T11:57:59Z,46.28330000,13.17943333,1680.00,126.402
678,1,678,-1019.804628157034,-4170.467077702793,2019-07-22T11:58:00Z,46.28338333,13.17928333,1678.00,126.39
679,1,679,-1018.804628157034,-4169.467077702793,2019-07-22T11:58:01Z,46.28346667,13.17910000,1678.00,126.377
680,1,680,-1017.804628157034,-4168.467077702793,2019-07-22T11:58:02Z,46.28351667,13.17891667,1678.00,126.367
681,1,681,-1016.804628157034,-4167.467077702793,2019-07-22T11:58:03Z,46.28356667,13.17873333,1678.00,126.357
682,1,682,-1015.804628157034,-4166.467077702793,2019-07-22T11:58:04Z,46.28361667,13.17855000,1676.00,126.347
683,1,683,-1014.804628157034,-4165.467077702793,2019-07-22T11:58:05Z,46.28363333,13.17836667,1676.00,126.341
684,1,684,-1013.804628157034,-4164.467077702793,2019-07-22T11:58:06Z,46.28365000,13.17816667,1675.00,126.335
685,1,685,-1012.804628157034,-4163.467077702793,2019-07-22T11:58:07Z,46.28363333,13.17796667,1674.00,126.332
686,1,686,-1011.804628157034,-4162.467077702793,2019-07-22T11:58:08Z,46.28360000,13.17778333,1674.00,126.331
687,1,687,-1010.804628157034,-4161.467077702793,2019-07-22T11:58:09Z,46.28353333,13.17761667,1673.00,126.334
688,1,688,-1009.804628157034,-4160.467077702793,2019-07-22T11:58:10Z,46.28343333,13.17748333,1673.00,126.341
689,1,689,-1008.804628157034,-4159.467077702793,2019-07-22T11:58:11Z,46.28331667,13.17740000,1673.00,126.351
690,1,690,-1007.804628157034,-4158.467077702793,2019-07-22T11:58:12Z,46.28320000,13.17736667,1674.00,126.363
691,1,691,-1006.804628157034,-4157.467077702793,2019-07-22T11:58:13Z,46.28308333,13.17740000,1675.00,126.376
692,1,692,-1005.804628157034,-4156.467077702793,2019-07-22T11:58:14Z,46.28298333,13.17748333,1678.00,126.388
693,1,693,-1004.804628157034,-4155.467077702793,2019-07-22T11:58:15Z,46.28288333,13.17758333,1681.00,126.401
694,1,694,-1003.804628157034,-4154.467077702793,2019-07-22T11:58:16Z,46.28281667,13.17770000,1683.00,126.411
695,1,695,-1002.804628157034,-4153.467077702793,2019-07-22T11:58:17Z,46.28275000,13.17783333,1686.00,126.421
696,1,696,-1001.804628157034,-4152.467077702793,2019-07-22T11:58:18Z,46.28271667,13.17800000,1688.00,126.429
697,1,697,-1000.804628157034,-4151.467077702793,2019-07-22T11:58:19Z,46.28270000,13.17818333,1690.00,126.435
698,1,698,-999.804628157034,-4150.467077702793,2019-07-22T11:58:20Z,46.28270000,13.17836667,1691.00,126.44
699,1,699,-998.804628157034,-4149.467077702793,2019-07-22T11:58:21Z,46.28275000,13.17856667,1692.00,126.439
700,1,700,-997.804628157034,-4148.467077702793,2019-07-22T11:58:22Z,46.28281667,13.17876667,1694.00,126.437
701,1,701,-996.804628157034,-4147.467077702793,2019-07-22T11:58:23Z,46.28291667,13.17895000,1695.00,126.431
702,1,702,-995.804628157034,-4146.467077702793,2019-07-22T11:58:24Z,46.28303333,13.17910000,1696.00,126.422
703,1,703,-994.804628157034,-4145.467077702793,2019-07-22T11:58:25Z,46.28318333,13.17921667,1698.00,126.409
704,1,704,-993.804628157034,-4144.467077702793,2019-07-22T11:58:26Z,46.28333333,13.17926667,1700.00,126.395
705,1,705,-992.804628157034,-4143.467077702793,2019-07-22T11:58:27Z,46.28348333,13.17926667,1702.00,126.379
706,1,706,-991.804628157034,-4142.467077702793,2019-07-22T11:58:28Z,46.28363333,13.17925000,1705.00,126.363
707,1,707,-990.804628157034,-4141.467077702793,2019-07-22T11:58:29Z,46.28380000,13.17923333,1707.00,126.345
708,1,708,-989.804628157034,-4140.467077702793,2019-07-22T11:58:30Z,46.28395000,13.17921667,1707.00,126.329
709,1,709,-988.804628157034,-4139.467077702793,2019-07-22T11:58:31Z,46.28410000,13.17918333,1708.00,126.312
710,1,710,-987.804628157034,-4138.467077702793,2019-07-22T11:58:32Z,46.28425000,13.17915000,1707.00,126.295
711,1,711,-986.804628157034,-4137.467077702793,2019-07-22T11:58:33Z,46.28440000,13.17911667,1707.00,126.279
712,1,712,-985.804628157034,-4136.467077702793,2019-07-22T11:58:34Z,46.28456667,13.17910000,1704.00,126.261
713,1,713,-984.804628157034,-4135.467077702793,2019-07-22T11:58:35Z,46.28473333,13.17908333,1702.00,126.243
714,1,714,-983.804628157034,-4134.467077702793,2019-07-22T11:58:36Z,46.28491667,13.17908333,1699.00,126.224
715,1,715,-982.804628157034,-4133.467077702793,2019-07-22T11:58:37Z,46.28510000,13.17908333,1698.00,126.204
716,1,716,-981.804628157034,-4132.467077702793,2019-07-22T11:58:38Z,46.28528333,13.17906667,1698.00,126.185
717,1,717,-980.804628157034,-4131.467077702793,2019-07-22T11:58:39Z,46.28545000,13.17906667,1698.00,126.167
718,1,718,-979.804628157034,-4130.467077702793,2019-07-22T11:58:40Z,46.28561667,13.17906667,1699.00,126.149
719,1,719,-978.804628157034,-4129.467077702793,2019-07-22T11:58:41Z,46.28580000,13.17906667,1700.00,126.13
720,1,720,-977.804628157034,-4128.467077702793,2019-07-22T11:58:42Z,46.28595000,13.17908333,1700.00,126.115
721,1,721,-976.804628157034,-4127.467077702793,2019-07-22T11:58:43Z,46.28611667,13.17910000,1700.00,126.098
722,1,722,-975.804628157034,-4126.467077702793,2019-07-22T11:58:44Z,46.28628333,13.17911667,1701.00,126.08
723,1,723,-974.804628157034,-4125.467077702793,2019-07-22T11:58:45Z,46.28643333,13.17913333,1702.00,126.065
724,1,724,-973.804628157034,-4124.467077702793,2019-07-22T11:58:46Z,46.28660000,13.17915000,1703.00,126.048
725,1,725,-972.804628157034,-4123.467077702793,2019-07-22T11:58:47Z,46.28675000,13.17916667,1704.00,126.033
726,1,726,-971.804628157034,-4122.467077702793,2019-07-22T11:58:48Z,46.28691667,13.17918333,1704.00,126.015
727,1,727,-970.804628157034,-4121.467077702793,2019-07-22T11:58:49Z,46.28708333,13.17920000,1703.00,125.998
728,1,728,-969.804628157034,-4120.467077702793,2019-07-22T11:58:50Z,46.28725000,13.17923333,1703.00,125.982
729,1,729,-968.804628157034,-4119.467077702793,2019-07-22T11:58:51Z,46.28741667,13.17925000,1704.00,125.964
730,1,730,-967.804628157034,-4118.467077702793,2019-07-22T11:58:52Z,46.28756667,13.17926667,1705.00,125.949
731,1,731,-966.804628157034,-4117.467077702793,2019-07-22T11:58:53Z,46.28771667,13.17926667,1706.00,125.933
732,1,732,-965.804628157034,-4116.467077702793,2019-07-22T11:58:54Z,46.28786667,13.17925000,1704.00,125.917
733,1,733,-964.804628157034,-4115.467077702793,2019-07-22T11:58:55Z,46.28801667,13.17923333,1705.00,125.901
734,1,734,-963.804628157034,-4114.467077702793,2019-07-22T11:58:56Z,46.28818333,13.17921667,1705.00,125.883
735,1,735,-962.804628157034,-4113.467077702793,2019-07-22T11:58:57Z,46.28833333,13.17920000,1706.00,125.867
736,1,736,-961.804628157034,-4112.467077702793,2019-07-22T11:58:58Z,46.28850000,13.17920000,1705.00,125.849
737,1,737,-960.804628157034,-4111.467077702793,2019-07-22T11:58:59Z,46.28866667,13.17921667,1704.00,125.832
738,1,738,-959.804628157034,-4110.467077702793,2019-07-22T11:59:00Z,46.28881667,13.17921667,1704.00,125.816
739,1,739,-958.804628157034,-4109.467077702793,2019-07-22T11:59:01Z,46.28896667,13.17925000,1704.00,125.801
740,1,740,-957.804628157034,-4108.467077702793,2019-07-22T11:59:02Z,46.28910000,13.17926667,1704.00,125.788
741,1,741,-956.804628157034,-4107.467077702793,2019-07-22T11:59:03Z,46.28923333,13.17928333,1701.00,125.774
742,1,742,-955.804628157034,-4106.467077702793,2019-07-22T11:59:04Z,46.28938333,13.17928333,1699.00,125.758
743,1,743,-954.804628157034,-4105.467077702793,2019-07-22T11:59:05Z,46.28955000,13.17926667,1699.00,125.74
744,1,744,-953.804628157034,-4104.467077702793,2019-07-22T11:59:06Z,46.28971667,13.17923333,1698.00,125.722
745,1,745,-952.804628157034,-4103.467077702793,2019-07-22T11:59:07Z,46.28988333,13.17921667,1697.00,125.704
746,1,746,-951.804628157034,-4102.467077702793,2019-07-22T11:59:08Z,46.29005000,13.17921667,1695.00,125.687
747,1,747,-950.804628157034,-4101.467077702793,2019-07-22T11:59:09Z,46.29021667,13.17923333,1693.00,125.67
748,1,748,-949.804628157034,-4100.467077702793,2019-07-22T11:59:10Z,46.29038333,13.17926667,1691.00,125.653
749,1,749,-948.804628157034,-4099.467077702793,2019-07-22T11:59:11Z,46.29055000,13.17930000,1690.00,125.636
750,1,750,-947.804628157034,-4098.467077702793,2019-07-22T11:59:12Z,46.29071667,13.17936667,1688.00,125.62
751,1,751,-946.804628157034,-4097.467077702793,2019-07-22T11:59:13Z,46.29088333,13.17945000,1686.00,125.605
752,1,752,-945.804628157034,-4096.467077702793,2019-07-22T11:59:14Z,46.29103333,13.17953333,1685.00,125.591
753,1,753,-944.804628157034,-4095.467077702793,2019-07-22T11:59:15Z,46.29118333,13.17960000,1685.00,125.577
754,1,754,-943.804628157034,-4094.467077702793,2019-07-22T11:59:16Z,46.29131667,13.17966667,1684.00,125.565
755,1,755,-942.804628157034,-4093.467077702793,2019-07-22T11:59:17Z,46.29143333,13.17971667,1683.00,125.554
756,1,756,-941.804628157034,-4092.467077702793,2019-07-22T11:59:18Z,46.29158333,13.17980000,1680.00,125.54
757,1,757,-940.804628157034,-4091.467077702793,2019-07-22T11:59:19Z,46.29171667,13.17986667,1678.00,125.528
758,1,758,-939.804628157034,-4090.467077702793,2019-07-22T11:59:20Z,46.29188333,13.17996667,1676.00,125.513
759,1,759,-938.804628157034,-4089.467077702793,2019-07-22T11:59:21Z,46.29201667,13.18005000,1676.00,125.501
760,1,760,-937.804628157034,-4088.467077702793,2019-07-22T11:59:22Z,46.29216667,13.18013333,1676.00,125.487
761,1,761,-936.804628157034,-4087.467077702793,2019-07-22T11:59:23Z,46.29228333,13.18021667,1677.00,125.477
762,1,762,-935.804628157034,-4086.467077702793,2019-07-22T11:59:24Z,46.29241667,13.18030000,1678.00,125.465
763,1,763,-934.804628157034,-4085.467077702793,2019-07-22T11:59:25Z,46.29255000,13.18038333,1677.00,125.454
764,1,764,-933.804628157034,-4084.467077702793,2019-07-22T11:59:26Z,46.29270000,13.18048333,1678.00,125.44
765,1,765,-932.804628157034,-4083.467077702793,2019-07-22T11:59:27Z,46.29285000,13.18056667,1678.00,125.427
766,1,766,-931.804628157034,-4082.467077702793,2019-07-22T11:59:28Z,46.29300000,13.18063333,1679.00,125.413
767,1,767,-930.804628157034,-4081.467077702793,2019-07-22T11:59:29Z,46.29315000,13.18066667,1680.00,125.398
768,1,768,-929.804628157034,-4080.467077702793,2019-07-22T11:59:30Z,46.29331667,13.18070000,1680.00,125.381
769,1,769,-928.804628157034,-4079.467077702793,2019-07-22T11:59:31Z,46.29348333,13.18068333,1679.00,125.363
770,1,770,-927.804628157034,-4078.467077702793,2019-07-22T11:59:32Z,46.29365000,13.18065000,1679.00,125.345
771,1,771,-926.804628157034,-4077.467077702793,2019-07-22T11:59:33Z,46.29381667,13.18060000,1681.00,125.326
772,1,772,-925.804628157034,-4076.467077702793,2019-07-22T11:59:34Z,46.29396667,13.18053333,1682.00,125.309
773,1,773,-924.804628157034,-4075.467077702793,2019-07-22T11:59:35Z,46.29411667,13.18045000,1683.00,125.291
774,1,774,-923.804628157034,-4074.467077702793,2019-07-22T11:59:36Z,46.29426667,13.18035000,1683.00,125.273
775,1,775,-922.804628157034,-4073.467077702793,2019-07-22T11:59:37Z,46.29440000,13.18023333,1682.00,125.256
776,1,776,-921.804628157034,-4072.467077702793,2019-07-22T11:59:38Z,46.29451667,13.18010000,1681.00,125.24
777,1,777,-920.804628157034,-4071.467077702793,2019-07-22T11:59:39Z,46.29461667,13.17995000,1680.00,125.226
778,1,778,-919.804628157034,-4070.467077702793,2019-07-22T11:59:40Z,46.29473333,13.17978333,1678.00,125.209
779,1,779,-918.804628157034,-4069.467077702793,2019-07-22T11:59:41Z,46.29481667,13.17961667,1677.00,125.196
780,1,780,-917.804628157034,-4068.467077702793,2019-07-22T11:59:42Z,46.29490000,13.17945000,1677.00,125.183
781,1,781,-916.804628157034,-4067.467077702793,2019-07-22T11:59:43Z,46.29496667,13.17928333,1677.00,125.172
782,1,782,-915.804628157034,-4066.467077702793,2019-07-22T11:59:44Z,46.29501667,13.17911667,1679.00,125.163
783,1,783,-914.804628157034,-4065.467077702793,2019-07-22T11:59:45Z,46.29506667,13.17893333,1679.00,125.153
784,1,784,-913.804628157034,-4064.467077702793,2019-07-22T11:59:46Z,46.29511667,13.17873333,1680.00,125.142
785,1,785,-912.804628157034,-4063.467077702793,2019-07-22T11:59:47Z,46.29515000,13.17851667,1684.00,125.133
786,1,786,-911.804628157034,-4062.467077702793,2019-07-22T11:59:48Z,46.29518333,13.17831667,1689.00,125.125
787,1,787,-910.804628157034,-4061.467077702793,2019-07-22T11:59:49Z,46.29518333,13.17811667,1696.00,125.12
788,1,788,-909.804628157034,-4060.467077702793,2019-07-22T11:59:50Z,46.29518333,13.17791667,1703.00,125.115
789,1,789,-908.804628157034,-4059.467077702793,2019-07-22T11:59:51Z,46.29515000,13.17775000,1709.00,125.114
790,1,790,-907.804628157034,-4058.467077702793,2019-07-22T11:59:52Z,46.29508333,13.17763333,1714.00,125.118
791,1,791,-906.804628157034,-4057.467077702793,2019-07-22T11:59:53Z,46.29500000,13.17755000,1720.00,125.125
792,1,792,-905.804628157034,-4056.467077702793,2019-07-22T11:59:54Z,46.29490000,13.17755000,1724.00,125.135
793,1,793,-904.804628157034,-4055.467077702793,2019-07-22T11:59:55Z,46.29480000,13.17761667,1728.00,125.147
794,1,794,-903.804628157034,-4054.467077702793,2019-07-22T11:59:56Z,46.29471667,13.17773333,1732.00,125.159
795,1,795,-902.804628157034,-4053.467077702793,2019-07-22T11:59:57Z,46.29466667,13.17790000,1735.00,125.168
796,1,796,-901.804628157034,-4052.467077702793,2019-07-22T11:59:58Z,46.29466667,13.17810000,1738.00,125.174
797,1,797,-900.804628157034,-4051.467077702793,2019-07-22T11:59:59Z,46.29471667,13.17828333,1740.00,125.173
798,1,798,-899.804628157034,-4050.467077702793,2019-07-22T12:00:00Z,46.29480000,13.17845000,1742.00,125.168
799,1,799,-898.804628157034,-4049.467077702793,2019-07-22T12:00:01Z,46.29491667,13.17858333,1745.00,125.159
800,1,800,-897.804628157034,-4048.467077702793,2019-07-22T12:00:02Z,46.29505000,13.17866667,1747.00,125.148
801,1,801,-896.804628157034,-4047.467077702793,2019-07-22T12:00:03Z,46.29520000,13.17870000,1749.00,125.133
802,1,802,-895.804628157034,-4046.467077702793,2019-07-22T12:00:04Z,46.29536667,13.17866667,1749.00,125.114
803,1,803,-894.804628157034,-4045.467077702793,2019-07-22T12:00:05Z,46.29551667,13.17858333,1753.00,125.097
804,1,804,-893.804628157034,-4044.467077702793,2019-07-22T12:00:06Z,46.29565000,13.17843333,1755.00,125.079
805,1,805,-892.804628157034,-4043.467077702793,2019-07-22T12:00:07Z,46.29573333,13.17826667,1759.00,125.066
806,1,806,-891.804628157034,-4042.467077702793,2019-07-22T12:00:08Z,46.29578333,13.17810000,1764.00,125.056
807,1,807,-890.804628157034,-4041.467077702793,2019-07-22T12:00:09Z,46.29580000,13.17795000,1769.00,125.051
808,1,808,-889.804628157034,-4040.467077702793,2019-07-22T12:00:10Z,46.29578333,13.17781667,1773.00,125.049
809,1,809,-888.804628157034,-4039.467077702793,2019-07-22T12:00:11Z,46.29571667,13.17768333,1776.00,125.053
810,1,810,-887.804628157034,-4038.467077702793,2019-07-22T12:00:12Z,46.29565000,13.17758333,1777.00,125.057
811,1,811,-886.804628157034,-4037.467077702793,2019-07-22T12:00:13Z,46.29555000,13.17748333,1778.00,125.065
812,1,812,-885.804628157034,-4036.467077702793,2019-07-22T12:00:14Z,46.29541667,13.17743333,1779.00,125.078
813,1,813,-884.804628157034,-4035.467077702793,2019-07-22T12:00:15Z,46.29530000,13.17743333,1781.00,125.09
814,1,814,-883.804628157034,-4034.467077702793,2019-07-22T12:00:16Z,46.29518333,13.17748333,1784.00,125.104
815,1,815,-882.804628157034,-4033.467077702793,2019-07-22T12:00:17Z,46.29508333,13.17756667,1788.00,125.116
816,1,816,-881.804628157034,-4032.467077702793,2019-07-22T12:00:18Z,46.29500000,13.17770000,1792.00,125.128
817,1,817,-880.804628157034,-4031.467077702793,2019-07-22T12:00:19Z,46.29495000,13.17785000,1794.00,125.137
818,1,818,-879.804628157034,-4030.467077702793,2019-07-22T12:00:20Z,46.29491667,13.17805000,1795.00,125.146
819,1,819,-878.804628157034,-4029.467077702793,2019-07-22T12:00:21Z,46.29493333,13.17823333,1797.00,125.149
820,1,820,-877.804628157034,-4028.467077702793,2019-07-22T12:00:22Z,46.29496667,13.17841667,1798.00,125.15
821,1,821,-876.804628157034,-4027.467077702793,2019-07-22T12:00:23Z,46.29503333,13.17858333,1799.00,125.147
822,1,822,-875.804628157034,-4026.467077702793,2019-07-22T12:00:24Z,46.29510000,13.17875000,1801.00,125.144
823,1,823,-874.804628157034,-4025.467077702793,2019-07-22T12:00:25Z,46.29520000,13.17890000,1802.00,125.138
824,1,824,-873.804628157034,-4024.467077702793,2019-07-22T12:00:26Z,46.29530000,13.17903333,1803.00,125.131
825,1,825,-872.804628157034,-4023.467077702793,2019-07-22T12:00:27Z,46.29543333,13.17913333,1806.00,125.119
826,1,826,-871.804628157034,-4022.467077702793,2019-07-22T12:00:28Z,46.29555000,13.17920000,1808.00,125.109
827,1,827,-870.804628157034,-4021.467077702793,2019-07-22T12:00:29Z,46.29568333,13.17923333,1808.00,125.096
828,1,828,-869.804628157034,-4020.467077702793,2019-07-22T12:00:30Z,46.29583333,13.17923333,1808.00,125.08
829,1,829,-868.804628157034,-4019.467077702793,2019-07-22T12:00:31Z,46.29600000,13.17923333,1808.00,125.062
830,1,830,-867.804628157034,-4018.467077702793,2019-07-22T12:00:32Z,46.29616667,13.17916667,1807.00,125.043
831,1,831,-866.804628157034,-4017.467077702793,2019-07-22T12:00:33Z,46.29631667,13.17906667,1809.00,125.025
832,1,832,-865.804628157034,-4016.467077702793,2019-07-22T12:00:34Z,46.29643333,13.17893333,1812.00,125.009
833,1,833,-864.804628157034,-4015.467077702793,2019-07-22T12:00:35Z,46.29655000,13.17878333,1814.00,124.993
834,1,834,-863.804628157034,-4014.467077702793,2019-07-22T12:00:36Z,46.29663333,13.17863333,1818.00,124.981
835,1,835,-862.804628157034,-4013.467077702793,2019-07-22T12:00:37Z,46.29671667,13.17848333,1821.00,124.968
836,1,836,-861.804628157034,-4012.467077702793,2019-07-22T12:00:38Z,46.29676667,13.17833333,1824.00,124.959
837,1,837,-860.804628157034,-4011.467077702793,2019-07-22T12:00:39Z,46.29680000,13.17818333,1827.00,124.952
838,1,838,-859.804628157034,-4010.467077702793,2019-07-22T12:00:40Z,46.29681667,13.17803333,1828.00,124.946
839,1,839,-858.804628157034,-4009.467077702793,2019-07-22T12:00:41Z,46.29681667,13.17786667,1830.00,124.942
840,1,840,-857.804628157034,-4008.467077702793,2019-07-22T12:00:42Z,46.29680000,13.17770000,1831.00,124.939
841,1,841,-856.804628157034,-4007.467077702793,2019-07-22T12:00:43Z,46.29675000,13.17753333,1832.00,124.94
842,1,842,-855.804628157034,-4006.467077702793,2019-07-22T12:00:44Z,46.29671667,13.17740000,1833.00,124.941
843,1,843,-854.804628157034,-4005.467077702793,2019-07-22T12:00:45Z,46.29665000,13.17726667,1835.00,124.944
844,1,844,-853.804628157034,-4004.467077702793,2019-07-22T12:00:46Z,46.29658333,13.17715000,1837.00,124.948
845,1,845,-852.804628157034,-4003.467077702793,2019-07-22T12:00:47Z,46.29650000,13.17708333,1839.00,124.955
846,1,846,-851.804628157034,-4002.467077702793,2019-07-22T12:00:48Z,46.29638333,13.17705000,1839.00,124.967
847,1,847,-850.804628157034,-4001.467077702793,2019-07-22T12:00:49Z,46.29628333,13.17706667,1841.00,124.978
848,1,848,-849.804628157034,-4000.467077702793,2019-07-22T12:00:50Z,46.29618333,13.17715000,1842.00,124.99
849,1,849,-848.804628157034,-3999.467077702793,2019-07-22T12:00:51Z,46.29610000,13.17726667,1844.00,125.002
850,1,850,-847.804628157034,-3998.467077702793,2019-07-22T12:00:52Z,46.29603333,13.17740000,1848.00,125.012
851,1,851,-846.804628157034,-3997.467077702793,2019-07-22T12:00:53Z,46.29600000,13.17755000,1850.00,125.02
852,1,852,-845.804628157034,-3996.467077702793,2019-07-22T12:00:54Z,46.29598333,13.17773333,1852.00,125.026
853,1,853,-844.804628157034,-3995.467077702793,2019-07-22T12:00:55Z,46.29600000,13.17791667,1853.00,125.029
854,1,854,-843.804628157034,-3994.467077702793,2019-07-22T12:00:56Z,46.29605000,13.17808333,1853.00,125.028
855,1,855,-842.804628157034,-3993.467077702793,2019-07-22T12:00:57Z,46.29613333,13.17826667,1854.00,125.024
856,1,856,-841.804628157034,-3992.467077702793,2019-07-22T12:00:58Z,46.29623333,13.17840000,1856.00,125.017
857,1,857,-840.804628157034,-3991.467077702793,2019-07-22T12:00:59Z,46.29633333,13.17853333,1858.00,125.01
858,1,858,-839.804628157034,-3990.467077702793,2019-07-22T12:01:00Z,46.29646667,13.17863333,1859.00,124.998
859,1,859,-838.804628157034,-3989.467077702793,2019-07-22T12:01:01Z,46.29661667,13.17870000,1860.00,124.984
860,1,860,-837.804628157034,-3988.467077702793,2019-07-22T12:01:02Z,46.29678333,13.17871667,1859.00,124.967
861,1,861,-836.804628157034,-3987.467077702793,2019-07-22T12:01:03Z,46.29695000,13.17868333,1862.00,124.949
862,1,862,-835.804628157034,-3986.467077702793,2019-07-22T12:01:04Z,46.29710000,13.17861667,1866.00,124.931
863,1,863,-834.804628157034,-3985.467077702793,2019-07-22T12:01:05Z,46.29725000,13.17853333,1869.00,124.913
864,1,864,-833.804628157034,-3984.467077702793,2019-07-22T12:01:06Z,46.29740000,13.17843333,1872.00,124.895
865,1,865,-832.804628157034,-3983.467077702793,2019-07-22T12:01:07Z,46.29753333,13.17831667,1875.00,124.878
866,1,866,-831.804628157034,-3982.467077702793,2019-07-22T12:01:08Z,46.29763333,13.17818333,1878.00,124.864
867,1,867,-830.804628157034,-3981.467077702793,2019-07-22T12:01:09Z,46.29773333,13.17801667,1880.00,124.85
868,1,868,-829.804628157034,-3980.467077702793,2019-07-22T12:01:10Z,46.29780000,13.17785000,1882.00,124.838
869,1,869,-828.804628157034,-3979.467077702793,2019-07-22T12:01:11Z,46.29783333,13.17766667,1882.00,124.83
870,1,870,-827.804628157034,-3978.467077702793,2019-07-22T12:01:12Z,46.29785000,13.17748333,1881.00,124.824
871,1,871,-826.804628157034,-3977.467077702793,2019-07-22T12:01:13Z,46.29785000,13.17730000,1882.00,124.819
872,1,872,-825.804628157034,-3976.467077702793,2019-07-22T12:01:14Z,46.29781667,13.17711667,1883.00,124.818
873,1,873,-824.804628157034,-3975.467077702793,2019-07-22T12:01:15Z,46.29776667,13.17695000,1882.00,124.819
874,1,874,-823.804628157034,-3974.467077702793,2019-07-22T12:01:16Z,46.29768333,13.17683333,1882.00,124.825
875,1,875,-822.804628157034,-3973.467077702793,2019-07-22T12:01:17Z,46.29758333,13.17673333,1882.00,124.833
876,1,876,-821.804628157034,-3972.467077702793,2019-07-22T12:01:18Z,46.29748333,13.17668333,1879.00,124.842
877,1,877,-820.804628157034,-3971.467077702793,2019-07-22T12:01:19Z,46.29736667,13.17668333,1879.00,124.854
878,1,878,-819.804628157034,-3970.467077702793,2019-07-22T12:01:20Z,46.29723333,13.17671667,1877.00,124.869
879,1,879,-818.804628157034,-3969.467077702793,2019-07-22T12:01:21Z,46.29711667,13.17681667,1876.00,124.884
880,1,880,-817.804628157034,-3968.467077702793,2019-07-22T12:01:22Z,46.29701667,13.17693333,1877.00,124.897
881,1,881,-816.804628157034,-3967.467077702793,2019-07-22T12:01:23Z,46.29693333,13.17708333,1878.00,124.91
882,1,882,-815.804628157034,-3966.467077702793,2019-07-22T12:01:24Z,46.29686667,13.17725000,1879.00,124.921
883,1,883,-814.804628157034,-3965.467077702793,2019-07-22T12:01:25Z,46.29681667,13.17740000,1881.00,124.93
884,1,884,-813.804628157034,-3964.467077702793,2019-07-22T12:01:26Z,46.29676667,13.17755000,1883.00,124.939
885,1,885,-812.804628157034,-3963.467077702793,2019-07-22T12:01:27Z,46.29673333,13.17770000,1884.00,124.946
886,1,886,-811.804628157034,-3962.467077702793,2019-07-22T12:01:28Z,46.29670000,13.17788333,1887.00,124.955
887,1,887,-810.804628157034,-3961.467077702793,2019-07-22T12:01:29Z,46.29670000,13.17806667,1887.00,124.959
888,1,888,-809.804628157034,-3960.467077702793,2019-07-22T12:01:30Z,46.29671667,13.17825000,1888.00,124.962
889,1,889,-808.804628157034,-3959.467077702793,2019-07-22T12:01:31Z,46.29675000,13.17843333,1888.00,124.963
890,1,890,-807.804628157034,-3958.467077702793,2019-07-22T12:01:32Z,46.29681667,13.17863333,1888.00,124.961
891,1,891,-806.804628157034,-3957.467077702793,2019-07-22T12:01:33Z,46.29691667,13.17880000,1889.00,124.955
892,1,892,-805.804628157034,-3956.467077702793,2019-07-22T12:01:34Z,46.29703333,13.17895000,1890.00,124.947
893,1,893,-804.804628157034,-3955.467077702793,2019-07-22T12:01:35Z,46.29715000,13.17906667,1892.00,124.937
894,1,894,-803.804628157034,-3954.467077702793,2019-07-22T12:01:36Z,46.29730000,13.17913333,1895.00,124.923
895,1,895,-802.804628157034,-3953.467077702793,2019-07-22T12:01:37Z,46.29743333,13.17915000,1896.00,124.91
896,1,896,-801.804628157034,-3952.467077702793,2019-07-22T12:01:38Z,46.29756667,13.17913333,1897.00,124.896
897,1,897,-800.804628157034,-3951.467077702793,2019-07-22T12:01:39Z,46.29770000,13.17906667,1898.00,124.88
898,1,898,-799.804628157034,-3950.467077702793,2019-07-22T12:01:40Z,46.29783333,13.17895000,1898.00,124.863
899,1,899,-798.804628157034,-3949.467077702793,2019-07-22T12:01:41Z,46.29793333,13.17880000,1898.00,124.849
900,1,900,-797.804628157034,-3948.467077702793,2019-07-22T12:01:42Z,46.29800000,13.17861667,1896.00,124.837
901,1,901,-796.804628157034,-3947.467077702793,2019-07-22T12:01:43Z,46.29805000,13.17843333,1897.00,124.827
902,1,902,-795.804628157034,-3946.467077702793,2019-07-22T12:01:44Z,46.29806667,13.17823333,1898.00,124.82
903,1,903,-794.804628157034,-3945.467077702793,2019-07-22T12:01:45Z,46.29806667,13.17808333,1901.00,124.816
904,1,904,-793.804628157034,-3944.467077702793,2019-07-22T12:01:46Z,46.29805000,13.17793333,1903.00,124.814
905,1,905,-792.804628157034,-3943.467077702793,2019-07-22T12:01:47Z,46.29800000,13.17778333,1903.00,124.816
906,1,906,-791.804628157034,-3942.467077702793,2019-07-22T12:01:48Z,46.29791667,13.17768333,1903.00,124.822
907,1,907,-790.804628157034,-3941.467077702793,2019-07-22T12:01:49Z,46.29780000,13.17760000,1902.00,124.832
908,1,908,-789.804628157034,-3940.467077702793,2019-07-22T12:01:50Z,46.29768333,13.17756667,1899.00,124.843
909,1,909,-788.804628157034,-3939.467077702793,2019-07-22T12:01:51Z,46.29755000,13.17756667,1899.00,124.857
910,1,910,-787.804628157034,-3938.467077702793,2019-07-22T12:01:52Z,46.29743333,13.17760000,1899.00,124.87
911,1,911,-786.804628157034,-3937.467077702793,2019-07-22T12:01:53Z,46.29733333,13.17766667,1902.00,124.883
912,1,912,-785.804628157034,-3936.467077702793,2019-07-22T12:01:54Z,46.29723333,13.17775000,1904.00,124.895
913,1,913,-784.804628157034,-3935.467077702793,2019-07-22T12:01:55Z,46.29715000,13.17785000,1904.00,124.906
914,1,914,-783.804628157034,-3934.467077702793,2019-07-22T12:01:56Z,46.29706667,13.17798333,1906.00,124.919
915,1,915,-782.804628157034,-3933.467077702793,2019-07-22T12:01:57Z,46.29700000,13.17811667,1908.00,124.929
916,1,916,-781.804628157034,-3932.467077702793,2019-07-22T12:01:58Z,46.29695000,13.17828333,1910.00,124.938
917,1,917,-780.804628157034,-3931.467077702793,2019-07-22T12:01:59Z,46.29691667,13.17843333,1909.00,124.946
918,1,918,-779.804628157034,-3930.467077702793,2019-07-22T12:02:00Z,46.29691667,13.17860000,1910.00,124.95
919,1,919,-778.804628157034,-3929.467077702793,2019-07-22T12:02:01Z,46.29695000,13.17878333,1908.00,124.951
920,1,920,-777.804628157034,-3928.467077702793,2019-07-22T12:02:02Z,46.29701667,13.17895000,1908.00,124.948
921,1,921,-776.804628157034,-3927.467077702793,2019-07-22T12:02:03Z,46.29710000,13.17910000,1906.00,124.944
922,1,922,-775.804628157034,-3926.467077702793,2019-07-22T12:02:04Z,46.29723333,13.17921667,1902.00,124.933
923,1,923,-774.804628157034,-3925.467077702793,2019-07-22T12:02:05Z,46.29738333,13.17930000,1900.00,124.919
924,1,924,-773.804628157034,-3924.467077702793,2019-07-22T12:02:06Z,46.29755000,13.17933333,1898.00,124.902
925,1,925,-772.804628157034,-3923.467077702793,2019-07-22T12:02:07Z,46.29771667,13.17933333,1898.00,124.885
926,1,926,-771.804628157034,-3922.467077702793,2019-07-22T12:02:08Z,46.29786667,13.17931667,1901.00,124.869
927,1,927,-770.804628157034,-3921.467077702793,2019-07-22T12:02:09Z,46.29800000,13.17928333,1903.00,124.854
928,1,928,-769.804628157034,-3920.467077702793,2019-07-22T12:02:10Z,46.29813333,13.17921667,1905.00,124.838
929,1,929,-768.804628157034,-3919.467077702793,2019-07-22T12:02:11Z,46.29825000,13.17911667,1906.00,124.823
930,1,930,-767.804628157034,-3918.467077702793,2019-07-22T12:02:12Z,46.29835000,13.17900000,1905.00,124.81
931,1,931,-766.804628157034,-3917.467077702793,2019-07-22T12:02:13Z,46.29845000,13.17886667,1905.00,124.796
932,1,932,-765.804628157034,-3916.467077702793,2019-07-22T12:02:14Z,46.29853333,13.17871667,1905.00,124.784
933,1,933,-764.804628157034,-3915.467077702793,2019-07-22T12:02:15Z,46.29861667,13.17858333,1905.00,124.771
934,1,934,-763.804628157034,-3914.467077702793,2019-07-22T12:02:16Z,46.29868333,13.17843333,1905.00,124.761
935,1,935,-762.804628157034,-3913.467077702793,2019-07-22T12:02:17Z,46.29876667,13.17828333,1906.00,124.748
936,1,936,-761.804628157034,-3912.467077702793,2019-07-22T12:02:18Z,46.29881667,13.17811667,1906.00,124.738
937,1,937,-760.804628157034,-3911.467077702793,2019-07-22T12:02:19Z,46.29886667,13.17796667,1905.00,124.729
938,1,938,-759.804628157034,-3910.467077702793,2019-07-22T12:02:20Z,46.29891667,13.17780000,1905.00,124.72
939,1,939,-758.804628157034,-3909.467077702793,2019-07-22T12:02:21Z,46.29895000,13.17765000,1905.00,124.713
940,1,940,-757.804628157034,-3908.467077702793,2019-07-22T12:02:22Z,46.29898333,13.17748333,1905.00,124.705
941,1,941,-756.804628157034,-3907.467077702793,2019-07-22T12:02:23Z,46.29903333,13.17733333,1903.00,124.696
942,1,942,-755.804628157034,-3906.467077702793,2019-07-22T12:02:24Z,46.29908333,13.17713333,1903.00,124.685
943,1,943,-754.804628157034,-3905.467077702793,2019-07-22T12:02:25Z,46.29913333,13.17693333,1900.00,124.675
944,1,944,-753.804628157034,-3904.467077702793,2019-07-22T12:02:26Z,46.29918333,13.17671667,1897.00,124.664
945,1,945,-752.804628157034,-3903.467077702793,2019-07-22T12:02:27Z,46.29920000,13.17651667,1897.00,124.657
946,1,946,-751.804628157034,-3902.467077702793,2019-07-22T12:02:28Z,46.29921667,13.17633333,1897.00,124.651
947,1,947,-750.804628157034,-3901.467077702793,2019-07-22T12:02:29Z,46.29921667,13.17611667,1898.00,124.646
948,1,948,-749.804628157034,-3900.467077702793,2019-07-22T12:02:30Z,46.29920000,13.17590000,1901.00,124.642
949,1,949,-748.804628157034,-3899.467077702793,2019-07-22T12:02:31Z,46.29915000,13.17571667,1904.00,124.642
950,1,950,-747.804628157034,-3898.467077702793,2019-07-22T12:02:32Z,46.29910000,13.17555000,1904.00,124.644
951,1,951,-746.804628157034,-3897.467077702793,2019-07-22T12:02:33Z,46.29901667,13.17545000,1907.00,124.65
952,1,952,-745.804628157034,-3896.467077702793,2019-07-22T12:02:34Z,46.29893333,13.17536667,1909.00,124.656
953,1,953,-744.804628157034,-3895.467077702793,2019-07-22T12:02:35Z,46.29881667,13.17533333,1913.00,124.668
954,1,954,-743.804628157034,-3894.467077702793,2019-07-22T12:02:36Z,46.29870000,13.17533333,1915.00,124.68
955,1,955,-742.804628157034,-3893.467077702793,2019-07-22T12:02:37Z,46.29856667,13.17536667,1917.00,124.695
956,1,956,-741.804628157034,-3892.467077702793,2019-07-22T12:02:38Z,46.29845000,13.17541667,1917.00,124.708
957,1,957,-740.804628157034,-3891.467077702793,2019-07-22T12:02:39Z,46.29833333,13.17551667,1916.00,124.723
958,1,958,-739.804628157034,-3890.467077702793,2019-07-22T12:02:40Z,46.29821667,13.17565000,1915.00,124.739
959,1,959,-738.804628157034,-3889.467077702793,2019-07-22T12:02:41Z,46.29811667,13.17583333,1915.00,124.754
960,1,960,-737.804628157034,-3888.467077702793,2019-07-22T12:02:42Z,46.29805000,13.17605000,1917.00,124.766
961,1,961,-736.804628157034,-3887.467077702793,2019-07-22T12:02:43Z,46.29801667,13.17630000,1920.00,124.776
962,1,962,-735.804628157034,-3886.467077702793,2019-07-22T12:02:44Z,46.29803333,13.17653333,1924.00,124.78
963,1,963,-734.804628157034,-3885.467077702793,2019-07-22T12:02:45Z,46.29808333,13.17675000,1927.00,124.781
964,1,964,-733.804628157034,-3884.467077702793,2019-07-22T12:02:46Z,46.29818333,13.17695000,1930.00,124.775
965,1,965,-732.804628157034,-3883.467077702793,2019-07-22T12:02:47Z,46.29830000,13.17713333,1932.00,124.768
966,1,966,-731.804628157034,-3882.467077702793,2019-07-22T12:02:48Z,46.29845000,13.17726667,1933.00,124.755
967,1,967,-730.804628157034,-3881.467077702793,2019-07-22T12:02:49Z,46.29861667,13.17735000,1932.00,124.74
968,1,968,-729.804628157034,-3880.467077702793,2019-07-22T12:02:50Z,46.29878333,13.17736667,1932.00,124.723
969,1,969,-728.804628157034,-3879.467077702793,2019-07-22T12:02:51Z,46.29895000,13.17736667,1933.00,124.705
970,1,970,-727.804628157034,-3878.467077702793,2019-07-22T12:02:52Z,46.29910000,13.17735000,1937.00,124.689
971,1,971,-726.804628157034,-3877.467077702793,2019-07-22T12:02:53Z,46.29925000,13.17731667,1940.00,124.673
972,1,972,-725.804628157034,-3876.467077702793,2019-07-22T12:02:54Z,46.29940000,13.17731667,1943.00,124.657
973,1,973,-724.804628157034,-3875.467077702793,2019-07-22T12:02:55Z,46.29953333,13.17730000,1944.00,124.642
974,1,974,-723.804628157034,-3874.467077702793,2019-07-22T12:02:56Z,46.29968333,13.17726667,1943.00,124.626
975,1,975,-722.804628157034,-3873.467077702793,2019-07-22T12:02:57Z,46.29983333,13.17721667,1943.00,124.609
976,1,976,-721.804628157034,-3872.467077702793,2019-07-22T12:02:58Z,46.30000000,13.17711667,1942.00,124.589
977,1,977,-720.804628157034,-3871.467077702793,2019-07-22T12:02:59Z,46.30013333,13.17698333,1940.00,124.571
978,1,978,-719.804628157034,-3870.467077702793,2019-07-22T12:03:00Z,46.30025000,13.17681667,1937.00,124.555
979,1,979,-718.804628157034,-3869.467077702793,2019-07-22T12:03:01Z,46.30036667,13.17663333,1936.00,124.538
980,1,980,-717.804628157034,-3868.467077702793,2019-07-22T12:03:02Z,46.30046667,13.17643333,1934.00,124.522
981,1,981,-716.804628157034,-3867.467077702793,2019-07-22T12:03:03Z,46.30055000,13.17626667,1936.00,124.509
982,1,982,-715.804628157034,-3866.467077702793,2019-07-22T12:03:04Z,46.30063333,13.17610000,1939.00,124.496
983,1,983,-714.804628157034,-3865.467077702793,2019-07-22T12:03:05Z,46.30071667,13.17595000,1940.00,124.484
984,1,984,-713.804628157034,-3864.467077702793,2019-07-22T12:03:06Z,46.30078333,13.17578333,1940.00,124.473
985,1,985,-712.804628157034,-3863.467077702793,2019-07-22T12:03:07Z,46.30083333,13.17561667,1941.00,124.463
986,1,986,-711.804628157034,-3862.467077702793,2019-07-22T12:03:08Z,46.30086667,13.17545000,1942.00,124.455
987,1,987,-710.804628157034,-3861.467077702793,2019-07-22T12:03:09Z,46.30091667,13.17528333,1944.00,124.446
988,1,988,-709.804628157034,-3860.467077702793,2019-07-22T12:03:10Z,46.30093333,13.17511667,1946.00,124.44
989,1,989,-708.804628157034,-3859.467077702793,2019-07-22T12:03:11Z,46.30096667,13.17493333,1948.00,124.432
990,1,990,-707.804628157034,-3858.467077702793,2019-07-22T12:03:12Z,46.30098333,13.17475000,1949.00,124.426
991,1,991,-706.804628157034,-3857.467077702793,2019-07-22T12:03:13Z,46.30098333,13.17458333,1950.00,124.421
992,1,992,-705.804628157034,-3856.467077702793,2019-07-22T12:03:14Z,46.30096667,13.17440000,1950.00,124.418
993,1,993,-704.804628157034,-3855.467077702793,2019-07-22T12:03:15Z,46.30095000,13.17421667,1953.00,124.416
994,1,994,-703.804628157034,-3854.467077702793,2019-07-22T12:03:16Z,46.30093333,13.17403333,1956.00,124.413
995,1,995,-702.804628157034,-3853.467077702793,2019-07-22T12:03:17Z,46.30091667,13.17386667,1960.00,124.41
996,1,996,-701.804628157034,-3852.467077702793,2019-07-22T12:03:18Z,46.30090000,13.17368333,1963.00,124.408
997,1,997,-700.804628157034,-3851.467077702793,2019-07-22T12:03:19Z,46.30090000,13.17350000,1966.00,124.403
998,1,998,-699.804628157034,-3850.467077702793,2019-07-22T12:03:20Z,46.30090000,13.17331667,1968.00,124.398
999,1,999,-698.804628157034,-3849.467077702793,2019-07-22T12:03:21Z,46.30090000,13.17313333,1970.00,124.394
1000,1,1000,-697.804628157034,-3848.467077702793,2019-07-22T12:03:22Z,46.30090000,13.17296667,1971.00,124.39
1001,1,1001,-696.804628157034,-3847.467077702793,2019-07-22T12:03:23Z,46.30090000,13.17276667,1973.00,124.385
1002,1,1002,-695.804628157034,-3846.467077702793,2019-07-22T12:03:24Z,46.30091667,13.17256667,1974.00,124.378
1003,1,1003,-694.804628157034,-3845.467077702793,2019-07-22T12:03:25Z,46.30093333,13.17235000,1975.00,124.371
1004,1,1004,-693.804628157034,-3844.467077702793,2019-07-22T12:03:26Z,46.30095000,13.17215000,1974.00,124.364
1005,1,1005,-692.804628157034,-3843.467077702793,2019-07-22T12:03:27Z,46.30096667,13.17196667,1976.00,124.358
1006,1,1006,-691.804628157034,-3842.467077702793,2019-07-22T12:03:28Z,46.30096667,13.17180000,1977.00,124.354
1007,1,1007,-690.804628157034,-3841.467077702793,2019-07-22T12:03:29Z,46.30096667,13.17165000,1979.00,124.35
1008,1,1008,-689.804628157034,-3840.467077702793,2019-07-22T12:03:30Z,46.30095000,13.17148333,1980.00,124.348
1009,1,1009,-688.804628157034,-3839.467077702793,2019-07-22T12:03:31Z,46.30091667,13.17133333,1979.00,124.347
1010,1,1010,-687.804628157034,-3838.467077702793,2019-07-22T12:03:32Z,46.30085000,13.17118333,1977.00,124.351
1011,1,1011,-686.804628157034,-3837.467077702793,2019-07-22T12:03:33Z,46.30076667,13.17108333,1975.00,124.357
1012,1,1012,-685.804628157034,-3836.467077702793,2019-07-22T12:03:34Z,46.30068333,13.17100000,1972.00,124.364
1013,1,1013,-684.804628157034,-3835.467077702793,2019-07-22T12:03:35Z,46.30056667,13.17093333,1972.00,124.374
1014,1,1014,-683.804628157034,-3834.467077702793,2019-07-22T12:03:36Z,46.30046667,13.17086667,1972.00,124.383
1015,1,1015,-682.804628157034,-3833.467077702793,2019-07-22T12:03:37Z,46.30038333,13.17076667,1971.00,124.39
1016,1,1016,-681.804628157034,-3832.467077702793,2019-07-22T12:03:38Z,46.30028333,13.17066667,1969.00,124.398
1017,1,1017,-680.804628157034,-3831.467077702793,2019-07-22T12:03:39Z,46.30021667,13.17053333,1968.00,124.402
1018,1,1018,-679.804628157034,-3830.467077702793,2019-07-22T12:03:40Z,46.30015000,13.17038333,1964.00,124.405
1019,1,1019,-678.804628157034,-3829.467077702793,2019-07-22T12:03:41Z,46.30010000,13.17020000,1960.00,124.406
1020,1,1020,-677.804628157034,-3828.467077702793,2019-07-22T12:03:42Z,46.30008333,13.16998333,1957.00,124.402
1021,1,1021,-676.804628157034,-3827.467077702793,2019-07-22T12:03:43Z,46.30008333,13.16980000,1955.00,124.398
1022,1,1022,-675.804628157034,-3826.467077702793,2019-07-22T12:03:44Z,46.30010000,13.16960000,1954.00,124.391
1023,1,1023,-674.804628157034,-3825.467077702793,2019-07-22T12:03:45Z,46.30010000,13.16941667,1954.00,124.387
1024,1,1024,-673.804628157034,-3824.467077702793,2019-07-22T12:03:46Z,46.30010000,13.16923333,1952.00,124.382
1025,1,1025,-672.804628157034,-3823.467077702793,2019-07-22T12:03:47Z,46.30008333,13.16901667,1949.00,124.379
1026,1,1026,-671.804628157034,-3822.467077702793,2019-07-22T12:03:48Z,46.30006667,13.16880000,1948.00,124.375
1027,1,1027,-670.804628157034,-3821.467077702793,2019-07-22T12:03:49Z,46.30003333,13.16858333,1947.00,124.374
1028,1,1028,-669.804628157034,-3820.467077702793,2019-07-22T12:03:50Z,46.30001667,13.16836667,1949.00,124.37
1029,1,1029,-668.804628157034,-3819.467077702793,2019-07-22T12:03:51Z,46.29998333,13.16816667,1951.00,124.369
1030,1,1030,-667.804628157034,-3818.467077702793,2019-07-22T12:03:52Z,46.29993333,13.16798333,1954.00,124.37
1031,1,1031,-666.804628157034,-3817.467077702793,2019-07-22T12:03:53Z,46.29988333,13.16781667,1957.00,124.371
1032,1,1032,-665.804628157034,-3816.467077702793,2019-07-22T12:03:54Z,46.29980000,13.16766667,1961.00,124.376
1033,1,1033,-664.804628157034,-3815.467077702793,2019-07-22T12:03:55Z,46.29970000,13.16753333,1964.00,124.384
1034,1,1034,-663.804628157034,-3814.467077702793,2019-07-22T12:03:56Z,46.29956667,13.16745000,1967.00,124.396
1035,1,1035,-662.804628157034,-3813.467077702793,2019-07-22T12:03:57Z,46.29945000,13.16741667,1970.00,124.407
1036,1,1036,-661.804628157034,-3812.467077702793,2019-07-22T12:03:58Z,46.29931667,13.16741667,1972.00,124.421
1037,1,1037,-660.804628157034,-3811.467077702793,2019-07-22T12:03:59Z,46.29920000,13.16748333,1975.00,124.435
1038,1,1038,-659.804628157034,-3810.467077702793,2019-07-22T12:04:00Z,46.29910000,13.16760000,1977.00,124.449
1039,1,1039,-658.804628157034,-3809.467077702793,2019-07-22T12:04:01Z,46.29901667,13.16776667,1979.00,124.461
1040,1,1040,-657.804628157034,-3808.467077702793,2019-07-22T12:04:02Z,46.29896667,13.16795000,1979.00,124.471
1041,1,1041,-656.804628157034,-3807.467077702793,2019-07-22T12:04:03Z,46.29896667,13.16815000,1980.00,124.476
1042,1,1042,-655.804628157034,-3806.467077702793,2019-07-22T12:04:04Z,46.29901667,13.16835000,1981.00,124.475
1043,1,1043,-654.804628157034,-3805.467077702793,2019-07-22T12:04:05Z,46.29908333,13.16853333,1980.00,124.473
1044,1,1044,-653.804628157034,-3804.467077702793,2019-07-22T12:04:06Z,46.29920000,13.16865000,1979.00,124.463
1045,1,1045,-652.804628157034,-3803.467077702793,2019-07-22T12:04:07Z,46.29933333,13.16873333,1979.00,124.451
1046,1,1046,-651.804628157034,-3802.467077702793,2019-07-22T12:04:08Z,46.29946667,13.16875000,1978.00,124.437
1047,1,1047,-650.804628157034,-3801.467077702793,2019-07-22T12:04:09Z,46.29960000,13.16868333,1976.00,124.422
1048,1,1048,-649.804628157034,-3800.467077702793,2019-07-22T12:04:10Z,46.29971667,13.16855000,1975.00,124.406
1049,1,1049,-648.804628157034,-3799.467077702793,2019-07-22T12:04:11Z,46.29978333,13.16836667,1973.00,124.395
1050,1,1050,-647.804628157034,-3798.467077702793,2019-07-22T12:04:12Z,46.29983333,13.16816667,1974.00,124.385
1051,1,1051,-646.804628157034,-3797.467077702793,2019-07-22T12:04:13Z,46.29985000,13.16796667,1974.00,124.378
1052,1,1052,-645.804628157034,-3796.467077702793,2019-07-22T12:04:14Z,46.29985000,13.16776667,1974.00,124.373
1053,1,1053,-644.804628157034,-3795.467077702793,2019-07-22T12:04:15Z,46.29985000,13.16756667,1978.00,124.369
1054,1,1054,-643.804628157034,-3794.467077702793,2019-07-22T12:04:16Z,46.29981667,13.16738333,1982.00,124.368
1055,1,1055,-642.804628157034,-3793.467077702793,2019-07-22T12:04:17Z,46.29978333,13.16720000,1984.00,124.367
1056,1,1056,-641.804628157034,-3792.467077702793,2019-07-22T12:04:18Z,46.29971667,13.16703333,1985.00,124.37
1057,1,1057,-640.804628157034,-3791.467077702793,2019-07-22T12:04:19Z,46.29965000,13.16690000,1987.00,124.374
1058,1,1058,-639.804628157034,-3790.467077702793,2019-07-22T12:04:20Z,46.29956667,13.16678333,1991.00,124.38
1059,1,1059,-638.804628157034,-3789.467077702793,2019-07-22T12:04:21Z,46.29946667,13.16668333,1994.00,124.388
1060,1,1060,-637.804628157034,-3788.467077702793,2019-07-22T12:04:22Z,46.29935000,13.16663333,1996.00,124.399
1061,1,1061,-636.804628157034,-3787.467077702793,2019-07-22T12:04:23Z,46.29923333,13.16663333,1998.00,124.412
1062,1,1062,-635.804628157034,-3786.467077702793,2019-07-22T12:04:24Z,46.29910000,13.16668333,1999.00,124.427
1063,1,1063,-634.804628157034,-3785.467077702793,2019-07-22T12:04:25Z,46.29900000,13.16676667,1999.00,124.439
1064,1,1064,-633.804628157034,-3784.467077702793,2019-07-22T12:04:26Z,46.29890000,13.16688333,2001.00,124.453
1065,1,1065,-632.804628157034,-3783.467077702793,2019-07-22T12:04:27Z,46.29881667,13.16701667,2003.00,124.465
1066,1,1066,-631.804628157034,-3782.467077702793,2019-07-22T12:04:28Z,46.29875000,13.16720000,2002.00,124.476
1067,1,1067,-630.804628157034,-3781.467077702793,2019-07-22T12:04:29Z,46.29870000,13.16743333,2000.00,124.487
1068,1,1068,-629.804628157034,-3780.467077702793,2019-07-22T12:04:30Z,46.29868333,13.16766667,1998.00,124.494
1069,1,1069,-628.804628157034,-3779.467077702793,2019-07-22T12:04:31Z,46.29868333,13.16786667,1997.00,124.499
1070,1,1070,-627.804628157034,-3778.467077702793,2019-07-22T12:04:32Z,46.29870000,13.16808333,1998.00,124.503
1071,1,1071,-626.804628157034,-3777.467077702793,2019-07-22T12:04:33Z,46.29873333,13.16828333,1999.00,124.504
1072,1,1072,-625.804628157034,-3776.467077702793,2019-07-22T12:04:34Z,46.29878333,13.16846667,1999.00,124.503
1073,1,1073,-624.804628157034,-3775.467077702793,2019-07-22T12:04:35Z,46.29885000,13.16863333,1999.00,124.5
1074,1,1074,-623.804628157034,-3774.467077702793,2019-07-22T12:04:36Z,46.29893333,13.16880000,1998.00,124.495
1075,1,1075,-622.804628157034,-3773.467077702793,2019-07-22T12:04:37Z,46.29903333,13.16895000,1997.00,124.488
1076,1,1076,-621.804628157034,-3772.467077702793,2019-07-22T12:04:38Z,46.29913333,13.16910000,1997.00,124.481
1077,1,1077,-620.804628157034,-3771.467077702793,2019-07-22T12:04:39Z,46.29925000,13.16921667,1996.00,124.472
1078,1,1078,-619.804628157034,-3770.467077702793,2019-07-22T12:04:40Z,46.29936667,13.16931667,1994.00,124.462
1079,1,1079,-618.804628157034,-3769.467077702793,2019-07-22T12:04:41Z,46.29948333,13.16938333,1992.00,124.451
1080,1,1080,-617.804628157034,-3768.467077702793,2019-07-22T12:04:42Z,46.29963333,13.16946667,1990.00,124.437
1081,1,1081,-616.804628157034,-3767.467077702793,2019-07-22T12:04:43Z,46.29976667,13.16951667,1987.00,124.424
1082,1,1082,-615.804628157034,-3766.467077702793,2019-07-22T12:04:44Z,46.29993333,13.16956667,1985.00,124.408
1083,1,1083,-614.804628157034,-3765.467077702793,2019-07-22T12:04:45Z,46.30006667,13.16960000,1983.00,124.395
1084,1,1084,-613.804628157034,-3764.467077702793,2019-07-22T12:04:46Z,46.30021667,13.16961667,1982.00,124.379
1085,1,1085,-612.804628157034,-3763.467077702793,2019-07-22T12:04:47Z,46.30033333,13.16961667,1982.00,124.367
1086,1,1086,-611.804628157034,-3762.467077702793,2019-07-22T12:04:48Z,46.30046667,13.16960000,1982.00,124.352
1087,1,1087,-610.804628157034,-3761.467077702793,2019-07-22T12:04:49Z,46.30058333,13.16955000,1980.00,124.339
1088,1,1088,-609.804628157034,-3760.467077702793,2019-07-22T12:04:50Z,46.30071667,13.16946667,1980.00,124.323
1089,1,1089,-608.804628157034,-3759.467077702793,2019-07-22T12:04:51Z,46.30083333,13.16935000,1979.00,124.308
1090,1,1090,-607.804628157034,-3758.467077702793,2019-07-22T12:04:52Z,46.30095000,13.16921667,1979.00,124.292
1091,1,1091,-606.804628157034,-3757.467077702793,2019-07-22T12:04:53Z,46.30105000,13.16908333,1981.00,124.278
1092,1,1092,-605.804628157034,-3756.467077702793,2019-07-22T12:04:54Z,46.30113333,13.16890000,1983.00,124.265
1093,1,1093,-604.804628157034,-3755.467077702793,2019-07-22T12:04:55Z,46.30116667,13.16871667,1983.00,124.257
1094,1,1094,-603.804628157034,-3754.467077702793,2019-07-22T12:04:56Z,46.30118333,13.16851667,1984.00,124.251
1095,1,1095,-602.804628157034,-3753.467077702793,2019-07-22T12:04:57Z,46.30118333,13.16831667,1987.00,124.246
1096,1,1096,-601.804628157034,-3752.467077702793,2019-07-22T12:04:58Z,46.30115000,13.16811667,1987.00,124.245
1097,1,1097,-600.804628157034,-3751.467077702793,2019-07-22T12:04:59Z,46.30108333,13.16793333,1990.00,124.247
1098,1,1098,-599.804628157034,-3750.467077702793,2019-07-22T12:05:00Z,46.30101667,13.16776667,1992.00,124.25
1099,1,1099,-598.804628157034,-3749.467077702793,2019-07-22T12:05:01Z,46.30093333,13.16761667,1994.00,124.255
1100,1,1100,-597.804628157034,-3748.467077702793,2019-07-22T12:05:02Z,46.30083333,13.16750000,1998.00,124.263
1101,1,1101,-596.804628157034,-3747.467077702793,2019-07-22T12:05:03Z,46.30075000,13.16741667,2002.00,124.27
1102,1,1102,-595.804628157034,-3746.467077702793,2019-07-22T12:05:04Z,46.30063333,13.16736667,2005.00,124.281
1103,1,1103,-594.804628157034,-3745.467077702793,2019-07-22T12:05:05Z,46.30051667,13.16736667,2007.00,124.293
1104,1,1104,-593.804628157034,-3744.467077702793,2019-07-22T12:05:06Z,46.30040000,13.16741667,2008.00,124.307
1105,1,1105,-592.804628157034,-3743.467077702793,2019-07-22T12:05:07Z,46.30028333,13.16751667,2010.00,124.322
1106,1,1106,-591.804628157034,-3742.467077702793,2019-07-22T12:05:08Z,46.30020000,13.16768333,2012.00,124.334
1107,1,1107,-590.804628157034,-3741.467077702793,2019-07-22T12:05:09Z,46.30015000,13.16788333,2015.00,124.345
1108,1,1108,-589.804628157034,-3740.467077702793,2019-07-22T12:05:10Z,46.30013333,13.16810000,2018.00,124.351
1109,1,1109,-588.804628157034,-3739.467077702793,2019-07-22T12:05:11Z,46.30016667,13.16830000,2019.00,124.353
1110,1,1110,-587.804628157034,-3738.467077702793,2019-07-22T12:05:12Z,46.30025000,13.16846667,2020.00,124.348
1111,1,1111,-586.804628157034,-3737.467077702793,2019-07-22T12:05:13Z,46.30036667,13.16861667,2022.00,124.339
1112,1,1112,-585.804628157034,-3736.467077702793,2019-07-22T12:05:14Z,46.30048333,13.16873333,2022.00,124.33
1113,1,1113,-584.804628157034,-3735.467077702793,2019-07-22T12:05:15Z,46.30063333,13.16881667,2021.00,124.316
1114,1,1114,-583.804628157034,-3734.467077702793,2019-07-22T12:05:16Z,46.30078333,13.16885000,2020.00,124.301
1115,1,1115,-582.804628157034,-3733.467077702793,2019-07-22T12:05:17Z,46.30095000,13.16883333,2020.00,124.283
1116,1,1116,-581.804628157034,-3732.467077702793,2019-07-22T12:05:18Z,46.30110000,13.16878333,2020.00,124.266
1117,1,1117,-580.804628157034,-3731.467077702793,2019-07-22T12:05:19Z,46.30123333,13.16871667,2021.00,124.25
1118,1,1118,-579.804628157034,-3730.467077702793,2019-07-22T12:05:20Z,46.30135000,13.16860000,2023.00,124.235
1119,1,1119,-578.804628157034,-3729.467077702793,2019-07-22T12:05:21Z,46.30145000,13.16846667,2024.00,124.221
1120,1,1120,-577.804628157034,-3728.467077702793,2019-07-22T12:05:22Z,46.30153333,13.16830000,2025.00,124.208
1121,1,1121,-576.804628157034,-3727.467077702793,2019-07-22T12:05:23Z,46.30158333,13.16813333,2025.00,124.199
1122,1,1122,-575.804628157034,-3726.467077702793,2019-07-22T12:05:24Z,46.30161667,13.16793333,2026.00,124.191
1123,1,1123,-574.804628157034,-3725.467077702793,2019-07-22T12:05:25Z,46.30163333,13.16775000,2027.00,124.185
1124,1,1124,-573.804628157034,-3724.467077702793,2019-07-22T12:05:26Z,46.30163333,13.16756667,2030.00,124.18
1125,1,1125,-572.804628157034,-3723.467077702793,2019-07-22T12:05:27Z,46.30161667,13.16738333,2032.00,124.178
1126,1,1126,-571.804628157034,-3722.467077702793,2019-07-22T12:05:28Z,46.30156667,13.16721667,2035.00,124.179
1127,1,1127,-570.804628157034,-3721.467077702793,2019-07-22T12:05:29Z,46.30151667,13.16706667,2038.00,124.181
1128,1,1128,-569.804628157034,-3720.467077702793,2019-07-22T12:05:30Z,46.30143333,13.16693333,2040.00,124.186
1129,1,1129,-568.804628157034,-3719.467077702793,2019-07-22T12:05:31Z,46.30135000,13.16683333,2042.00,124.193
1130,1,1130,-567.804628157034,-3718.467077702793,2019-07-22T12:05:32Z,46.30125000,13.16671667,2044.00,124.2
1131,1,1131,-566.804628157034,-3717.467077702793,2019-07-22T12:05:33Z,46.30113333,13.16665000,2046.00,124.211
1132,1,1132,-565.804628157034,-3716.467077702793,2019-07-22T12:05:34Z,46.30103333,13.16658333,2046.00,124.22
1133,1,1133,-564.804628157034,-3715.467077702793,2019-07-22T12:05:35Z,46.30091667,13.16653333,2048.00,124.231
1134,1,1134,-563.804628157034,-3714.467077702793,2019-07-22T12:05:36Z,46.30080000,13.16653333,2048.00,124.244
1135,1,1135,-562.804628157034,-3713.467077702793,2019-07-22T12:05:37Z,46.30068333,13.16655000,2048.00,124.256
1136,1,1136,-561.804628157034,-3712.467077702793,2019-07-22T12:05:38Z,46.30056667,13.16661667,2049.00,124.27
1137,1,1137,-560.804628157034,-3711.467077702793,2019-07-22T12:05:39Z,46.30043333,13.16670000,2050.00,124.286
1138,1,1138,-559.804628157034,-3710.467077702793,2019-07-22T12:05:40Z,46.30033333,13.16683333,2050.00,124.3
1139,1,1139,-558.804628157034,-3709.467077702793,2019-07-22T12:05:41Z,46.30025000,13.16701667,2049.00,124.313
1140,1,1140,-557.804628157034,-3708.467077702793,2019-07-22T12:05:42Z,46.30020000,13.16721667,2049.00,124.323
1141,1,1141,-556.804628157034,-3707.467077702793,2019-07-22T12:05:43Z,46.30016667,13.16743333,2052.00,124.332
1142,1,1142,-555.804628157034,-3706.467077702793,2019-07-22T12:05:44Z,46.30016667,13.16765000,2054.00,124.337
1143,1,1143,-554.804628157034,-3705.467077702793,2019-07-22T12:05:45Z,46.30020000,13.16783333,2057.00,124.338
1144,1,1144,-553.804628157034,-3704.467077702793,2019-07-22T12:05:46Z,46.30026667,13.16801667,2059.00,124.335
1145,1,1145,-552.804628157034,-3703.467077702793,2019-07-22T12:05:47Z,46.30036667,13.16816667,2061.00,124.328
1146,1,1146,-551.804628157034,-3702.467077702793,2019-07-22T12:05:48Z,46.30048333,13.16830000,2063.00,124.319
1147,1,1147,-550.804628157034,-3701.467077702793,2019-07-22T12:05:49Z,46.30060000,13.16841667,2065.00,124.31
1148,1,1148,-549.804628157034,-3700.467077702793,2019-07-22T12:05:50Z,46.30075000,13.16851667,2067.00,124.296
1149,1,1149,-548.804628157034,-3699.467077702793,2019-07-22T12:05:51Z,46.30090000,13.16856667,2067.00,124.282
1150,1,1150,-547.804628157034,-3698.467077702793,2019-07-22T12:05:52Z,46.30106667,13.16858333,2067.00,124.265
1151,1,1151,-546.804628157034,-3697.467077702793,2019-07-22T12:05:53Z,46.30121667,13.16853333,2067.00,124.248
1152,1,1152,-545.804628157034,-3696.467077702793,2019-07-22T12:05:54Z,46.30136667,13.16845000,2067.00,124.23
1153,1,1153,-544.804628157034,-3695.467077702793,2019-07-22T12:05:55Z,46.30150000,13.16831667,2068.00,124.212
1154,1,1154,-543.804628157034,-3694.467077702793,2019-07-22T12:05:56Z,46.30161667,13.16818333,2071.00,124.197
1155,1,1155,-542.804628157034,-3693.467077702793,2019-07-22T12:05:57Z,46.30171667,13.16803333,2074.00,124.183
1156,1,1156,-541.804628157034,-3692.467077702793,2019-07-22T12:05:58Z,46.30180000,13.16786667,2076.00,124.17
1157,1,1157,-540.804628157034,-3691.467077702793,2019-07-22T12:05:59Z,46.30188333,13.16770000,2077.00,124.157
1158,1,1158,-539.804628157034,-3690.467077702793,2019-07-22T12:06:00Z,46.30195000,13.16753333,2078.00,124.146
1159,1,1159,-538.804628157034,-3689.467077702793,2019-07-22T12:06:01Z,46.30200000,13.16735000,2081.00,124.136
1160,1,1160,-537.804628157034,-3688.467077702793,2019-07-22T12:06:02Z,46.30203333,13.16715000,2084.00,124.128
1161,1,1161,-536.804628157034,-3687.467077702793,2019-07-22T12:06:03Z,46.30203333,13.16698333,2085.00,124.124
1162,1,1162,-535.804628157034,-3686.467077702793,2019-07-22T12:06:04Z,46.30203333,13.16680000,2086.00,124.12
1163,1,1163,-534.804628157034,-3685.467077702793,2019-07-22T12:06:05Z,46.30198333,13.16663333,2088.00,124.121
1164,1,1164,-533.804628157034,-3684.467077702793,2019-07-22T12:06:06Z,46.30190000,13.16650000,2089.00,124.127
1165,1,1165,-532.804628157034,-3683.467077702793,2019-07-22T12:06:07Z,46.30180000,13.16640000,2091.00,124.135
1166,1,1166,-531.804628157034,-3682.467077702793,2019-07-22T12:06:08Z,46.30168333,13.16635000,2092.00,124.146
1167,1,1167,-530.804628157034,-3681.467077702793,2019-07-22T12:06:09Z,46.30156667,13.16633333,2093.00,124.158
1168,1,1168,-529.804628157034,-3680.467077702793,2019-07-22T12:06:10Z,46.30145000,13.16636667,2092.00,124.171
1169,1,1169,-528.804628157034,-3679.467077702793,2019-07-22T12:06:11Z,46.30133333,13.16641667,2092.00,124.184
1170,1,1170,-527.804628157034,-3678.467077702793,2019-07-22T12:06:12Z,46.30123333,13.16651667,2091.00,124.197
1171,1,1171,-526.804628157034,-3677.467077702793,2019-07-22T12:06:13Z,46.30113333,13.16665000,2089.00,124.211
1172,1,1172,-525.804628157034,-3676.467077702793,2019-07-22T12:06:14Z,46.30106667,13.16681667,2089.00,124.222
1173,1,1173,-524.804628157034,-3675.467077702793,2019-07-22T12:06:15Z,46.30103333,13.16700000,2092.00,124.23
1174,1,1174,-523.804628157034,-3674.467077702793,2019-07-22T12:06:16Z,46.30101667,13.16718333,2094.00,124.236
1175,1,1175,-522.804628157034,-3673.467077702793,2019-07-22T12:06:17Z,46.30103333,13.16738333,2095.00,124.239
1176,1,1176,-521.804628157034,-3672.467077702793,2019-07-22T12:06:18Z,46.30110000,13.16758333,2097.00,124.237
1177,1,1177,-520.804628157034,-3671.467077702793,2019-07-22T12:06:19Z,46.30120000,13.16776667,2097.00,124.231
1178,1,1178,-519.804628157034,-3670.467077702793,2019-07-22T12:06:20Z,46.30131667,13.16790000,2098.00,124.222
1179,1,1179,-518.804628157034,-3669.467077702793,2019-07-22T12:06:21Z,46.30146667,13.16801667,2099.00,124.209
1180,1,1180,-517.804628157034,-3668.467077702793,2019-07-22T12:06:22Z,46.30161667,13.16808333,2100.00,124.194
1181,1,1181,-516.804628157034,-3667.467077702793,2019-07-22T12:06:23Z,46.30178333,13.16811667,2103.00,124.178
1182,1,1182,-515.804628157034,-3666.467077702793,2019-07-22T12:06:24Z,46.30193333,13.16811667,2104.00,124.162
1183,1,1183,-514.804628157034,-3665.467077702793,2019-07-22T12:06:25Z,46.30206667,13.16806667,2106.00,124.147
1184,1,1184,-513.804628157034,-3664.467077702793,2019-07-22T12:06:26Z,46.30221667,13.16801667,2108.00,124.129
1185,1,1185,-512.804628157034,-3663.467077702793,2019-07-22T12:06:27Z,46.30235000,13.16793333,2109.00,124.113
1186,1,1186,-511.804628157034,-3662.467077702793,2019-07-22T12:06:28Z,46.30248333,13.16783333,2110.00,124.097
1187,1,1187,-510.804628157034,-3661.467077702793,2019-07-22T12:06:29Z,46.30260000,13.16771667,2112.00,124.082
1188,1,1188,-509.804628157034,-3660.467077702793,2019-07-22T12:06:30Z,46.30271667,13.16756667,2113.00,124.066
1189,1,1189,-508.804628157034,-3659.467077702793,2019-07-22T12:06:31Z,46.30281667,13.16741667,2111.00,124.052
1190,1,1190,-507.804628157034,-3658.467077702793,2019-07-22T12:06:32Z,46.30290000,13.16725000,2110.00,124.039
1191,1,1191,-506.804628157034,-3657.467077702793,2019-07-22T12:06:33Z,46.30295000,13.16706667,2110.00,124.029
1192,1,1192,-505.804628157034,-3656.467077702793,2019-07-22T12:06:34Z,46.30300000,13.16690000,2110.00,124.02
1193,1,1193,-504.804628157034,-3655.467077702793,2019-07-22T12:06:35Z,46.30301667,13.16671667,2110.00,124.014
1194,1,1194,-503.804628157034,-3654.467077702793,2019-07-22T12:06:36Z,46.30298333,13.16655000,2108.00,124.013
1195,1,1195,-502.804628157034,-3653.467077702793,2019-07-22T12:06:37Z,46.30295000,13.16636667,2106.00,124.012
1196,1,1196,-501.804628157034,-3652.467077702793,2019-07-22T12:06:38Z,46.30288333,13.16620000,2104.00,124.015
1197,1,1197,-500.804628157034,-3651.467077702793,2019-07-22T12:06:39Z,46.30278333,13.16605000,2102.00,124.022
1198,1,1198,-499.804628157034,-3650.467077702793,2019-07-22T12:06:40Z,46.30265000,13.16593333,2099.00,124.034
1199,1,1199,-498.804628157034,-3649.467077702793,2019-07-22T12:06:41Z,46.30251667,13.16585000,2098.00,124.046
1200,1,1200,-497.804628157034,-3648.467077702793,2019-07-22T12:06:42Z,46.30240000,13.16578333,2100.00,124.057
1201,1,1201,-496.804628157034,-3647.467077702793,2019-07-22T12:06:43Z,46.30226667,13.16576667,2101.00,124.07
1202,1,1202,-495.804628157034,-3646.467077702793,2019-07-22T12:06:44Z,46.30215000,13.16580000,2101.00,124.083
1203,1,1203,-494.804628157034,-3645.467077702793,2019-07-22T12:06:45Z,46.30205000,13.16586667,2102.00,124.096
1204,1,1204,-493.804628157034,-3644.467077702793,2019-07-22T12:06:46Z,46.30193333,13.16596667,2100.00,124.11
1205,1,1205,-492.804628157034,-3643.467077702793,2019-07-22T12:06:47Z,46.30185000,13.16610000,2099.00,124.122
1206,1,1206,-491.804628157034,-3642.467077702793,2019-07-22T12:06:48Z,46.30175000,13.16626667,2098.00,124.137
1207,1,1207,-490.804628157034,-3641.467077702793,2019-07-22T12:06:49Z,46.30168333,13.16643333,2097.00,124.148
1208,1,1208,-489.804628157034,-3640.467077702793,2019-07-22T12:06:50Z,46.30163333,13.16658333,2097.00,124.157
1209,1,1209,-488.804628157034,-3639.467077702793,2019-07-22T12:06:51Z,46.30156667,13.16673333,2099.00,124.167
1210,1,1210,-487.804628157034,-3638.467077702793,2019-07-22T12:06:52Z,46.30151667,13.16690000,2099.00,124.177
1211,1,1211,-486.804628157034,-3637.467077702793,2019-07-22T12:06:53Z,46.30146667,13.16705000,2101.00,124.185
1212,1,1212,-485.804628157034,-3636.467077702793,2019-07-22T12:06:54Z,46.30141667,13.16720000,2101.00,124.194
1213,1,1213,-484.804628157034,-3635.467077702793,2019-07-22T12:06:55Z,46.30136667,13.16735000,2102.00,124.203
1214,1,1214,-483.804628157034,-3634.467077702793,2019-07-22T12:06:56Z,46.30131667,13.16751667,2105.00,124.212
1215,1,1215,-482.804628157034,-3633.467077702793,2019-07-22T12:06:57Z,46.30128333,13.16770000,2106.00,124.22
1216,1,1216,-481.804628157034,-3632.467077702793,2019-07-22T12:06:58Z,46.30128333,13.16790000,2108.00,124.225
1217,1,1217,-480.804628157034,-3631.467077702793,2019-07-22T12:06:59Z,46.30130000,13.16810000,2109.00,124.228
1218,1,1218,-479.804628157034,-3630.467077702793,2019-07-22T12:07:00Z,46.30133333,13.16830000,2110.00,124.23
1219,1,1219,-478.804628157034,-3629.467077702793,2019-07-22T12:07:01Z,46.30138333,13.16850000,2112.00,124.229
1220,1,1220,-477.804628157034,-3628.467077702793,2019-07-22T12:07:02Z,46.30145000,13.16866667,2113.00,124.226
1221,1,1221,-476.804628157034,-3627.467077702793,2019-07-22T12:07:03Z,46.30155000,13.16883333,2114.00,124.22
1222,1,1222,-475.804628157034,-3626.467077702793,2019-07-22T12:07:04Z,46.30166667,13.16898333,2113.00,124.211
1223,1,1223,-474.804628157034,-3625.467077702793,2019-07-22T12:07:05Z,46.30181667,13.16908333,2111.00,124.198
1224,1,1224,-473.804628157034,-3624.467077702793,2019-07-22T12:07:06Z,46.30196667,13.16911667,2111.00,124.183
1225,1,1225,-472.804628157034,-3623.467077702793,2019-07-22T12:07:07Z,46.30213333,13.16910000,2110.00,124.165
1226,1,1226,-471.804628157034,-3622.467077702793,2019-07-22T12:07:08Z,46.30226667,13.16905000,2110.00,124.149
1227,1,1227,-470.804628157034,-3621.467077702793,2019-07-22T12:07:09Z,46.30238333,13.16898333,2112.00,124.135
1228,1,1228,-469.804628157034,-3620.467077702793,2019-07-22T12:07:10Z,46.30250000,13.16886667,2113.00,124.12
1229,1,1229,-468.804628157034,-3619.467077702793,2019-07-22T12:07:11Z,46.30261667,13.16875000,2113.00,124.105
1230,1,1230,-467.804628157034,-3618.467077702793,2019-07-22T12:07:12Z,46.30271667,13.16861667,2114.00,124.091
1231,1,1231,-466.804628157034,-3617.467077702793,2019-07-22T12:07:13Z,46.30280000,13.16848333,2113.00,124.079
1232,1,1232,-465.804628157034,-3616.467077702793,2019-07-22T12:07:14Z,46.30288333,13.16833333,2114.00,124.067
1233,1,1233,-464.804628157034,-3615.467077702793,2019-07-22T12:07:15Z,46.30295000,13.16816667,2115.00,124.056
1234,1,1234,-463.804628157034,-3614.467077702793,2019-07-22T12:07:16Z,46.30301667,13.16798333,2116.00,124.044
1235,1,1235,-462.804628157034,-3613.467077702793,2019-07-22T12:07:17Z,46.30305000,13.16778333,2116.00,124.036
1236,1,1236,-461.804628157034,-3612.467077702793,2019-07-22T12:07:18Z,46.30306667,13.16760000,2116.00,124.03
1237,1,1237,-460.804628157034,-3611.467077702793,2019-07-22T12:07:19Z,46.30306667,13.16741667,2117.00,124.025
1238,1,1238,-459.804628157034,-3610.467077702793,2019-07-22T12:07:20Z,46.30306667,13.16725000,2118.00,124.021
1239,1,1239,-458.804628157034,-3609.467077702793,2019-07-22T12:07:21Z,46.30305000,13.16705000,2120.00,124.018
1240,1,1240,-457.804628157034,-3608.467077702793,2019-07-22T12:07:22Z,46.30301667,13.16686667,2121.00,124.017
1241,1,1241,-456.804628157034,-3607.467077702793,2019-07-22T12:07:23Z,46.30296667,13.16670000,2123.00,124.019
1242,1,1242,-455.804628157034,-3606.467077702793,2019-07-22T12:07:24Z,46.30291667,13.16651667,2123.00,124.019
1243,1,1243,-454.804628157034,-3605.467077702793,2019-07-22T12:07:25Z,46.30285000,13.16633333,2123.00,124.022
1244,1,1244,-453.804628157034,-3604.467077702793,2019-07-22T12:07:26Z,46.30278333,13.16616667,2122.00,124.025
1245,1,1245,-452.804628157034,-3603.467077702793,2019-07-22T12:07:27Z,46.30268333,13.16603333,2122.00,124.033
1246,1,1246,-451.804628157034,-3602.467077702793,2019-07-22T12:07:28Z,46.30258333,13.16591667,2122.00,124.04
1247,1,1247,-450.804628157034,-3601.467077702793,2019-07-22T12:07:29Z,46.30246667,13.16585000,2120.00,124.051
1248,1,1248,-449.804628157034,-3600.467077702793,2019-07-22T12:07:30Z,46.30235000,13.16581667,2119.00,124.063
1249,1,1249,-448.804628157034,-3599.467077702793,2019-07-22T12:07:31Z,46.30221667,13.16580000,2117.00,124.076
1250,1,1250,-447.804628157034,-3598.467077702793,2019-07-22T12:07:32Z,46.30210000,13.16581667,2116.00,124.089
1251,1,1251,-446.804628157034,-3597.467077702793,2019-07-22T12:07:33Z,46.30196667,13.16586667,2115.00,124.104
1252,1,1252,-445.804628157034,-3596.467077702793,2019-07-22T12:07:34Z,46.30183333,13.16595000,2113.00,124.12
1253,1,1253,-444.804628157034,-3595.467077702793,2019-07-22T12:07:35Z,46.30171667,13.16605000,2111.00,124.135
1254,1,1254,-443.804628157034,-3594.467077702793,2019-07-22T12:07:36Z,46.30161667,13.16615000,2111.00,124.148
1255,1,1255,-442.804628157034,-3593.467077702793,2019-07-22T12:07:37Z,46.30151667,13.16626667,2112.00,124.161
1256,1,1256,-441.804628157034,-3592.467077702793,2019-07-22T12:07:38Z,46.30143333,13.16640000,2112.00,124.173
1257,1,1257,-440.804628157034,-3591.467077702793,2019-07-22T12:07:39Z,46.30135000,13.16653333,2113.00,124.185
1258,1,1258,-439.804628157034,-3590.467077702793,2019-07-22T12:07:40Z,46.30128333,13.16670000,2111.00,124.196
1259,1,1259,-438.804628157034,-3589.467077702793,2019-07-22T12:07:41Z,46.30121667,13.16688333,2110.00,124.208
1260,1,1260,-437.804628157034,-3588.467077702793,2019-07-22T12:07:42Z,46.30115000,13.16706667,2109.00,124.219
1261,1,1261,-436.804628157034,-3587.467077702793,2019-07-22T12:07:43Z,46.30110000,13.16726667,2108.00,124.229
1262,1,1262,-435.804628157034,-3586.467077702793,2019-07-22T12:07:44Z,46.30105000,13.16745000,2109.00,124.239
1263,1,1263,-434.804628157034,-3585.467077702793,2019-07-22T12:07:45Z,46.30101667,13.16763333,2110.00,124.247
1264,1,1264,-433.804628157034,-3584.467077702793,2019-07-22T12:07:46Z,46.30096667,13.16781667,2110.00,124.257
1265,1,1265,-432.804628157034,-3583.467077702793,2019-07-22T12:07:47Z,46.30091667,13.16801667,2110.00,124.267
1266,1,1266,-431.804628157034,-3582.467077702793,2019-07-22T12:07:48Z,46.30086667,13.16823333,2109.00,124.277
1267,1,1267,-430.804628157034,-3581.467077702793,2019-07-22T12:07:49Z,46.30080000,13.16846667,2110.00,124.29
1268,1,1268,-429.804628157034,-3580.467077702793,2019-07-22T12:07:50Z,46.30076667,13.16870000,2113.00,124.299
1269,1,1269,-428.804628157034,-3579.467077702793,2019-07-22T12:07:51Z,46.30075000,13.16891667,2115.00,124.306
1270,1,1270,-427.804628157034,-3578.467077702793,2019-07-22T12:07:52Z,46.30073333,13.16911667,2120.00,124.313
1271,1,1271,-426.804628157034,-3577.467077702793,2019-07-22T12:07:53Z,46.30075000,13.16933333,2121.00,124.316
1272,1,1272,-425.804628157034,-3576.467077702793,2019-07-22T12:07:54Z,46.30078333,13.16953333,2123.00,124.317
1273,1,1273,-424.804628157034,-3575.467077702793,2019-07-22T12:07:55Z,46.30081667,13.16973333,2124.00,124.319
1274,1,1274,-423.804628157034,-3574.467077702793,2019-07-22T12:07:56Z,46.30088333,13.16993333,2126.00,124.317
1275,1,1275,-422.804628157034,-3573.467077702793,2019-07-22T12:07:57Z,46.30096667,13.17011667,2126.00,124.312
1276,1,1276,-421.804628157034,-3572.467077702793,2019-07-22T12:07:58Z,46.30106667,13.17028333,2126.00,124.306
1277,1,1277,-420.804628157034,-3571.467077702793,2019-07-22T12:07:59Z,46.30118333,13.17041667,2126.00,124.297
1278,1,1278,-419.804628157034,-3570.467077702793,2019-07-22T12:08:00Z,46.30130000,13.17051667,2125.00,124.287
1279,1,1279,-418.804628157034,-3569.467077702793,2019-07-22T12:08:01Z,46.30141667,13.17060000,2124.00,124.277
1280,1,1280,-417.804628157034,-3568.467077702793,2019-07-22T12:08:02Z,46.30155000,13.17063333,2121.00,124.264
1281,1,1281,-416.804628157034,-3567.467077702793,2019-07-22T12:08:03Z,46.30166667,13.17063333,2117.00,124.251
1282,1,1282,-415.804628157034,-3566.467077702793,2019-07-22T12:08:04Z,46.30178333,13.17060000,2112.00,124.238
1283,1,1283,-414.804628157034,-3565.467077702793,2019-07-22T12:08:05Z,46.30191667,13.17053333,2108.00,124.222
1284,1,1284,-413.804628157034,-3564.467077702793,2019-07-22T12:08:06Z,46.30205000,13.17043333,2103.00,124.206
1285,1,1285,-412.804628157034,-3563.467077702793,2019-07-22T12:08:07Z,46.30218333,13.17031667,2099.00,124.189
1286,1,1286,-411.804628157034,-3562.467077702793,2019-07-22T12:08:08Z,46.30230000,13.17018333,2096.00,124.173
1287,1,1287,-410.804628157034,-3561.467077702793,2019-07-22T12:08:09Z,46.30241667,13.17006667,2091.00,124.158
1288,1,1288,-409.804628157034,-3560.467077702793,2019-07-22T12:08:10Z,46.30251667,13.16991667,2088.00,124.144
1289,1,1289,-408.804628157034,-3559.467077702793,2019-07-22T12:08:11Z,46.30261667,13.16976667,2085.00,124.13
1290,1,1290,-407.804628157034,-3558.467077702793,2019-07-22T12:08:12Z,46.30271667,13.16963333,2083.00,124.116
1291,1,1291,-406.804628157034,-3557.467077702793,2019-07-22T12:08:13Z,46.30283333,13.16950000,2082.00,124.1
1292,1,1292,-405.804628157034,-3556.467077702793,2019-07-22T12:08:14Z,46.30295000,13.16938333,2080.00,124.085
1293,1,1293,-404.804628157034,-3555.467077702793,2019-07-22T12:08:15Z,46.30306667,13.16930000,2078.00,124.071
1294,1,1294,-403.804628157034,-3554.467077702793,2019-07-22T12:08:16Z,46.30318333,13.16920000,2075.00,124.056
1295,1,1295,-402.804628157034,-3553.467077702793,2019-07-22T12:08:17Z,46.30331667,13.16910000,2073.00,124.04
1296,1,1296,-401.804628157034,-3552.467077702793,2019-07-22T12:08:18Z,46.30341667,13.16896667,2073.00,124.026
1297,1,1297,-400.804628157034,-3551.467077702793,2019-07-22T12:08:19Z,46.30351667,13.16881667,2070.00,124.012
1298,1,1298,-399.804628157034,-3550.467077702793,2019-07-22T12:08:20Z,46.30358333,13.16863333,2068.00,124.0
1299,1,1299,-398.804628157034,-3549.467077702793,2019-07-22T12:08:21Z,46.30365000,13.16843333,2064.00,123.988
1300,1,1300,-397.804628157034,-3548.467077702793,2019-07-22T12:08:22Z,46.30368333,13.16823333,2062.00,123.98
1301,1,1301,-396.804628157034,-3547.467077702793,2019-07-22T12:08:23Z,46.30371667,13.16801667,2063.00,123.971
1302,1,1302,-395.804628157034,-3546.467077702793,2019-07-22T12:08:24Z,46.30373333,13.16783333,2063.00,123.965
1303,1,1303,-394.804628157034,-3545.467077702793,2019-07-22T12:08:25Z,46.30375000,13.16765000,2065.00,123.959
1304,1,1304,-393.804628157034,-3544.467077702793,2019-07-22T12:08:26Z,46.30375000,13.16748333,2066.00,123.955
1305,1,1305,-392.804628157034,-3543.467077702793,2019-07-22T12:08:27Z,46.30376667,13.16731667,2067.00,123.949
1306,1,1306,-391.804628157034,-3542.467077702793,2019-07-22T12:08:28Z,46.30376667,13.16715000,2069.00,123.945
1307,1,1307,-390.804628157034,-3541.467077702793,2019-07-22T12:08:29Z,46.30375000,13.16698333,2068.00,123.943
1308,1,1308,-389.804628157034,-3540.467077702793,2019-07-22T12:08:30Z,46.30371667,13.16680000,2068.00,123.942
1309,1,1309,-388.804628157034,-3539.467077702793,2019-07-22T12:08:31Z,46.30366667,13.16665000,2070.00,123.943
1310,1,1310,-387.804628157034,-3538.467077702793,2019-07-22T12:08:32Z,46.30361667,13.16650000,2071.00,123.945
1311,1,1311,-386.804628157034,-3537.467077702793,2019-07-22T12:08:33Z,46.30356667,13.16636667,2071.00,123.947
1312,1,1312,-385.804628157034,-3536.467077702793,2019-07-22T12:08:34Z,46.30350000,13.16623333,2070.00,123.951
1313,1,1313,-384.804628157034,-3535.467077702793,2019-07-22T12:08:35Z,46.30341667,13.16610000,2068.00,123.957
1314,1,1314,-383.804628157034,-3534.467077702793,2019-07-22T12:08:36Z,46.30333333,13.16598333,2066.00,123.963
1315,1,1315,-382.804628157034,-3533.467077702793,2019-07-22T12:08:37Z,46.30323333,13.16588333,2065.00,123.971
1316,1,1316,-381.804628157034,-3532.467077702793,2019-07-22T12:08:38Z,46.30313333,13.16578333,2064.00,123.979
1317,1,1317,-380.804628157034,-3531.467077702793,2019-07-22T12:08:39Z,46.30301667,13.16570000,2064.00,123.989
1318,1,1318,-379.804628157034,-3530.467077702793,2019-07-22T12:08:40Z,46.30290000,13.16563333,2064.00,124.0
1319,1,1319,-378.804628157034,-3529.467077702793,2019-07-22T12:08:41Z,46.30278333,13.16556667,2064.00,124.011
1320,1,1320,-377.804628157034,-3528.467077702793,2019-07-22T12:08:42Z,46.30266667,13.16553333,2064.00,124.022
1321,1,1321,-376.804628157034,-3527.467077702793,2019-07-22T12:08:43Z,46.30255000,13.16551667,2064.00,124.034
1322,1,1322,-375.804628157034,-3526.467077702793,2019-07-22T12:08:44Z,46.30241667,13.16551667,2065.00,124.048
1323,1,1323,-374.804628157034,-3525.467077702793,2019-07-22T12:08:45Z,46.30230000,13.16551667,2065.00,124.061
1324,1,1324,-373.804628157034,-3524.467077702793,2019-07-22T12:08:46Z,46.30218333,13.16551667,2065.00,124.073
1325,1,1325,-372.804628157034,-3523.467077702793,2019-07-22T12:08:47Z,46.30205000,13.16553333,2065.00,124.088
1326,1,1326,-371.804628157034,-3522.467077702793,2019-07-22T12:08:48Z,46.30193333,13.16555000,2067.00,124.1
1327,1,1327,-370.804628157034,-3521.467077702793,2019-07-22T12:08:49Z,46.30181667,13.16560000,2068.00,124.114
1328,1,1328,-369.804628157034,-3520.467077702793,2019-07-22T12:08:50Z,46.30171667,13.16565000,2069.00,124.126
1329,1,1329,-368.804628157034,-3519.467077702793,2019-07-22T12:08:51Z,46.30160000,13.16573333,2069.00,124.14
1330,1,1330,-367.804628157034,-3518.467077702793,2019-07-22T12:08:52Z,46.30150000,13.16583333,2069.00,124.153
1331,1,1331,-366.804628157034,-3517.467077702793,2019-07-22T12:08:53Z,46.30140000,13.16596667,2069.00,124.167
1332,1,1332,-365.804628157034,-3516.467077702793,2019-07-22T12:08:54Z,46.30133333,13.16613333,2070.00,124.178
1333,1,1333,-364.804628157034,-3515.467077702793,2019-07-22T12:08:55Z,46.30128333,13.16631667,2071.00,124.187
1334,1,1334,-363.804628157034,-3514.467077702793,2019-07-22T12:08:56Z,46.30125000,13.16651667,2073.00,124.196
1335,1,1335,-362.804628157034,-3513.467077702793,2019-07-22T12:08:57Z,46.30126667,13.16673333,2074.00,124.199
1336,1,1336,-361.804628157034,-3512.467077702793,2019-07-22T12:08:58Z,46.30131667,13.16695000,2074.00,124.199
1337,1,1337,-360.804628157034,-3511.467077702793,2019-07-22T12:08:59Z,46.30140000,13.16713333,2074.00,124.194
1338,1,1338,-359.804628157034,-3510.467077702793,2019-07-22T12:09:00Z,46.30151667,13.16730000,2075.00,124.186
1339,1,1339,-358.804628157034,-3509.467077702793,2019-07-22T12:09:01Z,46.30165000,13.16741667,2076.00,124.175
1340,1,1340,-357.804628157034,-3508.467077702793,2019-07-22T12:09:02Z,46.30178333,13.16750000,2077.00,124.163
1341,1,1341,-356.804628157034,-3507.467077702793,2019-07-22T12:09:03Z,46.30191667,13.16751667,2079.00,124.149
1342,1,1342,-355.804628157034,-3506.467077702793,2019-07-22T12:09:04Z,46.30205000,13.16751667,2081.00,124.135
1343,1,1343,-354.804628157034,-3505.467077702793,2019-07-22T12:09:05Z,46.30216667,13.16745000,2080.00,124.121
1344,1,1344,-353.804628157034,-3504.467077702793,2019-07-22T12:09:06Z,46.30228333,13.16735000,2081.00,124.106
1345,1,1345,-352.804628157034,-3503.467077702793,2019-07-22T12:09:07Z,46.30238333,13.16720000,2082.00,124.092
1346,1,1346,-351.804628157034,-3502.467077702793,2019-07-22T12:09:08Z,46.30246667,13.16703333,2081.00,124.079
1347,1,1347,-350.804628157034,-3501.467077702793,2019-07-22T12:09:09Z,46.30251667,13.16686667,2080.00,124.07
1348,1,1348,-349.804628157034,-3500.467077702793,2019-07-22T12:09:10Z,46.30255000,13.16666667,2080.00,124.062
1349,1,1349,-348.804628157034,-3499.467077702793,2019-07-22T12:09:11Z,46.30255000,13.16648333,2080.00,124.057
1350,1,1350,-347.804628157034,-3498.467077702793,2019-07-22T12:09:12Z,46.30251667,13.16631667,2080.00,124.057
1351,1,1351,-346.804628157034,-3497.467077702793,2019-07-22T12:09:13Z,46.30248333,13.16615000,2079.00,124.057
1352,1,1352,-345.804628157034,-3496.467077702793,2019-07-22T12:09:14Z,46.30241667,13.16600000,2079.00,124.06
1353,1,1353,-344.804628157034,-3495.467077702793,2019-07-22T12:09:15Z,46.30235000,13.16588333,2079.00,124.064
1354,1,1354,-343.804628157034,-3494.467077702793,2019-07-22T12:09:16Z,46.30225000,13.16578333,2079.00,124.072
1355,1,1355,-342.804628157034,-3493.467077702793,2019-07-22T12:09:17Z,46.30213333,13.16573333,2079.00,124.084
1356,1,1356,-341.804628157034,-3492.467077702793,2019-07-22T12:09:18Z,46.30201667,13.16570000,2080.00,124.095
1357,1,1357,-340.804628157034,-3491.467077702793,2019-07-22T12:09:19Z,46.30190000,13.16571667,2079.00,124.108
1358,1,1358,-339.804628157034,-3490.467077702793,2019-07-22T12:09:20Z,46.30178333,13.16580000,2078.00,124.122
1359,1,1359,-338.804628157034,-3489.467077702793,2019-07-22T12:09:21Z,46.30166667,13.16591667,2077.00,124.137
1360,1,1360,-337.804628157034,-3488.467077702793,2019-07-22T12:09:22Z,46.30158333,13.16608333,2077.00,124.15
1361,1,1361,-336.804628157034,-3487.467077702793,2019-07-22T12:09:23Z,46.30151667,13.16625000,2078.00,124.161
1362,1,1362,-335.804628157034,-3486.467077702793,2019-07-22T12:09:24Z,46.30146667,13.16643333,2078.00,124.171
1363,1,1363,-334.804628157034,-3485.467077702793,2019-07-22T12:09:25Z,46.30145000,13.16663333,2079.00,124.177
1364,1,1364,-333.804628157034,-3484.467077702793,2019-07-22T12:09:26Z,46.30146667,13.16685000,2079.00,124.181
1365,1,1365,-332.804628157034,-3483.467077702793,2019-07-22T12:09:27Z,46.30150000,13.16706667,2079.00,124.182
1366,1,1366,-331.804628157034,-3482.467077702793,2019-07-22T12:09:28Z,46.30156667,13.16728333,2080.00,124.18
1367,1,1367,-330.804628157034,-3481.467077702793,2019-07-22T12:09:29Z,46.30165000,13.16746667,2081.00,124.176
1368,1,1368,-329.804628157034,-3480.467077702793,2019-07-22T12:09:30Z,46.30173333,13.16761667,2083.00,124.171
1369,1,1369,-328.804628157034,-3479.467077702793,2019-07-22T12:09:31Z,46.30183333,13.16775000,2084.00,124.164
1370,1,1370,-327.804628157034,-3478.467077702793,2019-07-22T12:09:32Z,46.30195000,13.16786667,2084.00,124.154
1371,1,1371,-326.804628157034,-3477.467077702793,2019-07-22T12:09:33Z,46.30208333,13.16793333,2084.00,124.142
1372,1,1372,-325.804628157034,-3476.467077702793,2019-07-22T12:09:34Z,46.30221667,13.16800000,2083.00,124.129
1373,1,1373,-324.804628157034,-3475.467077702793,2019-07-22T12:09:35Z,46.30236667,13.16803333,2083.00,124.114
1374,1,1374,-323.804628157034,-3474.467077702793,2019-07-22T12:09:36Z,46.30251667,13.16801667,2082.00,124.098
1375,1,1375,-322.804628157034,-3473.467077702793,2019-07-22T12:09:37Z,46.30265000,13.16795000,2081.00,124.082
1376,1,1376,-321.804628157034,-3472.467077702793,2019-07-22T12:09:38Z,46.30276667,13.16783333,2080.00,124.067
1377,1,1377,-320.804628157034,-3471.467077702793,2019-07-22T12:09:39Z,46.30286667,13.16768333,2079.00,124.053
1378,1,1378,-319.804628157034,-3470.467077702793,2019-07-22T12:09:40Z,46.30293333,13.16751667,2079.00,124.042
1379,1,1379,-318.804628157034,-3469.467077702793,2019-07-22T12:09:41Z,46.30300000,13.16735000,2078.00,124.031
1380,1,1380,-317.804628157034,-3468.467077702793,2019-07-22T12:09:42Z,46.30301667,13.16715000,2075.00,124.024
1381,1,1381,-316.804628157034,-3467.467077702793,2019-07-22T12:09:43Z,46.30301667,13.16696667,2073.00,124.02
1382,1,1382,-315.804628157034,-3466.467077702793,2019-07-22T12:09:44Z,46.30300000,13.16676667,2073.00,124.017
1383,1,1383,-314.804628157034,-3465.467077702793,2019-07-22T12:09:45Z,46.30296667,13.16658333,2072.00,124.016
1384,1,1384,-313.804628157034,-3464.467077702793,2019-07-22T12:09:46Z,46.30295000,13.16640000,2070.00,124.013
1385,1,1385,-312.804628157034,-3463.467077702793,2019-07-22T12:09:47Z,46.30291667,13.16621667,2069.00,124.012
1386,1,1386,-311.804628157034,-3462.467077702793,2019-07-22T12:09:48Z,46.30288333,13.16601667,2068.00,124.011
1387,1,1387,-310.804628157034,-3461.467077702793,2019-07-22T12:09:49Z,46.30285000,13.16583333,2065.00,124.01
1388,1,1388,-309.804628157034,-3460.467077702793,2019-07-22T12:09:50Z,46.30280000,13.16563333,2064.00,124.011
1389,1,1389,-308.804628157034,-3459.467077702793,2019-07-22T12:09:51Z,46.30273333,13.16545000,2063.00,124.013
1390,1,1390,-307.804628157034,-3458.467077702793,2019-07-22T12:09:52Z,46.30266667,13.16526667,2063.00,124.016
1391,1,1391,-306.804628157034,-3457.467077702793,2019-07-22T12:09:53Z,46.30258333,13.16510000,2063.00,124.021
1392,1,1392,-305.804628157034,-3456.467077702793,2019-07-22T12:09:54Z,46.30250000,13.16495000,2066.00,124.026
1393,1,1393,-304.804628157034,-3455.467077702793,2019-07-22T12:09:55Z,46.30241667,13.16481667,2068.00,124.032
1394,1,1394,-303.804628157034,-3454.467077702793,2019-07-22T12:09:56Z,46.30233333,13.16466667,2069.00,124.037
1395,1,1395,-302.804628157034,-3453.467077702793,2019-07-22T12:09:57Z,46.30225000,13.16451667,2069.00,124.042
1396,1,1396,-301.804628157034,-3452.467077702793,2019-07-22T12:09:58Z,46.30216667,13.16438333,2070.00,124.048
1397,1,1397,-300.804628157034,-3451.467077702793,2019-07-22T12:09:59Z,46.30206667,13.16426667,2071.00,124.056
1398,1,1398,-299.804628157034,-3450.467077702793,2019-07-22T12:10:00Z,46.30195000,13.16418333,2073.00,124.066
1399,1,1399,-298.804628157034,-3449.467077702793,2019-07-22T12:10:01Z,46.30181667,13.16415000,2075.00,124.08
1400,1,1400,-297.804628157034,-3448.467077702793,2019-07-22T12:10:02Z,46.30170000,13.16416667,2076.00,124.092
1401,1,1401,-296.804628157034,-3447.467077702793,2019-07-22T12:10:03Z,46.30158333,13.16423333,2076.00,124.106
1402,1,1402,-295.804628157034,-3446.467077702793,2019-07-22T12:10:04Z,46.30150000,13.16435000,2077.00,124.118
1403,1,1403,-294.804628157034,-3445.467077702793,2019-07-22T12:10:05Z,46.30141667,13.16451667,2078.00,124.131
1404,1,1404,-293.804628157034,-3444.467077702793,2019-07-22T12:10:06Z,46.30138333,13.16468333,2077.00,124.138
1405,1,1405,-292.804628157034,-3443.467077702793,2019-07-22T12:10:07Z,46.30136667,13.16488333,2076.00,124.145
1406,1,1406,-291.804628157034,-3442.467077702793,2019-07-22T12:10:08Z,46.30140000,13.16510000,2077.00,124.146
1407,1,1407,-290.804628157034,-3441.467077702793,2019-07-22T12:10:09Z,46.30146667,13.16528333,2077.00,124.143
1408,1,1408,-289.804628157034,-3440.467077702793,2019-07-22T12:10:10Z,46.30156667,13.16543333,2078.00,124.136
1409,1,1409,-288.804628157034,-3439.467077702793,2019-07-22T12:10:11Z,46.30166667,13.16555000,2078.00,124.129
1410,1,1410,-287.804628157034,-3438.467077702793,2019-07-22T12:10:12Z,46.30180000,13.16565000,2080.00,124.117
1411,1,1411,-286.804628157034,-3437.467077702793,2019-07-22T12:10:13Z,46.30191667,13.16571667,2081.00,124.106
1412,1,1412,-285.804628157034,-3436.467077702793,2019-07-22T12:10:14Z,46.30206667,13.16575000,2081.00,124.091
1413,1,1413,-284.804628157034,-3435.467077702793,2019-07-22T12:10:15Z,46.30220000,13.16575000,2082.00,124.077
1414,1,1414,-283.804628157034,-3434.467077702793,2019-07-22T12:10:16Z,46.30233333,13.16575000,2083.00,124.063
1415,1,1415,-282.804628157034,-3433.467077702793,2019-07-22T12:10:17Z,46.30246667,13.16571667,2084.00,124.048
1416,1,1416,-281.804628157034,-3432.467077702793,2019-07-22T12:10:18Z,46.30260000,13.16565000,2085.00,124.032
1417,1,1417,-280.804628157034,-3431.467077702793,2019-07-22T12:10:19Z,46.30271667,13.16556667,2084.00,124.018
1418,1,1418,-279.804628157034,-3430.467077702793,2019-07-22T12:10:20Z,46.30283333,13.16541667,2083.00,124.002
1419,1,1419,-278.804628157034,-3429.467077702793,2019-07-22T12:10:21Z,46.30291667,13.16525000,2082.00,123.989
1420,1,1420,-277.804628157034,-3428.467077702793,2019-07-22T12:10:22Z,46.30296667,13.16503333,2080.00,123.979
1421,1,1421,-276.804628157034,-3427.467077702793,2019-07-22T12:10:23Z,46.30298333,13.16481667,2080.00,123.972
1422,1,1422,-275.804628157034,-3426.467077702793,2019-07-22T12:10:24Z,46.30295000,13.16460000,2080.00,123.97
1423,1,1423,-274.804628157034,-3425.467077702793,2019-07-22T12:10:25Z,46.30288333,13.16443333,2081.00,123.973
1424,1,1424,-273.804628157034,-3424.467077702793,2019-07-22T12:10:26Z,46.30280000,13.16428333,2082.00,123.979
1425,1,1425,-272.804628157034,-3423.467077702793,2019-07-22T12:10:27Z,46.30271667,13.16416667,2084.00,123.985
1426,1,1426,-271.804628157034,-3422.467077702793,2019-07-22T12:10:28Z,46.30263333,13.16406667,2088.00,123.991
1427,1,1427,-270.804628157034,-3421.467077702793,2019-07-22T12:10:29Z,46.30253333,13.16403333,2091.00,124.001
1428,1,1428,-269.804628157034,-3420.467077702793,2019-07-22T12:10:30Z,46.30241667,13.16403333,2093.00,124.013
1429,1,1429,-268.804628157034,-3419.467077702793,2019-07-22T12:10:31Z,46.30231667,13.16408333,2093.00,124.025
1430,1,1430,-267.804628157034,-3418.467077702793,2019-07-22T12:10:32Z,46.30223333,13.16420000,2092.00,124.037
1431,1,1431,-266.804628157034,-3417.467077702793,2019-07-22T12:10:33Z,46.30218333,13.16436667,2091.00,124.046
1432,1,1432,-265.804628157034,-3416.467077702793,2019-07-22T12:10:34Z,46.30218333,13.16455000,2088.00,124.05
1433,1,1433,-264.804628157034,-3415.467077702793,2019-07-22T12:10:35Z,46.30221667,13.16473333,2087.00,124.051
1434,1,1434,-263.804628157034,-3414.467077702793,2019-07-22T12:10:36Z,46.30228333,13.16491667,2087.00,124.048
1435,1,1435,-262.804628157034,-3413.467077702793,2019-07-22T12:10:37Z,46.30238333,13.16506667,2088.00,124.041
1436,1,1436,-261.804628157034,-3412.467077702793,2019-07-22T12:10:38Z,46.30248333,13.16518333,2088.00,124.034
1437,1,1437,-260.804628157034,-3411.467077702793,2019-07-22T12:10:39Z,46.30260000,13.16526667,2088.00,124.023
1438,1,1438,-259.804628157034,-3410.467077702793,2019-07-22T12:10:40Z,46.30271667,13.16531667,2090.00,124.012
1439,1,1439,-258.804628157034,-3409.467077702793,2019-07-22T12:10:41Z,46.30285000,13.16533333,2090.00,123.998
1440,1,1440,-257.804628157034,-3408.467077702793,2019-07-22T12:10:42Z,46.30298333,13.16531667,2090.00,123.984
1441,1,1441,-256.804628157034,-3407.467077702793,2019-07-22T12:10:43Z,46.30311667,13.16526667,2088.00,123.969
1442,1,1442,-255.804628157034,-3406.467077702793,2019-07-22T12:10:44Z,46.30325000,13.16518333,2087.00,123.952
1443,1,1443,-254.804628157034,-3405.467077702793,2019-07-22T12:10:45Z,46.30336667,13.16505000,2088.00,123.937
1444,1,1444,-253.804628157034,-3404.467077702793,2019-07-22T12:10:46Z,46.30346667,13.16488333,2088.00,123.922
1445,1,1445,-252.804628157034,-3403.467077702793,2019-07-22T12:10:47Z,46.30353333,13.16470000,2088.00,123.911
1446,1,1446,-251.804628157034,-3402.467077702793,2019-07-22T12:10:48Z,46.30355000,13.16450000,2088.00,123.905
1447,1,1447,-250.804628157034,-3401.467077702793,2019-07-22T12:10:49Z,46.30355000,13.16431667,2090.00,123.9
1448,1,1448,-249.804628157034,-3400.467077702793,2019-07-22T12:10:50Z,46.30353333,13.16413333,2090.00,123.898
1449,1,1449,-248.804628157034,-3399.467077702793,2019-07-22T12:10:51Z,46.30348333,13.16396667,2090.00,123.899
1450,1,1450,-247.804628157034,-3398.467077702793,2019-07-22T12:10:52Z,46.30340000,13.16381667,2088.00,123.904
1451,1,1451,-246.804628157034,-3397.467077702793,2019-07-22T12:10:53Z,46.30331667,13.16366667,2088.00,123.91
1452,1,1452,-245.804628157034,-3396.467077702793,2019-07-22T12:10:54Z,46.30321667,13.16355000,2087.00,123.917
1453,1,1453,-244.804628157034,-3395.467077702793,2019-07-22T12:10:55Z,46.30310000,13.16343333,2088.00,123.927
1454,1,1454,-243.804628157034,-3394.467077702793,2019-07-22T12:10:56Z,46.30298333,13.16335000,2088.00,123.937
1455,1,1455,-242.804628157034,-3393.467077702793,2019-07-22T12:10:57Z,46.30285000,13.16330000,2089.00,123.95
1456,1,1456,-241.804628157034,-3392.467077702793,2019-07-22T12:10:58Z,46.30273333,13.16330000,2090.00,123.963
1457,1,1457,-240.804628157034,-3391.467077702793,2019-07-22T12:10:59Z,46.30261667,13.16333333,2089.00,123.976
1458,1,1458,-239.804628157034,-3390.467077702793,2019-07-22T12:11:00Z,46.30251667,13.16336667,2090.00,123.987
1459,1,1459,-238.804628157034,-3389.467077702793,2019-07-22T12:11:01Z,46.30241667,13.16343333,2089.00,123.999
1460,1,1460,-237.804628157034,-3388.467077702793,2019-07-22T12:11:02Z,46.30231667,13.16353333,2087.00,124.012
1461,1,1461,-236.804628157034,-3387.467077702793,2019-07-22T12:11:03Z,46.30223333,13.16366667,2086.00,124.024
1462,1,1462,-235.804628157034,-3386.467077702793,2019-07-22T12:11:04Z,46.30216667,13.16380000,2084.00,124.034
1463,1,1463,-234.804628157034,-3385.467077702793,2019-07-22T12:11:05Z,46.30211667,13.16395000,2084.00,124.043
1464,1,1464,-233.804628157034,-3384.467077702793,2019-07-22T12:11:06Z,46.30208333,13.16410000,2084.00,124.05
1465,1,1465,-232.804628157034,-3383.467077702793,2019-07-22T12:11:07Z,46.30206667,13.16423333,2084.00,124.055
1466,1,1466,-231.804628157034,-3382.467077702793,2019-07-22T12:11:08Z,46.30205000,13.16438333,2084.00,124.06
1467,1,1467,-230.804628157034,-3381.467077702793,2019-07-22T12:11:09Z,46.30205000,13.16453333,2082.00,124.064
1468,1,1468,-229.804628157034,-3380.467077702793,2019-07-22T12:11:10Z,46.30206667,13.16468333,2081.00,124.066
1469,1,1469,-228.804628157034,-3379.467077702793,2019-07-22T12:11:11Z,46.30210000,13.16486667,2079.00,124.067
1470,1,1470,-227.804628157034,-3378.467077702793,2019-07-22T12:11:12Z,46.30211667,13.16503333,2077.00,124.069
1471,1,1471,-226.804628157034,-3377.467077702793,2019-07-22T12:11:13Z,46.30213333,13.16520000,2074.00,124.071
1472,1,1472,-225.804628157034,-3376.467077702793,2019-07-22T12:11:14Z,46.30215000,13.16540000,2072.00,124.074
1473,1,1473,-224.804628157034,-3375.467077702793,2019-07-22T12:11:15Z,46.30216667,13.16560000,2071.00,124.077
1474,1,1474,-223.804628157034,-3374.467077702793,2019-07-22T12:11:16Z,46.30221667,13.16578333,2072.00,124.076
1475,1,1475,-222.804628157034,-3373.467077702793,2019-07-22T12:11:17Z,46.30228333,13.16596667,2072.00,124.073
1476,1,1476,-221.804628157034,-3372.467077702793,2019-07-22T12:11:18Z,46.30236667,13.16610000,2074.00,124.068
1477,1,1477,-220.804628157034,-3371.467077702793,2019-07-22T12:11:19Z,46.30248333,13.16621667,2074.00,124.058
1478,1,1478,-219.804628157034,-3370.467077702793,2019-07-22T12:11:20Z,46.30261667,13.16628333,2074.00,124.046
1479,1,1479,-218.804628157034,-3369.467077702793,2019-07-22T12:11:21Z,46.30275000,13.16633333,2074.00,124.033
1480,1,1480,-217.804628157034,-3368.467077702793,2019-07-22T12:11:22Z,46.30290000,13.16633333,2073.00,124.017
1481,1,1481,-216.804628157034,-3367.467077702793,2019-07-22T12:11:23Z,46.30303333,13.16626667,2071.00,124.001
1482,1,1482,-215.804628157034,-3366.467077702793,2019-07-22T12:11:24Z,46.30316667,13.16616667,2069.00,123.985
1483,1,1483,-214.804628157034,-3365.467077702793,2019-07-22T12:11:25Z,46.30328333,13.16600000,2066.00,123.968
1484,1,1484,-213.804628157034,-3364.467077702793,2019-07-22T12:11:26Z,46.30338333,13.16583333,2064.00,123.954
1485,1,1485,-212.804628157034,-3363.467077702793,2019-07-22T12:11:27Z,46.30345000,13.16563333,2062.00,123.942
1486,1,1486,-211.804628157034,-3362.467077702793,2019-07-22T12:11:28Z,46.30350000,13.16543333,2060.00,123.932
1487,1,1487,-210.804628157034,-3361.467077702793,2019-07-22T12:11:29Z,46.30351667,13.16521667,2059.00,123.925
1488,1,1488,-209.804628157034,-3360.467077702793,2019-07-22T12:11:30Z,46.30353333,13.16500000,2056.00,123.918
1489,1,1489,-208.804628157034,-3359.467077702793,2019-07-22T12:11:31Z,46.30351667,13.16478333,2054.00,123.915
1490,1,1490,-207.804628157034,-3358.467077702793,2019-07-22T12:11:32Z,46.30350000,13.16456667,2052.00,123.911
1491,1,1491,-206.804628157034,-3357.467077702793,2019-07-22T12:11:33Z,46.30345000,13.16436667,2050.00,123.912
1492,1,1492,-205.804628157034,-3356.467077702793,2019-07-22T12:11:34Z,46.30340000,13.16416667,2047.00,123.913
1493,1,1493,-204.804628157034,-3355.467077702793,2019-07-22T12:11:35Z,46.30333333,13.16398333,2047.00,123.915
1494,1,1494,-203.804628157034,-3354.467077702793,2019-07-22T12:11:36Z,46.30326667,13.16381667,2046.00,123.918
1495,1,1495,-202.804628157034,-3353.467077702793,2019-07-22T12:11:37Z,46.30320000,13.16363333,2045.00,123.921
1496,1,1496,-201.804628157034,-3352.467077702793,2019-07-22T12:11:38Z,46.30315000,13.16345000,2044.00,123.922
1497,1,1497,-200.804628157034,-3351.467077702793,2019-07-22T12:11:39Z,46.30308333,13.16325000,2043.00,123.924
1498,1,1498,-199.804628157034,-3350.467077702793,2019-07-22T12:11:40Z,46.30300000,13.16306667,2041.00,123.929
1499,1,1499,-198.804628157034,-3349.467077702793,2019-07-22T12:11:41Z,46.30291667,13.16290000,2039.00,123.934
1500,1,1500,-197.804628157034,-3348.467077702793,2019-07-22T12:11:42Z,46.30280000,13.16276667,2038.00,123.943
1501,1,1501,-196.804628157034,-3347.467077702793,2019-07-22T12:11:43Z,46.30266667,13.16266667,2035.00,123.955
1502,1,1502,-195.804628157034,-3346.467077702793,2019-07-22T12:11:44Z,46.30253333,13.16261667,2032.00,123.968
1503,1,1503,-194.804628157034,-3345.467077702793,2019-07-22T12:11:45Z,46.30241667,13.16258333,2031.00,123.98
1504,1,1504,-193.804628157034,-3344.467077702793,2019-07-22T12:11:46Z,46.30230000,13.16260000,2031.00,123.992
1505,1,1505,-192.804628157034,-3343.467077702793,2019-07-22T12:11:47Z,46.30218333,13.16261667,2029.00,124.005
1506,1,1506,-191.804628157034,-3342.467077702793,2019-07-22T12:11:48Z,46.30208333,13.16266667,2029.00,124.017
1507,1,1507,-190.804628157034,-3341.467077702793,2019-07-22T12:11:49Z,46.30198333,13.16270000,2029.00,124.028
1508,1,1508,-189.804628157034,-3340.467077702793,2019-07-22T12:11:50Z,46.30186667,13.16276667,2030.00,124.042
1509,1,1509,-188.804628157034,-3339.467077702793,2019-07-22T12:11:51Z,46.30178333,13.16285000,2031.00,124.053
1510,1,1510,-187.804628157034,-3338.467077702793,2019-07-22T12:11:52Z,46.30168333,13.16295000,2032.00,124.066
1511,1,1511,-186.804628157034,-3337.467077702793,2019-07-22T12:11:53Z,46.30160000,13.16305000,2030.00,124.077
1512,1,1512,-185.804628157034,-3336.467077702793,2019-07-22T12:11:54Z,46.30153333,13.16320000,2028.00,124.088
1513,1,1513,-184.804628157034,-3335.467077702793,2019-07-22T12:11:55Z,46.30145000,13.16336667,2029.00,124.1
1514,1,1514,-183.804628157034,-3334.467077702793,2019-07-22T12:11:56Z,46.30136667,13.16351667,2029.00,124.113
1515,1,1515,-182.804628157034,-3333.467077702793,2019-07-22T12:11:57Z,46.30131667,13.16365000,2028.00,124.121
1516,1,1516,-181.804628157034,-3332.467077702793,2019-07-22T12:11:58Z,46.30126667,13.16378333,2028.00,124.129
1517,1,1517,-180.804628157034,-3331.467077702793,2019-07-22T12:11:59Z,46.30121667,13.16391667,2026.00,124.138
1518,1,1518,-179.804628157034,-3330.467077702793,2019-07-22T12:12:00Z,46.30116667,13.16406667,2025.00,124.147
1519,1,1519,-178.804628157034,-3329.467077702793,2019-07-22T12:12:01Z,46.30111667,13.16421667,2023.00,124.155
1520,1,1520,-177.804628157034,-3328.467077702793,2019-07-22T12:12:02Z,46.30106667,13.16436667,2019.00,124.164
1521,1,1521,-176.804628157034,-3327.467077702793,2019-07-22T12:12:03Z,46.30101667,13.16451667,2015.00,124.173
1522,1,1522,-175.804628157034,-3326.467077702793,2019-07-22T12:12:04Z,46.30096667,13.16466667,2011.00,124.182
1523,1,1523,-174.804628157034,-3325.467077702793,2019-07-22T12:12:05Z,46.30090000,13.16483333,2010.00,124.193
1524,1,1524,-173.804628157034,-3324.467077702793,2019-07-22T12:12:06Z,46.30085000,13.16501667,2007.00,124.202
1525,1,1525,-172.804628157034,-3323.467077702793,2019-07-22T12:12:07Z,46.30078333,13.16520000,2003.00,124.214
1526,1,1526,-171.804628157034,-3322.467077702793,2019-07-22T12:12:08Z,46.30070000,13.16536667,2000.00,124.227
1527,1,1527,-170.804628157034,-3321.467077702793,2019-07-22T12:12:09Z,46.30061667,13.16551667,1997.00,124.239
1528,1,1528,-169.804628157034,-3320.467077702793,2019-07-22T12:12:10Z,46.30055000,13.16566667,1994.00,124.249
1529,1,1529,-168.804628157034,-3319.467077702793,2019-07-22T12:12:11Z,46.30046667,13.16580000,1994.00,124.261
1530,1,1530,-167.804628157034,-3318.467077702793,2019-07-22T12:12:12Z,46.30038333,13.16595000,1993.00,124.274
1531,1,1531,-166.804628157034,-3317.467077702793,2019-07-22T12:12:13Z,46.30030000,13.16610000,1994.00,124.286
1532,1,1532,-165.804628157034,-3316.467077702793,2019-07-22T12:12:14Z,46.30021667,13.16625000,1993.00,124.299
1533,1,1533,-164.804628157034,-3315.467077702793,2019-07-22T12:12:15Z,46.30013333,13.16640000,1993.00,124.311
1534,1,1534,-163.804628157034,-3314.467077702793,2019-07-22T12:12:16Z,46.30005000,13.16653333,1994.00,124.323
1535,1,1535,-162.804628157034,-3313.467077702793,2019-07-22T12:12:17Z,46.29998333,13.16668333,1995.00,124.334
1536,1,1536,-161.804628157034,-3312.467077702793,2019-07-22T12:12:18Z,46.29991667,13.16683333,1995.00,124.344
1537,1,1537,-160.804628157034,-3311.467077702793,2019-07-22T12:12:19Z,46.29983333,13.16696667,1995.00,124.356
1538,1,1538,-159.804628157034,-3310.467077702793,2019-07-22T12:12:20Z,46.29976667,13.16711667,1994.00,124.367
1539,1,1539,-158.804628157034,-3309.467077702793,2019-07-22T12:12:21Z,46.29968333,13.16726667,1992.00,124.379
1540,1,1540,-157.804628157034,-3308.467077702793,2019-07-22T12:12:22Z,46.29958333,13.16741667,1990.00,124.393
1541,1,1541,-156.804628157034,-3307.467077702793,2019-07-22T12:12:23Z,46.29950000,13.16758333,1989.00,124.406
1542,1,1542,-155.804628157034,-3306.467077702793,2019-07-22T12:12:24Z,46.29943333,13.16775000,1988.00,124.417
1543,1,1543,-154.804628157034,-3305.467077702793,2019-07-22T12:12:25Z,46.29936667,13.16790000,1987.00,124.428
1544,1,1544,-153.804628157034,-3304.467077702793,2019-07-22T12:12:26Z,46.29930000,13.16806667,1987.00,124.439
1545,1,1545,-152.804628157034,-3303.467077702793,2019-07-22T12:12:27Z,46.29923333,13.16823333,1987.00,124.45
1546,1,1546,-151.804628157034,-3302.467077702793,2019-07-22T12:12:28Z,46.29918333,13.16838333,1987.00,124.459
1547,1,1547,-150.804628157034,-3301.467077702793,2019-07-22T12:12:29Z,46.29911667,13.16855000,1985.00,124.47
1548,1,1548,-149.804628157034,-3300.467077702793,2019-07-22T12:12:30Z,46.29905000,13.16873333,1983.00,124.481
1549,1,1549,-148.804628157034,-3299.467077702793,2019-07-22T12:12:31Z,46.29898333,13.16890000,1980.00,124.492
1550,1,1550,-147.804628157034,-3298.467077702793,2019-07-22T12:12:32Z,46.29891667,13.16908333,1976.00,124.504
1551,1,1551,-146.804628157034,-3297.467077702793,2019-07-22T12:12:33Z,46.29885000,13.16928333,1972.00,124.515
1552,1,1552,-145.804628157034,-3296.467077702793,2019-07-22T12:12:34Z,46.29878333,13.16946667,1970.00,124.527
1553,1,1553,-144.804628157034,-3295.467077702793,2019-07-22T12:12:35Z,46.29871667,13.16963333,1969.00,124.538
1554,1,1554,-143.804628157034,-3294.467077702793,2019-07-22T12:12:36Z,46.29865000,13.16981667,1966.00,124.549
1555,1,1555,-142.804628157034,-3293.467077702793,2019-07-22T12:12:37Z,46.29858333,13.17000000,1964.00,124.561
1556,1,1556,-141.804628157034,-3292.467077702793,2019-07-22T12:12:38Z,46.29851667,13.17020000,1962.00,124.573
1557,1,1557,-140.804628157034,-3291.467077702793,2019-07-22T12:12:39Z,46.29845000,13.17040000,1959.00,124.585
1558,1,1558,-139.804628157034,-3290.467077702793,2019-07-22T12:12:40Z,46.29838333,13.17058333,1957.00,124.596
1559,1,1559,-138.804628157034,-3289.467077702793,2019-07-22T12:12:41Z,46.29831667,13.17075000,1958.00,124.607
1560,1,1560,-137.804628157034,-3288.467077702793,2019-07-22T12:12:42Z,46.29826667,13.17091667,1960.00,124.617
1561,1,1561,-136.804628157034,-3287.467077702793,2019-07-22T12:12:43Z,46.29820000,13.17110000,1960.00,124.628
1562,1,1562,-135.804628157034,-3286.467077702793,2019-07-22T12:12:44Z,46.29815000,13.17125000,1960.00,124.637
1563,1,1563,-134.804628157034,-3285.467077702793,2019-07-22T12:12:45Z,46.29810000,13.17141667,1959.00,124.646
1564,1,1564,-133.804628157034,-3284.467077702793,2019-07-22T12:12:46Z,46.29803333,13.17156667,1960.00,124.657
1565,1,1565,-132.804628157034,-3283.467077702793,2019-07-22T12:12:47Z,46.29800000,13.17171667,1960.00,124.664
1566,1,1566,-131.804628157034,-3282.467077702793,2019-07-22T12:12:48Z,46.29795000,13.17186667,1963.00,124.673
1567,1,1567,-130.804628157034,-3281.467077702793,2019-07-22T12:12:49Z,46.29791667,13.17201667,1966.00,124.68
1568,1,1568,-129.804628157034,-3280.467077702793,2019-07-22T12:12:50Z,46.29788333,13.17218333,1967.00,124.688
1569,1,1569,-128.804628157034,-3279.467077702793,2019-07-22T12:12:51Z,46.29783333,13.17236667,1968.00,124.698
1570,1,1570,-127.804628157034,-3278.467077702793,2019-07-22T12:12:52Z,46.29778333,13.17255000,1968.00,124.707
1571,1,1571,-126.804628157034,-3277.467077702793,2019-07-22T12:12:53Z,46.29773333,13.17275000,1969.00,124.718
1572,1,1572,-125.804628157034,-3276.467077702793,2019-07-22T12:12:54Z,46.29768333,13.17295000,1969.00,124.728
1573,1,1573,-124.804628157034,-3275.467077702793,2019-07-22T12:12:55Z,46.29765000,13.17315000,1971.00,124.736
1574,1,1574,-123.804628157034,-3274.467077702793,2019-07-22T12:12:56Z,46.29760000,13.17335000,1972.00,124.746
1575,1,1575,-122.804628157034,-3273.467077702793,2019-07-22T12:12:57Z,46.29756667,13.17355000,1974.00,124.755
1576,1,1576,-121.804628157034,-3272.467077702793,2019-07-22T12:12:58Z,46.29751667,13.17373333,1975.00,124.765
1577,1,1577,-120.804628157034,-3271.467077702793,2019-07-22T12:12:59Z,46.29746667,13.17390000,1976.00,124.774
1578,1,1578,-119.804628157034,-3270.467077702793,2019-07-22T12:13:00Z,46.29741667,13.17406667,1976.00,124.783
1579,1,1579,-118.804628157034,-3269.467077702793,2019-07-22T12:13:01Z,46.29736667,13.17423333,1975.00,124.793
1580,1,1580,-117.804628157034,-3268.467077702793,2019-07-22T12:13:02Z,46.29735000,13.17441667,1976.00,124.799
1581,1,1581,-116.804628157034,-3267.467077702793,2019-07-22T12:13:03Z,46.29731667,13.17460000,1974.00,124.807
1582,1,1582,-115.804628157034,-3266.467077702793,2019-07-22T12:13:04Z,46.29730000,13.17480000,1973.00,124.814
1583,1,1583,-114.804628157034,-3265.467077702793,2019-07-22T12:13:05Z,46.29728333,13.17500000,1970.00,124.821
1584,1,1584,-113.804628157034,-3264.467077702793,2019-07-22T12:13:06Z,46.29726667,13.17521667,1967.00,124.828
1585,1,1585,-112.804628157034,-3263.467077702793,2019-07-22T12:13:07Z,46.29726667,13.17541667,1966.00,124.833
1586,1,1586,-111.804628157034,-3262.467077702793,2019-07-22T12:13:08Z,46.29728333,13.17561667,1964.00,124.836
1587,1,1587,-110.804628157034,-3261.467077702793,2019-07-22T12:13:09Z,46.29731667,13.17581667,1962.00,124.838
1588,1,1588,-109.804628157034,-3260.467077702793,2019-07-22T12:13:10Z,46.29733333,13.17601667,1961.00,124.841
1589,1,1589,-108.804628157034,-3259.467077702793,2019-07-22T12:13:11Z,46.29735000,13.17623333,1961.00,124.845
1590,1,1590,-107.804628157034,-3258.467077702793,2019-07-22T12:13:12Z,46.29733333,13.17646667,1959.00,124.852
1591,1,1591,-106.804628157034,-3257.467077702793,2019-07-22T12:13:13Z,46.29730000,13.17671667,1958.00,124.862
1592,1,1592,-105.804628157034,-3256.467077702793,2019-07-22T12:13:14Z,46.29725000,13.17695000,1959.00,124.873
1593,1,1593,-104.804628157034,-3255.467077702793,2019-07-22T12:13:15Z,46.29720000,13.17716667,1962.00,124.884
1594,1,1594,-103.804628157034,-3254.467077702793,2019-07-22T12:13:16Z,46.29718333,13.17736667,1965.00,124.891
1595,1,1595,-102.804628157034,-3253.467077702793,2019-07-22T12:13:17Z,46.29718333,13.17756667,1967.00,124.896
1596,1,1596,-101.804628157034,-3252.467077702793,2019-07-22T12:13:18Z,46.29720000,13.17775000,1969.00,124.899
1597,1,1597,-100.804628157034,-3251.467077702793,2019-07-22T12:13:19Z,46.29725000,13.17795000,1969.00,124.899
1598,1,1598,-99.804628157034,-3250.467077702793,2019-07-22T12:13:20Z,46.29735000,13.17813333,1968.00,124.893
1599,1,1599,-98.804628157034,-3249.467077702793,2019-07-22T12:13:21Z,46.29746667,13.17830000,1965.00,124.885
1600,1,1600,-97.804628157034,-3248.467077702793,2019-07-22T12:13:22Z,46.29760000,13.17843333,1962.00,124.874
1601,1,1601,-96.804628157034,-3247.467077702793,2019-07-22T12:13:23Z,46.29775000,13.17855000,1961.00,124.861
1602,1,1602,-95.804628157034,-3246.467077702793,2019-07-22T12:13:24Z,46.29788333,13.17866667,1960.00,124.85
1603,1,1603,-94.804628157034,-3245.467077702793,2019-07-22T12:13:25Z,46.29803333,13.17878333,1959.00,124.838
1604,1,1604,-93.804628157034,-3244.467077702793,2019-07-22T12:13:26Z,46.29816667,13.17891667,1958.00,124.827
1605,1,1605,-92.804628157034,-3243.467077702793,2019-07-22T12:13:27Z,46.29830000,13.17906667,1958.00,124.817
1606,1,1606,-91.804628157034,-3242.467077702793,2019-07-22T12:13:28Z,46.29843333,13.17920000,1960.00,124.806
1607,1,1607,-90.804628157034,-3241.467077702793,2019-07-22T12:13:29Z,46.29855000,13.17933333,1959.00,124.798
1608,1,1608,-89.804628157034,-3240.467077702793,2019-07-22T12:13:30Z,46.29870000,13.17943333,1960.00,124.785
1609,1,1609,-88.804628157034,-3239.467077702793,2019-07-22T12:13:31Z,46.29885000,13.17950000,1960.00,124.771
1610,1,1610,-87.804628157034,-3238.467077702793,2019-07-22T12:13:32Z,46.29901667,13.17956667,1959.00,124.755
1611,1,1611,-86.804628157034,-3237.467077702793,2019-07-22T12:13:33Z,46.29918333,13.17960000,1959.00,124.738
1612,1,1612,-85.804628157034,-3236.467077702793,2019-07-22T12:13:34Z,46.29936667,13.17965000,1957.00,124.72
1613,1,1613,-84.804628157034,-3235.467077702793,2019-07-22T12:13:35Z,46.29953333,13.17966667,1957.00,124.703
1614,1,1614,-83.804628157034,-3234.467077702793,2019-07-22T12:13:36Z,46.29968333,13.17970000,1960.00,124.688
1615,1,1615,-82.804628157034,-3233.467077702793,2019-07-22T12:13:37Z,46.29983333,13.17970000,1964.00,124.673
1616,1,1616,-81.804628157034,-3232.467077702793,2019-07-22T12:13:38Z,46.29998333,13.17968333,1967.00,124.657
1617,1,1617,-80.804628157034,-3231.467077702793,2019-07-22T12:13:39Z,46.30011667,13.17963333,1968.00,124.641
1618,1,1618,-79.804628157034,-3230.467077702793,2019-07-22T12:13:40Z,46.30023333,13.17955000,1971.00,124.627
1619,1,1619,-78.804628157034,-3229.467077702793,2019-07-22T12:13:41Z,46.30033333,13.17943333,1971.00,124.613
1620,1,1620,-77.804628157034,-3228.467077702793,2019-07-22T12:13:42Z,46.30040000,13.17928333,1971.00,124.603
1621,1,1621,-76.804628157034,-3227.467077702793,2019-07-22T12:13:43Z,46.30045000,13.17910000,1969.00,124.593
1622,1,1622,-75.804628157034,-3226.467077702793,2019-07-22T12:13:44Z,46.30046667,13.17890000,1968.00,124.586
1623,1,1623,-74.804628157034,-3225.467077702793,2019-07-22T12:13:45Z,46.30045000,13.17870000,1969.00,124.582
1624,1,1624,-73.804628157034,-3224.467077702793,2019-07-22T12:13:46Z,46.30040000,13.17850000,1970.00,124.582
1625,1,1625,-72.804628157034,-3223.467077702793,2019-07-22T12:13:47Z,46.30035000,13.17831667,1971.00,124.583
1626,1,1626,-71.804628157034,-3222.467077702793,2019-07-22T12:13:48Z,46.30026667,13.17816667,1973.00,124.588
1627,1,1627,-70.804628157034,-3221.467077702793,2019-07-22T12:13:49Z,46.30016667,13.17801667,1975.00,124.594
1628,1,1628,-69.804628157034,-3220.467077702793,2019-07-22T12:13:50Z,46.30006667,13.17790000,1975.00,124.602
1629,1,1629,-68.804628157034,-3219.467077702793,2019-07-22T12:13:51Z,46.29993333,13.17781667,1976.00,124.614
1630,1,1630,-67.804628157034,-3218.467077702793,2019-07-22T12:13:52Z,46.29978333,13.17778333,1977.00,124.629
1631,1,1631,-66.804628157034,-3217.467077702793,2019-07-22T12:13:53Z,46.29965000,13.17781667,1979.00,124.643
1632,1,1632,-65.804628157034,-3216.467077702793,2019-07-22T12:13:54Z,46.29951667,13.17788333,1982.00,124.659
1633,1,1633,-64.804628157034,-3215.467077702793,2019-07-22T12:13:55Z,46.29941667,13.17798333,1983.00,124.672
1634,1,1634,-63.804628157034,-3214.467077702793,2019-07-22T12:13:56Z,46.29933333,13.17810000,1984.00,124.684
1635,1,1635,-62.804628157034,-3213.467077702793,2019-07-22T12:13:57Z,46.29925000,13.17825000,1987.00,124.696
1636,1,1636,-61.804628157034,-3212.467077702793,2019-07-22T12:13:58Z,46.29920000,13.17841667,1988.00,124.706
1637,1,1637,-60.804628157034,-3211.467077702793,2019-07-22T12:13:59Z,46.29915000,13.17860000,1989.00,124.716
1638,1,1638,-59.804628157034,-3210.467077702793,2019-07-22T12:14:00Z,46.29911667,13.17881667,1989.00,124.725
1639,1,1639,-58.804628157034,-3209.467077702793,2019-07-22T12:14:01Z,46.29913333,13.17903333,1989.00,124.729
1640,1,1640,-57.804628157034,-3208.467077702793,2019-07-22T12:14:02Z,46.29918333,13.17925000,1987.00,124.729
1641,1,1641,-56.804628157034,-3207.467077702793,2019-07-22T12:14:03Z,46.29926667,13.17946667,1986.00,124.726
1642,1,1642,-55.804628157034,-3206.467077702793,2019-07-22T12:14:04Z,46.29936667,13.17963333,1986.00,124.72
1643,1,1643,-54.804628157034,-3205.467077702793,2019-07-22T12:14:05Z,46.29950000,13.17978333,1989.00,124.71
1644,1,1644,-53.804628157034,-3204.467077702793,2019-07-22T12:14:06Z,46.29961667,13.17990000,1992.00,124.701
1645,1,1645,-52.804628157034,-3203.467077702793,2019-07-22T12:14:07Z,46.29975000,13.17998333,1994.00,124.689
1646,1,1646,-51.804628157034,-3202.467077702793,2019-07-22T12:14:08Z,46.29988333,13.18005000,1996.00,124.677
1647,1,1647,-50.804628157034,-3201.467077702793,2019-07-22T12:14:09Z,46.30001667,13.18008333,1998.00,124.664
1648,1,1648,-49.804628157034,-3200.467077702793,2019-07-22T12:14:10Z,46.30016667,13.18006667,1999.00,124.647
1649,1,1649,-48.804628157034,-3199.467077702793,2019-07-22T12:14:11Z,46.30030000,13.18000000,1998.00,124.632
1650,1,1650,-47.804628157034,-3198.467077702793,2019-07-22T12:14:12Z,46.30041667,13.17988333,1998.00,124.616
1651,1,1651,-46.804628157034,-3197.467077702793,2019-07-22T12:14:13Z,46.30051667,13.17975000,2000.00,124.603
1652,1,1652,-45.804628157034,-3196.467077702793,2019-07-22T12:14:14Z,46.30058333,13.17960000,2000.00,124.592
1653,1,1653,-44.804628157034,-3195.467077702793,2019-07-22T12:14:15Z,46.30061667,13.17941667,2001.00,124.583
1654,1,1654,-43.804628157034,-3194.467077702793,2019-07-22T12:14:16Z,46.30063333,13.17923333,2001.00,124.577
1655,1,1655,-42.804628157034,-3193.467077702793,2019-07-22T12:14:17Z,46.30063333,13.17903333,2002.00,124.572
1656,1,1656,-41.804628157034,-3192.467077702793,2019-07-22T12:14:18Z,46.30058333,13.17885000,2002.00,124.572
1657,1,1657,-40.804628157034,-3191.467077702793,2019-07-22T12:14:19Z,46.30053333,13.17865000,2002.00,124.572
1658,1,1658,-39.804628157034,-3190.467077702793,2019-07-22T12:14:20Z,46.30045000,13.17850000,2003.00,124.577
1659,1,1659,-38.804628157034,-3189.467077702793,2019-07-22T12:14:21Z,46.30036667,13.17836667,2006.00,124.582
1660,1,1660,-37.804628157034,-3188.467077702793,2019-07-22T12:14:22Z,46.30026667,13.17825000,2009.00,124.59
1661,1,1661,-36.804628157034,-3187.467077702793,2019-07-22T12:14:23Z,46.30018333,13.17815000,2012.00,124.596
1662,1,1662,-35.804628157034,-3186.467077702793,2019-07-22T12:14:24Z,46.30010000,13.17806667,2014.00,124.603
1663,1,1663,-34.804628157034,-3185.467077702793,2019-07-22T12:14:25Z,46.30001667,13.17798333,2015.00,124.609
1664,1,1664,-33.804628157034,-3184.467077702793,2019-07-22T12:14:26Z,46.29991667,13.17791667,2017.00,124.618
1665,1,1665,-32.804628157034,-3183.467077702793,2019-07-22T12:14:27Z,46.29981667,13.17783333,2017.00,124.626
1666,1,1666,-31.804628157034,-3182.467077702793,2019-07-22T12:14:28Z,46.29971667,13.17776667,2017.00,124.635
1667,1,1667,-30.804628157034,-3181.467077702793,2019-07-22T12:14:29Z,46.29958333,13.17773333,2018.00,124.648
1668,1,1668,-29.804628157034,-3180.467077702793,2019-07-22T12:14:30Z,46.29945000,13.17775000,2018.00,124.663
1669,1,1669,-28.804628157034,-3179.467077702793,2019-07-22T12:14:31Z,46.29933333,13.17780000,2018.00,124.676
1670,1,1670,-27.804628157034,-3178.467077702793,2019-07-22T12:14:32Z,46.29921667,13.17786667,2021.00,124.69
1671,1,1671,-26.804628157034,-3177.467077702793,2019-07-22T12:14:33Z,46.29911667,13.17798333,2023.00,124.704
1672,1,1672,-25.804628157034,-3176.467077702793,2019-07-22T12:14:34Z,46.29905000,13.17815000,2024.00,124.715
1673,1,1673,-24.804628157034,-3175.467077702793,2019-07-22T12:14:35Z,46.29900000,13.17835000,2023.00,124.725
1674,1,1674,-23.804628157034,-3174.467077702793,2019-07-22T12:14:36Z,46.29896667,13.17856667,2022.00,124.734
1675,1,1675,-22.804628157034,-3173.467077702793,2019-07-22T12:14:37Z,46.29896667,13.17880000,2023.00,124.74
1676,1,1676,-21.804628157034,-3172.467077702793,2019-07-22T12:14:38Z,46.29898333,13.17901667,2025.00,124.744
1677,1,1677,-20.804628157034,-3171.467077702793,2019-07-22T12:14:39Z,46.29903333,13.17921667,2025.00,124.744
1678,1,1678,-19.804628157034,-3170.467077702793,2019-07-22T12:14:40Z,46.29910000,13.17940000,2025.00,124.742
1679,1,1679,-18.804628157034,-3169.467077702793,2019-07-22T12:14:41Z,46.29916667,13.17958333,2025.00,124.74
1680,1,1680,-17.804628157034,-3168.467077702793,2019-07-22T12:14:42Z,46.29926667,13.17975000,2026.00,124.733
1681,1,1681,-16.804628157034,-3167.467077702793,2019-07-22T12:14:43Z,46.29940000,13.17990000,2026.00,124.723
1682,1,1682,-15.804628157034,-3166.467077702793,2019-07-22T12:14:44Z,46.29953333,13.18000000,2025.00,124.712
1683,1,1683,-14.804628157034,-3165.467077702793,2019-07-22T12:14:45Z,46.29968333,13.18006667,2025.00,124.698
1684,1,1684,-13.804628157034,-3164.467077702793,2019-07-22T12:14:46Z,46.29983333,13.18008333,2023.00,124.683
1685,1,1685,-12.804628157034,-3163.467077702793,2019-07-22T12:14:47Z,46.30000000,13.18003333,2024.00,124.664
1686,1,1686,-11.804628157034,-3162.467077702793,2019-07-22T12:14:48Z,46.30013333,13.17993333,2024.00,124.647
1687,1,1687,-10.804628157034,-3161.467077702793,2019-07-22T12:14:49Z,46.30025000,13.17980000,2024.00,124.632
1688,1,1688,-9.804628157034,-3160.467077702793,2019-07-22T12:14:50Z,46.30036667,13.17965000,2024.00,124.616
1689,1,1689,-8.804628157034,-3159.467077702793,2019-07-22T12:14:51Z,46.30045000,13.17948333,2026.00,124.603
1690,1,1690,-7.804628157034,-3158.467077702793,2019-07-22T12:14:52Z,46.30053333,13.17933333,2027.00,124.59
1691,1,1691,-6.804628157034,-3157.467077702793,2019-07-22T12:14:53Z,46.30060000,13.17918333,2029.00,124.579
1692,1,1692,-5.804628157034,-3156.467077702793,2019-07-22T12:14:54Z,46.30066667,13.17901667,2031.00,124.568
1693,1,1693,-4.804628157034,-3155.467077702793,2019-07-22T12:14:55Z,46.30073333,13.17885000,2031.00,124.557
1694,1,1694,-3.804628157034,-3154.467077702793,2019-07-22T12:14:56Z,46.30081667,13.17866667,2030.00,124.543
1695,1,1695,-2.804628157034,-3153.467077702793,2019-07-22T12:14:57Z,46.30090000,13.17848333,2027.00,124.53
1696,1,1696,-1.804628157034,-3152.467077702793,2019-07-22T12:14:58Z,46.30100000,13.17828333,2025.00,124.514
1697,1,1697,-0.804628157034,-3151.467077702793,2019-07-22T12:14:59Z,46.30110000,13.17811667,2025.00,124.499
1698,1,1698,0.195371842966,-3150.467077702793,2019-07-22T12:15:00Z,46.30120000,13.17795000,2027.00,124.484
1699,1,1699,1.195371842966,-3149.467077702793,2019-07-22T12:15:01Z,46.30128333,13.17780000,2028.00,124.472
1700,1,1700,2.195371842966,-3148.467077702793,2019-07-22T12:15:02Z,46.30136667,13.17765000,2030.00,124.459
1701,1,1701,3.195371842966,-3147.467077702793,2019-07-22T12:15:03Z,46.30146667,13.17750000,2029.00,124.445
1702,1,1702,4.195371842966,-3146.467077702793,2019-07-22T12:15:04Z,46.30156667,13.17733333,2029.00,124.43
1703,1,1703,5.195371842966,-3145.467077702793,2019-07-22T12:15:05Z,46.30168333,13.17716667,2028.00,124.414
1704,1,1704,6.195371842966,-3144.467077702793,2019-07-22T12:15:06Z,46.30180000,13.17700000,2027.00,124.397
1705,1,1705,7.195371842966,-3143.467077702793,2019-07-22T12:15:07Z,46.30193333,13.17686667,2028.00,124.38
1706,1,1706,8.195371842966,-3142.467077702793,2019-07-22T12:15:08Z,46.30208333,13.17671667,2027.00,124.36
1707,1,1707,9.195371842966,-3141.467077702793,2019-07-22T12:15:09Z,46.30226667,13.17661667,2027.00,124.338
1708,1,1708,10.195371842966,-3140.467077702793,2019-07-22T12:15:10Z,46.30243333,13.17650000,2028.00,124.318
1709,1,1709,11.195371842966,-3139.467077702793,2019-07-22T12:15:11Z,46.30260000,13.17640000,2026.00,124.298
1710,1,1710,12.195371842966,-3138.467077702793,2019-07-22T12:15:12Z,46.30275000,13.17630000,2025.00,124.28
1711,1,1711,13.195371842966,-3137.467077702793,2019-07-22T12:15:13Z,46.30290000,13.17621667,2025.00,124.262
1712,1,1712,14.195371842966,-3136.467077702793,2019-07-22T12:15:14Z,46.30303333,13.17611667,2025.00,124.245
1713,1,1713,15.195371842966,-3135.467077702793,2019-07-22T12:15:15Z,46.30316667,13.17601667,2025.00,124.229
1714,1,1714,16.195371842966,-3134.467077702793,2019-07-22T12:15:16Z,46.30331667,13.17591667,2024.00,124.21
1715,1,1715,17.195371842966,-3133.467077702793,2019-07-22T12:15:17Z,46.30345000,13.17580000,2023.00,124.193
1716,1,1716,18.195371842966,-3132.467077702793,2019-07-22T12:15:18Z,46.30358333,13.17570000,2024.00,124.177
1717,1,1717,19.195371842966,-3131.467077702793,2019-07-22T12:15:19Z,46.30373333,13.17560000,2025.00,124.159
1718,1,1718,20.195371842966,-3130.467077702793,2019-07-22T12:15:20Z,46.30386667,13.17548333,2025.00,124.142
1719,1,1719,21.195371842966,-3129.467077702793,2019-07-22T12:15:21Z,46.30400000,13.17536667,2023.00,124.125
1720,1,1720,22.195371842966,-3128.467077702793,2019-07-22T12:15:22Z,46.30415000,13.17525000,2020.00,124.106
1721,1,1721,23.195371842966,-3127.467077702793,2019-07-22T12:15:23Z,46.30430000,13.17513333,2016.00,124.087
1722,1,1722,24.195371842966,-3126.467077702793,2019-07-22T12:15:24Z,46.30445000,13.17500000,2013.00,124.068
1723,1,1723,25.195371842966,-3125.467077702793,2019-07-22T12:15:25Z,46.30460000,13.17488333,2010.00,124.049
1724,2,1,26.195371842966,-3124.467077702793,2019-07-22T12:15:26Z,46.30475000,13.17475000,2008.00,124.03
1725,2,2,27.195371842966,-3123.467077702793,2019-07-22T12:15:27Z,46.30490000,13.17463333,2005.00,124.012
1726,2,3,28.195371842966,-3122.467077702793,2019-07-22T12:15:28Z,46.30506667,13.17450000,2002.00,123.991
1727,2,4,29.195371842966,-3121.467077702793,2019-07-22T12:15:29Z,46.30521667,13.17436667,1999.00,123.972
1728,2,5,30.195371842966,-3120.467077702793,2019-07-22T12:15:30Z,46.30538333,13.17423333,1996.00,123.951
1729,2,6,31.195371842966,-3119.467077702793,2019-07-22T12:15:31Z,46.30553333,13.17410000,1993.00,123.931
1730,2,7,32.195371842966,-3118.467077702793,2019-07-22T12:15:32Z,46.30568333,13.17395000,1989.00,123.912
1731,2,8,33.195371842966,-3117.467077702793,2019-07-22T12:15:33Z,46.30581667,13.17381667,1989.00,123.895
1732,2,9,34.195371842966,-3116.467077702793,2019-07-22T12:15:34Z,46.30595000,13.17368333,1989.00,123.877
1733,2,10,35.195371842966,-3115.467077702793,2019-07-22T12:15:35Z,46.30606667,13.17356667,1990.00,123.862
1734,2,11,36.195371842966,-3114.467077702793,2019-07-22T12:15:36Z,46.30618333,13.17346667,1990.00,123.847
1735,2,12,37.195371842966,-3113.467077702793,2019-07-22T12:15:37Z,46.30630000,13.17336667,1991.00,123.832
1736,2,13,38.195371842966,-3112.467077702793,2019-07-22T12:15:38Z,46.30641667,13.17326667,1991.00,123.818
1737,2,14,39.195371842966,-3111.467077702793,2019-07-22T12:15:39Z,46.30651667,13.17316667,1989.00,123.805
1738,2,15,40.195371842966,-3110.467077702793,2019-07-22T12:15:40Z,46.30663333,13.17306667,1987.00,123.79
1739,2,16,41.195371842966,-3109.467077702793,2019-07-22T12:15:41Z,46.30675000,13.17296667,1987.00,123.775
1740,2,17,42.195371842966,-3108.467077702793,2019-07-22T12:15:42Z,46.30685000,13.17285000,1985.00,123.762
1741,2,18,43.195371842966,-3107.467077702793,2019-07-22T12:15:43Z,46.30696667,13.17275000,1986.00,123.747
1742,2,19,44.195371842966,-3106.467077702793,2019-07-22T12:15:44Z,46.30705000,13.17261667,1987.00,123.735
1743,2,20,45.195371842966,-3105.467077702793,2019-07-22T12:15:45Z,46.30715000,13.17250000,1988.00,123.721
1744,2,21,46.195371842966,-3104.467077702793,2019-07-22T12:15:46Z,46.30725000,13.17238333,1987.00,123.708
1745,2,22,47.195371842966,-3103.467077702793,2019-07-22T12:15:47Z,46.30735000,13.17225000,1986.00,123.694
1746,2,23,48.195371842966,-3102.467077702793,2019-07-22T12:15:48Z,46.30745000,13.17211667,1984.00,123.68
1747,2,24,49.195371842966,-3101.467077702793,2019-07-22T12:15:49Z,46.30755000,13.17198333,1983.00,123.666
1748,2,25,50.195371842966,-3100.467077702793,2019-07-22T12:15:50Z,46.30766667,13.17186667,1981.00,123.651
1749,2,26,51.195371842966,-3099.467077702793,2019-07-22T12:15:51Z,46.30778333,13.17173333,1980.00,123.635
1750,2,27,52.195371842966,-3098.467077702793,2019-07-22T12:15:52Z,46.30790000,13.17160000,1979.00,123.62
1751,2,28,53.195371842966,-3097.467077702793,2019-07-22T12:15:53Z,46.30801667,13.17146667,1978.00,123.604
1752,2,29,54.195371842966,-3096.467077702793,2019-07-22T12:15:54Z,46.30815000,13.17135000,1976.00,123.587
1753,2,30,55.195371842966,-3095.467077702793,2019-07-22T12:15:55Z,46.30826667,13.17121667,1974.00,123.571
1754,2,31,56.195371842966,-3094.467077702793,2019-07-22T12:15:56Z,46.30838333,13.17108333,1974.00,123.556
1755,2,32,57.195371842966,-3093.467077702793,2019-07-22T12:15:57Z,46.30850000,13.17095000,1973.00,123.54
1756,2,33,58.195371842966,-3092.467077702793,2019-07-22T12:15:58Z,46.30861667,13.17081667,1970.00,123.525
1757,2,34,59.195371842966,-3091.467077702793,2019-07-22T12:15:59Z,46.30875000,13.17070000,1967.00,123.508
1758,2,35,60.195371842966,-3090.467077702793,2019-07-22T12:16:00Z,46.30886667,13.17058333,1965.00,123.492
1759,2,36,61.195371842966,-3089.467077702793,2019-07-22T12:16:01Z,46.30898333,13.17046667,1966.00,123.477
1760,2,37,62.195371842966,-3088.467077702793,2019-07-22T12:16:02Z,46.30911667,13.17036667,1964.00,123.461
1761,2,38,63.195371842966,-3087.467077702793,2019-07-22T12:16:03Z,46.30925000,13.17025000,1962.00,123.444
1762,2,39,64.195371842966,-3086.467077702793,2019-07-22T12:16:04Z,46.30938333,13.17015000,1959.00,123.427
1763,2,40,65.195371842966,-3085.467077702793,2019-07-22T12:16:05Z,46.30951667,13.17005000,1957.00,123.411
1764,2,41,66.195371842966,-3084.467077702793,2019-07-22T12:16:06Z,46.30966667,13.16995000,1957.00,123.393
1765,2,42,67.195371842966,-3083.467077702793,2019-07-22T12:16:07Z,46.30980000,13.16985000,1956.00,123.376
1766,2,43,68.195371842966,-3082.467077702793,2019-07-22T12:16:08Z,46.30993333,13.16975000,1954.00,123.359
1767,2,44,69.195371842966,-3081.467077702793,2019-07-22T12:16:09Z,46.31006667,13.16965000,1954.00,123.343
1768,2,45,70.195371842966,-3080.467077702793,2019-07-22T12:16:10Z,46.31020000,13.16956667,1952.00,123.327
1769,2,46,71.195371842966,-3079.467077702793,2019-07-22T12:16:11Z,46.31031667,13.16946667,1951.00,123.312
1770,2,47,72.195371842966,-3078.467077702793,2019-07-22T12:16:12Z,46.31046667,13.16938333,1948.00,123.294
1771,2,48,73.195371842966,-3077.467077702793,2019-07-22T12:16:13Z,46.31060000,13.16928333,1944.00,123.278
1772,2,49,74.195371842966,-3076.467077702793,2019-07-22T12:16:14Z,46.31073333,13.16920000,1942.00,123.262
1773,2,50,75.195371842966,-3075.467077702793,2019-07-22T12:16:15Z,46.31088333,13.16911667,1940.00,123.244
1774,2,51,76.195371842966,-3074.467077702793,2019-07-22T12:16:16Z,46.31103333,13.16905000,1939.00,123.226
1775,2,52,77.195371842966,-3073.467077702793,2019-07-22T12:16:17Z,46.31118333,13.16900000,1937.00,123.209
1776,2,53,78.195371842966,-3072.467077702793,2019-07-22T12:16:18Z,46.31131667,13.16893333,1936.00,123.194
1777,2,54,79.195371842966,-3071.467077702793,2019-07-22T12:16:19Z,46.31146667,13.16886667,1933.00,123.176
1778,2,55,80.195371842966,-3070.467077702793,2019-07-22T12:16:20Z,46.31161667,13.16880000,1932.00,123.159
1779,2,56,81.195371842966,-3069.467077702793,2019-07-22T12:16:21Z,46.31175000,13.16873333,1930.00,123.143
1780,2,57,82.195371842966,-3068.467077702793,2019-07-22T12:16:22Z,46.31190000,13.16866667,1930.00,123.126
1781,2,58,83.195371842966,-3067.467077702793,2019-07-22T12:16:23Z,46.31205000,13.16860000,1930.00,123.108
1782,2,59,84.195371842966,-3066.467077702793,2019-07-22T12:16:24Z,46.31218333,13.16853333,1928.00,123.092
1783,2,60,85.195371842966,-3065.467077702793,2019-07-22T12:16:25Z,46.31231667,13.16846667,1924.00,123.077
1784,2,61,86.195371842966,-3064.467077702793,2019-07-22T12:16:26Z,46.31245000,13.16841667,1922.00,123.062
1785,2,62,87.195371842966,-3063.467077702793,2019-07-22T12:16:27Z,46.31256667,13.16835000,1920.00,123.048
1786,2,63,88.195371842966,-3062.467077702793,2019-07-22T12:16:28Z,46.31270000,13.16831667,1920.00,123.033
1787,2,64,89.195371842966,-3061.467077702793,2019-07-22T12:16:29Z,46.31283333,13.16826667,1918.00,123.017
1788,2,65,90.195371842966,-3060.467077702793,2019-07-22T12:16:30Z,46.31296667,13.16823333,1916.00,123.003
1789,2,66,91.195371842966,-3059.467077702793,2019-07-22T12:16:31Z,46.31311667,13.16820000,1913.00,122.986
1790,2,67,92.195371842966,-3058.467077702793,2019-07-22T12:16:32Z,46.31326667,13.16815000,1912.00,122.969
1791,2,68,93.195371842966,-3057.467077702793,2019-07-22T12:16:33Z,46.31340000,13.16810000,1912.00,122.954
1792,2,69,94.195371842966,-3056.467077702793,2019-07-22T12:16:34Z,46.31353333,13.16806667,1911.00,122.939
1793,2,70,95.195371842966,-3055.467077702793,2019-07-22T12:16:35Z,46.31366667,13.16800000,1911.00,122.923
1794,2,71,96.195371842966,-3054.467077702793,2019-07-22T12:16:36Z,46.31378333,13.16793333,1908.00,122.909
1795,2,72,97.195371842966,-3053.467077702793,2019-07-22T12:16:37Z,46.31391667,13.16786667,1907.00,122.894
1796,2,73,98.195371842966,-3052.467077702793,2019-07-22T12:16:38Z,46.31405000,13.16778333,1906.00,122.877
1797,2,74,99.195371842966,-3051.467077702793,2019-07-22T12:16:39Z,46.31416667,13.16770000,1905.00,122.863
1798,2,75,100.195371842966,-3050.467077702793,2019-07-22T12:16:40Z,46.31428333,13.16763333,1905.00,122.849
1799,2,76,101.195371842966,-3049.467077702793,2019-07-22T12:16:41Z,46.31441667,13.16755000,1904.00,122.833
1800,2,77,102.195371842966,-3048.467077702793,2019-07-22T12:16:42Z,46.31453333,13.16746667,1902.00,122.819
1801,2,78,103.195371842966,-3047.467077702793,2019-07-22T12:16:43Z,46.31465000,13.16738333,1900.00,122.804
1802,2,79,104.195371842966,-3046.467077702793,2019-07-22T12:16:44Z,46.31476667,13.16731667,1899.00,122.79
1803,2,80,105.195371842966,-3045.467077702793,2019-07-22T12:16:45Z,46.31488333,13.16723333,1898.00,122.776
1804,2,81,106.195371842966,-3044.467077702793,2019-07-22T12:16:46Z,46.31501667,13.16715000,1897.00,122.76
1805,2,82,107.195371842966,-3043.467077702793,2019-07-22T12:16:47Z,46.31513333,13.16706667,1896.00,122.746
1806,2,83,108.195371842966,-3042.467077702793,2019-07-22T12:16:48Z,46.31526667,13.16696667,1894.00,122.729
1807,2,84,109.195371842966,-3041.467077702793,2019-07-22T12:16:49Z,46.31540000,13.16688333,1893.00,122.713
1808,2,85,110.195371842966,-3040.467077702793,2019-07-22T12:16:50Z,46.31553333,13.16678333,1891.00,122.696
1809,2,86,111.195371842966,-3039.467077702793,2019-07-22T12:16:51Z,46.31566667,13.16670000,1889.00,122.68
1810,2,87,112.195371842966,-3038.467077702793,2019-07-22T12:16:52Z,46.31581667,13.16661667,1887.00,122.663
1811,2,88,113.195371842966,-3037.467077702793,2019-07-22T12:16:53Z,46.31596667,13.16653333,1886.00,122.645
1812,2,89,114.195371842966,-3036.467077702793,2019-07-22T12:16:54Z,46.31610000,13.16645000,1882.00,122.629
1813,2,90,115.195371842966,-3035.467077702793,2019-07-22T12:16:55Z,46.31625000,13.16636667,1880.00,122.611
1814,2,91,116.195371842966,-3034.467077702793,2019-07-22T12:16:56Z,46.31638333,13.16628333,1878.00,122.595
1815,2,92,117.195371842966,-3033.467077702793,2019-07-22T12:16:57Z,46.31653333,13.16621667,1876.00,122.577
1816,2,93,118.195371842966,-3032.467077702793,2019-07-22T12:16:58Z,46.31670000,13.16613333,1872.00,122.558
1817,2,94,119.195371842966,-3031.467077702793,2019-07-22T12:16:59Z,46.31686667,13.16606667,1870.00,122.538
1818,2,95,120.195371842966,-3030.467077702793,2019-07-22T12:17:00Z,46.31701667,13.16598333,1869.00,122.521
1819,2,96,121.195371842966,-3029.467077702793,2019-07-22T12:17:01Z,46.31718333,13.16591667,1867.00,122.501
1820,2,97,122.195371842966,-3028.467077702793,2019-07-22T12:17:02Z,46.31733333,13.16585000,1865.00,122.484
1821,2,98,123.195371842966,-3027.467077702793,2019-07-22T12:17:03Z,46.31748333,13.16580000,1867.00,122.467
1822,2,99,124.195371842966,-3026.467077702793,2019-07-22T12:17:04Z,46.31763333,13.16573333,1869.00,122.449
1823,2,100,125.195371842966,-3025.467077702793,2019-07-22T12:17:05Z,46.31776667,13.16566667,1871.00,122.434
1824,2,101,126.195371842966,-3024.467077702793,2019-07-22T12:17:06Z,46.31788333,13.16560000,1871.00,122.42
1825,2,102,127.195371842966,-3023.467077702793,2019-07-22T12:17:07Z,46.31803333,13.16553333,1872.00,122.402
1826,2,103,128.195371842966,-3022.467077702793,2019-07-22T12:17:08Z,46.31816667,13.16546667,1871.00,122.387
1827,2,104,129.195371842966,-3021.467077702793,2019-07-22T12:17:09Z,46.31831667,13.16540000,1871.00,122.369
1828,2,105,130.195371842966,-3020.467077702793,2019-07-22T12:17:10Z,46.31846667,13.16533333,1869.00,122.352
1829,2,106,131.195371842966,-3019.467077702793,2019-07-22T12:17:11Z,46.31863333,13.16528333,1866.00,122.333
1830,2,107,132.195371842966,-3018.467077702793,2019-07-22T12:17:12Z,46.31880000,13.16523333,1865.00,122.314
1831,2,108,133.195371842966,-3017.467077702793,2019-07-22T12:17:13Z,46.31896667,13.16518333,1863.00,122.296
1832,2,109,134.195371842966,-3016.467077702793,2019-07-22T12:17:14Z,46.31913333,13.16515000,1862.00,122.277
1833,2,110,135.195371842966,-3015.467077702793,2019-07-22T12:17:15Z,46.31928333,13.16511667,1864.00,122.261
1834,2,111,136.195371842966,-3014.467077702793,2019-07-22T12:17:16Z,46.31945000,13.16508333,1865.00,122.242
1835,2,112,137.195371842966,-3013.467077702793,2019-07-22T12:17:17Z,46.31960000,13.16506667,1864.00,122.226
1836,2,113,138.195371842966,-3012.467077702793,2019-07-22T12:17:18Z,46.31975000,13.16503333,1861.00,122.209
1837,2,114,139.195371842966,-3011.467077702793,2019-07-22T12:17:19Z,46.31991667,13.16500000,1859.00,122.191
1838,2,115,140.195371842966,-3010.467077702793,2019-07-22T12:17:20Z,46.32008333,13.16495000,1857.00,122.172
1839,2,116,141.195371842966,-3009.467077702793,2019-07-22T12:17:21Z,46.32025000,13.16490000,1855.00,122.154
1840,2,117,142.195371842966,-3008.467077702793,2019-07-22T12:17:22Z,46.32041667,13.16485000,1855.00,122.135
1841,2,118,143.195371842966,-3007.467077702793,2019-07-22T12:17:23Z,46.32060000,13.16480000,1856.00,122.114
1842,2,119,144.195371842966,-3006.467077702793,2019-07-22T12:17:24Z,46.32075000,13.16473333,1854.00,122.097
1843,2,120,145.195371842966,-3005.467077702793,2019-07-22T12:17:25Z,46.32091667,13.16465000,1853.00,122.077
1844,2,121,146.195371842966,-3004.467077702793,2019-07-22T12:17:26Z,46.32106667,13.16458333,1851.00,122.06
1845,2,122,147.195371842966,-3003.467077702793,2019-07-22T12:17:27Z,46.32123333,13.16450000,1853.00,122.04
1846,2,123,148.195371842966,-3002.467077702793,2019-07-22T12:17:28Z,46.32138333,13.16443333,1853.00,122.023
1847,2,124,149.195371842966,-3001.467077702793,2019-07-22T12:17:29Z,46.32155000,13.16435000,1853.00,122.003
1848,2,125,150.195371842966,-3000.467077702793,2019-07-22T12:17:30Z,46.32170000,13.16428333,1850.00,121.986
1849,2,126,151.195371842966,-2999.467077702793,2019-07-22T12:17:31Z,46.32186667,13.16420000,1848.00,121.966
1850,2,127,152.195371842966,-2998.467077702793,2019-07-22T12:17:32Z,46.32203333,13.16413333,1847.00,121.947
1851,2,128,153.195371842966,-2997.467077702793,2019-07-22T12:17:33Z,46.32220000,13.16408333,1844.00,121.928
1852,2,129,154.195371842966,-2996.467077702793,2019-07-22T12:17:34Z,46.32235000,13.16401667,1843.00,121.911
1853,2,130,155.195371842966,-2995.467077702793,2019-07-22T12:17:35Z,46.32251667,13.16395000,1843.00,121.892
1854,2,131,156.195371842966,-2994.467077702793,2019-07-22T12:17:36Z,46.32268333,13.16390000,1842.00,121.873
1855,2,132,157.195371842966,-2993.467077702793,2019-07-22T12:17:37Z,46.32285000,13.16385000,1840.00,121.854
1856,2,133,158.195371842966,-2992.467077702793,2019-07-22T12:17:38Z,46.32301667,13.16380000,1839.00,121.835
1857,2,134,159.195371842966,-2991.467077702793,2019-07-22T12:17:39Z,46.32318333,13.16376667,1837.00,121.817
1858,2,135,160.195371842966,-2990.467077702793,2019-07-22T12:17:40Z,46.32335000,13.16373333,1836.00,121.799
1859,2,136,161.195371842966,-2989.467077702793,2019-07-22T12:17:41Z,46.32353333,13.16371667,1836.00,121.779
1860,2,137,162.195371842966,-2988.467077702793,2019-07-22T12:17:42Z,46.32370000,13.16370000,1834.00,121.761
1861,2,138,163.195371842966,-2987.467077702793,2019-07-22T12:17:43Z,46.32385000,13.16366667,1833.00,121.744
1862,2,139,164.195371842966,-2986.467077702793,2019-07-22T12:17:44Z,46.32401667,13.16365000,1834.00,121.726
1863,2,140,165.195371842966,-2985.467077702793,2019-07-22T12:17:45Z,46.32418333,13.16363333,1833.00,121.709
1864,2,141,166.195371842966,-2984.467077702793,2019-07-22T12:17:46Z,46.32433333,13.16363333,1832.00,121.693
1865,2,142,167.195371842966,-2983.467077702793,2019-07-22T12:17:47Z,46.32450000,13.16361667,1832.00,121.675
1866,2,143,168.195371842966,-2982.467077702793,2019-07-22T12:17:48Z,46.32465000,13.16361667,1831.00,121.659
1867,2,144,169.195371842966,-2981.467077702793,2019-07-22T12:17:49Z,46.32481667,13.16360000,1831.00,121.641
1868,2,145,170.195371842966,-2980.467077702793,2019-07-22T12:17:50Z,46.32498333,13.16360000,1830.00,121.624
1869,2,146,171.195371842966,-2979.467077702793,2019-07-22T12:17:51Z,46.32515000,13.16358333,1830.00,121.606
1870,2,147,172.195371842966,-2978.467077702793,2019-07-22T12:17:52Z,46.32531667,13.16356667,1828.00,121.588
1871,2,148,173.195371842966,-2977.467077702793,2019-07-22T12:17:53Z,46.32548333,13.16356667,1826.00,121.57
1872,2,149,174.195371842966,-2976.467077702793,2019-07-22T12:17:54Z,46.32565000,13.16356667,1824.00,121.553
1873,2,150,175.195371842966,-2975.467077702793,2019-07-22T12:17:55Z,46.32581667,13.16356667,1822.00,121.535
1874,2,151,176.195371842966,-2974.467077702793,2019-07-22T12:17:56Z,46.32598333,13.16355000,1822.00,121.518
1875,2,152,177.195371842966,-2973.467077702793,2019-07-22T12:17:57Z,46.32615000,13.16355000,1821.00,121.5
1876,2,153,178.195371842966,-2972.467077702793,2019-07-22T12:17:58Z,46.32631667,13.16355000,1819.00,121.483
1877,2,154,179.195371842966,-2971.467077702793,2019-07-22T12:17:59Z,46.32648333,13.16353333,1819.00,121.465
1878,2,155,180.195371842966,-2970.467077702793,2019-07-22T12:18:00Z,46.32665000,13.16351667,1819.00,121.447
1879,2,156,181.195371842966,-2969.467077702793,2019-07-22T12:18:01Z,46.32681667,13.16351667,1818.00,121.429
1880,2,157,182.195371842966,-2968.467077702793,2019-07-22T12:18:02Z,46.32698333,13.16350000,1815.00,121.411
1881,2,158,183.195371842966,-2967.467077702793,2019-07-22T12:18:03Z,46.32715000,13.16348333,1814.00,121.393
1882,2,159,184.195371842966,-2966.467077702793,2019-07-22T12:18:04Z,46.32733333,13.16348333,1812.00,121.374
1883,2,160,185.195371842966,-2965.467077702793,2019-07-22T12:18:05Z,46.32751667,13.16346667,1809.00,121.355
1884,2,161,186.195371842966,-2964.467077702793,2019-07-22T12:18:06Z,46.32768333,13.16345000,1805.00,121.337
1885,2,162,187.195371842966,-2963.467077702793,2019-07-22T12:18:07Z,46.32786667,13.16343333,1805.00,121.317
1886,2,163,188.195371842966,-2962.467077702793,2019-07-22T12:18:08Z,46.32805000,13.16343333,1803.00,121.298
1887,2,164,189.195371842966,-2961.467077702793,2019-07-22T12:18:09Z,46.32821667,13.16340000,1799.00,121.28
1888,2,165,190.195371842966,-2960.467077702793,2019-07-22T12:18:10Z,46.32840000,13.16338333,1797.00,121.26
1889,2,166,191.195371842966,-2959.467077702793,2019-07-22T12:18:11Z,46.32858333,13.16335000,1796.00,121.24
1890,2,167,192.195371842966,-2958.467077702793,2019-07-22T12:18:12Z,46.32875000,13.16331667,1795.00,121.221
1891,2,168,193.195371842966,-2957.467077702793,2019-07-22T12:18:13Z,46.32891667,13.16326667,1793.00,121.203
1892,2,169,194.195371842966,-2956.467077702793,2019-07-22T12:18:14Z,46.32910000,13.16323333,1791.00,121.183
1893,2,170,195.195371842966,-2955.467077702793,2019-07-22T12:18:15Z,46.32926667,13.16318333,1789.00,121.164
1894,2,171,196.195371842966,-2954.467077702793,2019-07-22T12:18:16Z,46.32943333,13.16315000,1788.00,121.146
1895,2,172,197.195371842966,-2953.467077702793,2019-07-22T12:18:17Z,46.32960000,13.16310000,1786.00,121.127
1896,2,173,198.195371842966,-2952.467077702793,2019-07-22T12:18:18Z,46.32976667,13.16305000,1784.00,121.108
1897,2,174,199.195371842966,-2951.467077702793,2019-07-22T12:18:19Z,46.32993333,13.16300000,1783.00,121.089
1898,2,175,200.195371842966,-2950.467077702793,2019-07-22T12:18:20Z,46.33010000,13.16295000,1781.00,121.071
1899,2,176,201.195371842966,-2949.467077702793,2019-07-22T12:18:21Z,46.33026667,13.16291667,1780.00,121.052
1900,2,177,202.195371842966,-2948.467077702793,2019-07-22T12:18:22Z,46.33043333,13.16286667,1779.00,121.034
1901,2,178,203.195371842966,-2947.467077702793,2019-07-22T12:18:23Z,46.33060000,13.16283333,1778.00,121.015
1902,2,179,204.195371842966,-2946.467077702793,2019-07-22T12:18:24Z,46.33076667,13.16280000,1777.00,120.997
1903,2,180,205.195371842966,-2945.467077702793,2019-07-22T12:18:25Z,46.33091667,13.16276667,1777.00,120.98
1904,2,181,206.195371842966,-2944.467077702793,2019-07-22T12:18:26Z,46.33108333,13.16275000,1776.00,120.962
1905,2,182,207.195371842966,-2943.467077702793,2019-07-22T12:18:27Z,46.33123333,13.16271667,1776.00,120.946
1906,2,183,208.195371842966,-2942.467077702793,2019-07-22T12:18:28Z,46.33140000,13.16268333,1775.00,120.928
1907,2,184,209.195371842966,-2941.467077702793,2019-07-22T12:18:29Z,46.33155000,13.16266667,1773.00,120.911
1908,2,185,210.195371842966,-2940.467077702793,2019-07-22T12:18:30Z,46.33171667,13.16265000,1772.00,120.894
1909,2,186,211.195371842966,-2939.467077702793,2019-07-22T12:18:31Z,46.33186667,13.16263333,1772.00,120.877
1910,2,187,212.195371842966,-2938.467077702793,2019-07-22T12:18:32Z,46.33201667,13.16261667,1771.00,120.861
1911,2,188,213.195371842966,-2937.467077702793,2019-07-22T12:18:33Z,46.33218333,13.16260000,1769.00,120.843
1912,2,189,214.195371842966,-2936.467077702793,2019-07-22T12:18:34Z,46.33233333,13.16256667,1767.00,120.827
1913,2,190,215.195371842966,-2935.467077702793,2019-07-22T12:18:35Z,46.33250000,13.16255000,1765.00,120.809
1914,2,191,216.195371842966,-2934.467077702793,2019-07-22T12:18:36Z,46.33266667,13.16253333,1764.00,120.791
1915,2,192,217.195371842966,-2933.467077702793,2019-07-22T12:18:37Z,46.33281667,13.16251667,1764.00,120.775
1916,2,193,218.195371842966,-2932.467077702793,2019-07-22T12:18:38Z,46.33298333,13.16250000,1763.00,120.757
1917,2,194,219.195371842966,-2931.467077702793,2019-07-22T12:18:39Z,46.33313333,13.16248333,1761.00,120.741
1918,2,195,220.195371842966,-2930.467077702793,2019-07-22T12:18:40Z,46.33330000,13.16246667,1758.00,120.723
1919,2,196,221.195371842966,-2929.467077702793,2019-07-22T12:18:41Z,46.33345000,13.16245000,1756.00,120.707
1920,2,197,222.195371842966,-2928.467077702793,2019-07-22T12:18:42Z,46.33360000,13.16241667,1753.00,120.69
1921,2,198,223.195371842966,-2927.467077702793,2019-07-22T12:18:43Z,46.33375000,13.16236667,1754.00,120.673
1922,2,199,224.195371842966,-2926.467077702793,2019-07-22T12:18:44Z,46.33390000,13.16231667,1753.00,120.656
1923,2,200,225.195371842966,-2925.467077702793,2019-07-22T12:18:45Z,46.33406667,13.16228333,1750.00,120.638
1924,2,201,226.195371842966,-2924.467077702793,2019-07-22T12:18:46Z,46.33423333,13.16223333,1746.00,120.619
1925,2,202,227.195371842966,-2923.467077702793,2019-07-22T12:18:47Z,46.33438333,13.16220000,1743.00,120.603
1926,2,203,228.195371842966,-2922.467077702793,2019-07-22T12:18:48Z,46.33455000,13.16215000,1744.00,120.584
1927,2,204,229.195371842966,-2921.467077702793,2019-07-22T12:18:49Z,46.33471667,13.16211667,1743.00,120.566
1928,2,205,230.195371842966,-2920.467077702793,2019-07-22T12:18:50Z,46.33488333,13.16210000,1744.00,120.548
1929,2,206,231.195371842966,-2919.467077702793,2019-07-22T12:18:51Z,46.33505000,13.16208333,1743.00,120.53
1930,2,207,232.195371842966,-2918.467077702793,2019-07-22T12:18:52Z,46.33523333,13.16208333,1741.00,120.511
1931,2,208,233.195371842966,-2917.467077702793,2019-07-22T12:18:53Z,46.33540000,13.16210000,1740.00,120.494
1932,2,209,234.195371842966,-2916.467077702793,2019-07-22T12:18:54Z,46.33556667,13.16213333,1737.00,120.477
1933,2,210,235.195371842966,-2915.467077702793,2019-07-22T12:18:55Z,46.33573333,13.16216667,1737.00,120.461
1934,2,211,236.195371842966,-2914.467077702793,2019-07-22T12:18:56Z,46.33590000,13.16221667,1738.00,120.445
1935,2,212,237.195371842966,-2913.467077702793,2019-07-22T12:18:57Z,46.33606667,13.16225000,1736.00,120.428
1936,2,213,238.195371842966,-2912.467077702793,2019-07-22T12:18:58Z,46.33623333,13.16230000,1735.00,120.412
1937,2,214,239.195371842966,-2911.467077702793,2019-07-22T12:18:59Z,46.33638333,13.16235000,1735.00,120.398
1938,2,215,240.195371842966,-2910.467077702793,2019-07-22T12:19:00Z,46.33655000,13.16240000,1732.00,120.382
1939,2,216,241.195371842966,-2909.467077702793,2019-07-22T12:19:01Z,46.33670000,13.16248333,1730.00,120.368
1940,2,217,242.195371842966,-2908.467077702793,2019-07-22T12:19:02Z,46.33685000,13.16256667,1730.00,120.355
1941,2,218,243.195371842966,-2907.467077702793,2019-07-22T12:19:03Z,46.33700000,13.16268333,1731.00,120.342
1942,2,219,244.195371842966,-2906.467077702793,2019-07-22T12:19:04Z,46.33715000,13.16283333,1730.00,120.33
1943,2,220,245.195371842966,-2905.467077702793,2019-07-22T12:19:05Z,46.33728333,13.16295000,1728.00,120.319
1944,2,221,246.195371842966,-2904.467077702793,2019-07-22T12:19:06Z,46.33743333,13.16306667,1728.00,120.307
1945,2,222,247.195371842966,-2903.467077702793,2019-07-22T12:19:07Z,46.33760000,13.16316667,1726.00,120.292
1946,2,223,248.195371842966,-2902.467077702793,2019-07-22T12:19:08Z,46.33775000,13.16325000,1725.00,120.279
1947,2,224,249.195371842966,-2901.467077702793,2019-07-22T12:19:09Z,46.33790000,13.16331667,1726.00,120.265
1948,2,225,250.195371842966,-2900.467077702793,2019-07-22T12:19:10Z,46.33805000,13.16340000,1726.00,120.251
1949,2,226,251.195371842966,-2899.467077702793,2019-07-22T12:19:11Z,46.33820000,13.16346667,1724.00,120.238
1950,2,227,252.195371842966,-2898.467077702793,2019-07-22T12:19:12Z,46.33836667,13.16351667,1723.00,120.222
1951,2,228,253.195371842966,-2897.467077702793,2019-07-22T12:19:13Z,46.33853333,13.16356667,1722.00,120.205
1952,2,229,254.195371842966,-2896.467077702793,2019-07-22T12:19:14Z,46.33870000,13.16361667,1721.00,120.189
1953,2,230,255.195371842966,-2895.467077702793,2019-07-22T12:19:15Z,46.33886667,13.16368333,1719.00,120.174
1954,2,231,256.195371842966,-2894.467077702793,2019-07-22T12:19:16Z,46.33903333,13.16375000,1717.00,120.158
1955,2,232,257.195371842966,-2893.467077702793,2019-07-22T12:19:17Z,46.33918333,13.16381667,1715.00,120.144
1956,2,233,258.195371842966,-2892.467077702793,2019-07-22T12:19:18Z,46.33935000,13.16388333,1713.00,120.129
1957,2,234,259.195371842966,-2891.467077702793,2019-07-22T12:19:19Z,46.33950000,13.16393333,1711.00,120.115
1958,2,235,260.195371842966,-2890.467077702793,2019-07-22T12:19:20Z,46.33966667,13.16400000,1710.00,120.099
1959,2,236,261.195371842966,-2889.467077702793,2019-07-22T12:19:21Z,46.33981667,13.16405000,1709.00,120.085
1960,2,237,262.195371842966,-2888.467077702793,2019-07-22T12:19:22Z,46.33998333,13.16411667,1708.00,120.069
1961,2,238,263.195371842966,-2887.467077702793,2019-07-22T12:19:23Z,46.34013333,13.16416667,1707.00,120.055
1962,2,239,264.195371842966,-2886.467077702793,2019-07-22T12:19:24Z,46.34030000,13.16423333,1705.00,120.039
1963,2,240,265.195371842966,-2885.467077702793,2019-07-22T12:19:25Z,46.34045000,13.16428333,1704.00,120.025
1964,2,241,266.195371842966,-2884.467077702793,2019-07-22T12:19:26Z,46.34061667,13.16435000,1702.00,120.01
1965,2,242,267.195371842966,-2883.467077702793,2019-07-22T12:19:27Z,46.34076667,13.16440000,1699.00,119.995
1966,2,243,268.195371842966,-2882.467077702793,2019-07-22T12:19:28Z,46.34093333,13.16446667,1698.00,119.98
1967,2,244,269.195371842966,-2881.467077702793,2019-07-22T12:19:29Z,46.34108333,13.16451667,1697.00,119.966
1968,2,245,270.195371842966,-2880.467077702793,2019-07-22T12:19:30Z,46.34123333,13.16458333,1695.00,119.952
1969,2,246,271.195371842966,-2879.467077702793,2019-07-22T12:19:31Z,46.34138333,13.16465000,1693.00,119.938
1970,2,247,272.195371842966,-2878.467077702793,2019-07-22T12:19:32Z,46.34153333,13.16473333,1691.00,119.925
1971,2,248,273.195371842966,-2877.467077702793,2019-07-22T12:19:33Z,46.34168333,13.16481667,1690.00,119.911
1972,2,249,274.195371842966,-2876.467077702793,2019-07-22T12:19:34Z,46.34183333,13.16490000,1688.00,119.898
1973,2,250,275.195371842966,-2875.467077702793,2019-07-22T12:19:35Z,46.34198333,13.16498333,1686.00,119.885
1974,2,251,276.195371842966,-2874.467077702793,2019-07-22T12:19:36Z,46.34215000,13.16506667,1686.00,119.87
1975,2,252,277.195371842966,-2873.467077702793,2019-07-22T12:19:37Z,46.34230000,13.16513333,1686.00,119.856
1976,2,253,278.195371842966,-2872.467077702793,2019-07-22T12:19:38Z,46.34245000,13.16523333,1685.00,119.843
1977,2,254,279.195371842966,-2871.467077702793,2019-07-22T12:19:39Z,46.34261667,13.16531667,1684.00,119.828
1978,2,255,280.195371842966,-2870.467077702793,2019-07-22T12:19:40Z,46.34276667,13.16540000,1683.00,119.815
1979,2,256,281.195371842966,-2869.467077702793,2019-07-22T12:19:41Z,46.34291667,13.16548333,1681.00,119.802
1980,2,257,282.195371842966,-2868.467077702793,2019-07-22T12:19:42Z,46.34308333,13.16556667,1678.00,119.787
1981,2,258,283.195371842966,-2867.467077702793,2019-07-22T12:19:43Z,46.34323333,13.16566667,1677.00,119.774
1982,2,259,284.195371842966,-2866.467077702793,2019-07-22T12:19:44Z,46.34338333,13.16575000,1677.00,119.76
1983,2,260,285.195371842966,-2865.467077702793,2019-07-22T12:19:45Z,46.34353333,13.16585000,1675.00,119.748
1984,2,261,286.195371842966,-2864.467077702793,2019-07-22T12:19:46Z,46.34368333,13.16595000,1673.00,119.735
1985,2,262,287.195371842966,-2863.467077702793,2019-07-22T12:19:47Z,46.34383333,13.16606667,1671.00,119.723
1986,2,263,288.195371842966,-2862.467077702793,2019-07-22T12:19:48Z,46.34396667,13.16616667,1670.00,119.712
1987,2,264,289.195371842966,-2861.467077702793,2019-07-22T12:19:49Z,46.34413333,13.16628333,1670.00,119.698
1988,2,265,290.195371842966,-2860.467077702793,2019-07-22T12:19:50Z,46.34428333,13.16640000,1669.00,119.685
1989,2,266,291.195371842966,-2859.467077702793,2019-07-22T12:19:51Z,46.34443333,13.16650000,1669.00,119.672
1990,2,267,292.195371842966,-2858.467077702793,2019-07-22T12:19:52Z,46.34458333,13.16661667,1669.00,119.66
1991,2,268,293.195371842966,-2857.467077702793,2019-07-22T12:19:53Z,46.34471667,13.16671667,1667.00,119.649
1992,2,269,294.195371842966,-2856.467077702793,2019-07-22T12:19:54Z,46.34486667,13.16681667,1665.00,119.636
1993,2,270,295.195371842966,-2855.467077702793,2019-07-22T12:19:55Z,46.34501667,13.16693333,1664.00,119.624
1994,2,271,296.195371842966,-2854.467077702793,2019-07-22T12:19:56Z,46.34516667,13.16705000,1662.00,119.612
1995,2,272,297.195371842966,-2853.467077702793,2019-07-22T12:19:57Z,46.34533333,13.16716667,1661.00,119.598
1996,2,273,298.195371842966,-2852.467077702793,2019-07-22T12:19:58Z,46.34548333,13.16728333,1658.00,119.586
1997,2,274,299.195371842966,-2851.467077702793,2019-07-22T12:19:59Z,46.34563333,13.16740000,1656.00,119.573
1998,2,275,300.195371842966,-2850.467077702793,2019-07-22T12:20:00Z,46.34578333,13.16753333,1654.00,119.562
1999,2,276,301.195371842966,-2849.467077702793,2019-07-22T12:20:01Z,46.34593333,13.16766667,1655.00,119.55
2000,2,277,302.195371842966,-2848.467077702793,2019-07-22T12:20:02Z,46.34610000,13.16778333,1654.00,119.536
2001,2,278,303.195371842966,-2847.467077702793,2019-07-22T12:20:03Z,46.34625000,13.16790000,1654.00,119.524
2002,2,279,304.195371842966,-2846.467077702793,2019-07-22T12:20:04Z,46.34640000,13.16800000,1653.00,119.511
2003,2,280,305.195371842966,-2845.467077702793,2019-07-22T12:20:05Z,46.34655000,13.16810000,1652.00,119.498
2004,2,281,306.195371842966,-2844.467077702793,2019-07-22T12:20:06Z,46.34670000,13.16820000,1651.00,119.486
2005,2,282,307.195371842966,-2843.467077702793,2019-07-22T12:20:07Z,46.34685000,13.16831667,1649.00,119.474
2006,2,283,308.195371842966,-2842.467077702793,2019-07-22T12:20:08Z,46.34700000,13.16841667,1649.00,119.461
2007,2,284,309.195371842966,-2841.467077702793,2019-07-22T12:20:09Z,46.34715000,13.16851667,1648.00,119.448
2008,2,285,310.195371842966,-2840.467077702793,2019-07-22T12:20:10Z,46.34728333,13.16863333,1647.00,119.438
2009,2,286,311.195371842966,-2839.467077702793,2019-07-22T12:20:11Z,46.34743333,13.16871667,1647.00,119.425
2010,2,287,312.195371842966,-2838.467077702793,2019-07-22T12:20:12Z,46.34758333,13.16883333,1646.00,119.413
2011,2,288,313.195371842966,-2837.467077702793,2019-07-22T12:20:13Z,46.34773333,13.16893333,1644.00,119.4
2012,2,289,314.195371842966,-2836.467077702793,2019-07-22T12:20:14Z,46.34788333,13.16903333,1643.00,119.387
2013,2,290,315.195371842966,-2835.467077702793,2019-07-22T12:20:15Z,46.34803333,13.16915000,1642.00,119.375
2014,2,291,316.195371842966,-2834.467077702793,2019-07-22T12:20:16Z,46.34818333,13.16925000,1641.00,119.363
2015,2,292,317.195371842966,-2833.467077702793,2019-07-22T12:20:17Z,46.34831667,13.16936667,1639.00,119.352
2016,2,293,318.195371842966,-2832.467077702793,2019-07-22T12:20:18Z,46.34845000,13.16950000,1637.00,119.342
2017,2,294,319.195371842966,-2831.467077702793,2019-07-22T12:20:19Z,46.34860000,13.16963333,1636.00,119.331
2018,2,295,320.195371842966,-2830.467077702793,2019-07-22T12:20:20Z,46.34873333,13.16978333,1636.00,119.321
2019,2,296,321.195371842966,-2829.467077702793,2019-07-22T12:20:21Z,46.34886667,13.16991667,1635.00,119.312
2020,2,297,322.195371842966,-2828.467077702793,2019-07-22T12:20:22Z,46.34898333,13.17006667,1634.00,119.304
2021,2,298,323.195371842966,-2827.467077702793,2019-07-22T12:20:23Z,46.34910000,13.17021667,1634.00,119.296
2022,2,299,324.195371842966,-2826.467077702793,2019-07-22T12:20:24Z,46.34921667,13.17035000,1633.00,119.288
2023,2,300,325.195371842966,-2825.467077702793,2019-07-22T12:20:25Z,46.34933333,13.17050000,1632.00,119.281
2024,2,301,326.195371842966,-2824.467077702793,2019-07-22T12:20:26Z,46.34946667,13.17063333,1631.00,119.271
2025,2,302,327.195371842966,-2823.467077702793,2019-07-22T12:20:27Z,46.34958333,13.17078333,1630.00,119.263
2026,2,303,328.195371842966,-2822.467077702793,2019-07-22T12:20:28Z,46.34971667,13.17091667,1629.00,119.253
2027,2,304,329.195371842966,-2821.467077702793,2019-07-22T12:20:29Z,46.34986667,13.17105000,1628.00,119.242
2028,2,305,330.195371842966,-2820.467077702793,2019-07-22T12:20:30Z,46.35000000,13.17116667,1627.00,119.232
2029,2,306,331.195371842966,-2819.467077702793,2019-07-22T12:20:31Z,46.35015000,13.17128333,1626.00,119.22
2030,2,307,332.195371842966,-2818.467077702793,2019-07-22T12:20:32Z,46.35030000,13.17140000,1626.00,119.208
2031,2,308,333.195371842966,-2817.467077702793,2019-07-22T12:20:33Z,46.35045000,13.17151667,1625.00,119.196
2032,2,309,334.195371842966,-2816.467077702793,2019-07-22T12:20:34Z,46.35063333,13.17161667,1626.00,119.18
2033,2,310,335.195371842966,-2815.467077702793,2019-07-22T12:20:35Z,46.35083333,13.17171667,1628.00,119.162
2034,2,311,336.195371842966,-2814.467077702793,2019-07-22T12:20:36Z,46.35101667,13.17178333,1631.00,119.145
2035,2,312,337.195371842966,-2813.467077702793,2019-07-22T12:20:37Z,46.35118333,13.17181667,1635.00,119.129
2036,2,313,338.195371842966,-2812.467077702793,2019-07-22T12:20:38Z,46.35131667,13.17181667,1640.00,119.116
2037,2,314,339.195371842966,-2811.467077702793,2019-07-22T12:20:39Z,46.35145000,13.17175000,1644.00,119.1
2038,2,315,340.195371842966,-2810.467077702793,2019-07-22T12:20:40Z,46.35156667,13.17165000,1650.00,119.085
2039,2,316,341.195371842966,-2809.467077702793,2019-07-22T12:20:41Z,46.35165000,13.17151667,1655.00,119.072
2040,2,317,342.195371842966,-2808.467077702793,2019-07-22T12:20:42Z,46.35166667,13.17136667,1659.00,119.066
2041,2,318,343.195371842966,-2807.467077702793,2019-07-22T12:20:43Z,46.35163333,13.17125000,1662.00,119.066
2042,2,319,344.195371842966,-2806.467077702793,2019-07-22T12:20:44Z,46.35156667,13.17116667,1667.00,119.071
2043,2,320,345.195371842966,-2805.467077702793,2019-07-22T12:20:45Z,46.35146667,13.17116667,1671.00,119.081
2044,2,321,346.195371842966,-2804.467077702793,2019-07-22T12:20:46Z,46.35135000,13.17121667,1674.00,119.094
2045,2,322,347.195371842966,-2803.467077702793,2019-07-22T12:20:47Z,46.35126667,13.17133333,1679.00,119.106
2046,2,323,348.195371842966,-2802.467077702793,2019-07-22T12:20:48Z,46.35118333,13.17146667,1685.00,119.119
2047,2,324,349.195371842966,-2801.467077702793,2019-07-22T12:20:49Z,46.35115000,13.17165000,1688.00,119.128
2048,2,325,350.195371842966,-2800.467077702793,2019-07-22T12:20:50Z,46.35115000,13.17185000,1691.00,119.134
2049,2,326,351.195371842966,-2799.467077702793,2019-07-22T12:20:51Z,46.35118333,13.17206667,1694.00,119.137
2050,2,327,352.195371842966,-2798.467077702793,2019-07-22T12:20:52Z,46.35128333,13.17231667,1696.00,119.134
2051,2,328,353.195371842966,-2797.467077702793,2019-07-22T12:20:53Z,46.35140000,13.17255000,1700.00,119.129
2052,2,329,354.195371842966,-2796.467077702793,2019-07-22T12:20:54Z,46.35153333,13.17275000,1705.00,119.121
2053,2,330,355.195371842966,-2795.467077702793,2019-07-22T12:20:55Z,46.35166667,13.17286667,1709.00,119.111
2054,2,331,356.195371842966,-2794.467077702793,2019-07-22T12:20:56Z,46.35181667,13.17293333,1713.00,119.098
2055,2,332,357.195371842966,-2793.467077702793,2019-07-22T12:20:57Z,46.35195000,13.17291667,1718.00,119.083
2056,2,333,358.195371842966,-2792.467077702793,2019-07-22T12:20:58Z,46.35205000,13.17285000,1722.00,119.071
2057,2,334,359.195371842966,-2791.467077702793,2019-07-22T12:20:59Z,46.35211667,13.17275000,1724.00,119.061
2058,2,335,360.195371842966,-2790.467077702793,2019-07-22T12:21:00Z,46.35213333,13.17263333,1727.00,119.056
2059,2,336,361.195371842966,-2789.467077702793,2019-07-22T12:21:01Z,46.35211667,13.17253333,1730.00,119.055
2060,2,337,362.195371842966,-2788.467077702793,2019-07-22T12:21:02Z,46.35205000,13.17245000,1733.00,119.059
2061,2,338,363.195371842966,-2787.467077702793,2019-07-22T12:21:03Z,46.35195000,13.17240000,1736.00,119.068
2062,2,339,364.195371842966,-2786.467077702793,2019-07-22T12:21:04Z,46.35185000,13.17238333,1739.00,119.078
2063,2,340,365.195371842966,-2785.467077702793,2019-07-22T12:21:05Z,46.35173333,13.17243333,1743.00,119.091
2064,2,341,366.195371842966,-2784.467077702793,2019-07-22T12:21:06Z,46.35161667,13.17255000,1747.00,119.107
2065,2,342,367.195371842966,-2783.467077702793,2019-07-22T12:21:07Z,46.35153333,13.17273333,1752.00,119.121
2066,2,343,368.195371842966,-2782.467077702793,2019-07-22T12:21:08Z,46.35146667,13.17295000,1756.00,119.134
2067,2,344,369.195371842966,-2781.467077702793,2019-07-22T12:21:09Z,46.35145000,13.17316667,1762.00,119.142
2068,2,345,370.195371842966,-2780.467077702793,2019-07-22T12:21:10Z,46.35150000,13.17338333,1765.00,119.143
2069,2,346,371.195371842966,-2779.467077702793,2019-07-22T12:21:11Z,46.35158333,13.17358333,1767.00,119.141
2070,2,347,372.195371842966,-2778.467077702793,2019-07-22T12:21:12Z,46.35170000,13.17373333,1768.00,119.134
2071,2,348,373.195371842966,-2777.467077702793,2019-07-22T12:21:13Z,46.35186667,13.17383333,1769.00,119.119
2072,2,349,374.195371842966,-2776.467077702793,2019-07-22T12:21:14Z,46.35201667,13.17386667,1770.00,119.105
2073,2,350,375.195371842966,-2775.467077702793,2019-07-22T12:21:15Z,46.35218333,13.17385000,1772.00,119.088
2074,2,351,376.195371842966,-2774.467077702793,2019-07-22T12:21:16Z,46.35235000,13.17380000,1776.00,119.069
2075,2,352,377.195371842966,-2773.467077702793,2019-07-22T12:21:17Z,46.35246667,13.17371667,1780.00,119.055
2076,2,353,378.195371842966,-2772.467077702793,2019-07-22T12:21:18Z,46.35255000,13.17361667,1779.00,119.043
2077,2,354,379.195371842966,-2771.467077702793,2019-07-22T12:21:19Z,46.35258333,13.17350000,1784.00,119.036
2078,2,355,380.195371842966,-2770.467077702793,2019-07-22T12:21:20Z,46.35253333,13.17336667,1787.00,119.037
2079,2,356,381.195371842966,-2769.467077702793,2019-07-22T12:21:21Z,46.35243333,13.17326667,1790.00,119.044
2080,2,357,382.195371842966,-2768.467077702793,2019-07-22T12:21:22Z,46.35230000,13.17323333,1793.00,119.057
2081,2,358,383.195371842966,-2767.467077702793,2019-07-22T12:21:23Z,46.35215000,13.17328333,1797.00,119.074
2082,2,359,384.195371842966,-2766.467077702793,2019-07-22T12:21:24Z,46.35201667,13.17340000,1804.00,119.091
2083,2,360,385.195371842966,-2765.467077702793,2019-07-22T12:21:25Z,46.35191667,13.17355000,1812.00,119.106
2084,2,361,386.195371842966,-2764.467077702793,2019-07-22T12:21:26Z,46.35185000,13.17370000,1820.00,119.117
2085,2,362,387.195371842966,-2763.467077702793,2019-07-22T12:21:27Z,46.35180000,13.17385000,1827.00,119.127
2086,2,363,388.195371842966,-2762.467077702793,2019-07-22T12:21:28Z,46.35180000,13.17401667,1830.00,119.132
2087,2,364,389.195371842966,-2761.467077702793,2019-07-22T12:21:29Z,46.35183333,13.17420000,1830.00,119.134
2088,2,365,390.195371842966,-2760.467077702793,2019-07-22T12:21:30Z,46.35195000,13.17433333,1830.00,119.126
2089,2,366,391.195371842966,-2759.467077702793,2019-07-22T12:21:31Z,46.35210000,13.17443333,1829.00,119.114
2090,2,367,392.195371842966,-2758.467077702793,2019-07-22T12:21:32Z,46.35226667,13.17445000,1829.00,119.097
2091,2,368,393.195371842966,-2757.467077702793,2019-07-22T12:21:33Z,46.35243333,13.17440000,1829.00,119.079
2092,2,369,394.195371842966,-2756.467077702793,2019-07-22T12:21:34Z,46.35258333,13.17431667,1830.00,119.061
2093,2,370,395.195371842966,-2755.467077702793,2019-07-22T12:21:35Z,46.35270000,13.17423333,1836.00,119.046
2094,2,371,396.195371842966,-2754.467077702793,2019-07-22T12:21:36Z,46.35280000,13.17415000,1841.00,119.034
2095,2,372,397.195371842966,-2753.467077702793,2019-07-22T12:21:37Z,46.35288333,13.17403333,1845.00,119.022
2096,2,373,398.195371842966,-2752.467077702793,2019-07-22T12:21:38Z,46.35290000,13.17388333,1848.00,119.015
2097,2,374,399.195371842966,-2751.467077702793,2019-07-22T12:21:39Z,46.35288333,13.17373333,1850.00,119.013
2098,2,375,400.195371842966,-2750.467077702793,2019-07-22T12:21:40Z,46.35283333,13.17358333,1854.00,119.013
2099,2,376,401.195371842966,-2749.467077702793,2019-07-22T12:21:41Z,46.35273333,13.17346667,1857.00,119.02
2100,2,377,402.195371842966,-2748.467077702793,2019-07-22T12:21:42Z,46.35261667,13.17338333,1861.00,119.029
2101,2,378,403.195371842966,-2747.467077702793,2019-07-22T12:21:43Z,46.35248333,13.17335000,1865.00,119.042
2102,2,379,404.195371842966,-2746.467077702793,2019-07-22T12:21:44Z,46.35235000,13.17338333,1869.00,119.056
2103,2,380,405.195371842966,-2745.467077702793,2019-07-22T12:21:45Z,46.35225000,13.17348333,1872.00,119.07
2104,2,381,406.195371842966,-2744.467077702793,2019-07-22T12:21:46Z,46.35218333,13.17365000,1877.00,119.082
2105,2,382,407.195371842966,-2743.467077702793,2019-07-22T12:21:47Z,46.35218333,13.17385000,1880.00,119.088
2106,2,383,408.195371842966,-2742.467077702793,2019-07-22T12:21:48Z,46.35226667,13.17403333,1882.00,119.085
2107,2,384,409.195371842966,-2741.467077702793,2019-07-22T12:21:49Z,46.35240000,13.17416667,1883.00,119.075
2108,2,385,410.195371842966,-2740.467077702793,2019-07-22T12:21:50Z,46.35256667,13.17425000,1883.00,119.06
2109,2,386,411.195371842966,-2739.467077702793,2019-07-22T12:21:51Z,46.35276667,13.17421667,1884.00,119.039
2110,2,387,412.195371842966,-2738.467077702793,2019-07-22T12:21:52Z,46.35293333,13.17408333,1884.00,119.018
2111,2,388,413.195371842966,-2737.467077702793,2019-07-22T12:21:53Z,46.35305000,13.17390000,1885.00,119.001
2112,2,389,414.195371842966,-2736.467077702793,2019-07-22T12:21:54Z,46.35310000,13.17373333,1890.00,118.99
2113,2,390,415.195371842966,-2735.467077702793,2019-07-22T12:21:55Z,46.35310000,13.17358333,1896.00,118.986
2114,2,391,416.195371842966,-2734.467077702793,2019-07-22T12:21:56Z,46.35306667,13.17346667,1901.00,118.986
2115,2,392,417.195371842966,-2733.467077702793,2019-07-22T12:21:57Z,46.35300000,13.17335000,1904.00,118.989
2116,2,393,418.195371842966,-2732.467077702793,2019-07-22T12:21:58Z,46.35290000,13.17328333,1906.00,118.997
2117,2,394,419.195371842966,-2731.467077702793,2019-07-22T12:21:59Z,46.35276667,13.17326667,1908.00,119.01
2118,2,395,420.195371842966,-2730.467077702793,2019-07-22T12:22:00Z,46.35265000,13.17333333,1911.00,119.024
2119,2,396,421.195371842966,-2729.467077702793,2019-07-22T12:22:01Z,46.35255000,13.17345000,1915.00,119.038
2120,2,397,422.195371842966,-2728.467077702793,2019-07-22T12:22:02Z,46.35248333,13.17363333,1919.00,119.05
2121,2,398,423.195371842966,-2727.467077702793,2019-07-22T12:22:03Z,46.35248333,13.17383333,1922.00,119.056
2122,2,399,424.195371842966,-2726.467077702793,2019-07-22T12:22:04Z,46.35255000,13.17403333,1923.00,119.056
2123,2,400,425.195371842966,-2725.467077702793,2019-07-22T12:22:05Z,46.35268333,13.17421667,1923.00,119.048
2124,2,401,426.195371842966,-2724.467077702793,2019-07-22T12:22:06Z,46.35285000,13.17433333,1925.00,119.034
2125,2,402,427.195371842966,-2723.467077702793,2019-07-22T12:22:07Z,46.35303333,13.17436667,1926.00,119.016
2126,2,403,428.195371842966,-2722.467077702793,2019-07-22T12:22:08Z,46.35320000,13.17430000,1927.00,118.997
2127,2,404,429.195371842966,-2721.467077702793,2019-07-22T12:22:09Z,46.35331667,13.17418333,1929.00,118.982
2128,2,405,430.195371842966,-2720.467077702793,2019-07-22T12:22:10Z,46.35340000,13.17400000,1931.00,118.968
2129,2,406,431.195371842966,-2719.467077702793,2019-07-22T12:22:11Z,46.35340000,13.17383333,1934.00,118.963
2130,2,407,432.195371842966,-2718.467077702793,2019-07-22T12:22:12Z,46.35338333,13.17366667,1937.00,118.959
2131,2,408,433.195371842966,-2717.467077702793,2019-07-22T12:22:13Z,46.35331667,13.17351667,1941.00,118.962
2132,2,409,434.195371842966,-2716.467077702793,2019-07-22T12:22:14Z,46.35323333,13.17340000,1943.00,118.967
2133,2,410,435.195371842966,-2715.467077702793,2019-07-22T12:22:15Z,46.35313333,13.17335000,1944.00,118.975
2134,2,411,436.195371842966,-2714.467077702793,2019-07-22T12:22:16Z,46.35300000,13.17335000,1946.00,118.989
2135,2,412,437.195371842966,-2713.467077702793,2019-07-22T12:22:17Z,46.35288333,13.17343333,1948.00,119.003
2136,2,413,438.195371842966,-2712.467077702793,2019-07-22T12:22:18Z,46.35276667,13.17355000,1950.00,119.019
2137,2,414,439.195371842966,-2711.467077702793,2019-07-22T12:22:19Z,46.35268333,13.17373333,1954.00,119.033
2138,2,415,440.195371842966,-2710.467077702793,2019-07-22T12:22:20Z,46.35266667,13.17395000,1956.00,119.041
2139,2,416,441.195371842966,-2709.467077702793,2019-07-22T12:22:21Z,46.35268333,13.17416667,1959.00,119.046
2140,2,417,442.195371842966,-2708.467077702793,2019-07-22T12:22:22Z,46.35271667,13.17438333,1961.00,119.049
2141,2,418,443.195371842966,-2707.467077702793,2019-07-22T12:22:23Z,46.35280000,13.17460000,1963.00,119.047
2142,2,419,444.195371842966,-2706.467077702793,2019-07-22T12:22:24Z,46.35291667,13.17478333,1963.00,119.041
2143,2,420,445.195371842966,-2705.467077702793,2019-07-22T12:22:25Z,46.35306667,13.17491667,1963.00,119.03
2144,2,421,446.195371842966,-2704.467077702793,2019-07-22T12:22:26Z,46.35325000,13.17496667,1965.00,119.012
2145,2,422,447.195371842966,-2703.467077702793,2019-07-22T12:22:27Z,46.35341667,13.17496667,1965.00,118.995
2146,2,423,448.195371842966,-2702.467077702793,2019-07-22T12:22:28Z,46.35358333,13.17490000,1966.00,118.976
2147,2,424,449.195371842966,-2701.467077702793,2019-07-22T12:22:29Z,46.35373333,13.17480000,1968.00,118.958
2148,2,425,450.195371842966,-2700.467077702793,2019-07-22T12:22:30Z,46.35386667,13.17468333,1968.00,118.941
2149,2,426,451.195371842966,-2699.467077702793,2019-07-22T12:22:31Z,46.35395000,13.17453333,1968.00,118.928
2150,2,427,452.195371842966,-2698.467077702793,2019-07-22T12:22:32Z,46.35401667,13.17436667,1967.00,118.916
2151,2,428,453.195371842966,-2697.467077702793,2019-07-22T12:22:33Z,46.35408333,13.17418333,1970.00,118.904
2152,2,429,454.195371842966,-2696.467077702793,2019-07-22T12:22:34Z,46.35413333,13.17401667,1973.00,118.893
2153,2,430,455.195371842966,-2695.467077702793,2019-07-22T12:22:35Z,46.35418333,13.17385000,1975.00,118.883
2154,2,431,456.195371842966,-2694.467077702793,2019-07-22T12:22:36Z,46.35418333,13.17368333,1979.00,118.878
2155,2,432,457.195371842966,-2693.467077702793,2019-07-22T12:22:37Z,46.35415000,13.17351667,1980.00,118.877
2156,2,433,458.195371842966,-2692.467077702793,2019-07-22T12:22:38Z,46.35406667,13.17336667,1982.00,118.88
2157,2,434,459.195371842966,-2691.467077702793,2019-07-22T12:22:39Z,46.35393333,13.17330000,1984.00,118.892
2158,2,435,460.195371842966,-2690.467077702793,2019-07-22T12:22:40Z,46.35378333,13.17331667,1987.00,118.908
2159,2,436,461.195371842966,-2689.467077702793,2019-07-22T12:22:41Z,46.35366667,13.17343333,1990.00,118.923
2160,2,437,462.195371842966,-2688.467077702793,2019-07-22T12:22:42Z,46.35358333,13.17360000,1995.00,118.937
2161,2,438,463.195371842966,-2687.467077702793,2019-07-22T12:22:43Z,46.35356667,13.17380000,2000.00,118.945
2162,2,439,464.195371842966,-2686.467077702793,2019-07-22T12:22:44Z,46.35358333,13.17401667,2002.00,118.95
2163,2,440,465.195371842966,-2685.467077702793,2019-07-22T12:22:45Z,46.35365000,13.17421667,2002.00,118.949
2164,2,441,466.195371842966,-2684.467077702793,2019-07-22T12:22:46Z,46.35376667,13.17438333,2003.00,118.942
2165,2,442,467.195371842966,-2683.467077702793,2019-07-22T12:22:47Z,46.35390000,13.17451667,2005.00,118.932
2166,2,443,468.195371842966,-2682.467077702793,2019-07-22T12:22:48Z,46.35405000,13.17460000,2005.00,118.92
2167,2,444,469.195371842966,-2681.467077702793,2019-07-22T12:22:49Z,46.35420000,13.17463333,2009.00,118.905
2168,2,445,470.195371842966,-2680.467077702793,2019-07-22T12:22:50Z,46.35435000,13.17463333,2009.00,118.89
2169,2,446,471.195371842966,-2679.467077702793,2019-07-22T12:22:51Z,46.35446667,13.17453333,2008.00,118.875
2170,2,447,472.195371842966,-2678.467077702793,2019-07-22T12:22:52Z,46.35456667,13.17436667,2009.00,118.86
2171,2,448,473.195371842966,-2677.467077702793,2019-07-22T12:22:53Z,46.35465000,13.17416667,2010.00,118.845
2172,2,449,474.195371842966,-2676.467077702793,2019-07-22T12:22:54Z,46.35466667,13.17396667,2012.00,118.837
2173,2,450,475.195371842966,-2675.467077702793,2019-07-22T12:22:55Z,46.35465000,13.17380000,2014.00,118.834
2174,2,451,476.195371842966,-2674.467077702793,2019-07-22T12:22:56Z,46.35460000,13.17363333,2017.00,118.834
2175,2,452,477.195371842966,-2673.467077702793,2019-07-22T12:22:57Z,46.35451667,13.17350000,2022.00,118.839
2176,2,453,478.195371842966,-2672.467077702793,2019-07-22T12:22:58Z,46.35440000,13.17340000,2026.00,118.847
2177,2,454,479.195371842966,-2671.467077702793,2019-07-22T12:22:59Z,46.35428333,13.17333333,2030.00,118.857
2178,2,455,480.195371842966,-2670.467077702793,2019-07-22T12:23:00Z,46.35415000,13.17331667,2033.00,118.87
2179,2,456,481.195371842966,-2669.467077702793,2019-07-22T12:23:01Z,46.35400000,13.17336667,2035.00,118.887
2180,2,457,482.195371842966,-2668.467077702793,2019-07-22T12:23:02Z,46.35388333,13.17348333,2038.00,118.903
2181,2,458,483.195371842966,-2667.467077702793,2019-07-22T12:23:03Z,46.35380000,13.17366667,2041.00,118.917
2182,2,459,484.195371842966,-2666.467077702793,2019-07-22T12:23:04Z,46.35375000,13.17388333,2044.00,118.928
2183,2,460,485.195371842966,-2665.467077702793,2019-07-22T12:23:05Z,46.35376667,13.17410000,2047.00,118.933
2184,2,461,486.195371842966,-2664.467077702793,2019-07-22T12:23:06Z,46.35381667,13.17431667,2049.00,118.935
2185,2,462,487.195371842966,-2663.467077702793,2019-07-22T12:23:07Z,46.35391667,13.17450000,2051.00,118.93
2186,2,463,488.195371842966,-2662.467077702793,2019-07-22T12:23:08Z,46.35403333,13.17466667,2053.00,118.923
2187,2,464,489.195371842966,-2661.467077702793,2019-07-22T12:23:09Z,46.35418333,13.17480000,2053.00,118.912
2188,2,465,490.195371842966,-2660.467077702793,2019-07-22T12:23:10Z,46.35433333,13.17490000,2053.00,118.9
2189,2,466,491.195371842966,-2659.467077702793,2019-07-22T12:23:11Z,46.35450000,13.17501667,2049.00,118.887
2190,2,467,492.195371842966,-2658.467077702793,2019-07-22T12:23:12Z,46.35468333,13.17511667,2049.00,118.871
2191,2,468,493.195371842966,-2657.467077702793,2019-07-22T12:23:13Z,46.35486667,13.17521667,2050.00,118.855
2192,2,469,494.195371842966,-2656.467077702793,2019-07-22T12:23:14Z,46.35501667,13.17533333,2053.00,118.844
2193,2,470,495.195371842966,-2655.467077702793,2019-07-22T12:23:15Z,46.35518333,13.17543333,2055.00,118.83
2194,2,471,496.195371842966,-2654.467077702793,2019-07-22T12:23:16Z,46.35535000,13.17548333,2058.00,118.814
2195,2,472,497.195371842966,-2653.467077702793,2019-07-22T12:23:17Z,46.35551667,13.17548333,2060.00,118.797
2196,2,473,498.195371842966,-2652.467077702793,2019-07-22T12:23:18Z,46.35566667,13.17541667,2062.00,118.78
2197,2,474,499.195371842966,-2651.467077702793,2019-07-22T12:23:19Z,46.35581667,13.17526667,2064.00,118.76
2198,2,475,500.195371842966,-2650.467077702793,2019-07-22T12:23:20Z,46.35590000,13.17506667,2067.00,118.745
2199,2,476,501.195371842966,-2649.467077702793,2019-07-22T12:23:21Z,46.35593333,13.17485000,2071.00,118.735
2200,2,477,502.195371842966,-2648.467077702793,2019-07-22T12:23:22Z,46.35591667,13.17468333,2075.00,118.732
2201,2,478,503.195371842966,-2647.467077702793,2019-07-22T12:23:23Z,46.35586667,13.17453333,2077.00,118.732
2202,2,479,504.195371842966,-2646.467077702793,2019-07-22T12:23:24Z,46.35576667,13.17446667,2081.00,118.741
2203,2,480,505.195371842966,-2645.467077702793,2019-07-22T12:23:25Z,46.35563333,13.17448333,2082.00,118.755
2204,2,481,506.195371842966,-2644.467077702793,2019-07-22T12:23:26Z,46.35553333,13.17456667,2084.00,118.767
2205,2,482,507.195371842966,-2643.467077702793,2019-07-22T12:23:27Z,46.35546667,13.17473333,2086.00,118.779
2206,2,483,508.195371842966,-2642.467077702793,2019-07-22T12:23:28Z,46.35543333,13.17495000,2087.00,118.789
2207,2,484,509.195371842966,-2641.467077702793,2019-07-22T12:23:29Z,46.35545000,13.17516667,2089.00,118.794
2208,2,485,510.195371842966,-2640.467077702793,2019-07-22T12:23:30Z,46.35551667,13.17536667,2092.00,118.794
2209,2,486,511.195371842966,-2639.467077702793,2019-07-22T12:23:31Z,46.35561667,13.17555000,2096.00,118.789
2210,2,487,512.195371842966,-2638.467077702793,2019-07-22T12:23:32Z,46.35575000,13.17568333,2097.00,118.78
2211,2,488,513.195371842966,-2637.467077702793,2019-07-22T12:23:33Z,46.35591667,13.17575000,2098.00,118.765
2212,2,489,514.195371842966,-2636.467077702793,2019-07-22T12:23:34Z,46.35608333,13.17575000,2099.00,118.748
2213,2,490,515.195371842966,-2635.467077702793,2019-07-22T12:23:35Z,46.35623333,13.17566667,2101.00,118.73
2214,2,491,516.195371842966,-2634.467077702793,2019-07-22T12:23:36Z,46.35635000,13.17553333,2103.00,118.714
2215,2,492,517.195371842966,-2633.467077702793,2019-07-22T12:23:37Z,46.35643333,13.17536667,2105.00,118.7
2216,2,493,518.195371842966,-2632.467077702793,2019-07-22T12:23:38Z,46.35645000,13.17518333,2107.00,118.693
2217,2,494,519.195371842966,-2631.467077702793,2019-07-22T12:23:39Z,46.35643333,13.17503333,2107.00,118.69
2218,2,495,520.195371842966,-2630.467077702793,2019-07-22T12:23:40Z,46.35638333,13.17488333,2108.00,118.691
2219,2,496,521.195371842966,-2629.467077702793,2019-07-22T12:23:41Z,46.35631667,13.17476667,2110.00,118.694
2220,2,497,522.195371842966,-2628.467077702793,2019-07-22T12:23:42Z,46.35623333,13.17466667,2112.00,118.699
2221,2,498,523.195371842966,-2627.467077702793,2019-07-22T12:23:43Z,46.35615000,13.17456667,2113.00,118.705
2222,2,499,524.195371842966,-2626.467077702793,2019-07-22T12:23:44Z,46.35606667,13.17446667,2115.00,118.71
2223,2,500,525.195371842966,-2625.467077702793,2019-07-22T12:23:45Z,46.35596667,13.17436667,2117.00,118.717
2224,2,501,526.195371842966,-2624.467077702793,2019-07-22T12:23:46Z,46.35588333,13.17428333,2119.00,118.723
2225,2,502,527.195371842966,-2623.467077702793,2019-07-22T12:23:47Z,46.35578333,13.17416667,2122.00,118.73
2226,2,503,528.195371842966,-2622.467077702793,2019-07-22T12:23:48Z,46.35571667,13.17405000,2124.00,118.733
2227,2,504,529.195371842966,-2621.467077702793,2019-07-22T12:23:49Z,46.35563333,13.17393333,2125.00,118.738
2228,2,505,530.195371842966,-2620.467077702793,2019-07-22T12:23:50Z,46.35555000,13.17383333,2125.00,118.743
2229,2,506,531.195371842966,-2619.467077702793,2019-07-22T12:23:51Z,46.35546667,13.17375000,2125.00,118.749
2230,2,507,532.195371842966,-2618.467077702793,2019-07-22T12:23:52Z,46.35535000,13.17370000,2123.00,118.76
2231,2,508,533.195371842966,-2617.467077702793,2019-07-22T12:23:53Z,46.35523333,13.17366667,2122.00,118.77
2232,2,509,534.195371842966,-2616.467077702793,2019-07-22T12:23:54Z,46.35510000,13.17370000,2124.00,118.785
2233,2,510,535.195371842966,-2615.467077702793,2019-07-22T12:23:55Z,46.35498333,13.17376667,2126.00,118.799
2234,2,511,536.195371842966,-2614.467077702793,2019-07-22T12:23:56Z,46.35488333,13.17388333,2128.00,118.813
2235,2,512,537.195371842966,-2613.467077702793,2019-07-22T12:23:57Z,46.35480000,13.17403333,2132.00,118.826
2236,2,513,538.195371842966,-2612.467077702793,2019-07-22T12:23:58Z,46.35475000,13.17421667,2133.00,118.837
2237,2,514,539.195371842966,-2611.467077702793,2019-07-22T12:23:59Z,46.35475000,13.17443333,2134.00,118.843
2238,2,515,540.195371842966,-2610.467077702793,2019-07-22T12:24:00Z,46.35478333,13.17466667,2135.00,118.847
2239,2,516,541.195371842966,-2609.467077702793,2019-07-22T12:24:01Z,46.35485000,13.17488333,2139.00,118.847
2240,2,517,542.195371842966,-2608.467077702793,2019-07-22T12:24:02Z,46.35496667,13.17506667,2142.00,118.841
2241,2,518,543.195371842966,-2607.467077702793,2019-07-22T12:24:03Z,46.35510000,13.17518333,2145.00,118.831
2242,2,519,544.195371842966,-2606.467077702793,2019-07-22T12:24:04Z,46.35526667,13.17525000,2147.00,118.816
2243,2,520,545.195371842966,-2605.467077702793,2019-07-22T12:24:05Z,46.35545000,13.17523333,2147.00,118.796
2244,2,521,546.195371842966,-2604.467077702793,2019-07-22T12:24:06Z,46.35561667,13.17515000,2147.00,118.777
2245,2,522,547.195371842966,-2603.467077702793,2019-07-22T12:24:07Z,46.35575000,13.17500000,2147.00,118.759
2246,2,523,548.195371842966,-2602.467077702793,2019-07-22T12:24:08Z,46.35586667,13.17481667,2148.00,118.741
2247,2,524,549.195371842966,-2601.467077702793,2019-07-22T12:24:09Z,46.35593333,13.17463333,2149.00,118.729
2248,2,525,550.195371842966,-2600.467077702793,2019-07-22T12:24:10Z,46.35598333,13.17443333,2150.00,118.717
2249,2,526,551.195371842966,-2599.467077702793,2019-07-22T12:24:11Z,46.35601667,13.17423333,2150.00,118.708
2250,2,527,552.195371842966,-2598.467077702793,2019-07-22T12:24:12Z,46.35600000,13.17403333,2148.00,118.703
2251,2,528,553.195371842966,-2597.467077702793,2019-07-22T12:24:13Z,46.35596667,13.17383333,2146.00,118.701
2252,2,529,554.195371842966,-2596.467077702793,2019-07-22T12:24:14Z,46.35591667,13.17365000,2146.00,118.7
2253,2,530,555.195371842966,-2595.467077702793,2019-07-22T12:24:15Z,46.35585000,13.17346667,2147.00,118.701
2254,2,531,556.195371842966,-2594.467077702793,2019-07-22T12:24:16Z,46.35576667,13.17330000,2149.00,118.705
2255,2,532,557.195371842966,-2593.467077702793,2019-07-22T12:24:17Z,46.35568333,13.17316667,2151.00,118.709
2256,2,533,558.195371842966,-2592.467077702793,2019-07-22T12:24:18Z,46.35560000,13.17305000,2155.00,118.714
2257,2,534,559.195371842966,-2591.467077702793,2019-07-22T12:24:19Z,46.35550000,13.17296667,2160.00,118.722
2258,2,535,560.195371842966,-2590.467077702793,2019-07-22T12:24:20Z,46.35540000,13.17290000,2164.00,118.73
2259,2,536,561.195371842966,-2589.467077702793,2019-07-22T12:24:21Z,46.35528333,13.17288333,2166.00,118.742
2260,2,537,562.195371842966,-2588.467077702793,2019-07-22T12:24:22Z,46.35515000,13.17291667,2168.00,118.756
2261,2,538,563.195371842966,-2587.467077702793,2019-07-22T12:24:23Z,46.35505000,13.17301667,2170.00,118.769
2262,2,539,564.195371842966,-2586.467077702793,2019-07-22T12:24:24Z,46.35495000,13.17315000,2173.00,118.784
2263,2,540,565.195371842966,-2585.467077702793,2019-07-22T12:24:25Z,46.35490000,13.17330000,2178.00,118.793
2264,2,541,566.195371842966,-2584.467077702793,2019-07-22T12:24:26Z,46.35486667,13.17350000,2182.00,118.803
2265,2,542,567.195371842966,-2583.467077702793,2019-07-22T12:24:27Z,46.35488333,13.17370000,2185.00,118.807
2266,2,543,568.195371842966,-2582.467077702793,2019-07-22T12:24:28Z,46.35496667,13.17390000,2186.00,118.805
2267,2,544,569.195371842966,-2581.467077702793,2019-07-22T12:24:29Z,46.35511667,13.17406667,2186.00,118.795
2268,2,545,570.195371842966,-2580.467077702793,2019-07-22T12:24:30Z,46.35528333,13.17416667,2187.00,118.781
2269,2,546,571.195371842966,-2579.467077702793,2019-07-22T12:24:31Z,46.35546667,13.17420000,2188.00,118.763
2270,2,547,572.195371842966,-2578.467077702793,2019-07-22T12:24:32Z,46.35565000,13.17418333,2190.00,118.744
2271,2,548,573.195371842966,-2577.467077702793,2019-07-22T12:24:33Z,46.35583333,13.17410000,2192.00,118.723
2272,2,549,574.195371842966,-2576.467077702793,2019-07-22T12:24:34Z,46.35596667,13.17396667,2195.00,118.705
2273,2,550,575.195371842966,-2575.467077702793,2019-07-22T12:24:35Z,46.35606667,13.17380000,2198.00,118.69
2274,2,551,576.195371842966,-2574.467077702793,2019-07-22T12:24:36Z,46.35613333,13.17361667,2200.00,118.677
2275,2,552,577.195371842966,-2573.467077702793,2019-07-22T12:24:37Z,46.35618333,13.17340000,2202.00,118.665
2276,2,553,578.195371842966,-2572.467077702793,2019-07-22T12:24:38Z,46.35616667,13.17316667,2202.00,118.66
2277,2,554,579.195371842966,-2571.467077702793,2019-07-22T12:24:39Z,46.35611667,13.17296667,2203.00,118.659
2278,2,555,580.195371842966,-2570.467077702793,2019-07-22T12:24:40Z,46.35603333,13.17280000,2206.00,118.662
2279,2,556,581.195371842966,-2569.467077702793,2019-07-22T12:24:41Z,46.35593333,13.17268333,2208.00,118.669
2280,2,557,582.195371842966,-2568.467077702793,2019-07-22T12:24:42Z,46.35581667,13.17261667,2210.00,118.679
2281,2,558,583.195371842966,-2567.467077702793,2019-07-22T12:24:43Z,46.35568333,13.17260000,2212.00,118.692
2282,2,559,584.195371842966,-2566.467077702793,2019-07-22T12:24:44Z,46.35555000,13.17265000,2214.00,118.707
2283,2,560,585.195371842966,-2565.467077702793,2019-07-22T12:24:45Z,46.35545000,13.17275000,2216.00,118.72
2284,2,561,586.195371842966,-2564.467077702793,2019-07-22T12:24:46Z,46.35536667,13.17290000,2220.00,118.734
2285,2,562,587.195371842966,-2563.467077702793,2019-07-22T12:24:47Z,46.35535000,13.17306667,2223.00,118.74
2286,2,563,588.195371842966,-2562.467077702793,2019-07-22T12:24:48Z,46.35538333,13.17326667,2227.00,118.743
2287,2,564,589.195371842966,-2561.467077702793,2019-07-22T12:24:49Z,46.35545000,13.17345000,2229.00,118.742
2288,2,565,590.195371842966,-2560.467077702793,2019-07-22T12:24:50Z,46.35556667,13.17360000,2231.00,118.734
2289,2,566,591.195371842966,-2559.467077702793,2019-07-22T12:24:51Z,46.35571667,13.17370000,2233.00,118.722
2290,2,567,592.195371842966,-2558.467077702793,2019-07-22T12:24:52Z,46.35588333,13.17375000,2234.00,118.707
2291,2,568,593.195371842966,-2557.467077702793,2019-07-22T12:24:53Z,46.35606667,13.17375000,2237.00,118.688
2292,2,569,594.195371842966,-2556.467077702793,2019-07-22T12:24:54Z,46.35623333,13.17370000,2238.00,118.669
2293,2,570,595.195371842966,-2555.467077702793,2019-07-22T12:24:55Z,46.35638333,13.17358333,2240.00,118.651
2294,2,571,596.195371842966,-2554.467077702793,2019-07-22T12:24:56Z,46.35651667,13.17340000,2241.00,118.631
2295,2,572,597.195371842966,-2553.467077702793,2019-07-22T12:24:57Z,46.35658333,13.17318333,2242.00,118.618
2296,2,573,598.195371842966,-2552.467077702793,2019-07-22T12:24:58Z,46.35658333,13.17296667,2243.00,118.611
2297,2,574,599.195371842966,-2551.467077702793,2019-07-22T12:24:59Z,46.35653333,13.17275000,2244.00,118.61
2298,2,575,600.195371842966,-2550.467077702793,2019-07-22T12:25:00Z,46.35643333,13.17261667,2245.00,118.616
2299,2,576,601.195371842966,-2549.467077702793,2019-07-22T12:25:01Z,46.35630000,13.17256667,2245.00,118.628
2300,2,577,602.195371842966,-2548.467077702793,2019-07-22T12:25:02Z,46.35616667,13.17260000,2247.00,118.643
2301,2,578,603.195371842966,-2547.467077702793,2019-07-22T12:25:03Z,46.35606667,13.17270000,2249.00,118.656
2302,2,579,604.195371842966,-2546.467077702793,2019-07-22T12:25:04Z,46.35598333,13.17283333,2251.00,118.669
2303,2,580,605.195371842966,-2545.467077702793,2019-07-22T12:25:05Z,46.35593333,13.17298333,2253.00,118.678
2304,2,581,606.195371842966,-2544.467077702793,2019-07-22T12:25:06Z,46.35591667,13.17316667,2255.00,118.685
2305,2,582,607.195371842966,-2543.467077702793,2019-07-22T12:25:07Z,46.35593333,13.17336667,2257.00,118.69
2306,2,583,608.195371842966,-2542.467077702793,2019-07-22T12:25:08Z,46.35598333,13.17355000,2259.00,118.69
2307,2,584,609.195371842966,-2541.467077702793,2019-07-22T12:25:09Z,46.35608333,13.17371667,2261.00,118.685
2308,2,585,610.195371842966,-2540.467077702793,2019-07-22T12:25:10Z,46.35621667,13.17385000,2262.00,118.676
2309,2,586,611.195371842966,-2539.467077702793,2019-07-22T12:25:11Z,46.35636667,13.17395000,2265.00,118.664
2310,2,587,612.195371842966,-2538.467077702793,2019-07-22T12:25:12Z,46.35653333,13.17396667,2267.00,118.647
2311,2,588,613.195371842966,-2537.467077702793,2019-07-22T12:25:13Z,46.35670000,13.17391667,2270.00,118.629
2312,2,589,614.195371842966,-2536.467077702793,2019-07-22T12:25:14Z,46.35683333,13.17381667,2273.00,118.612
2313,2,590,615.195371842966,-2535.467077702793,2019-07-22T12:25:15Z,46.35695000,13.17366667,2275.00,118.595
2314,2,591,616.195371842966,-2534.467077702793,2019-07-22T12:25:16Z,46.35703333,13.17346667,2277.00,118.581
2315,2,592,617.195371842966,-2533.467077702793,2019-07-22T12:25:17Z,46.35708333,13.17325000,2278.00,118.569
2316,2,593,618.195371842966,-2532.467077702793,2019-07-22T12:25:18Z,46.35708333,13.17301667,2278.00,118.562
2317,2,594,619.195371842966,-2531.467077702793,2019-07-22T12:25:19Z,46.35703333,13.17280000,2276.00,118.56
2318,2,595,620.195371842966,-2530.467077702793,2019-07-22T12:25:20Z,46.35693333,13.17263333,2277.00,118.565
2319,2,596,621.195371842966,-2529.467077702793,2019-07-22T12:25:21Z,46.35678333,13.17251667,2278.00,118.577
2320,2,597,622.195371842966,-2528.467077702793,2019-07-22T12:25:22Z,46.35665000,13.17246667,2279.00,118.589
2321,2,598,623.195371842966,-2527.467077702793,2019-07-22T12:25:23Z,46.35651667,13.17248333,2279.00,118.603
2322,2,599,624.195371842966,-2526.467077702793,2019-07-22T12:25:24Z,46.35638333,13.17255000,2281.00,118.619
2323,2,600,625.195371842966,-2525.467077702793,2019-07-22T12:25:25Z,46.35630000,13.17265000,2284.00,118.631
2324,2,601,626.195371842966,-2524.467077702793,2019-07-22T12:25:26Z,46.35623333,13.17278333,2287.00,118.641
2325,2,602,627.195371842966,-2523.467077702793,2019-07-22T12:25:27Z,46.35618333,13.17293333,2289.00,118.651
2326,2,603,628.195371842966,-2522.467077702793,2019-07-22T12:25:28Z,46.35618333,13.17311667,2292.00,118.657
2327,2,604,629.195371842966,-2521.467077702793,2019-07-22T12:25:29Z,46.35621667,13.17328333,2295.00,118.658
2328,2,605,630.195371842966,-2520.467077702793,2019-07-22T12:25:30Z,46.35628333,13.17346667,2296.00,118.657
2329,2,606,631.195371842966,-2519.467077702793,2019-07-22T12:25:31Z,46.35638333,13.17361667,2298.00,118.652
2330,2,607,632.195371842966,-2518.467077702793,2019-07-22T12:25:32Z,46.35651667,13.17375000,2299.00,118.642
2331,2,608,633.195371842966,-2517.467077702793,2019-07-22T12:25:33Z,46.35666667,13.17383333,2301.00,118.629
2332,2,609,634.195371842966,-2516.467077702793,2019-07-22T12:25:34Z,46.35683333,13.17386667,2302.00,118.613
2333,2,610,635.195371842966,-2515.467077702793,2019-07-22T12:25:35Z,46.35700000,13.17385000,2303.00,118.596
2334,2,611,636.195371842966,-2514.467077702793,2019-07-22T12:25:36Z,46.35716667,13.17376667,2305.00,118.576
2335,2,612,637.195371842966,-2513.467077702793,2019-07-22T12:25:37Z,46.35731667,13.17360000,2308.00,118.556
2336,2,613,638.195371842966,-2512.467077702793,2019-07-22T12:25:38Z,46.35740000,13.17340000,2309.00,118.541
2337,2,614,639.195371842966,-2511.467077702793,2019-07-22T12:25:39Z,46.35745000,13.17316667,2312.00,118.529
2338,2,615,640.195371842966,-2510.467077702793,2019-07-22T12:25:40Z,46.35745000,13.17293333,2313.00,118.522
2339,2,616,641.195371842966,-2509.467077702793,2019-07-22T12:25:41Z,46.35741667,13.17271667,2315.00,118.519
2340,2,617,642.195371842966,-2508.467077702793,2019-07-22T12:25:42Z,46.35733333,13.17253333,2316.00,118.522
2341,2,618,643.195371842966,-2507.467077702793,2019-07-22T12:25:43Z,46.35721667,13.17238333,2317.00,118.529
2342,2,619,644.195371842966,-2506.467077702793,2019-07-22T12:25:44Z,46.35708333,13.17228333,2318.00,118.54
2343,2,620,645.195371842966,-2505.467077702793,2019-07-22T12:25:45Z,46.35695000,13.17225000,2319.00,118.552
2344,2,621,646.195371842966,-2504.467077702793,2019-07-22T12:25:46Z,46.35683333,13.17226667,2320.00,118.565
2345,2,622,647.195371842966,-2503.467077702793,2019-07-22T12:25:47Z,46.35673333,13.17238333,2321.00,118.578
2346,2,623,648.195371842966,-2502.467077702793,2019-07-22T12:25:48Z,46.35668333,13.17255000,2322.00,118.588
2347,2,624,649.195371842966,-2501.467077702793,2019-07-22T12:25:49Z,46.35670000,13.17273333,2323.00,118.592
2348,2,625,650.195371842966,-2500.467077702793,2019-07-22T12:25:50Z,46.35680000,13.17290000,2325.00,118.587
2349,2,626,651.195371842966,-2499.467077702793,2019-07-22T12:25:51Z,46.35695000,13.17301667,2324.00,118.575
2350,2,627,652.195371842966,-2498.467077702793,2019-07-22T12:25:52Z,46.35713333,13.17303333,2325.00,118.557
2351,2,628,653.195371842966,-2497.467077702793,2019-07-22T12:25:53Z,46.35731667,13.17298333,2326.00,118.537
2352,2,629,654.195371842966,-2496.467077702793,2019-07-22T12:25:54Z,46.35748333,13.17285000,2328.00,118.516
2353,2,630,655.195371842966,-2495.467077702793,2019-07-22T12:25:55Z,46.35761667,13.17268333,2330.00,118.497
2354,2,631,656.195371842966,-2494.467077702793,2019-07-22T12:25:56Z,46.35771667,13.17250000,2332.00,118.482
2355,2,632,657.195371842966,-2493.467077702793,2019-07-22T12:25:57Z,46.35778333,13.17230000,2334.00,118.469
2356,2,633,658.195371842966,-2492.467077702793,2019-07-22T12:25:58Z,46.35783333,13.17208333,2336.00,118.457
2357,2,634,659.195371842966,-2491.467077702793,2019-07-22T12:25:59Z,46.35788333,13.17183333,2337.00,118.444
2358,2,635,660.195371842966,-2490.467077702793,2019-07-22T12:26:00Z,46.35791667,13.17158333,2339.00,118.433
2359,2,636,661.195371842966,-2489.467077702793,2019-07-22T12:26:01Z,46.35795000,13.17135000,2341.00,118.423
2360,2,637,662.195371842966,-2488.467077702793,2019-07-22T12:26:02Z,46.35798333,13.17111667,2342.00,118.412
2361,2,638,663.195371842966,-2487.467077702793,2019-07-22T12:26:03Z,46.35801667,13.17088333,2345.00,118.402
2362,2,639,664.195371842966,-2486.467077702793,2019-07-22T12:26:04Z,46.35803333,13.17066667,2346.00,118.393
2363,2,640,665.195371842966,-2485.467077702793,2019-07-22T12:26:05Z,46.35808333,13.17045000,2347.00,118.382
2364,2,641,666.195371842966,-2484.467077702793,2019-07-22T12:26:06Z,46.35811667,13.17021667,2346.00,118.371
2365,2,642,667.195371842966,-2483.467077702793,2019-07-22T12:26:07Z,46.35816667,13.16996667,2347.00,118.359
2366,2,643,668.195371842966,-2482.467077702793,2019-07-22T12:26:08Z,46.35821667,13.16971667,2347.00,118.346
2367,2,644,669.195371842966,-2481.467077702793,2019-07-22T12:26:09Z,46.35825000,13.16948333,2348.00,118.336
2368,2,645,670.195371842966,-2480.467077702793,2019-07-22T12:26:10Z,46.35830000,13.16926667,2350.00,118.324
2369,2,646,671.195371842966,-2479.467077702793,2019-07-22T12:26:11Z,46.35833333,13.16905000,2351.00,118.314
2370,2,647,672.195371842966,-2478.467077702793,2019-07-22T12:26:12Z,46.35838333,13.16885000,2351.00,118.303
2371,2,648,673.195371842966,-2477.467077702793,2019-07-22T12:26:13Z,46.35841667,13.16863333,2351.00,118.293
2372,2,649,674.195371842966,-2476.467077702793,2019-07-22T12:26:14Z,46.35846667,13.16841667,2350.00,118.282
2373,2,650,675.195371842966,-2475.467077702793,2019-07-22T12:26:15Z,46.35851667,13.16821667,2348.00,118.27
2374,2,651,676.195371842966,-2474.467077702793,2019-07-22T12:26:16Z,46.35858333,13.16800000,2347.00,118.257
2375,2,652,677.195371842966,-2473.467077702793,2019-07-22T12:26:17Z,46.35863333,13.16780000,2345.00,118.246
2376,2,653,678.195371842966,-2472.467077702793,2019-07-22T12:26:18Z,46.35868333,13.16758333,2345.00,118.235
2377,2,654,679.195371842966,-2471.467077702793,2019-07-22T12:26:19Z,46.35873333,13.16738333,2346.00,118.223
2378,2,655,680.195371842966,-2470.467077702793,2019-07-22T12:26:20Z,46.35876667,13.16716667,2346.00,118.214
2379,2,656,681.195371842966,-2469.467077702793,2019-07-22T12:26:21Z,46.35880000,13.16696667,2345.00,118.204
2380,2,657,682.195371842966,-2468.467077702793,2019-07-22T12:26:22Z,46.35883333,13.16676667,2346.00,118.195
2381,2,658,683.195371842966,-2467.467077702793,2019-07-22T12:26:23Z,46.35886667,13.16655000,2346.00,118.185
2382,2,659,684.195371842966,-2466.467077702793,2019-07-22T12:26:24Z,46.35890000,13.16635000,2347.00,118.176
2383,2,660,685.195371842966,-2465.467077702793,2019-07-22T12:26:25Z,46.35893333,13.16613333,2347.00,118.166
2384,2,661,686.195371842966,-2464.467077702793,2019-07-22T12:26:26Z,46.35895000,13.16593333,2345.00,118.158
2385,2,662,687.195371842966,-2463.467077702793,2019-07-22T12:26:27Z,46.35896667,13.16571667,2345.00,118.15
2386,2,663,688.195371842966,-2462.467077702793,2019-07-22T12:26:28Z,46.35898333,13.16550000,2344.00,118.142
2387,2,664,689.195371842966,-2461.467077702793,2019-07-22T12:26:29Z,46.35900000,13.16528333,2342.00,118.134
2388,2,665,690.195371842966,-2460.467077702793,2019-07-22T12:26:30Z,46.35903333,13.16506667,2343.00,118.124
2389,2,666,691.195371842966,-2459.467077702793,2019-07-22T12:26:31Z,46.35905000,13.16486667,2344.00,118.117
2390,2,667,692.195371842966,-2458.467077702793,2019-07-22T12:26:32Z,46.35908333,13.16466667,2345.00,118.108
2391,2,668,693.195371842966,-2457.467077702793,2019-07-22T12:26:33Z,46.35911667,13.16446667,2342.00,118.098
2392,2,669,694.195371842966,-2456.467077702793,2019-07-22T12:26:34Z,46.35916667,13.16426667,2342.00,118.087
2393,2,670,695.195371842966,-2455.467077702793,2019-07-22T12:26:35Z,46.35921667,13.16406667,2339.00,118.076
2394,2,671,696.195371842966,-2454.467077702793,2019-07-22T12:26:36Z,46.35926667,13.16385000,2338.00,118.065
2395,2,672,697.195371842966,-2453.467077702793,2019-07-22T12:26:37Z,46.35930000,13.16363333,2336.00,118.055
2396,2,673,698.195371842966,-2452.467077702793,2019-07-22T12:26:38Z,46.35933333,13.16341667,2333.00,118.046
2397,2,674,699.195371842966,-2451.467077702793,2019-07-22T12:26:39Z,46.35936667,13.16321667,2331.00,118.036
2398,2,675,700.195371842966,-2450.467077702793,2019-07-22T12:26:40Z,46.35940000,13.16300000,2331.00,118.027
2399,2,676,701.195371842966,-2449.467077702793,2019-07-22T12:26:41Z,46.35943333,13.16280000,2331.00,118.017
2400,2,677,702.195371842966,-2448.467077702793,2019-07-22T12:26:42Z,46.35946667,13.16260000,2329.00,118.008
2401,2,678,703.195371842966,-2447.467077702793,2019-07-22T12:26:43Z,46.35950000,13.16240000,2327.00,117.999
2402,2,679,704.195371842966,-2446.467077702793,2019-07-22T12:26:44Z,46.35953333,13.16218333,2326.00,117.989
2403,2,680,705.195371842966,-2445.467077702793,2019-07-22T12:26:45Z,46.35956667,13.16196667,2324.00,117.98
2404,2,681,706.195371842966,-2444.467077702793,2019-07-22T12:26:46Z,46.35960000,13.16175000,2323.00,117.97
2405,2,682,707.195371842966,-2443.467077702793,2019-07-22T12:26:47Z,46.35963333,13.16153333,2324.00,117.961
2406,2,683,708.195371842966,-2442.467077702793,2019-07-22T12:26:48Z,46.35966667,13.16133333,2324.00,117.951
2407,2,684,709.195371842966,-2441.467077702793,2019-07-22T12:26:49Z,46.35970000,13.16113333,2324.00,117.942
2408,2,685,710.195371842966,-2440.467077702793,2019-07-22T12:26:50Z,46.35973333,13.16091667,2322.00,117.933
2409,2,686,711.195371842966,-2439.467077702793,2019-07-22T12:26:51Z,46.35976667,13.16071667,2320.00,117.923
2410,2,687,712.195371842966,-2438.467077702793,2019-07-22T12:26:52Z,46.35981667,13.16051667,2319.00,117.913
2411,2,688,713.195371842966,-2437.467077702793,2019-07-22T12:26:53Z,46.35986667,13.16031667,2318.00,117.902
2412,2,689,714.195371842966,-2436.467077702793,2019-07-22T12:26:54Z,46.35991667,13.16013333,2317.00,117.891
2413,2,690,715.195371842966,-2435.467077702793,2019-07-22T12:26:55Z,46.35998333,13.15993333,2317.00,117.879
2414,2,691,716.195371842966,-2434.467077702793,2019-07-22T12:26:56Z,46.36005000,13.15973333,2315.00,117.866
2415,2,692,717.195371842966,-2433.467077702793,2019-07-22T12:26:57Z,46.36013333,13.15955000,2313.00,117.853
2416,2,693,718.195371842966,-2432.467077702793,2019-07-22T12:26:58Z,46.36020000,13.15935000,2311.00,117.84
2417,2,694,719.195371842966,-2431.467077702793,2019-07-22T12:26:59Z,46.36028333,13.15916667,2310.00,117.826
2418,2,695,720.195371842966,-2430.467077702793,2019-07-22T12:27:00Z,46.36038333,13.15898333,2310.00,117.811
2419,2,696,721.195371842966,-2429.467077702793,2019-07-22T12:27:01Z,46.36046667,13.15880000,2309.00,117.797
2420,2,697,722.195371842966,-2428.467077702793,2019-07-22T12:27:02Z,46.36056667,13.15863333,2308.00,117.782
2421,2,698,723.195371842966,-2427.467077702793,2019-07-22T12:27:03Z,46.36066667,13.15845000,2307.00,117.766
2422,2,699,724.195371842966,-2426.467077702793,2019-07-22T12:27:04Z,46.36076667,13.15830000,2306.00,117.752
2423,2,700,725.195371842966,-2425.467077702793,2019-07-22T12:27:05Z,46.36086667,13.15813333,2305.00,117.737
2424,2,701,726.195371842966,-2424.467077702793,2019-07-22T12:27:06Z,46.36096667,13.15796667,2303.00,117.722
2425,2,702,727.195371842966,-2423.467077702793,2019-07-22T12:27:07Z,46.36106667,13.15780000,2303.00,117.707
2426,2,703,728.195371842966,-2422.467077702793,2019-07-22T12:27:08Z,46.36115000,13.15763333,2303.00,117.694
2427,2,704,729.195371842966,-2421.467077702793,2019-07-22T12:27:09Z,46.36123333,13.15745000,2303.00,117.68
2428,2,705,730.195371842966,-2420.467077702793,2019-07-22T12:27:10Z,46.36130000,13.15726667,2302.00,117.668
2429,2,706,731.195371842966,-2419.467077702793,2019-07-22T12:27:11Z,46.36136667,13.15708333,2298.00,117.656
2430,2,707,732.195371842966,-2418.467077702793,2019-07-22T12:27:12Z,46.36140000,13.15686667,2298.00,117.646
2431,2,708,733.195371842966,-2417.467077702793,2019-07-22T12:27:13Z,46.36143333,13.15663333,2297.00,117.636
2432,2,709,734.195371842966,-2416.467077702793,2019-07-22T12:27:14Z,46.36146667,13.15641667,2294.00,117.627
2433,2,710,735.195371842966,-2415.467077702793,2019-07-22T12:27:15Z,46.36148333,13.15620000,2294.00,117.619
2434,2,711,736.195371842966,-2414.467077702793,2019-07-22T12:27:16Z,46.36151667,13.15600000,2295.00,117.61
2435,2,712,737.195371842966,-2413.467077702793,2019-07-22T12:27:17Z,46.36155000,13.15580000,2294.00,117.601
2436,2,713,738.195371842966,-2412.467077702793,2019-07-22T12:27:18Z,46.36158333,13.15561667,2292.00,117.592
2437,2,714,739.195371842966,-2411.467077702793,2019-07-22T12:27:19Z,46.36161667,13.15543333,2291.00,117.584
2438,2,715,740.195371842966,-2410.467077702793,2019-07-22T12:27:20Z,46.36165000,13.15523333,2290.00,117.575
2439,2,716,741.195371842966,-2409.467077702793,2019-07-22T12:27:21Z,46.36168333,13.15505000,2286.00,117.566
2440,2,717,742.195371842966,-2408.467077702793,2019-07-22T12:27:22Z,46.36173333,13.15485000,2286.00,117.556
2441,2,718,743.195371842966,-2407.467077702793,2019-07-22T12:27:23Z,46.36176667,13.15465000,2288.00,117.547
2442,2,719,744.195371842966,-2406.467077702793,2019-07-22T12:27:24Z,46.36180000,13.15446667,2286.00,117.538
2443,2,720,745.195371842966,-2405.467077702793,2019-07-22T12:27:25Z,46.36181667,13.15428333,2286.00,117.532
2444,2,721,746.195371842966,-2404.467077702793,2019-07-22T12:27:26Z,46.36183333,13.15410000,2285.00,117.525
2445,2,722,747.195371842966,-2403.467077702793,2019-07-22T12:27:27Z,46.36183333,13.15393333,2282.00,117.52
2446,2,723,748.195371842966,-2402.467077702793,2019-07-22T12:27:28Z,46.36183333,13.15375000,2280.00,117.515
2447,2,724,749.195371842966,-2401.467077702793,2019-07-22T12:27:29Z,46.36181667,13.15356667,2277.00,117.512
2448,2,725,750.195371842966,-2400.467077702793,2019-07-22T12:27:30Z,46.36180000,13.15336667,2274.00,117.508
2449,2,726,751.195371842966,-2399.467077702793,2019-07-22T12:27:31Z,46.36178333,13.15316667,2271.00,117.505
2450,2,727,752.195371842966,-2398.467077702793,2019-07-22T12:27:32Z,46.36175000,13.15296667,2269.00,117.503
2451,2,728,753.195371842966,-2397.467077702793,2019-07-22T12:27:33Z,46.36171667,13.15276667,2268.00,117.501
2452,2,729,754.195371842966,-2396.467077702793,2019-07-22T12:27:34Z,46.36168333,13.15258333,2268.00,117.499
2453,2,730,755.195371842966,-2395.467077702793,2019-07-22T12:27:35Z,46.36165000,13.15241667,2268.00,117.498
2454,2,731,756.195371842966,-2394.467077702793,2019-07-22T12:27:36Z,46.36160000,13.15223333,2267.00,117.498
2455,2,732,757.195371842966,-2393.467077702793,2019-07-22T12:27:37Z,46.36156667,13.15205000,2267.00,117.497
2456,2,733,758.195371842966,-2392.467077702793,2019-07-22T12:27:38Z,46.36151667,13.15186667,2266.00,117.497
2457,2,734,759.195371842966,-2391.467077702793,2019-07-22T12:27:39Z,46.36148333,13.15166667,2265.00,117.495
2458,2,735,760.195371842966,-2390.467077702793,2019-07-22T12:27:40Z,46.36145000,13.15146667,2263.00,117.493
2459,2,736,761.195371842966,-2389.467077702793,2019-07-22T12:27:41Z,46.36141667,13.15126667,2262.00,117.491
2460,2,737,762.195371842966,-2388.467077702793,2019-07-22T12:27:42Z,46.36136667,13.15106667,2259.00,117.491
2461,2,738,763.195371842966,-2387.467077702793,2019-07-22T12:27:43Z,46.36133333,13.15086667,2257.00,117.49
2462,2,739,764.195371842966,-2386.467077702793,2019-07-22T12:27:44Z,46.36130000,13.15065000,2255.00,117.487
2463,2,740,765.195371842966,-2385.467077702793,2019-07-22T12:27:45Z,46.36128333,13.15045000,2253.00,117.484
2464,2,741,766.195371842966,-2384.467077702793,2019-07-22T12:27:46Z,46.36125000,13.15025000,2251.00,117.482
2465,2,742,767.195371842966,-2383.467077702793,2019-07-22T12:27:47Z,46.36123333,13.15003333,2249.00,117.478
2466,2,743,768.195371842966,-2382.467077702793,2019-07-22T12:27:48Z,46.36123333,13.14981667,2247.00,117.472
2467,2,744,769.195371842966,-2381.467077702793,2019-07-22T12:27:49Z,46.36125000,13.14960000,2246.00,117.465
2468,2,745,770.195371842966,-2380.467077702793,2019-07-22T12:27:50Z,46.36126667,13.14940000,2244.00,117.458
2469,2,746,771.195371842966,-2379.467077702793,2019-07-22T12:27:51Z,46.36130000,13.14920000,2242.00,117.449
2470,2,747,772.195371842966,-2378.467077702793,2019-07-22T12:27:52Z,46.36133333,13.14900000,2240.00,117.44
2471,2,748,773.195371842966,-2377.467077702793,2019-07-22T12:27:53Z,46.36140000,13.14880000,2237.00,117.428
2472,2,749,774.195371842966,-2376.467077702793,2019-07-22T12:27:54Z,46.36146667,13.14860000,2234.00,117.416
2473,2,750,775.195371842966,-2375.467077702793,2019-07-22T12:27:55Z,46.36151667,13.14841667,2232.00,117.406
2474,2,751,776.195371842966,-2374.467077702793,2019-07-22T12:27:56Z,46.36158333,13.14825000,2232.00,117.394
2475,2,752,777.195371842966,-2373.467077702793,2019-07-22T12:27:57Z,46.36165000,13.14808333,2232.00,117.383
2476,2,753,778.195371842966,-2372.467077702793,2019-07-22T12:27:58Z,46.36171667,13.14793333,2230.00,117.372
2477,2,754,779.195371842966,-2371.467077702793,2019-07-22T12:27:59Z,46.36178333,13.14776667,2228.00,117.361
2478,2,755,780.195371842966,-2370.467077702793,2019-07-22T12:28:00Z,46.36186667,13.14760000,2227.00,117.348
2479,2,756,781.195371842966,-2369.467077702793,2019-07-22T12:28:01Z,46.36193333,13.14743333,2224.00,117.337
2480,2,757,782.195371842966,-2368.467077702793,2019-07-22T12:28:02Z,46.36201667,13.14728333,2222.00,117.324
2481,2,758,783.195371842966,-2367.467077702793,2019-07-22T12:28:03Z,46.36208333,13.14711667,2218.00,117.313
2482,2,759,784.195371842966,-2366.467077702793,2019-07-22T12:28:04Z,46.36215000,13.14696667,2216.00,117.302
2483,2,760,785.195371842966,-2365.467077702793,2019-07-22T12:28:05Z,46.36221667,13.14681667,2214.00,117.291
2484,2,761,786.195371842966,-2364.467077702793,2019-07-22T12:28:06Z,46.36228333,13.14666667,2213.00,117.28
2485,2,762,787.195371842966,-2363.467077702793,2019-07-22T12:28:07Z,46.36235000,13.14650000,2212.00,117.269
2486,2,763,788.195371842966,-2362.467077702793,2019-07-22T12:28:08Z,46.36240000,13.14631667,2211.00,117.259
2487,2,764,789.195371842966,-2361.467077702793,2019-07-22T12:28:09Z,46.36246667,13.14613333,2209.00,117.247
2488,2,765,790.195371842966,-2360.467077702793,2019-07-22T12:28:10Z,46.36251667,13.14595000,2207.00,117.237
2489,2,766,791.195371842966,-2359.467077702793,2019-07-22T12:28:11Z,46.36255000,13.14578333,2209.00,117.229
2490,2,767,792.195371842966,-2358.467077702793,2019-07-22T12:28:12Z,46.36260000,13.14560000,2207.00,117.219
2491,2,768,793.195371842966,-2357.467077702793,2019-07-22T12:28:13Z,46.36263333,13.14541667,2205.00,117.211
2492,2,769,794.195371842966,-2356.467077702793,2019-07-22T12:28:14Z,46.36266667,13.14523333,2206.00,117.203
2493,2,770,795.195371842966,-2355.467077702793,2019-07-22T12:28:15Z,46.36270000,13.14505000,2203.00,117.195
2494,2,771,796.195371842966,-2354.467077702793,2019-07-22T12:28:16Z,46.36273333,13.14485000,2199.00,117.186
2495,2,772,797.195371842966,-2353.467077702793,2019-07-22T12:28:17Z,46.36276667,13.14466667,2194.00,117.178
2496,2,773,798.195371842966,-2352.467077702793,2019-07-22T12:28:18Z,46.36280000,13.14448333,2196.00,117.17
2497,2,774,799.195371842966,-2351.467077702793,2019-07-22T12:28:19Z,46.36281667,13.14430000,2195.00,117.164
2498,2,775,800.195371842966,-2350.467077702793,2019-07-22T12:28:20Z,46.36285000,13.14410000,2196.00,117.155
2499,2,776,801.195371842966,-2349.467077702793,2019-07-22T12:28:21Z,46.36285000,13.14391667,2193.00,117.15
2500,2,777,802.195371842966,-2348.467077702793,2019-07-22T12:28:22Z,46.36286667,13.14370000,2191.00,117.143
2501,2,778,803.195371842966,-2347.467077702793,2019-07-22T12:28:23Z,46.36288333,13.14350000,2191.00,117.136
2502,2,779,804.195371842966,-2346.467077702793,2019-07-22T12:28:24Z,46.36288333,13.14330000,2191.00,117.131
2503,2,780,805.195371842966,-2345.467077702793,2019-07-22T12:28:25Z,46.36288333,13.14310000,2191.00,117.126
2504,2,781,806.195371842966,-2344.467077702793,2019-07-22T12:28:26Z,46.36288333,13.14288333,2190.00,117.121
2505,2,782,807.195371842966,-2343.467077702793,2019-07-22T12:28:27Z,46.36290000,13.14266667,2188.00,117.114
2506,2,783,808.195371842966,-2342.467077702793,2019-07-22T12:28:28Z,46.36291667,13.14245000,2186.00,117.107
2507,2,784,809.195371842966,-2341.467077702793,2019-07-22T12:28:29Z,46.36295000,13.14225000,2184.00,117.098
2508,2,785,810.195371842966,-2340.467077702793,2019-07-22T12:28:30Z,46.36298333,13.14203333,2183.00,117.089
2509,2,786,811.195371842966,-2339.467077702793,2019-07-22T12:28:31Z,46.36303333,13.14183333,2182.00,117.079
2510,2,787,812.195371842966,-2338.467077702793,2019-07-22T12:28:32Z,46.36308333,13.14163333,2181.00,117.069
2511,2,788,813.195371842966,-2337.467077702793,2019-07-22T12:28:33Z,46.36313333,13.14141667,2180.00,117.058
2512,2,789,814.195371842966,-2336.467077702793,2019-07-22T12:28:34Z,46.36320000,13.14121667,2179.00,117.046
2513,2,790,815.195371842966,-2335.467077702793,2019-07-22T12:28:35Z,46.36325000,13.14101667,2177.00,117.036
2514,2,791,816.195371842966,-2334.467077702793,2019-07-22T12:28:36Z,46.36331667,13.14081667,2175.00,117.024
2515,2,792,817.195371842966,-2333.467077702793,2019-07-22T12:28:37Z,46.36338333,13.14063333,2174.00,117.012
2516,2,793,818.195371842966,-2332.467077702793,2019-07-22T12:28:38Z,46.36346667,13.14043333,2173.00,116.999
2517,2,794,819.195371842966,-2331.467077702793,2019-07-22T12:28:39Z,46.36355000,13.14023333,2173.00,116.985
2518,2,795,820.195371842966,-2330.467077702793,2019-07-22T12:28:40Z,46.36361667,13.14003333,2173.00,116.973
2519,2,796,821.195371842966,-2329.467077702793,2019-07-22T12:28:41Z,46.36370000,13.13983333,2171.00,116.959
2520,2,797,822.195371842966,-2328.467077702793,2019-07-22T12:28:42Z,46.36378333,13.13963333,2170.00,116.946
2521,2,798,823.195371842966,-2327.467077702793,2019-07-22T12:28:43Z,46.36385000,13.13943333,2169.00,116.934
2522,2,799,824.195371842966,-2326.467077702793,2019-07-22T12:28:44Z,46.36393333,13.13923333,2168.00,116.92
2523,2,800,825.195371842966,-2325.467077702793,2019-07-22T12:28:45Z,46.36400000,13.13905000,2167.00,116.909
2524,2,801,826.195371842966,-2324.467077702793,2019-07-22T12:28:46Z,46.36408333,13.13885000,2166.00,116.895
2525,2,802,827.195371842966,-2323.467077702793,2019-07-22T12:28:47Z,46.36415000,13.13865000,2165.00,116.883
2526,2,803,828.195371842966,-2322.467077702793,2019-07-22T12:28:48Z,46.36423333,13.13845000,2164.00,116.87
2527,2,804,829.195371842966,-2321.467077702793,2019-07-22T12:28:49Z,46.36430000,13.13825000,2163.00,116.858
2528,2,805,830.195371842966,-2320.467077702793,2019-07-22T12:28:50Z,46.36438333,13.13805000,2161.00,116.844
2529,2,806,831.195371842966,-2319.467077702793,2019-07-22T12:28:51Z,46.36446667,13.13785000,2160.00,116.83
2530,2,807,832.195371842966,-2318.467077702793,2019-07-22T12:28:52Z,46.36455000,13.13765000,2159.00,116.817
2531,2,808,833.195371842966,-2317.467077702793,2019-07-22T12:28:53Z,46.36463333,13.13745000,2157.00,116.803
2532,2,809,834.195371842966,-2316.467077702793,2019-07-22T12:28:54Z,46.36471667,13.13725000,2157.00,116.79
2533,2,810,835.195371842966,-2315.467077702793,2019-07-22T12:28:55Z,46.36480000,13.13705000,2156.00,116.776
2534,2,811,836.195371842966,-2314.467077702793,2019-07-22T12:28:56Z,46.36488333,13.13685000,2155.00,116.762
2535,2,812,837.195371842966,-2313.467077702793,2019-07-22T12:28:57Z,46.36495000,13.13665000,2154.00,116.751
2536,2,813,838.195371842966,-2312.467077702793,2019-07-22T12:28:58Z,46.36505000,13.13645000,2152.00,116.735
2537,2,814,839.195371842966,-2311.467077702793,2019-07-22T12:28:59Z,46.36513333,13.13626667,2150.00,116.722
2538,2,815,840.195371842966,-2310.467077702793,2019-07-22T12:29:00Z,46.36523333,13.13608333,2149.00,116.707
2539,2,816,841.195371842966,-2309.467077702793,2019-07-22T12:29:01Z,46.36533333,13.13588333,2148.00,116.692
2540,2,817,842.195371842966,-2308.467077702793,2019-07-22T12:29:02Z,46.36543333,13.13571667,2146.00,116.677
2541,2,818,843.195371842966,-2307.467077702793,2019-07-22T12:29:03Z,46.36553333,13.13553333,2146.00,116.662
2542,2,819,844.195371842966,-2306.467077702793,2019-07-22T12:29:04Z,46.36565000,13.13535000,2144.00,116.646
2543,2,820,845.195371842966,-2305.467077702793,2019-07-22T12:29:05Z,46.36575000,13.13518333,2142.00,116.631
2544,2,821,846.195371842966,-2304.467077702793,2019-07-22T12:29:06Z,46.36585000,13.13501667,2140.00,116.617
2545,2,822,847.195371842966,-2303.467077702793,2019-07-22T12:29:07Z,46.36595000,13.13483333,2140.00,116.602
2546,2,823,848.195371842966,-2302.467077702793,2019-07-22T12:29:08Z,46.36605000,13.13466667,2141.00,116.587
2547,2,824,849.195371842966,-2301.467077702793,2019-07-22T12:29:09Z,46.36613333,13.13450000,2140.00,116.575
2548,2,825,850.195371842966,-2300.467077702793,2019-07-22T12:29:10Z,46.36621667,13.13433333,2138.00,116.562
2549,2,826,851.195371842966,-2299.467077702793,2019-07-22T12:29:11Z,46.36628333,13.13415000,2137.00,116.55
2550,2,827,852.195371842966,-2298.467077702793,2019-07-22T12:29:12Z,46.36635000,13.13396667,2133.00,116.539
2551,2,828,853.195371842966,-2297.467077702793,2019-07-22T12:29:13Z,46.36640000,13.13378333,2135.00,116.529
2552,2,829,854.195371842966,-2296.467077702793,2019-07-22T12:29:14Z,46.36646667,13.13360000,2135.00,116.518
2553,2,830,855.195371842966,-2295.467077702793,2019-07-22T12:29:15Z,46.36650000,13.13341667,2134.00,116.51
2554,2,831,856.195371842966,-2294.467077702793,2019-07-22T12:29:16Z,46.36655000,13.13321667,2133.00,116.5
2555,2,832,857.195371842966,-2293.467077702793,2019-07-22T12:29:17Z,46.36660000,13.13301667,2132.00,116.49
2556,2,833,858.195371842966,-2292.467077702793,2019-07-22T12:29:18Z,46.36663333,13.13283333,2131.00,116.483
2557,2,834,859.195371842966,-2291.467077702793,2019-07-22T12:29:19Z,46.36668333,13.13265000,2130.00,116.473
2558,2,835,860.195371842966,-2290.467077702793,2019-07-22T12:29:20Z,46.36673333,13.13245000,2130.00,116.463
2559,2,836,861.195371842966,-2289.467077702793,2019-07-22T12:29:21Z,46.36678333,13.13226667,2130.00,116.454
2560,2,837,862.195371842966,-2288.467077702793,2019-07-22T12:29:22Z,46.36681667,13.13206667,2129.00,116.445
2561,2,838,863.195371842966,-2287.467077702793,2019-07-22T12:29:23Z,46.36686667,13.13185000,2127.00,116.435
2562,2,839,864.195371842966,-2286.467077702793,2019-07-22T12:29:24Z,46.36691667,13.13165000,2126.00,116.425
2563,2,840,865.195371842966,-2285.467077702793,2019-07-22T12:29:25Z,46.36698333,13.13145000,2125.00,116.414
2564,2,841,866.195371842966,-2284.467077702793,2019-07-22T12:29:26Z,46.36703333,13.13125000,2124.00,116.404
2565,2,842,867.195371842966,-2283.467077702793,2019-07-22T12:29:27Z,46.36710000,13.13105000,2123.00,116.392
2566,2,843,868.195371842966,-2282.467077702793,2019-07-22T12:29:28Z,46.36716667,13.13085000,2123.00,116.381
2567,2,844,869.195371842966,-2281.467077702793,2019-07-22T12:29:29Z,46.36723333,13.13066667,2122.00,116.369
2568,2,845,870.195371842966,-2280.467077702793,2019-07-22T12:29:30Z,46.36731667,13.13046667,2121.00,116.356
2569,2,846,871.195371842966,-2279.467077702793,2019-07-22T12:29:31Z,46.36738333,13.13026667,2120.00,116.344
2570,2,847,872.195371842966,-2278.467077702793,2019-07-22T12:29:32Z,46.36745000,13.13006667,2119.00,116.333
2571,2,848,873.195371842966,-2277.467077702793,2019-07-22T12:29:33Z,46.36751667,13.12986667,2117.00,116.321
2572,2,849,874.195371842966,-2276.467077702793,2019-07-22T12:29:34Z,46.36760000,13.12968333,2115.00,116.308
2573,2,850,875.195371842966,-2275.467077702793,2019-07-22T12:29:35Z,46.36770000,13.12950000,2113.00,116.293
2574,2,851,876.195371842966,-2274.467077702793,2019-07-22T12:29:36Z,46.36780000,13.12931667,2113.00,116.279
2575,2,852,877.195371842966,-2273.467077702793,2019-07-22T12:29:37Z,46.36790000,13.12915000,2112.00,116.264
2576,2,853,878.195371842966,-2272.467077702793,2019-07-22T12:29:38Z,46.36800000,13.12898333,2111.00,116.25
2577,2,854,879.195371842966,-2271.467077702793,2019-07-22T12:29:39Z,46.36811667,13.12881667,2111.00,116.234
2578,2,855,880.195371842966,-2270.467077702793,2019-07-22T12:29:40Z,46.36820000,13.12865000,2110.00,116.221
2579,2,856,881.195371842966,-2269.467077702793,2019-07-22T12:29:41Z,46.36830000,13.12848333,2109.00,116.207
2580,2,857,882.195371842966,-2268.467077702793,2019-07-22T12:29:42Z,46.36841667,13.12831667,2110.00,116.191
2581,2,858,883.195371842966,-2267.467077702793,2019-07-22T12:29:43Z,46.36851667,13.12815000,2109.00,116.176
2582,2,859,884.195371842966,-2266.467077702793,2019-07-22T12:29:44Z,46.36861667,13.12798333,2108.00,116.162
2583,2,860,885.195371842966,-2265.467077702793,2019-07-22T12:29:45Z,46.36871667,13.12781667,2108.00,116.147
2584,2,861,886.195371842966,-2264.467077702793,2019-07-22T12:29:46Z,46.36883333,13.12765000,2107.00,116.131
2585,2,862,887.195371842966,-2263.467077702793,2019-07-22T12:29:47Z,46.36893333,13.12748333,2107.00,116.117
2586,2,863,888.195371842966,-2262.467077702793,2019-07-22T12:29:48Z,46.36905000,13.12731667,2106.00,116.101
2587,2,864,889.195371842966,-2261.467077702793,2019-07-22T12:29:49Z,46.36916667,13.12715000,2104.00,116.085
2588,2,865,890.195371842966,-2260.467077702793,2019-07-22T12:29:50Z,46.36928333,13.12698333,2103.00,116.069
2589,2,866,891.195371842966,-2259.467077702793,2019-07-22T12:29:51Z,46.36940000,13.12681667,2102.00,116.053
2590,2,867,892.195371842966,-2258.467077702793,2019-07-22T12:29:52Z,46.36951667,13.12665000,2101.00,116.037
2591,2,868,893.195371842966,-2257.467077702793,2019-07-22T12:29:53Z,46.36961667,13.12650000,2100.00,116.023
2592,2,869,894.195371842966,-2256.467077702793,2019-07-22T12:29:54Z,46.36973333,13.12633333,2099.00,116.006
2593,2,870,895.195371842966,-2255.467077702793,2019-07-22T12:29:55Z,46.36985000,13.12618333,2098.00,115.991
2594,2,871,896.195371842966,-2254.467077702793,2019-07-22T12:29:56Z,46.36996667,13.12601667,2097.00,115.975
2595,2,872,897.195371842966,-2253.467077702793,2019-07-22T12:29:57Z,46.37008333,13.12585000,2096.00,115.959
2596,2,873,898.195371842966,-2252.467077702793,2019-07-22T12:29:58Z,46.37020000,13.12568333,2095.00,115.942
2597,2,874,899.195371842966,-2251.467077702793,2019-07-22T12:29:59Z,46.37030000,13.12551667,2094.00,115.928
2598,2,875,900.195371842966,-2250.467077702793,2019-07-22T12:30:00Z,46.37041667,13.12533333,2092.00,115.912
2599,2,876,901.195371842966,-2249.467077702793,2019-07-22T12:30:01Z,46.37053333,13.12516667,2091.00,115.896
2600,2,877,902.195371842966,-2248.467077702793,2019-07-22T12:30:02Z,46.37063333,13.12498333,2091.00,115.881
2601,2,878,903.195371842966,-2247.467077702793,2019-07-22T12:30:03Z,46.37075000,13.12481667,2089.00,115.865
2602,2,879,904.195371842966,-2246.467077702793,2019-07-22T12:30:04Z,46.37085000,13.12465000,2090.00,115.851
2603,2,880,905.195371842966,-2245.467077702793,2019-07-22T12:30:05Z,46.37095000,13.12446667,2089.00,115.836
2604,2,881,906.195371842966,-2244.467077702793,2019-07-22T12:30:06Z,46.37105000,13.12430000,2088.00,115.822
2605,2,882,907.195371842966,-2243.467077702793,2019-07-22T12:30:07Z,46.37115000,13.12411667,2088.00,115.807
2606,2,883,908.195371842966,-2242.467077702793,2019-07-22T12:30:08Z,46.37126667,13.12393333,2088.00,115.791
2607,2,884,909.195371842966,-2241.467077702793,2019-07-22T12:30:09Z,46.37136667,13.12376667,2087.00,115.776
2608,2,885,910.195371842966,-2240.467077702793,2019-07-22T12:30:10Z,46.37146667,13.12358333,2086.00,115.762
2609,2,886,911.195371842966,-2239.467077702793,2019-07-22T12:30:11Z,46.37156667,13.12340000,2085.00,115.747
2610,2,887,912.195371842966,-2238.467077702793,2019-07-22T12:30:12Z,46.37166667,13.12323333,2085.00,115.733
2611,2,888,913.195371842966,-2237.467077702793,2019-07-22T12:30:13Z,46.37176667,13.12305000,2084.00,115.718
2612,2,889,914.195371842966,-2236.467077702793,2019-07-22T12:30:14Z,46.37186667,13.12288333,2084.00,115.704
2613,2,890,915.195371842966,-2235.467077702793,2019-07-22T12:30:15Z,46.37196667,13.12271667,2083.00,115.69
2614,2,891,916.195371842966,-2234.467077702793,2019-07-22T12:30:16Z,46.37208333,13.12253333,2082.00,115.674
2615,2,892,917.195371842966,-2233.467077702793,2019-07-22T12:30:17Z,46.37218333,13.12236667,2081.00,115.659
2616,2,893,918.195371842966,-2232.467077702793,2019-07-22T12:30:18Z,46.37228333,13.12221667,2081.00,115.645
2617,2,894,919.195371842966,-2231.467077702793,2019-07-22T12:30:19Z,46.37240000,13.12205000,2080.00,115.629
2618,2,895,920.195371842966,-2230.467077702793,2019-07-22T12:30:20Z,46.37250000,13.12188333,2079.00,115.615
2619,2,896,921.195371842966,-2229.467077702793,2019-07-22T12:30:21Z,46.37261667,13.12171667,2078.00,115.599
2620,2,897,922.195371842966,-2228.467077702793,2019-07-22T12:30:22Z,46.37273333,13.12156667,2077.00,115.584
2621,2,898,923.195371842966,-2227.467077702793,2019-07-22T12:30:23Z,46.37283333,13.12140000,2076.00,115.569
2622,2,899,924.195371842966,-2226.467077702793,2019-07-22T12:30:24Z,46.37295000,13.12125000,2075.00,115.554
2623,2,900,925.195371842966,-2225.467077702793,2019-07-22T12:30:25Z,46.37306667,13.12110000,2075.00,115.538
2624,2,901,926.195371842966,-2224.467077702793,2019-07-22T12:30:26Z,46.37318333,13.12095000,2074.00,115.522
2625,2,902,927.195371842966,-2223.467077702793,2019-07-22T12:30:27Z,46.37328333,13.12080000,2072.00,115.509
2626,2,903,928.195371842966,-2222.467077702793,2019-07-22T12:30:28Z,46.37340000,13.12065000,2071.00,115.493
2627,2,904,929.195371842966,-2221.467077702793,2019-07-22T12:30:29Z,46.37351667,13.12050000,2071.00,115.477
2628,2,905,930.195371842966,-2220.467077702793,2019-07-22T12:30:30Z,46.37363333,13.12036667,2070.00,115.462
2629,2,906,931.195371842966,-2219.467077702793,2019-07-22T12:30:31Z,46.37373333,13.12021667,2069.00,115.448
2630,2,907,932.195371842966,-2218.467077702793,2019-07-22T12:30:32Z,46.37385000,13.12006667,2069.00,115.433
2631,2,908,933.195371842966,-2217.467077702793,2019-07-22T12:30:33Z,46.37396667,13.11991667,2067.00,115.417
2632,2,909,934.195371842966,-2216.467077702793,2019-07-22T12:30:34Z,46.37408333,13.11976667,2066.00,115.401
2633,2,910,935.195371842966,-2215.467077702793,2019-07-22T12:30:35Z,46.37418333,13.11963333,2066.00,115.388
2634,2,911,936.195371842966,-2214.467077702793,2019-07-22T12:30:36Z,46.37430000,13.11950000,2067.00,115.373
2635,2,912,937.195371842966,-2213.467077702793,2019-07-22T12:30:37Z,46.37441667,13.11935000,2067.00,115.357
2636,2,913,938.195371842966,-2212.467077702793,2019-07-22T12:30:38Z,46.37451667,13.11920000,2066.00,115.343
2637,2,914,939.195371842966,-2211.467077702793,2019-07-22T12:30:39Z,46.37463333,13.11905000,2065.00,115.328
2638,2,915,940.195371842966,-2210.467077702793,2019-07-22T12:30:40Z,46.37473333,13.11891667,2064.00,115.314
2639,2,916,941.195371842966,-2209.467077702793,2019-07-22T12:30:41Z,46.37485000,13.11876667,2062.00,115.299
2640,2,917,942.195371842966,-2208.467077702793,2019-07-22T12:30:42Z,46.37496667,13.11861667,2061.00,115.283
2641,2,918,943.195371842966,-2207.467077702793,2019-07-22T12:30:43Z,46.37506667,13.11846667,2059.00,115.269
2642,2,919,944.195371842966,-2206.467077702793,2019-07-22T12:30:44Z,46.37518333,13.11831667,2058.00,115.254
2643,2,920,945.195371842966,-2205.467077702793,2019-07-22T12:30:45Z,46.37528333,13.11816667,2057.00,115.24
2644,2,921,946.195371842966,-2204.467077702793,2019-07-22T12:30:46Z,46.37538333,13.11801667,2058.00,115.226
2645,2,922,947.195371842966,-2203.467077702793,2019-07-22T12:30:47Z,46.37548333,13.11786667,2058.00,115.212
2646,2,923,948.195371842966,-2202.467077702793,2019-07-22T12:30:48Z,46.37558333,13.11771667,2056.00,115.199
2647,2,924,949.195371842966,-2201.467077702793,2019-07-22T12:30:49Z,46.37568333,13.11756667,2054.00,115.185
2648,2,925,950.195371842966,-2200.467077702793,2019-07-22T12:30:50Z,46.37578333,13.11741667,2053.00,115.171
2649,2,926,951.195371842966,-2199.467077702793,2019-07-22T12:30:51Z,46.37588333,13.11726667,2052.00,115.157
2650,2,927,952.195371842966,-2198.467077702793,2019-07-22T12:30:52Z,46.37600000,13.11711667,2051.00,115.142
2651,2,928,953.195371842966,-2197.467077702793,2019-07-22T12:30:53Z,46.37610000,13.11696667,2050.00,115.128
2652,2,929,954.195371842966,-2196.467077702793,2019-07-22T12:30:54Z,46.37621667,13.11681667,2049.00,115.112
2653,2,930,955.195371842966,-2195.467077702793,2019-07-22T12:30:55Z,46.37633333,13.11666667,2048.00,115.097
2654,2,931,956.195371842966,-2194.467077702793,2019-07-22T12:30:56Z,46.37645000,13.11651667,2046.00,115.081
2655,2,932,957.195371842966,-2193.467077702793,2019-07-22T12:30:57Z,46.37655000,13.11636667,2043.00,115.067
2656,2,933,958.195371842966,-2192.467077702793,2019-07-22T12:30:58Z,46.37668333,13.11623333,2041.00,115.05
2657,2,934,959.195371842966,-2191.467077702793,2019-07-22T12:30:59Z,46.37680000,13.11608333,2039.00,115.035
2658,2,935,960.195371842966,-2190.467077702793,2019-07-22T12:31:00Z,46.37693333,13.11593333,2037.00,115.018
2659,2,936,961.195371842966,-2189.467077702793,2019-07-22T12:31:01Z,46.37705000,13.11580000,2035.00,115.002
2660,2,937,962.195371842966,-2188.467077702793,2019-07-22T12:31:02Z,46.37716667,13.11566667,2035.00,114.987
2661,2,938,963.195371842966,-2187.467077702793,2019-07-22T12:31:03Z,46.37728333,13.11553333,2032.00,114.972
2662,2,939,964.195371842966,-2186.467077702793,2019-07-22T12:31:04Z,46.37741667,13.11541667,2030.00,114.955
2663,2,940,965.195371842966,-2185.467077702793,2019-07-22T12:31:05Z,46.37753333,13.11528333,2029.00,114.94
2664,2,941,966.195371842966,-2184.467077702793,2019-07-22T12:31:06Z,46.37765000,13.11515000,2028.00,114.925
2665,2,942,967.195371842966,-2183.467077702793,2019-07-22T12:31:07Z,46.37778333,13.11501667,2028.00,114.908
2666,2,943,968.195371842966,-2182.467077702793,2019-07-22T12:31:08Z,46.37790000,13.11486667,2025.00,114.892
2667,2,944,969.195371842966,-2181.467077702793,2019-07-22T12:31:09Z,46.37801667,13.11471667,2022.00,114.877
2668,2,945,970.195371842966,-2180.467077702793,2019-07-22T12:31:10Z,46.37813333,13.11458333,2021.00,114.862
2669,2,946,971.195371842966,-2179.467077702793,2019-07-22T12:31:11Z,46.37826667,13.11445000,2018.00,114.845
2670,2,947,972.195371842966,-2178.467077702793,2019-07-22T12:31:12Z,46.37836667,13.11431667,2017.00,114.831
2671,2,948,973.195371842966,-2177.467077702793,2019-07-22T12:31:13Z,46.37848333,13.11418333,2015.00,114.816
2672,2,949,974.195371842966,-2176.467077702793,2019-07-22T12:31:14Z,46.37858333,13.11403333,2013.00,114.802
2673,2,950,975.195371842966,-2175.467077702793,2019-07-22T12:31:15Z,46.37870000,13.11388333,2012.00,114.787
2674,2,951,976.195371842966,-2174.467077702793,2019-07-22T12:31:16Z,46.37880000,13.11373333,2011.00,114.773
2675,2,952,977.195371842966,-2173.467077702793,2019-07-22T12:31:17Z,46.37890000,13.11358333,2010.00,114.76
2676,2,953,978.195371842966,-2172.467077702793,2019-07-22T12:31:18Z,46.37900000,13.11343333,2008.00,114.746
2677,2,954,979.195371842966,-2171.467077702793,2019-07-22T12:31:19Z,46.37910000,13.11326667,2009.00,114.732
2678,2,955,980.195371842966,-2170.467077702793,2019-07-22T12:31:20Z,46.37920000,13.11311667,2009.00,114.718
2679,2,956,981.195371842966,-2169.467077702793,2019-07-22T12:31:21Z,46.37931667,13.11296667,2010.00,114.703
2680,2,957,982.195371842966,-2168.467077702793,2019-07-22T12:31:22Z,46.37941667,13.11281667,2009.00,114.689
2681,2,958,983.195371842966,-2167.467077702793,2019-07-22T12:31:23Z,46.37951667,13.11266667,2008.00,114.675
2682,2,959,984.195371842966,-2166.467077702793,2019-07-22T12:31:24Z,46.37961667,13.11250000,2008.00,114.661
2683,2,960,985.195371842966,-2165.467077702793,2019-07-22T12:31:25Z,46.37971667,13.11235000,2007.00,114.648
2684,2,961,986.195371842966,-2164.467077702793,2019-07-22T12:31:26Z,46.37981667,13.11220000,2005.00,114.634
2685,2,962,987.195371842966,-2163.467077702793,2019-07-22T12:31:27Z,46.37991667,13.11203333,2002.00,114.62
2686,2,963,988.195371842966,-2162.467077702793,2019-07-22T12:31:28Z,46.38000000,13.11188333,2002.00,114.608
2687,2,964,989.195371842966,-2161.467077702793,2019-07-22T12:31:29Z,46.38010000,13.11171667,2000.00,114.594
2688,2,965,990.195371842966,-2160.467077702793,2019-07-22T12:31:30Z,46.38021667,13.11155000,1999.00,114.578
2689,2,966,991.195371842966,-2159.467077702793,2019-07-22T12:31:31Z,46.38031667,13.11140000,1997.00,114.565
2690,2,967,992.195371842966,-2158.467077702793,2019-07-22T12:31:32Z,46.38043333,13.11123333,1995.00,114.549
2691,2,968,993.195371842966,-2157.467077702793,2019-07-22T12:31:33Z,46.38055000,13.11108333,1993.00,114.533
2692,2,969,994.195371842966,-2156.467077702793,2019-07-22T12:31:34Z,46.38068333,13.11093333,1991.00,114.516
2693,2,970,995.195371842966,-2155.467077702793,2019-07-22T12:31:35Z,46.38080000,13.11078333,1992.00,114.501
2694,2,971,996.195371842966,-2154.467077702793,2019-07-22T12:31:36Z,46.38093333,13.11063333,1991.00,114.483
2695,2,972,997.195371842966,-2153.467077702793,2019-07-22T12:31:37Z,46.38106667,13.11048333,1989.00,114.466
2696,2,973,998.195371842966,-2152.467077702793,2019-07-22T12:31:38Z,46.38120000,13.11035000,1988.00,114.449
2697,2,974,999.195371842966,-2151.467077702793,2019-07-22T12:31:39Z,46.38133333,13.11021667,1987.00,114.432
2698,2,975,1000.195371842966,-2150.467077702793,2019-07-22T12:31:40Z,46.38146667,13.11008333,1986.00,114.416
2699,2,976,1001.195371842966,-2149.467077702793,2019-07-22T12:31:41Z,46.38161667,13.10995000,1984.00,114.397
2700,2,977,1002.195371842966,-2148.467077702793,2019-07-22T12:31:42Z,46.38175000,13.10981667,1981.00,114.38
2701,2,978,1003.195371842966,-2147.467077702793,2019-07-22T12:31:43Z,46.38188333,13.10968333,1980.00,114.363
2702,2,979,1004.195371842966,-2146.467077702793,2019-07-22T12:31:44Z,46.38201667,13.10953333,1979.00,114.346
2703,2,980,1005.195371842966,-2145.467077702793,2019-07-22T12:31:45Z,46.38216667,13.10940000,1975.00,114.327
2704,2,981,1006.195371842966,-2144.467077702793,2019-07-22T12:31:46Z,46.38231667,13.10926667,1971.00,114.308
2705,2,982,1007.195371842966,-2143.467077702793,2019-07-22T12:31:47Z,46.38246667,13.10915000,1968.00,114.29
2706,2,983,1008.195371842966,-2142.467077702793,2019-07-22T12:31:48Z,46.38263333,13.10903333,1966.00,114.27
2707,2,984,1009.195371842966,-2141.467077702793,2019-07-22T12:31:49Z,46.38280000,13.10891667,1966.00,114.25
2708,2,985,1010.195371842966,-2140.467077702793,2019-07-22T12:31:50Z,46.38296667,13.10878333,1964.00,114.229
2709,2,986,1011.195371842966,-2139.467077702793,2019-07-22T12:31:51Z,46.38313333,13.10866667,1962.00,114.209
2710,2,987,1012.195371842966,-2138.467077702793,2019-07-22T12:31:52Z,46.38328333,13.10855000,1959.00,114.191
2711,2,988,1013.195371842966,-2137.467077702793,2019-07-22T12:31:53Z,46.38343333,13.10841667,1956.00,114.172
2712,2,989,1014.195371842966,-2136.467077702793,2019-07-22T12:31:54Z,46.38358333,13.10828333,1956.00,114.153
2713,2,990,1015.195371842966,-2135.467077702793,2019-07-22T12:31:55Z,46.38373333,13.10815000,1954.00,114.135
2714,2,991,1016.195371842966,-2134.467077702793,2019-07-22T12:31:56Z,46.38386667,13.10798333,1951.00,114.117
2715,2,992,1017.195371842966,-2133.467077702793,2019-07-22T12:31:57Z,46.38400000,13.10783333,1950.00,114.1
2716,2,993,1018.195371842966,-2132.467077702793,2019-07-22T12:31:58Z,46.38413333,13.10766667,1948.00,114.083
2717,2,994,1019.195371842966,-2131.467077702793,2019-07-22T12:31:59Z,46.38426667,13.10750000,1944.00,114.065
2718,2,995,1020.195371842966,-2130.467077702793,2019-07-22T12:32:00Z,46.38438333,13.10731667,1943.00,114.049
2719,2,996,1021.195371842966,-2129.467077702793,2019-07-22T12:32:01Z,46.38451667,13.10713333,1939.00,114.031
2720,2,997,1022.195371842966,-2128.467077702793,2019-07-22T12:32:02Z,46.38465000,13.10695000,1935.00,114.013
2721,2,998,1023.195371842966,-2127.467077702793,2019-07-22T12:32:03Z,46.38478333,13.10675000,1932.00,113.995
2722,2,999,1024.195371842966,-2126.467077702793,2019-07-22T12:32:04Z,46.38491667,13.10656667,1928.00,113.978
2723,2,1000,1025.195371842966,-2125.467077702793,2019-07-22T12:32:05Z,46.38505000,13.10636667,1926.00,113.959
2724,2,1001,1026.195371842966,-2124.467077702793,2019-07-22T12:32:06Z,46.38518333,13.10618333,1923.00,113.942
2725,2,1002,1027.195371842966,-2123.467077702793,2019-07-22T12:32:07Z,46.38531667,13.10600000,1920.00,113.924
2726,2,1003,1028.195371842966,-2122.467077702793,2019-07-22T12:32:08Z,46.38545000,13.10583333,1918.00,113.907
2727,2,1004,1029.195371842966,-2121.467077702793,2019-07-22T12:32:09Z,46.38556667,13.10566667,1915.00,113.891
2728,2,1005,1030.195371842966,-2120.467077702793,2019-07-22T12:32:10Z,46.38570000,13.10548333,1913.00,113.873
2729,2,1006,1031.195371842966,-2119.467077702793,2019-07-22T12:32:11Z,46.38581667,13.10531667,1912.00,113.857
2730,2,1007,1032.195371842966,-2118.467077702793,2019-07-22T12:32:12Z,46.38595000,13.10515000,1909.00,113.84
2731,2,1008,1033.195371842966,-2117.467077702793,2019-07-22T12:32:13Z,46.38606667,13.10498333,1907.00,113.824
2732,2,1009,1034.195371842966,-2116.467077702793,2019-07-22T12:32:14Z,46.38620000,13.10481667,1904.00,113.807
2733,2,1010,1035.195371842966,-2115.467077702793,2019-07-22T12:32:15Z,46.38633333,13.10465000,1902.00,113.79
2734,2,1011,1036.195371842966,-2114.467077702793,2019-07-22T12:32:16Z,46.38646667,13.10450000,1901.00,113.772
2735,2,1012,1037.195371842966,-2113.467077702793,2019-07-22T12:32:17Z,46.38660000,13.10435000,1899.00,113.755
2736,2,1013,1038.195371842966,-2112.467077702793,2019-07-22T12:32:18Z,46.38673333,13.10420000,1896.00,113.738
2737,2,1014,1039.195371842966,-2111.467077702793,2019-07-22T12:32:19Z,46.38688333,13.10405000,1892.00,113.719
2738,2,1015,1040.195371842966,-2110.467077702793,2019-07-22T12:32:20Z,46.38701667,13.10390000,1889.00,113.702
2739,2,1016,1041.195371842966,-2109.467077702793,2019-07-22T12:32:21Z,46.38716667,13.10375000,1886.00,113.683
2740,2,1017,1042.195371842966,-2108.467077702793,2019-07-22T12:32:22Z,46.38731667,13.10360000,1883.00,113.664
2741,2,1018,1043.195371842966,-2107.467077702793,2019-07-22T12:32:23Z,46.38745000,13.10345000,1881.00,113.647
2742,2,1019,1044.195371842966,-2106.467077702793,2019-07-22T12:32:24Z,46.38760000,13.10328333,1878.00,113.628
2743,2,1020,1045.195371842966,-2105.467077702793,2019-07-22T12:32:25Z,46.38773333,13.10313333,1876.00,113.611
2744,2,1021,1046.195371842966,-2104.467077702793,2019-07-22T12:32:26Z,46.38786667,13.10298333,1876.00,113.594
2745,2,1022,1047.195371842966,-2103.467077702793,2019-07-22T12:32:27Z,46.38800000,13.10283333,1873.00,113.577
2746,2,1023,1048.195371842966,-2102.467077702793,2019-07-22T12:32:28Z,46.38813333,13.10270000,1870.00,113.56
2747,2,1024,1049.195371842966,-2101.467077702793,2019-07-22T12:32:29Z,46.38828333,13.10255000,1866.00,113.541
2748,2,1025,1050.195371842966,-2100.467077702793,2019-07-22T12:32:30Z,46.38841667,13.10238333,1864.00,113.524
2749,2,1026,1051.195371842966,-2099.467077702793,2019-07-22T12:32:31Z,46.38855000,13.10223333,1861.00,113.506
2750,2,1027,1052.195371842966,-2098.467077702793,2019-07-22T12:32:32Z,46.38870000,13.10208333,1859.00,113.488
2751,2,1028,1053.195371842966,-2097.467077702793,2019-07-22T12:32:33Z,46.38883333,13.10193333,1858.00,113.47
2752,2,1029,1054.195371842966,-2096.467077702793,2019-07-22T12:32:34Z,46.38896667,13.10180000,1857.00,113.454
2753,2,1030,1055.195371842966,-2095.467077702793,2019-07-22T12:32:35Z,46.38911667,13.10166667,1854.00,113.435
2754,2,1031,1056.195371842966,-2094.467077702793,2019-07-22T12:32:36Z,46.38926667,13.10153333,1851.00,113.417
2755,2,1032,1057.195371842966,-2093.467077702793,2019-07-22T12:32:37Z,46.38941667,13.10140000,1850.00,113.398
2756,2,1033,1058.195371842966,-2092.467077702793,2019-07-22T12:32:38Z,46.38956667,13.10125000,1847.00,113.379
2757,2,1034,1059.195371842966,-2091.467077702793,2019-07-22T12:32:39Z,46.38971667,13.10111667,1845.00,113.36
2758,2,1035,1060.195371842966,-2090.467077702793,2019-07-22T12:32:40Z,46.38985000,13.10100000,1845.00,113.344
2759,2,1036,1061.195371842966,-2089.467077702793,2019-07-22T12:32:41Z,46.38998333,13.10086667,1845.00,113.327
2760,2,1037,1062.195371842966,-2088.467077702793,2019-07-22T12:32:42Z,46.39010000,13.10075000,1846.00,113.313
2761,2,1038,1063.195371842966,-2087.467077702793,2019-07-22T12:32:43Z,46.39020000,13.10061667,1847.00,113.299
2762,2,1039,1064.195371842966,-2086.467077702793,2019-07-22T12:32:44Z,46.39028333,13.10048333,1847.00,113.288
2763,2,1040,1065.195371842966,-2085.467077702793,2019-07-22T12:32:45Z,46.39038333,13.10033333,1847.00,113.275
2764,2,1041,1066.195371842966,-2084.467077702793,2019-07-22T12:32:46Z,46.39048333,13.10016667,1846.00,113.261
2765,2,1042,1067.195371842966,-2083.467077702793,2019-07-22T12:32:47Z,46.39058333,13.09998333,1847.00,113.247
2766,2,1043,1068.195371842966,-2082.467077702793,2019-07-22T12:32:48Z,46.39068333,13.09978333,1848.00,113.233
2767,2,1044,1069.195371842966,-2081.467077702793,2019-07-22T12:32:49Z,46.39078333,13.09960000,1850.00,113.219
2768,2,1045,1070.195371842966,-2080.467077702793,2019-07-22T12:32:50Z,46.39086667,13.09941667,1852.00,113.206
2769,2,1046,1071.195371842966,-2079.467077702793,2019-07-22T12:32:51Z,46.39096667,13.09923333,1856.00,113.192
2770,2,1047,1072.195371842966,-2078.467077702793,2019-07-22T12:32:52Z,46.39105000,13.09906667,1861.00,113.18
2771,2,1048,1073.195371842966,-2077.467077702793,2019-07-22T12:32:53Z,46.39113333,13.09890000,1866.00,113.169
2772,2,1049,1074.195371842966,-2076.467077702793,2019-07-22T12:32:54Z,46.39121667,13.09871667,1869.00,113.156
2773,2,1050,1075.195371842966,-2075.467077702793,2019-07-22T12:32:55Z,46.39128333,13.09853333,1872.00,113.146
2774,2,1051,1076.195371842966,-2074.467077702793,2019-07-22T12:32:56Z,46.39135000,13.09835000,1874.00,113.136
2775,2,1052,1077.195371842966,-2073.467077702793,2019-07-22T12:32:57Z,46.39140000,13.09815000,1876.00,113.127
2776,2,1053,1078.195371842966,-2072.467077702793,2019-07-22T12:32:58Z,46.39141667,13.09795000,1878.00,113.122
2777,2,1054,1079.195371842966,-2071.467077702793,2019-07-22T12:32:59Z,46.39141667,13.09775000,1879.00,113.118
2778,2,1055,1080.195371842966,-2070.467077702793,2019-07-22T12:33:00Z,46.39140000,13.09755000,1881.00,113.117
2779,2,1056,1081.195371842966,-2069.467077702793,2019-07-22T12:33:01Z,46.39133333,13.09736667,1883.00,113.121
2780,2,1057,1082.195371842966,-2068.467077702793,2019-07-22T12:33:02Z,46.39125000,13.09723333,1885.00,113.128
2781,2,1058,1083.195371842966,-2067.467077702793,2019-07-22T12:33:03Z,46.39115000,13.09715000,1887.00,113.137
2782,2,1059,1084.195371842966,-2066.467077702793,2019-07-22T12:33:04Z,46.39105000,13.09711667,1889.00,113.148
2783,2,1060,1085.195371842966,-2065.467077702793,2019-07-22T12:33:05Z,46.39093333,13.09711667,1890.00,113.16
2784,2,1061,1086.195371842966,-2064.467077702793,2019-07-22T12:33:06Z,46.39081667,13.09720000,1890.00,113.174
2785,2,1062,1087.195371842966,-2063.467077702793,2019-07-22T12:33:07Z,46.39073333,13.09731667,1890.00,113.185
2786,2,1063,1088.195371842966,-2062.467077702793,2019-07-22T12:33:08Z,46.39066667,13.09748333,1892.00,113.195
2787,2,1064,1089.195371842966,-2061.467077702793,2019-07-22T12:33:09Z,46.39061667,13.09768333,1894.00,113.204
2788,2,1065,1090.195371842966,-2060.467077702793,2019-07-22T12:33:10Z,46.39061667,13.09788333,1896.00,113.207
2789,2,1066,1091.195371842966,-2059.467077702793,2019-07-22T12:33:11Z,46.39065000,13.09806667,1898.00,113.207
2790,2,1067,1092.195371842966,-2058.467077702793,2019-07-22T12:33:12Z,46.39070000,13.09825000,1899.00,113.205
2791,2,1068,1093.195371842966,-2057.467077702793,2019-07-22T12:33:13Z,46.39080000,13.09841667,1901.00,113.197
2792,2,1069,1094.195371842966,-2056.467077702793,2019-07-22T12:33:14Z,46.39090000,13.09855000,1901.00,113.188
2793,2,1070,1095.195371842966,-2055.467077702793,2019-07-22T12:33:15Z,46.39103333,13.09868333,1901.00,113.176
2794,2,1071,1096.195371842966,-2054.467077702793,2019-07-22T12:33:16Z,46.39120000,13.09878333,1903.00,113.159
2795,2,1072,1097.195371842966,-2053.467077702793,2019-07-22T12:33:17Z,46.39135000,13.09886667,1906.00,113.145
2796,2,1073,1098.195371842966,-2052.467077702793,2019-07-22T12:33:18Z,46.39151667,13.09890000,1908.00,113.127
2797,2,1074,1099.195371842966,-2051.467077702793,2019-07-22T12:33:19Z,46.39168333,13.09888333,1910.00,113.109
2798,2,1075,1100.195371842966,-2050.467077702793,2019-07-22T12:33:20Z,46.39183333,13.09883333,1913.00,113.092
2799,2,1076,1101.195371842966,-2049.467077702793,2019-07-22T12:33:21Z,46.39198333,13.09875000,1915.00,113.074
2800,2,1077,1102.195371842966,-2048.467077702793,2019-07-22T12:33:22Z,46.39211667,13.09863333,1917.00,113.057
2801,2,1078,1103.195371842966,-2047.467077702793,2019-07-22T12:33:23Z,46.39223333,13.09848333,1919.00,113.042
2802,2,1079,1104.195371842966,-2046.467077702793,2019-07-22T12:33:24Z,46.39231667,13.09831667,1920.00,113.03
2803,2,1080,1105.195371842966,-2045.467077702793,2019-07-22T12:33:25Z,46.39240000,13.09813333,1922.00,113.018
2804,2,1081,1106.195371842966,-2044.467077702793,2019-07-22T12:33:26Z,46.39245000,13.09795000,1925.00,113.01
2805,2,1082,1107.195371842966,-2043.467077702793,2019-07-22T12:33:27Z,46.39251667,13.09776667,1929.00,112.999
2806,2,1083,1108.195371842966,-2042.467077702793,2019-07-22T12:33:28Z,46.39256667,13.09758333,1932.00,112.991
2807,2,1084,1109.195371842966,-2041.467077702793,2019-07-22T12:33:29Z,46.39260000,13.09740000,1936.00,112.984
2808,2,1085,1110.195371842966,-2040.467077702793,2019-07-22T12:33:30Z,46.39261667,13.09721667,1940.00,112.979
2809,2,1086,1111.195371842966,-2039.467077702793,2019-07-22T12:33:31Z,46.39263333,13.09701667,1942.00,112.974
2810,2,1087,1112.195371842966,-2038.467077702793,2019-07-22T12:33:32Z,46.39265000,13.09683333,1944.00,112.969
2811,2,1088,1113.195371842966,-2037.467077702793,2019-07-22T12:33:33Z,46.39263333,13.09663333,1948.00,112.968
2812,2,1089,1114.195371842966,-2036.467077702793,2019-07-22T12:33:34Z,46.39258333,13.09645000,1951.00,112.97
2813,2,1090,1115.195371842966,-2035.467077702793,2019-07-22T12:33:35Z,46.39253333,13.09628333,1954.00,112.973
2814,2,1091,1116.195371842966,-2034.467077702793,2019-07-22T12:33:36Z,46.39245000,13.09615000,1956.00,112.98
2815,2,1092,1117.195371842966,-2033.467077702793,2019-07-22T12:33:37Z,46.39235000,13.09603333,1960.00,112.989
2816,2,1093,1118.195371842966,-2032.467077702793,2019-07-22T12:33:38Z,46.39223333,13.09596667,1963.00,113.0
2817,2,1094,1119.195371842966,-2031.467077702793,2019-07-22T12:33:39Z,46.39211667,13.09595000,1965.00,113.013
2818,2,1095,1120.195371842966,-2030.467077702793,2019-07-22T12:33:40Z,46.39200000,13.09600000,1967.00,113.026
2819,2,1096,1121.195371842966,-2029.467077702793,2019-07-22T12:33:41Z,46.39188333,13.09608333,1970.00,113.04
2820,2,1097,1122.195371842966,-2028.467077702793,2019-07-22T12:33:42Z,46.39181667,13.09621667,1972.00,113.05
2821,2,1098,1123.195371842966,-2027.467077702793,2019-07-22T12:33:43Z,46.39176667,13.09636667,1975.00,113.057
2822,2,1099,1124.195371842966,-2026.467077702793,2019-07-22T12:33:44Z,46.39175000,13.09653333,1977.00,113.062
2823,2,1100,1125.195371842966,-2025.467077702793,2019-07-22T12:33:45Z,46.39176667,13.09671667,1977.00,113.063
2824,2,1101,1126.195371842966,-2024.467077702793,2019-07-22T12:33:46Z,46.39181667,13.09690000,1977.00,113.061
2825,2,1102,1127.195371842966,-2023.467077702793,2019-07-22T12:33:47Z,46.39188333,13.09708333,1977.00,113.057
2826,2,1103,1128.195371842966,-2022.467077702793,2019-07-22T12:33:48Z,46.39198333,13.09725000,1978.00,113.049
2827,2,1104,1129.195371842966,-2021.467077702793,2019-07-22T12:33:49Z,46.39211667,13.09738333,1979.00,113.036
2828,2,1105,1130.195371842966,-2020.467077702793,2019-07-22T12:33:50Z,46.39226667,13.09748333,1980.00,113.022
2829,2,1106,1131.195371842966,-2019.467077702793,2019-07-22T12:33:51Z,46.39243333,13.09753333,1981.00,113.004
2830,2,1107,1132.195371842966,-2018.467077702793,2019-07-22T12:33:52Z,46.39260000,13.09753333,1983.00,112.986
2831,2,1108,1133.195371842966,-2017.467077702793,2019-07-22T12:33:53Z,46.39276667,13.09746667,1985.00,112.967
2832,2,1109,1134.195371842966,-2016.467077702793,2019-07-22T12:33:54Z,46.39291667,13.09733333,1988.00,112.949
2833,2,1110,1135.195371842966,-2015.467077702793,2019-07-22T12:33:55Z,46.39303333,13.09718333,1991.00,112.933
2834,2,1111,1136.195371842966,-2014.467077702793,2019-07-22T12:33:56Z,46.39313333,13.09701667,1995.00,112.92
2835,2,1112,1137.195371842966,-2013.467077702793,2019-07-22T12:33:57Z,46.39318333,13.09683333,1998.00,112.911
2836,2,1113,1138.195371842966,-2012.467077702793,2019-07-22T12:33:58Z,46.39321667,13.09665000,2001.00,112.905
2837,2,1114,1139.195371842966,-2011.467077702793,2019-07-22T12:33:59Z,46.39320000,13.09646667,2003.00,112.903
2838,2,1115,1140.195371842966,-2010.467077702793,2019-07-22T12:34:00Z,46.39316667,13.09630000,2004.00,112.904
2839,2,1116,1141.195371842966,-2009.467077702793,2019-07-22T12:34:01Z,46.39308333,13.09613333,2005.00,112.911
2840,2,1117,1142.195371842966,-2008.467077702793,2019-07-22T12:34:02Z,46.39298333,13.09603333,2007.00,112.92
2841,2,1118,1143.195371842966,-2007.467077702793,2019-07-22T12:34:03Z,46.39286667,13.09598333,2009.00,112.932
2842,2,1119,1144.195371842966,-2006.467077702793,2019-07-22T12:34:04Z,46.39275000,13.09596667,2012.00,112.944
2843,2,1120,1145.195371842966,-2005.467077702793,2019-07-22T12:34:05Z,46.39263333,13.09601667,2015.00,112.958
2844,2,1121,1146.195371842966,-2004.467077702793,2019-07-22T12:34:06Z,46.39253333,13.09611667,2018.00,112.97
2845,2,1122,1147.195371842966,-2003.467077702793,2019-07-22T12:34:07Z,46.39245000,13.09625000,2021.00,112.981
2846,2,1123,1148.195371842966,-2002.467077702793,2019-07-22T12:34:08Z,46.39240000,13.09640000,2025.00,112.989
2847,2,1124,1149.195371842966,-2001.467077702793,2019-07-22T12:34:09Z,46.39238333,13.09656667,2028.00,112.994
2848,2,1125,1150.195371842966,-2000.467077702793,2019-07-22T12:34:10Z,46.39238333,13.09675000,2031.00,112.997
2849,2,1126,1151.195371842966,-1999.467077702793,2019-07-22T12:34:11Z,46.39243333,13.09691667,2033.00,112.994
2850,2,1127,1152.195371842966,-1998.467077702793,2019-07-22T12:34:12Z,46.39251667,13.09708333,2034.00,112.988
2851,2,1128,1153.195371842966,-1997.467077702793,2019-07-22T12:34:13Z,46.39261667,13.09723333,2033.00,112.98
2852,2,1129,1154.195371842966,-1996.467077702793,2019-07-22T12:34:14Z,46.39275000,13.09736667,2033.00,112.967
2853,2,1130,1155.195371842966,-1995.467077702793,2019-07-22T12:34:15Z,46.39290000,13.09745000,2034.00,112.952
2854,2,1131,1156.195371842966,-1994.467077702793,2019-07-22T12:34:16Z,46.39305000,13.09746667,2037.00,112.936
2855,2,1132,1157.195371842966,-1993.467077702793,2019-07-22T12:34:17Z,46.39320000,13.09745000,2040.00,112.92
2856,2,1133,1158.195371842966,-1992.467077702793,2019-07-22T12:34:18Z,46.39335000,13.09738333,2043.00,112.902
2857,2,1134,1159.195371842966,-1991.467077702793,2019-07-22T12:34:19Z,46.39348333,13.09726667,2046.00,112.886
2858,2,1135,1160.195371842966,-1990.467077702793,2019-07-22T12:34:20Z,46.39360000,13.09711667,2049.00,112.871
2859,2,1136,1161.195371842966,-1989.467077702793,2019-07-22T12:34:21Z,46.39366667,13.09695000,2050.00,112.861
2860,2,1137,1162.195371842966,-1988.467077702793,2019-07-22T12:34:22Z,46.39370000,13.09676667,2052.00,112.854
2861,2,1138,1163.195371842966,-1987.467077702793,2019-07-22T12:34:23Z,46.39370000,13.09658333,2054.00,112.851
2862,2,1139,1164.195371842966,-1986.467077702793,2019-07-22T12:34:24Z,46.39365000,13.09641667,2054.00,112.854
2863,2,1140,1165.195371842966,-1985.467077702793,2019-07-22T12:34:25Z,46.39358333,13.09628333,2056.00,112.859
2864,2,1141,1166.195371842966,-1984.467077702793,2019-07-22T12:34:26Z,46.39346667,13.09618333,2056.00,112.87
2865,2,1142,1167.195371842966,-1983.467077702793,2019-07-22T12:34:27Z,46.39333333,13.09613333,2058.00,112.883
2866,2,1143,1168.195371842966,-1982.467077702793,2019-07-22T12:34:28Z,46.39320000,13.09613333,2059.00,112.898
2867,2,1144,1169.195371842966,-1981.467077702793,2019-07-22T12:34:29Z,46.39308333,13.09620000,2061.00,112.912
2868,2,1145,1170.195371842966,-1980.467077702793,2019-07-22T12:34:30Z,46.39298333,13.09630000,2064.00,112.924
2869,2,1146,1171.195371842966,-1979.467077702793,2019-07-22T12:34:31Z,46.39291667,13.09643333,2067.00,112.934
2870,2,1147,1172.195371842966,-1978.467077702793,2019-07-22T12:34:32Z,46.39290000,13.09660000,2070.00,112.938
2871,2,1148,1173.195371842966,-1977.467077702793,2019-07-22T12:34:33Z,46.39290000,13.09676667,2072.00,112.941
2872,2,1149,1174.195371842966,-1976.467077702793,2019-07-22T12:34:34Z,46.39293333,13.09695000,2074.00,112.94
2873,2,1150,1175.195371842966,-1975.467077702793,2019-07-22T12:34:35Z,46.39301667,13.09711667,2074.00,112.934
2874,2,1151,1176.195371842966,-1974.467077702793,2019-07-22T12:34:36Z,46.39311667,13.09728333,2074.00,112.926
2875,2,1152,1177.195371842966,-1973.467077702793,2019-07-22T12:34:37Z,46.39325000,13.09741667,2074.00,112.914
2876,2,1153,1178.195371842966,-1972.467077702793,2019-07-22T12:34:38Z,46.39341667,13.09750000,2075.00,112.897
2877,2,1154,1179.195371842966,-1971.467077702793,2019-07-22T12:34:39Z,46.39360000,13.09750000,2075.00,112.877
2878,2,1155,1180.195371842966,-1970.467077702793,2019-07-22T12:34:40Z,46.39376667,13.09745000,2076.00,112.858
2879,2,1156,1181.195371842966,-1969.467077702793,2019-07-22T12:34:41Z,46.39390000,13.09733333,2079.00,112.842
2880,2,1157,1182.195371842966,-1968.467077702793,2019-07-22T12:34:42Z,46.39400000,13.09720000,2082.00,112.829
2881,2,1158,1183.195371842966,-1967.467077702793,2019-07-22T12:34:43Z,46.39408333,13.09705000,2085.00,112.817
2882,2,1159,1184.195371842966,-1966.467077702793,2019-07-22T12:34:44Z,46.39411667,13.09688333,2088.00,112.811
2883,2,1160,1185.195371842966,-1965.467077702793,2019-07-22T12:34:45Z,46.39413333,13.09673333,2090.00,112.807
2884,2,1161,1186.195371842966,-1964.467077702793,2019-07-22T12:34:46Z,46.39413333,13.09656667,2091.00,112.804
2885,2,1162,1187.195371842966,-1963.467077702793,2019-07-22T12:34:47Z,46.39408333,13.09640000,2091.00,112.806
2886,2,1163,1188.195371842966,-1962.467077702793,2019-07-22T12:34:48Z,46.39401667,13.09625000,2091.00,112.811
2887,2,1164,1189.195371842966,-1961.467077702793,2019-07-22T12:34:49Z,46.39393333,13.09611667,2091.00,112.818
2888,2,1165,1190.195371842966,-1960.467077702793,2019-07-22T12:34:50Z,46.39381667,13.09601667,2090.00,112.829
2889,2,1166,1191.195371842966,-1959.467077702793,2019-07-22T12:34:51Z,46.39368333,13.09596667,2089.00,112.843
2890,2,1167,1192.195371842966,-1958.467077702793,2019-07-22T12:34:52Z,46.39355000,13.09595000,2091.00,112.857
2891,2,1168,1193.195371842966,-1957.467077702793,2019-07-22T12:34:53Z,46.39343333,13.09596667,2093.00,112.87
2892,2,1169,1194.195371842966,-1956.467077702793,2019-07-22T12:34:54Z,46.39331667,13.09600000,2096.00,112.883
2893,2,1170,1195.195371842966,-1955.467077702793,2019-07-22T12:34:55Z,46.39320000,13.09605000,2098.00,112.897
2894,2,1171,1196.195371842966,-1954.467077702793,2019-07-22T12:34:56Z,46.39311667,13.09611667,2100.00,112.907
2895,2,1172,1197.195371842966,-1953.467077702793,2019-07-22T12:34:57Z,46.39303333,13.09618333,2099.00,112.917
2896,2,1173,1198.195371842966,-1952.467077702793,2019-07-22T12:34:58Z,46.39295000,13.09628333,2101.00,112.928
2897,2,1174,1199.195371842966,-1951.467077702793,2019-07-22T12:34:59Z,46.39286667,13.09638333,2102.00,112.938
2898,2,1175,1200.195371842966,-1950.467077702793,2019-07-22T12:35:00Z,46.39278333,13.09650000,2104.00,112.949
2899,2,1176,1201.195371842966,-1949.467077702793,2019-07-22T12:35:01Z,46.39270000,13.09660000,2105.00,112.96
2900,2,1177,1202.195371842966,-1948.467077702793,2019-07-22T12:35:02Z,46.39261667,13.09670000,2107.00,112.971
2901,2,1178,1203.195371842966,-1947.467077702793,2019-07-22T12:35:03Z,46.39255000,13.09681667,2109.00,112.98
2902,2,1179,1204.195371842966,-1946.467077702793,2019-07-22T12:35:04Z,46.39248333,13.09691667,2111.00,112.989
2903,2,1180,1205.195371842966,-1945.467077702793,2019-07-22T12:35:05Z,46.39240000,13.09703333,2112.00,113.0
2904,2,1181,1206.195371842966,-1944.467077702793,2019-07-22T12:35:06Z,46.39235000,13.09718333,2113.00,113.008
2905,2,1182,1207.195371842966,-1943.467077702793,2019-07-22T12:35:07Z,46.39228333,13.09735000,2114.00,113.018
2906,2,1183,1208.195371842966,-1942.467077702793,2019-07-22T12:35:08Z,46.39225000,13.09753333,2114.00,113.024
2907,2,1184,1209.195371842966,-1941.467077702793,2019-07-22T12:35:09Z,46.39223333,13.09773333,2116.00,113.03
2908,2,1185,1210.195371842966,-1940.467077702793,2019-07-22T12:35:10Z,46.39225000,13.09793333,2118.00,113.031
2909,2,1186,1211.195371842966,-1939.467077702793,2019-07-22T12:35:11Z,46.39226667,13.09813333,2119.00,113.033
2910,2,1187,1212.195371842966,-1938.467077702793,2019-07-22T12:35:12Z,46.39231667,13.09831667,2120.00,113.03
2911,2,1188,1213.195371842966,-1937.467077702793,2019-07-22T12:35:13Z,46.39240000,13.09848333,2121.00,113.024
2912,2,1189,1214.195371842966,-1936.467077702793,2019-07-22T12:35:14Z,46.39251667,13.09861667,2120.00,113.014
2913,2,1190,1215.195371842966,-1935.467077702793,2019-07-22T12:35:15Z,46.39268333,13.09870000,2119.00,112.997
2914,2,1191,1216.195371842966,-1934.467077702793,2019-07-22T12:35:16Z,46.39285000,13.09871667,2116.00,112.979
2915,2,1192,1217.195371842966,-1933.467077702793,2019-07-22T12:35:17Z,46.39301667,13.09863333,2113.00,112.96
2916,2,1193,1218.195371842966,-1932.467077702793,2019-07-22T12:35:18Z,46.39316667,13.09850000,2112.00,112.941
2917,2,1194,1219.195371842966,-1931.467077702793,2019-07-22T12:35:19Z,46.39330000,13.09835000,2114.00,112.924
2918,2,1195,1220.195371842966,-1930.467077702793,2019-07-22T12:35:20Z,46.39338333,13.09818333,2118.00,112.912
2919,2,1196,1221.195371842966,-1929.467077702793,2019-07-22T12:35:21Z,46.39345000,13.09801667,2121.00,112.902
2920,2,1197,1222.195371842966,-1928.467077702793,2019-07-22T12:35:22Z,46.39350000,13.09786667,2124.00,112.894
2921,2,1198,1223.195371842966,-1927.467077702793,2019-07-22T12:35:23Z,46.39353333,13.09770000,2124.00,112.888
2922,2,1199,1224.195371842966,-1926.467077702793,2019-07-22T12:35:24Z,46.39353333,13.09751667,2125.00,112.885
2923,2,1200,1225.195371842966,-1925.467077702793,2019-07-22T12:35:25Z,46.39351667,13.09735000,2125.00,112.884
2924,2,1201,1226.195371842966,-1924.467077702793,2019-07-22T12:35:26Z,46.39346667,13.09718333,2126.00,112.886
2925,2,1202,1227.195371842966,-1923.467077702793,2019-07-22T12:35:27Z,46.39340000,13.09703333,2128.00,112.891
2926,2,1203,1228.195371842966,-1922.467077702793,2019-07-22T12:35:28Z,46.39331667,13.09691667,2130.00,112.898
2927,2,1204,1229.195371842966,-1921.467077702793,2019-07-22T12:35:29Z,46.39321667,13.09683333,2132.00,112.908
2928,2,1205,1230.195371842966,-1920.467077702793,2019-07-22T12:35:30Z,46.39310000,13.09680000,2134.00,112.92
2929,2,1206,1231.195371842966,-1919.467077702793,2019-07-22T12:35:31Z,46.39300000,13.09686667,2136.00,112.932
2930,2,1207,1232.195371842966,-1918.467077702793,2019-07-22T12:35:32Z,46.39291667,13.09700000,2137.00,112.943
2931,2,1208,1233.195371842966,-1917.467077702793,2019-07-22T12:35:33Z,46.39288333,13.09718333,2138.00,112.95
2932,2,1209,1234.195371842966,-1916.467077702793,2019-07-22T12:35:34Z,46.39290000,13.09740000,2138.00,112.952
2933,2,1210,1235.195371842966,-1915.467077702793,2019-07-22T12:35:35Z,46.39295000,13.09761667,2139.00,112.95
2934,2,1211,1236.195371842966,-1914.467077702793,2019-07-22T12:35:36Z,46.39305000,13.09780000,2142.00,112.942
2935,2,1212,1237.195371842966,-1913.467077702793,2019-07-22T12:35:37Z,46.39316667,13.09795000,2146.00,112.932
2936,2,1213,1238.195371842966,-1912.467077702793,2019-07-22T12:35:38Z,46.39330000,13.09805000,2148.00,112.919
2937,2,1214,1239.195371842966,-1911.467077702793,2019-07-22T12:35:39Z,46.39345000,13.09808333,2150.00,112.904
2938,2,1215,1240.195371842966,-1910.467077702793,2019-07-22T12:35:40Z,46.39361667,13.09805000,2152.00,112.885
2939,2,1216,1241.195371842966,-1909.467077702793,2019-07-22T12:35:41Z,46.39375000,13.09793333,2153.00,112.868
2940,2,1217,1242.195371842966,-1908.467077702793,2019-07-22T12:35:42Z,46.39386667,13.09776667,2154.00,112.853
2941,2,1218,1243.195371842966,-1907.467077702793,2019-07-22T12:35:43Z,46.39395000,13.09758333,2155.00,112.841
2942,2,1219,1244.195371842966,-1906.467077702793,2019-07-22T12:35:44Z,46.39398333,13.09740000,2155.00,112.834
2943,2,1220,1245.195371842966,-1905.467077702793,2019-07-22T12:35:45Z,46.39400000,13.09720000,2156.00,112.829
2944,2,1221,1246.195371842966,-1904.467077702793,2019-07-22T12:35:46Z,46.39396667,13.09701667,2156.00,112.829
2945,2,1222,1247.195371842966,-1903.467077702793,2019-07-22T12:35:47Z,46.39391667,13.09683333,2156.00,112.832
2946,2,1223,1248.195371842966,-1902.467077702793,2019-07-22T12:35:48Z,46.39385000,13.09666667,2157.00,112.836
2947,2,1224,1249.195371842966,-1901.467077702793,2019-07-22T12:35:49Z,46.39378333,13.09651667,2158.00,112.841
2948,2,1225,1250.195371842966,-1900.467077702793,2019-07-22T12:35:50Z,46.39368333,13.09638333,2159.00,112.85
2949,2,1226,1251.195371842966,-1899.467077702793,2019-07-22T12:35:51Z,46.39360000,13.09626667,2160.00,112.857
2950,2,1227,1252.195371842966,-1898.467077702793,2019-07-22T12:35:52Z,46.39350000,13.09615000,2163.00,112.866
2951,2,1228,1253.195371842966,-1897.467077702793,2019-07-22T12:35:53Z,46.39341667,13.09605000,2166.00,112.873
2952,2,1229,1254.195371842966,-1896.467077702793,2019-07-22T12:35:54Z,46.39331667,13.09598333,2169.00,112.883
2953,2,1230,1255.195371842966,-1895.467077702793,2019-07-22T12:35:55Z,46.39320000,13.09596667,2173.00,112.895
2954,2,1231,1256.195371842966,-1894.467077702793,2019-07-22T12:35:56Z,46.39310000,13.09600000,2175.00,112.907
2955,2,1232,1257.195371842966,-1893.467077702793,2019-07-22T12:35:57Z,46.39300000,13.09610000,2177.00,112.919
2956,2,1233,1258.195371842966,-1892.467077702793,2019-07-22T12:35:58Z,46.39293333,13.09625000,2177.00,112.929
2957,2,1234,1259.195371842966,-1891.467077702793,2019-07-22T12:35:59Z,46.39291667,13.09645000,2177.00,112.934
2958,2,1235,1260.195371842966,-1890.467077702793,2019-07-22T12:36:00Z,46.39293333,13.09666667,2178.00,112.936
2959,2,1236,1261.195371842966,-1889.467077702793,2019-07-22T12:36:01Z,46.39298333,13.09688333,2179.00,112.934
2960,2,1237,1262.195371842966,-1888.467077702793,2019-07-22T12:36:02Z,46.39308333,13.09705000,2181.00,112.926
2961,2,1238,1263.195371842966,-1887.467077702793,2019-07-22T12:36:03Z,46.39321667,13.09718333,2182.00,112.914
2962,2,1239,1264.195371842966,-1886.467077702793,2019-07-22T12:36:04Z,46.39336667,13.09726667,2183.00,112.899
2963,2,1240,1265.195371842966,-1885.467077702793,2019-07-22T12:36:05Z,46.39355000,13.09728333,2183.00,112.879
2964,2,1241,1266.195371842966,-1884.467077702793,2019-07-22T12:36:06Z,46.39371667,13.09725000,2182.00,112.86
2965,2,1242,1267.195371842966,-1883.467077702793,2019-07-22T12:36:07Z,46.39388333,13.09715000,2183.00,112.841
2966,2,1243,1268.195371842966,-1882.467077702793,2019-07-22T12:36:08Z,46.39405000,13.09703333,2183.00,112.821
2967,2,1244,1269.195371842966,-1881.467077702793,2019-07-22T12:36:09Z,46.39418333,13.09690000,2186.00,112.804
2968,2,1245,1270.195371842966,-1880.467077702793,2019-07-22T12:36:10Z,46.39431667,13.09678333,2188.00,112.788
2969,2,1246,1271.195371842966,-1879.467077702793,2019-07-22T12:36:11Z,46.39445000,13.09665000,2191.00,112.771
2970,2,1247,1272.195371842966,-1878.467077702793,2019-07-22T12:36:12Z,46.39455000,13.09651667,2194.00,112.758
2971,2,1248,1273.195371842966,-1877.467077702793,2019-07-22T12:36:13Z,46.39466667,13.09638333,2195.00,112.743
2972,2,1249,1274.195371842966,-1876.467077702793,2019-07-22T12:36:14Z,46.39476667,13.09623333,2197.00,112.729
2973,2,1250,1275.195371842966,-1875.467077702793,2019-07-22T12:36:15Z,46.39488333,13.09608333,2197.00,112.714
2974,2,1251,1276.195371842966,-1874.467077702793,2019-07-22T12:36:16Z,46.39498333,13.09593333,2197.00,112.701
2975,2,1252,1277.195371842966,-1873.467077702793,2019-07-22T12:36:17Z,46.39508333,13.09578333,2197.00,112.688
2976,2,1253,1278.195371842966,-1872.467077702793,2019-07-22T12:36:18Z,46.39518333,13.09563333,2197.00,112.674
2977,2,1254,1279.195371842966,-1871.467077702793,2019-07-22T12:36:19Z,46.39530000,13.09546667,2197.00,112.659
2978,2,1255,1280.195371842966,-1870.467077702793,2019-07-22T12:36:20Z,46.39540000,13.09528333,2197.00,112.645
2979,2,1256,1281.195371842966,-1869.467077702793,2019-07-22T12:36:21Z,46.39548333,13.09508333,2195.00,112.633
2980,2,1257,1282.195371842966,-1868.467077702793,2019-07-22T12:36:22Z,46.39558333,13.09490000,2195.00,112.619
2981,2,1258,1283.195371842966,-1867.467077702793,2019-07-22T12:36:23Z,46.39565000,13.09471667,2195.00,112.609
2982,2,1259,1284.195371842966,-1866.467077702793,2019-07-22T12:36:24Z,46.39573333,13.09453333,2196.00,112.597
2983,2,1260,1285.195371842966,-1865.467077702793,2019-07-22T12:36:25Z,46.39581667,13.09436667,2195.00,112.585
2984,2,1261,1286.195371842966,-1864.467077702793,2019-07-22T12:36:26Z,46.39588333,13.09420000,2194.00,112.575
2985,2,1262,1287.195371842966,-1863.467077702793,2019-07-22T12:36:27Z,46.39596667,13.09405000,2194.00,112.563
2986,2,1263,1288.195371842966,-1862.467077702793,2019-07-22T12:36:28Z,46.39603333,13.09390000,2191.00,112.554
2987,2,1264,1289.195371842966,-1861.467077702793,2019-07-22T12:36:29Z,46.39611667,13.09375000,2190.00,112.542
2988,2,1265,1290.195371842966,-1860.467077702793,2019-07-22T12:36:30Z,46.39620000,13.09361667,2190.00,112.531
2989,2,1266,1291.195371842966,-1859.467077702793,2019-07-22T12:36:31Z,46.39628333,13.09348333,2190.00,112.52
2990,2,1267,1292.195371842966,-1858.467077702793,2019-07-22T12:36:32Z,46.39636667,13.09335000,2190.00,112.509
2991,2,1268,1293.195371842966,-1857.467077702793,2019-07-22T12:36:33Z,46.39643333,13.09321667,2188.00,112.499
2992,2,1269,1294.195371842966,-1856.467077702793,2019-07-22T12:36:34Z,46.39651667,13.09306667,2186.00,112.488
2993,2,1270,1295.195371842966,-1855.467077702793,2019-07-22T12:36:35Z,46.39658333,13.09291667,2185.00,112.478
2994,2,1271,1296.195371842966,-1854.467077702793,2019-07-22T12:36:36Z,46.39668333,13.09276667,2184.00,112.465
2995,2,1272,1297.195371842966,-1853.467077702793,2019-07-22T12:36:37Z,46.39680000,13.09261667,2182.00,112.45
2996,2,1273,1298.195371842966,-1852.467077702793,2019-07-22T12:36:38Z,46.39691667,13.09246667,2180.00,112.435
2997,2,1274,1299.195371842966,-1851.467077702793,2019-07-22T12:36:39Z,46.39705000,13.09231667,2178.00,112.418
2998,2,1275,1300.195371842966,-1850.467077702793,2019-07-22T12:36:40Z,46.39715000,13.09216667,2178.00,112.405
2999,2,1276,1301.195371842966,-1849.467077702793,2019-07-22T12:36:41Z,46.39725000,13.09200000,2177.00,112.391
3000,2,1277,1302.195371842966,-1848.467077702793,2019-07-22T12:36:42Z,46.39733333,13.09185000,2177.00,112.38
3001,2,1278,1303.195371842966,-1847.467077702793,2019-07-22T12:36:43Z,46.39741667,13.09166667,2175.00,112.368
3002,2,1279,1304.195371842966,-1846.467077702793,2019-07-22T12:36:44Z,46.39750000,13.09150000,2173.00,112.356
3003,2,1280,1305.195371842966,-1845.467077702793,2019-07-22T12:36:45Z,46.39758333,13.09131667,2169.00,112.344
3004,2,1281,1306.195371842966,-1844.467077702793,2019-07-22T12:36:46Z,46.39766667,13.09113333,2166.00,112.332
3005,2,1282,1307.195371842966,-1843.467077702793,2019-07-22T12:36:47Z,46.39775000,13.09093333,2163.00,112.32
3006,2,1283,1308.195371842966,-1842.467077702793,2019-07-22T12:36:48Z,46.39783333,13.09075000,2160.00,112.308
3007,2,1284,1309.195371842966,-1841.467077702793,2019-07-22T12:36:49Z,46.39791667,13.09055000,2157.00,112.296
3008,2,1285,1310.195371842966,-1840.467077702793,2019-07-22T12:36:50Z,46.39798333,13.09035000,2154.00,112.286
3009,2,1286,1311.195371842966,-1839.467077702793,2019-07-22T12:36:51Z,46.39806667,13.09016667,2153.00,112.274
3010,2,1287,1312.195371842966,-1838.467077702793,2019-07-22T12:36:52Z,46.39813333,13.08996667,2151.00,112.264
3011,2,1288,1313.195371842966,-1837.467077702793,2019-07-22T12:36:53Z,46.39818333,13.08978333,2150.00,112.255
3012,2,1289,1314.195371842966,-1836.467077702793,2019-07-22T12:36:54Z,46.39825000,13.08960000,2146.00,112.245
3013,2,1290,1315.195371842966,-1835.467077702793,2019-07-22T12:36:55Z,46.39831667,13.08940000,2143.00,112.235
3014,2,1291,1316.195371842966,-1834.467077702793,2019-07-22T12:36:56Z,46.39836667,13.08920000,2140.00,112.227
3015,2,1292,1317.195371842966,-1833.467077702793,2019-07-22T12:36:57Z,46.39843333,13.08900000,2137.00,112.216
3016,2,1293,1318.195371842966,-1832.467077702793,2019-07-22T12:36:58Z,46.39850000,13.08880000,2133.00,112.206
3017,2,1294,1319.195371842966,-1831.467077702793,2019-07-22T12:36:59Z,46.39858333,13.08860000,2130.00,112.194
3018,2,1295,1320.195371842966,-1830.467077702793,2019-07-22T12:37:00Z,46.39866667,13.08840000,2125.00,112.182
3019,2,1296,1321.195371842966,-1829.467077702793,2019-07-22T12:37:01Z,46.39875000,13.08820000,2121.00,112.17
3020,2,1297,1322.195371842966,-1828.467077702793,2019-07-22T12:37:02Z,46.39885000,13.08800000,2119.00,112.156
3021,2,1298,1323.195371842966,-1827.467077702793,2019-07-22T12:37:03Z,46.39895000,13.08783333,2117.00,112.143
3022,2,1299,1324.195371842966,-1826.467077702793,2019-07-22T12:37:04Z,46.39905000,13.08765000,2116.00,112.129
3023,2,1300,1325.195371842966,-1825.467077702793,2019-07-22T12:37:05Z,46.39913333,13.08746667,2116.00,112.118
3024,2,1301,1326.195371842966,-1824.467077702793,2019-07-22T12:37:06Z,46.39921667,13.08730000,2114.00,112.106
3025,2,1302,1327.195371842966,-1823.467077702793,2019-07-22T12:37:07Z,46.39930000,13.08711667,2111.00,112.094
3026,2,1303,1328.195371842966,-1822.467077702793,2019-07-22T12:37:08Z,46.39938333,13.08693333,2109.00,112.083
3027,2,1304,1329.195371842966,-1821.467077702793,2019-07-22T12:37:09Z,46.39948333,13.08673333,2106.00,112.069
3028,2,1305,1330.195371842966,-1820.467077702793,2019-07-22T12:37:10Z,46.39958333,13.08655000,2103.00,112.055
3029,2,1306,1331.195371842966,-1819.467077702793,2019-07-22T12:37:11Z,46.39970000,13.08633333,2100.00,112.039
3030,2,1307,1332.195371842966,-1818.467077702793,2019-07-22T12:37:12Z,46.39981667,13.08611667,2098.00,112.024
3031,2,1308,1333.195371842966,-1817.467077702793,2019-07-22T12:37:13Z,46.39991667,13.08590000,2097.00,112.01
3032,2,1309,1334.195371842966,-1816.467077702793,2019-07-22T12:37:14Z,46.40003333,13.08568333,2096.00,111.994
3033,2,1310,1335.195371842966,-1815.467077702793,2019-07-22T12:37:15Z,46.40011667,13.08548333,2095.00,111.982
3034,2,1311,1336.195371842966,-1814.467077702793,2019-07-22T12:37:16Z,46.40021667,13.08528333,2095.00,111.968
3035,2,1312,1337.195371842966,-1813.467077702793,2019-07-22T12:37:17Z,46.40031667,13.08508333,2095.00,111.955
3036,2,1313,1338.195371842966,-1812.467077702793,2019-07-22T12:37:18Z,46.40040000,13.08488333,2094.00,111.943
3037,2,1314,1339.195371842966,-1811.467077702793,2019-07-22T12:37:19Z,46.40050000,13.08466667,2091.00,111.929
3038,2,1315,1340.195371842966,-1810.467077702793,2019-07-22T12:37:20Z,46.40058333,13.08445000,2091.00,111.917
3039,2,1316,1341.195371842966,-1809.467077702793,2019-07-22T12:37:21Z,46.40066667,13.08425000,2090.00,111.905
3040,2,1317,1342.195371842966,-1808.467077702793,2019-07-22T12:37:22Z,46.40076667,13.08401667,2088.00,111.891
3041,2,1318,1343.195371842966,-1807.467077702793,2019-07-22T12:37:23Z,46.40085000,13.08380000,2086.00,111.879
3042,2,1319,1344.195371842966,-1806.467077702793,2019-07-22T12:37:24Z,46.40096667,13.08358333,2084.00,111.863
3043,2,1320,1345.195371842966,-1805.467077702793,2019-07-22T12:37:25Z,46.40108333,13.08333333,2083.00,111.847
3044,2,1321,1346.195371842966,-1804.467077702793,2019-07-22T12:37:26Z,46.40118333,13.08311667,2080.00,111.833
3045,2,1322,1347.195371842966,-1803.467077702793,2019-07-22T12:37:27Z,46.40128333,13.08288333,2079.00,111.819
3046,2,1323,1348.195371842966,-1802.467077702793,2019-07-22T12:37:28Z,46.40136667,13.08266667,2079.00,111.807
3047,2,1324,1349.195371842966,-1801.467077702793,2019-07-22T12:37:29Z,46.40146667,13.08245000,2079.00,111.793
3048,2,1325,1350.195371842966,-1800.467077702793,2019-07-22T12:37:30Z,46.40155000,13.08221667,2080.00,111.781
3049,2,1326,1351.195371842966,-1799.467077702793,2019-07-22T12:37:31Z,46.40165000,13.08200000,2078.00,111.767
3050,2,1327,1352.195371842966,-1798.467077702793,2019-07-22T12:37:32Z,46.40175000,13.08178333,2077.00,111.754
3051,2,1328,1353.195371842966,-1797.467077702793,2019-07-22T12:37:33Z,46.40186667,13.08158333,2076.00,111.738
3052,2,1329,1354.195371842966,-1796.467077702793,2019-07-22T12:37:34Z,46.40198333,13.08140000,2075.00,111.723
3053,2,1330,1355.195371842966,-1795.467077702793,2019-07-22T12:37:35Z,46.40210000,13.08120000,2072.00,111.708
3054,2,1331,1356.195371842966,-1794.467077702793,2019-07-22T12:37:36Z,46.40221667,13.08101667,2071.00,111.693
3055,2,1332,1357.195371842966,-1793.467077702793,2019-07-22T12:37:37Z,46.40231667,13.08083333,2070.00,111.679
3056,2,1333,1358.195371842966,-1792.467077702793,2019-07-22T12:37:38Z,46.40243333,13.08066667,2070.00,111.664
3057,2,1334,1359.195371842966,-1791.467077702793,2019-07-22T12:37:39Z,46.40255000,13.08048333,2070.00,111.649
3058,2,1335,1360.195371842966,-1790.467077702793,2019-07-22T12:37:40Z,46.40268333,13.08030000,2069.00,111.632
3059,2,1336,1361.195371842966,-1789.467077702793,2019-07-22T12:37:41Z,46.40281667,13.08013333,2068.00,111.616
3060,2,1337,1362.195371842966,-1788.467077702793,2019-07-22T12:37:42Z,46.40296667,13.07998333,2066.00,111.597
3061,2,1338,1363.195371842966,-1787.467077702793,2019-07-22T12:37:43Z,46.40313333,13.07981667,2065.00,111.577
3062,2,1339,1364.195371842966,-1786.467077702793,2019-07-22T12:37:44Z,46.40330000,13.07966667,2064.00,111.557
3063,2,1340,1365.195371842966,-1785.467077702793,2019-07-22T12:37:45Z,46.40346667,13.07955000,2063.00,111.537
3064,2,1341,1366.195371842966,-1784.467077702793,2019-07-22T12:37:46Z,46.40363333,13.07943333,2064.00,111.517
3065,2,1342,1367.195371842966,-1783.467077702793,2019-07-22T12:37:47Z,46.40380000,13.07931667,2066.00,111.498
3066,2,1343,1368.195371842966,-1782.467077702793,2019-07-22T12:37:48Z,46.40395000,13.07921667,2068.00,111.48
3067,2,1344,1369.195371842966,-1781.467077702793,2019-07-22T12:37:49Z,46.40411667,13.07911667,2069.00,111.46
3068,2,1345,1370.195371842966,-1780.467077702793,2019-07-22T12:37:50Z,46.40428333,13.07903333,2069.00,111.441
3069,2,1346,1371.195371842966,-1779.467077702793,2019-07-22T12:37:51Z,46.40445000,13.07895000,2070.00,111.422
3070,2,1347,1372.195371842966,-1778.467077702793,2019-07-22T12:37:52Z,46.40461667,13.07888333,2069.00,111.403
3071,2,1348,1373.195371842966,-1777.467077702793,2019-07-22T12:37:53Z,46.40478333,13.07880000,2069.00,111.383
3072,2,1349,1374.195371842966,-1776.467077702793,2019-07-22T12:37:54Z,46.40495000,13.07875000,2068.00,111.364
3073,2,1350,1375.195371842966,-1775.467077702793,2019-07-22T12:37:55Z,46.40510000,13.07871667,2066.00,111.348
3074,2,1351,1376.195371842966,-1774.467077702793,2019-07-22T12:37:56Z,46.40525000,13.07868333,2065.00,111.331
3075,2,1352,1377.195371842966,-1773.467077702793,2019-07-22T12:37:57Z,46.40541667,13.07865000,2062.00,111.312
3076,2,1353,1378.195371842966,-1772.467077702793,2019-07-22T12:37:58Z,46.40560000,13.07860000,2059.00,111.291
3077,2,1354,1379.195371842966,-1771.467077702793,2019-07-22T12:37:59Z,46.40576667,13.07856667,2058.00,111.273
3078,2,1355,1380.195371842966,-1770.467077702793,2019-07-22T12:38:00Z,46.40595000,13.07850000,2057.00,111.252
3079,2,1356,1381.195371842966,-1769.467077702793,2019-07-22T12:38:01Z,46.40613333,13.07843333,2058.00,111.231
3080,2,1357,1382.195371842966,-1768.467077702793,2019-07-22T12:38:02Z,46.40631667,13.07836667,2059.00,111.21
3081,2,1358,1383.195371842966,-1767.467077702793,2019-07-22T12:38:03Z,46.40648333,13.07830000,2061.00,111.191
3082,2,1359,1384.195371842966,-1766.467077702793,2019-07-22T12:38:04Z,46.40665000,13.07820000,2061.00,111.171
3083,2,1360,1385.195371842966,-1765.467077702793,2019-07-22T12:38:05Z,46.40680000,13.07811667,2063.00,111.154
3084,2,1361,1386.195371842966,-1764.467077702793,2019-07-22T12:38:06Z,46.40695000,13.07801667,2064.00,111.136
3085,2,1362,1387.195371842966,-1763.467077702793,2019-07-22T12:38:07Z,46.40710000,13.07791667,2063.00,111.118
3086,2,1363,1388.195371842966,-1762.467077702793,2019-07-22T12:38:08Z,46.40723333,13.07781667,2064.00,111.102
3087,2,1364,1389.195371842966,-1761.467077702793,2019-07-22T12:38:09Z,46.40736667,13.07768333,2063.00,111.086
3088,2,1365,1390.195371842966,-1760.467077702793,2019-07-22T12:38:10Z,46.40750000,13.07755000,2063.00,111.07
3089,2,1366,1391.195371842966,-1759.467077702793,2019-07-22T12:38:11Z,46.40761667,13.07741667,2061.00,111.056
3090,2,1367,1392.195371842966,-1758.467077702793,2019-07-22T12:38:12Z,46.40775000,13.07725000,2060.00,111.039
3091,2,1368,1393.195371842966,-1757.467077702793,2019-07-22T12:38:13Z,46.40788333,13.07710000,2057.00,111.022
3092,2,1369,1394.195371842966,-1756.467077702793,2019-07-22T12:38:14Z,46.40801667,13.07693333,2056.00,111.006
3093,2,1370,1395.195371842966,-1755.467077702793,2019-07-22T12:38:15Z,46.40815000,13.07678333,2054.00,110.989
3094,2,1371,1396.195371842966,-1754.467077702793,2019-07-22T12:38:16Z,46.40828333,13.07661667,2052.00,110.973
3095,2,1372,1397.195371842966,-1753.467077702793,2019-07-22T12:38:17Z,46.40841667,13.07645000,2049.00,110.956
3096,2,1373,1398.195371842966,-1752.467077702793,2019-07-22T12:38:18Z,46.40855000,13.07630000,2046.00,110.94
3097,2,1374,1399.195371842966,-1751.467077702793,2019-07-22T12:38:19Z,46.40870000,13.07615000,2044.00,110.922
3098,2,1375,1400.195371842966,-1750.467077702793,2019-07-22T12:38:20Z,46.40883333,13.07600000,2041.00,110.905
3099,2,1376,1401.195371842966,-1749.467077702793,2019-07-22T12:38:21Z,46.40896667,13.07583333,2039.00,110.889
3100,2,1377,1402.195371842966,-1748.467077702793,2019-07-22T12:38:22Z,46.40911667,13.07566667,2038.00,110.87
3101,2,1378,1403.195371842966,-1747.467077702793,2019-07-22T12:38:23Z,46.40925000,13.07550000,2036.00,110.854
3102,2,1379,1404.195371842966,-1746.467077702793,2019-07-22T12:38:24Z,46.40938333,13.07533333,2034.00,110.837
3103,2,1380,1405.195371842966,-1745.467077702793,2019-07-22T12:38:25Z,46.40953333,13.07518333,2032.00,110.819
3104,2,1381,1406.195371842966,-1744.467077702793,2019-07-22T12:38:26Z,46.40966667,13.07503333,2030.00,110.802
3105,2,1382,1407.195371842966,-1743.467077702793,2019-07-22T12:38:27Z,46.40980000,13.07488333,2028.00,110.786
3106,2,1383,1408.195371842966,-1742.467077702793,2019-07-22T12:38:28Z,46.40991667,13.07473333,2027.00,110.772
3107,2,1384,1409.195371842966,-1741.467077702793,2019-07-22T12:38:29Z,46.41005000,13.07458333,2025.00,110.755
3108,2,1385,1410.195371842966,-1740.467077702793,2019-07-22T12:38:30Z,46.41018333,13.07445000,2023.00,110.739
3109,2,1386,1411.195371842966,-1739.467077702793,2019-07-22T12:38:31Z,46.41031667,13.07433333,2022.00,110.723
3110,2,1387,1412.195371842966,-1738.467077702793,2019-07-22T12:38:32Z,46.41046667,13.07421667,2019.00,110.705
3111,2,1388,1413.195371842966,-1737.467077702793,2019-07-22T12:38:33Z,46.41060000,13.07408333,2017.00,110.689
3112,2,1389,1414.195371842966,-1736.467077702793,2019-07-22T12:38:34Z,46.41075000,13.07395000,2015.00,110.671
3113,2,1390,1415.195371842966,-1735.467077702793,2019-07-22T12:38:35Z,46.41090000,13.07381667,2012.00,110.653
3114,2,1391,1416.195371842966,-1734.467077702793,2019-07-22T12:38:36Z,46.41105000,13.07368333,2010.00,110.635
3115,2,1392,1417.195371842966,-1733.467077702793,2019-07-22T12:38:37Z,46.41120000,13.07355000,2007.00,110.617
3116,2,1393,1418.195371842966,-1732.467077702793,2019-07-22T12:38:38Z,46.41135000,13.07341667,2005.00,110.599
3117,2,1394,1419.195371842966,-1731.467077702793,2019-07-22T12:38:39Z,46.41150000,13.07330000,2004.00,110.582
3118,2,1395,1420.195371842966,-1730.467077702793,2019-07-22T12:38:40Z,46.41163333,13.07316667,2002.00,110.565
3119,2,1396,1421.195371842966,-1729.467077702793,2019-07-22T12:38:41Z,46.41178333,13.07305000,2000.00,110.548
3120,2,1397,1422.195371842966,-1728.467077702793,2019-07-22T12:38:42Z,46.41193333,13.07293333,1998.00,110.53
3121,2,1398,1423.195371842966,-1727.467077702793,2019-07-22T12:38:43Z,46.41208333,13.07283333,1997.00,110.512
3122,2,1399,1424.195371842966,-1726.467077702793,2019-07-22T12:38:44Z,46.41223333,13.07271667,1997.00,110.494
3123,2,1400,1425.195371842966,-1725.467077702793,2019-07-22T12:38:45Z,46.41240000,13.07260000,1997.00,110.475
3124,2,1401,1426.195371842966,-1724.467077702793,2019-07-22T12:38:46Z,46.41255000,13.07248333,1996.00,110.457
3125,2,1402,1427.195371842966,-1723.467077702793,2019-07-22T12:38:47Z,46.41270000,13.07235000,1994.00,110.439
3126,2,1403,1428.195371842966,-1722.467077702793,2019-07-22T12:38:48Z,46.41286667,13.07223333,1991.00,110.42
3127,2,1404,1429.195371842966,-1721.467077702793,2019-07-22T12:38:49Z,46.41301667,13.07210000,1989.00,110.402
3128,2,1405,1430.195371842966,-1720.467077702793,2019-07-22T12:38:50Z,46.41316667,13.07198333,1984.00,110.384
3129,2,1406,1431.195371842966,-1719.467077702793,2019-07-22T12:38:51Z,46.41333333,13.07186667,1982.00,110.364
3130,2,1407,1432.195371842966,-1718.467077702793,2019-07-22T12:38:52Z,46.41348333,13.07178333,1982.00,110.347
3131,2,1408,1433.195371842966,-1717.467077702793,2019-07-22T12:38:53Z,46.41365000,13.07168333,1982.00,110.328
3132,2,1409,1434.195371842966,-1716.467077702793,2019-07-22T12:38:54Z,46.41381667,13.07161667,1980.00,110.308
3133,2,1410,1435.195371842966,-1715.467077702793,2019-07-22T12:38:55Z,46.41398333,13.07153333,1980.00,110.289
3134,2,1411,1436.195371842966,-1714.467077702793,2019-07-22T12:38:56Z,46.41415000,13.07146667,1979.00,110.27
3135,2,1412,1437.195371842966,-1713.467077702793,2019-07-22T12:38:57Z,46.41431667,13.07140000,1978.00,110.251
3136,2,1413,1438.195371842966,-1712.467077702793,2019-07-22T12:38:58Z,46.41446667,13.07133333,1977.00,110.234
3137,2,1414,1439.195371842966,-1711.467077702793,2019-07-22T12:38:59Z,46.41463333,13.07125000,1976.00,110.215
3138,2,1415,1440.195371842966,-1710.467077702793,2019-07-22T12:39:00Z,46.41478333,13.07118333,1976.00,110.197
3139,2,1416,1441.195371842966,-1709.467077702793,2019-07-22T12:39:01Z,46.41495000,13.07111667,1975.00,110.178
3140,2,1417,1442.195371842966,-1708.467077702793,2019-07-22T12:39:02Z,46.41510000,13.07105000,1974.00,110.161
3141,2,1418,1443.195371842966,-1707.467077702793,2019-07-22T12:39:03Z,46.41525000,13.07100000,1973.00,110.144
3142,2,1419,1444.195371842966,-1706.467077702793,2019-07-22T12:39:04Z,46.41541667,13.07095000,1972.00,110.125
3143,2,1420,1445.195371842966,-1705.467077702793,2019-07-22T12:39:05Z,46.41558333,13.07090000,1970.00,110.106
3144,2,1421,1446.195371842966,-1704.467077702793,2019-07-22T12:39:06Z,46.41575000,13.07085000,1969.00,110.088
3145,2,1422,1447.195371842966,-1703.467077702793,2019-07-22T12:39:07Z,46.41591667,13.07080000,1968.00,110.069
3146,2,1423,1448.195371842966,-1702.467077702793,2019-07-22T12:39:08Z,46.41606667,13.07076667,1968.00,110.052
3147,2,1424,1449.195371842966,-1701.467077702793,2019-07-22T12:39:09Z,46.41623333,13.07071667,1968.00,110.033
3148,2,1425,1450.195371842966,-1700.467077702793,2019-07-22T12:39:10Z,46.41638333,13.07066667,1966.00,110.016
3149,2,1426,1451.195371842966,-1699.467077702793,2019-07-22T12:39:11Z,46.41653333,13.07060000,1966.00,109.999
3150,2,1427,1452.195371842966,-1698.467077702793,2019-07-22T12:39:12Z,46.41670000,13.07053333,1966.00,109.98
3151,2,1428,1453.195371842966,-1697.467077702793,2019-07-22T12:39:13Z,46.41685000,13.07046667,1966.00,109.962
3152,2,1429,1454.195371842966,-1696.467077702793,2019-07-22T12:39:14Z,46.41700000,13.07041667,1964.00,109.945
3153,2,1430,1455.195371842966,-1695.467077702793,2019-07-22T12:39:15Z,46.41716667,13.07035000,1962.00,109.926
3154,2,1431,1456.195371842966,-1694.467077702793,2019-07-22T12:39:16Z,46.41731667,13.07030000,1961.00,109.909
3155,2,1432,1457.195371842966,-1693.467077702793,2019-07-22T12:39:17Z,46.41746667,13.07026667,1960.00,109.892
3156,2,1433,1458.195371842966,-1692.467077702793,2019-07-22T12:39:18Z,46.41763333,13.07021667,1959.00,109.873
3157,2,1434,1459.195371842966,-1691.467077702793,2019-07-22T12:39:19Z,46.41778333,13.07018333,1961.00,109.857
3158,2,1435,1460.195371842966,-1690.467077702793,2019-07-22T12:39:20Z,46.41795000,13.07015000,1961.00,109.838
3159,2,1436,1461.195371842966,-1689.467077702793,2019-07-22T12:39:21Z,46.41810000,13.07010000,1961.00,109.821
3160,2,1437,1462.195371842966,-1688.467077702793,2019-07-22T12:39:22Z,46.41826667,13.07006667,1960.00,109.802
3161,2,1438,1463.195371842966,-1687.467077702793,2019-07-22T12:39:23Z,46.41841667,13.07001667,1959.00,109.785
3162,2,1439,1464.195371842966,-1686.467077702793,2019-07-22T12:39:24Z,46.41858333,13.06996667,1958.00,109.766
3163,2,1440,1465.195371842966,-1685.467077702793,2019-07-22T12:39:25Z,46.41873333,13.06991667,1956.00,109.749
3164,2,1441,1466.195371842966,-1684.467077702793,2019-07-22T12:39:26Z,46.41890000,13.06986667,1956.00,109.73
3165,2,1442,1467.195371842966,-1683.467077702793,2019-07-22T12:39:27Z,46.41906667,13.06981667,1955.00,109.711
3166,2,1443,1468.195371842966,-1682.467077702793,2019-07-22T12:39:28Z,46.41923333,13.06976667,1955.00,109.693
3167,2,1444,1469.195371842966,-1681.467077702793,2019-07-22T12:39:29Z,46.41938333,13.06971667,1954.00,109.676
3168,2,1445,1470.195371842966,-1680.467077702793,2019-07-22T12:39:30Z,46.41955000,13.06966667,1953.00,109.657
3169,2,1446,1471.195371842966,-1679.467077702793,2019-07-22T12:39:31Z,46.41971667,13.06961667,1952.00,109.638
3170,2,1447,1472.195371842966,-1678.467077702793,2019-07-22T12:39:32Z,46.41988333,13.06956667,1951.00,109.619
3171,2,1448,1473.195371842966,-1677.467077702793,2019-07-22T12:39:33Z,46.42003333,13.06951667,1950.00,109.602
3172,2,1449,1474.195371842966,-1676.467077702793,2019-07-22T12:39:34Z,46.42020000,13.06946667,1949.00,109.583
3173,2,1450,1475.195371842966,-1675.467077702793,2019-07-22T12:39:35Z,46.42036667,13.06941667,1948.00,109.564
3174,2,1451,1476.195371842966,-1674.467077702793,2019-07-22T12:39:36Z,46.42051667,13.06936667,1945.00,109.547
3175,2,1452,1477.195371842966,-1673.467077702793,2019-07-22T12:39:37Z,46.42068333,13.06931667,1942.00,109.528
3176,2,1453,1478.195371842966,-1672.467077702793,2019-07-22T12:39:38Z,46.42085000,13.06928333,1939.00,109.509
3177,2,1454,1479.195371842966,-1671.467077702793,2019-07-22T12:39:39Z,46.42103333,13.06925000,1938.00,109.489
3178,2,1455,1480.195371842966,-1670.467077702793,2019-07-22T12:39:40Z,46.42120000,13.06921667,1939.00,109.47
3179,2,1456,1481.195371842966,-1669.467077702793,2019-07-22T12:39:41Z,46.42135000,13.06918333,1939.00,109.453
3180,2,1457,1482.195371842966,-1668.467077702793,2019-07-22T12:39:42Z,46.42151667,13.06913333,1938.00,109.434
3181,2,1458,1483.195371842966,-1667.467077702793,2019-07-22T12:39:43Z,46.42166667,13.06908333,1936.00,109.417
3182,2,1459,1484.195371842966,-1666.467077702793,2019-07-22T12:39:44Z,46.42183333,13.06903333,1935.00,109.399
3183,2,1460,1485.195371842966,-1665.467077702793,2019-07-22T12:39:45Z,46.42200000,13.06900000,1933.00,109.38
3184,2,1461,1486.195371842966,-1664.467077702793,2019-07-22T12:39:46Z,46.42216667,13.06895000,1931.00,109.361
3185,2,1462,1487.195371842966,-1663.467077702793,2019-07-22T12:39:47Z,46.42233333,13.06891667,1930.00,109.342
3186,2,1463,1488.195371842966,-1662.467077702793,2019-07-22T12:39:48Z,46.42250000,13.06888333,1928.00,109.324
3187,2,1464,1489.195371842966,-1661.467077702793,2019-07-22T12:39:49Z,46.42266667,13.06885000,1927.00,109.305
3188,2,1465,1490.195371842966,-1660.467077702793,2019-07-22T12:39:50Z,46.42283333,13.06883333,1927.00,109.286
3189,2,1466,1491.195371842966,-1659.467077702793,2019-07-22T12:39:51Z,46.42300000,13.06881667,1926.00,109.268
3190,2,1467,1492.195371842966,-1658.467077702793,2019-07-22T12:39:52Z,46.42316667,13.06880000,1926.00,109.249
3191,2,1468,1493.195371842966,-1657.467077702793,2019-07-22T12:39:53Z,46.42331667,13.06878333,1926.00,109.233
3192,2,1469,1494.195371842966,-1656.467077702793,2019-07-22T12:39:54Z,46.42348333,13.06875000,1925.00,109.214
3193,2,1470,1495.195371842966,-1655.467077702793,2019-07-22T12:39:55Z,46.42365000,13.06871667,1924.00,109.195
3194,2,1471,1496.195371842966,-1654.467077702793,2019-07-22T12:39:56Z,46.42381667,13.06866667,1923.00,109.176
3195,2,1472,1497.195371842966,-1653.467077702793,2019-07-22T12:39:57Z,46.42396667,13.06861667,1922.00,109.159
3196,2,1473,1498.195371842966,-1652.467077702793,2019-07-22T12:39:58Z,46.42413333,13.06858333,1921.00,109.14
3197,2,1474,1499.195371842966,-1651.467077702793,2019-07-22T12:39:59Z,46.42430000,13.06853333,1921.00,109.122
3198,2,1475,1500.195371842966,-1650.467077702793,2019-07-22T12:40:00Z,46.42445000,13.06848333,1921.00,109.105
3199,2,1476,1501.195371842966,-1649.467077702793,2019-07-22T12:40:01Z,46.42460000,13.06843333,1922.00,109.088
3200,2,1477,1502.195371842966,-1648.467077702793,2019-07-22T12:40:02Z,46.42475000,13.06838333,1921.00,109.07
3201,2,1478,1503.195371842966,-1647.467077702793,2019-07-22T12:40:03Z,46.42490000,13.06831667,1918.00,109.053
3202,2,1479,1504.195371842966,-1646.467077702793,2019-07-22T12:40:04Z,46.42503333,13.06825000,1918.00,109.038
3203,2,1480,1505.195371842966,-1645.467077702793,2019-07-22T12:40:05Z,46.42518333,13.06820000,1917.00,109.021
3204,2,1481,1506.195371842966,-1644.467077702793,2019-07-22T12:40:06Z,46.42533333,13.06813333,1914.00,109.004
3205,2,1482,1507.195371842966,-1643.467077702793,2019-07-22T12:40:07Z,46.42548333,13.06810000,1912.00,108.987
3206,2,1483,1508.195371842966,-1642.467077702793,2019-07-22T12:40:08Z,46.42563333,13.06805000,1910.00,108.97
3207,2,1484,1509.195371842966,-1641.467077702793,2019-07-22T12:40:09Z,46.42578333,13.06798333,1909.00,108.953
3208,2,1485,1510.195371842966,-1640.467077702793,2019-07-22T12:40:10Z,46.42593333,13.06793333,1909.00,108.936
3209,2,1486,1511.195371842966,-1639.467077702793,2019-07-22T12:40:11Z,46.42608333,13.06786667,1908.00,108.918
3210,2,1487,1512.195371842966,-1638.467077702793,2019-07-22T12:40:12Z,46.42621667,13.06780000,1908.00,108.903
3211,2,1488,1513.195371842966,-1637.467077702793,2019-07-22T12:40:13Z,46.42636667,13.06773333,1907.00,108.886
3212,2,1489,1514.195371842966,-1636.467077702793,2019-07-22T12:40:14Z,46.42651667,13.06768333,1905.00,108.869
3213,2,1490,1515.195371842966,-1635.467077702793,2019-07-22T12:40:15Z,46.42666667,13.06763333,1905.00,108.852
3214,2,1491,1516.195371842966,-1634.467077702793,2019-07-22T12:40:16Z,46.42683333,13.06758333,1903.00,108.833
3215,2,1492,1517.195371842966,-1633.467077702793,2019-07-22T12:40:17Z,46.42698333,13.06753333,1902.00,108.816
3216,2,1493,1518.195371842966,-1632.467077702793,2019-07-22T12:40:18Z,46.42713333,13.06746667,1901.00,108.799
3217,2,1494,1519.195371842966,-1631.467077702793,2019-07-22T12:40:19Z,46.42730000,13.06741667,1901.00,108.78
3218,2,1495,1520.195371842966,-1630.467077702793,2019-07-22T12:40:20Z,46.42745000,13.06735000,1901.00,108.762
3219,2,1496,1521.195371842966,-1629.467077702793,2019-07-22T12:40:21Z,46.42760000,13.06728333,1901.00,108.745
3220,2,1497,1522.195371842966,-1628.467077702793,2019-07-22T12:40:22Z,46.42775000,13.06721667,1900.00,108.728
3221,2,1498,1523.195371842966,-1627.467077702793,2019-07-22T12:40:23Z,46.42790000,13.06713333,1899.00,108.711
3222,2,1499,1524.195371842966,-1626.467077702793,2019-07-22T12:40:24Z,46.42805000,13.06706667,1899.00,108.694
3223,2,1500,1525.195371842966,-1625.467077702793,2019-07-22T12:40:25Z,46.42820000,13.06698333,1898.00,108.676
3224,2,1501,1526.195371842966,-1624.467077702793,2019-07-22T12:40:26Z,46.42835000,13.06688333,1897.00,108.659
3225,2,1502,1527.195371842966,-1623.467077702793,2019-07-22T12:40:27Z,46.42850000,13.06680000,1896.00,108.641
3226,2,1503,1528.195371842966,-1622.467077702793,2019-07-22T12:40:28Z,46.42863333,13.06670000,1895.00,108.626
3227,2,1504,1529.195371842966,-1621.467077702793,2019-07-22T12:40:29Z,46.42878333,13.06660000,1894.00,108.608
3228,2,1505,1530.195371842966,-1620.467077702793,2019-07-22T12:40:30Z,46.42893333,13.06650000,1893.00,108.591
3229,2,1506,1531.195371842966,-1619.467077702793,2019-07-22T12:40:31Z,46.42906667,13.06638333,1892.00,108.575
3230,2,1507,1532.195371842966,-1618.467077702793,2019-07-22T12:40:32Z,46.42921667,13.06626667,1891.00,108.557
3231,2,1508,1533.195371842966,-1617.467077702793,2019-07-22T12:40:33Z,46.42935000,13.06615000,1889.00,108.541
3232,2,1509,1534.195371842966,-1616.467077702793,2019-07-22T12:40:34Z,46.42946667,13.06601667,1889.00,108.527
3233,2,1510,1535.195371842966,-1615.467077702793,2019-07-22T12:40:35Z,46.42960000,13.06590000,1888.00,108.511
3234,2,1511,1536.195371842966,-1614.467077702793,2019-07-22T12:40:36Z,46.42973333,13.06576667,1888.00,108.495
3235,2,1512,1537.195371842966,-1613.467077702793,2019-07-22T12:40:37Z,46.42986667,13.06565000,1886.00,108.48
3236,2,1513,1538.195371842966,-1612.467077702793,2019-07-22T12:40:38Z,46.42998333,13.06551667,1885.00,108.465
3237,2,1514,1539.195371842966,-1611.467077702793,2019-07-22T12:40:39Z,46.43010000,13.06538333,1885.00,108.451
3238,2,1515,1540.195371842966,-1610.467077702793,2019-07-22T12:40:40Z,46.43021667,13.06525000,1884.00,108.437
3239,2,1516,1541.195371842966,-1609.467077702793,2019-07-22T12:40:41Z,46.43033333,13.06511667,1883.00,108.423
3240,2,1517,1542.195371842966,-1608.467077702793,2019-07-22T12:40:42Z,46.43045000,13.06496667,1881.00,108.409
3241,2,1518,1543.195371842966,-1607.467077702793,2019-07-22T12:40:43Z,46.43055000,13.06481667,1879.00,108.396
3242,2,1519,1544.195371842966,-1606.467077702793,2019-07-22T12:40:44Z,46.43066667,13.06465000,1878.00,108.382
3243,2,1520,1545.195371842966,-1605.467077702793,2019-07-22T12:40:45Z,46.43076667,13.06450000,1876.00,108.37
3244,2,1521,1546.195371842966,-1604.467077702793,2019-07-22T12:40:46Z,46.43086667,13.06433333,1874.00,108.357
3245,2,1522,1547.195371842966,-1603.467077702793,2019-07-22T12:40:47Z,46.43098333,13.06418333,1872.00,108.343
3246,2,1523,1548.195371842966,-1602.467077702793,2019-07-22T12:40:48Z,46.43110000,13.06405000,1870.00,108.329
3247,2,1524,1549.195371842966,-1601.467077702793,2019-07-22T12:40:49Z,46.43123333,13.06391667,1868.00,108.313
3248,2,1525,1550.195371842966,-1600.467077702793,2019-07-22T12:40:50Z,46.43136667,13.06380000,1866.00,108.297
3249,2,1526,1551.195371842966,-1599.467077702793,2019-07-22T12:40:51Z,46.43150000,13.06368333,1864.00,108.281
3250,2,1527,1552.195371842966,-1598.467077702793,2019-07-22T12:40:52Z,46.43165000,13.06356667,1863.00,108.264
3251,2,1528,1553.195371842966,-1597.467077702793,2019-07-22T12:40:53Z,46.43180000,13.06346667,1861.00,108.246
3252,2,1529,1554.195371842966,-1596.467077702793,2019-07-22T12:40:54Z,46.43193333,13.06336667,1859.00,108.231
3253,2,1530,1555.195371842966,-1595.467077702793,2019-07-22T12:40:55Z,46.43206667,13.06326667,1858.00,108.215
3254,2,1531,1556.195371842966,-1594.467077702793,2019-07-22T12:40:56Z,46.43220000,13.06318333,1857.00,108.2
3255,2,1532,1557.195371842966,-1593.467077702793,2019-07-22T12:40:57Z,46.43233333,13.06308333,1855.00,108.184
3256,2,1533,1558.195371842966,-1592.467077702793,2019-07-22T12:40:58Z,46.43246667,13.06300000,1852.00,108.169
3257,2,1534,1559.195371842966,-1591.467077702793,2019-07-22T12:40:59Z,46.43261667,13.06291667,1850.00,108.151
3258,2,1535,1560.195371842966,-1590.467077702793,2019-07-22T12:41:00Z,46.43276667,13.06281667,1848.00,108.134
3259,2,1536,1561.195371842966,-1589.467077702793,2019-07-22T12:41:01Z,46.43290000,13.06270000,1846.00,108.118
3260,2,1537,1562.195371842966,-1588.467077702793,2019-07-22T12:41:02Z,46.43305000,13.06258333,1843.00,108.101
3261,2,1538,1563.195371842966,-1587.467077702793,2019-07-22T12:41:03Z,46.43320000,13.06245000,1841.00,108.083
3262,2,1539,1564.195371842966,-1586.467077702793,2019-07-22T12:41:04Z,46.43333333,13.06233333,1839.00,108.067
3263,2,1540,1565.195371842966,-1585.467077702793,2019-07-22T12:41:05Z,46.43348333,13.06221667,1838.00,108.05
3264,2,1541,1566.195371842966,-1584.467077702793,2019-07-22T12:41:06Z,46.43363333,13.06211667,1836.00,108.032
3265,2,1542,1567.195371842966,-1583.467077702793,2019-07-22T12:41:07Z,46.43376667,13.06200000,1835.00,108.017
3266,2,1543,1568.195371842966,-1582.467077702793,2019-07-22T12:41:08Z,46.43391667,13.06190000,1833.00,107.999
3267,2,1544,1569.195371842966,-1581.467077702793,2019-07-22T12:41:09Z,46.43406667,13.06180000,1831.00,107.982
3268,2,1545,1570.195371842966,-1580.467077702793,2019-07-22T12:41:10Z,46.43421667,13.06170000,1830.00,107.964
3269,2,1546,1571.195371842966,-1579.467077702793,2019-07-22T12:41:11Z,46.43435000,13.06161667,1830.00,107.949
3270,2,1547,1572.195371842966,-1578.467077702793,2019-07-22T12:41:12Z,46.43450000,13.06153333,1829.00,107.932
3271,2,1548,1573.195371842966,-1577.467077702793,2019-07-22T12:41:13Z,46.43465000,13.06145000,1827.00,107.914
3272,2,1549,1574.195371842966,-1576.467077702793,2019-07-22T12:41:14Z,46.43480000,13.06135000,1824.00,107.897
3273,2,1550,1575.195371842966,-1575.467077702793,2019-07-22T12:41:15Z,46.43493333,13.06123333,1823.00,107.881
3274,2,1551,1576.195371842966,-1574.467077702793,2019-07-22T12:41:16Z,46.43508333,13.06111667,1822.00,107.864
3275,2,1552,1577.195371842966,-1573.467077702793,2019-07-22T12:41:17Z,46.43523333,13.06101667,1821.00,107.846
3276,2,1553,1578.195371842966,-1572.467077702793,2019-07-22T12:41:18Z,46.43538333,13.06091667,1819.00,107.829
3277,2,1554,1579.195371842966,-1571.467077702793,2019-07-22T12:41:19Z,46.43551667,13.06081667,1818.00,107.813
3278,2,1555,1580.195371842966,-1570.467077702793,2019-07-22T12:41:20Z,46.43566667,13.06070000,1818.00,107.796
3279,2,1556,1581.195371842966,-1569.467077702793,2019-07-22T12:41:21Z,46.43580000,13.06060000,1817.00,107.78
3280,2,1557,1582.195371842966,-1568.467077702793,2019-07-22T12:41:22Z,46.43595000,13.06050000,1816.00,107.763
3281,2,1558,1583.195371842966,-1567.467077702793,2019-07-22T12:41:23Z,46.43610000,13.06038333,1814.00,107.745
3282,2,1559,1584.195371842966,-1566.467077702793,2019-07-22T12:41:24Z,46.43625000,13.06028333,1813.00,107.728
3283,2,1560,1585.195371842966,-1565.467077702793,2019-07-22T12:41:25Z,46.43638333,13.06016667,1810.00,107.712
3284,2,1561,1586.195371842966,-1564.467077702793,2019-07-22T12:41:26Z,46.43653333,13.06005000,1806.00,107.695
3285,2,1562,1587.195371842966,-1563.467077702793,2019-07-22T12:41:27Z,46.43668333,13.05993333,1804.00,107.677
3286,2,1563,1588.195371842966,-1562.467077702793,2019-07-22T12:41:28Z,46.43683333,13.05980000,1803.00,107.66
3287,2,1564,1589.195371842966,-1561.467077702793,2019-07-22T12:41:29Z,46.43696667,13.05968333,1801.00,107.644
3288,2,1565,1590.195371842966,-1560.467077702793,2019-07-22T12:41:30Z,46.43713333,13.05955000,1799.00,107.625
3289,2,1566,1591.195371842966,-1559.467077702793,2019-07-22T12:41:31Z,46.43728333,13.05943333,1797.00,107.607
3290,2,1567,1592.195371842966,-1558.467077702793,2019-07-22T12:41:32Z,46.43743333,13.05933333,1796.00,107.59
3291,2,1568,1593.195371842966,-1557.467077702793,2019-07-22T12:41:33Z,46.43760000,13.05923333,1796.00,107.571
3292,2,1569,1594.195371842966,-1556.467077702793,2019-07-22T12:41:34Z,46.43775000,13.05913333,1794.00,107.553
3293,2,1570,1595.195371842966,-1555.467077702793,2019-07-22T12:41:35Z,46.43790000,13.05905000,1793.00,107.536
3294,2,1571,1596.195371842966,-1554.467077702793,2019-07-22T12:41:36Z,46.43805000,13.05896667,1792.00,107.519
3295,2,1572,1597.195371842966,-1553.467077702793,2019-07-22T12:41:37Z,46.43821667,13.05888333,1790.00,107.5
3296,2,1573,1598.195371842966,-1552.467077702793,2019-07-22T12:41:38Z,46.43836667,13.05880000,1789.00,107.482
3297,2,1574,1599.195371842966,-1551.467077702793,2019-07-22T12:41:39Z,46.43853333,13.05873333,1787.00,107.464
3298,2,1575,1600.195371842966,-1550.467077702793,2019-07-22T12:41:40Z,46.43868333,13.05866667,1784.00,107.446
3299,2,1576,1601.195371842966,-1549.467077702793,2019-07-22T12:41:41Z,46.43885000,13.05860000,1783.00,107.428
3300,2,1577,1602.195371842966,-1548.467077702793,2019-07-22T12:41:42Z,46.43901667,13.05853333,1781.00,107.409
3301,2,1578,1603.195371842966,-1547.467077702793,2019-07-22T12:41:43Z,46.43918333,13.05848333,1779.00,107.39
3302,2,1579,1604.195371842966,-1546.467077702793,2019-07-22T12:41:44Z,46.43936667,13.05843333,1777.00,107.369
3303,2,1580,1605.195371842966,-1545.467077702793,2019-07-22T12:41:45Z,46.43953333,13.05838333,1776.00,107.35
3304,2,1581,1606.195371842966,-1544.467077702793,2019-07-22T12:41:46Z,46.43971667,13.05835000,1774.00,107.33
3305,2,1582,1607.195371842966,-1543.467077702793,2019-07-22T12:41:47Z,46.43988333,13.05831667,1773.00,107.311
3306,2,1583,1608.195371842966,-1542.467077702793,2019-07-22T12:41:48Z,46.44006667,13.05828333,1770.00,107.291
3307,2,1584,1609.195371842966,-1541.467077702793,2019-07-22T12:41:49Z,46.44023333,13.05825000,1770.00,107.272
3308,2,1585,1610.195371842966,-1540.467077702793,2019-07-22T12:41:50Z,46.44041667,13.05823333,1768.00,107.251
3309,2,1586,1611.195371842966,-1539.467077702793,2019-07-22T12:41:51Z,46.44060000,13.05820000,1767.00,107.231
3310,2,1587,1612.195371842966,-1538.467077702793,2019-07-22T12:41:52Z,46.44076667,13.05816667,1766.00,107.212
3311,2,1588,1613.195371842966,-1537.467077702793,2019-07-22T12:41:53Z,46.44095000,13.05813333,1766.00,107.192
3312,2,1589,1614.195371842966,-1536.467077702793,2019-07-22T12:41:54Z,46.44111667,13.05811667,1765.00,107.173
3313,2,1590,1615.195371842966,-1535.467077702793,2019-07-22T12:41:55Z,46.44130000,13.05808333,1764.00,107.153
3314,2,1591,1616.195371842966,-1534.467077702793,2019-07-22T12:41:56Z,46.44146667,13.05805000,1762.00,107.134
3315,2,1592,1617.195371842966,-1533.467077702793,2019-07-22T12:41:57Z,46.44165000,13.05801667,1760.00,107.113
3316,2,1593,1618.195371842966,-1532.467077702793,2019-07-22T12:41:58Z,46.44181667,13.05800000,1759.00,107.095
3317,2,1594,1619.195371842966,-1531.467077702793,2019-07-22T12:41:59Z,46.44200000,13.05795000,1758.00,107.074
3318,2,1595,1620.195371842966,-1530.467077702793,2019-07-22T12:42:00Z,46.44216667,13.05791667,1756.00,107.055
3319,2,1596,1621.195371842966,-1529.467077702793,2019-07-22T12:42:01Z,46.44235000,13.05788333,1755.00,107.035
3320,2,1597,1622.195371842966,-1528.467077702793,2019-07-22T12:42:02Z,46.44253333,13.05785000,1753.00,107.014
3321,2,1598,1623.195371842966,-1527.467077702793,2019-07-22T12:42:03Z,46.44271667,13.05783333,1751.00,106.994
3322,2,1599,1624.195371842966,-1526.467077702793,2019-07-22T12:42:04Z,46.44290000,13.05780000,1751.00,106.973
3323,2,1600,1625.195371842966,-1525.467077702793,2019-07-22T12:42:05Z,46.44306667,13.05778333,1750.00,106.955
3324,2,1601,1626.195371842966,-1524.467077702793,2019-07-22T12:42:06Z,46.44325000,13.05776667,1748.00,106.934
3325,2,1602,1627.195371842966,-1523.467077702793,2019-07-22T12:42:07Z,46.44341667,13.05775000,1747.00,106.916
3326,2,1603,1628.195371842966,-1522.467077702793,2019-07-22T12:42:08Z,46.44360000,13.05773333,1746.00,106.895
3327,2,1604,1629.195371842966,-1521.467077702793,2019-07-22T12:42:09Z,46.44376667,13.05771667,1744.00,106.877
3328,2,1605,1630.195371842966,-1520.467077702793,2019-07-22T12:42:10Z,46.44395000,13.05770000,1743.00,106.856
3329,2,1606,1631.195371842966,-1519.467077702793,2019-07-22T12:42:11Z,46.44411667,13.05766667,1741.00,106.838
3330,2,1607,1632.195371842966,-1518.467077702793,2019-07-22T12:42:12Z,46.44430000,13.05765000,1739.00,106.817
3331,2,1608,1633.195371842966,-1517.467077702793,2019-07-22T12:42:13Z,46.44446667,13.05763333,1737.00,106.799
3332,2,1609,1634.195371842966,-1516.467077702793,2019-07-22T12:42:14Z,46.44463333,13.05761667,1736.00,106.78
3333,2,1610,1635.195371842966,-1515.467077702793,2019-07-22T12:42:15Z,46.44480000,13.05760000,1734.00,106.762
3334,2,1611,1636.195371842966,-1514.467077702793,2019-07-22T12:42:16Z,46.44496667,13.05756667,1732.00,106.743
3335,2,1612,1637.195371842966,-1513.467077702793,2019-07-22T12:42:17Z,46.44513333,13.05751667,1730.00,106.724
3336,2,1613,1638.195371842966,-1512.467077702793,2019-07-22T12:42:18Z,46.44530000,13.05746667,1728.00,106.705
3337,2,1614,1639.195371842966,-1511.467077702793,2019-07-22T12:42:19Z,46.44546667,13.05740000,1726.00,106.686
3338,2,1615,1640.195371842966,-1510.467077702793,2019-07-22T12:42:20Z,46.44563333,13.05731667,1724.00,106.667
3339,2,1616,1641.195371842966,-1509.467077702793,2019-07-22T12:42:21Z,46.44580000,13.05723333,1722.00,106.648
3340,2,1617,1642.195371842966,-1508.467077702793,2019-07-22T12:42:22Z,46.44596667,13.05715000,1720.00,106.629
3341,2,1618,1643.195371842966,-1507.467077702793,2019-07-22T12:42:23Z,46.44613333,13.05706667,1718.00,106.61
3342,2,1619,1644.195371842966,-1506.467077702793,2019-07-22T12:42:24Z,46.44630000,13.05698333,1716.00,106.591
3343,2,1620,1645.195371842966,-1505.467077702793,2019-07-22T12:42:25Z,46.44646667,13.05690000,1714.00,106.572
3344,2,1621,1646.195371842966,-1504.467077702793,2019-07-22T12:42:26Z,46.44661667,13.05683333,1712.00,106.555
3345,2,1622,1647.195371842966,-1503.467077702793,2019-07-22T12:42:27Z,46.44678333,13.05675000,1711.00,106.536
3346,2,1623,1648.195371842966,-1502.467077702793,2019-07-22T12:42:28Z,46.44695000,13.05668333,1710.00,106.517
3347,2,1624,1649.195371842966,-1501.467077702793,2019-07-22T12:42:29Z,46.44710000,13.05661667,1708.00,106.5
3348,2,1625,1650.195371842966,-1500.467077702793,2019-07-22T12:42:30Z,46.44726667,13.05655000,1706.00,106.481
3349,2,1626,1651.195371842966,-1499.467077702793,2019-07-22T12:42:31Z,46.44745000,13.05648333,1704.00,106.46
3350,2,1627,1652.195371842966,-1498.467077702793,2019-07-22T12:42:32Z,46.44761667,13.05641667,1702.00,106.441
3351,2,1628,1653.195371842966,-1497.467077702793,2019-07-22T12:42:33Z,46.44778333,13.05636667,1700.00,106.423
3352,2,1629,1654.195371842966,-1496.467077702793,2019-07-22T12:42:34Z,46.44795000,13.05631667,1698.00,106.404
3353,2,1630,1655.195371842966,-1495.467077702793,2019-07-22T12:42:35Z,46.44813333,13.05628333,1696.00,106.383
3354,2,1631,1656.195371842966,-1494.467077702793,2019-07-22T12:42:36Z,46.44830000,13.05623333,1695.00,106.364
3355,2,1632,1657.195371842966,-1493.467077702793,2019-07-22T12:42:37Z,46.44846667,13.05620000,1696.00,106.346
3356,2,1633,1658.195371842966,-1492.467077702793,2019-07-22T12:42:38Z,46.44863333,13.05616667,1694.00,106.327
3357,2,1634,1659.195371842966,-1491.467077702793,2019-07-22T12:42:39Z,46.44880000,13.05611667,1693.00,106.308
3358,2,1635,1660.195371842966,-1490.467077702793,2019-07-22T12:42:40Z,46.44898333,13.05608333,1692.00,106.288
3359,2,1636,1661.195371842966,-1489.467077702793,2019-07-22T12:42:41Z,46.44915000,13.05603333,1691.00,106.269
3360,2,1637,1662.195371842966,-1488.467077702793,2019-07-22T12:42:42Z,46.44931667,13.05598333,1689.00,106.25
3361,2,1638,1663.195371842966,-1487.467077702793,2019-07-22T12:42:43Z,46.44950000,13.05593333,1687.00,106.229
3362,2,1639,1664.195371842966,-1486.467077702793,2019-07-22T12:42:44Z,46.44966667,13.05588333,1685.00,106.211
3363,2,1640,1665.195371842966,-1485.467077702793,2019-07-22T12:42:45Z,46.44985000,13.05583333,1683.00,106.19
3364,2,1641,1666.195371842966,-1484.467077702793,2019-07-22T12:42:46Z,46.45003333,13.05578333,1682.00,106.169
3365,2,1642,1667.195371842966,-1483.467077702793,2019-07-22T12:42:47Z,46.45020000,13.05571667,1680.00,106.15
3366,2,1643,1668.195371842966,-1482.467077702793,2019-07-22T12:42:48Z,46.45036667,13.05565000,1678.00,106.131
3367,2,1644,1669.195371842966,-1481.467077702793,2019-07-22T12:42:49Z,46.45053333,13.05558333,1676.00,106.113
3368,2,1645,1670.195371842966,-1480.467077702793,2019-07-22T12:42:50Z,46.45070000,13.05551667,1673.00,106.094
3369,2,1646,1671.195371842966,-1479.467077702793,2019-07-22T12:42:51Z,46.45086667,13.05545000,1672.00,106.075
3370,2,1647,1672.195371842966,-1478.467077702793,2019-07-22T12:42:52Z,46.45103333,13.05538333,1671.00,106.056
3371,2,1648,1673.195371842966,-1477.467077702793,2019-07-22T12:42:53Z,46.45121667,13.05530000,1668.00,106.035
3372,2,1649,1674.195371842966,-1476.467077702793,2019-07-22T12:42:54Z,46.45138333,13.05525000,1666.00,106.016
3373,2,1650,1675.195371842966,-1475.467077702793,2019-07-22T12:42:55Z,46.45155000,13.05518333,1663.00,105.997
3374,2,1651,1676.195371842966,-1474.467077702793,2019-07-22T12:42:56Z,46.45173333,13.05511667,1660.00,105.977
3375,2,1652,1677.195371842966,-1473.467077702793,2019-07-22T12:42:57Z,46.45190000,13.05506667,1657.00,105.958
3376,2,1653,1678.195371842966,-1472.467077702793,2019-07-22T12:42:58Z,46.45206667,13.05500000,1655.00,105.939
3377,2,1654,1679.195371842966,-1471.467077702793,2019-07-22T12:42:59Z,46.45225000,13.05493333,1653.00,105.918
3378,2,1655,1680.195371842966,-1470.467077702793,2019-07-22T12:43:00Z,46.45241667,13.05485000,1651.00,105.899
3379,2,1656,1681.195371842966,-1469.467077702793,2019-07-22T12:43:01Z,46.45260000,13.05476667,1650.00,105.878
3380,2,1657,1682.195371842966,-1468.467077702793,2019-07-22T12:43:02Z,46.45276667,13.05470000,1648.00,105.859
3381,2,1658,1683.195371842966,-1467.467077702793,2019-07-22T12:43:03Z,46.45295000,13.05463333,1646.00,105.839
3382,2,1659,1684.195371842966,-1466.467077702793,2019-07-22T12:43:04Z,46.45311667,13.05458333,1644.00,105.82
3383,2,1660,1685.195371842966,-1465.467077702793,2019-07-22T12:43:05Z,46.45328333,13.05451667,1642.00,105.801
3384,2,1661,1686.195371842966,-1464.467077702793,2019-07-22T12:43:06Z,46.45346667,13.05445000,1640.00,105.78
3385,2,1662,1687.195371842966,-1463.467077702793,2019-07-22T12:43:07Z,46.45363333,13.05438333,1637.00,105.761
3386,2,1663,1688.195371842966,-1462.467077702793,2019-07-22T12:43:08Z,46.45381667,13.05433333,1633.00,105.741
3387,2,1664,1689.195371842966,-1461.467077702793,2019-07-22T12:43:09Z,46.45398333,13.05428333,1629.00,105.722
3388,2,1665,1690.195371842966,-1460.467077702793,2019-07-22T12:43:10Z,46.45416667,13.05423333,1625.00,105.701
3389,2,1666,1691.195371842966,-1459.467077702793,2019-07-22T12:43:11Z,46.45433333,13.05418333,1621.00,105.682
3390,2,1667,1692.195371842966,-1458.467077702793,2019-07-22T12:43:12Z,46.45451667,13.05411667,1616.00,105.662
3391,2,1668,1693.195371842966,-1457.467077702793,2019-07-22T12:43:13Z,46.45471667,13.05405000,1612.00,105.639
3392,2,1669,1694.195371842966,-1456.467077702793,2019-07-22T12:43:14Z,46.45490000,13.05398333,1609.00,105.618
3393,2,1670,1695.195371842966,-1455.467077702793,2019-07-22T12:43:15Z,46.45510000,13.05393333,1605.00,105.596
3394,2,1671,1696.195371842966,-1454.467077702793,2019-07-22T12:43:16Z,46.45528333,13.05386667,1602.00,105.575
3395,2,1672,1697.195371842966,-1453.467077702793,2019-07-22T12:43:17Z,46.45548333,13.05378333,1597.00,105.552
3396,2,1673,1698.195371842966,-1452.467077702793,2019-07-22T12:43:18Z,46.45568333,13.05371667,1594.00,105.53
3397,2,1674,1699.195371842966,-1451.467077702793,2019-07-22T12:43:19Z,46.45588333,13.05363333,1592.00,105.507
3398,2,1675,1700.195371842966,-1450.467077702793,2019-07-22T12:43:20Z,46.45608333,13.05355000,1590.00,105.485
3399,2,1676,1701.195371842966,-1449.467077702793,2019-07-22T12:43:21Z,46.45628333,13.05346667,1588.00,105.462
3400,2,1677,1702.195371842966,-1448.467077702793,2019-07-22T12:43:22Z,46.45646667,13.05340000,1588.00,105.441
3401,2,1678,1703.195371842966,-1447.467077702793,2019-07-22T12:43:23Z,46.45665000,13.05335000,1587.00,105.421
3402,2,1679,1704.195371842966,-1446.467077702793,2019-07-22T12:43:24Z,46.45683333,13.05330000,1586.00,105.4
3403,2,1680,1705.195371842966,-1445.467077702793,2019-07-22T12:43:25Z,46.45700000,13.05325000,1585.00,105.381
3404,2,1681,1706.195371842966,-1444.467077702793,2019-07-22T12:43:26Z,46.45718333,13.05318333,1583.00,105.36
3405,2,1682,1707.195371842966,-1443.467077702793,2019-07-22T12:43:27Z,46.45736667,13.05313333,1581.00,105.34
3406,2,1683,1708.195371842966,-1442.467077702793,2019-07-22T12:43:28Z,46.45756667,13.05306667,1578.00,105.317
3407,2,1684,1709.195371842966,-1441.467077702793,2019-07-22T12:43:29Z,46.45775000,13.05300000,1573.00,105.296
3408,2,1685,1710.195371842966,-1440.467077702793,2019-07-22T12:43:30Z,46.45793333,13.05293333,1570.00,105.276
3409,2,1686,1711.195371842966,-1439.467077702793,2019-07-22T12:43:31Z,46.45811667,13.05285000,1568.00,105.255
3410,2,1687,1712.195371842966,-1438.467077702793,2019-07-22T12:43:32Z,46.45830000,13.05278333,1567.00,105.234
3411,2,1688,1713.195371842966,-1437.467077702793,2019-07-22T12:43:33Z,46.45848333,13.05268333,1564.00,105.213
3412,2,1689,1714.195371842966,-1436.467077702793,2019-07-22T12:43:34Z,46.45865000,13.05260000,1560.00,105.194
3413,2,1690,1715.195371842966,-1435.467077702793,2019-07-22T12:43:35Z,46.45881667,13.05251667,1558.00,105.175
3414,2,1691,1716.195371842966,-1434.467077702793,2019-07-22T12:43:36Z,46.45900000,13.05243333,1555.00,105.155
3415,2,1692,1717.195371842966,-1433.467077702793,2019-07-22T12:43:37Z,46.45916667,13.05235000,1552.00,105.136
3416,2,1693,1718.195371842966,-1432.467077702793,2019-07-22T12:43:38Z,46.45933333,13.05226667,1550.00,105.117
3417,2,1694,1719.195371842966,-1431.467077702793,2019-07-22T12:43:39Z,46.45951667,13.05220000,1548.00,105.096
3418,2,1695,1720.195371842966,-1430.467077702793,2019-07-22T12:43:40Z,46.45968333,13.05211667,1545.00,105.077
3419,2,1696,1721.195371842966,-1429.467077702793,2019-07-22T12:43:41Z,46.45985000,13.05205000,1542.00,105.058
3420,2,1697,1722.195371842966,-1428.467077702793,2019-07-22T12:43:42Z,46.46003333,13.05196667,1539.00,105.037
3421,2,1698,1723.195371842966,-1427.467077702793,2019-07-22T12:43:43Z,46.46020000,13.05188333,1537.00,105.018
3422,2,1699,1724.195371842966,-1426.467077702793,2019-07-22T12:43:44Z,46.46038333,13.05180000,1533.00,104.998
3423,2,1700,1725.195371842966,-1425.467077702793,2019-07-22T12:43:45Z,46.46056667,13.05170000,1528.00,104.977
3424,2,1701,1726.195371842966,-1424.467077702793,2019-07-22T12:43:46Z,46.46073333,13.05163333,1527.00,104.958
3425,2,1702,1727.195371842966,-1423.467077702793,2019-07-22T12:43:47Z,46.46090000,13.05156667,1527.00,104.939
3426,2,1703,1728.195371842966,-1422.467077702793,2019-07-22T12:43:48Z,46.46106667,13.05150000,1525.00,104.92
3427,2,1704,1729.195371842966,-1421.467077702793,2019-07-22T12:43:49Z,46.46123333,13.05145000,1524.00,104.901
3428,2,1705,1730.195371842966,-1420.467077702793,2019-07-22T12:43:50Z,46.46140000,13.05138333,1523.00,104.883
3429,2,1706,1731.195371842966,-1419.467077702793,2019-07-22T12:43:51Z,46.46158333,13.05133333,1521.00,104.862
3430,2,1707,1732.195371842966,-1418.467077702793,2019-07-22T12:43:52Z,46.46175000,13.05126667,1520.00,104.843
3431,2,1708,1733.195371842966,-1417.467077702793,2019-07-22T12:43:53Z,46.46191667,13.05121667,1518.00,104.824
3432,2,1709,1734.195371842966,-1416.467077702793,2019-07-22T12:43:54Z,46.46208333,13.05115000,1516.00,104.806
3433,2,1710,1735.195371842966,-1415.467077702793,2019-07-22T12:43:55Z,46.46225000,13.05110000,1514.00,104.787
3434,2,1711,1736.195371842966,-1414.467077702793,2019-07-22T12:43:56Z,46.46240000,13.05105000,1512.00,104.77
3435,2,1712,1737.195371842966,-1413.467077702793,2019-07-22T12:43:57Z,46.46256667,13.05098333,1511.00,104.751
3436,2,1713,1738.195371842966,-1412.467077702793,2019-07-22T12:43:58Z,46.46271667,13.05090000,1509.00,104.734
3437,2,1714,1739.195371842966,-1411.467077702793,2019-07-22T12:43:59Z,46.46286667,13.05080000,1506.00,104.717
3438,2,1715,1740.195371842966,-1410.467077702793,2019-07-22T12:44:00Z,46.46300000,13.05070000,1503.00,104.702
3439,2,1716,1741.195371842966,-1409.467077702793,2019-07-22T12:44:01Z,46.46315000,13.05060000,1502.00,104.684
3440,2,1717,1742.195371842966,-1408.467077702793,2019-07-22T12:44:02Z,46.46328333,13.05048333,1501.00,104.669
3441,2,1718,1743.195371842966,-1407.467077702793,2019-07-22T12:44:03Z,46.46341667,13.05040000,1500.00,104.654
3442,2,1719,1744.195371842966,-1406.467077702793,2019-07-22T12:44:04Z,46.46355000,13.05031667,1500.00,104.639
3443,2,1720,1745.195371842966,-1405.467077702793,2019-07-22T12:44:05Z,46.46366667,13.05021667,1499.00,104.625
3444,2,1721,1746.195371842966,-1404.467077702793,2019-07-22T12:44:06Z,46.46380000,13.05013333,1498.00,104.61
3445,2,1722,1747.195371842966,-1403.467077702793,2019-07-22T12:44:07Z,46.46393333,13.05006667,1495.00,104.595
3446,2,1723,1748.195371842966,-1402.467077702793,2019-07-22T12:44:08Z,46.46408333,13.04998333,1493.00,104.578
3447,2,1724,1749.195371842966,-1401.467077702793,2019-07-22T12:44:09Z,46.46423333,13.04990000,1492.00,104.561
3448,2,1725,1750.195371842966,-1400.467077702793,2019-07-22T12:44:10Z,46.46436667,13.04980000,1489.00,104.546
3449,2,1726,1751.195371842966,-1399.467077702793,2019-07-22T12:44:11Z,46.46451667,13.04968333,1487.00,104.528
3450,2,1727,1752.195371842966,-1398.467077702793,2019-07-22T12:44:12Z,46.46465000,13.04956667,1486.00,104.513
3451,2,1728,1753.195371842966,-1397.467077702793,2019-07-22T12:44:13Z,46.46478333,13.04945000,1485.00,104.498
3452,2,1729,1754.195371842966,-1396.467077702793,2019-07-22T12:44:14Z,46.46493333,13.04935000,1484.00,104.481
3453,2,1730,1755.195371842966,-1395.467077702793,2019-07-22T12:44:15Z,46.46506667,13.04925000,1482.00,104.465
3454,2,1731,1756.195371842966,-1394.467077702793,2019-07-22T12:44:16Z,46.46521667,13.04915000,1482.00,104.448
3455,2,1732,1757.195371842966,-1393.467077702793,2019-07-22T12:44:17Z,46.46536667,13.04905000,1481.00,104.431
3456,2,1733,1758.195371842966,-1392.467077702793,2019-07-22T12:44:18Z,46.46550000,13.04893333,1482.00,104.416
3457,2,1734,1759.195371842966,-1391.467077702793,2019-07-22T12:44:19Z,46.46565000,13.04883333,1482.00,104.399
3458,2,1735,1760.195371842966,-1390.467077702793,2019-07-22T12:44:20Z,46.46580000,13.04873333,1481.00,104.382
3459,2,1736,1761.195371842966,-1389.467077702793,2019-07-22T12:44:21Z,46.46595000,13.04863333,1480.00,104.365
3460,2,1737,1762.195371842966,-1388.467077702793,2019-07-22T12:44:22Z,46.46610000,13.04851667,1478.00,104.347
3461,2,1738,1763.195371842966,-1387.467077702793,2019-07-22T12:44:23Z,46.46626667,13.04843333,1477.00,104.329
3462,2,1739,1764.195371842966,-1386.467077702793,2019-07-22T12:44:24Z,46.46641667,13.04833333,1476.00,104.312
3463,2,1740,1765.195371842966,-1385.467077702793,2019-07-22T12:44:25Z,46.46656667,13.04823333,1476.00,104.295
3464,2,1741,1766.195371842966,-1384.467077702793,2019-07-22T12:44:26Z,46.46673333,13.04813333,1477.00,104.276
3465,2,1742,1767.195371842966,-1383.467077702793,2019-07-22T12:44:27Z,46.46688333,13.04803333,1478.00,104.259
3466,2,1743,1768.195371842966,-1382.467077702793,2019-07-22T12:44:28Z,46.46701667,13.04793333,1478.00,104.243
3467,2,1744,1769.195371842966,-1381.467077702793,2019-07-22T12:44:29Z,46.46715000,13.04783333,1480.00,104.228
3468,2,1745,1770.195371842966,-1380.467077702793,2019-07-22T12:44:30Z,46.46730000,13.04773333,1479.00,104.211
3469,2,1746,1771.195371842966,-1379.467077702793,2019-07-22T12:44:31Z,46.46743333,13.04761667,1478.00,104.196
3470,2,1747,1772.195371842966,-1378.467077702793,2019-07-22T12:44:32Z,46.46758333,13.04750000,1476.00,104.179
3471,2,1748,1773.195371842966,-1377.467077702793,2019-07-22T12:44:33Z,46.46773333,13.04740000,1474.00,104.162
3472,2,1749,1774.195371842966,-1376.467077702793,2019-07-22T12:44:34Z,46.46788333,13.04728333,1473.00,104.145
3473,2,1750,1775.195371842966,-1375.467077702793,2019-07-22T12:44:35Z,46.46803333,13.04716667,1471.00,104.128
3474,2,1751,1776.195371842966,-1374.467077702793,2019-07-22T12:44:36Z,46.46818333,13.04705000,1470.00,104.111
3475,2,1752,1777.195371842966,-1373.467077702793,2019-07-22T12:44:37Z,46.46833333,13.04693333,1469.00,104.094
3476,2,1753,1778.195371842966,-1372.467077702793,2019-07-22T12:44:38Z,46.46846667,13.04681667,1469.00,104.078
3477,2,1754,1779.195371842966,-1371.467077702793,2019-07-22T12:44:39Z,46.46860000,13.04670000,1469.00,104.063
3478,2,1755,1780.195371842966,-1370.467077702793,2019-07-22T12:44:40Z,46.46873333,13.04658333,1469.00,104.048
3479,2,1756,1781.195371842966,-1369.467077702793,2019-07-22T12:44:41Z,46.46886667,13.04646667,1468.00,104.033
3480,2,1757,1782.195371842966,-1368.467077702793,2019-07-22T12:44:42Z,46.46900000,13.04635000,1467.00,104.018
3481,2,1758,1783.195371842966,-1367.467077702793,2019-07-22T12:44:43Z,46.46913333,13.04623333,1466.00,104.003
3482,2,1759,1784.195371842966,-1366.467077702793,2019-07-22T12:44:44Z,46.46926667,13.04613333,1464.00,103.987
3483,2,1760,1785.195371842966,-1365.467077702793,2019-07-22T12:44:45Z,46.46941667,13.04603333,1463.00,103.971
3484,2,1761,1786.195371842966,-1364.467077702793,2019-07-22T12:44:46Z,46.46955000,13.04593333,1462.00,103.955
3485,2,1762,1787.195371842966,-1363.467077702793,2019-07-22T12:44:47Z,46.46968333,13.04581667,1461.00,103.94
3486,2,1763,1788.195371842966,-1362.467077702793,2019-07-22T12:44:48Z,46.46983333,13.04571667,1458.00,103.923
3487,2,1764,1789.195371842966,-1361.467077702793,2019-07-22T12:44:49Z,46.46998333,13.04561667,1455.00,103.906
3488,2,1765,1790.195371842966,-1360.467077702793,2019-07-22T12:44:50Z,46.47013333,13.04553333,1453.00,103.89
3489,2,1766,1791.195371842966,-1359.467077702793,2019-07-22T12:44:51Z,46.47030000,13.04545000,1451.00,103.871
3490,2,1767,1792.195371842966,-1358.467077702793,2019-07-22T12:44:52Z,46.47045000,13.04538333,1452.00,103.854
3491,2,1768,1793.195371842966,-1357.467077702793,2019-07-22T12:44:53Z,46.47061667,13.04531667,1452.00,103.835
3492,2,1769,1794.195371842966,-1356.467077702793,2019-07-22T12:44:54Z,46.47076667,13.04523333,1451.00,103.818
3493,2,1770,1795.195371842966,-1355.467077702793,2019-07-22T12:44:55Z,46.47093333,13.04516667,1449.00,103.8
3494,2,1771,1796.195371842966,-1354.467077702793,2019-07-22T12:44:56Z,46.47108333,13.04508333,1449.00,103.783
3495,2,1772,1797.195371842966,-1353.467077702793,2019-07-22T12:44:57Z,46.47125000,13.04500000,1448.00,103.764
3496,2,1773,1798.195371842966,-1352.467077702793,2019-07-22T12:44:58Z,46.47141667,13.04491667,1447.00,103.745
3497,2,1774,1799.195371842966,-1351.467077702793,2019-07-22T12:44:59Z,46.47156667,13.04483333,1446.00,103.729
3498,2,1775,1800.195371842966,-1350.467077702793,2019-07-22T12:45:00Z,46.47173333,13.04475000,1445.00,103.71
3499,2,1776,1801.195371842966,-1349.467077702793,2019-07-22T12:45:01Z,46.47190000,13.04466667,1444.00,103.691
3500,2,1777,1802.195371842966,-1348.467077702793,2019-07-22T12:45:02Z,46.47206667,13.04460000,1443.00,103.673
3501,2,1778,1803.195371842966,-1347.467077702793,2019-07-22T12:45:03Z,46.47221667,13.04451667,1443.00,103.656
3502,2,1779,1804.195371842966,-1346.467077702793,2019-07-22T12:45:04Z,46.47238333,13.04443333,1442.00,103.637
3503,2,1780,1805.195371842966,-1345.467077702793,2019-07-22T12:45:05Z,46.47255000,13.04435000,1441.00,103.618
3504,2,1781,1806.195371842966,-1344.467077702793,2019-07-22T12:45:06Z,46.47271667,13.04426667,1441.00,103.6
3505,2,1782,1807.195371842966,-1343.467077702793,2019-07-22T12:45:07Z,46.47288333,13.04418333,1441.00,103.581
3506,2,1783,1808.195371842966,-1342.467077702793,2019-07-22T12:45:08Z,46.47305000,13.04410000,1441.00,103.562
3507,2,1784,1809.195371842966,-1341.467077702793,2019-07-22T12:45:09Z,46.47323333,13.04403333,1441.00,103.542
3508,2,1785,1810.195371842966,-1340.467077702793,2019-07-22T12:45:10Z,46.47341667,13.04398333,1441.00,103.521
3509,2,1786,1811.195371842966,-1339.467077702793,2019-07-22T12:45:11Z,46.47360000,13.04391667,1442.00,103.501
3510,2,1787,1812.195371842966,-1338.467077702793,2019-07-22T12:45:12Z,46.47378333,13.04386667,1444.00,103.48
3511,2,1788,1813.195371842966,-1337.467077702793,2019-07-22T12:45:13Z,46.47395000,13.04383333,1446.00,103.462
3512,2,1789,1814.195371842966,-1336.467077702793,2019-07-22T12:45:14Z,46.47413333,13.04381667,1447.00,103.441
3513,2,1790,1815.195371842966,-1335.467077702793,2019-07-22T12:45:15Z,46.47431667,13.04385000,1448.00,103.421
3514,2,1791,1816.195371842966,-1334.467077702793,2019-07-22T12:45:16Z,46.47448333,13.04390000,1450.00,103.403
3515,2,1792,1817.195371842966,-1333.467077702793,2019-07-22T12:45:17Z,46.47466667,13.04398333,1451.00,103.382
3516,2,1793,1818.195371842966,-1332.467077702793,2019-07-22T12:45:18Z,46.47483333,13.04406667,1452.00,103.364
3517,2,1794,1819.195371842966,-1331.467077702793,2019-07-22T12:45:19Z,46.47500000,13.04413333,1454.00,103.346
3518,2,1795,1820.195371842966,-1330.467077702793,2019-07-22T12:45:20Z,46.47518333,13.04416667,1456.00,103.325
3519,2,1796,1821.195371842966,-1329.467077702793,2019-07-22T12:45:21Z,46.47535000,13.04416667,1458.00,103.307
3520,2,1797,1822.195371842966,-1328.467077702793,2019-07-22T12:45:22Z,46.47550000,13.04410000,1459.00,103.29
3521,2,1798,1823.195371842966,-1327.467077702793,2019-07-22T12:45:23Z,46.47563333,13.04398333,1460.00,103.275
3522,2,1799,1824.195371842966,-1326.467077702793,2019-07-22T12:45:24Z,46.47571667,13.04381667,1459.00,103.265
3523,2,1800,1825.195371842966,-1325.467077702793,2019-07-22T12:45:25Z,46.47576667,13.04360000,1458.00,103.259
3524,2,1801,1826.195371842966,-1324.467077702793,2019-07-22T12:45:26Z,46.47575000,13.04340000,1456.00,103.261
3525,2,1802,1827.195371842966,-1323.467077702793,2019-07-22T12:45:27Z,46.47568333,13.04323333,1455.00,103.268
3526,2,1803,1828.195371842966,-1322.467077702793,2019-07-22T12:45:28Z,46.47558333,13.04310000,1453.00,103.279
3527,2,1804,1829.195371842966,-1321.467077702793,2019-07-22T12:45:29Z,46.47546667,13.04301667,1450.00,103.292
3528,2,1805,1830.195371842966,-1320.467077702793,2019-07-22T12:45:30Z,46.47535000,13.04296667,1447.00,103.305
3529,2,1806,1831.195371842966,-1319.467077702793,2019-07-22T12:45:31Z,46.47521667,13.04296667,1445.00,103.32
3530,2,1807,1832.195371842966,-1318.467077702793,2019-07-22T12:45:32Z,46.47510000,13.04300000,1444.00,103.333
3531,2,1808,1833.195371842966,-1317.467077702793,2019-07-22T12:45:33Z,46.47498333,13.04306667,1444.00,103.346
3532,2,1809,1834.195371842966,-1316.467077702793,2019-07-22T12:45:34Z,46.47486667,13.04315000,1445.00,103.359
3533,2,1810,1835.195371842966,-1315.467077702793,2019-07-22T12:45:35Z,46.47475000,13.04321667,1447.00,103.372
3534,2,1811,1836.195371842966,-1314.467077702793,2019-07-22T12:45:36Z,46.47466667,13.04328333,1450.00,103.381
3535,2,1812,1837.195371842966,-1313.467077702793,2019-07-22T12:45:37Z,46.47456667,13.04335000,1453.00,103.392
3536,2,1813,1838.195371842966,-1312.467077702793,2019-07-22T12:45:38Z,46.47448333,13.04341667,1455.00,103.402
3537,2,1814,1839.195371842966,-1311.467077702793,2019-07-22T12:45:39Z,46.47441667,13.04351667,1457.00,103.409
3538,2,1815,1840.195371842966,-1310.467077702793,2019-07-22T12:45:40Z,46.47435000,13.04366667,1458.00,103.417
3539,2,1816,1841.195371842966,-1309.467077702793,2019-07-22T12:45:41Z,46.47431667,13.04385000,1459.00,103.421
3540,2,1817,1842.195371842966,-1308.467077702793,2019-07-22T12:45:42Z,46.47433333,13.04406667,1461.00,103.42
3541,2,1818,1843.195371842966,-1307.467077702793,2019-07-22T12:45:43Z,46.47440000,13.04430000,1462.00,103.413
3542,2,1819,1844.195371842966,-1306.467077702793,2019-07-22T12:45:44Z,46.47455000,13.04445000,1464.00,103.396
3543,2,1820,1845.195371842966,-1305.467077702793,2019-07-22T12:45:45Z,46.47471667,13.04451667,1466.00,103.378
3544,2,1821,1846.195371842966,-1304.467077702793,2019-07-22T12:45:46Z,46.47490000,13.04448333,1467.00,103.357
3545,2,1822,1847.195371842966,-1303.467077702793,2019-07-22T12:45:47Z,46.47505000,13.04436667,1468.00,103.34
3546,2,1823,1848.195371842966,-1302.467077702793,2019-07-22T12:45:48Z,46.47515000,13.04420000,1470.00,103.329
3547,2,1824,1849.195371842966,-1301.467077702793,2019-07-22T12:45:49Z,46.47520000,13.04400000,1472.00,103.323
3548,2,1825,1850.195371842966,-1300.467077702793,2019-07-22T12:45:50Z,46.47516667,13.04385000,1474.00,103.326
3549,2,1826,1851.195371842966,-1299.467077702793,2019-07-22T12:45:51Z,46.47508333,13.04376667,1475.00,103.336
3550,2,1827,1852.195371842966,-1298.467077702793,2019-07-22T12:45:52Z,46.47498333,13.04381667,1476.00,103.347
3551,2,1828,1853.195371842966,-1297.467077702793,2019-07-22T12:45:53Z,46.47488333,13.04393333,1477.00,103.358
3552,2,1829,1854.195371842966,-1296.467077702793,2019-07-22T12:45:54Z,46.47485000,13.04411667,1480.00,103.362
3553,2,1830,1855.195371842966,-1295.467077702793,2019-07-22T12:45:55Z,46.47486667,13.04433333,1482.00,103.361
3554,2,1831,1856.195371842966,-1294.467077702793,2019-07-22T12:45:56Z,46.47495000,13.04453333,1485.00,103.352
3555,2,1832,1857.195371842966,-1293.467077702793,2019-07-22T12:45:57Z,46.47508333,13.04468333,1488.00,103.337
3556,2,1833,1858.195371842966,-1292.467077702793,2019-07-22T12:45:58Z,46.47525000,13.04476667,1491.00,103.319
3557,2,1834,1859.195371842966,-1291.467077702793,2019-07-22T12:45:59Z,46.47541667,13.04480000,1494.00,103.301
3558,2,1835,1860.195371842966,-1290.467077702793,2019-07-22T12:46:00Z,46.47558333,13.04476667,1496.00,103.282
3559,2,1836,1861.195371842966,-1289.467077702793,2019-07-22T12:46:01Z,46.47573333,13.04466667,1498.00,103.265
3560,2,1837,1862.195371842966,-1288.467077702793,2019-07-22T12:46:02Z,46.47586667,13.04453333,1499.00,103.25
3561,2,1838,1863.195371842966,-1287.467077702793,2019-07-22T12:46:03Z,46.47595000,13.04436667,1501.00,103.24
3562,2,1839,1864.195371842966,-1286.467077702793,2019-07-22T12:46:04Z,46.47598333,13.04418333,1502.00,103.236
3563,2,1840,1865.195371842966,-1285.467077702793,2019-07-22T12:46:05Z,46.47596667,13.04401667,1502.00,103.238
3564,2,1841,1866.195371842966,-1284.467077702793,2019-07-22T12:46:06Z,46.47588333,13.04390000,1502.00,103.247
3565,2,1842,1867.195371842966,-1283.467077702793,2019-07-22T12:46:07Z,46.47576667,13.04383333,1502.00,103.26
3566,2,1843,1868.195371842966,-1282.467077702793,2019-07-22T12:46:08Z,46.47565000,13.04385000,1501.00,103.273
3567,2,1844,1869.195371842966,-1281.467077702793,2019-07-22T12:46:09Z,46.47555000,13.04395000,1504.00,103.284
3568,2,1845,1870.195371842966,-1280.467077702793,2019-07-22T12:46:10Z,46.47548333,13.04408333,1507.00,103.292
3569,2,1846,1871.195371842966,-1279.467077702793,2019-07-22T12:46:11Z,46.47548333,13.04426667,1511.00,103.292
3570,2,1847,1872.195371842966,-1278.467077702793,2019-07-22T12:46:12Z,46.47551667,13.04445000,1516.00,103.289
3571,2,1848,1873.195371842966,-1277.467077702793,2019-07-22T12:46:13Z,46.47558333,13.04461667,1520.00,103.282
3572,2,1849,1874.195371842966,-1276.467077702793,2019-07-22T12:46:14Z,46.47568333,13.04476667,1524.00,103.271
3573,2,1850,1875.195371842966,-1275.467077702793,2019-07-22T12:46:15Z,46.47583333,13.04486667,1527.00,103.254
3574,2,1851,1876.195371842966,-1274.467077702793,2019-07-22T12:46:16Z,46.47600000,13.04490000,1529.00,103.236
3575,2,1852,1877.195371842966,-1273.467077702793,2019-07-22T12:46:17Z,46.47616667,13.04485000,1531.00,103.217
3576,2,1853,1878.195371842966,-1272.467077702793,2019-07-22T12:46:18Z,46.47631667,13.04473333,1532.00,103.2
3577,2,1854,1879.195371842966,-1271.467077702793,2019-07-22T12:46:19Z,46.47641667,13.04456667,1533.00,103.189
3578,2,1855,1880.195371842966,-1270.467077702793,2019-07-22T12:46:20Z,46.47645000,13.04436667,1533.00,103.185
3579,2,1856,1881.195371842966,-1269.467077702793,2019-07-22T12:46:21Z,46.47643333,13.04418333,1533.00,103.186
3580,2,1857,1882.195371842966,-1268.467077702793,2019-07-22T12:46:22Z,46.47635000,13.04403333,1533.00,103.195
3581,2,1858,1883.195371842966,-1267.467077702793,2019-07-22T12:46:23Z,46.47625000,13.04395000,1534.00,103.206
3582,2,1859,1884.195371842966,-1266.467077702793,2019-07-22T12:46:24Z,46.47613333,13.04391667,1535.00,103.219
3583,2,1860,1885.195371842966,-1265.467077702793,2019-07-22T12:46:25Z,46.47605000,13.04393333,1537.00,103.228
3584,2,1861,1886.195371842966,-1264.467077702793,2019-07-22T12:46:26Z,46.47595000,13.04398333,1541.00,103.24
3585,2,1862,1887.195371842966,-1263.467077702793,2019-07-22T12:46:27Z,46.47586667,13.04405000,1545.00,103.249
3586,2,1863,1888.195371842966,-1262.467077702793,2019-07-22T12:46:28Z,46.47578333,13.04413333,1549.00,103.258
3587,2,1864,1889.195371842966,-1261.467077702793,2019-07-22T12:46:29Z,46.47573333,13.04425000,1552.00,103.264
3588,2,1865,1890.195371842966,-1260.467077702793,2019-07-22T12:46:30Z,46.47570000,13.04441667,1556.00,103.268
3589,2,1866,1891.195371842966,-1259.467077702793,2019-07-22T12:46:31Z,46.47571667,13.04461667,1560.00,103.267
3590,2,1867,1892.195371842966,-1258.467077702793,2019-07-22T12:46:32Z,46.47578333,13.04480000,1563.00,103.26
3591,2,1868,1893.195371842966,-1257.467077702793,2019-07-22T12:46:33Z,46.47593333,13.04495000,1565.00,103.244
3592,2,1869,1894.195371842966,-1256.467077702793,2019-07-22T12:46:34Z,46.47610000,13.04501667,1566.00,103.225
3593,2,1870,1895.195371842966,-1255.467077702793,2019-07-22T12:46:35Z,46.47630000,13.04501667,1569.00,103.203
3594,2,1871,1896.195371842966,-1254.467077702793,2019-07-22T12:46:36Z,46.47645000,13.04488333,1571.00,103.186
3595,2,1872,1897.195371842966,-1253.467077702793,2019-07-22T12:46:37Z,46.47655000,13.04466667,1573.00,103.174
3596,2,1873,1898.195371842966,-1252.467077702793,2019-07-22T12:46:38Z,46.47656667,13.04445000,1575.00,103.172
3597,2,1874,1899.195371842966,-1251.467077702793,2019-07-22T12:46:39Z,46.47651667,13.04426667,1577.00,103.177
3598,2,1875,1900.195371842966,-1250.467077702793,2019-07-22T12:46:40Z,46.47641667,13.04413333,1579.00,103.188
3599,2,1876,1901.195371842966,-1249.467077702793,2019-07-22T12:46:41Z,46.47630000,13.04410000,1580.00,103.201
3600,2,1877,1902.195371842966,-1248.467077702793,2019-07-22T12:46:42Z,46.47618333,13.04415000,1582.00,103.214
3601,2,1878,1903.195371842966,-1247.467077702793,2019-07-22T12:46:43Z,46.47608333,13.04428333,1585.00,103.225
3602,2,1879,1904.195371842966,-1246.467077702793,2019-07-22T12:46:44Z,46.47603333,13.04445000,1588.00,103.231
3603,2,1880,1905.195371842966,-1245.467077702793,2019-07-22T12:46:45Z,46.47603333,13.04465000,1590.00,103.232
3604,2,1881,1906.195371842966,-1244.467077702793,2019-07-22T12:46:46Z,46.47610000,13.04485000,1592.00,103.225
3605,2,1882,1907.195371842966,-1243.467077702793,2019-07-22T12:46:47Z,46.47623333,13.04500000,1593.00,103.21
3606,2,1883,1908.195371842966,-1242.467077702793,2019-07-22T12:46:48Z,46.47641667,13.04505000,1594.00,103.19
3607,2,1884,1909.195371842966,-1241.467077702793,2019-07-22T12:46:49Z,46.47660000,13.04501667,1597.00,103.17
3608,2,1885,1910.195371842966,-1240.467077702793,2019-07-22T12:46:50Z,46.47675000,13.04488333,1600.00,103.153
3609,2,1886,1911.195371842966,-1239.467077702793,2019-07-22T12:46:51Z,46.47685000,13.04471667,1603.00,103.141
3610,2,1887,1912.195371842966,-1238.467077702793,2019-07-22T12:46:52Z,46.47691667,13.04451667,1607.00,103.133
3611,2,1888,1913.195371842966,-1237.467077702793,2019-07-22T12:46:53Z,46.47691667,13.04431667,1609.00,103.133
3612,2,1889,1914.195371842966,-1236.467077702793,2019-07-22T12:46:54Z,46.47685000,13.04416667,1611.00,103.14
3613,2,1890,1915.195371842966,-1235.467077702793,2019-07-22T12:46:55Z,46.47673333,13.04406667,1613.00,103.153
3614,2,1891,1916.195371842966,-1234.467077702793,2019-07-22T12:46:56Z,46.47660000,13.04406667,1615.00,103.168
3615,2,1892,1917.195371842966,-1233.467077702793,2019-07-22T12:46:57Z,46.47648333,13.04413333,1616.00,103.181
3616,2,1893,1918.195371842966,-1232.467077702793,2019-07-22T12:46:58Z,46.47638333,13.04426667,1619.00,103.192
3617,2,1894,1919.195371842966,-1231.467077702793,2019-07-22T12:46:59Z,46.47633333,13.04443333,1621.00,103.198
3618,2,1895,1920.195371842966,-1230.467077702793,2019-07-22T12:47:00Z,46.47633333,13.04463333,1624.00,103.198
3619,2,1896,1921.195371842966,-1229.467077702793,2019-07-22T12:47:01Z,46.47636667,13.04481667,1625.00,103.195
3620,2,1897,1922.195371842966,-1228.467077702793,2019-07-22T12:47:02Z,46.47645000,13.04501667,1626.00,103.186
3621,2,1898,1923.195371842966,-1227.467077702793,2019-07-22T12:47:03Z,46.47658333,13.04518333,1627.00,103.172
3622,2,1899,1924.195371842966,-1226.467077702793,2019-07-22T12:47:04Z,46.47675000,13.04528333,1628.00,103.154
3623,2,1900,1925.195371842966,-1225.467077702793,2019-07-22T12:47:05Z,46.47693333,13.04530000,1628.00,103.133
3624,2,1901,1926.195371842966,-1224.467077702793,2019-07-22T12:47:06Z,46.47710000,13.04521667,1630.00,103.115
3625,2,1902,1927.195371842966,-1223.467077702793,2019-07-22T12:47:07Z,46.47723333,13.04508333,1632.00,103.099
3626,2,1903,1928.195371842966,-1222.467077702793,2019-07-22T12:47:08Z,46.47733333,13.04490000,1635.00,103.088
3627,2,1904,1929.195371842966,-1221.467077702793,2019-07-22T12:47:09Z,46.47740000,13.04470000,1638.00,103.08
3628,2,1905,1930.195371842966,-1220.467077702793,2019-07-22T12:47:10Z,46.47738333,13.04450000,1640.00,103.081
3629,2,1906,1931.195371842966,-1219.467077702793,2019-07-22T12:47:11Z,46.47733333,13.04431667,1642.00,103.087
3630,2,1907,1932.195371842966,-1218.467077702793,2019-07-22T12:47:12Z,46.47723333,13.04420000,1643.00,103.097
3631,2,1908,1933.195371842966,-1217.467077702793,2019-07-22T12:47:13Z,46.47710000,13.04413333,1645.00,103.112
3632,2,1909,1934.195371842966,-1216.467077702793,2019-07-22T12:47:14Z,46.47698333,13.04418333,1645.00,103.125
3633,2,1910,1935.195371842966,-1215.467077702793,2019-07-22T12:47:15Z,46.47690000,13.04430000,1647.00,103.135
3634,2,1911,1936.195371842966,-1214.467077702793,2019-07-22T12:47:16Z,46.47685000,13.04446667,1648.00,103.141
3635,2,1912,1937.195371842966,-1213.467077702793,2019-07-22T12:47:17Z,46.47685000,13.04465000,1650.00,103.141
3636,2,1913,1938.195371842966,-1212.467077702793,2019-07-22T12:47:18Z,46.47691667,13.04485000,1650.00,103.134
3637,2,1914,1939.195371842966,-1211.467077702793,2019-07-22T12:47:19Z,46.47703333,13.04501667,1650.00,103.121
3638,2,1915,1940.195371842966,-1210.467077702793,2019-07-22T12:47:20Z,46.47716667,13.04513333,1650.00,103.107
3639,2,1916,1941.195371842966,-1209.467077702793,2019-07-22T12:47:21Z,46.47735000,13.04518333,1650.00,103.087
3640,2,1917,1942.195371842966,-1208.467077702793,2019-07-22T12:47:22Z,46.47751667,13.04516667,1653.00,103.068
3641,2,1918,1943.195371842966,-1207.467077702793,2019-07-22T12:47:23Z,46.47766667,13.04510000,1656.00,103.051
3642,2,1919,1944.195371842966,-1206.467077702793,2019-07-22T12:47:24Z,46.47780000,13.04496667,1661.00,103.036
3643,2,1920,1945.195371842966,-1205.467077702793,2019-07-22T12:47:25Z,46.47788333,13.04480000,1666.00,103.026
3644,2,1921,1946.195371842966,-1204.467077702793,2019-07-22T12:47:26Z,46.47791667,13.04460000,1668.00,103.022
3645,2,1922,1947.195371842966,-1203.467077702793,2019-07-22T12:47:27Z,46.47790000,13.04440000,1668.00,103.024
3646,2,1923,1948.195371842966,-1202.467077702793,2019-07-22T12:47:28Z,46.47783333,13.04423333,1670.00,103.031
3647,2,1924,1949.195371842966,-1201.467077702793,2019-07-22T12:47:29Z,46.47771667,13.04415000,1671.00,103.044
3648,2,1925,1950.195371842966,-1200.467077702793,2019-07-22T12:47:30Z,46.47760000,13.04413333,1673.00,103.057
3649,2,1926,1951.195371842966,-1199.467077702793,2019-07-22T12:47:31Z,46.47750000,13.04420000,1674.00,103.068
3650,2,1927,1952.195371842966,-1198.467077702793,2019-07-22T12:47:32Z,46.47743333,13.04433333,1674.00,103.075
3651,2,1928,1953.195371842966,-1197.467077702793,2019-07-22T12:47:33Z,46.47741667,13.04451667,1675.00,103.078
3652,2,1929,1954.195371842966,-1196.467077702793,2019-07-22T12:47:34Z,46.47746667,13.04468333,1677.00,103.072
3653,2,1930,1955.195371842966,-1195.467077702793,2019-07-22T12:47:35Z,46.47755000,13.04486667,1678.00,103.064
3654,2,1931,1956.195371842966,-1194.467077702793,2019-07-22T12:47:36Z,46.47770000,13.04500000,1679.00,103.047
3655,2,1932,1957.195371842966,-1193.467077702793,2019-07-22T12:47:37Z,46.47786667,13.04505000,1678.00,103.029
3656,2,1933,1958.195371842966,-1192.467077702793,2019-07-22T12:47:38Z,46.47803333,13.04498333,1679.00,103.01
3657,2,1934,1959.195371842966,-1191.467077702793,2019-07-22T12:47:39Z,46.47813333,13.04480000,1680.00,102.999
3658,2,1935,1960.195371842966,-1190.467077702793,2019-07-22T12:47:40Z,46.47815000,13.04458333,1681.00,102.996
3659,2,1936,1961.195371842966,-1189.467077702793,2019-07-22T12:47:41Z,46.47810000,13.04438333,1682.00,103.001
3660,2,1937,1962.195371842966,-1188.467077702793,2019-07-22T12:47:42Z,46.47798333,13.04426667,1683.00,103.014
3661,2,1938,1963.195371842966,-1187.467077702793,2019-07-22T12:47:43Z,46.47785000,13.04423333,1685.00,103.029
3662,2,1939,1964.195371842966,-1186.467077702793,2019-07-22T12:47:44Z,46.47773333,13.04428333,1686.00,103.042
3663,2,1940,1965.195371842966,-1185.467077702793,2019-07-22T12:47:45Z,46.47765000,13.04438333,1687.00,103.051
3664,2,1941,1966.195371842966,-1184.467077702793,2019-07-22T12:47:46Z,46.47758333,13.04450000,1689.00,103.059
3665,2,1942,1967.195371842966,-1183.467077702793,2019-07-22T12:47:47Z,46.47753333,13.04465000,1691.00,103.065
3666,2,1943,1968.195371842966,-1182.467077702793,2019-07-22T12:47:48Z,46.47751667,13.04481667,1692.00,103.067
3667,2,1944,1969.195371842966,-1181.467077702793,2019-07-22T12:47:49Z,46.47751667,13.04500000,1694.00,103.068
3668,2,1945,1970.195371842966,-1180.467077702793,2019-07-22T12:47:50Z,46.47753333,13.04520000,1694.00,103.066
3669,2,1946,1971.195371842966,-1179.467077702793,2019-07-22T12:47:51Z,46.47756667,13.04540000,1695.00,103.063
3670,2,1947,1972.195371842966,-1178.467077702793,2019-07-22T12:47:52Z,46.47760000,13.04560000,1696.00,103.06
3671,2,1948,1973.195371842966,-1177.467077702793,2019-07-22T12:47:53Z,46.47766667,13.04578333,1698.00,103.053
3672,2,1949,1974.195371842966,-1176.467077702793,2019-07-22T12:47:54Z,46.47775000,13.04596667,1700.00,103.044
3673,2,1950,1975.195371842966,-1175.467077702793,2019-07-22T12:47:55Z,46.47788333,13.04608333,1702.00,103.03
3674,2,1951,1976.195371842966,-1174.467077702793,2019-07-22T12:47:56Z,46.47805000,13.04615000,1703.00,103.012
3675,2,1952,1977.195371842966,-1173.467077702793,2019-07-22T12:47:57Z,46.47821667,13.04615000,1702.00,102.993
3676,2,1953,1978.195371842966,-1172.467077702793,2019-07-22T12:47:58Z,46.47838333,13.04606667,1702.00,102.974
3677,2,1954,1979.195371842966,-1171.467077702793,2019-07-22T12:47:59Z,46.47851667,13.04591667,1703.00,102.959
3678,2,1955,1980.195371842966,-1170.467077702793,2019-07-22T12:48:00Z,46.47860000,13.04571667,1704.00,102.949
3679,2,1956,1981.195371842966,-1169.467077702793,2019-07-22T12:48:01Z,46.47861667,13.04551667,1704.00,102.947
3680,2,1957,1982.195371842966,-1168.467077702793,2019-07-22T12:48:02Z,46.47858333,13.04531667,1706.00,102.95
3681,2,1958,1983.195371842966,-1167.467077702793,2019-07-22T12:48:03Z,46.47848333,13.04518333,1708.00,102.961
3682,2,1959,1984.195371842966,-1166.467077702793,2019-07-22T12:48:04Z,46.47835000,13.04515000,1710.00,102.975
3683,2,1960,1985.195371842966,-1165.467077702793,2019-07-22T12:48:05Z,46.47823333,13.04520000,1712.00,102.989
3684,2,1961,1986.195371842966,-1164.467077702793,2019-07-22T12:48:06Z,46.47815000,13.04533333,1713.00,102.998
3685,2,1962,1987.195371842966,-1163.467077702793,2019-07-22T12:48:07Z,46.47811667,13.04550000,1716.00,103.002
3686,2,1963,1988.195371842966,-1162.467077702793,2019-07-22T12:48:08Z,46.47813333,13.04570000,1718.00,103.001
3687,2,1964,1989.195371842966,-1161.467077702793,2019-07-22T12:48:09Z,46.47820000,13.04586667,1720.00,102.994
3688,2,1965,1990.195371842966,-1160.467077702793,2019-07-22T12:48:10Z,46.47831667,13.04600000,1721.00,102.982
3689,2,1966,1991.195371842966,-1159.467077702793,2019-07-22T12:48:11Z,46.47846667,13.04608333,1722.00,102.965
3690,2,1967,1992.195371842966,-1158.467077702793,2019-07-22T12:48:12Z,46.47861667,13.04608333,1723.00,102.948
3691,2,1968,1993.195371842966,-1157.467077702793,2019-07-22T12:48:13Z,46.47876667,13.04600000,1725.00,102.932
3692,2,1969,1994.195371842966,-1156.467077702793,2019-07-22T12:48:14Z,46.47890000,13.04588333,1726.00,102.916
3693,2,1970,1995.195371842966,-1155.467077702793,2019-07-22T12:48:15Z,46.47900000,13.04571667,1727.00,102.905
3694,2,1971,1996.195371842966,-1154.467077702793,2019-07-22T12:48:16Z,46.47906667,13.04551667,1729.00,102.897
3695,2,1972,1997.195371842966,-1153.467077702793,2019-07-22T12:48:17Z,46.47905000,13.04531667,1730.00,102.898
3696,2,1973,1998.195371842966,-1152.467077702793,2019-07-22T12:48:18Z,46.47898333,13.04515000,1731.00,102.905
3697,2,1974,1999.195371842966,-1151.467077702793,2019-07-22T12:48:19Z,46.47885000,13.04508333,1732.00,102.92
3698,2,1975,2000.195371842966,-1150.467077702793,2019-07-22T12:48:20Z,46.47873333,13.04510000,1733.00,102.933
3699,2,1976,2001.195371842966,-1149.467077702793,2019-07-22T12:48:21Z,46.47863333,13.04520000,1735.00,102.944
3700,2,1977,2002.195371842966,-1148.467077702793,2019-07-22T12:48:22Z,46.47856667,13.04535000,1738.00,102.952
3701,2,1978,2003.195371842966,-1147.467077702793,2019-07-22T12:48:23Z,46.47855000,13.04555000,1741.00,102.954
3702,2,1979,2004.195371842966,-1146.467077702793,2019-07-22T12:48:24Z,46.47860000,13.04573333,1742.00,102.949
3703,2,1980,2005.195371842966,-1145.467077702793,2019-07-22T12:48:25Z,46.47870000,13.04590000,1744.00,102.939
3704,2,1981,2006.195371842966,-1144.467077702793,2019-07-22T12:48:26Z,46.47885000,13.04600000,1745.00,102.922
3705,2,1982,2007.195371842966,-1143.467077702793,2019-07-22T12:48:27Z,46.47901667,13.04603333,1747.00,102.904
3706,2,1983,2008.195371842966,-1142.467077702793,2019-07-22T12:48:28Z,46.47916667,13.04598333,1748.00,102.887
3707,2,1984,2009.195371842966,-1141.467077702793,2019-07-22T12:48:29Z,46.47931667,13.04586667,1749.00,102.87
3708,2,1985,2010.195371842966,-1140.467077702793,2019-07-22T12:48:30Z,46.47943333,13.04566667,1750.00,102.856
3709,2,1986,2011.195371842966,-1139.467077702793,2019-07-22T12:48:31Z,46.47948333,13.04545000,1752.00,102.85
3710,2,1987,2012.195371842966,-1138.467077702793,2019-07-22T12:48:32Z,46.47950000,13.04523333,1754.00,102.848
3711,2,1988,2013.195371842966,-1137.467077702793,2019-07-22T12:48:33Z,46.47946667,13.04501667,1756.00,102.851
3712,2,1989,2014.195371842966,-1136.467077702793,2019-07-22T12:48:34Z,46.47938333,13.04486667,1757.00,102.86
3713,2,1990,2015.195371842966,-1135.467077702793,2019-07-22T12:48:35Z,46.47925000,13.04478333,1758.00,102.875
3714,2,1991,2016.195371842966,-1134.467077702793,2019-07-22T12:48:36Z,46.47911667,13.04478333,1759.00,102.889
3715,2,1992,2017.195371842966,-1133.467077702793,2019-07-22T12:48:37Z,46.47900000,13.04486667,1759.00,102.902
3716,2,1993,2018.195371842966,-1132.467077702793,2019-07-22T12:48:38Z,46.47891667,13.04501667,1760.00,102.912
3717,2,1994,2019.195371842966,-1131.467077702793,2019-07-22T12:48:39Z,46.47888333,13.04521667,1761.00,102.916
3718,2,1995,2020.195371842966,-1130.467077702793,2019-07-22T12:48:40Z,46.47888333,13.04543333,1761.00,102.917
3719,2,1996,2021.195371842966,-1129.467077702793,2019-07-22T12:48:41Z,46.47895000,13.04563333,1762.00,102.91
3720,2,1997,2022.195371842966,-1128.467077702793,2019-07-22T12:48:42Z,46.47905000,13.04581667,1763.00,102.899
3721,2,1998,2023.195371842966,-1127.467077702793,2019-07-22T12:48:43Z,46.47916667,13.04595000,1766.00,102.887
3722,2,1999,2024.195371842966,-1126.467077702793,2019-07-22T12:48:44Z,46.47931667,13.04605000,1768.00,102.871
3723,2,2000,2025.195371842966,-1125.467077702793,2019-07-22T12:48:45Z,46.47946667,13.04610000,1769.00,102.854
3724,2,2001,2026.195371842966,-1124.467077702793,2019-07-22T12:48:46Z,46.47961667,13.04608333,1771.00,102.837
3725,2,2002,2027.195371842966,-1123.467077702793,2019-07-22T12:48:47Z,46.47976667,13.04600000,1773.00,102.82
3726,2,2003,2028.195371842966,-1122.467077702793,2019-07-22T12:48:48Z,46.47990000,13.04583333,1774.00,102.805
3727,2,2004,2029.195371842966,-1121.467077702793,2019-07-22T12:48:49Z,46.47996667,13.04560000,1774.00,102.797
3728,2,2005,2030.195371842966,-1120.467077702793,2019-07-22T12:48:50Z,46.47995000,13.04536667,1774.00,102.798
3729,2,2006,2031.195371842966,-1119.467077702793,2019-07-22T12:48:51Z,46.47990000,13.04516667,1776.00,102.803
3730,2,2007,2032.195371842966,-1118.467077702793,2019-07-22T12:48:52Z,46.47981667,13.04501667,1778.00,102.812
3731,2,2008,2033.195371842966,-1117.467077702793,2019-07-22T12:48:53Z,46.47970000,13.04491667,1780.00,102.825
3732,2,2009,2034.195371842966,-1116.467077702793,2019-07-22T12:48:54Z,46.47960000,13.04488333,1780.00,102.836
3733,2,2010,2035.195371842966,-1115.467077702793,2019-07-22T12:48:55Z,46.47946667,13.04491667,1781.00,102.851
3734,2,2011,2036.195371842966,-1114.467077702793,2019-07-22T12:48:56Z,46.47936667,13.04498333,1782.00,102.862
3735,2,2012,2037.195371842966,-1113.467077702793,2019-07-22T12:48:57Z,46.47928333,13.04511667,1782.00,102.872
3736,2,2013,2038.195371842966,-1112.467077702793,2019-07-22T12:48:58Z,46.47921667,13.04528333,1782.00,102.879
3737,2,2014,2039.195371842966,-1111.467077702793,2019-07-22T12:48:59Z,46.47918333,13.04548333,1782.00,102.884
3738,2,2015,2040.195371842966,-1110.467077702793,2019-07-22T12:49:00Z,46.47918333,13.04570000,1783.00,102.884
3739,2,2016,2041.195371842966,-1109.467077702793,2019-07-22T12:49:01Z,46.47920000,13.04588333,1785.00,102.883
3740,2,2017,2042.195371842966,-1108.467077702793,2019-07-22T12:49:02Z,46.47923333,13.04605000,1787.00,102.88
3741,2,2018,2043.195371842966,-1107.467077702793,2019-07-22T12:49:03Z,46.47928333,13.04621667,1789.00,102.875
3742,2,2019,2044.195371842966,-1106.467077702793,2019-07-22T12:49:04Z,46.47935000,13.04638333,1790.00,102.868
3743,2,2020,2045.195371842966,-1105.467077702793,2019-07-22T12:49:05Z,46.47941667,13.04653333,1790.00,102.861
3744,2,2021,2046.195371842966,-1104.467077702793,2019-07-22T12:49:06Z,46.47951667,13.04670000,1789.00,102.851
3745,2,2022,2047.195371842966,-1103.467077702793,2019-07-22T12:49:07Z,46.47961667,13.04685000,1790.00,102.84
3746,2,2023,2048.195371842966,-1102.467077702793,2019-07-22T12:49:08Z,46.47971667,13.04698333,1791.00,102.829
3747,2,2024,2049.195371842966,-1101.467077702793,2019-07-22T12:49:09Z,46.47981667,13.04711667,1793.00,102.819
3748,2,2025,2050.195371842966,-1100.467077702793,2019-07-22T12:49:10Z,46.47993333,13.04723333,1794.00,102.806
3749,2,2026,2051.195371842966,-1099.467077702793,2019-07-22T12:49:11Z,46.48006667,13.04735000,1795.00,102.792
3750,2,2027,2052.195371842966,-1098.467077702793,2019-07-22T12:49:12Z,46.48021667,13.04743333,1797.00,102.776
3751,2,2028,2053.195371842966,-1097.467077702793,2019-07-22T12:49:13Z,46.48038333,13.04748333,1799.00,102.757
3752,2,2029,2054.195371842966,-1096.467077702793,2019-07-22T12:49:14Z,46.48055000,13.04746667,1801.00,102.739
3753,2,2030,2055.195371842966,-1095.467077702793,2019-07-22T12:49:15Z,46.48070000,13.04738333,1801.00,102.722
3754,2,2031,2056.195371842966,-1094.467077702793,2019-07-22T12:49:16Z,46.48083333,13.04721667,1800.00,102.706
3755,2,2032,2057.195371842966,-1093.467077702793,2019-07-22T12:49:17Z,46.48090000,13.04698333,1799.00,102.698
3756,2,2033,2058.195371842966,-1092.467077702793,2019-07-22T12:49:18Z,46.48088333,13.04675000,1796.00,102.699
3757,2,2034,2059.195371842966,-1091.467077702793,2019-07-22T12:49:19Z,46.48080000,13.04655000,1794.00,102.707
3758,2,2035,2060.195371842966,-1090.467077702793,2019-07-22T12:49:20Z,46.48068333,13.04640000,1792.00,102.72
3759,2,2036,2061.195371842966,-1089.467077702793,2019-07-22T12:49:21Z,46.48055000,13.04633333,1792.00,102.734
3760,2,2037,2062.195371842966,-1088.467077702793,2019-07-22T12:49:22Z,46.48041667,13.04628333,1794.00,102.749
3761,2,2038,2063.195371842966,-1087.467077702793,2019-07-22T12:49:23Z,46.48030000,13.04628333,1796.00,102.762
3762,2,2039,2064.195371842966,-1086.467077702793,2019-07-22T12:49:24Z,46.48018333,13.04633333,1799.00,102.775
3763,2,2040,2065.195371842966,-1085.467077702793,2019-07-22T12:49:25Z,46.48008333,13.04641667,1801.00,102.787
3764,2,2041,2066.195371842966,-1084.467077702793,2019-07-22T12:49:26Z,46.48000000,13.04655000,1804.00,102.796
3765,2,2042,2067.195371842966,-1083.467077702793,2019-07-22T12:49:27Z,46.47995000,13.04670000,1805.00,102.802
3766,2,2043,2068.195371842966,-1082.467077702793,2019-07-22T12:49:28Z,46.47991667,13.04686667,1806.00,102.807
3767,2,2044,2069.195371842966,-1081.467077702793,2019-07-22T12:49:29Z,46.47990000,13.04706667,1807.00,102.809
3768,2,2045,2070.195371842966,-1080.467077702793,2019-07-22T12:49:30Z,46.47991667,13.04726667,1809.00,102.808
3769,2,2046,2071.195371842966,-1079.467077702793,2019-07-22T12:49:31Z,46.47995000,13.04746667,1810.00,102.805
3770,2,2047,2072.195371842966,-1078.467077702793,2019-07-22T12:49:32Z,46.48000000,13.04765000,1810.00,102.801
3771,2,2048,2073.195371842966,-1077.467077702793,2019-07-22T12:49:33Z,46.48010000,13.04783333,1810.00,102.79
3772,2,2049,2074.195371842966,-1076.467077702793,2019-07-22T12:49:34Z,46.48021667,13.04800000,1811.00,102.778
3773,2,2050,2075.195371842966,-1075.467077702793,2019-07-22T12:49:35Z,46.48035000,13.04815000,1814.00,102.764
3774,2,2051,2076.195371842966,-1074.467077702793,2019-07-22T12:49:36Z,46.48048333,13.04828333,1818.00,102.75
3775,2,2052,2077.195371842966,-1073.467077702793,2019-07-22T12:49:37Z,46.48061667,13.04838333,1822.00,102.735
3776,2,2053,2078.195371842966,-1072.467077702793,2019-07-22T12:49:38Z,46.48075000,13.04845000,1826.00,102.721
3777,2,2054,2079.195371842966,-1071.467077702793,2019-07-22T12:49:39Z,46.48088333,13.04850000,1829.00,102.706
3778,2,2055,2080.195371842966,-1070.467077702793,2019-07-22T12:49:40Z,46.48105000,13.04851667,1831.00,102.688
3779,2,2056,2081.195371842966,-1069.467077702793,2019-07-22T12:49:41Z,46.48118333,13.04846667,1833.00,102.673
3780,2,2057,2082.195371842966,-1068.467077702793,2019-07-22T12:49:42Z,46.48130000,13.04835000,1834.00,102.659
3781,2,2058,2083.195371842966,-1067.467077702793,2019-07-22T12:49:43Z,46.48138333,13.04816667,1835.00,102.649
3782,2,2059,2084.195371842966,-1066.467077702793,2019-07-22T12:49:44Z,46.48143333,13.04796667,1836.00,102.643
3783,2,2060,2085.195371842966,-1065.467077702793,2019-07-22T12:49:45Z,46.48143333,13.04775000,1837.00,102.642
3784,2,2061,2086.195371842966,-1064.467077702793,2019-07-22T12:49:46Z,46.48140000,13.04755000,1838.00,102.645
3785,2,2062,2087.195371842966,-1063.467077702793,2019-07-22T12:49:47Z,46.48131667,13.04736667,1839.00,102.653
3786,2,2063,2088.195371842966,-1062.467077702793,2019-07-22T12:49:48Z,46.48121667,13.04725000,1840.00,102.664
3787,2,2064,2089.195371842966,-1061.467077702793,2019-07-22T12:49:49Z,46.48108333,13.04720000,1841.00,102.678
3788,2,2065,2090.195371842966,-1060.467077702793,2019-07-22T12:49:50Z,46.48095000,13.04721667,1840.00,102.693
3789,2,2066,2091.195371842966,-1059.467077702793,2019-07-22T12:49:51Z,46.48081667,13.04731667,1840.00,102.709
3790,2,2067,2092.195371842966,-1058.467077702793,2019-07-22T12:49:52Z,46.48071667,13.04745000,1842.00,102.72
3791,2,2068,2093.195371842966,-1057.467077702793,2019-07-22T12:49:53Z,46.48065000,13.04760000,1843.00,102.728
3792,2,2069,2094.195371842966,-1056.467077702793,2019-07-22T12:49:54Z,46.48060000,13.04776667,1846.00,102.734
3793,2,2070,2095.195371842966,-1055.467077702793,2019-07-22T12:49:55Z,46.48056667,13.04795000,1848.00,102.739
3794,2,2071,2096.195371842966,-1054.467077702793,2019-07-22T12:49:56Z,46.48056667,13.04815000,1851.00,102.74
3795,2,2072,2097.195371842966,-1053.467077702793,2019-07-22T12:49:57Z,46.48060000,13.04835000,1854.00,102.737
3796,2,2073,2098.195371842966,-1052.467077702793,2019-07-22T12:49:58Z,46.48065000,13.04853333,1857.00,102.732
3797,2,2074,2099.195371842966,-1051.467077702793,2019-07-22T12:49:59Z,46.48073333,13.04870000,1861.00,102.724
3798,2,2075,2100.195371842966,-1050.467077702793,2019-07-22T12:50:00Z,46.48086667,13.04881667,1864.00,102.71
3799,2,2076,2101.195371842966,-1049.467077702793,2019-07-22T12:50:01Z,46.48100000,13.04886667,1866.00,102.695
3800,2,2077,2102.195371842966,-1048.467077702793,2019-07-22T12:50:02Z,46.48115000,13.04885000,1868.00,102.678
3801,2,2078,2103.195371842966,-1047.467077702793,2019-07-22T12:50:03Z,46.48128333,13.04876667,1871.00,102.663
3802,2,2079,2104.195371842966,-1046.467077702793,2019-07-22T12:50:04Z,46.48138333,13.04861667,1874.00,102.651
3803,2,2080,2105.195371842966,-1045.467077702793,2019-07-22T12:50:05Z,46.48145000,13.04841667,1877.00,102.643
3804,2,2081,2106.195371842966,-1044.467077702793,2019-07-22T12:50:06Z,46.48145000,13.04823333,1879.00,102.642
3805,2,2082,2107.195371842966,-1043.467077702793,2019-07-22T12:50:07Z,46.48141667,13.04805000,1882.00,102.645
3806,2,2083,2108.195371842966,-1042.467077702793,2019-07-22T12:50:08Z,46.48135000,13.04790000,1884.00,102.652
3807,2,2084,2109.195371842966,-1041.467077702793,2019-07-22T12:50:09Z,46.48125000,13.04780000,1885.00,102.662
3808,2,2085,2110.195371842966,-1040.467077702793,2019-07-22T12:50:10Z,46.48113333,13.04776667,1887.00,102.675
3809,2,2086,2111.195371842966,-1039.467077702793,2019-07-22T12:50:11Z,46.48101667,13.04776667,1888.00,102.688
3810,2,2087,2112.195371842966,-1038.467077702793,2019-07-22T12:50:12Z,46.48090000,13.04785000,1889.00,102.701
3811,2,2088,2113.195371842966,-1037.467077702793,2019-07-22T12:50:13Z,46.48080000,13.04798333,1890.00,102.713
3812,2,2089,2114.195371842966,-1036.467077702793,2019-07-22T12:50:14Z,46.48073333,13.04815000,1891.00,102.721
3813,2,2090,2115.195371842966,-1035.467077702793,2019-07-22T12:50:15Z,46.48070000,13.04833333,1892.00,102.726
3814,2,2091,2116.195371842966,-1034.467077702793,2019-07-22T12:50:16Z,46.48071667,13.04855000,1894.00,102.725
3815,2,2092,2117.195371842966,-1033.467077702793,2019-07-22T12:50:17Z,46.48076667,13.04875000,1897.00,102.72
3816,2,2093,2118.195371842966,-1032.467077702793,2019-07-22T12:50:18Z,46.48085000,13.04891667,1900.00,102.712
3817,2,2094,2119.195371842966,-1031.467077702793,2019-07-22T12:50:19Z,46.48095000,13.04905000,1904.00,102.702
3818,2,2095,2120.195371842966,-1030.467077702793,2019-07-22T12:50:20Z,46.48108333,13.04913333,1906.00,102.687
3819,2,2096,2121.195371842966,-1029.467077702793,2019-07-22T12:50:21Z,46.48123333,13.04915000,1908.00,102.671
3820,2,2097,2122.195371842966,-1028.467077702793,2019-07-22T12:50:22Z,46.48136667,13.04911667,1909.00,102.656
3821,2,2098,2123.195371842966,-1027.467077702793,2019-07-22T12:50:23Z,46.48150000,13.04900000,1910.00,102.64
3822,2,2099,2124.195371842966,-1026.467077702793,2019-07-22T12:50:24Z,46.48160000,13.04881667,1911.00,102.628
3823,2,2100,2125.195371842966,-1025.467077702793,2019-07-22T12:50:25Z,46.48166667,13.04861667,1913.00,102.62
3824,2,2101,2126.195371842966,-1024.467077702793,2019-07-22T12:50:26Z,46.48168333,13.04843333,1916.00,102.617
3825,2,2102,2127.195371842966,-1023.467077702793,2019-07-22T12:50:27Z,46.48166667,13.04825000,1920.00,102.618
3826,2,2103,2128.195371842966,-1022.467077702793,2019-07-22T12:50:28Z,46.48158333,13.04811667,1922.00,102.627
3827,2,2104,2129.195371842966,-1021.467077702793,2019-07-22T12:50:29Z,46.48146667,13.04803333,1924.00,102.639
3828,2,2105,2130.195371842966,-1020.467077702793,2019-07-22T12:50:30Z,46.48133333,13.04801667,1924.00,102.654
3829,2,2106,2131.195371842966,-1019.467077702793,2019-07-22T12:50:31Z,46.48120000,13.04808333,1925.00,102.669
3830,2,2107,2132.195371842966,-1018.467077702793,2019-07-22T12:50:32Z,46.48108333,13.04820000,1926.00,102.683
3831,2,2108,2133.195371842966,-1017.467077702793,2019-07-22T12:50:33Z,46.48100000,13.04836667,1928.00,102.693
3832,2,2109,2134.195371842966,-1016.467077702793,2019-07-22T12:50:34Z,46.48095000,13.04856667,1930.00,102.699
3833,2,2110,2135.195371842966,-1015.467077702793,2019-07-22T12:50:35Z,46.48096667,13.04878333,1932.00,102.698
3834,2,2111,2136.195371842966,-1014.467077702793,2019-07-22T12:50:36Z,46.48101667,13.04898333,1934.00,102.694
3835,2,2112,2137.195371842966,-1013.467077702793,2019-07-22T12:50:37Z,46.48111667,13.04915000,1936.00,102.684
3836,2,2113,2138.195371842966,-1012.467077702793,2019-07-22T12:50:38Z,46.48125000,13.04928333,1938.00,102.67
3837,2,2114,2139.195371842966,-1011.467077702793,2019-07-22T12:50:39Z,46.48138333,13.04935000,1940.00,102.655
3838,2,2115,2140.195371842966,-1010.467077702793,2019-07-22T12:50:40Z,46.48153333,13.04938333,1943.00,102.639
3839,2,2116,2141.195371842966,-1009.467077702793,2019-07-22T12:50:41Z,46.48168333,13.04936667,1945.00,102.622
3840,2,2117,2142.195371842966,-1008.467077702793,2019-07-22T12:50:42Z,46.48183333,13.04931667,1947.00,102.605
3841,2,2118,2143.195371842966,-1007.467077702793,2019-07-22T12:50:43Z,46.48196667,13.04920000,1948.00,102.59
3842,2,2119,2144.195371842966,-1006.467077702793,2019-07-22T12:50:44Z,46.48206667,13.04905000,1950.00,102.578
3843,2,2120,2145.195371842966,-1005.467077702793,2019-07-22T12:50:45Z,46.48213333,13.04888333,1953.00,102.569
3844,2,2121,2146.195371842966,-1004.467077702793,2019-07-22T12:50:46Z,46.48213333,13.04870000,1955.00,102.569
3845,2,2122,2147.195371842966,-1003.467077702793,2019-07-22T12:50:47Z,46.48211667,13.04851667,1957.00,102.569
3846,2,2123,2148.195371842966,-1002.467077702793,2019-07-22T12:50:48Z,46.48205000,13.04836667,1958.00,102.576
3847,2,2124,2149.195371842966,-1001.467077702793,2019-07-22T12:50:49Z,46.48195000,13.04826667,1959.00,102.587
3848,2,2125,2150.195371842966,-1000.467077702793,2019-07-22T12:50:50Z,46.48181667,13.04821667,1960.00,102.601
3849,2,2126,2151.195371842966,-999.467077702793,2019-07-22T12:50:51Z,46.48168333,13.04821667,1961.00,102.616
3850,2,2127,2152.195371842966,-998.467077702793,2019-07-22T12:50:52Z,46.48156667,13.04826667,1962.00,102.629
3851,2,2128,2153.195371842966,-997.467077702793,2019-07-22T12:50:53Z,46.48145000,13.04838333,1964.00,102.643
3852,2,2129,2154.195371842966,-996.467077702793,2019-07-22T12:50:54Z,46.48138333,13.04856667,1964.00,102.651
3853,2,2130,2155.195371842966,-995.467077702793,2019-07-22T12:50:55Z,46.48136667,13.04880000,1964.00,102.654
3854,2,2131,2156.195371842966,-994.467077702793,2019-07-22T12:50:56Z,46.48138333,13.04903333,1964.00,102.653
3855,2,2132,2157.195371842966,-993.467077702793,2019-07-22T12:50:57Z,46.48146667,13.04923333,1966.00,102.645
3856,2,2133,2158.195371842966,-992.467077702793,2019-07-22T12:50:58Z,46.48155000,13.04940000,1969.00,102.637
3857,2,2134,2159.195371842966,-991.467077702793,2019-07-22T12:50:59Z,46.48166667,13.04951667,1972.00,102.625
3858,2,2135,2160.195371842966,-990.467077702793,2019-07-22T12:51:00Z,46.48180000,13.04960000,1974.00,102.61
3859,2,2136,2161.195371842966,-989.467077702793,2019-07-22T12:51:01Z,46.48195000,13.04966667,1974.00,102.594
3860,2,2137,2162.195371842966,-988.467077702793,2019-07-22T12:51:02Z,46.48210000,13.04968333,1974.00,102.577
3861,2,2138,2163.195371842966,-987.467077702793,2019-07-22T12:51:03Z,46.48226667,13.04970000,1975.00,102.559
3862,2,2139,2164.195371842966,-986.467077702793,2019-07-22T12:51:04Z,46.48243333,13.04966667,1976.00,102.54
3863,2,2140,2165.195371842966,-985.467077702793,2019-07-22T12:51:05Z,46.48260000,13.04963333,1979.00,102.522
3864,2,2141,2166.195371842966,-984.467077702793,2019-07-22T12:51:06Z,46.48275000,13.04960000,1982.00,102.505
3865,2,2142,2167.195371842966,-983.467077702793,2019-07-22T12:51:07Z,46.48288333,13.04956667,1986.00,102.49
3866,2,2143,2168.195371842966,-982.467077702793,2019-07-22T12:51:08Z,46.48301667,13.04951667,1989.00,102.475
3867,2,2144,2169.195371842966,-981.467077702793,2019-07-22T12:51:09Z,46.48315000,13.04946667,1991.00,102.46
3868,2,2145,2170.195371842966,-980.467077702793,2019-07-22T12:51:10Z,46.48328333,13.04940000,1994.00,102.445
3869,2,2146,2171.195371842966,-979.467077702793,2019-07-22T12:51:11Z,46.48343333,13.04930000,1995.00,102.427
3870,2,2147,2172.195371842966,-978.467077702793,2019-07-22T12:51:12Z,46.48358333,13.04923333,1996.00,102.41
3871,2,2148,2173.195371842966,-977.467077702793,2019-07-22T12:51:13Z,46.48373333,13.04916667,1999.00,102.393
3872,2,2149,2174.195371842966,-976.467077702793,2019-07-22T12:51:14Z,46.48386667,13.04911667,2000.00,102.378
3873,2,2150,2175.195371842966,-975.467077702793,2019-07-22T12:51:15Z,46.48400000,13.04906667,2001.00,102.363
3874,2,2151,2176.195371842966,-974.467077702793,2019-07-22T12:51:16Z,46.48413333,13.04903333,2001.00,102.348
3875,2,2152,2177.195371842966,-973.467077702793,2019-07-22T12:51:17Z,46.48428333,13.04903333,1998.00,102.332
3876,2,2153,2178.195371842966,-972.467077702793,2019-07-22T12:51:18Z,46.48445000,13.04905000,1997.00,102.313
3877,2,2154,2179.195371842966,-971.467077702793,2019-07-22T12:51:19Z,46.48461667,13.04908333,1996.00,102.295
3878,2,2155,2180.195371842966,-970.467077702793,2019-07-22T12:51:20Z,46.48476667,13.04913333,1995.00,102.279
3879,2,2156,2181.195371842966,-969.467077702793,2019-07-22T12:51:21Z,46.48493333,13.04916667,1995.00,102.26
3880,2,2157,2182.195371842966,-968.467077702793,2019-07-22T12:51:22Z,46.48508333,13.04920000,1996.00,102.244
3881,2,2158,2183.195371842966,-967.467077702793,2019-07-22T12:51:23Z,46.48523333,13.04923333,1998.00,102.227
3882,2,2159,2184.195371842966,-966.467077702793,2019-07-22T12:51:24Z,46.48538333,13.04926667,1998.00,102.211
3883,2,2160,2185.195371842966,-965.467077702793,2019-07-22T12:51:25Z,46.48553333,13.04928333,1997.00,102.194
3884,2,2161,2186.195371842966,-964.467077702793,2019-07-22T12:51:26Z,46.48570000,13.04931667,1997.00,102.176
3885,2,2162,2187.195371842966,-963.467077702793,2019-07-22T12:51:27Z,46.48586667,13.04935000,1997.00,102.158
3886,2,2163,2188.195371842966,-962.467077702793,2019-07-22T12:51:28Z,46.48603333,13.04940000,1998.00,102.14
3887,2,2164,2189.195371842966,-961.467077702793,2019-07-22T12:51:29Z,46.48621667,13.04943333,1998.00,102.12
3888,2,2165,2190.195371842966,-960.467077702793,2019-07-22T12:51:30Z,46.48640000,13.04948333,1997.00,102.099
3889,2,2166,2191.195371842966,-959.467077702793,2019-07-22T12:51:31Z,46.48656667,13.04951667,1996.00,102.081
3890,2,2167,2192.195371842966,-958.467077702793,2019-07-22T12:51:32Z,46.48675000,13.04955000,1996.00,102.061
3891,2,2168,2193.195371842966,-957.467077702793,2019-07-22T12:51:33Z,46.48691667,13.04958333,1995.00,102.043
3892,2,2169,2194.195371842966,-956.467077702793,2019-07-22T12:51:34Z,46.48710000,13.04961667,1994.00,102.023
3893,2,2170,2195.195371842966,-955.467077702793,2019-07-22T12:51:35Z,46.48728333,13.04965000,1993.00,102.003
3894,2,2171,2196.195371842966,-954.467077702793,2019-07-22T12:51:36Z,46.48746667,13.04966667,1993.00,101.982
3895,2,2172,2197.195371842966,-953.467077702793,2019-07-22T12:51:37Z,46.48763333,13.04968333,1992.00,101.964
3896,2,2173,2198.195371842966,-952.467077702793,2019-07-22T12:51:38Z,46.48781667,13.04970000,1990.00,101.944
3897,2,2174,2199.195371842966,-951.467077702793,2019-07-22T12:51:39Z,46.48801667,13.04970000,1989.00,101.922
3898,2,2175,2200.195371842966,-950.467077702793,2019-07-22T12:51:40Z,46.48820000,13.04971667,1988.00,101.901
3899,2,2176,2201.195371842966,-949.467077702793,2019-07-22T12:51:41Z,46.48838333,13.04973333,1987.00,101.881
3900,2,2177,2202.195371842966,-948.467077702793,2019-07-22T12:51:42Z,46.48856667,13.04973333,1985.00,101.861
3901,2,2178,2203.195371842966,-947.467077702793,2019-07-22T12:51:43Z,46.48875000,13.04975000,1981.00,101.841
3902,2,2179,2204.195371842966,-946.467077702793,2019-07-22T12:51:44Z,46.48893333,13.04978333,1979.00,101.82
3903,2,2180,2205.195371842966,-945.467077702793,2019-07-22T12:51:45Z,46.48911667,13.04981667,1977.00,101.8
3904,2,2181,2206.195371842966,-944.467077702793,2019-07-22T12:51:46Z,46.48930000,13.04986667,1974.00,101.78
3905,2,2182,2207.195371842966,-943.467077702793,2019-07-22T12:51:47Z,46.48948333,13.04995000,1973.00,101.761
3906,2,2183,2208.195371842966,-942.467077702793,2019-07-22T12:51:48Z,46.48966667,13.05001667,1970.00,101.741
3907,2,2184,2209.195371842966,-941.467077702793,2019-07-22T12:51:49Z,46.48983333,13.05010000,1969.00,101.723
3908,2,2185,2210.195371842966,-940.467077702793,2019-07-22T12:51:50Z,46.49001667,13.05016667,1968.00,101.703
3909,2,2186,2211.195371842966,-939.467077702793,2019-07-22T12:51:51Z,46.49021667,13.05023333,1966.00,101.681
3910,2,2187,2212.195371842966,-938.467077702793,2019-07-22T12:51:52Z,46.49040000,13.05031667,1965.00,101.661
3911,2,2188,2213.195371842966,-937.467077702793,2019-07-22T12:51:53Z,46.49060000,13.05040000,1963.00,101.64
3912,2,2189,2214.195371842966,-936.467077702793,2019-07-22T12:51:54Z,46.49078333,13.05050000,1962.00,101.62
3913,2,2190,2215.195371842966,-935.467077702793,2019-07-22T12:51:55Z,46.49096667,13.05060000,1964.00,101.6
3914,2,2191,2216.195371842966,-934.467077702793,2019-07-22T12:51:56Z,46.49113333,13.05070000,1966.00,101.583
3915,2,2192,2217.195371842966,-933.467077702793,2019-07-22T12:51:57Z,46.49128333,13.05080000,1969.00,101.567
3916,2,2193,2218.195371842966,-932.467077702793,2019-07-22T12:51:58Z,46.49143333,13.05090000,1973.00,101.551
3917,2,2194,2219.195371842966,-931.467077702793,2019-07-22T12:51:59Z,46.49158333,13.05101667,1974.00,101.535
3918,2,2195,2220.195371842966,-930.467077702793,2019-07-22T12:52:00Z,46.49171667,13.05113333,1976.00,101.521
3919,2,2196,2221.195371842966,-929.467077702793,2019-07-22T12:52:01Z,46.49185000,13.05125000,1978.00,101.507
3920,2,2197,2222.195371842966,-928.467077702793,2019-07-22T12:52:02Z,46.49196667,13.05138333,1980.00,101.495
3921,2,2198,2223.195371842966,-927.467077702793,2019-07-22T12:52:03Z,46.49208333,13.05153333,1982.00,101.484
3922,2,2199,2224.195371842966,-926.467077702793,2019-07-22T12:52:04Z,46.49216667,13.05168333,1984.00,101.476
3923,2,2200,2225.195371842966,-925.467077702793,2019-07-22T12:52:05Z,46.49225000,13.05188333,1986.00,101.468
3924,2,2201,2226.195371842966,-924.467077702793,2019-07-22T12:52:06Z,46.49233333,13.05206667,1987.00,101.46
3925,2,2202,2227.195371842966,-923.467077702793,2019-07-22T12:52:07Z,46.49240000,13.05225000,1990.00,101.454
3926,2,2203,2228.195371842966,-922.467077702793,2019-07-22T12:52:08Z,46.49248333,13.05243333,1993.00,101.447
3927,2,2204,2229.195371842966,-921.467077702793,2019-07-22T12:52:09Z,46.49256667,13.05260000,1996.00,101.439
3928,2,2205,2230.195371842966,-920.467077702793,2019-07-22T12:52:10Z,46.49266667,13.05275000,1999.00,101.429
3929,2,2206,2231.195371842966,-919.467077702793,2019-07-22T12:52:11Z,46.49276667,13.05291667,2001.00,101.419
3930,2,2207,2232.195371842966,-918.467077702793,2019-07-22T12:52:12Z,46.49290000,13.05306667,2003.00,101.406
3931,2,2208,2233.195371842966,-917.467077702793,2019-07-22T12:52:13Z,46.49303333,13.05320000,2005.00,101.392
3932,2,2209,2234.195371842966,-916.467077702793,2019-07-22T12:52:14Z,46.49320000,13.05330000,2007.00,101.375
3933,2,2210,2235.195371842966,-915.467077702793,2019-07-22T12:52:15Z,46.49336667,13.05335000,2010.00,101.357
3934,2,2211,2236.195371842966,-914.467077702793,2019-07-22T12:52:16Z,46.49353333,13.05338333,2014.00,101.339
3935,2,2212,2237.195371842966,-913.467077702793,2019-07-22T12:52:17Z,46.49368333,13.05336667,2019.00,101.322
3936,2,2213,2238.195371842966,-912.467077702793,2019-07-22T12:52:18Z,46.49381667,13.05330000,2022.00,101.307
3937,2,2214,2239.195371842966,-911.467077702793,2019-07-22T12:52:19Z,46.49391667,13.05318333,2026.00,101.294
3938,2,2215,2240.195371842966,-910.467077702793,2019-07-22T12:52:20Z,46.49400000,13.05305000,2028.00,101.284
3939,2,2216,2241.195371842966,-909.467077702793,2019-07-22T12:52:21Z,46.49405000,13.05285000,2031.00,101.277
3940,2,2217,2242.195371842966,-908.467077702793,2019-07-22T12:52:22Z,46.49403333,13.05265000,2033.00,101.277
3941,2,2218,2243.195371842966,-907.467077702793,2019-07-22T12:52:23Z,46.49400000,13.05246667,2034.00,101.279
3942,2,2219,2244.195371842966,-906.467077702793,2019-07-22T12:52:24Z,46.49391667,13.05228333,2035.00,101.287
3943,2,2220,2245.195371842966,-905.467077702793,2019-07-22T12:52:25Z,46.49381667,13.05216667,2036.00,101.297
3944,2,2221,2246.195371842966,-904.467077702793,2019-07-22T12:52:26Z,46.49370000,13.05208333,2038.00,101.309
3945,2,2222,2247.195371842966,-903.467077702793,2019-07-22T12:52:27Z,46.49356667,13.05201667,2040.00,101.323
3946,2,2223,2248.195371842966,-902.467077702793,2019-07-22T12:52:28Z,46.49343333,13.05200000,2041.00,101.338
3947,2,2224,2249.195371842966,-901.467077702793,2019-07-22T12:52:29Z,46.49330000,13.05203333,2043.00,101.353
3948,2,2225,2250.195371842966,-900.467077702793,2019-07-22T12:52:30Z,46.49318333,13.05208333,2045.00,101.366
3949,2,2226,2251.195371842966,-899.467077702793,2019-07-22T12:52:31Z,46.49306667,13.05216667,2047.00,101.38
3950,2,2227,2252.195371842966,-898.467077702793,2019-07-22T12:52:32Z,46.49296667,13.05228333,2048.00,101.392
3951,2,2228,2253.195371842966,-897.467077702793,2019-07-22T12:52:33Z,46.49290000,13.05245000,2049.00,101.401
3952,2,2229,2254.195371842966,-896.467077702793,2019-07-22T12:52:34Z,46.49286667,13.05265000,2050.00,101.406
3953,2,2230,2255.195371842966,-895.467077702793,2019-07-22T12:52:35Z,46.49288333,13.05286667,2051.00,101.406
3954,2,2231,2256.195371842966,-894.467077702793,2019-07-22T12:52:36Z,46.49295000,13.05308333,2054.00,101.4
3955,2,2232,2257.195371842966,-893.467077702793,2019-07-22T12:52:37Z,46.49303333,13.05326667,2057.00,101.393
3956,2,2233,2258.195371842966,-892.467077702793,2019-07-22T12:52:38Z,46.49315000,13.05341667,2059.00,101.381
3957,2,2234,2259.195371842966,-891.467077702793,2019-07-22T12:52:39Z,46.49328333,13.05351667,2062.00,101.367
3958,2,2235,2260.195371842966,-890.467077702793,2019-07-22T12:52:40Z,46.49341667,13.05358333,2066.00,101.353
3959,2,2236,2261.195371842966,-889.467077702793,2019-07-22T12:52:41Z,46.49355000,13.05361667,2069.00,101.339
3960,2,2237,2262.195371842966,-888.467077702793,2019-07-22T12:52:42Z,46.49368333,13.05361667,2071.00,101.324
3961,2,2238,2263.195371842966,-887.467077702793,2019-07-22T12:52:43Z,46.49381667,13.05355000,2072.00,101.309
3962,2,2239,2264.195371842966,-886.467077702793,2019-07-22T12:52:44Z,46.49393333,13.05343333,2074.00,101.295
3963,2,2240,2265.195371842966,-885.467077702793,2019-07-22T12:52:45Z,46.49400000,13.05326667,2076.00,101.286
3964,2,2241,2266.195371842966,-884.467077702793,2019-07-22T12:52:46Z,46.49403333,13.05308333,2077.00,101.281
3965,2,2242,2267.195371842966,-883.467077702793,2019-07-22T12:52:47Z,46.49403333,13.05288333,2079.00,101.279
3966,2,2243,2268.195371842966,-882.467077702793,2019-07-22T12:52:48Z,46.49396667,13.05270000,2081.00,101.285
3967,2,2244,2269.195371842966,-881.467077702793,2019-07-22T12:52:49Z,46.49388333,13.05256667,2085.00,101.293
3968,2,2245,2270.195371842966,-880.467077702793,2019-07-22T12:52:50Z,46.49375000,13.05248333,2088.00,101.307
3969,2,2246,2271.195371842966,-879.467077702793,2019-07-22T12:52:51Z,46.49363333,13.05246667,2089.00,101.32
3970,2,2247,2272.195371842966,-878.467077702793,2019-07-22T12:52:52Z,46.49350000,13.05250000,2090.00,101.335
3971,2,2248,2273.195371842966,-877.467077702793,2019-07-22T12:52:53Z,46.49336667,13.05256667,2091.00,101.35
3972,2,2249,2274.195371842966,-876.467077702793,2019-07-22T12:52:54Z,46.49326667,13.05271667,2092.00,101.362
3973,2,2250,2275.195371842966,-875.467077702793,2019-07-22T12:52:55Z,46.49318333,13.05288333,2093.00,101.373
3974,2,2251,2276.195371842966,-874.467077702793,2019-07-22T12:52:56Z,46.49315000,13.05310000,2095.00,101.378
3975,2,2252,2277.195371842966,-873.467077702793,2019-07-22T12:52:57Z,46.49315000,13.05331667,2098.00,101.38
3976,2,2253,2278.195371842966,-872.467077702793,2019-07-22T12:52:58Z,46.49320000,13.05350000,2100.00,101.376
3977,2,2254,2279.195371842966,-871.467077702793,2019-07-22T12:52:59Z,46.49328333,13.05368333,2102.00,101.369
3978,2,2255,2280.195371842966,-870.467077702793,2019-07-22T12:53:00Z,46.49338333,13.05383333,2103.00,101.359
3979,2,2256,2281.195371842966,-869.467077702793,2019-07-22T12:53:01Z,46.49351667,13.05395000,2105.00,101.345
3980,2,2257,2282.195371842966,-868.467077702793,2019-07-22T12:53:02Z,46.49366667,13.05403333,2106.00,101.33
3981,2,2258,2283.195371842966,-867.467077702793,2019-07-22T12:53:03Z,46.49380000,13.05406667,2107.00,101.315
3982,2,2259,2284.195371842966,-866.467077702793,2019-07-22T12:53:04Z,46.49395000,13.05405000,2108.00,101.299
3983,2,2260,2285.195371842966,-865.467077702793,2019-07-22T12:53:05Z,46.49408333,13.05401667,2110.00,101.284
3984,2,2261,2286.195371842966,-864.467077702793,2019-07-22T12:53:06Z,46.49420000,13.05395000,2111.00,101.27
3985,2,2262,2287.195371842966,-863.467077702793,2019-07-22T12:53:07Z,46.49431667,13.05386667,2113.00,101.256
3986,2,2263,2288.195371842966,-862.467077702793,2019-07-22T12:53:08Z,46.49441667,13.05376667,2114.00,101.244
3987,2,2264,2289.195371842966,-861.467077702793,2019-07-22T12:53:09Z,46.49451667,13.05365000,2115.00,101.232
3988,2,2265,2290.195371842966,-860.467077702793,2019-07-22T12:53:10Z,46.49461667,13.05351667,2118.00,101.22
3989,2,2266,2291.195371842966,-859.467077702793,2019-07-22T12:53:11Z,46.49470000,13.05338333,2118.00,101.21
3990,2,2267,2292.195371842966,-858.467077702793,2019-07-22T12:53:12Z,46.49480000,13.05325000,2120.00,101.197
3991,2,2268,2293.195371842966,-857.467077702793,2019-07-22T12:53:13Z,46.49490000,13.05313333,2123.00,101.185
3992,2,2269,2294.195371842966,-856.467077702793,2019-07-22T12:53:14Z,46.49501667,13.05301667,2125.00,101.171
3993,2,2270,2295.195371842966,-855.467077702793,2019-07-22T12:53:15Z,46.49513333,13.05291667,2126.00,101.158
3994,2,2271,2296.195371842966,-854.467077702793,2019-07-22T12:53:16Z,46.49525000,13.05283333,2129.00,101.144
3995,2,2272,2297.195371842966,-853.467077702793,2019-07-22T12:53:17Z,46.49538333,13.05273333,2131.00,101.129
3996,2,2273,2298.195371842966,-852.467077702793,2019-07-22T12:53:18Z,46.49550000,13.05260000,2133.00,101.115
3997,2,2274,2299.195371842966,-851.467077702793,2019-07-22T12:53:19Z,46.49558333,13.05241667,2135.00,101.104
3998,2,2275,2300.195371842966,-850.467077702793,2019-07-22T12:53:20Z,46.49563333,13.05221667,2137.00,101.097
3999,2,2276,2301.195371842966,-849.467077702793,2019-07-22T12:53:21Z,46.49560000,13.05203333,2138.00,101.099
4000,2,2277,2302.195371842966,-848.467077702793,2019-07-22T12:53:22Z,46.49551667,13.05188333,2140.00,101.107
4001,2,2278,2303.195371842966,-847.467077702793,2019-07-22T12:53:23Z,46.49538333,13.05180000,2140.00,101.121
4002,2,2279,2304.195371842966,-846.467077702793,2019-07-22T12:53:24Z,46.49525000,13.05183333,2141.00,101.136
4003,2,2280,2305.195371842966,-845.467077702793,2019-07-22T12:53:25Z,46.49511667,13.05193333,2142.00,101.151
4004,2,2281,2306.195371842966,-844.467077702793,2019-07-22T12:53:26Z,46.49503333,13.05208333,2143.00,101.162
4005,2,2282,2307.195371842966,-843.467077702793,2019-07-22T12:53:27Z,46.49495000,13.05223333,2145.00,101.172
4006,2,2283,2308.195371842966,-842.467077702793,2019-07-22T12:53:28Z,46.49491667,13.05241667,2146.00,101.177
4007,2,2284,2309.195371842966,-841.467077702793,2019-07-22T12:53:29Z,46.49490000,13.05261667,2147.00,101.181
4008,2,2285,2310.195371842966,-840.467077702793,2019-07-22T12:53:30Z,46.49491667,13.05283333,2147.00,101.181
4009,2,2286,2311.195371842966,-839.467077702793,2019-07-22T12:53:31Z,46.49495000,13.05308333,2149.00,101.179
4010,2,2287,2312.195371842966,-838.467077702793,2019-07-22T12:53:32Z,46.49500000,13.05331667,2150.00,101.176
4011,2,2288,2313.195371842966,-837.467077702793,2019-07-22T12:53:33Z,46.49506667,13.05353333,2153.00,101.171
4012,2,2289,2314.195371842966,-836.467077702793,2019-07-22T12:53:34Z,46.49515000,13.05375000,2156.00,101.163
4013,2,2290,2315.195371842966,-835.467077702793,2019-07-22T12:53:35Z,46.49526667,13.05395000,2159.00,101.152
4014,2,2291,2316.195371842966,-834.467077702793,2019-07-22T12:53:36Z,46.49538333,13.05411667,2161.00,101.141
4015,2,2292,2317.195371842966,-833.467077702793,2019-07-22T12:53:37Z,46.49551667,13.05426667,2164.00,101.128
4016,2,2293,2318.195371842966,-832.467077702793,2019-07-22T12:53:38Z,46.49566667,13.05438333,2167.00,101.112
4017,2,2294,2319.195371842966,-831.467077702793,2019-07-22T12:53:39Z,46.49583333,13.05445000,2170.00,101.095
4018,2,2295,2320.195371842966,-830.467077702793,2019-07-22T12:53:40Z,46.49600000,13.05445000,2171.00,101.076
4019,2,2296,2321.195371842966,-829.467077702793,2019-07-22T12:53:41Z,46.49615000,13.05440000,2174.00,101.059
4020,2,2297,2322.195371842966,-828.467077702793,2019-07-22T12:53:42Z,46.49630000,13.05430000,2178.00,101.042
4021,2,2298,2323.195371842966,-827.467077702793,2019-07-22T12:53:43Z,46.49641667,13.05416667,2179.00,101.028
4022,2,2299,2324.195371842966,-826.467077702793,2019-07-22T12:53:44Z,46.49651667,13.05403333,2183.00,101.015
4023,2,2300,2325.195371842966,-825.467077702793,2019-07-22T12:53:45Z,46.49658333,13.05386667,2186.00,101.006
4024,2,2301,2326.195371842966,-824.467077702793,2019-07-22T12:53:46Z,46.49663333,13.05370000,2187.00,100.999
4025,2,2302,2327.195371842966,-823.467077702793,2019-07-22T12:53:47Z,46.49663333,13.05351667,2187.00,100.997
4026,2,2303,2328.195371842966,-822.467077702793,2019-07-22T12:53:48Z,46.49660000,13.05335000,2188.00,101.0
4027,2,2304,2329.195371842966,-821.467077702793,2019-07-22T12:53:49Z,46.49653333,13.05320000,2189.00,101.006
4028,2,2305,2330.195371842966,-820.467077702793,2019-07-22T12:53:50Z,46.49645000,13.05308333,2190.00,101.014
4029,2,2306,2331.195371842966,-819.467077702793,2019-07-22T12:53:51Z,46.49631667,13.05301667,2192.00,101.028
4030,2,2307,2332.195371842966,-818.467077702793,2019-07-22T12:53:52Z,46.49620000,13.05301667,2193.00,101.041
4031,2,2308,2333.195371842966,-817.467077702793,2019-07-22T12:53:53Z,46.49606667,13.05306667,2196.00,101.056
4032,2,2309,2334.195371842966,-816.467077702793,2019-07-22T12:53:54Z,46.49595000,13.05316667,2197.00,101.07
4033,2,2310,2335.195371842966,-815.467077702793,2019-07-22T12:53:55Z,46.49585000,13.05328333,2202.00,101.082
4034,2,2311,2336.195371842966,-814.467077702793,2019-07-22T12:53:56Z,46.49576667,13.05341667,2205.00,101.092
4035,2,2312,2337.195371842966,-813.467077702793,2019-07-22T12:53:57Z,46.49570000,13.05358333,2208.00,101.101
4036,2,2313,2338.195371842966,-812.467077702793,2019-07-22T12:53:58Z,46.49565000,13.05376667,2209.00,101.108
4037,2,2314,2339.195371842966,-811.467077702793,2019-07-22T12:53:59Z,46.49563333,13.05398333,2212.00,101.112
4038,2,2315,2340.195371842966,-810.467077702793,2019-07-22T12:54:00Z,46.49565000,13.05420000,2214.00,101.112
4039,2,2316,2341.195371842966,-809.467077702793,2019-07-22T12:54:01Z,46.49571667,13.05443333,2216.00,101.107
4040,2,2317,2342.195371842966,-808.467077702793,2019-07-22T12:54:02Z,46.49580000,13.05461667,2218.00,101.1
4041,2,2318,2343.195371842966,-807.467077702793,2019-07-22T12:54:03Z,46.49593333,13.05476667,2221.00,101.087
4042,2,2319,2344.195371842966,-806.467077702793,2019-07-22T12:54:04Z,46.49608333,13.05486667,2224.00,101.071
4043,2,2320,2345.195371842966,-805.467077702793,2019-07-22T12:54:05Z,46.49625000,13.05488333,2226.00,101.053
4044,2,2321,2346.195371842966,-804.467077702793,2019-07-22T12:54:06Z,46.49640000,13.05485000,2228.00,101.036
4045,2,2322,2347.195371842966,-803.467077702793,2019-07-22T12:54:07Z,46.49655000,13.05476667,2230.00,101.019
4046,2,2323,2348.195371842966,-802.467077702793,2019-07-22T12:54:08Z,46.49668333,13.05465000,2233.00,101.003
4047,2,2324,2349.195371842966,-801.467077702793,2019-07-22T12:54:09Z,46.49680000,13.05450000,2236.00,100.989
4048,2,2325,2350.195371842966,-800.467077702793,2019-07-22T12:54:10Z,46.49688333,13.05435000,2238.00,100.978
4049,2,2326,2351.195371842966,-799.467077702793,2019-07-22T12:54:11Z,46.49695000,13.05421667,2241.00,100.969
4050,2,2327,2352.195371842966,-798.467077702793,2019-07-22T12:54:12Z,46.49700000,13.05405000,2244.00,100.962
4051,2,2328,2353.195371842966,-797.467077702793,2019-07-22T12:54:13Z,46.49701667,13.05388333,2245.00,100.959
4052,2,2329,2354.195371842966,-796.467077702793,2019-07-22T12:54:14Z,46.49700000,13.05371667,2247.00,100.959
4053,2,2330,2355.195371842966,-795.467077702793,2019-07-22T12:54:15Z,46.49695000,13.05356667,2248.00,100.963
4054,2,2331,2356.195371842966,-794.467077702793,2019-07-22T12:54:16Z,46.49686667,13.05345000,2249.00,100.971
4055,2,2332,2357.195371842966,-793.467077702793,2019-07-22T12:54:17Z,46.49675000,13.05336667,2250.00,100.983
4056,2,2333,2358.195371842966,-792.467077702793,2019-07-22T12:54:18Z,46.49663333,13.05335000,2251.00,100.996
4057,2,2334,2359.195371842966,-791.467077702793,2019-07-22T12:54:19Z,46.49650000,13.05340000,2254.00,101.011
4058,2,2335,2360.195371842966,-790.467077702793,2019-07-22T12:54:20Z,46.49640000,13.05350000,2256.00,101.023
4059,2,2336,2361.195371842966,-789.467077702793,2019-07-22T12:54:21Z,46.49631667,13.05365000,2258.00,101.034
4060,2,2337,2362.195371842966,-788.467077702793,2019-07-22T12:54:22Z,46.49626667,13.05383333,2261.00,101.041
4061,2,2338,2363.195371842966,-787.467077702793,2019-07-22T12:54:23Z,46.49625000,13.05405000,2263.00,101.045
4062,2,2339,2364.195371842966,-786.467077702793,2019-07-22T12:54:24Z,46.49628333,13.05428333,2265.00,101.043
4063,2,2340,2365.195371842966,-785.467077702793,2019-07-22T12:54:25Z,46.49636667,13.05450000,2267.00,101.036
4064,2,2341,2366.195371842966,-784.467077702793,2019-07-22T12:54:26Z,46.49646667,13.05468333,2269.00,101.027
4065,2,2342,2367.195371842966,-783.467077702793,2019-07-22T12:54:27Z,46.49660000,13.05481667,2270.00,101.014
4066,2,2343,2368.195371842966,-782.467077702793,2019-07-22T12:54:28Z,46.49676667,13.05490000,2272.00,100.996
4067,2,2344,2369.195371842966,-781.467077702793,2019-07-22T12:54:29Z,46.49691667,13.05495000,2274.00,100.98
4068,2,2345,2370.195371842966,-780.467077702793,2019-07-22T12:54:30Z,46.49708333,13.05493333,2276.00,100.962
4069,2,2346,2371.195371842966,-779.467077702793,2019-07-22T12:54:31Z,46.49723333,13.05486667,2278.00,100.945
4070,2,2347,2372.195371842966,-778.467077702793,2019-07-22T12:54:32Z,46.49735000,13.05475000,2280.00,100.931
4071,2,2348,2373.195371842966,-777.467077702793,2019-07-22T12:54:33Z,46.49745000,13.05461667,2282.00,100.918
4072,2,2349,2374.195371842966,-776.467077702793,2019-07-22T12:54:34Z,46.49751667,13.05445000,2283.00,100.909
4073,2,2350,2375.195371842966,-775.467077702793,2019-07-22T12:54:35Z,46.49756667,13.05428333,2283.00,100.902
4074,2,2351,2376.195371842966,-774.467077702793,2019-07-22T12:54:36Z,46.49756667,13.05408333,2283.00,100.9
4075,2,2352,2377.195371842966,-773.467077702793,2019-07-22T12:54:37Z,46.49755000,13.05388333,2284.00,100.9
4076,2,2353,2378.195371842966,-772.467077702793,2019-07-22T12:54:38Z,46.49748333,13.05371667,2283.00,100.906
4077,2,2354,2379.195371842966,-771.467077702793,2019-07-22T12:54:39Z,46.49740000,13.05356667,2283.00,100.913
4078,2,2355,2380.195371842966,-770.467077702793,2019-07-22T12:54:40Z,46.49728333,13.05345000,2284.00,100.925
4079,2,2356,2381.195371842966,-769.467077702793,2019-07-22T12:54:41Z,46.49715000,13.05338333,2285.00,100.939
4080,2,2357,2382.195371842966,-768.467077702793,2019-07-22T12:54:42Z,46.49703333,13.05336667,2286.00,100.952
4081,2,2358,2383.195371842966,-767.467077702793,2019-07-22T12:54:43Z,46.49691667,13.05340000,2289.00,100.965
4082,2,2359,2384.195371842966,-766.467077702793,2019-07-22T12:54:44Z,46.49680000,13.05346667,2292.00,100.979
4083,2,2360,2385.195371842966,-765.467077702793,2019-07-22T12:54:45Z,46.49670000,13.05356667,2294.00,100.991
4084,2,2361,2386.195371842966,-764.467077702793,2019-07-22T12:54:46Z,46.49663333,13.05373333,2296.00,101.0
4085,2,2362,2387.195371842966,-763.467077702793,2019-07-22T12:54:47Z,46.49656667,13.05393333,2297.00,101.009
4086,2,2363,2388.195371842966,-762.467077702793,2019-07-22T12:54:48Z,46.49655000,13.05415000,2299.00,101.013
4087,2,2364,2389.195371842966,-761.467077702793,2019-07-22T12:54:49Z,46.49655000,13.05436667,2302.00,101.015
4088,2,2365,2390.195371842966,-760.467077702793,2019-07-22T12:54:50Z,46.49658333,13.05458333,2305.00,101.013
4089,2,2366,2391.195371842966,-759.467077702793,2019-07-22T12:54:51Z,46.49663333,13.05478333,2309.00,101.01
4090,2,2367,2392.195371842966,-758.467077702793,2019-07-22T12:54:52Z,46.49670000,13.05498333,2311.00,101.005
4091,2,2368,2393.195371842966,-757.467077702793,2019-07-22T12:54:53Z,46.49680000,13.05515000,2313.00,100.995
4092,2,2369,2394.195371842966,-756.467077702793,2019-07-22T12:54:54Z,46.49693333,13.05530000,2315.00,100.982
4093,2,2370,2395.195371842966,-755.467077702793,2019-07-22T12:54:55Z,46.49706667,13.05540000,2317.00,100.969
4094,2,2371,2396.195371842966,-754.467077702793,2019-07-22T12:54:56Z,46.49720000,13.05548333,2319.00,100.955
4095,2,2372,2397.195371842966,-753.467077702793,2019-07-22T12:54:57Z,46.49735000,13.05553333,2321.00,100.939
4096,2,2373,2398.195371842966,-752.467077702793,2019-07-22T12:54:58Z,46.49751667,13.05555000,2322.00,100.921
4097,2,2374,2399.195371842966,-751.467077702793,2019-07-22T12:54:59Z,46.49766667,13.05551667,2324.00,100.904
4098,2,2375,2400.195371842966,-750.467077702793,2019-07-22T12:55:00Z,46.49780000,13.05543333,2326.00,100.888
4099,2,2376,2401.195371842966,-749.467077702793,2019-07-22T12:55:01Z,46.49793333,13.05533333,2327.00,100.873
4100,2,2377,2402.195371842966,-748.467077702793,2019-07-22T12:55:02Z,46.49801667,13.05518333,2329.00,100.862
4101,2,2378,2403.195371842966,-747.467077702793,2019-07-22T12:55:03Z,46.49810000,13.05501667,2328.00,100.851
4102,2,2379,2404.195371842966,-746.467077702793,2019-07-22T12:55:04Z,46.49811667,13.05483333,2328.00,100.847
4103,2,2380,2405.195371842966,-745.467077702793,2019-07-22T12:55:05Z,46.49810000,13.05463333,2329.00,100.847
4104,2,2381,2406.195371842966,-744.467077702793,2019-07-22T12:55:06Z,46.49803333,13.05446667,2330.00,100.852
4105,2,2382,2407.195371842966,-743.467077702793,2019-07-22T12:55:07Z,46.49795000,13.05435000,2331.00,100.86
4106,2,2383,2408.195371842966,-742.467077702793,2019-07-22T12:55:08Z,46.49783333,13.05426667,2332.00,100.872
4107,2,2384,2409.195371842966,-741.467077702793,2019-07-22T12:55:09Z,46.49771667,13.05423333,2334.00,100.885
4108,2,2385,2410.195371842966,-740.467077702793,2019-07-22T12:55:10Z,46.49760000,13.05425000,2336.00,100.898
4109,2,2386,2411.195371842966,-739.467077702793,2019-07-22T12:55:11Z,46.49748333,13.05430000,2338.00,100.911
4110,2,2387,2412.195371842966,-738.467077702793,2019-07-22T12:55:12Z,46.49738333,13.05440000,2339.00,100.923
4111,2,2388,2413.195371842966,-737.467077702793,2019-07-22T12:55:13Z,46.49728333,13.05453333,2339.00,100.936
4112,2,2389,2414.195371842966,-736.467077702793,2019-07-22T12:55:14Z,46.49723333,13.05471667,2341.00,100.943
4113,2,2390,2415.195371842966,-735.467077702793,2019-07-22T12:55:15Z,46.49720000,13.05490000,2344.00,100.949
4114,2,2391,2416.195371842966,-734.467077702793,2019-07-22T12:55:16Z,46.49721667,13.05510000,2346.00,100.949
4115,2,2392,2417.195371842966,-733.467077702793,2019-07-22T12:55:17Z,46.49726667,13.05530000,2348.00,100.946
4116,2,2393,2418.195371842966,-732.467077702793,2019-07-22T12:55:18Z,46.49736667,13.05546667,2349.00,100.936
4117,2,2394,2419.195371842966,-731.467077702793,2019-07-22T12:55:19Z,46.49750000,13.05560000,2351.00,100.923
4118,2,2395,2420.195371842966,-730.467077702793,2019-07-22T12:55:20Z,46.49765000,13.05570000,2353.00,100.908
4119,2,2396,2421.195371842966,-729.467077702793,2019-07-22T12:55:21Z,46.49780000,13.05573333,2354.00,100.892
4120,2,2397,2422.195371842966,-728.467077702793,2019-07-22T12:55:22Z,46.49795000,13.05571667,2355.00,100.875
4121,2,2398,2423.195371842966,-727.467077702793,2019-07-22T12:55:23Z,46.49810000,13.05568333,2356.00,100.858
4122,2,2399,2424.195371842966,-726.467077702793,2019-07-22T12:55:24Z,46.49823333,13.05560000,2356.00,100.842
4123,2,2400,2425.195371842966,-725.467077702793,2019-07-22T12:55:25Z,46.49836667,13.05551667,2357.00,100.827
4124,2,2401,2426.195371842966,-724.467077702793,2019-07-22T12:55:26Z,46.49848333,13.05540000,2357.00,100.813
4125,2,2402,2427.195371842966,-723.467077702793,2019-07-22T12:55:27Z,46.49858333,13.05526667,2359.00,100.8
4126,2,2403,2428.195371842966,-722.467077702793,2019-07-22T12:55:28Z,46.49868333,13.05513333,2360.00,100.788
4127,2,2404,2429.195371842966,-721.467077702793,2019-07-22T12:55:29Z,46.49878333,13.05498333,2359.00,100.775
4128,2,2405,2430.195371842966,-720.467077702793,2019-07-22T12:55:30Z,46.49886667,13.05483333,2360.00,100.764
4129,2,2406,2431.195371842966,-719.467077702793,2019-07-22T12:55:31Z,46.49895000,13.05470000,2360.00,100.754
4130,2,2407,2432.195371842966,-718.467077702793,2019-07-22T12:55:32Z,46.49905000,13.05456667,2360.00,100.741
4131,2,2408,2433.195371842966,-717.467077702793,2019-07-22T12:55:33Z,46.49913333,13.05443333,2361.00,100.731
4132,2,2409,2434.195371842966,-716.467077702793,2019-07-22T12:55:34Z,46.49923333,13.05431667,2361.00,100.719
4133,2,2410,2435.195371842966,-715.467077702793,2019-07-22T12:55:35Z,46.49935000,13.05420000,2360.00,100.705
4134,2,2411,2436.195371842966,-714.467077702793,2019-07-22T12:55:36Z,46.49945000,13.05408333,2360.00,100.692
4135,2,2412,2437.195371842966,-713.467077702793,2019-07-22T12:55:37Z,46.49956667,13.05395000,2359.00,100.678
4136,2,2413,2438.195371842966,-712.467077702793,2019-07-22T12:55:38Z,46.49968333,13.05381667,2357.00,100.664
4137,2,2414,2439.195371842966,-711.467077702793,2019-07-22T12:55:39Z,46.49980000,13.05365000,2356.00,100.649
4138,2,2415,2440.195371842966,-710.467077702793,2019-07-22T12:55:40Z,46.49991667,13.05350000,2355.00,100.635
4139,2,2416,2441.195371842966,-709.467077702793,2019-07-22T12:55:41Z,46.50001667,13.05331667,2356.00,100.622
4140,2,2417,2442.195371842966,-708.467077702793,2019-07-22T12:55:42Z,46.50013333,13.05315000,2353.00,100.608
4141,2,2418,2443.195371842966,-707.467077702793,2019-07-22T12:55:43Z,46.50023333,13.05298333,2353.00,100.595
4142,2,2419,2444.195371842966,-706.467077702793,2019-07-22T12:55:44Z,46.50035000,13.05281667,2351.00,100.581
4143,2,2420,2445.195371842966,-705.467077702793,2019-07-22T12:55:45Z,46.50048333,13.05265000,2348.00,100.564
4144,2,2421,2446.195371842966,-704.467077702793,2019-07-22T12:55:46Z,46.50061667,13.05248333,2345.00,100.548
4145,2,2422,2447.195371842966,-703.467077702793,2019-07-22T12:55:47Z,46.50075000,13.05233333,2346.00,100.532
4146,2,2423,2448.195371842966,-702.467077702793,2019-07-22T12:55:48Z,46.50091667,13.05216667,2346.00,100.512
4147,2,2424,2449.195371842966,-701.467077702793,2019-07-22T12:55:49Z,46.50105000,13.05201667,2347.00,100.496
4148,2,2425,2450.195371842966,-700.467077702793,2019-07-22T12:55:50Z,46.50120000,13.05185000,2347.00,100.478
4149,2,2426,2451.195371842966,-699.467077702793,2019-07-22T12:55:51Z,46.50133333,13.05168333,2348.00,100.462
4150,2,2427,2452.195371842966,-698.467077702793,2019-07-22T12:55:52Z,46.50146667,13.05151667,2347.00,100.446
4151,2,2428,2453.195371842966,-697.467077702793,2019-07-22T12:55:53Z,46.50160000,13.05135000,2347.00,100.43
4152,2,2429,2454.195371842966,-696.467077702793,2019-07-22T12:55:54Z,46.50173333,13.05120000,2346.00,100.414
4153,2,2430,2455.195371842966,-695.467077702793,2019-07-22T12:55:55Z,46.50186667,13.05103333,2343.00,100.398
4154,2,2431,2456.195371842966,-694.467077702793,2019-07-22T12:55:56Z,46.50201667,13.05085000,2340.00,100.38
4155,2,2432,2457.195371842966,-693.467077702793,2019-07-22T12:55:57Z,46.50216667,13.05066667,2337.00,100.362
4156,2,2433,2458.195371842966,-692.467077702793,2019-07-22T12:55:58Z,46.50231667,13.05048333,2335.00,100.344
4157,2,2434,2459.195371842966,-691.467077702793,2019-07-22T12:55:59Z,46.50248333,13.05030000,2334.00,100.324
4158,2,2435,2460.195371842966,-690.467077702793,2019-07-22T12:56:00Z,46.50263333,13.05010000,2332.00,100.306
4159,2,2436,2461.195371842966,-689.467077702793,2019-07-22T12:56:01Z,46.50278333,13.04993333,2328.00,100.288
4160,2,2437,2462.195371842966,-688.467077702793,2019-07-22T12:56:02Z,46.50291667,13.04976667,2327.00,100.272
4161,2,2438,2463.195371842966,-687.467077702793,2019-07-22T12:56:03Z,46.50303333,13.04960000,2328.00,100.257
4162,2,2439,2464.195371842966,-686.467077702793,2019-07-22T12:56:04Z,46.50316667,13.04945000,2329.00,100.242
4163,2,2440,2465.195371842966,-685.467077702793,2019-07-22T12:56:05Z,46.50330000,13.04928333,2327.00,100.226
4164,2,2441,2466.195371842966,-684.467077702793,2019-07-22T12:56:06Z,46.50343333,13.04910000,2327.00,100.21
4165,2,2442,2467.195371842966,-683.467077702793,2019-07-22T12:56:07Z,46.50356667,13.04891667,2326.00,100.194
4166,2,2443,2468.195371842966,-682.467077702793,2019-07-22T12:56:08Z,46.50370000,13.04871667,2324.00,100.177
4167,2,2444,2469.195371842966,-681.467077702793,2019-07-22T12:56:09Z,46.50383333,13.04855000,2324.00,100.162
4168,2,2445,2470.195371842966,-680.467077702793,2019-07-22T12:56:10Z,46.50396667,13.04838333,2323.00,100.146
4169,2,2446,2471.195371842966,-679.467077702793,2019-07-22T12:56:11Z,46.50411667,13.04823333,2322.00,100.128
4170,2,2447,2472.195371842966,-678.467077702793,2019-07-22T12:56:12Z,46.50425000,13.04806667,2322.00,100.112
4171,2,2448,2473.195371842966,-677.467077702793,2019-07-22T12:56:13Z,46.50438333,13.04788333,2321.00,100.096
4172,2,2449,2474.195371842966,-676.467077702793,2019-07-22T12:56:14Z,46.50451667,13.04771667,2319.00,100.081
4173,2,2450,2475.195371842966,-675.467077702793,2019-07-22T12:56:15Z,46.50465000,13.04753333,2317.00,100.065
4174,2,2451,2476.195371842966,-674.467077702793,2019-07-22T12:56:16Z,46.50480000,13.04735000,2314.00,100.047
4175,2,2452,2477.195371842966,-673.467077702793,2019-07-22T12:56:17Z,46.50493333,13.04718333,2311.00,100.031
4176,2,2453,2478.195371842966,-672.467077702793,2019-07-22T12:56:18Z,46.50508333,13.04701667,2310.00,100.014
4177,2,2454,2479.195371842966,-671.467077702793,2019-07-22T12:56:19Z,46.50523333,13.04685000,2309.00,99.996
4178,2,2455,2480.195371842966,-670.467077702793,2019-07-22T12:56:20Z,46.50536667,13.04666667,2307.00,99.98
4179,2,2456,2481.195371842966,-669.467077702793,2019-07-22T12:56:21Z,46.50550000,13.04648333,2306.00,99.965
4180,2,2457,2482.195371842966,-668.467077702793,2019-07-22T12:56:22Z,46.50563333,13.04628333,2303.00,99.949
4181,2,2458,2483.195371842966,-667.467077702793,2019-07-22T12:56:23Z,46.50578333,13.04610000,2303.00,99.931
4182,2,2459,2484.195371842966,-666.467077702793,2019-07-22T12:56:24Z,46.50591667,13.04591667,2301.00,99.916
4183,2,2460,2485.195371842966,-665.467077702793,2019-07-22T12:56:25Z,46.50606667,13.04571667,2299.00,99.898
4184,2,2461,2486.195371842966,-664.467077702793,2019-07-22T12:56:26Z,46.50620000,13.04553333,2297.00,99.883
4185,2,2462,2487.195371842966,-663.467077702793,2019-07-22T12:56:27Z,46.50635000,13.04533333,2296.00,99.865
4186,2,2463,2488.195371842966,-662.467077702793,2019-07-22T12:56:28Z,46.50650000,13.04513333,2294.00,99.848
4187,2,2464,2489.195371842966,-661.467077702793,2019-07-22T12:56:29Z,46.50665000,13.04495000,2292.00,99.83
4188,2,2465,2490.195371842966,-660.467077702793,2019-07-22T12:56:30Z,46.50678333,13.04475000,2292.00,99.815
4189,2,2466,2491.195371842966,-659.467077702793,2019-07-22T12:56:31Z,46.50693333,13.04456667,2292.00,99.798
4190,2,2467,2492.195371842966,-658.467077702793,2019-07-22T12:56:32Z,46.50708333,13.04438333,2294.00,99.78
4191,2,2468,2493.195371842966,-657.467077702793,2019-07-22T12:56:33Z,46.50723333,13.04420000,2294.00,99.763
4192,2,2469,2494.195371842966,-656.467077702793,2019-07-22T12:56:34Z,46.50738333,13.04403333,2294.00,99.746
4193,2,2470,2495.195371842966,-655.467077702793,2019-07-22T12:56:35Z,46.50753333,13.04385000,2295.00,99.729
4194,2,2471,2496.195371842966,-654.467077702793,2019-07-22T12:56:36Z,46.50770000,13.04366667,2294.00,99.71
4195,2,2472,2497.195371842966,-653.467077702793,2019-07-22T12:56:37Z,46.50786667,13.04350000,2294.00,99.691
4196,2,2473,2498.195371842966,-652.467077702793,2019-07-22T12:56:38Z,46.50803333,13.04335000,2295.00,99.672
4197,2,2474,2499.195371842966,-651.467077702793,2019-07-22T12:56:39Z,46.50820000,13.04320000,2295.00,99.653
4198,2,2475,2500.195371842966,-650.467077702793,2019-07-22T12:56:40Z,46.50835000,13.04308333,2297.00,99.636
4199,2,2476,2501.195371842966,-649.467077702793,2019-07-22T12:56:41Z,46.50853333,13.04295000,2298.00,99.616
4200,2,2477,2502.195371842966,-648.467077702793,2019-07-22T12:56:42Z,46.50870000,13.04283333,2300.00,99.597
4201,2,2478,2503.195371842966,-647.467077702793,2019-07-22T12:56:43Z,46.50890000,13.04271667,2301.00,99.575
4202,2,2479,2504.195371842966,-646.467077702793,2019-07-22T12:56:44Z,46.50908333,13.04260000,2303.00,99.554
4203,2,2480,2505.195371842966,-645.467077702793,2019-07-22T12:56:45Z,46.50926667,13.04248333,2303.00,99.533
4204,2,2481,2506.195371842966,-644.467077702793,2019-07-22T12:56:46Z,46.50945000,13.04235000,2304.00,99.513
4205,2,2482,2507.195371842966,-643.467077702793,2019-07-22T12:56:47Z,46.50963333,13.04221667,2306.00,99.492
4206,2,2483,2508.195371842966,-642.467077702793,2019-07-22T12:56:48Z,46.50981667,13.04208333,2307.00,99.472
4207,2,2484,2509.195371842966,-641.467077702793,2019-07-22T12:56:49Z,46.51000000,13.04198333,2308.00,99.451
4208,2,2485,2510.195371842966,-640.467077702793,2019-07-22T12:56:50Z,46.51018333,13.04188333,2310.00,99.431
4209,2,2486,2511.195371842966,-639.467077702793,2019-07-22T12:56:51Z,46.51036667,13.04180000,2312.00,99.41
4210,2,2487,2512.195371842966,-638.467077702793,2019-07-22T12:56:52Z,46.51055000,13.04173333,2312.00,99.39
4211,2,2488,2513.195371842966,-637.467077702793,2019-07-22T12:56:53Z,46.51071667,13.04165000,2314.00,99.371
4212,2,2489,2514.195371842966,-636.467077702793,2019-07-22T12:56:54Z,46.51090000,13.04158333,2313.00,99.351
4213,2,2490,2515.195371842966,-635.467077702793,2019-07-22T12:56:55Z,46.51108333,13.04148333,2313.00,99.33
4214,2,2491,2516.195371842966,-634.467077702793,2019-07-22T12:56:56Z,46.51126667,13.04140000,2313.00,99.31
4215,2,2492,2517.195371842966,-633.467077702793,2019-07-22T12:56:57Z,46.51146667,13.04131667,2312.00,99.288
4216,2,2493,2518.195371842966,-632.467077702793,2019-07-22T12:56:58Z,46.51165000,13.04121667,2310.00,99.267
4217,2,2494,2519.195371842966,-631.467077702793,2019-07-22T12:56:59Z,46.51183333,13.04110000,2309.00,99.247
4218,2,2495,2520.195371842966,-630.467077702793,2019-07-22T12:57:00Z,46.51203333,13.04098333,2309.00,99.225
4219,2,2496,2521.195371842966,-629.467077702793,2019-07-22T12:57:01Z,46.51221667,13.04086667,2306.00,99.204
4220,2,2497,2522.195371842966,-628.467077702793,2019-07-22T12:57:02Z,46.51238333,13.04073333,2304.00,99.186
4221,2,2498,2523.195371842966,-627.467077702793,2019-07-22T12:57:03Z,46.51256667,13.04061667,2303.00,99.165
4222,2,2499,2524.195371842966,-626.467077702793,2019-07-22T12:57:04Z,46.51271667,13.04050000,2304.00,99.149
4223,2,2500,2525.195371842966,-625.467077702793,2019-07-22T12:57:05Z,46.51288333,13.04040000,2303.00,99.13
4224,2,2501,2526.195371842966,-624.467077702793,2019-07-22T12:57:06Z,46.51303333,13.04030000,2302.00,99.114
4225,2,2502,2527.195371842966,-623.467077702793,2019-07-22T12:57:07Z,46.51318333,13.04020000,2299.00,99.097
4226,2,2503,2528.195371842966,-622.467077702793,2019-07-22T12:57:08Z,46.51335000,13.04011667,2296.00,99.079
4227,2,2504,2529.195371842966,-621.467077702793,2019-07-22T12:57:09Z,46.51351667,13.04003333,2293.00,99.06
4228,2,2505,2530.195371842966,-620.467077702793,2019-07-22T12:57:10Z,46.51366667,13.03996667,2290.00,99.044
4229,2,2506,2531.195371842966,-619.467077702793,2019-07-22T12:57:11Z,46.51383333,13.03990000,2288.00,99.025
4230,2,2507,2532.195371842966,-618.467077702793,2019-07-22T12:57:12Z,46.51400000,13.03983333,2286.00,99.007
4231,2,2508,2533.195371842966,-617.467077702793,2019-07-22T12:57:13Z,46.51416667,13.03975000,2283.00,98.988
4232,2,2509,2534.195371842966,-616.467077702793,2019-07-22T12:57:14Z,46.51433333,13.03966667,2281.00,98.97
4233,2,2510,2535.195371842966,-615.467077702793,2019-07-22T12:57:15Z,46.51450000,13.03958333,2278.00,98.951
4234,2,2511,2536.195371842966,-614.467077702793,2019-07-22T12:57:16Z,46.51466667,13.03950000,2276.00,98.933
4235,2,2512,2537.195371842966,-613.467077702793,2019-07-22T12:57:17Z,46.51483333,13.03941667,2274.00,98.915
4236,2,2513,2538.195371842966,-612.467077702793,2019-07-22T12:57:18Z,46.51498333,13.03935000,2273.00,98.898
4237,2,2514,2539.195371842966,-611.467077702793,2019-07-22T12:57:19Z,46.51513333,13.03926667,2271.00,98.882
4238,2,2515,2540.195371842966,-610.467077702793,2019-07-22T12:57:20Z,46.51530000,13.03920000,2270.00,98.863
4239,2,2516,2541.195371842966,-609.467077702793,2019-07-22T12:57:21Z,46.51545000,13.03913333,2266.00,98.847
4240,2,2517,2542.195371842966,-608.467077702793,2019-07-22T12:57:22Z,46.51561667,13.03908333,2264.00,98.828
4241,2,2518,2543.195371842966,-607.467077702793,2019-07-22T12:57:23Z,46.51578333,13.03901667,2262.00,98.81
4242,2,2519,2544.195371842966,-606.467077702793,2019-07-22T12:57:24Z,46.51595000,13.03896667,2261.00,98.791
4243,2,2520,2545.195371842966,-605.467077702793,2019-07-22T12:57:25Z,46.51611667,13.03893333,2261.00,98.773
4244,2,2521,2546.195371842966,-604.467077702793,2019-07-22T12:57:26Z,46.51626667,13.03890000,2260.00,98.756
4245,2,2522,2547.195371842966,-603.467077702793,2019-07-22T12:57:27Z,46.51641667,13.03886667,2258.00,98.74
4246,2,2523,2548.195371842966,-602.467077702793,2019-07-22T12:57:28Z,46.51656667,13.03883333,2256.00,98.723
4247,2,2524,2549.195371842966,-601.467077702793,2019-07-22T12:57:29Z,46.51673333,13.03880000,2254.00,98.705
4248,2,2525,2550.195371842966,-600.467077702793,2019-07-22T12:57:30Z,46.51688333,13.03878333,2251.00,98.688
4249,2,2526,2551.195371842966,-599.467077702793,2019-07-22T12:57:31Z,46.51705000,13.03875000,2247.00,98.67
4250,2,2527,2552.195371842966,-598.467077702793,2019-07-22T12:57:32Z,46.51720000,13.03871667,2245.00,98.653
4251,2,2528,2553.195371842966,-597.467077702793,2019-07-22T12:57:33Z,46.51736667,13.03868333,2242.00,98.635
4252,2,2529,2554.195371842966,-596.467077702793,2019-07-22T12:57:34Z,46.51753333,13.03865000,2239.00,98.616
4253,2,2530,2555.195371842966,-595.467077702793,2019-07-22T12:57:35Z,46.51768333,13.03863333,2236.00,98.599
4254,2,2531,2556.195371842966,-594.467077702793,2019-07-22T12:57:36Z,46.51783333,13.03861667,2232.00,98.583
4255,2,2532,2557.195371842966,-593.467077702793,2019-07-22T12:57:37Z,46.51800000,13.03861667,2226.00,98.564
4256,2,2533,2558.195371842966,-592.467077702793,2019-07-22T12:57:38Z,46.51815000,13.03863333,2221.00,98.548
4257,2,2534,2559.195371842966,-591.467077702793,2019-07-22T12:57:39Z,46.51830000,13.03865000,2221.00,98.531
4258,2,2535,2560.195371842966,-590.467077702793,2019-07-22T12:57:40Z,46.51846667,13.03866667,2220.00,98.512
4259,2,2536,2561.195371842966,-589.467077702793,2019-07-22T12:57:41Z,46.51863333,13.03866667,2217.00,98.494
4260,2,2537,2562.195371842966,-588.467077702793,2019-07-22T12:57:42Z,46.51878333,13.03868333,2214.00,98.477
4261,2,2538,2563.195371842966,-587.467077702793,2019-07-22T12:57:43Z,46.51895000,13.03868333,2211.00,98.459
4262,2,2539,2564.195371842966,-586.467077702793,2019-07-22T12:57:44Z,46.51910000,13.03868333,2210.00,98.442
4263,2,2540,2565.195371842966,-585.467077702793,2019-07-22T12:57:45Z,46.51925000,13.03868333,2208.00,98.425
4264,2,2541,2566.195371842966,-584.467077702793,2019-07-22T12:57:46Z,46.51941667,13.03868333,2205.00,98.407
4265,2,2542,2567.195371842966,-583.467077702793,2019-07-22T12:57:47Z,46.51958333,13.03868333,2204.00,98.388
4266,2,2543,2568.195371842966,-582.467077702793,2019-07-22T12:57:48Z,46.51973333,13.03868333,2202.00,98.372
4267,2,2544,2569.195371842966,-581.467077702793,2019-07-22T12:57:49Z,46.51990000,13.03868333,2199.00,98.353
4268,2,2545,2570.195371842966,-580.467077702793,2019-07-22T12:57:50Z,46.52006667,13.03868333,2196.00,98.334
4269,2,2546,2571.195371842966,-579.467077702793,2019-07-22T12:57:51Z,46.52023333,13.03866667,2194.00,98.316
4270,2,2547,2572.195371842966,-578.467077702793,2019-07-22T12:57:52Z,46.52040000,13.03866667,2192.00,98.297
4271,2,2548,2573.195371842966,-577.467077702793,2019-07-22T12:57:53Z,46.52056667,13.03868333,2188.00,98.279
4272,2,2549,2574.195371842966,-576.467077702793,2019-07-22T12:57:54Z,46.52071667,13.03868333,2184.00,98.262
4273,2,2550,2575.195371842966,-575.467077702793,2019-07-22T12:57:55Z,46.52088333,13.03870000,2180.00,98.244
4274,2,2551,2576.195371842966,-574.467077702793,2019-07-22T12:57:56Z,46.52105000,13.03870000,2179.00,98.225
4275,2,2552,2577.195371842966,-573.467077702793,2019-07-22T12:57:57Z,46.52120000,13.03871667,2178.00,98.208
4276,2,2553,2578.195371842966,-572.467077702793,2019-07-22T12:57:58Z,46.52135000,13.03873333,2178.00,98.192
4277,2,2554,2579.195371842966,-571.467077702793,2019-07-22T12:57:59Z,46.52151667,13.03875000,2175.00,98.173
4278,2,2555,2580.195371842966,-570.467077702793,2019-07-22T12:58:00Z,46.52166667,13.03875000,2171.00,98.156
4279,2,2556,2581.195371842966,-569.467077702793,2019-07-22T12:58:01Z,46.52185000,13.03871667,2169.00,98.136
4280,2,2557,2582.195371842966,-568.467077702793,2019-07-22T12:58:02Z,46.52203333,13.03866667,2168.00,98.116
4281,2,2558,2583.195371842966,-567.467077702793,2019-07-22T12:58:03Z,46.52220000,13.03863333,2167.00,98.097
4282,2,2559,2584.195371842966,-566.467077702793,2019-07-22T12:58:04Z,46.52236667,13.03861667,2167.00,98.079
4283,2,2560,2585.195371842966,-565.467077702793,2019-07-22T12:58:05Z,46.52251667,13.03860000,2167.00,98.062
4284,2,2561,2586.195371842966,-564.467077702793,2019-07-22T12:58:06Z,46.52268333,13.03858333,2169.00,98.044
4285,2,2562,2587.195371842966,-563.467077702793,2019-07-22T12:58:07Z,46.52283333,13.03856667,2170.00,98.027
4286,2,2563,2588.195371842966,-562.467077702793,2019-07-22T12:58:08Z,46.52300000,13.03853333,2169.00,98.009
4287,2,2564,2589.195371842966,-561.467077702793,2019-07-22T12:58:09Z,46.52318333,13.03850000,2170.00,97.988
4288,2,2565,2590.195371842966,-560.467077702793,2019-07-22T12:58:10Z,46.52333333,13.03843333,2171.00,97.972
4289,2,2566,2591.195371842966,-559.467077702793,2019-07-22T12:58:11Z,46.52350000,13.03838333,2171.00,97.954
4290,2,2567,2592.195371842966,-558.467077702793,2019-07-22T12:58:12Z,46.52365000,13.03835000,2174.00,97.937
4291,2,2568,2593.195371842966,-557.467077702793,2019-07-22T12:58:13Z,46.52380000,13.03830000,2176.00,97.92
4292,2,2569,2594.195371842966,-556.467077702793,2019-07-22T12:58:14Z,46.52396667,13.03826667,2178.00,97.902
4293,2,2570,2595.195371842966,-555.467077702793,2019-07-22T12:58:15Z,46.52411667,13.03823333,2179.00,97.885
4294,2,2571,2596.195371842966,-554.467077702793,2019-07-22T12:58:16Z,46.52428333,13.03820000,2180.00,97.867
4295,2,2572,2597.195371842966,-553.467077702793,2019-07-22T12:58:17Z,46.52445000,13.03816667,2181.00,97.849
4296,2,2573,2598.195371842966,-552.467077702793,2019-07-22T12:58:18Z,46.52461667,13.03813333,2181.00,97.83
4297,2,2574,2599.195371842966,-551.467077702793,2019-07-22T12:58:19Z,46.52478333,13.03810000,2181.00,97.812
4298,2,2575,2600.195371842966,-550.467077702793,2019-07-22T12:58:20Z,46.52493333,13.03806667,2181.00,97.795
4299,2,2576,2601.195371842966,-549.467077702793,2019-07-22T12:58:21Z,46.52508333,13.03805000,2180.00,97.779
4300,2,2577,2602.195371842966,-548.467077702793,2019-07-22T12:58:22Z,46.52521667,13.03801667,2181.00,97.764
4301,2,2578,2603.195371842966,-547.467077702793,2019-07-22T12:58:23Z,46.52536667,13.03800000,2181.00,97.747
4302,2,2579,2604.195371842966,-546.467077702793,2019-07-22T12:58:24Z,46.52550000,13.03798333,2181.00,97.733
4303,2,2580,2605.195371842966,-545.467077702793,2019-07-22T12:58:25Z,46.52565000,13.03795000,2180.00,97.716
4304,2,2581,2606.195371842966,-544.467077702793,2019-07-22T12:58:26Z,46.52578333,13.03791667,2180.00,97.701
4305,2,2582,2607.195371842966,-543.467077702793,2019-07-22T12:58:27Z,46.52593333,13.03788333,2178.00,97.685
4306,2,2583,2608.195371842966,-542.467077702793,2019-07-22T12:58:28Z,46.52606667,13.03785000,2177.00,97.67
4307,2,2584,2609.195371842966,-541.467077702793,2019-07-22T12:58:29Z,46.52620000,13.03780000,2176.00,97.655
4308,2,2585,2610.195371842966,-540.467077702793,2019-07-22T12:58:30Z,46.52635000,13.03776667,2173.00,97.639
4309,2,2586,2611.195371842966,-539.467077702793,2019-07-22T12:58:31Z,46.52650000,13.03773333,2171.00,97.622
4310,2,2587,2612.195371842966,-538.467077702793,2019-07-22T12:58:32Z,46.52665000,13.03771667,2168.00,97.606
4311,2,2588,2613.195371842966,-537.467077702793,2019-07-22T12:58:33Z,46.52680000,13.03770000,2166.00,97.589
4312,2,2589,2614.195371842966,-536.467077702793,2019-07-22T12:58:34Z,46.52695000,13.03766667,2163.00,97.573
4313,2,2590,2615.195371842966,-535.467077702793,2019-07-22T12:58:35Z,46.52711667,13.03763333,2160.00,97.554
4314,2,2591,2616.195371842966,-534.467077702793,2019-07-22T12:58:36Z,46.52728333,13.03760000,2158.00,97.536
4315,2,2592,2617.195371842966,-533.467077702793,2019-07-22T12:58:37Z,46.52746667,13.03756667,2156.00,97.516
4316,2,2593,2618.195371842966,-532.467077702793,2019-07-22T12:58:38Z,46.52763333,13.03753333,2155.00,97.497
4317,2,2594,2619.195371842966,-531.467077702793,2019-07-22T12:58:39Z,46.52778333,13.03748333,2154.00,97.481
4318,2,2595,2620.195371842966,-530.467077702793,2019-07-22T12:58:40Z,46.52793333,13.03745000,2153.00,97.464
4319,2,2596,2621.195371842966,-529.467077702793,2019-07-22T12:58:41Z,46.52808333,13.03740000,2152.00,97.448
4320,2,2597,2622.195371842966,-528.467077702793,2019-07-22T12:58:42Z,46.52823333,13.03736667,2151.00,97.431
4321,2,2598,2623.195371842966,-527.467077702793,2019-07-22T12:58:43Z,46.52840000,13.03731667,2150.00,97.413
4322,2,2599,2624.195371842966,-526.467077702793,2019-07-22T12:58:44Z,46.52856667,13.03730000,2147.00,97.395
4323,2,2600,2625.195371842966,-525.467077702793,2019-07-22T12:58:45Z,46.52873333,13.03728333,2144.00,97.376
4324,2,2601,2626.195371842966,-524.467077702793,2019-07-22T12:58:46Z,46.52890000,13.03728333,2143.00,97.358
4325,2,2602,2627.195371842966,-523.467077702793,2019-07-22T12:58:47Z,46.52905000,13.03730000,2142.00,97.341
4326,2,2603,2628.195371842966,-522.467077702793,2019-07-22T12:58:48Z,46.52918333,13.03730000,2140.00,97.326
4327,2,2604,2629.195371842966,-521.467077702793,2019-07-22T12:58:49Z,46.52933333,13.03728333,2139.00,97.31
4328,2,2605,2630.195371842966,-520.467077702793,2019-07-22T12:58:50Z,46.52948333,13.03728333,2138.00,97.293
4329,2,2606,2631.195371842966,-519.467077702793,2019-07-22T12:58:51Z,46.52965000,13.03728333,2136.00,97.274
4330,2,2607,2632.195371842966,-518.467077702793,2019-07-22T12:58:52Z,46.52980000,13.03726667,2133.00,97.258
4331,2,2608,2633.195371842966,-517.467077702793,2019-07-22T12:58:53Z,46.52996667,13.03726667,2131.00,97.239
4332,2,2609,2634.195371842966,-516.467077702793,2019-07-22T12:58:54Z,46.53011667,13.03725000,2129.00,97.223
4333,2,2610,2635.195371842966,-515.467077702793,2019-07-22T12:58:55Z,46.53028333,13.03725000,2128.00,97.204
4334,2,2611,2636.195371842966,-514.467077702793,2019-07-22T12:58:56Z,46.53043333,13.03725000,2128.00,97.188
4335,2,2612,2637.195371842966,-513.467077702793,2019-07-22T12:58:57Z,46.53058333,13.03723333,2127.00,97.171
4336,2,2613,2638.195371842966,-512.467077702793,2019-07-22T12:58:58Z,46.53075000,13.03723333,2126.00,97.153
4337,2,2614,2639.195371842966,-511.467077702793,2019-07-22T12:58:59Z,46.53090000,13.03723333,2125.00,97.136
4338,2,2615,2640.195371842966,-510.467077702793,2019-07-22T12:59:00Z,46.53105000,13.03721667,2123.00,97.119
4339,2,2616,2641.195371842966,-509.467077702793,2019-07-22T12:59:01Z,46.53120000,13.03720000,2122.00,97.103
4340,2,2617,2642.195371842966,-508.467077702793,2019-07-22T12:59:02Z,46.53133333,13.03718333,2119.00,97.088
4341,2,2618,2643.195371842966,-507.467077702793,2019-07-22T12:59:03Z,46.53148333,13.03716667,2118.00,97.072
4342,2,2619,2644.195371842966,-506.467077702793,2019-07-22T12:59:04Z,46.53163333,13.03716667,2116.00,97.055
4343,2,2620,2645.195371842966,-505.467077702793,2019-07-22T12:59:05Z,46.53180000,13.03716667,2114.00,97.036
4344,2,2621,2646.195371842966,-504.467077702793,2019-07-22T12:59:06Z,46.53195000,13.03718333,2112.00,97.02
4345,2,2622,2647.195371842966,-503.467077702793,2019-07-22T12:59:07Z,46.53210000,13.03718333,2110.00,97.003
4346,2,2623,2648.195371842966,-502.467077702793,2019-07-22T12:59:08Z,46.53225000,13.03720000,2109.00,96.986
4347,2,2624,2649.195371842966,-501.467077702793,2019-07-22T12:59:09Z,46.53240000,13.03721667,2107.00,96.97
4348,2,2625,2650.195371842966,-500.467077702793,2019-07-22T12:59:10Z,46.53255000,13.03725000,2105.00,96.953
4349,2,2626,2651.195371842966,-499.467077702793,2019-07-22T12:59:11Z,46.53271667,13.03726667,2104.00,96.934
4350,2,2627,2652.195371842966,-498.467077702793,2019-07-22T12:59:12Z,46.53286667,13.03728333,2102.00,96.918
4351,2,2628,2653.195371842966,-497.467077702793,2019-07-22T12:59:13Z,46.53303333,13.03731667,2101.00,96.899
4352,2,2629,2654.195371842966,-496.467077702793,2019-07-22T12:59:14Z,46.53320000,13.03735000,2102.00,96.88
4353,2,2630,2655.195371842966,-495.467077702793,2019-07-22T12:59:15Z,46.53335000,13.03738333,2101.00,96.863
4354,2,2631,2656.195371842966,-494.467077702793,2019-07-22T12:59:16Z,46.53351667,13.03741667,2098.00,96.845
4355,2,2632,2657.195371842966,-493.467077702793,2019-07-22T12:59:17Z,46.53368333,13.03746667,2096.00,96.826
4356,2,2633,2658.195371842966,-492.467077702793,2019-07-22T12:59:18Z,46.53385000,13.03750000,2096.00,96.807
4357,2,2634,2659.195371842966,-491.467077702793,2019-07-22T12:59:19Z,46.53400000,13.03753333,2096.00,96.791
4358,2,2635,2660.195371842966,-490.467077702793,2019-07-22T12:59:20Z,46.53416667,13.03756667,2095.00,96.772
4359,2,2636,2661.195371842966,-489.467077702793,2019-07-22T12:59:21Z,46.53431667,13.03760000,2095.00,96.755
4360,2,2637,2662.195371842966,-488.467077702793,2019-07-22T12:59:22Z,46.53448333,13.03763333,2094.00,96.736
4361,2,2638,2663.195371842966,-487.467077702793,2019-07-22T12:59:23Z,46.53465000,13.03766667,2093.00,96.718
4362,2,2639,2664.195371842966,-486.467077702793,2019-07-22T12:59:24Z,46.53480000,13.03771667,2092.00,96.701
4363,2,2640,2665.195371842966,-485.467077702793,2019-07-22T12:59:25Z,46.53496667,13.03776667,2091.00,96.682
4364,2,2641,2666.195371842966,-484.467077702793,2019-07-22T12:59:26Z,46.53511667,13.03783333,2089.00,96.665
4365,2,2642,2667.195371842966,-483.467077702793,2019-07-22T12:59:27Z,46.53528333,13.03788333,2088.00,96.646
4366,2,2643,2668.195371842966,-482.467077702793,2019-07-22T12:59:28Z,46.53545000,13.03791667,2086.00,96.628
4367,2,2644,2669.195371842966,-481.467077702793,2019-07-22T12:59:29Z,46.53561667,13.03793333,2084.00,96.609
4368,2,2645,2670.195371842966,-480.467077702793,2019-07-22T12:59:30Z,46.53578333,13.03795000,2083.00,96.591
4369,2,2646,2671.195371842966,-479.467077702793,2019-07-22T12:59:31Z,46.53595000,13.03793333,2082.00,96.572
4370,2,2647,2672.195371842966,-478.467077702793,2019-07-22T12:59:32Z,46.53611667,13.03793333,2081.00,96.554
4371,2,2648,2673.195371842966,-477.467077702793,2019-07-22T12:59:33Z,46.53628333,13.03791667,2080.00,96.535
4372,2,2649,2674.195371842966,-476.467077702793,2019-07-22T12:59:34Z,46.53646667,13.03791667,2078.00,96.515
4373,2,2650,2675.195371842966,-475.467077702793,2019-07-22T12:59:35Z,46.53663333,13.03788333,2077.00,96.497
4374,2,2651,2676.195371842966,-474.467077702793,2019-07-22T12:59:36Z,46.53681667,13.03786667,2076.00,96.476
4375,2,2652,2677.195371842966,-473.467077702793,2019-07-22T12:59:37Z,46.53698333,13.03783333,2075.00,96.458
4376,2,2653,2678.195371842966,-472.467077702793,2019-07-22T12:59:38Z,46.53716667,13.03780000,2074.00,96.438
4377,2,2654,2679.195371842966,-471.467077702793,2019-07-22T12:59:39Z,46.53733333,13.03776667,2073.00,96.419
4378,2,2655,2680.195371842966,-470.467077702793,2019-07-22T12:59:40Z,46.53751667,13.03773333,2073.00,96.399
4379,2,2656,2681.195371842966,-469.467077702793,2019-07-22T12:59:41Z,46.53768333,13.03768333,2073.00,96.381
4380,2,2657,2682.195371842966,-468.467077702793,2019-07-22T12:59:42Z,46.53785000,13.03766667,2072.00,96.363
4381,2,2658,2683.195371842966,-467.467077702793,2019-07-22T12:59:43Z,46.53801667,13.03763333,2071.00,96.344
4382,2,2659,2684.195371842966,-466.467077702793,2019-07-22T12:59:44Z,46.53818333,13.03761667,2070.00,96.326
4383,2,2660,2685.195371842966,-465.467077702793,2019-07-22T12:59:45Z,46.53836667,13.03760000,2070.00,96.306
4384,2,2661,2686.195371842966,-464.467077702793,2019-07-22T12:59:46Z,46.53853333,13.03758333,2069.00,96.287
4385,2,2662,2687.195371842966,-463.467077702793,2019-07-22T12:59:47Z,46.53870000,13.03758333,2068.00,96.269
4386,2,2663,2688.195371842966,-462.467077702793,2019-07-22T12:59:48Z,46.53885000,13.03756667,2067.00,96.252
4387,2,2664,2689.195371842966,-461.467077702793,2019-07-22T12:59:49Z,46.53901667,13.03753333,2067.00,96.234
4388,2,2665,2690.195371842966,-460.467077702793,2019-07-22T12:59:50Z,46.53916667,13.03751667,2067.00,96.218
4389,2,2666,2691.195371842966,-459.467077702793,2019-07-22T12:59:51Z,46.53933333,13.03750000,2066.00,96.199
4390,2,2667,2692.195371842966,-458.467077702793,2019-07-22T12:59:52Z,46.53948333,13.03746667,2064.00,96.183
4391,2,2668,2693.195371842966,-457.467077702793,2019-07-22T12:59:53Z,46.53965000,13.03745000,2063.00,96.164
4392,2,2669,2694.195371842966,-456.467077702793,2019-07-22T12:59:54Z,46.53981667,13.03740000,2060.00,96.146
4393,2,2670,2695.195371842966,-455.467077702793,2019-07-22T12:59:55Z,46.53998333,13.03736667,2059.00,96.128
4394,2,2671,2696.195371842966,-454.467077702793,2019-07-22T12:59:56Z,46.54015000,13.03733333,2059.00,96.11
4395,2,2672,2697.195371842966,-453.467077702793,2019-07-22T12:59:57Z,46.54031667,13.03730000,2059.00,96.092
4396,2,2673,2698.195371842966,-452.467077702793,2019-07-22T12:59:58Z,46.54048333,13.03726667,2058.00,96.073
4397,2,2674,2699.195371842966,-451.467077702793,2019-07-22T12:59:59Z,46.54063333,13.03723333,2058.00,96.057
4398,2,2675,2700.195371842966,-450.467077702793,2019-07-22T13:00:00Z,46.54080000,13.03718333,2057.00,96.039
4399,2,2676,2701.195371842966,-449.467077702793,2019-07-22T13:00:01Z,46.54096667,13.03713333,2056.00,96.021
4400,2,2677,2702.195371842966,-448.467077702793,2019-07-22T13:00:02Z,46.54115000,13.03710000,2057.00,96.001
4401,2,2678,2703.195371842966,-447.467077702793,2019-07-22T13:00:03Z,46.54131667,13.03706667,2055.00,95.982
4402,2,2679,2704.195371842966,-446.467077702793,2019-07-22T13:00:04Z,46.54148333,13.03703333,2052.00,95.964
4403,2,2680,2705.195371842966,-445.467077702793,2019-07-22T13:00:05Z,46.54166667,13.03700000,2051.00,95.944
4404,2,2681,2706.195371842966,-444.467077702793,2019-07-22T13:00:06Z,46.54183333,13.03696667,2051.00,95.926
4405,2,2682,2707.195371842966,-443.467077702793,2019-07-22T13:00:07Z,46.54200000,13.03693333,2050.00,95.908
4406,2,2683,2708.195371842966,-442.467077702793,2019-07-22T13:00:08Z,46.54218333,13.03691667,2049.00,95.888
4407,2,2684,2709.195371842966,-441.467077702793,2019-07-22T13:00:09Z,46.54235000,13.03690000,2048.00,95.87
4408,2,2685,2710.195371842966,-440.467077702793,2019-07-22T13:00:10Z,46.54253333,13.03688333,2046.00,95.849
4409,2,2686,2711.195371842966,-439.467077702793,2019-07-22T13:00:11Z,46.54271667,13.03686667,2046.00,95.829
4410,2,2687,2712.195371842966,-438.467077702793,2019-07-22T13:00:12Z,46.54290000,13.03686667,2045.00,95.809
4411,2,2688,2713.195371842966,-437.467077702793,2019-07-22T13:00:13Z,46.54308333,13.03688333,2045.00,95.789
4412,2,2689,2714.195371842966,-436.467077702793,2019-07-22T13:00:14Z,46.54325000,13.03688333,2045.00,95.77
4413,2,2690,2715.195371842966,-435.467077702793,2019-07-22T13:00:15Z,46.54343333,13.03690000,2045.00,95.75
4414,2,2691,2716.195371842966,-434.467077702793,2019-07-22T13:00:16Z,46.54360000,13.03691667,2044.00,95.731
4415,2,2692,2717.195371842966,-433.467077702793,2019-07-22T13:00:17Z,46.54376667,13.03691667,2042.00,95.713
4416,2,2693,2718.195371842966,-432.467077702793,2019-07-22T13:00:18Z,46.54393333,13.03690000,2041.00,95.695
4417,2,2694,2719.195371842966,-431.467077702793,2019-07-22T13:00:19Z,46.54410000,13.03690000,2040.00,95.676
4418,2,2695,2720.195371842966,-430.467077702793,2019-07-22T13:00:20Z,46.54428333,13.03690000,2038.00,95.656
4419,2,2696,2721.195371842966,-429.467077702793,2019-07-22T13:00:21Z,46.54445000,13.03690000,2036.00,95.638
4420,2,2697,2722.195371842966,-428.467077702793,2019-07-22T13:00:22Z,46.54461667,13.03690000,2035.00,95.619
4421,2,2698,2723.195371842966,-427.467077702793,2019-07-22T13:00:23Z,46.54478333,13.03690000,2033.00,95.601
4422,2,2699,2724.195371842966,-426.467077702793,2019-07-22T13:00:24Z,46.54495000,13.03691667,2031.00,95.582
4423,2,2700,2725.195371842966,-425.467077702793,2019-07-22T13:00:25Z,46.54513333,13.03691667,2028.00,95.562
4424,2,2701,2726.195371842966,-424.467077702793,2019-07-22T13:00:26Z,46.54530000,13.03691667,2026.00,95.544
4425,2,2702,2727.195371842966,-423.467077702793,2019-07-22T13:00:27Z,46.54548333,13.03693333,2024.00,95.523
4426,2,2703,2728.195371842966,-422.467077702793,2019-07-22T13:00:28Z,46.54565000,13.03693333,2021.00,95.505
4427,2,2704,2729.195371842966,-421.467077702793,2019-07-22T13:00:29Z,46.54583333,13.03695000,2018.00,95.484
4428,2,2705,2730.195371842966,-420.467077702793,2019-07-22T13:00:30Z,46.54603333,13.03696667,2015.00,95.462
4429,2,2706,2731.195371842966,-419.467077702793,2019-07-22T13:00:31Z,46.54621667,13.03698333,2013.00,95.442
4430,2,2707,2732.195371842966,-418.467077702793,2019-07-22T13:00:32Z,46.54640000,13.03700000,2010.00,95.421
4431,2,2708,2733.195371842966,-417.467077702793,2019-07-22T13:00:33Z,46.54658333,13.03701667,2008.00,95.401
4432,2,2709,2734.195371842966,-416.467077702793,2019-07-22T13:00:34Z,46.54676667,13.03703333,2007.00,95.381
4433,2,2710,2735.195371842966,-415.467077702793,2019-07-22T13:00:35Z,46.54695000,13.03705000,2006.00,95.36
4434,2,2711,2736.195371842966,-414.467077702793,2019-07-22T13:00:36Z,46.54713333,13.03706667,2007.00,95.34
4435,2,2712,2737.195371842966,-413.467077702793,2019-07-22T13:00:37Z,46.54730000,13.03708333,2005.00,95.321
4436,2,2713,2738.195371842966,-412.467077702793,2019-07-22T13:00:38Z,46.54748333,13.03710000,2002.00,95.301
4437,2,2714,2739.195371842966,-411.467077702793,2019-07-22T13:00:39Z,46.54765000,13.03711667,2002.00,95.282
4438,2,2715,2740.195371842966,-410.467077702793,2019-07-22T13:00:40Z,46.54781667,13.03713333,2001.00,95.264
4439,2,2716,2741.195371842966,-409.467077702793,2019-07-22T13:00:41Z,46.54798333,13.03715000,2001.00,95.245
4440,2,2717,2742.195371842966,-408.467077702793,2019-07-22T13:00:42Z,46.54815000,13.03718333,1999.00,95.227
4441,2,2718,2743.195371842966,-407.467077702793,2019-07-22T13:00:43Z,46.54831667,13.03720000,1997.00,95.208
4442,2,2719,2744.195371842966,-406.467077702793,2019-07-22T13:00:44Z,46.54848333,13.03723333,1994.00,95.189
4443,2,2720,2745.195371842966,-405.467077702793,2019-07-22T13:00:45Z,46.54866667,13.03725000,1992.00,95.169
4444,2,2721,2746.195371842966,-404.467077702793,2019-07-22T13:00:46Z,46.54885000,13.03728333,1990.00,95.149
4445,2,2722,2747.195371842966,-403.467077702793,2019-07-22T13:00:47Z,46.54903333,13.03730000,1989.00,95.128
4446,2,2723,2748.195371842966,-402.467077702793,2019-07-22T13:00:48Z,46.54921667,13.03733333,1988.00,95.108
4447,2,2724,2749.195371842966,-401.467077702793,2019-07-22T13:00:49Z,46.54940000,13.03736667,1988.00,95.087
4448,2,2725,2750.195371842966,-400.467077702793,2019-07-22T13:00:50Z,46.54955000,13.03740000,1987.00,95.07
4449,2,2726,2751.195371842966,-399.467077702793,2019-07-22T13:00:51Z,46.54970000,13.03743333,1990.00,95.053
4450,2,2727,2752.195371842966,-398.467077702793,2019-07-22T13:00:52Z,46.54985000,13.03746667,1990.00,95.036
4451,2,2728,2753.195371842966,-397.467077702793,2019-07-22T13:00:53Z,46.54998333,13.03748333,1990.00,95.022
4452,2,2729,2754.195371842966,-396.467077702793,2019-07-22T13:00:54Z,46.55011667,13.03751667,1990.00,95.007
4453,2,2730,2755.195371842966,-395.467077702793,2019-07-22T13:00:55Z,46.55026667,13.03755000,1990.00,94.99
4454,2,2731,2756.195371842966,-394.467077702793,2019-07-22T13:00:56Z,46.55041667,13.03756667,1989.00,94.973
4455,2,2732,2757.195371842966,-393.467077702793,2019-07-22T13:00:57Z,46.55058333,13.03758333,1989.00,94.954
4456,2,2733,2758.195371842966,-392.467077702793,2019-07-22T13:00:58Z,46.55073333,13.03758333,1989.00,94.938
4457,2,2734,2759.195371842966,-391.467077702793,2019-07-22T13:00:59Z,46.55088333,13.03758333,1987.00,94.921
4458,2,2735,2760.195371842966,-390.467077702793,2019-07-22T13:01:00Z,46.55103333,13.03758333,1986.00,94.905
4459,2,2736,2761.195371842966,-389.467077702793,2019-07-22T13:01:01Z,46.55118333,13.03760000,1985.00,94.888
4460,2,2737,2762.195371842966,-388.467077702793,2019-07-22T13:01:02Z,46.55133333,13.03761667,1984.00,94.872
4461,2,2738,2763.195371842966,-387.467077702793,2019-07-22T13:01:03Z,46.55148333,13.03765000,1983.00,94.855
4462,2,2739,2764.195371842966,-386.467077702793,2019-07-22T13:01:04Z,46.55163333,13.03766667,1983.00,94.838
4463,2,2740,2765.195371842966,-385.467077702793,2019-07-22T13:01:05Z,46.55180000,13.03770000,1983.00,94.819
4464,2,2741,2766.195371842966,-384.467077702793,2019-07-22T13:01:06Z,46.55195000,13.03773333,1985.00,94.802
4465,2,2742,2767.195371842966,-383.467077702793,2019-07-22T13:01:07Z,46.55210000,13.03775000,1987.00,94.786
4466,2,2743,2768.195371842966,-382.467077702793,2019-07-22T13:01:08Z,46.55225000,13.03776667,1988.00,94.769
4467,2,2744,2769.195371842966,-381.467077702793,2019-07-22T13:01:09Z,46.55238333,13.03780000,1989.00,94.754
4468,2,2745,2770.195371842966,-380.467077702793,2019-07-22T13:01:10Z,46.55255000,13.03783333,1989.00,94.735
4469,2,2746,2771.195371842966,-379.467077702793,2019-07-22T13:01:11Z,46.55271667,13.03788333,1988.00,94.716
4470,2,2747,2772.195371842966,-378.467077702793,2019-07-22T13:01:12Z,46.55288333,13.03793333,1986.00,94.698
4471,2,2748,2773.195371842966,-377.467077702793,2019-07-22T13:01:13Z,46.55305000,13.03796667,1985.00,94.679
4472,2,2749,2774.195371842966,-376.467077702793,2019-07-22T13:01:14Z,46.55321667,13.03801667,1985.00,94.66
4473,2,2750,2775.195371842966,-375.467077702793,2019-07-22T13:01:15Z,46.55338333,13.03805000,1984.00,94.641
4474,2,2751,2776.195371842966,-374.467077702793,2019-07-22T13:01:16Z,46.55353333,13.03806667,1984.00,94.625
4475,2,2752,2777.195371842966,-373.467077702793,2019-07-22T13:01:17Z,46.55370000,13.03808333,1984.00,94.606
4476,2,2753,2778.195371842966,-372.467077702793,2019-07-22T13:01:18Z,46.55385000,13.03810000,1984.00,94.589
4477,2,2754,2779.195371842966,-371.467077702793,2019-07-22T13:01:19Z,46.55401667,13.03811667,1984.00,94.571
4478,2,2755,2780.195371842966,-370.467077702793,2019-07-22T13:01:20Z,46.55418333,13.03813333,1983.00,94.552
4479,2,2756,2781.195371842966,-369.467077702793,2019-07-22T13:01:21Z,46.55436667,13.03816667,1982.00,94.532
4480,2,2757,2782.195371842966,-368.467077702793,2019-07-22T13:01:22Z,46.55455000,13.03818333,1982.00,94.511
4481,2,2758,2783.195371842966,-367.467077702793,2019-07-22T13:01:23Z,46.55473333,13.03820000,1982.00,94.491
4482,2,2759,2784.195371842966,-366.467077702793,2019-07-22T13:01:24Z,46.55493333,13.03821667,1982.00,94.469
4483,2,2760,2785.195371842966,-365.467077702793,2019-07-22T13:01:25Z,46.55513333,13.03825000,1982.00,94.447
4484,2,2761,2786.195371842966,-364.467077702793,2019-07-22T13:01:26Z,46.55531667,13.03826667,1983.00,94.426
4485,2,2762,2787.195371842966,-363.467077702793,2019-07-22T13:01:27Z,46.55550000,13.03830000,1983.00,94.406
4486,2,2763,2788.195371842966,-362.467077702793,2019-07-22T13:01:28Z,46.55568333,13.03831667,1984.00,94.385
4487,2,2764,2789.195371842966,-361.467077702793,2019-07-22T13:01:29Z,46.55588333,13.03831667,1983.00,94.363
4488,2,2765,2790.195371842966,-360.467077702793,2019-07-22T13:01:30Z,46.55606667,13.03831667,1982.00,94.343
4489,2,2766,2791.195371842966,-359.467077702793,2019-07-22T13:01:31Z,46.55626667,13.03831667,1983.00,94.321
4490,2,2767,2792.195371842966,-358.467077702793,2019-07-22T13:01:32Z,46.55646667,13.03831667,1983.00,94.3
4491,2,2768,2793.195371842966,-357.467077702793,2019-07-22T13:01:33Z,46.55666667,13.03831667,1984.00,94.278
4492,2,2769,2794.195371842966,-356.467077702793,2019-07-22T13:01:34Z,46.55685000,13.03833333,1985.00,94.257
4493,2,2770,2795.195371842966,-355.467077702793,2019-07-22T13:01:35Z,46.55705000,13.03835000,1986.00,94.235
4494,2,2771,2796.195371842966,-354.467077702793,2019-07-22T13:01:36Z,46.55725000,13.03836667,1988.00,94.213
4495,2,2772,2797.195371842966,-353.467077702793,2019-07-22T13:01:37Z,46.55743333,13.03836667,1990.00,94.193
4496,2,2773,2798.195371842966,-352.467077702793,2019-07-22T13:01:38Z,46.55761667,13.03840000,1994.00,94.173
4497,2,2774,2799.195371842966,-351.467077702793,2019-07-22T13:01:39Z,46.55780000,13.03843333,1996.00,94.152
4498,2,2775,2800.195371842966,-350.467077702793,2019-07-22T13:01:40Z,46.55798333,13.03848333,1999.00,94.131
4499,2,2776,2801.195371842966,-349.467077702793,2019-07-22T13:01:41Z,46.55818333,13.03853333,2002.00,94.109
4500,2,2777,2802.195371842966,-348.467077702793,2019-07-22T13:01:42Z,46.55838333,13.03858333,2003.00,94.086
4501,2,2778,2803.195371842966,-347.467077702793,2019-07-22T13:01:43Z,46.55858333,13.03865000,2004.00,94.063
4502,2,2779,2804.195371842966,-346.467077702793,2019-07-22T13:01:44Z,46.55878333,13.03870000,2005.00,94.041
4503,2,2780,2805.195371842966,-345.467077702793,2019-07-22T13:01:45Z,46.55898333,13.03878333,2005.00,94.018
4504,2,2781,2806.195371842966,-344.467077702793,2019-07-22T13:01:46Z,46.55920000,13.03886667,2005.00,93.993
4505,2,2782,2807.195371842966,-343.467077702793,2019-07-22T13:01:47Z,46.55940000,13.03896667,2005.00,93.97
4506,2,2783,2808.195371842966,-342.467077702793,2019-07-22T13:01:48Z,46.55961667,13.03908333,2005.00,93.945
4507,2,2784,2809.195371842966,-341.467077702793,2019-07-22T13:01:49Z,46.55981667,13.03920000,2006.00,93.921
4508,2,2785,2810.195371842966,-340.467077702793,2019-07-22T13:01:50Z,46.56000000,13.03931667,2010.00,93.899
4509,2,2786,2811.195371842966,-339.467077702793,2019-07-22T13:01:51Z,46.56020000,13.03941667,2012.00,93.876
4510,2,2787,2812.195371842966,-338.467077702793,2019-07-22T13:01:52Z,46.56040000,13.03948333,2014.00,93.853
4511,2,2788,2813.195371842966,-337.467077702793,2019-07-22T13:01:53Z,46.56060000,13.03951667,2016.00,93.831
4512,2,2789,2814.195371842966,-336.467077702793,2019-07-22T13:01:54Z,46.56080000,13.03951667,2019.00,93.809
4513,2,2790,2815.195371842966,-335.467077702793,2019-07-22T13:01:55Z,46.56096667,13.03950000,2024.00,93.791
4514,2,2791,2816.195371842966,-334.467077702793,2019-07-22T13:01:56Z,46.56115000,13.03946667,2030.00,93.772
4515,2,2792,2817.195371842966,-333.467077702793,2019-07-22T13:01:57Z,46.56130000,13.03938333,2033.00,93.757
4516,2,2793,2818.195371842966,-332.467077702793,2019-07-22T13:01:58Z,46.56143333,13.03925000,2036.00,93.743
4517,2,2794,2819.195371842966,-331.467077702793,2019-07-22T13:01:59Z,46.56155000,13.03906667,2039.00,93.732
4518,2,2795,2820.195371842966,-330.467077702793,2019-07-22T13:02:00Z,46.56161667,13.03886667,2043.00,93.728
4519,2,2796,2821.195371842966,-329.467077702793,2019-07-22T13:02:01Z,46.56163333,13.03866667,2046.00,93.73
4520,2,2797,2822.195371842966,-328.467077702793,2019-07-22T13:02:02Z,46.56158333,13.03848333,2048.00,93.739
4521,2,2798,2823.195371842966,-327.467077702793,2019-07-22T13:02:03Z,46.56150000,13.03835000,2051.00,93.751
4522,2,2799,2824.195371842966,-326.467077702793,2019-07-22T13:02:04Z,46.56140000,13.03831667,2056.00,93.762
4523,2,2800,2825.195371842966,-325.467077702793,2019-07-22T13:02:05Z,46.56126667,13.03836667,2060.00,93.775
4524,2,2801,2826.195371842966,-324.467077702793,2019-07-22T13:02:06Z,46.56116667,13.03846667,2064.00,93.784
4525,2,2802,2827.195371842966,-323.467077702793,2019-07-22T13:02:07Z,46.56106667,13.03861667,2069.00,93.792
4526,2,2803,2828.195371842966,-322.467077702793,2019-07-22T13:02:08Z,46.56098333,13.03876667,2076.00,93.799
4527,2,2804,2829.195371842966,-321.467077702793,2019-07-22T13:02:09Z,46.56091667,13.03893333,2081.00,93.804
4528,2,2805,2830.195371842966,-320.467077702793,2019-07-22T13:02:10Z,46.56086667,13.03910000,2087.00,93.807
4529,2,2806,2831.195371842966,-319.467077702793,2019-07-22T13:02:11Z,46.56088333,13.03928333,2090.00,93.803
4530,2,2807,2832.195371842966,-318.467077702793,2019-07-22T13:02:12Z,46.56091667,13.03948333,2092.00,93.797
4531,2,2808,2833.195371842966,-317.467077702793,2019-07-22T13:02:13Z,46.56096667,13.03970000,2094.00,93.789
4532,2,2809,2834.195371842966,-316.467077702793,2019-07-22T13:02:14Z,46.56105000,13.03993333,2097.00,93.777
4533,2,2810,2835.195371842966,-315.467077702793,2019-07-22T13:02:15Z,46.56115000,13.04015000,2099.00,93.765
4534,2,2811,2836.195371842966,-314.467077702793,2019-07-22T13:02:16Z,46.56128333,13.04035000,2100.00,93.75
4535,2,2812,2837.195371842966,-313.467077702793,2019-07-22T13:02:17Z,46.56141667,13.04055000,2102.00,93.735
4536,2,2813,2838.195371842966,-312.467077702793,2019-07-22T13:02:18Z,46.56155000,13.04071667,2104.00,93.719
4537,2,2814,2839.195371842966,-311.467077702793,2019-07-22T13:02:19Z,46.56170000,13.04085000,2106.00,93.702
4538,2,2815,2840.195371842966,-310.467077702793,2019-07-22T13:02:20Z,46.56185000,13.04096667,2109.00,93.685
4539,2,2816,2841.195371842966,-309.467077702793,2019-07-22T13:02:21Z,46.56200000,13.04103333,2112.00,93.669
4540,2,2817,2842.195371842966,-308.467077702793,2019-07-22T13:02:22Z,46.56216667,13.04105000,2114.00,93.65
4541,2,2818,2843.195371842966,-307.467077702793,2019-07-22T13:02:23Z,46.56231667,13.04101667,2116.00,93.633
4542,2,2819,2844.195371842966,-306.467077702793,2019-07-22T13:02:24Z,46.56243333,13.04093333,2118.00,93.62
4543,2,2820,2845.195371842966,-305.467077702793,2019-07-22T13:02:25Z,46.56255000,13.04078333,2118.00,93.608
4544,2,2821,2846.195371842966,-304.467077702793,2019-07-22T13:02:26Z,46.56265000,13.04061667,2119.00,93.598
4545,2,2822,2847.195371842966,-303.467077702793,2019-07-22T13:02:27Z,46.56271667,13.04041667,2119.00,93.59
4546,2,2823,2848.195371842966,-302.467077702793,2019-07-22T13:02:28Z,46.56275000,13.04021667,2119.00,93.587
4547,2,2824,2849.195371842966,-301.467077702793,2019-07-22T13:02:29Z,46.56275000,13.04001667,2121.00,93.589
4548,2,2825,2850.195371842966,-300.467077702793,2019-07-22T13:02:30Z,46.56275000,13.03983333,2123.00,93.592
4549,2,2826,2851.195371842966,-299.467077702793,2019-07-22T13:02:31Z,46.56273333,13.03965000,2126.00,93.596
4550,2,2827,2852.195371842966,-298.467077702793,2019-07-22T13:02:32Z,46.56271667,13.03950000,2130.00,93.599
4551,2,2828,2853.195371842966,-297.467077702793,2019-07-22T13:02:33Z,46.56270000,13.03935000,2135.00,93.603
4552,2,2829,2854.195371842966,-296.467077702793,2019-07-22T13:02:34Z,46.56265000,13.03921667,2139.00,93.61
4553,2,2830,2855.195371842966,-295.467077702793,2019-07-22T13:02:35Z,46.56261667,13.03910000,2143.00,93.616
4554,2,2831,2856.195371842966,-294.467077702793,2019-07-22T13:02:36Z,46.56255000,13.03898333,2146.00,93.625
4555,2,2832,2857.195371842966,-293.467077702793,2019-07-22T13:02:37Z,46.56248333,13.03888333,2149.00,93.634
4556,2,2833,2858.195371842966,-292.467077702793,2019-07-22T13:02:38Z,46.56240000,13.03880000,2153.00,93.645
4557,2,2834,2859.195371842966,-291.467077702793,2019-07-22T13:02:39Z,46.56230000,13.03873333,2158.00,93.657
4558,2,2835,2860.195371842966,-290.467077702793,2019-07-22T13:02:40Z,46.56220000,13.03868333,2164.00,93.669
4559,2,2836,2861.195371842966,-289.467077702793,2019-07-22T13:02:41Z,46.56210000,13.03868333,2169.00,93.679
4560,2,2837,2862.195371842966,-288.467077702793,2019-07-22T13:02:42Z,46.56198333,13.03873333,2174.00,93.691
4561,2,2838,2863.195371842966,-287.467077702793,2019-07-22T13:02:43Z,46.56188333,13.03883333,2180.00,93.7
4562,2,2839,2864.195371842966,-286.467077702793,2019-07-22T13:02:44Z,46.56180000,13.03900000,2184.00,93.706
4563,2,2840,2865.195371842966,-285.467077702793,2019-07-22T13:02:45Z,46.56178333,13.03920000,2189.00,93.705
4564,2,2841,2866.195371842966,-284.467077702793,2019-07-22T13:02:46Z,46.56181667,13.03940000,2194.00,93.7
4565,2,2842,2867.195371842966,-283.467077702793,2019-07-22T13:02:47Z,46.56190000,13.03960000,2198.00,93.688
4566,2,2843,2868.195371842966,-282.467077702793,2019-07-22T13:02:48Z,46.56203333,13.03976667,2202.00,93.671
4567,2,2844,2869.195371842966,-281.467077702793,2019-07-22T13:02:49Z,46.56220000,13.03988333,2204.00,93.651
4568,2,2845,2870.195371842966,-280.467077702793,2019-07-22T13:02:50Z,46.56238333,13.03993333,2207.00,93.63
4569,2,2846,2871.195371842966,-279.467077702793,2019-07-22T13:02:51Z,46.56256667,13.03988333,2211.00,93.611
4570,2,2847,2872.195371842966,-278.467077702793,2019-07-22T13:02:52Z,46.56273333,13.03978333,2216.00,93.595
4571,2,2848,2873.195371842966,-277.467077702793,2019-07-22T13:02:53Z,46.56286667,13.03963333,2220.00,93.582
4572,2,2849,2874.195371842966,-276.467077702793,2019-07-22T13:02:54Z,46.56296667,13.03946667,2226.00,93.572
4573,2,2850,2875.195371842966,-275.467077702793,2019-07-22T13:02:55Z,46.56303333,13.03928333,2232.00,93.567
4574,2,2851,2876.195371842966,-274.467077702793,2019-07-22T13:02:56Z,46.56308333,13.03911667,2237.00,93.565
4575,2,2852,2877.195371842966,-273.467077702793,2019-07-22T13:02:57Z,46.56310000,13.03893333,2243.00,93.568
4576,2,2853,2878.195371842966,-272.467077702793,2019-07-22T13:02:58Z,46.56308333,13.03876667,2247.00,93.574
4577,2,2854,2879.195371842966,-271.467077702793,2019-07-22T13:02:59Z,46.56303333,13.03861667,2251.00,93.582
4578,2,2855,2880.195371842966,-270.467077702793,2019-07-22T13:03:00Z,46.56295000,13.03851667,2256.00,93.593
4579,2,2856,2881.195371842966,-269.467077702793,2019-07-22T13:03:01Z,46.56285000,13.03846667,2261.00,93.605
4580,2,2857,2882.195371842966,-268.467077702793,2019-07-22T13:03:02Z,46.56275000,13.03843333,2266.00,93.616
4581,2,2858,2883.195371842966,-267.467077702793,2019-07-22T13:03:03Z,46.56266667,13.03845000,2271.00,93.625
4582,2,2859,2884.195371842966,-266.467077702793,2019-07-22T13:03:04Z,46.56258333,13.03846667,2276.00,93.634
4583,2,2860,2885.195371842966,-265.467077702793,2019-07-22T13:03:05Z,46.56248333,13.03851667,2282.00,93.643
4584,2,2861,2886.195371842966,-264.467077702793,2019-07-22T13:03:06Z,46.56241667,13.03861667,2287.00,93.648
4585,2,2862,2887.195371842966,-263.467077702793,2019-07-22T13:03:07Z,46.56235000,13.03875000,2291.00,93.651
4586,2,2863,2888.195371842966,-262.467077702793,2019-07-22T13:03:08Z,46.56235000,13.03893333,2294.00,93.647
4587,2,2864,2889.195371842966,-261.467077702793,2019-07-22T13:03:09Z,46.56236667,13.03913333,2296.00,93.642
4588,2,2865,2890.195371842966,-260.467077702793,2019-07-22T13:03:10Z,46.56243333,13.03938333,2298.00,93.632
4589,2,2866,2891.195371842966,-259.467077702793,2019-07-22T13:03:11Z,46.56251667,13.03960000,2300.00,93.621
4590,2,2867,2892.195371842966,-258.467077702793,2019-07-22T13:03:12Z,46.56261667,13.03980000,2302.00,93.607
4591,2,2868,2893.195371842966,-257.467077702793,2019-07-22T13:03:13Z,46.56275000,13.03995000,2304.00,93.59
4592,2,2869,2894.195371842966,-256.467077702793,2019-07-22T13:03:14Z,46.56290000,13.04008333,2307.00,93.572
4593,2,2870,2895.195371842966,-255.467077702793,2019-07-22T13:03:15Z,46.56306667,13.04016667,2309.00,93.552
4594,2,2871,2896.195371842966,-254.467077702793,2019-07-22T13:03:16Z,46.56323333,13.04021667,2312.00,93.534
4595,2,2872,2897.195371842966,-253.467077702793,2019-07-22T13:03:17Z,46.56341667,13.04023333,2315.00,93.513
4596,2,2873,2898.195371842966,-252.467077702793,2019-07-22T13:03:18Z,46.56358333,13.04020000,2319.00,93.495
4597,2,2874,2899.195371842966,-251.467077702793,2019-07-22T13:03:19Z,46.56373333,13.04010000,2324.00,93.481
4598,2,2875,2900.195371842966,-250.467077702793,2019-07-22T13:03:20Z,46.56385000,13.03995000,2329.00,93.472
4599,2,2876,2901.195371842966,-249.467077702793,2019-07-22T13:03:21Z,46.56393333,13.03976667,2333.00,93.463
4600,2,2877,2902.195371842966,-248.467077702793,2019-07-22T13:03:22Z,46.56398333,13.03958333,2338.00,93.459
4601,2,2878,2903.195371842966,-247.467077702793,2019-07-22T13:03:23Z,46.56398333,13.03938333,2342.00,93.464
4602,2,2879,2904.195371842966,-246.467077702793,2019-07-22T13:03:24Z,46.56393333,13.03923333,2346.00,93.474
4603,2,2880,2905.195371842966,-245.467077702793,2019-07-22T13:03:25Z,46.56386667,13.03910000,2351.00,93.485
4604,2,2881,2906.195371842966,-244.467077702793,2019-07-22T13:03:26Z,46.56378333,13.03901667,2356.00,93.495
4605,2,2882,2907.195371842966,-243.467077702793,2019-07-22T13:03:27Z,46.56368333,13.03898333,2360.00,93.506
4606,2,2883,2908.195371842966,-242.467077702793,2019-07-22T13:03:28Z,46.56360000,13.03900000,2365.00,93.515
4607,2,2884,2909.195371842966,-241.467077702793,2019-07-22T13:03:29Z,46.56350000,13.03903333,2370.00,93.524
4608,2,2885,2910.195371842966,-240.467077702793,2019-07-22T13:03:30Z,46.56341667,13.03911667,2375.00,93.53
4609,2,2886,2911.195371842966,-239.467077702793,2019-07-22T13:03:31Z,46.56335000,13.03923333,2381.00,93.534
4610,2,2887,2912.195371842966,-238.467077702793,2019-07-22T13:03:32Z,46.56328333,13.03938333,2385.00,93.539
4611,2,2888,2913.195371842966,-237.467077702793,2019-07-22T13:03:33Z,46.56326667,13.03956667,2388.00,93.538
4612,2,2889,2914.195371842966,-236.467077702793,2019-07-22T13:03:34Z,46.56326667,13.03978333,2390.00,93.537
4613,2,2890,2915.195371842966,-235.467077702793,2019-07-22T13:03:35Z,46.56333333,13.03998333,2392.00,93.526
4614,2,2891,2916.195371842966,-234.467077702793,2019-07-22T13:03:36Z,46.56343333,13.04016667,2393.00,93.512
4615,2,2892,2917.195371842966,-233.467077702793,2019-07-22T13:03:37Z,46.56356667,13.04031667,2395.00,93.496
4616,2,2893,2918.195371842966,-232.467077702793,2019-07-22T13:03:38Z,46.56373333,13.04038333,2397.00,93.477
4617,2,2894,2919.195371842966,-231.467077702793,2019-07-22T13:03:39Z,46.56391667,13.04038333,2397.00,93.457
4618,2,2895,2920.195371842966,-230.467077702793,2019-07-22T13:03:40Z,46.56410000,13.04031667,2398.00,93.437
4619,2,2896,2921.195371842966,-229.467077702793,2019-07-22T13:03:41Z,46.56425000,13.04016667,2399.00,93.431
4620,2,2897,2922.195371842966,-228.467077702793,2019-07-22T13:03:42Z,46.56436667,13.03996667,2399.00,93.415
4621,2,2898,2923.195371842966,-227.467077702793,2019-07-22T13:03:43Z,46.56445000,13.03975000,2401.00,93.406
4622,2,2899,2924.195371842966,-226.467077702793,2019-07-22T13:03:44Z,46.56450000,13.03953333,2406.00,93.408
4623,2,2900,2925.195371842966,-225.467077702793,2019-07-22T13:03:45Z,46.56450000,13.03933333,2411.00,93.413
4624,2,2901,2926.195371842966,-224.467077702793,2019-07-22T13:03:46Z,46.56448333,13.03915000,2414.00,93.416
4625,2,2902,2927.195371842966,-223.467077702793,2019-07-22T13:03:47Z,46.56441667,13.03901667,2418.00,93.426
4626,2,2903,2928.195371842966,-222.467077702793,2019-07-22T13:03:48Z,46.56433333,13.03890000,2422.00,93.437
4627,2,2904,2929.195371842966,-221.467077702793,2019-07-22T13:03:49Z,46.56423333,13.03883333,2428.00,93.449
4628,2,2905,2930.195371842966,-220.467077702793,2019-07-22T13:03:50Z,46.56411667,13.03883333,2432.00,93.462
4629,2,2906,2931.195371842966,-219.467077702793,2019-07-22T13:03:51Z,46.56400000,13.03890000,2434.00,93.473
4630,2,2907,2932.195371842966,-218.467077702793,2019-07-22T13:03:52Z,46.56390000,13.03901667,2435.00,93.482
4631,2,2908,2933.195371842966,-217.467077702793,2019-07-22T13:03:53Z,46.56383333,13.03913333,2438.00,93.487
4632,2,2909,2934.195371842966,-216.467077702793,2019-07-22T13:03:54Z,46.56378333,13.03926667,2442.00,93.488
4633,2,2910,2935.195371842966,-215.467077702793,2019-07-22T13:03:55Z,46.56376667,13.03943333,2444.00,93.485
4634,2,2911,2936.195371842966,-214.467077702793,2019-07-22T13:03:56Z,46.56378333,13.03963333,2445.00,93.48
4635,2,2912,2937.195371842966,-213.467077702793,2019-07-22T13:03:57Z,46.56381667,13.03985000,2444.00,93.475
4636,2,2913,2938.195371842966,-212.467077702793,2019-07-22T13:03:58Z,46.56388333,13.04006667,2445.00,93.467
4637,2,2914,2939.195371842966,-211.467077702793,2019-07-22T13:03:59Z,46.56398333,13.04026667,2446.00,93.451
4638,2,2915,2940.195371842966,-210.467077702793,2019-07-22T13:04:00Z,46.56410000,13.04045000,2447.00,93.437
4639,3,1,2941.195371842966,-209.467077702793,2019-07-22T13:04:01Z,46.56421667,13.04061667,2448.00,93.429
4640,3,2,2942.195371842966,-208.467077702793,2019-07-22T13:04:02Z,46.56435000,13.04076667,2451.00,93.44
4641,3,3,2943.195371842966,-207.467077702793,2019-07-22T13:04:03Z,46.56450000,13.04088333,2452.00,93.448
4642,3,4,2944.195371842966,-206.467077702793,2019-07-22T13:04:04Z,46.56466667,13.04096667,2453.00,93.454
4643,3,5,2945.195371842966,-205.467077702793,2019-07-22T13:04:05Z,46.56486667,13.04101667,2453.00,93.457
4644,3,6,2946.195371842966,-204.467077702793,2019-07-22T13:04:06Z,46.56506667,13.04103333,2455.00,93.458
4645,3,7,2947.195371842966,-203.467077702793,2019-07-22T13:04:07Z,46.56526667,13.04098333,2455.00,93.454
4646,3,8,2948.195371842966,-202.467077702793,2019-07-22T13:04:08Z,46.56545000,13.04088333,2457.00,93.445
4647,3,9,2949.195371842966,-201.467077702793,2019-07-22T13:04:09Z,46.56563333,13.04076667,2462.00,93.436
4648,3,10,2950.195371842966,-200.467077702793,2019-07-22T13:04:10Z,46.56578333,13.04061667,2466.00,93.424
4649,3,11,2951.195371842966,-199.467077702793,2019-07-22T13:04:11Z,46.56591667,13.04045000,2472.00,93.411
4650,3,12,2952.195371842966,-198.467077702793,2019-07-22T13:04:12Z,46.56601667,13.04026667,2476.00,93.397
4651,3,13,2953.195371842966,-197.467077702793,2019-07-22T13:04:13Z,46.56608333,13.04006667,2480.00,93.382
4652,3,14,2954.195371842966,-196.467077702793,2019-07-22T13:04:14Z,46.56611667,13.03986667,2485.00,93.366
4653,3,15,2955.195371842966,-195.467077702793,2019-07-22T13:04:15Z,46.56611667,13.03965000,2488.00,93.35
4654,3,16,2956.195371842966,-194.467077702793,2019-07-22T13:04:16Z,46.56608333,13.03946667,2490.00,93.336
4655,3,17,2957.195371842966,-193.467077702793,2019-07-22T13:04:17Z,46.56603333,13.03930000,2493.00,93.323
4656,3,18,2958.195371842966,-192.467077702793,2019-07-22T13:04:18Z,46.56596667,13.03915000,2496.00,93.312
4657,3,19,2959.195371842966,-191.467077702793,2019-07-22T13:04:19Z,46.56588333,13.03901667,2499.00,93.302
4658,3,20,2960.195371842966,-190.467077702793,2019-07-22T13:04:20Z,46.56578333,13.03891667,2501.00,93.294
4659,3,21,2961.195371842966,-189.467077702793,2019-07-22T13:04:21Z,46.56566667,13.03885000,2502.00,93.29
4660,3,22,2962.195371842966,-188.467077702793,2019-07-22T13:04:22Z,46.56555000,13.03883333,2505.00,93.289
4661,3,23,2963.195371842966,-187.467077702793,2019-07-22T13:04:23Z,46.56543333,13.03885000,2508.00,93.29
4662,3,24,2964.195371842966,-186.467077702793,2019-07-22T13:04:24Z,46.56533333,13.03890000,2511.00,93.294
4663,3,25,2965.195371842966,-185.467077702793,2019-07-22T13:04:25Z,46.56525000,13.03898333,2513.00,93.301
4664,3,26,2966.195371842966,-184.467077702793,2019-07-22T13:04:26Z,46.56516667,13.03910000,2514.00,93.31
4665,3,27,2967.195371842966,-183.467077702793,2019-07-22T13:04:27Z,46.56510000,13.03923333,2515.00,93.32
4666,3,28,2968.195371842966,-182.467077702793,2019-07-22T13:04:28Z,46.56505000,13.03938333,2515.00,93.332
4667,3,29,2969.195371842966,-181.467077702793,2019-07-22T13:04:29Z,46.56501667,13.03955000,2516.00,93.345
4668,3,30,2970.195371842966,-180.467077702793,2019-07-22T13:04:30Z,46.56498333,13.03973333,2517.00,93.359
4669,3,31,2971.195371842966,-179.467077702793,2019-07-22T13:04:31Z,46.56496667,13.03991667,2519.00,93.373
4670,3,32,2972.195371842966,-178.467077702793,2019-07-22T13:04:32Z,46.56496667,13.04011667,2521.00,93.388
4671,3,33,2973.195371842966,-177.467077702793,2019-07-22T13:04:33Z,46.56498333,13.04030000,2524.00,93.402
4672,3,34,2974.195371842966,-176.467077702793,2019-07-22T13:04:34Z,46.56503333,13.04048333,2526.00,93.416
4673,3,35,2975.195371842966,-175.467077702793,2019-07-22T13:04:35Z,46.56510000,13.04066667,2529.00,93.43
4674,3,36,2976.195371842966,-174.467077702793,2019-07-22T13:04:36Z,46.56520000,13.04083333,2531.00,93.442
4675,3,37,2977.195371842966,-173.467077702793,2019-07-22T13:04:37Z,46.56535000,13.04096667,2532.00,93.452
4676,3,38,2978.195371842966,-172.467077702793,2019-07-22T13:04:38Z,46.56551667,13.04106667,2533.00,93.459
4677,3,39,2979.195371842966,-171.467077702793,2019-07-22T13:04:39Z,46.56570000,13.04111667,2535.00,93.463
4678,3,40,2980.195371842966,-170.467077702793,2019-07-22T13:04:40Z,46.56588333,13.04111667,2537.00,93.462
4679,3,41,2981.195371842966,-169.467077702793,2019-07-22T13:04:41Z,46.56605000,13.04106667,2540.00,93.458
4680,3,42,2982.195371842966,-168.467077702793,2019-07-22T13:04:42Z,46.56620000,13.04096667,2542.00,93.45
4681,3,43,2983.195371842966,-167.467077702793,2019-07-22T13:04:43Z,46.56633333,13.04080000,2543.00,93.437
4682,3,44,2984.195371842966,-166.467077702793,2019-07-22T13:04:44Z,46.56641667,13.04060000,2543.00,93.422
4683,3,45,2985.195371842966,-165.467077702793,2019-07-22T13:04:45Z,46.56648333,13.04038333,2545.00,93.405
4684,3,46,2986.195371842966,-164.467077702793,2019-07-22T13:04:46Z,46.56653333,13.04016667,2549.00,93.388
4685,3,47,2987.195371842966,-163.467077702793,2019-07-22T13:04:47Z,46.56655000,13.03995000,2553.00,93.372
4686,3,48,2988.195371842966,-162.467077702793,2019-07-22T13:04:48Z,46.56655000,13.03976667,2555.00,93.358
4687,3,49,2989.195371842966,-161.467077702793,2019-07-22T13:04:49Z,46.56653333,13.03960000,2558.00,93.345
4688,3,50,2990.195371842966,-160.467077702793,2019-07-22T13:04:50Z,46.56648333,13.03945000,2560.00,93.334
4689,3,51,2991.195371842966,-159.467077702793,2019-07-22T13:04:51Z,46.56643333,13.03931667,2563.00,93.324
4690,3,52,2992.195371842966,-158.467077702793,2019-07-22T13:04:52Z,46.56635000,13.03920000,2563.00,93.315
4691,3,53,2993.195371842966,-157.467077702793,2019-07-22T13:04:53Z,46.56626667,13.03913333,2563.00,93.31
4692,3,54,2994.195371842966,-156.467077702793,2019-07-22T13:04:54Z,46.56615000,13.03908333,2563.00,93.306
4693,3,55,2995.195371842966,-155.467077702793,2019-07-22T13:04:55Z,46.56603333,13.03905000,2563.00,93.304
4694,3,56,2996.195371842966,-154.467077702793,2019-07-22T13:04:56Z,46.56591667,13.03903333,2565.00,93.303
4695,3,57,2997.195371842966,-153.467077702793,2019-07-22T13:04:57Z,46.56578333,13.03900000,2567.00,93.301
4696,3,58,2998.195371842966,-152.467077702793,2019-07-22T13:04:58Z,46.56566667,13.03895000,2570.00,93.297
4697,3,59,2999.195371842966,-151.467077702793,2019-07-22T13:04:59Z,46.56555000,13.03890000,2570.00,93.294
4698,3,60,3000.195371842966,-150.467077702793,2019-07-22T13:05:00Z,46.56543333,13.03883333,2572.00,93.289
4699,3,61,3001.195371842966,-149.467077702793,2019-07-22T13:05:01Z,46.56533333,13.03876667,2573.00,93.284
4700,3,62,3002.195371842966,-148.467077702793,2019-07-22T13:05:02Z,46.56521667,13.03870000,2573.00,93.279
4701,3,63,3003.195371842966,-147.467077702793,2019-07-22T13:05:03Z,46.56511667,13.03861667,2574.00,93.273
4702,3,64,3004.195371842966,-146.467077702793,2019-07-22T13:05:04Z,46.56500000,13.03851667,2574.00,93.266
4703,3,65,3005.195371842966,-145.467077702793,2019-07-22T13:05:05Z,46.56490000,13.03840000,2575.00,93.257
4704,3,66,3006.195371842966,-144.467077702793,2019-07-22T13:05:06Z,46.56480000,13.03826667,2575.00,93.247
4705,3,67,3007.195371842966,-143.467077702793,2019-07-22T13:05:07Z,46.56468333,13.03811667,2575.00,93.236
4706,3,68,3008.195371842966,-142.467077702793,2019-07-22T13:05:08Z,46.56458333,13.03796667,2575.00,93.225
4707,3,69,3009.195371842966,-141.467077702793,2019-07-22T13:05:09Z,46.56448333,13.03781667,2575.00,93.214
4708,3,70,3010.195371842966,-140.467077702793,2019-07-22T13:05:10Z,46.56440000,13.03766667,2576.00,93.203
4709,3,71,3011.195371842966,-139.467077702793,2019-07-22T13:05:11Z,46.56430000,13.03751667,2575.00,93.192
4710,3,72,3012.195371842966,-138.467077702793,2019-07-22T13:05:12Z,46.56420000,13.03736667,2574.00,93.181
4711,3,73,3013.195371842966,-137.467077702793,2019-07-22T13:05:13Z,46.56408333,13.03720000,2574.00,93.169
4712,3,74,3014.195371842966,-136.467077702793,2019-07-22T13:05:14Z,46.56396667,13.03701667,2574.00,93.155
4713,3,75,3015.195371842966,-135.467077702793,2019-07-22T13:05:15Z,46.56386667,13.03683333,2575.00,93.142
4714,3,76,3016.195371842966,-134.467077702793,2019-07-22T13:05:16Z,46.56376667,13.03665000,2578.00,93.128
4715,3,77,3017.195371842966,-133.467077702793,2019-07-22T13:05:17Z,46.56368333,13.03648333,2578.00,93.116
4716,3,78,3018.195371842966,-132.467077702793,2019-07-22T13:05:18Z,46.56356667,13.03635000,2577.00,93.106
4717,3,79,3019.195371842966,-131.467077702793,2019-07-22T13:05:19Z,46.56343333,13.03625000,2576.00,93.099
4718,3,80,3020.195371842966,-130.467077702793,2019-07-22T13:05:20Z,46.56326667,13.03613333,2575.00,93.091
4719,3,81,3021.195371842966,-129.467077702793,2019-07-22T13:05:21Z,46.56311667,13.03601667,2576.00,93.083
4720,3,82,3022.195371842966,-128.467077702793,2019-07-22T13:05:22Z,46.56298333,13.03588333,2575.00,93.073
4721,3,83,3023.195371842966,-127.467077702793,2019-07-22T13:05:23Z,46.56286667,13.03573333,2575.00,93.063
4722,3,84,3024.195371842966,-126.467077702793,2019-07-22T13:05:24Z,46.56276667,13.03558333,2574.00,93.052
4723,3,85,3025.195371842966,-125.467077702793,2019-07-22T13:05:25Z,46.56266667,13.03541667,2573.00,93.039
4724,3,86,3026.195371842966,-124.467077702793,2019-07-22T13:05:26Z,46.56260000,13.03523333,2571.00,93.026
4725,3,87,3027.195371842966,-123.467077702793,2019-07-22T13:05:27Z,46.56251667,13.03505000,2568.00,93.012
4726,3,88,3028.195371842966,-122.467077702793,2019-07-22T13:05:28Z,46.56245000,13.03485000,2565.00,92.997
4727,3,89,3029.195371842966,-121.467077702793,2019-07-22T13:05:29Z,46.56236667,13.03466667,2561.00,92.984
4728,3,90,3030.195371842966,-120.467077702793,2019-07-22T13:05:30Z,46.56228333,13.03448333,2560.00,92.971
4729,3,91,3031.195371842966,-119.467077702793,2019-07-22T13:05:31Z,46.56220000,13.03430000,2559.00,92.957
4730,3,92,3032.195371842966,-118.467077702793,2019-07-22T13:05:32Z,46.56211667,13.03411667,2556.00,92.944
4731,3,93,3033.195371842966,-117.467077702793,2019-07-22T13:05:33Z,46.56203333,13.03395000,2555.00,92.931
4732,3,94,3034.195371842966,-116.467077702793,2019-07-22T13:05:34Z,46.56193333,13.03376667,2553.00,92.918
4733,3,95,3035.195371842966,-115.467077702793,2019-07-22T13:05:35Z,46.56183333,13.03360000,2552.00,92.906
4734,3,96,3036.195371842966,-114.467077702793,2019-07-22T13:05:36Z,46.56173333,13.03343333,2550.00,92.894
4735,3,97,3037.195371842966,-113.467077702793,2019-07-22T13:05:37Z,46.56161667,13.03326667,2547.00,92.882
4736,3,98,3038.195371842966,-112.467077702793,2019-07-22T13:05:38Z,46.56151667,13.03311667,2546.00,92.871
4737,3,99,3039.195371842966,-111.467077702793,2019-07-22T13:05:39Z,46.56140000,13.03295000,2542.00,92.859
4738,3,100,3040.195371842966,-110.467077702793,2019-07-22T13:05:40Z,46.56128333,13.03278333,2539.00,92.848
4739,3,101,3041.195371842966,-109.467077702793,2019-07-22T13:05:41Z,46.56116667,13.03260000,2538.00,92.834
4740,3,102,3042.195371842966,-108.467077702793,2019-07-22T13:05:42Z,46.56105000,13.03241667,2537.00,92.821
4741,3,103,3043.195371842966,-107.467077702793,2019-07-22T13:05:43Z,46.56095000,13.03221667,2535.00,92.807
4742,3,104,3044.195371842966,-106.467077702793,2019-07-22T13:05:44Z,46.56085000,13.03201667,2532.00,92.792
4743,3,105,3045.195371842966,-105.467077702793,2019-07-22T13:05:45Z,46.56075000,13.03181667,2531.00,92.778
4744,3,106,3046.195371842966,-104.467077702793,2019-07-22T13:05:46Z,46.56066667,13.03161667,2529.00,92.763
4745,3,107,3047.195371842966,-103.467077702793,2019-07-22T13:05:47Z,46.56058333,13.03140000,2528.00,92.747
4746,3,108,3048.195371842966,-102.467077702793,2019-07-22T13:05:48Z,46.56050000,13.03120000,2528.00,92.733
4747,3,109,3049.195371842966,-101.467077702793,2019-07-22T13:05:49Z,46.56043333,13.03100000,2528.00,92.718
4748,3,110,3050.195371842966,-100.467077702793,2019-07-22T13:05:50Z,46.56036667,13.03080000,2528.00,92.703
4749,3,111,3051.195371842966,-99.467077702793,2019-07-22T13:05:51Z,46.56030000,13.03060000,2528.00,92.688
4750,3,112,3052.195371842966,-98.467077702793,2019-07-22T13:05:52Z,46.56023333,13.03038333,2526.00,92.672
4751,3,113,3053.195371842966,-97.467077702793,2019-07-22T13:05:53Z,46.56016667,13.03018333,2524.00,92.657
4752,3,114,3054.195371842966,-96.467077702793,2019-07-22T13:05:54Z,46.56010000,13.02995000,2522.00,92.64
4753,3,115,3055.195371842966,-95.467077702793,2019-07-22T13:05:55Z,46.56003333,13.02973333,2519.00,92.624
4754,3,116,3056.195371842966,-94.467077702793,2019-07-22T13:05:56Z,46.55995000,13.02951667,2517.00,92.608
4755,3,117,3057.195371842966,-93.467077702793,2019-07-22T13:05:57Z,46.55988333,13.02930000,2516.00,92.592
4756,3,118,3058.195371842966,-92.467077702793,2019-07-22T13:05:58Z,46.55980000,13.02908333,2515.00,92.576
4757,3,119,3059.195371842966,-91.467077702793,2019-07-22T13:05:59Z,46.55973333,13.02886667,2514.00,92.56
4758,3,120,3060.195371842966,-90.467077702793,2019-07-22T13:06:00Z,46.55965000,13.02865000,2513.00,92.545
4759,3,121,3061.195371842966,-89.467077702793,2019-07-22T13:06:01Z,46.55958333,13.02841667,2514.00,92.527
4760,3,122,3062.195371842966,-88.467077702793,2019-07-22T13:06:02Z,46.55953333,13.02820000,2512.00,92.511
4761,3,123,3063.195371842966,-87.467077702793,2019-07-22T13:06:03Z,46.55946667,13.02795000,2510.00,92.493
4762,3,124,3064.195371842966,-86.467077702793,2019-07-22T13:06:04Z,46.55940000,13.02771667,2508.00,92.475
4763,3,125,3065.195371842966,-85.467077702793,2019-07-22T13:06:05Z,46.55933333,13.02746667,2505.00,92.457
4764,3,126,3066.195371842966,-84.467077702793,2019-07-22T13:06:06Z,46.55926667,13.02723333,2503.00,92.44
4765,3,127,3067.195371842966,-83.467077702793,2019-07-22T13:06:07Z,46.55920000,13.02700000,2502.00,92.423
4766,3,128,3068.195371842966,-82.467077702793,2019-07-22T13:06:08Z,46.55913333,13.02676667,2501.00,92.405
4767,3,129,3069.195371842966,-81.467077702793,2019-07-22T13:06:09Z,46.55906667,13.02653333,2500.00,92.388
4768,3,130,3070.195371842966,-80.467077702793,2019-07-22T13:06:10Z,46.55900000,13.02631667,2499.00,92.372
4769,3,131,3071.195371842966,-79.467077702793,2019-07-22T13:06:11Z,46.55893333,13.02608333,2499.00,92.355
4770,3,132,3072.195371842966,-78.467077702793,2019-07-22T13:06:12Z,46.55886667,13.02586667,2497.00,92.339
4771,3,133,3073.195371842966,-77.467077702793,2019-07-22T13:06:13Z,46.55880000,13.02565000,2497.00,92.323
4772,3,134,3074.195371842966,-76.467077702793,2019-07-22T13:06:14Z,46.55873333,13.02541667,2496.00,92.306
4773,3,135,3075.195371842966,-75.467077702793,2019-07-22T13:06:15Z,46.55868333,13.02520000,2496.00,92.29
4774,3,136,3076.195371842966,-74.467077702793,2019-07-22T13:06:16Z,46.55861667,13.02498333,2495.00,92.274
4775,3,137,3077.195371842966,-73.467077702793,2019-07-22T13:06:17Z,46.55855000,13.02478333,2493.00,92.26
4776,3,138,3078.195371842966,-72.467077702793,2019-07-22T13:06:18Z,46.55848333,13.02456667,2491.00,92.244
4777,3,139,3079.195371842966,-71.467077702793,2019-07-22T13:06:19Z,46.55841667,13.02435000,2488.00,92.228
4778,3,140,3080.195371842966,-70.467077702793,2019-07-22T13:06:20Z,46.55836667,13.02413333,2486.00,92.212
4779,3,141,3081.195371842966,-69.467077702793,2019-07-22T13:06:21Z,46.55830000,13.02390000,2484.00,92.195
4780,3,142,3082.195371842966,-68.467077702793,2019-07-22T13:06:22Z,46.55825000,13.02368333,2483.00,92.179
4781,3,143,3083.195371842966,-67.467077702793,2019-07-22T13:06:23Z,46.55820000,13.02346667,2482.00,92.163
4782,3,144,3084.195371842966,-66.467077702793,2019-07-22T13:06:24Z,46.55813333,13.02325000,2480.00,92.147
4783,3,145,3085.195371842966,-65.467077702793,2019-07-22T13:06:25Z,46.55808333,13.02301667,2479.00,92.13
4784,3,146,3086.195371842966,-64.467077702793,2019-07-22T13:06:26Z,46.55803333,13.02280000,2478.00,92.114
4785,3,147,3087.195371842966,-63.467077702793,2019-07-22T13:06:27Z,46.55798333,13.02258333,2477.00,92.098
4786,3,148,3088.195371842966,-62.467077702793,2019-07-22T13:06:28Z,46.55793333,13.02235000,2476.00,92.081
4787,3,149,3089.195371842966,-61.467077702793,2019-07-22T13:06:29Z,46.55788333,13.02211667,2475.00,92.063
4788,3,150,3090.195371842966,-60.467077702793,2019-07-22T13:06:30Z,46.55785000,13.02190000,2472.00,92.047
4789,3,151,3091.195371842966,-59.467077702793,2019-07-22T13:06:31Z,46.55780000,13.02166667,2470.00,92.03
4790,3,152,3092.195371842966,-58.467077702793,2019-07-22T13:06:32Z,46.55775000,13.02141667,2469.00,92.012
4791,3,153,3093.195371842966,-57.467077702793,2019-07-22T13:06:33Z,46.55771667,13.02116667,2467.00,91.993
4792,3,154,3094.195371842966,-56.467077702793,2019-07-22T13:06:34Z,46.55766667,13.02091667,2465.00,91.974
4793,3,155,3095.195371842966,-55.467077702793,2019-07-22T13:06:35Z,46.55763333,13.02068333,2465.00,91.957
4794,3,156,3096.195371842966,-54.467077702793,2019-07-22T13:06:36Z,46.55760000,13.02043333,2464.00,91.938
4795,3,157,3097.195371842966,-53.467077702793,2019-07-22T13:06:37Z,46.55755000,13.02020000,2462.00,91.921
4796,3,158,3098.195371842966,-52.467077702793,2019-07-22T13:06:38Z,46.55750000,13.01995000,2460.00,91.903
4797,3,159,3099.195371842966,-51.467077702793,2019-07-22T13:06:39Z,46.55746667,13.01971667,2457.00,91.885
4798,3,160,3100.195371842966,-50.467077702793,2019-07-22T13:06:40Z,46.55741667,13.01946667,2456.00,91.867
4799,3,161,3101.195371842966,-49.467077702793,2019-07-22T13:06:41Z,46.55736667,13.01921667,2454.00,91.849
4800,3,162,3102.195371842966,-48.467077702793,2019-07-22T13:06:42Z,46.55731667,13.01898333,2453.00,91.831
4801,3,163,3103.195371842966,-47.467077702793,2019-07-22T13:06:43Z,46.55726667,13.01873333,2453.00,91.813
4802,3,164,3104.195371842966,-46.467077702793,2019-07-22T13:06:44Z,46.55721667,13.01850000,2452.00,91.796
4803,3,165,3105.195371842966,-45.467077702793,2019-07-22T13:06:45Z,46.55718333,13.01826667,2449.00,91.778
4804,3,166,3106.195371842966,-44.467077702793,2019-07-22T13:06:46Z,46.55713333,13.01801667,2449.00,91.76
4805,3,167,3107.195371842966,-43.467077702793,2019-07-22T13:06:47Z,46.55710000,13.01778333,2446.00,91.743
4806,3,168,3108.195371842966,-42.467077702793,2019-07-22T13:06:48Z,46.55705000,13.01753333,2446.00,91.724
4807,3,169,3109.195371842966,-41.467077702793,2019-07-22T13:06:49Z,46.55701667,13.01730000,2445.00,91.707
4808,3,170,3110.195371842966,-40.467077702793,2019-07-22T13:06:50Z,46.55698333,13.01705000,2443.00,91.688
4809,3,171,3111.195371842966,-39.467077702793,2019-07-22T13:06:51Z,46.55693333,13.01681667,2440.00,91.671
4810,3,172,3112.195371842966,-38.467077702793,2019-07-22T13:06:52Z,46.55688333,13.01656667,2438.00,91.653
4811,3,173,3113.195371842966,-37.467077702793,2019-07-22T13:06:53Z,46.55685000,13.01631667,2435.00,91.634
4812,3,174,3114.195371842966,-36.467077702793,2019-07-22T13:06:54Z,46.55680000,13.01606667,2434.00,91.616
4813,3,175,3115.195371842966,-35.467077702793,2019-07-22T13:06:55Z,46.55675000,13.01581667,2432.00,91.597
4814,3,176,3116.195371842966,-34.467077702793,2019-07-22T13:06:56Z,46.55671667,13.01556667,2429.00,91.579
4815,3,177,3117.195371842966,-33.467077702793,2019-07-22T13:06:57Z,46.55668333,13.01531667,2428.00,91.56
4816,3,178,3118.195371842966,-32.467077702793,2019-07-22T13:06:58Z,46.55665000,13.01506667,2427.00,91.542
4817,3,179,3119.195371842966,-31.467077702793,2019-07-22T13:06:59Z,46.55661667,13.01481667,2425.00,91.523
4818,3,180,3120.195371842966,-30.467077702793,2019-07-22T13:07:00Z,46.55658333,13.01456667,2424.00,91.505
4819,3,181,3121.195371842966,-29.467077702793,2019-07-22T13:07:01Z,46.55656667,13.01431667,2422.00,91.486
4820,3,182,3122.195371842966,-28.467077702793,2019-07-22T13:07:02Z,46.55653333,13.01406667,2420.00,91.467
4821,3,183,3123.195371842966,-27.467077702793,2019-07-22T13:07:03Z,46.55650000,13.01380000,2417.00,91.448
4822,3,184,3124.195371842966,-26.467077702793,2019-07-22T13:07:04Z,46.55646667,13.01355000,2416.00,91.429
4823,3,185,3125.195371842966,-25.467077702793,2019-07-22T13:07:05Z,46.55643333,13.01330000,2414.00,91.41
4824,3,186,3126.195371842966,-24.467077702793,2019-07-22T13:07:06Z,46.55640000,13.01305000,2412.00,91.392
4825,3,187,3127.195371842966,-23.467077702793,2019-07-22T13:07:07Z,46.55635000,13.01280000,2411.00,91.374
4826,3,188,3128.195371842966,-22.467077702793,2019-07-22T13:07:08Z,46.55631667,13.01255000,2410.00,91.355
4827,3,189,3129.195371842966,-21.467077702793,2019-07-22T13:07:09Z,46.55628333,13.01230000,2410.00,91.337
4828,3,190,3130.195371842966,-20.467077702793,2019-07-22T13:07:10Z,46.55626667,13.01205000,2409.00,91.318
4829,3,191,3131.195371842966,-19.467077702793,2019-07-22T13:07:11Z,46.55625000,13.01180000,2407.00,91.299
4830,3,192,3132.195371842966,-18.467077702793,2019-07-22T13:07:12Z,46.55623333,13.01155000,2405.00,91.28
4831,3,193,3133.195371842966,-17.467077702793,2019-07-22T13:07:13Z,46.55621667,13.01130000,2403.00,91.262
4832,3,194,3134.195371842966,-16.467077702793,2019-07-22T13:07:14Z,46.55620000,13.01105000,2401.00,91.243
4833,3,195,3135.195371842966,-15.467077702793,2019-07-22T13:07:15Z,46.55618333,13.01078333,2400.00,91.223
4834,3,196,3136.195371842966,-14.467077702793,2019-07-22T13:07:16Z,46.55618333,13.01053333,2400.00,91.204
4835,3,197,3137.195371842966,-13.467077702793,2019-07-22T13:07:17Z,46.55616667,13.01026667,2399.00,91.184
4836,3,198,3138.195371842966,-12.467077702793,2019-07-22T13:07:18Z,46.55616667,13.01001667,2397.00,91.165
4837,3,199,3139.195371842966,-11.467077702793,2019-07-22T13:07:19Z,46.55616667,13.00976667,2394.00,91.146
4838,3,200,3140.195371842966,-10.467077702793,2019-07-22T13:07:20Z,46.55616667,13.00951667,2392.00,91.127
4839,3,201,3141.195371842966,-9.467077702793,2019-07-22T13:07:21Z,46.55616667,13.00926667,2391.00,91.108
4840,3,202,3142.195371842966,-8.467077702793,2019-07-22T13:07:22Z,46.55616667,13.00901667,2391.00,91.089
4841,3,203,3143.195371842966,-7.467077702793,2019-07-22T13:07:23Z,46.55615000,13.00876667,2390.00,91.07
4842,3,204,3144.195371842966,-6.467077702793,2019-07-22T13:07:24Z,46.55615000,13.00851667,2389.00,91.051
4843,3,205,3145.195371842966,-5.467077702793,2019-07-22T13:07:25Z,46.55615000,13.00825000,2386.00,91.031
4844,3,206,3146.195371842966,-4.467077702793,2019-07-22T13:07:26Z,46.55613333,13.00800000,2386.00,91.012
4845,3,207,3147.195371842966,-3.467077702793,2019-07-22T13:07:27Z,46.55611667,13.00775000,2384.00,90.994
4846,3,208,3148.195371842966,-2.467077702793,2019-07-22T13:07:28Z,46.55610000,13.00750000,2381.00,90.975
4847,3,209,3149.195371842966,-1.467077702793,2019-07-22T13:07:29Z,46.55606667,13.00725000,2379.00,90.956
4848,3,210,3150.195371842966,-0.467077702793,2019-07-22T13:07:30Z,46.55605000,13.00700000,2378.00,90.938
4849,3,211,3151.195371842966,0.532922297207,2019-07-22T13:07:31Z,46.55601667,13.00675000,2377.00,90.919
4850,3,212,3152.195371842966,1.532922297207,2019-07-22T13:07:32Z,46.55600000,13.00650000,2376.00,90.901
4851,3,213,3153.195371842966,2.532922297207,2019-07-22T13:07:33Z,46.55596667,13.00625000,2374.00,90.882
4852,3,214,3154.195371842966,3.532922297207,2019-07-22T13:07:34Z,46.55595000,13.00600000,2371.00,90.863
4853,3,215,3155.195371842966,4.532922297207,2019-07-22T13:07:35Z,46.55593333,13.00575000,2368.00,90.845
4854,3,216,3156.195371842966,5.532922297207,2019-07-22T13:07:36Z,46.55590000,13.00548333,2366.00,90.825
4855,3,217,3157.195371842966,6.532922297207,2019-07-22T13:07:37Z,46.55588333,13.00523333,2364.00,90.806
4856,3,218,3158.195371842966,7.532922297207,2019-07-22T13:07:38Z,46.55586667,13.00496667,2361.00,90.786
4857,3,219,3159.195371842966,8.532922297207,2019-07-22T13:07:39Z,46.55583333,13.00471667,2359.00,90.768
4858,3,220,3160.195371842966,9.532922297207,2019-07-22T13:07:40Z,46.55580000,13.00446667,2358.00,90.749
4859,3,221,3161.195371842966,10.532922297207,2019-07-22T13:07:41Z,46.55578333,13.00421667,2357.00,90.731
4860,3,222,3162.195371842966,11.532922297207,2019-07-22T13:07:42Z,46.55576667,13.00396667,2356.00,90.712
4861,3,223,3163.195371842966,12.532922297207,2019-07-22T13:07:43Z,46.55573333,13.00371667,2354.00,90.694
4862,3,224,3164.195371842966,13.532922297207,2019-07-22T13:07:44Z,46.55571667,13.00345000,2354.00,90.674
4863,3,225,3165.195371842966,14.532922297207,2019-07-22T13:07:45Z,46.55570000,13.00320000,2353.00,90.655
4864,3,226,3166.195371842966,15.532922297207,2019-07-22T13:07:46Z,46.55568333,13.00295000,2351.00,90.636
4865,3,227,3167.195371842966,16.532922297207,2019-07-22T13:07:47Z,46.55568333,13.00270000,2350.00,90.617
4866,3,228,3168.195371842966,17.532922297207,2019-07-22T13:07:48Z,46.55568333,13.00243333,2349.00,90.597
4867,3,229,3169.195371842966,18.532922297207,2019-07-22T13:07:49Z,46.55568333,13.00218333,2347.00,90.578
4868,3,230,3170.195371842966,19.532922297207,2019-07-22T13:07:50Z,46.55566667,13.00193333,2344.00,90.56
4869,3,231,3171.195371842966,20.532922297207,2019-07-22T13:07:51Z,46.55566667,13.00168333,2343.00,90.541
4870,3,232,3172.195371842966,21.532922297207,2019-07-22T13:07:52Z,46.55565000,13.00143333,2342.00,90.522
4871,3,233,3173.195371842966,22.532922297207,2019-07-22T13:07:53Z,46.55565000,13.00116667,2342.00,90.502
4872,3,234,3174.195371842966,23.532922297207,2019-07-22T13:07:54Z,46.55563333,13.00091667,2341.00,90.483
4873,3,235,3175.195371842966,24.532922297207,2019-07-22T13:07:55Z,46.55563333,13.00065000,2339.00,90.463
4874,3,236,3176.195371842966,25.532922297207,2019-07-22T13:07:56Z,46.55561667,13.00040000,2338.00,90.444
4875,3,237,3177.195371842966,26.532922297207,2019-07-22T13:07:57Z,46.55560000,13.00013333,2335.00,90.424
4876,3,238,3178.195371842966,27.532922297207,2019-07-22T13:07:58Z,46.55558333,12.99986667,2332.00,90.404
4877,3,239,3179.195371842966,28.532922297207,2019-07-22T13:07:59Z,46.55556667,12.99960000,2330.00,90.384
4878,3,240,3180.195371842966,29.532922297207,2019-07-22T13:08:00Z,46.55555000,12.99933333,2327.00,90.365
4879,3,241,3181.195371842966,30.532922297207,2019-07-22T13:08:01Z,46.55555000,12.99906667,2326.00,90.344
4880,3,242,3182.195371842966,31.532922297207,2019-07-22T13:08:02Z,46.55553333,12.99880000,2327.00,90.324
4881,3,243,3183.195371842966,32.532922297207,2019-07-22T13:08:03Z,46.55551667,12.99853333,2327.00,90.305
4882,3,244,3184.195371842966,33.532922297207,2019-07-22T13:08:04Z,46.55551667,12.99826667,2325.00,90.284
4883,3,245,3185.195371842966,34.532922297207,2019-07-22T13:08:05Z,46.55550000,12.99800000,2324.00,90.264
4884,3,246,3186.195371842966,35.532922297207,2019-07-22T13:08:06Z,46.55548333,12.99773333,2323.00,90.245
4885,3,247,3187.195371842966,36.532922297207,2019-07-22T13:08:07Z,46.55546667,12.99748333,2321.00,90.226
4886,3,248,3188.195371842966,37.532922297207,2019-07-22T13:08:08Z,46.55545000,12.99723333,2318.00,90.207
4887,3,249,3189.195371842966,38.532922297207,2019-07-22T13:08:09Z,46.55543333,12.99696667,2313.00,90.187
4888,3,250,3190.195371842966,39.532922297207,2019-07-22T13:08:10Z,46.55543333,12.99670000,2311.00,90.167
4889,3,251,3191.195371842966,40.532922297207,2019-07-22T13:08:11Z,46.55543333,12.99643333,2309.00,90.147
4890,3,252,3192.195371842966,41.532922297207,2019-07-22T13:08:12Z,46.55543333,12.99616667,2309.00,90.127
4891,3,253,3193.195371842966,42.532922297207,2019-07-22T13:08:13Z,46.55543333,12.99590000,2309.00,90.107
4892,3,254,3194.195371842966,43.532922297207,2019-07-22T13:08:14Z,46.55543333,12.99563333,2308.00,90.087
4893,3,255,3195.195371842966,44.532922297207,2019-07-22T13:08:15Z,46.55543333,12.99538333,2305.00,90.068
4894,3,256,3196.195371842966,45.532922297207,2019-07-22T13:08:16Z,46.55543333,12.99513333,2304.00,90.049
4895,3,257,3197.195371842966,46.532922297207,2019-07-22T13:08:17Z,46.55543333,12.99488333,2302.00,90.03
4896,3,258,3198.195371842966,47.532922297207,2019-07-22T13:08:18Z,46.55545000,12.99463333,2301.00,90.011
4897,3,259,3199.195371842966,48.532922297207,2019-07-22T13:08:19Z,46.55545000,12.99438333,2298.00,89.992
4898,3,260,3200.195371842966,49.532922297207,2019-07-22T13:08:20Z,46.55548333,12.99413333,2296.00,89.972
4899,3,261,3201.195371842966,50.532922297207,2019-07-22T13:08:21Z,46.55550000,12.99388333,2294.00,89.953
4900,3,262,3202.195371842966,51.532922297207,2019-07-22T13:08:22Z,46.55553333,12.99361667,2292.00,89.932
4901,3,263,3203.195371842966,52.532922297207,2019-07-22T13:08:23Z,46.55556667,12.99335000,2289.00,89.912
4902,3,264,3204.195371842966,53.532922297207,2019-07-22T13:08:24Z,46.55558333,12.99310000,2287.00,89.893
4903,3,265,3205.195371842966,54.532922297207,2019-07-22T13:08:25Z,46.55561667,12.99285000,2286.00,89.873
4904,3,266,3206.195371842966,55.532922297207,2019-07-22T13:08:26Z,46.55563333,12.99260000,2285.00,89.854
4905,3,267,3207.195371842966,56.532922297207,2019-07-22T13:08:27Z,46.55566667,12.99235000,2283.00,89.834
4906,3,268,3208.195371842966,57.532922297207,2019-07-22T13:08:28Z,46.55570000,12.99211667,2281.00,89.816
4907,3,269,3209.195371842966,58.532922297207,2019-07-22T13:08:29Z,46.55575000,12.99186667,2281.00,89.797
4908,3,270,3210.195371842966,59.532922297207,2019-07-22T13:08:30Z,46.55580000,12.99161667,2278.00,89.777
4909,3,271,3211.195371842966,60.532922297207,2019-07-22T13:08:31Z,46.55585000,12.99138333,2276.00,89.758
4910,3,272,3212.195371842966,61.532922297207,2019-07-22T13:08:32Z,46.55590000,12.99115000,2274.00,89.74
4911,3,273,3213.195371842966,62.532922297207,2019-07-22T13:08:33Z,46.55596667,12.99093333,2273.00,89.722
4912,3,274,3214.195371842966,63.532922297207,2019-07-22T13:08:34Z,46.55603333,12.99070000,2273.00,89.704
4913,3,275,3215.195371842966,64.532922297207,2019-07-22T13:08:35Z,46.55608333,12.99048333,2273.00,89.686
4914,3,276,3216.195371842966,65.532922297207,2019-07-22T13:08:36Z,46.55613333,12.99026667,2273.00,89.669
4915,3,277,3217.195371842966,66.532922297207,2019-07-22T13:08:37Z,46.55618333,12.99003333,2273.00,89.651
4916,3,278,3218.195371842966,67.532922297207,2019-07-22T13:08:38Z,46.55623333,12.98980000,2271.00,89.632
4917,3,279,3219.195371842966,68.532922297207,2019-07-22T13:08:39Z,46.55628333,12.98955000,2271.00,89.613
4918,3,280,3220.195371842966,69.532922297207,2019-07-22T13:08:40Z,46.55633333,12.98931667,2269.00,89.594
4919,3,281,3221.195371842966,70.532922297207,2019-07-22T13:08:41Z,46.55636667,12.98908333,2268.00,89.576
4920,3,282,3222.195371842966,71.532922297207,2019-07-22T13:08:42Z,46.55641667,12.98885000,2267.00,89.557
4921,3,283,3223.195371842966,72.532922297207,2019-07-22T13:08:43Z,46.55646667,12.98860000,2266.00,89.538
4922,3,284,3224.195371842966,73.532922297207,2019-07-22T13:08:44Z,46.55650000,12.98835000,2264.00,89.518
4923,3,285,3225.195371842966,74.532922297207,2019-07-22T13:08:45Z,46.55651667,12.98808333,2263.00,89.498
4924,3,286,3226.195371842966,75.532922297207,2019-07-22T13:08:46Z,46.55655000,12.98783333,2262.00,89.478
4925,3,287,3227.195371842966,76.532922297207,2019-07-22T13:08:47Z,46.55656667,12.98758333,2261.00,89.459
4926,3,288,3228.195371842966,77.532922297207,2019-07-22T13:08:48Z,46.55658333,12.98733333,2260.00,89.44
4927,3,289,3229.195371842966,78.532922297207,2019-07-22T13:08:49Z,46.55661667,12.98710000,2258.00,89.422
4928,3,290,3230.195371842966,79.532922297207,2019-07-22T13:08:50Z,46.55665000,12.98686667,2257.00,89.404
4929,3,291,3231.195371842966,80.532922297207,2019-07-22T13:08:51Z,46.55668333,12.98663333,2257.00,89.385
4930,3,292,3232.195371842966,81.532922297207,2019-07-22T13:08:52Z,46.55671667,12.98638333,2256.00,89.366
4931,3,293,3233.195371842966,82.532922297207,2019-07-22T13:08:53Z,46.55676667,12.98615000,2254.00,89.348
4932,3,294,3234.195371842966,83.532922297207,2019-07-22T13:08:54Z,46.55680000,12.98590000,2251.00,89.328
4933,3,295,3235.195371842966,84.532922297207,2019-07-22T13:08:55Z,46.55685000,12.98566667,2250.00,89.31
4934,3,296,3236.195371842966,85.532922297207,2019-07-22T13:08:56Z,46.55690000,12.98543333,2249.00,89.291
4935,3,297,3237.195371842966,86.532922297207,2019-07-22T13:08:57Z,46.55695000,12.98520000,2248.00,89.273
4936,3,298,3238.195371842966,87.532922297207,2019-07-22T13:08:58Z,46.55698333,12.98496667,2246.00,89.255
4937,3,299,3239.195371842966,88.532922297207,2019-07-22T13:08:59Z,46.55703333,12.98475000,2247.00,89.237
4938,3,300,3240.195371842966,89.532922297207,2019-07-22T13:09:00Z,46.55706667,12.98453333,2245.00,89.22
4939,3,301,3241.195371842966,90.532922297207,2019-07-22T13:09:01Z,46.55711667,12.98431667,2243.00,89.203
4940,3,302,3242.195371842966,91.532922297207,2019-07-22T13:09:02Z,46.55715000,12.98408333,2241.00,89.185
4941,3,303,3243.195371842966,92.532922297207,2019-07-22T13:09:03Z,46.55718333,12.98388333,2239.00,89.169
4942,3,304,3244.195371842966,93.532922297207,2019-07-22T13:09:04Z,46.55720000,12.98366667,2237.00,89.153
4943,3,305,3245.195371842966,94.532922297207,2019-07-22T13:09:05Z,46.55723333,12.98345000,2236.00,89.136
4944,3,306,3246.195371842966,95.532922297207,2019-07-22T13:09:06Z,46.55725000,12.98325000,2233.00,89.12
4945,3,307,3247.195371842966,96.532922297207,2019-07-22T13:09:07Z,46.55728333,12.98301667,2229.00,89.102
4946,3,308,3248.195371842966,97.532922297207,2019-07-22T13:09:08Z,46.55731667,12.98280000,2225.00,89.085
4947,3,309,3249.195371842966,98.532922297207,2019-07-22T13:09:09Z,46.55736667,12.98258333,2223.00,89.068
4948,3,310,3250.195371842966,99.532922297207,2019-07-22T13:09:10Z,46.55740000,12.98236667,2221.00,89.051
4949,3,311,3251.195371842966,100.532922297207,2019-07-22T13:09:11Z,46.55745000,12.98215000,2219.00,89.034
4950,3,312,3252.195371842966,101.532922297207,2019-07-22T13:09:12Z,46.55750000,12.98193333,2218.00,89.017
4951,3,313,3253.195371842966,102.532922297207,2019-07-22T13:09:13Z,46.55755000,12.98171667,2217.00,89.0
4952,3,314,3254.195371842966,103.532922297207,2019-07-22T13:09:14Z,46.55760000,12.98150000,2216.00,88.982
4953,3,315,3255.195371842966,104.532922297207,2019-07-22T13:09:15Z,46.55763333,12.98128333,2214.00,88.966
4954,3,316,3256.195371842966,105.532922297207,2019-07-22T13:09:16Z,46.55768333,12.98108333,2213.00,88.95
4955,3,317,3257.195371842966,106.532922297207,2019-07-22T13:09:17Z,46.55771667,12.98088333,2211.00,88.934
4956,3,318,3258.195371842966,107.532922297207,2019-07-22T13:09:18Z,46.55776667,12.98066667,2209.00,88.917
4957,3,319,3259.195371842966,108.532922297207,2019-07-22T13:09:19Z,46.55780000,12.98046667,2206.00,88.901
4958,3,320,3260.195371842966,109.532922297207,2019-07-22T13:09:20Z,46.55785000,12.98025000,2205.00,88.884
4959,3,321,3261.195371842966,110.532922297207,2019-07-22T13:09:21Z,46.55788333,12.98003333,2202.00,88.867
4960,3,322,3262.195371842966,111.532922297207,2019-07-22T13:09:22Z,46.55791667,12.97981667,2200.00,88.85
4961,3,323,3263.195371842966,112.532922297207,2019-07-22T13:09:23Z,46.55795000,12.97960000,2201.00,88.833
4962,3,324,3264.195371842966,113.532922297207,2019-07-22T13:09:24Z,46.55796667,12.97938333,2201.00,88.816
4963,3,325,3265.195371842966,114.532922297207,2019-07-22T13:09:25Z,46.55801667,12.97915000,2200.00,88.798
4964,3,326,3266.195371842966,115.532922297207,2019-07-22T13:09:26Z,46.55805000,12.97893333,2198.00,88.781
4965,3,327,3267.195371842966,116.532922297207,2019-07-22T13:09:27Z,46.55810000,12.97873333,2197.00,88.765
4966,3,328,3268.195371842966,117.532922297207,2019-07-22T13:09:28Z,46.55815000,12.97853333,2196.00,88.749
4967,3,329,3269.195371842966,118.532922297207,2019-07-22T13:09:29Z,46.55818333,12.97833333,2192.00,88.734
4968,3,330,3270.195371842966,119.532922297207,2019-07-22T13:09:30Z,46.55821667,12.97811667,2189.00,88.717
4969,3,331,3271.195371842966,120.532922297207,2019-07-22T13:09:31Z,46.55826667,12.97790000,2186.00,88.7
4970,3,332,3272.195371842966,121.532922297207,2019-07-22T13:09:32Z,46.55833333,12.97766667,2183.00,88.681
4971,3,333,3273.195371842966,122.532922297207,2019-07-22T13:09:33Z,46.55840000,12.97745000,2182.00,88.664
4972,3,334,3274.195371842966,123.532922297207,2019-07-22T13:09:34Z,46.55846667,12.97726667,2181.00,88.649
4973,3,335,3275.195371842966,124.532922297207,2019-07-22T13:09:35Z,46.55851667,12.97708333,2179.00,88.634
4974,3,336,3276.195371842966,125.532922297207,2019-07-22T13:09:36Z,46.55856667,12.97690000,2178.00,88.619
4975,3,337,3277.195371842966,126.532922297207,2019-07-22T13:09:37Z,46.55863333,12.97673333,2175.00,88.606
4976,3,338,3278.195371842966,127.532922297207,2019-07-22T13:09:38Z,46.55868333,12.97655000,2171.00,88.591
4977,3,339,3279.195371842966,128.532922297207,2019-07-22T13:09:39Z,46.55875000,12.97633333,2167.00,88.574
4978,3,340,3280.195371842966,129.532922297207,2019-07-22T13:09:40Z,46.55883333,12.97613333,2163.00,88.557
4979,3,341,3281.195371842966,130.532922297207,2019-07-22T13:09:41Z,46.55893333,12.97591667,2161.00,88.54
4980,3,342,3282.195371842966,131.532922297207,2019-07-22T13:09:42Z,46.55903333,12.97571667,2159.00,88.523
4981,3,343,3283.195371842966,132.532922297207,2019-07-22T13:09:43Z,46.55913333,12.97551667,2159.00,88.506
4982,3,344,3284.195371842966,133.532922297207,2019-07-22T13:09:44Z,46.55921667,12.97531667,2162.00,88.49
4983,3,345,3285.195371842966,134.532922297207,2019-07-22T13:09:45Z,46.55930000,12.97511667,2164.00,88.474
4984,3,346,3286.195371842966,135.532922297207,2019-07-22T13:09:46Z,46.55935000,12.97493333,2166.00,88.459
4985,3,347,3287.195371842966,136.532922297207,2019-07-22T13:09:47Z,46.55941667,12.97473333,2168.00,88.443
4986,3,348,3288.195371842966,137.532922297207,2019-07-22T13:09:48Z,46.55946667,12.97453333,2171.00,88.427
4987,3,349,3289.195371842966,138.532922297207,2019-07-22T13:09:49Z,46.55950000,12.97431667,2175.00,88.41
4988,3,350,3290.195371842966,139.532922297207,2019-07-22T13:09:50Z,46.55955000,12.97411667,2175.00,88.395
4989,3,351,3291.195371842966,140.532922297207,2019-07-22T13:09:51Z,46.55958333,12.97391667,2178.00,88.379
4990,3,352,3292.195371842966,141.532922297207,2019-07-22T13:09:52Z,46.55963333,12.97371667,2180.00,88.363
4991,3,353,3293.195371842966,142.532922297207,2019-07-22T13:09:53Z,46.55968333,12.97353333,2182.00,88.348
4992,3,354,3294.195371842966,143.532922297207,2019-07-22T13:09:54Z,46.55971667,12.97333333,2182.00,88.333
4993,3,355,3295.195371842966,144.532922297207,2019-07-22T13:09:55Z,46.55976667,12.97313333,2182.00,88.317
4994,3,356,3296.195371842966,145.532922297207,2019-07-22T13:09:56Z,46.55983333,12.97295000,2182.00,88.302
4995,3,357,3297.195371842966,146.532922297207,2019-07-22T13:09:57Z,46.55988333,12.97275000,2184.00,88.286
4996,3,358,3298.195371842966,147.532922297207,2019-07-22T13:09:58Z,46.55995000,12.97256667,2186.00,88.272
4997,3,359,3299.195371842966,148.532922297207,2019-07-22T13:09:59Z,46.56001667,12.97238333,2186.00,88.257
4998,3,360,3300.195371842966,149.532922297207,2019-07-22T13:10:00Z,46.56010000,12.97220000,2184.00,88.242
4999,3,361,3301.195371842966,150.532922297207,2019-07-22T13:10:01Z,46.56020000,12.97201667,2183.00,88.227
5000,3,362,3302.195371842966,151.532922297207,2019-07-22T13:10:02Z,46.56028333,12.97183333,2181.00,88.212
5001,3,363,3303.195371842966,152.532922297207,2019-07-22T13:10:03Z,46.56038333,12.97163333,2180.00,88.195
5002,3,364,3304.195371842966,153.532922297207,2019-07-22T13:10:04Z,46.56048333,12.97143333,2179.00,88.179
5003,3,365,3305.195371842966,154.532922297207,2019-07-22T13:10:05Z,46.56055000,12.97125000,2178.00,88.164
5004,3,366,3306.195371842966,155.532922297207,2019-07-22T13:10:06Z,46.56063333,12.97105000,2176.00,88.148
5005,3,367,3307.195371842966,156.532922297207,2019-07-22T13:10:07Z,46.56070000,12.97085000,2174.00,88.132
5006,3,368,3308.195371842966,157.532922297207,2019-07-22T13:10:08Z,46.56076667,12.97063333,2173.00,88.115
5007,3,369,3309.195371842966,158.532922297207,2019-07-22T13:10:09Z,46.56083333,12.97041667,2171.00,88.097
5008,3,370,3310.195371842966,159.532922297207,2019-07-22T13:10:10Z,46.56088333,12.97023333,2169.00,88.083
5009,3,371,3311.195371842966,160.532922297207,2019-07-22T13:10:11Z,46.56095000,12.97003333,2167.00,88.067
5010,3,372,3312.195371842966,161.532922297207,2019-07-22T13:10:12Z,46.56100000,12.96985000,2164.00,88.053
5011,3,373,3313.195371842966,162.532922297207,2019-07-22T13:10:13Z,46.56106667,12.96963333,2162.00,88.035
5012,3,374,3314.195371842966,163.532922297207,2019-07-22T13:10:14Z,46.56113333,12.96943333,2159.00,88.019
5013,3,375,3315.195371842966,164.532922297207,2019-07-22T13:10:15Z,46.56121667,12.96921667,2156.00,88.002
5014,3,376,3316.195371842966,165.532922297207,2019-07-22T13:10:16Z,46.56128333,12.96900000,2154.00,87.985
5015,3,377,3317.195371842966,166.532922297207,2019-07-22T13:10:17Z,46.56135000,12.96878333,2153.00,87.968
5016,3,378,3318.195371842966,167.532922297207,2019-07-22T13:10:18Z,46.56141667,12.96856667,2152.00,87.95
5017,3,379,3319.195371842966,168.532922297207,2019-07-22T13:10:19Z,46.56148333,12.96835000,2150.00,87.933
5018,3,380,3320.195371842966,169.532922297207,2019-07-22T13:10:20Z,46.56155000,12.96813333,2147.00,87.916
5019,3,381,3321.195371842966,170.532922297207,2019-07-22T13:10:21Z,46.56161667,12.96791667,2145.00,87.899
5020,3,382,3322.195371842966,171.532922297207,2019-07-22T13:10:22Z,46.56166667,12.96768333,2143.00,87.88
5021,3,383,3323.195371842966,172.532922297207,2019-07-22T13:10:23Z,46.56171667,12.96745000,2140.00,87.862
5022,3,384,3324.195371842966,173.532922297207,2019-07-22T13:10:24Z,46.56176667,12.96720000,2138.00,87.843
5023,3,385,3325.195371842966,174.532922297207,2019-07-22T13:10:25Z,46.56180000,12.96696667,2136.00,87.825
5024,3,386,3326.195371842966,175.532922297207,2019-07-22T13:10:26Z,46.56185000,12.96671667,2135.00,87.805
5025,3,387,3327.195371842966,176.532922297207,2019-07-22T13:10:27Z,46.56186667,12.96646667,2134.00,87.786
5026,3,388,3328.195371842966,177.532922297207,2019-07-22T13:10:28Z,46.56190000,12.96623333,2134.00,87.768
5027,3,389,3329.195371842966,178.532922297207,2019-07-22T13:10:29Z,46.56193333,12.96600000,2132.00,87.75
5028,3,390,3330.195371842966,179.532922297207,2019-07-22T13:10:30Z,46.56193333,12.96578333,2132.00,87.733
5029,3,391,3331.195371842966,180.532922297207,2019-07-22T13:10:31Z,46.56193333,12.96555000,2133.00,87.715
5030,3,392,3332.195371842966,181.532922297207,2019-07-22T13:10:32Z,46.56193333,12.96533333,2132.00,87.699
5031,3,393,3333.195371842966,182.532922297207,2019-07-22T13:10:33Z,46.56195000,12.96508333,2130.00,87.68
5032,3,394,3334.195371842966,183.532922297207,2019-07-22T13:10:34Z,46.56195000,12.96485000,2127.00,87.662
5033,3,395,3335.195371842966,184.532922297207,2019-07-22T13:10:35Z,46.56196667,12.96461667,2126.00,87.644
5034,3,396,3336.195371842966,185.532922297207,2019-07-22T13:10:36Z,46.56198333,12.96438333,2125.00,87.626
5035,3,397,3337.195371842966,186.532922297207,2019-07-22T13:10:37Z,46.56200000,12.96415000,2123.00,87.608
5036,3,398,3338.195371842966,187.532922297207,2019-07-22T13:10:38Z,46.56201667,12.96393333,2119.00,87.591
5037,3,399,3339.195371842966,188.532922297207,2019-07-22T13:10:39Z,46.56203333,12.96370000,2116.00,87.573
5038,3,400,3340.195371842966,189.532922297207,2019-07-22T13:10:40Z,46.56205000,12.96346667,2114.00,87.556
5039,3,401,3341.195371842966,190.532922297207,2019-07-22T13:10:41Z,46.56205000,12.96323333,2112.00,87.538
5040,3,402,3342.195371842966,191.532922297207,2019-07-22T13:10:42Z,46.56206667,12.96300000,2110.00,87.52
5041,3,403,3343.195371842966,192.532922297207,2019-07-22T13:10:43Z,46.56208333,12.96276667,2106.00,87.502
5042,3,404,3344.195371842966,193.532922297207,2019-07-22T13:10:44Z,46.56210000,12.96255000,2105.00,87.485
5043,3,405,3345.195371842966,194.532922297207,2019-07-22T13:10:45Z,46.56211667,12.96235000,2105.00,87.47
5044,3,406,3346.195371842966,195.532922297207,2019-07-22T13:10:46Z,46.56215000,12.96213333,2106.00,87.453
5045,3,407,3347.195371842966,196.532922297207,2019-07-22T13:10:47Z,46.56220000,12.96193333,2107.00,87.437
5046,3,408,3348.195371842966,197.532922297207,2019-07-22T13:10:48Z,46.56223333,12.96171667,2108.00,87.42
5047,3,409,3349.195371842966,198.532922297207,2019-07-22T13:10:49Z,46.56228333,12.96151667,2109.00,87.405
5048,3,410,3350.195371842966,199.532922297207,2019-07-22T13:10:50Z,46.56231667,12.96130000,2109.00,87.388
5049,3,411,3351.195371842966,200.532922297207,2019-07-22T13:10:51Z,46.56233333,12.96108333,2109.00,87.371
5050,3,412,3352.195371842966,201.532922297207,2019-07-22T13:10:52Z,46.56235000,12.96086667,2108.00,87.355
5051,3,413,3353.195371842966,202.532922297207,2019-07-22T13:10:53Z,46.56236667,12.96063333,2106.00,87.337
5052,3,414,3354.195371842966,203.532922297207,2019-07-22T13:10:54Z,46.56238333,12.96040000,2104.00,87.319
5053,3,415,3355.195371842966,204.532922297207,2019-07-22T13:10:55Z,46.56238333,12.96018333,2102.00,87.302
5054,3,416,3356.195371842966,205.532922297207,2019-07-22T13:10:56Z,46.56238333,12.95996667,2100.00,87.286
5055,3,417,3357.195371842966,206.532922297207,2019-07-22T13:10:57Z,46.56240000,12.95975000,2101.00,87.269
5056,3,418,3358.195371842966,207.532922297207,2019-07-22T13:10:58Z,46.56241667,12.95953333,2100.00,87.252
5057,3,419,3359.195371842966,208.532922297207,2019-07-22T13:10:59Z,46.56243333,12.95931667,2099.00,87.236
5058,3,420,3360.195371842966,209.532922297207,2019-07-22T13:11:00Z,46.56246667,12.95910000,2098.00,87.219
5059,3,421,3361.195371842966,210.532922297207,2019-07-22T13:11:01Z,46.56250000,12.95888333,2097.00,87.202
5060,3,422,3362.195371842966,211.532922297207,2019-07-22T13:11:02Z,46.56253333,12.95868333,2096.00,87.187
5061,3,423,3363.195371842966,212.532922297207,2019-07-22T13:11:03Z,46.56258333,12.95846667,2094.00,87.17
5062,3,424,3364.195371842966,213.532922297207,2019-07-22T13:11:04Z,46.56261667,12.95825000,2094.00,87.153
5063,3,425,3365.195371842966,214.532922297207,2019-07-22T13:11:05Z,46.56265000,12.95805000,2095.00,87.137
5064,3,426,3366.195371842966,215.532922297207,2019-07-22T13:11:06Z,46.56268333,12.95785000,2094.00,87.122
5065,3,427,3367.195371842966,216.532922297207,2019-07-22T13:11:07Z,46.56270000,12.95763333,2092.00,87.105
5066,3,428,3368.195371842966,217.532922297207,2019-07-22T13:11:08Z,46.56273333,12.95743333,2091.00,87.089
5067,3,429,3369.195371842966,218.532922297207,2019-07-22T13:11:09Z,46.56276667,12.95721667,2089.00,87.073
5068,3,430,3370.195371842966,219.532922297207,2019-07-22T13:11:10Z,46.56280000,12.95700000,2087.00,87.056
5069,3,431,3371.195371842966,220.532922297207,2019-07-22T13:11:11Z,46.56283333,12.95680000,2086.00,87.04
5070,3,432,3372.195371842966,221.532922297207,2019-07-22T13:11:12Z,46.56290000,12.95658333,2084.00,87.023
5071,3,433,3373.195371842966,222.532922297207,2019-07-22T13:11:13Z,46.56295000,12.95636667,2083.00,87.006
5072,3,434,3374.195371842966,223.532922297207,2019-07-22T13:11:14Z,46.56300000,12.95616667,2082.00,86.991
5073,3,435,3375.195371842966,224.532922297207,2019-07-22T13:11:15Z,46.56305000,12.95596667,2081.00,86.975
5074,3,436,3376.195371842966,225.532922297207,2019-07-22T13:11:16Z,46.56310000,12.95575000,2081.00,86.958
5075,3,437,3377.195371842966,226.532922297207,2019-07-22T13:11:17Z,46.56315000,12.95555000,2080.00,86.942
5076,3,438,3378.195371842966,227.532922297207,2019-07-22T13:11:18Z,46.56318333,12.95533333,2079.00,86.925
5077,3,439,3379.195371842966,228.532922297207,2019-07-22T13:11:19Z,46.56321667,12.95513333,2078.00,86.91
5078,3,440,3380.195371842966,229.532922297207,2019-07-22T13:11:20Z,46.56325000,12.95491667,2076.00,86.893
5079,3,441,3381.195371842966,230.532922297207,2019-07-22T13:11:21Z,46.56328333,12.95470000,2076.00,86.876
5080,3,442,3382.195371842966,231.532922297207,2019-07-22T13:11:22Z,46.56333333,12.95450000,2075.00,86.861
5081,3,443,3383.195371842966,232.532922297207,2019-07-22T13:11:23Z,46.56336667,12.95428333,2075.00,86.844
5082,3,444,3384.195371842966,233.532922297207,2019-07-22T13:11:24Z,46.56340000,12.95408333,2074.00,86.828
5083,3,445,3385.195371842966,234.532922297207,2019-07-22T13:11:25Z,46.56343333,12.95388333,2074.00,86.813
5084,3,446,3386.195371842966,235.532922297207,2019-07-22T13:11:26Z,46.56348333,12.95368333,2073.00,86.797
5085,3,447,3387.195371842966,236.532922297207,2019-07-22T13:11:27Z,46.56351667,12.95346667,2072.00,86.78
5086,3,448,3388.195371842966,237.532922297207,2019-07-22T13:11:28Z,46.56355000,12.95325000,2071.00,86.764
5087,3,449,3389.195371842966,238.532922297207,2019-07-22T13:11:29Z,46.56360000,12.95303333,2070.00,86.747
5088,3,450,3390.195371842966,239.532922297207,2019-07-22T13:11:30Z,46.56363333,12.95281667,2069.00,86.73
5089,3,451,3391.195371842966,240.532922297207,2019-07-22T13:11:31Z,46.56366667,12.95260000,2068.00,86.713
5090,3,452,3392.195371842966,241.532922297207,2019-07-22T13:11:32Z,46.56370000,12.95238333,2068.00,86.696
5091,3,453,3393.195371842966,242.532922297207,2019-07-22T13:11:33Z,46.56373333,12.95218333,2068.00,86.681
5092,3,454,3394.195371842966,243.532922297207,2019-07-22T13:11:34Z,46.56376667,12.95196667,2068.00,86.664
5093,3,455,3395.195371842966,244.532922297207,2019-07-22T13:11:35Z,46.56380000,12.95176667,2069.00,86.649
5094,3,456,3396.195371842966,245.532922297207,2019-07-22T13:11:36Z,46.56383333,12.95155000,2069.00,86.632
5095,3,457,3397.195371842966,246.532922297207,2019-07-22T13:11:37Z,46.56386667,12.95135000,2068.00,86.616
5096,3,458,3398.195371842966,247.532922297207,2019-07-22T13:11:38Z,46.56390000,12.95113333,2068.00,86.599
5097,3,459,3399.195371842966,248.532922297207,2019-07-22T13:11:39Z,46.56393333,12.95091667,2066.00,86.583
5098,3,460,3400.195371842966,249.532922297207,2019-07-22T13:11:40Z,46.56396667,12.95068333,2066.00,86.565
5099,3,461,3401.195371842966,250.532922297207,2019-07-22T13:11:41Z,46.56400000,12.95045000,2066.00,86.547
5100,3,462,3402.195371842966,251.532922297207,2019-07-22T13:11:42Z,46.56401667,12.95023333,2066.00,86.53
5101,3,463,3403.195371842966,252.532922297207,2019-07-22T13:11:43Z,46.56405000,12.95000000,2065.00,86.512
5102,3,464,3404.195371842966,253.532922297207,2019-07-22T13:11:44Z,46.56406667,12.94978333,2064.00,86.495
5103,3,465,3405.195371842966,254.532922297207,2019-07-22T13:11:45Z,46.56408333,12.94956667,2064.00,86.479
5104,3,466,3406.195371842966,255.532922297207,2019-07-22T13:11:46Z,46.56410000,12.94935000,2063.00,86.462
5105,3,467,3407.195371842966,256.532922297207,2019-07-22T13:11:47Z,46.56410000,12.94913333,2064.00,86.445
5106,3,468,3408.195371842966,257.532922297207,2019-07-22T13:11:48Z,46.56411667,12.94891667,2064.00,86.429
5107,3,469,3409.195371842966,258.532922297207,2019-07-22T13:11:49Z,46.56413333,12.94870000,2063.00,86.412
5108,3,470,3410.195371842966,259.532922297207,2019-07-22T13:11:50Z,46.56416667,12.94848333,2061.00,86.395
5109,3,471,3411.195371842966,260.532922297207,2019-07-22T13:11:51Z,46.56418333,12.94828333,2061.00,86.38
5110,3,472,3412.195371842966,261.532922297207,2019-07-22T13:11:52Z,46.56420000,12.94806667,2060.00,86.363
5111,3,473,3413.195371842966,262.532922297207,2019-07-22T13:11:53Z,46.56421667,12.94786667,2059.00,86.348
5112,3,474,3414.195371842966,263.532922297207,2019-07-22T13:11:54Z,46.56421667,12.94765000,2058.00,86.331
5113,3,475,3415.195371842966,264.532922297207,2019-07-22T13:11:55Z,46.56420000,12.94743333,2057.00,86.315
5114,3,476,3416.195371842966,265.532922297207,2019-07-22T13:11:56Z,46.56418333,12.94723333,2056.00,86.3
5115,3,477,3417.195371842966,266.532922297207,2019-07-22T13:11:57Z,46.56413333,12.94703333,2056.00,86.285
5116,3,478,3418.195371842966,267.532922297207,2019-07-22T13:11:58Z,46.56408333,12.94683333,2054.00,86.27
5117,3,479,3419.195371842966,268.532922297207,2019-07-22T13:11:59Z,46.56403333,12.94665000,2052.00,86.256
5118,3,480,3420.195371842966,269.532922297207,2019-07-22T13:12:00Z,46.56395000,12.94646667,2050.00,86.243
5119,3,481,3421.195371842966,270.532922297207,2019-07-22T13:12:01Z,46.56388333,12.94630000,2050.00,86.231
5120,3,482,3422.195371842966,271.532922297207,2019-07-22T13:12:02Z,46.56381667,12.94611667,2050.00,86.217
5121,3,483,3423.195371842966,272.532922297207,2019-07-22T13:12:03Z,46.56373333,12.94595000,2049.00,86.205
5122,3,484,3424.195371842966,273.532922297207,2019-07-22T13:12:04Z,46.56366667,12.94576667,2048.00,86.192
5123,3,485,3425.195371842966,274.532922297207,2019-07-22T13:12:05Z,46.56360000,12.94560000,2047.00,86.18
5124,3,486,3426.195371842966,275.532922297207,2019-07-22T13:12:06Z,46.56353333,12.94541667,2046.00,86.167
5125,3,487,3427.195371842966,276.532922297207,2019-07-22T13:12:07Z,46.56345000,12.94523333,2045.00,86.153
5126,3,488,3428.195371842966,277.532922297207,2019-07-22T13:12:08Z,46.56338333,12.94506667,2043.00,86.141
5127,3,489,3429.195371842966,278.532922297207,2019-07-22T13:12:09Z,46.56331667,12.94488333,2042.00,86.128
5128,3,490,3430.195371842966,279.532922297207,2019-07-22T13:12:10Z,46.56323333,12.94470000,2041.00,86.115
5129,3,491,3431.195371842966,280.532922297207,2019-07-22T13:12:11Z,46.56313333,12.94451667,2039.00,86.102
5130,3,492,3432.195371842966,281.532922297207,2019-07-22T13:12:12Z,46.56305000,12.94433333,2037.00,86.089
5131,3,493,3433.195371842966,282.532922297207,2019-07-22T13:12:13Z,46.56296667,12.94415000,2035.00,86.076
5132,3,494,3434.195371842966,283.532922297207,2019-07-22T13:12:14Z,46.56286667,12.94398333,2035.00,86.064
5133,3,495,3435.195371842966,284.532922297207,2019-07-22T13:12:15Z,46.56278333,12.94380000,2036.00,86.051
5134,3,496,3436.195371842966,285.532922297207,2019-07-22T13:12:16Z,46.56270000,12.94363333,2035.00,86.039
5135,3,497,3437.195371842966,286.532922297207,2019-07-22T13:12:17Z,46.56260000,12.94346667,2033.00,86.028
5136,3,498,3438.195371842966,287.532922297207,2019-07-22T13:12:18Z,46.56251667,12.94330000,2032.00,86.016
5137,3,499,3439.195371842966,288.532922297207,2019-07-22T13:12:19Z,46.56241667,12.94313333,2031.00,86.005
5138,3,500,3440.195371842966,289.532922297207,2019-07-22T13:12:20Z,46.56231667,12.94295000,2029.00,85.992
5139,3,501,3441.195371842966,290.532922297207,2019-07-22T13:12:21Z,46.56221667,12.94276667,2025.00,85.979
5140,3,502,3442.195371842966,291.532922297207,2019-07-22T13:12:22Z,46.56213333,12.94256667,2023.00,85.965
5141,3,503,3443.195371842966,292.532922297207,2019-07-22T13:12:23Z,46.56203333,12.94238333,2022.00,85.953
5142,3,504,3444.195371842966,293.532922297207,2019-07-22T13:12:24Z,46.56195000,12.94220000,2020.00,85.94
5143,3,505,3445.195371842966,294.532922297207,2019-07-22T13:12:25Z,46.56185000,12.94200000,2019.00,85.926
5144,3,506,3446.195371842966,295.532922297207,2019-07-22T13:12:26Z,46.56176667,12.94181667,2018.00,85.914
5145,3,507,3447.195371842966,296.532922297207,2019-07-22T13:12:27Z,46.56168333,12.94163333,2016.00,85.901
5146,3,508,3448.195371842966,297.532922297207,2019-07-22T13:12:28Z,46.56158333,12.94143333,2013.00,85.887
5147,3,509,3449.195371842966,298.532922297207,2019-07-22T13:12:29Z,46.56148333,12.94125000,2011.00,85.875
5148,3,510,3450.195371842966,299.532922297207,2019-07-22T13:12:30Z,46.56138333,12.94106667,2010.00,85.863
5149,3,511,3451.195371842966,300.532922297207,2019-07-22T13:12:31Z,46.56128333,12.94086667,2008.00,85.849
5150,3,512,3452.195371842966,301.532922297207,2019-07-22T13:12:32Z,46.56118333,12.94068333,2007.00,85.837
5151,3,513,3453.195371842966,302.532922297207,2019-07-22T13:12:33Z,46.56108333,12.94050000,2004.00,85.825
5152,3,514,3454.195371842966,303.532922297207,2019-07-22T13:12:34Z,46.56098333,12.94033333,2002.00,85.814
5153,3,515,3455.195371842966,304.532922297207,2019-07-22T13:12:35Z,46.56090000,12.94015000,2001.00,85.801
5154,3,516,3456.195371842966,305.532922297207,2019-07-22T13:12:36Z,46.56080000,12.93996667,1999.00,85.789
5155,3,517,3457.195371842966,306.532922297207,2019-07-22T13:12:37Z,46.56070000,12.93978333,1997.00,85.777
5156,3,518,3458.195371842966,307.532922297207,2019-07-22T13:12:38Z,46.56061667,12.93960000,1996.00,85.765
5157,3,519,3459.195371842966,308.532922297207,2019-07-22T13:12:39Z,46.56053333,12.93941667,1995.00,85.753
5158,3,520,3460.195371842966,309.532922297207,2019-07-22T13:12:40Z,46.56045000,12.93921667,1994.00,85.739
5159,3,521,3461.195371842966,310.532922297207,2019-07-22T13:12:41Z,46.56036667,12.93901667,1993.00,85.726
5160,3,522,3462.195371842966,311.532922297207,2019-07-22T13:12:42Z,46.56028333,12.93883333,1991.00,85.714
5161,3,523,3463.195371842966,312.532922297207,2019-07-22T13:12:43Z,46.56020000,12.93863333,1989.00,85.7
5162,3,524,3464.195371842966,313.532922297207,2019-07-22T13:12:44Z,46.56010000,12.93845000,1987.00,85.688
5163,3,525,3465.195371842966,314.532922297207,2019-07-22T13:12:45Z,46.56001667,12.93825000,1984.00,85.675
5164,3,526,3466.195371842966,315.532922297207,2019-07-22T13:12:46Z,46.55993333,12.93806667,1981.00,85.663
5165,3,527,3467.195371842966,316.532922297207,2019-07-22T13:12:47Z,46.55983333,12.93788333,1981.00,85.651
5166,3,528,3468.195371842966,317.532922297207,2019-07-22T13:12:48Z,46.55973333,12.93770000,1977.00,85.64
5167,3,529,3469.195371842966,318.532922297207,2019-07-22T13:12:49Z,46.55963333,12.93751667,1976.00,85.628
5168,3,530,3470.195371842966,319.532922297207,2019-07-22T13:12:50Z,46.55955000,12.93731667,1975.00,85.615
5169,3,531,3471.195371842966,320.532922297207,2019-07-22T13:12:51Z,46.55945000,12.93713333,1971.00,85.604
5170,3,532,3472.195371842966,321.532922297207,2019-07-22T13:12:52Z,46.55935000,12.93695000,1969.00,85.592
5171,3,533,3473.195371842966,322.532922297207,2019-07-22T13:12:53Z,46.55926667,12.93676667,1967.00,85.58
5172,3,534,3474.195371842966,323.532922297207,2019-07-22T13:12:54Z,46.55916667,12.93658333,1966.00,85.569
5173,3,535,3475.195371842966,324.532922297207,2019-07-22T13:12:55Z,46.55906667,12.93640000,1965.00,85.557
5174,3,536,3476.195371842966,325.532922297207,2019-07-22T13:12:56Z,46.55898333,12.93621667,1963.00,85.545
5175,3,537,3477.195371842966,326.532922297207,2019-07-22T13:12:57Z,46.55891667,12.93601667,1961.00,85.531
5176,3,538,3478.195371842966,327.532922297207,2019-07-22T13:12:58Z,46.55883333,12.93581667,1960.00,85.518
5177,3,539,3479.195371842966,328.532922297207,2019-07-22T13:12:59Z,46.55876667,12.93563333,1959.00,85.506
5178,3,540,3480.195371842966,329.532922297207,2019-07-22T13:13:00Z,46.55870000,12.93543333,1959.00,85.492
5179,3,541,3481.195371842966,330.532922297207,2019-07-22T13:13:01Z,46.55863333,12.93525000,1959.00,85.48
5180,3,542,3482.195371842966,331.532922297207,2019-07-22T13:13:02Z,46.55855000,12.93505000,1959.00,85.467
5181,3,543,3483.195371842966,332.532922297207,2019-07-22T13:13:03Z,46.55848333,12.93486667,1959.00,85.455
5182,3,544,3484.195371842966,333.532922297207,2019-07-22T13:13:04Z,46.55840000,12.93468333,1958.00,85.443
5183,3,545,3485.195371842966,334.532922297207,2019-07-22T13:13:05Z,46.55833333,12.93450000,1958.00,85.431
5184,3,546,3486.195371842966,335.532922297207,2019-07-22T13:13:06Z,46.55825000,12.93431667,1957.00,85.42
5185,3,547,3487.195371842966,336.532922297207,2019-07-22T13:13:07Z,46.55818333,12.93413333,1957.00,85.407
5186,3,548,3488.195371842966,337.532922297207,2019-07-22T13:13:08Z,46.55811667,12.93395000,1957.00,85.395
5187,3,549,3489.195371842966,338.532922297207,2019-07-22T13:13:09Z,46.55805000,12.93376667,1957.00,85.383
5188,3,550,3490.195371842966,339.532922297207,2019-07-22T13:13:10Z,46.55798333,12.93356667,1957.00,85.37
5189,3,551,3491.195371842966,340.532922297207,2019-07-22T13:13:11Z,46.55791667,12.93335000,1957.00,85.356
5190,3,552,3492.195371842966,341.532922297207,2019-07-22T13:13:12Z,46.55785000,12.93315000,1956.00,85.343
5191,3,553,3493.195371842966,342.532922297207,2019-07-22T13:13:13Z,46.55778333,12.93293333,1954.00,85.328
5192,3,554,3494.195371842966,343.532922297207,2019-07-22T13:13:14Z,46.55771667,12.93273333,1954.00,85.315
5193,3,555,3495.195371842966,344.532922297207,2019-07-22T13:13:15Z,46.55765000,12.93253333,1953.00,85.302
5194,3,556,3496.195371842966,345.532922297207,2019-07-22T13:13:16Z,46.55758333,12.93233333,1953.00,85.289
5195,3,557,3497.195371842966,346.532922297207,2019-07-22T13:13:17Z,46.55753333,12.93213333,1953.00,85.276
5196,3,558,3498.195371842966,347.532922297207,2019-07-22T13:13:18Z,46.55746667,12.93193333,1951.00,85.263
5197,3,559,3499.195371842966,348.532922297207,2019-07-22T13:13:19Z,46.55738333,12.93175000,1950.00,85.252
5198,3,560,3500.195371842966,349.532922297207,2019-07-22T13:13:20Z,46.55731667,12.93155000,1949.00,85.239
5199,3,561,3501.195371842966,350.532922297207,2019-07-22T13:13:21Z,46.55725000,12.93135000,1949.00,85.226
5200,3,562,3502.195371842966,351.532922297207,2019-07-22T13:13:22Z,46.55720000,12.93115000,1948.00,85.213
5201,3,563,3503.195371842966,352.532922297207,2019-07-22T13:13:23Z,46.55713333,12.93095000,1947.00,85.2
5202,3,564,3504.195371842966,353.532922297207,2019-07-22T13:13:24Z,46.55706667,12.93075000,1947.00,85.187
5203,3,565,3505.195371842966,354.532922297207,2019-07-22T13:13:25Z,46.55700000,12.93055000,1946.00,85.174
5204,3,566,3506.195371842966,355.532922297207,2019-07-22T13:13:26Z,46.55693333,12.93035000,1945.00,85.162
5205,3,567,3507.195371842966,356.532922297207,2019-07-22T13:13:27Z,46.55685000,12.93015000,1943.00,85.15
5206,3,568,3508.195371842966,357.532922297207,2019-07-22T13:13:28Z,46.55678333,12.92991667,1943.00,85.134
5207,3,569,3509.195371842966,358.532922297207,2019-07-22T13:13:29Z,46.55671667,12.92968333,1941.00,85.119
5208,3,570,3510.195371842966,359.532922297207,2019-07-22T13:13:30Z,46.55666667,12.92946667,1940.00,85.105
5209,3,571,3511.195371842966,360.532922297207,2019-07-22T13:13:31Z,46.55660000,12.92923333,1940.00,85.09
5210,3,572,3512.195371842966,361.532922297207,2019-07-22T13:13:32Z,46.55655000,12.92901667,1940.00,85.076
5211,3,573,3513.195371842966,362.532922297207,2019-07-22T13:13:33Z,46.55648333,12.92878333,1939.00,85.061
5212,3,574,3514.195371842966,363.532922297207,2019-07-22T13:13:34Z,46.55643333,12.92856667,1939.00,85.047
5213,3,575,3515.195371842966,364.532922297207,2019-07-22T13:13:35Z,46.55638333,12.92833333,1938.00,85.032
5214,3,576,3516.195371842966,365.532922297207,2019-07-22T13:13:36Z,46.55635000,12.92808333,1937.00,85.015
5215,3,577,3517.195371842966,366.532922297207,2019-07-22T13:13:37Z,46.55631667,12.92785000,1936.00,84.999
5216,3,578,3518.195371842966,367.532922297207,2019-07-22T13:13:38Z,46.55630000,12.92761667,1936.00,84.982
5217,3,579,3519.195371842966,368.532922297207,2019-07-22T13:13:39Z,46.55628333,12.92736667,1936.00,84.965
5218,3,580,3520.195371842966,369.532922297207,2019-07-22T13:13:40Z,46.55626667,12.92713333,1936.00,84.948
5219,3,581,3521.195371842966,370.532922297207,2019-07-22T13:13:41Z,46.55625000,12.92688333,1937.00,84.931
5220,3,582,3522.195371842966,371.532922297207,2019-07-22T13:13:42Z,46.55623333,12.92663333,1936.00,84.913
5221,3,583,3523.195371842966,372.532922297207,2019-07-22T13:13:43Z,46.55621667,12.92636667,1937.00,84.895
5222,3,584,3524.195371842966,373.532922297207,2019-07-22T13:13:44Z,46.55620000,12.92611667,1938.00,84.877
5223,3,585,3525.195371842966,374.532922297207,2019-07-22T13:13:45Z,46.55618333,12.92586667,1938.00,84.86
5224,3,586,3526.195371842966,375.532922297207,2019-07-22T13:13:46Z,46.55616667,12.92561667,1940.00,84.842
5225,3,587,3527.195371842966,376.532922297207,2019-07-22T13:13:47Z,46.55616667,12.92538333,1941.00,84.825
5226,3,588,3528.195371842966,377.532922297207,2019-07-22T13:13:48Z,46.55615000,12.92516667,1941.00,84.81
5227,3,589,3529.195371842966,378.532922297207,2019-07-22T13:13:49Z,46.55615000,12.92495000,1941.00,84.795
5228,3,590,3530.195371842966,379.532922297207,2019-07-22T13:13:50Z,46.55613333,12.92473333,1942.00,84.78
5229,3,591,3531.195371842966,380.532922297207,2019-07-22T13:13:51Z,46.55613333,12.92453333,1942.00,84.765
5230,3,592,3532.195371842966,381.532922297207,2019-07-22T13:13:52Z,46.55613333,12.92431667,1942.00,84.75
5231,3,593,3533.195371842966,382.532922297207,2019-07-22T13:13:53Z,46.55613333,12.92410000,1944.00,84.734
5232,3,594,3534.195371842966,383.532922297207,2019-07-22T13:13:54Z,46.55611667,12.92390000,1944.00,84.72
5233,3,595,3535.195371842966,384.532922297207,2019-07-22T13:13:55Z,46.55610000,12.92370000,1943.00,84.706
5234,3,596,3536.195371842966,385.532922297207,2019-07-22T13:13:56Z,46.55608333,12.92350000,1944.00,84.692
5235,3,597,3537.195371842966,386.532922297207,2019-07-22T13:13:57Z,46.55608333,12.92328333,1943.00,84.677
5236,3,598,3538.195371842966,387.532922297207,2019-07-22T13:13:58Z,46.55608333,12.92306667,1942.00,84.661
5237,3,599,3539.195371842966,388.532922297207,2019-07-22T13:13:59Z,46.55608333,12.92283333,1941.00,84.644
5238,3,600,3540.195371842966,389.532922297207,2019-07-22T13:14:00Z,46.55610000,12.92258333,1941.00,84.625
5239,3,601,3541.195371842966,390.532922297207,2019-07-22T13:14:01Z,46.55611667,12.92235000,1940.00,84.608
5240,3,602,3542.195371842966,391.532922297207,2019-07-22T13:14:02Z,46.55611667,12.92213333,1940.00,84.592
5241,3,603,3543.195371842966,392.532922297207,2019-07-22T13:14:03Z,46.55613333,12.92190000,1940.00,84.575
5242,3,604,3544.195371842966,393.532922297207,2019-07-22T13:14:04Z,46.55611667,12.92168333,1940.00,84.559
5243,3,605,3545.195371842966,394.532922297207,2019-07-22T13:14:05Z,46.55611667,12.92146667,1939.00,84.544
5244,3,606,3546.195371842966,395.532922297207,2019-07-22T13:14:06Z,46.55610000,12.92123333,1939.00,84.527
5245,3,607,3547.195371842966,396.532922297207,2019-07-22T13:14:07Z,46.55608333,12.92100000,1939.00,84.511
5246,3,608,3548.195371842966,397.532922297207,2019-07-22T13:14:08Z,46.55610000,12.92076667,1939.00,84.494
5247,3,609,3549.195371842966,398.532922297207,2019-07-22T13:14:09Z,46.55610000,12.92053333,1938.00,84.477
5248,3,610,3550.195371842966,399.532922297207,2019-07-22T13:14:10Z,46.55610000,12.92030000,1936.00,84.46
5249,3,611,3551.195371842966,400.532922297207,2019-07-22T13:14:11Z,46.55608333,12.92006667,1936.00,84.444
5250,3,612,3552.195371842966,401.532922297207,2019-07-22T13:14:12Z,46.55610000,12.91983333,1936.00,84.426
5251,3,613,3553.195371842966,402.532922297207,2019-07-22T13:14:13Z,46.55611667,12.91960000,1935.00,84.409
5252,3,614,3554.195371842966,403.532922297207,2019-07-22T13:14:14Z,46.55611667,12.91936667,1933.00,84.392
5253,3,615,3555.195371842966,404.532922297207,2019-07-22T13:14:15Z,46.55613333,12.91915000,1930.00,84.376
5254,3,616,3556.195371842966,405.532922297207,2019-07-22T13:14:16Z,46.55615000,12.91891667,1928.00,84.359
5255,3,617,3557.195371842966,406.532922297207,2019-07-22T13:14:17Z,46.55616667,12.91870000,1926.00,84.342
5256,3,618,3558.195371842966,407.532922297207,2019-07-22T13:14:18Z,46.55616667,12.91848333,1924.00,84.327
5257,3,619,3559.195371842966,408.532922297207,2019-07-22T13:14:19Z,46.55618333,12.91828333,1924.00,84.312
5258,3,620,3560.195371842966,409.532922297207,2019-07-22T13:14:20Z,46.55618333,12.91806667,1924.00,84.296
5259,3,621,3561.195371842966,410.532922297207,2019-07-22T13:14:21Z,46.55618333,12.91786667,1922.00,84.282
5260,3,622,3562.195371842966,411.532922297207,2019-07-22T13:14:22Z,46.55616667,12.91766667,1920.00,84.268
5261,3,623,3563.195371842966,412.532922297207,2019-07-22T13:14:23Z,46.55615000,12.91746667,1917.00,84.255
5262,3,624,3564.195371842966,413.532922297207,2019-07-22T13:14:24Z,46.55610000,12.91725000,1913.00,84.241
5263,3,625,3565.195371842966,414.532922297207,2019-07-22T13:14:25Z,46.55605000,12.91703333,1909.00,84.228
5264,3,626,3566.195371842966,415.532922297207,2019-07-22T13:14:26Z,46.55598333,12.91681667,1906.00,84.215
5265,3,627,3567.195371842966,416.532922297207,2019-07-22T13:14:27Z,46.55593333,12.91660000,1905.00,84.202
5266,3,628,3568.195371842966,417.532922297207,2019-07-22T13:14:28Z,46.55586667,12.91640000,1905.00,84.19
5267,3,629,3569.195371842966,418.532922297207,2019-07-22T13:14:29Z,46.55581667,12.91621667,1904.00,84.179
5268,3,630,3570.195371842966,419.532922297207,2019-07-22T13:14:30Z,46.55575000,12.91601667,1900.00,84.168
5269,3,631,3571.195371842966,420.532922297207,2019-07-22T13:14:31Z,46.55570000,12.91581667,1898.00,84.156
5270,3,632,3572.195371842966,421.532922297207,2019-07-22T13:14:32Z,46.55565000,12.91560000,1898.00,84.143
5271,3,633,3573.195371842966,422.532922297207,2019-07-22T13:14:33Z,46.55560000,12.91538333,1897.00,84.13
5272,3,634,3574.195371842966,423.532922297207,2019-07-22T13:14:34Z,46.55556667,12.91518333,1898.00,84.117
5273,3,635,3575.195371842966,424.532922297207,2019-07-22T13:14:35Z,46.55553333,12.91500000,1898.00,84.106
5274,3,636,3576.195371842966,425.532922297207,2019-07-22T13:14:36Z,46.55550000,12.91481667,1896.00,84.095
5275,3,637,3577.195371842966,426.532922297207,2019-07-22T13:14:37Z,46.55545000,12.91463333,1896.00,84.084
5276,3,638,3578.195371842966,427.532922297207,2019-07-22T13:14:38Z,46.55541667,12.91443333,1894.00,84.072
5277,3,639,3579.195371842966,428.532922297207,2019-07-22T13:14:39Z,46.55536667,12.91421667,1892.00,84.059
5278,3,640,3580.195371842966,429.532922297207,2019-07-22T13:14:40Z,46.55531667,12.91401667,1892.00,84.047
5279,3,641,3581.195371842966,430.532922297207,2019-07-22T13:14:41Z,46.55526667,12.91381667,1891.00,84.036
5280,3,642,3582.195371842966,431.532922297207,2019-07-22T13:14:42Z,46.55521667,12.91361667,1890.00,84.025
5281,3,643,3583.195371842966,432.532922297207,2019-07-22T13:14:43Z,46.55516667,12.91343333,1889.00,84.014
5282,3,644,3584.195371842966,433.532922297207,2019-07-22T13:14:44Z,46.55510000,12.91325000,1889.00,84.005
5283,3,645,3585.195371842966,434.532922297207,2019-07-22T13:14:45Z,46.55505000,12.91305000,1888.00,83.994
5284,3,646,3586.195371842966,435.532922297207,2019-07-22T13:14:46Z,46.55500000,12.91285000,1887.00,83.982
5285,3,647,3587.195371842966,436.532922297207,2019-07-22T13:14:47Z,46.55495000,12.91265000,1884.00,83.971
5286,3,648,3588.195371842966,437.532922297207,2019-07-22T13:14:48Z,46.55491667,12.91245000,1881.00,83.959
5287,3,649,3589.195371842966,438.532922297207,2019-07-22T13:14:49Z,46.55488333,12.91225000,1879.00,83.947
5288,3,650,3590.195371842966,439.532922297207,2019-07-22T13:14:50Z,46.55485000,12.91203333,1878.00,83.934
5289,3,651,3591.195371842966,440.532922297207,2019-07-22T13:14:51Z,46.55481667,12.91181667,1877.00,83.921
5290,3,652,3592.195371842966,441.532922297207,2019-07-22T13:14:52Z,46.55480000,12.91158333,1876.00,83.907
5291,3,653,3593.195371842966,442.532922297207,2019-07-22T13:14:53Z,46.55480000,12.91136667,1874.00,83.892
5292,3,654,3594.195371842966,443.532922297207,2019-07-22T13:14:54Z,46.55481667,12.91115000,1874.00,83.876
5293,3,655,3595.195371842966,444.532922297207,2019-07-22T13:14:55Z,46.55481667,12.91093333,1874.00,83.861
5294,3,656,3596.195371842966,445.532922297207,2019-07-22T13:14:56Z,46.55481667,12.91070000,1875.00,83.845
5295,3,657,3597.195371842966,446.532922297207,2019-07-22T13:14:57Z,46.55481667,12.91048333,1875.00,83.83
5296,3,658,3598.195371842966,447.532922297207,2019-07-22T13:14:58Z,46.55480000,12.91028333,1876.00,83.817
5297,3,659,3599.195371842966,448.532922297207,2019-07-22T13:14:59Z,46.55478333,12.91008333,1873.00,83.804
5298,3,660,3600.195371842966,449.532922297207,2019-07-22T13:15:00Z,46.55475000,12.90990000,1873.00,83.793
5299,3,661,3601.195371842966,450.532922297207,2019-07-22T13:15:01Z,46.55471667,12.90971667,1874.00,83.782
5300,3,662,3602.195371842966,451.532922297207,2019-07-22T13:15:02Z,46.55470000,12.90951667,1874.00,83.769
5301,3,663,3603.195371842966,452.532922297207,2019-07-22T13:15:03Z,46.55470000,12.90930000,1873.00,83.755
5302,3,664,3604.195371842966,453.532922297207,2019-07-22T13:15:04Z,46.55471667,12.90908333,1873.00,83.739
5303,3,665,3605.195371842966,454.532922297207,2019-07-22T13:15:05Z,46.55475000,12.90888333,1872.00,83.724
5304,3,666,3606.195371842966,455.532922297207,2019-07-22T13:15:06Z,46.55478333,12.90866667,1872.00,83.707
5305,3,667,3607.195371842966,456.532922297207,2019-07-22T13:15:07Z,46.55481667,12.90845000,1875.00,83.691
5306,3,668,3608.195371842966,457.532922297207,2019-07-22T13:15:08Z,46.55486667,12.90825000,1877.00,83.675
5307,3,669,3609.195371842966,458.532922297207,2019-07-22T13:15:09Z,46.55493333,12.90806667,1880.00,83.659
5308,3,670,3610.195371842966,459.532922297207,2019-07-22T13:15:10Z,46.55500000,12.90788333,1883.00,83.643
5309,3,671,3611.195371842966,460.532922297207,2019-07-22T13:15:11Z,46.55508333,12.90771667,1886.00,83.627
5310,3,672,3612.195371842966,461.532922297207,2019-07-22T13:15:12Z,46.55520000,12.90756667,1886.00,83.611
5311,3,673,3613.195371842966,462.532922297207,2019-07-22T13:15:13Z,46.55533333,12.90745000,1888.00,83.597
5312,3,674,3614.195371842966,463.532922297207,2019-07-22T13:15:14Z,46.55548333,12.90736667,1889.00,83.583
5313,3,675,3615.195371842966,464.532922297207,2019-07-22T13:15:15Z,46.55566667,12.90731667,1891.00,83.571
5314,3,676,3616.195371842966,465.532922297207,2019-07-22T13:15:16Z,46.55583333,12.90733333,1894.00,83.564
5315,3,677,3617.195371842966,466.532922297207,2019-07-22T13:15:17Z,46.55600000,12.90736667,1897.00,83.558
5316,3,678,3618.195371842966,467.532922297207,2019-07-22T13:15:18Z,46.55615000,12.90745000,1899.00,83.557
5317,3,679,3619.195371842966,468.532922297207,2019-07-22T13:15:19Z,46.55628333,12.90756667,1901.00,83.558
5318,3,680,3620.195371842966,469.532922297207,2019-07-22T13:15:20Z,46.55641667,12.90768333,1902.00,83.559
5319,3,681,3621.195371842966,470.532922297207,2019-07-22T13:15:21Z,46.55653333,12.90781667,1903.00,83.562
5320,3,682,3622.195371842966,471.532922297207,2019-07-22T13:15:22Z,46.55663333,12.90798333,1904.00,83.568
5321,3,683,3623.195371842966,472.532922297207,2019-07-22T13:15:23Z,46.55670000,12.90816667,1905.00,83.578
5322,3,684,3624.195371842966,473.532922297207,2019-07-22T13:15:24Z,46.55673333,12.90833333,1905.00,83.587
5323,3,685,3625.195371842966,474.532922297207,2019-07-22T13:15:25Z,46.55675000,12.90851667,1905.00,83.599
5324,3,686,3626.195371842966,475.532922297207,2019-07-22T13:15:26Z,46.55675000,12.90868333,1904.00,83.611
5325,3,687,3627.195371842966,476.532922297207,2019-07-22T13:15:27Z,46.55673333,12.90886667,1904.00,83.624
5326,3,688,3628.195371842966,477.532922297207,2019-07-22T13:15:28Z,46.55666667,12.90900000,1904.00,83.637
5327,3,689,3629.195371842966,478.532922297207,2019-07-22T13:15:29Z,46.55658333,12.90911667,1904.00,83.649
5328,3,690,3630.195371842966,479.532922297207,2019-07-22T13:15:30Z,46.55646667,12.90916667,1903.00,83.658
5329,3,691,3631.195371842966,480.532922297207,2019-07-22T13:15:31Z,46.55636667,12.90920000,1904.00,83.665
5330,3,692,3632.195371842966,481.532922297207,2019-07-22T13:15:32Z,46.55626667,12.90918333,1904.00,83.669
5331,3,693,3633.195371842966,482.532922297207,2019-07-22T13:15:33Z,46.55616667,12.90911667,1905.00,83.669
5332,3,694,3634.195371842966,483.532922297207,2019-07-22T13:15:34Z,46.55608333,12.90903333,1905.00,83.668
5333,3,695,3635.195371842966,484.532922297207,2019-07-22T13:15:35Z,46.55601667,12.90891667,1906.00,83.663
5334,3,696,3636.195371842966,485.532922297207,2019-07-22T13:15:36Z,46.55595000,12.90875000,1907.00,83.655
5335,3,697,3637.195371842966,486.532922297207,2019-07-22T13:15:37Z,46.55591667,12.90858333,1908.00,83.646
5336,3,698,3638.195371842966,487.532922297207,2019-07-22T13:15:38Z,46.55588333,12.90841667,1909.00,83.636
5337,3,699,3639.195371842966,488.532922297207,2019-07-22T13:15:39Z,46.55583333,12.90825000,1911.00,83.627
5338,3,700,3640.195371842966,489.532922297207,2019-07-22T13:15:40Z,46.55576667,12.90811667,1912.00,83.621
5339,3,701,3641.195371842966,490.532922297207,2019-07-22T13:15:41Z,46.55566667,12.90800000,1915.00,83.618
5340,3,702,3642.195371842966,491.532922297207,2019-07-22T13:15:42Z,46.55553333,12.90795000,1917.00,83.621
5341,3,703,3643.195371842966,492.532922297207,2019-07-22T13:15:43Z,46.55540000,12.90795000,1917.00,83.627
5342,3,704,3644.195371842966,493.532922297207,2019-07-22T13:15:44Z,46.55526667,12.90803333,1918.00,83.64
5343,3,705,3645.195371842966,494.532922297207,2019-07-22T13:15:45Z,46.55515000,12.90818333,1918.00,83.656
5344,3,706,3646.195371842966,495.532922297207,2019-07-22T13:15:46Z,46.55511667,12.90840000,1919.00,83.672
5345,3,707,3647.195371842966,496.532922297207,2019-07-22T13:15:47Z,46.55515000,12.90863333,1920.00,83.687
5346,3,708,3648.195371842966,497.532922297207,2019-07-22T13:15:48Z,46.55525000,12.90883333,1921.00,83.695
5347,3,709,3649.195371842966,498.532922297207,2019-07-22T13:15:49Z,46.55540000,12.90898333,1921.00,83.698
5348,3,710,3650.195371842966,499.532922297207,2019-07-22T13:15:50Z,46.55558333,12.90903333,1921.00,83.693
5349,3,711,3651.195371842966,500.532922297207,2019-07-22T13:15:51Z,46.55576667,12.90901667,1922.00,83.683
5350,3,712,3652.195371842966,501.532922297207,2019-07-22T13:15:52Z,46.55596667,12.90895000,1923.00,83.668
5351,3,713,3653.195371842966,502.532922297207,2019-07-22T13:15:53Z,46.55615000,12.90888333,1926.00,83.654
5352,3,714,3654.195371842966,503.532922297207,2019-07-22T13:15:54Z,46.55630000,12.90876667,1929.00,83.638
5353,3,715,3655.195371842966,504.532922297207,2019-07-22T13:15:55Z,46.55643333,12.90863333,1930.00,83.623
5354,3,716,3656.195371842966,505.532922297207,2019-07-22T13:15:56Z,46.55655000,12.90848333,1933.00,83.607
5355,3,717,3657.195371842966,506.532922297207,2019-07-22T13:15:57Z,46.55665000,12.90833333,1935.00,83.591
5356,3,718,3658.195371842966,507.532922297207,2019-07-22T13:15:58Z,46.55670000,12.90815000,1936.00,83.576
5357,3,719,3659.195371842966,508.532922297207,2019-07-22T13:15:59Z,46.55673333,12.90793333,1938.00,83.56
5358,3,720,3660.195371842966,509.532922297207,2019-07-22T13:16:00Z,46.55673333,12.90775000,1938.00,83.547
5359,3,721,3661.195371842966,510.532922297207,2019-07-22T13:16:01Z,46.55665000,12.90756667,1940.00,83.539
5360,3,722,3662.195371842966,511.532922297207,2019-07-22T13:16:02Z,46.55656667,12.90746667,1943.00,83.536
5361,3,723,3663.195371842966,512.532922297207,2019-07-22T13:16:03Z,46.55645000,12.90740000,1945.00,83.538
5362,3,724,3664.195371842966,513.532922297207,2019-07-22T13:16:04Z,46.55635000,12.90740000,1947.00,83.543
5363,3,725,3665.195371842966,514.532922297207,2019-07-22T13:16:05Z,46.55623333,12.90750000,1947.00,83.556
5364,3,726,3666.195371842966,515.532922297207,2019-07-22T13:16:06Z,46.55615000,12.90765000,1948.00,83.571
5365,3,727,3667.195371842966,516.532922297207,2019-07-22T13:16:07Z,46.55613333,12.90786667,1950.00,83.586
5366,3,728,3668.195371842966,517.532922297207,2019-07-22T13:16:08Z,46.55613333,12.90808333,1951.00,83.601
5367,3,729,3669.195371842966,518.532922297207,2019-07-22T13:16:09Z,46.55620000,12.90830000,1953.00,83.612
5368,3,730,3670.195371842966,519.532922297207,2019-07-22T13:16:10Z,46.55628333,12.90848333,1953.00,83.62
5369,3,731,3671.195371842966,520.532922297207,2019-07-22T13:16:11Z,46.55640000,12.90863333,1954.00,83.624
5370,3,732,3672.195371842966,521.532922297207,2019-07-22T13:16:12Z,46.55655000,12.90873333,1955.00,83.624
5371,3,733,3673.195371842966,522.532922297207,2019-07-22T13:16:13Z,46.55670000,12.90876667,1956.00,83.619
5372,3,734,3674.195371842966,523.532922297207,2019-07-22T13:16:14Z,46.55685000,12.90873333,1956.00,83.609
5373,3,735,3675.195371842966,524.532922297207,2019-07-22T13:16:15Z,46.55700000,12.90861667,1957.00,83.594
5374,3,736,3676.195371842966,525.532922297207,2019-07-22T13:16:16Z,46.55711667,12.90846667,1957.00,83.578
5375,3,737,3677.195371842966,526.532922297207,2019-07-22T13:16:17Z,46.55718333,12.90826667,1958.00,83.561
5376,3,738,3678.195371842966,527.532922297207,2019-07-22T13:16:18Z,46.55721667,12.90806667,1958.00,83.546
5377,3,739,3679.195371842966,528.532922297207,2019-07-22T13:16:19Z,46.55718333,12.90786667,1959.00,83.534
5378,3,740,3680.195371842966,529.532922297207,2019-07-22T13:16:20Z,46.55711667,12.90771667,1962.00,83.526
5379,3,741,3681.195371842966,530.532922297207,2019-07-22T13:16:21Z,46.55703333,12.90763333,1966.00,83.525
5380,3,742,3682.195371842966,531.532922297207,2019-07-22T13:16:22Z,46.55695000,12.90758333,1968.00,83.525
5381,3,743,3683.195371842966,532.532922297207,2019-07-22T13:16:23Z,46.55685000,12.90760000,1972.00,83.531
5382,3,744,3684.195371842966,533.532922297207,2019-07-22T13:16:24Z,46.55675000,12.90768333,1973.00,83.542
5383,3,745,3685.195371842966,534.532922297207,2019-07-22T13:16:25Z,46.55668333,12.90783333,1973.00,83.556
5384,3,746,3686.195371842966,535.532922297207,2019-07-22T13:16:26Z,46.55665000,12.90803333,1973.00,83.571
5385,3,747,3687.195371842966,536.532922297207,2019-07-22T13:16:27Z,46.55668333,12.90825000,1974.00,83.584
5386,3,748,3688.195371842966,537.532922297207,2019-07-22T13:16:28Z,46.55676667,12.90845000,1975.00,83.594
5387,3,749,3689.195371842966,538.532922297207,2019-07-22T13:16:29Z,46.55686667,12.90860000,1976.00,83.599
5388,3,750,3690.195371842966,539.532922297207,2019-07-22T13:16:30Z,46.55700000,12.90871667,1977.00,83.601
5389,3,751,3691.195371842966,540.532922297207,2019-07-22T13:16:31Z,46.55715000,12.90876667,1978.00,83.598
5390,3,752,3692.195371842966,541.532922297207,2019-07-22T13:16:32Z,46.55730000,12.90875000,1979.00,83.59
5391,3,753,3693.195371842966,542.532922297207,2019-07-22T13:16:33Z,46.55745000,12.90870000,1979.00,83.579
5392,3,754,3694.195371842966,543.532922297207,2019-07-22T13:16:34Z,46.55758333,12.90856667,1979.00,83.564
5393,3,755,3695.195371842966,544.532922297207,2019-07-22T13:16:35Z,46.55771667,12.90840000,1980.00,83.547
5394,3,756,3696.195371842966,545.532922297207,2019-07-22T13:16:36Z,46.55781667,12.90821667,1980.00,83.529
5395,3,757,3697.195371842966,546.532922297207,2019-07-22T13:16:37Z,46.55790000,12.90803333,1981.00,83.513
5396,3,758,3698.195371842966,547.532922297207,2019-07-22T13:16:38Z,46.55796667,12.90783333,1983.00,83.496
5397,3,759,3699.195371842966,548.532922297207,2019-07-22T13:16:39Z,46.55801667,12.90761667,1985.00,83.478
5398,3,760,3700.195371842966,549.532922297207,2019-07-22T13:16:40Z,46.55806667,12.90743333,1988.00,83.463
5399,3,761,3701.195371842966,550.532922297207,2019-07-22T13:16:41Z,46.55808333,12.90725000,1990.00,83.45
5400,3,762,3702.195371842966,551.532922297207,2019-07-22T13:16:42Z,46.55808333,12.90708333,1993.00,83.438
5401,3,763,3703.195371842966,552.532922297207,2019-07-22T13:16:43Z,46.55810000,12.90693333,1995.00,83.427
5402,3,764,3704.195371842966,553.532922297207,2019-07-22T13:16:44Z,46.55811667,12.90675000,1995.00,83.413
5403,3,765,3705.195371842966,554.532922297207,2019-07-22T13:16:45Z,46.55813333,12.90656667,1995.00,83.399
5404,3,766,3706.195371842966,555.532922297207,2019-07-22T13:16:46Z,46.55816667,12.90636667,1996.00,83.384
5405,3,767,3707.195371842966,556.532922297207,2019-07-22T13:16:47Z,46.55821667,12.90616667,1997.00,83.368
5406,3,768,3708.195371842966,557.532922297207,2019-07-22T13:16:48Z,46.55825000,12.90596667,1998.00,83.352
5407,3,769,3709.195371842966,558.532922297207,2019-07-22T13:16:49Z,46.55830000,12.90578333,2001.00,83.337
5408,3,770,3710.195371842966,559.532922297207,2019-07-22T13:16:50Z,46.55835000,12.90560000,2003.00,83.322
5409,3,771,3711.195371842966,560.532922297207,2019-07-22T13:16:51Z,46.55838333,12.90541667,2004.00,83.308
5410,3,772,3712.195371842966,561.532922297207,2019-07-22T13:16:52Z,46.55841667,12.90523333,2006.00,83.293
5411,3,773,3713.195371842966,562.532922297207,2019-07-22T13:16:53Z,46.55845000,12.90505000,2009.00,83.279
5412,3,774,3714.195371842966,563.532922297207,2019-07-22T13:16:54Z,46.55848333,12.90486667,2011.00,83.265
5413,3,775,3715.195371842966,564.532922297207,2019-07-22T13:16:55Z,46.55850000,12.90468333,2013.00,83.251
5414,3,776,3716.195371842966,565.532922297207,2019-07-22T13:16:56Z,46.55853333,12.90450000,2015.00,83.237
5415,3,777,3717.195371842966,566.532922297207,2019-07-22T13:16:57Z,46.55856667,12.90431667,2016.00,83.223
5416,3,778,3718.195371842966,567.532922297207,2019-07-22T13:16:58Z,46.55858333,12.90413333,2017.00,83.209
5417,3,779,3719.195371842966,568.532922297207,2019-07-22T13:16:59Z,46.55863333,12.90395000,2018.00,83.194
5418,3,780,3720.195371842966,569.532922297207,2019-07-22T13:17:00Z,46.55868333,12.90376667,2018.00,83.179
5419,3,781,3721.195371842966,570.532922297207,2019-07-22T13:17:01Z,46.55871667,12.90358333,2018.00,83.165
5420,3,782,3722.195371842966,571.532922297207,2019-07-22T13:17:02Z,46.55876667,12.90340000,2018.00,83.15
5421,3,783,3723.195371842966,572.532922297207,2019-07-22T13:17:03Z,46.55881667,12.90321667,2019.00,83.135
5422,3,784,3724.195371842966,573.532922297207,2019-07-22T13:17:04Z,46.55885000,12.90303333,2021.00,83.12
5423,3,785,3725.195371842966,574.532922297207,2019-07-22T13:17:05Z,46.55888333,12.90285000,2022.00,83.106
5424,3,786,3726.195371842966,575.532922297207,2019-07-22T13:17:06Z,46.55891667,12.90265000,2022.00,83.091
5425,3,787,3727.195371842966,576.532922297207,2019-07-22T13:17:07Z,46.55895000,12.90245000,2021.00,83.075
5426,3,788,3728.195371842966,577.532922297207,2019-07-22T13:17:08Z,46.55898333,12.90223333,2022.00,83.059
5427,3,789,3729.195371842966,578.532922297207,2019-07-22T13:17:09Z,46.55903333,12.90203333,2023.00,83.042
5428,3,790,3730.195371842966,579.532922297207,2019-07-22T13:17:10Z,46.55906667,12.90183333,2024.00,83.027
5429,3,791,3731.195371842966,580.532922297207,2019-07-22T13:17:11Z,46.55911667,12.90163333,2026.00,83.011
5430,3,792,3732.195371842966,581.532922297207,2019-07-22T13:17:12Z,46.55916667,12.90143333,2027.00,82.995
5431,3,793,3733.195371842966,582.532922297207,2019-07-22T13:17:13Z,46.55921667,12.90125000,2027.00,82.98
5432,3,794,3734.195371842966,583.532922297207,2019-07-22T13:17:14Z,46.55926667,12.90105000,2028.00,82.963
5433,3,795,3735.195371842966,584.532922297207,2019-07-22T13:17:15Z,46.55933333,12.90086667,2029.00,82.948
5434,3,796,3736.195371842966,585.532922297207,2019-07-22T13:17:16Z,46.55940000,12.90068333,2029.00,82.932
5435,3,797,3737.195371842966,586.532922297207,2019-07-22T13:17:17Z,46.55945000,12.90050000,2031.00,82.917
5436,3,798,3738.195371842966,587.532922297207,2019-07-22T13:17:18Z,46.55950000,12.90031667,2032.00,82.902
5437,3,799,3739.195371842966,588.532922297207,2019-07-22T13:17:19Z,46.55955000,12.90015000,2034.00,82.888
5438,3,800,3740.195371842966,589.532922297207,2019-07-22T13:17:20Z,46.55960000,12.89996667,2034.00,82.873
5439,3,801,3741.195371842966,590.532922297207,2019-07-22T13:17:21Z,46.55965000,12.89980000,2035.00,82.859
5440,3,802,3742.195371842966,591.532922297207,2019-07-22T13:17:22Z,46.55970000,12.89961667,2036.00,82.844
5441,3,803,3743.195371842966,592.532922297207,2019-07-22T13:17:23Z,46.55976667,12.89943333,2036.00,82.828
5442,3,804,3744.195371842966,593.532922297207,2019-07-22T13:17:24Z,46.55981667,12.89926667,2036.00,82.814
5443,3,805,3745.195371842966,594.532922297207,2019-07-22T13:17:25Z,46.55988333,12.89906667,2037.00,82.797
5444,3,806,3746.195371842966,595.532922297207,2019-07-22T13:17:26Z,46.55993333,12.89888333,2037.00,82.782
5445,3,807,3747.195371842966,596.532922297207,2019-07-22T13:17:27Z,46.55998333,12.89868333,2037.00,82.766
5446,3,808,3748.195371842966,597.532922297207,2019-07-22T13:17:28Z,46.56001667,12.89846667,2036.00,82.749
5447,3,809,3749.195371842966,598.532922297207,2019-07-22T13:17:29Z,46.56005000,12.89826667,2037.00,82.734
5448,3,810,3750.195371842966,599.532922297207,2019-07-22T13:17:30Z,46.56006667,12.89806667,2037.00,82.719
5449,3,811,3751.195371842966,600.532922297207,2019-07-22T13:17:31Z,46.56010000,12.89785000,2037.00,82.703
5450,3,812,3752.195371842966,601.532922297207,2019-07-22T13:17:32Z,46.56011667,12.89763333,2036.00,82.687
5451,3,813,3753.195371842966,602.532922297207,2019-07-22T13:17:33Z,46.56015000,12.89741667,2038.00,82.671
5452,3,814,3754.195371842966,603.532922297207,2019-07-22T13:17:34Z,46.56016667,12.89721667,2039.00,82.656
5453,3,815,3755.195371842966,604.532922297207,2019-07-22T13:17:35Z,46.56018333,12.89700000,2038.00,82.641
5454,3,816,3756.195371842966,605.532922297207,2019-07-22T13:17:36Z,46.56020000,12.89678333,2038.00,82.625
5455,3,817,3757.195371842966,606.532922297207,2019-07-22T13:17:37Z,46.56021667,12.89656667,2038.00,82.61
5456,3,818,3758.195371842966,607.532922297207,2019-07-22T13:17:38Z,46.56023333,12.89636667,2038.00,82.596
5457,3,819,3759.195371842966,608.532922297207,2019-07-22T13:17:39Z,46.56026667,12.89616667,2038.00,82.58
5458,3,820,3760.195371842966,609.532922297207,2019-07-22T13:17:40Z,46.56030000,12.89596667,2038.00,82.565
5459,3,821,3761.195371842966,610.532922297207,2019-07-22T13:17:41Z,46.56033333,12.89578333,2038.00,82.551
5460,3,822,3762.195371842966,611.532922297207,2019-07-22T13:17:42Z,46.56038333,12.89558333,2039.00,82.535
5461,3,823,3763.195371842966,612.532922297207,2019-07-22T13:17:43Z,46.56041667,12.89541667,2040.00,82.522
5462,3,824,3764.195371842966,613.532922297207,2019-07-22T13:17:44Z,46.56046667,12.89525000,2041.00,82.509
5463,3,825,3765.195371842966,614.532922297207,2019-07-22T13:17:45Z,46.56051667,12.89508333,2041.00,82.495
5464,3,826,3766.195371842966,615.532922297207,2019-07-22T13:17:46Z,46.56056667,12.89493333,2041.00,82.482
5465,3,827,3767.195371842966,616.532922297207,2019-07-22T13:17:47Z,46.56063333,12.89476667,2040.00,82.467
5466,3,828,3768.195371842966,617.532922297207,2019-07-22T13:17:48Z,46.56071667,12.89458333,2038.00,82.45
5467,3,829,3769.195371842966,618.532922297207,2019-07-22T13:17:49Z,46.56080000,12.89438333,2037.00,82.433
5468,3,830,3770.195371842966,619.532922297207,2019-07-22T13:17:50Z,46.56090000,12.89418333,2036.00,82.414
5469,3,831,3771.195371842966,620.532922297207,2019-07-22T13:17:51Z,46.56098333,12.89401667,2037.00,82.398
5470,3,832,3772.195371842966,621.532922297207,2019-07-22T13:17:52Z,46.56106667,12.89386667,2039.00,82.384
5471,3,833,3773.195371842966,622.532922297207,2019-07-22T13:17:53Z,46.56115000,12.89371667,2042.00,82.369
5472,3,834,3774.195371842966,623.532922297207,2019-07-22T13:17:54Z,46.56123333,12.89356667,2044.00,82.355
5473,3,835,3775.195371842966,624.532922297207,2019-07-22T13:17:55Z,46.56130000,12.89341667,2045.00,82.341
5474,3,836,3776.195371842966,625.532922297207,2019-07-22T13:17:56Z,46.56136667,12.89325000,2047.00,82.326
5475,3,837,3777.195371842966,626.532922297207,2019-07-22T13:17:57Z,46.56143333,12.89306667,2047.00,82.31
5476,3,838,3778.195371842966,627.532922297207,2019-07-22T13:17:58Z,46.56150000,12.89290000,2048.00,82.296
5477,3,839,3779.195371842966,628.532922297207,2019-07-22T13:17:59Z,46.56155000,12.89271667,2048.00,82.281
5478,3,840,3780.195371842966,629.532922297207,2019-07-22T13:18:00Z,46.56161667,12.89255000,2048.00,82.266
5479,3,841,3781.195371842966,630.532922297207,2019-07-22T13:18:01Z,46.56168333,12.89238333,2048.00,82.251
5480,3,842,3782.195371842966,631.532922297207,2019-07-22T13:18:02Z,46.56175000,12.89221667,2048.00,82.236
5481,3,843,3783.195371842966,632.532922297207,2019-07-22T13:18:03Z,46.56180000,12.89203333,2048.00,82.221
5482,3,844,3784.195371842966,633.532922297207,2019-07-22T13:18:04Z,46.56183333,12.89185000,2048.00,82.207
5483,3,845,3785.195371842966,634.532922297207,2019-07-22T13:18:05Z,46.56188333,12.89166667,2050.00,82.193
5484,3,846,3786.195371842966,635.532922297207,2019-07-22T13:18:06Z,46.56191667,12.89146667,2052.00,82.177
5485,3,847,3787.195371842966,636.532922297207,2019-07-22T13:18:07Z,46.56196667,12.89128333,2054.00,82.163
5486,3,848,3788.195371842966,637.532922297207,2019-07-22T13:18:08Z,46.56203333,12.89110000,2055.00,82.147
5487,3,849,3789.195371842966,638.532922297207,2019-07-22T13:18:09Z,46.56210000,12.89093333,2057.00,82.132
5488,3,850,3790.195371842966,639.532922297207,2019-07-22T13:18:10Z,46.56218333,12.89078333,2060.00,82.117
5489,3,851,3791.195371842966,640.532922297207,2019-07-22T13:18:11Z,46.56228333,12.89066667,2062.00,82.104
5490,3,852,3792.195371842966,641.532922297207,2019-07-22T13:18:12Z,46.56238333,12.89053333,2064.00,82.09
5491,3,853,3793.195371842966,642.532922297207,2019-07-22T13:18:13Z,46.56248333,12.89041667,2065.00,82.077
5492,3,854,3794.195371842966,643.532922297207,2019-07-22T13:18:14Z,46.56256667,12.89028333,2066.00,82.063
5493,3,855,3795.195371842966,644.532922297207,2019-07-22T13:18:15Z,46.56266667,12.89016667,2066.00,82.05
5494,3,856,3796.195371842966,645.532922297207,2019-07-22T13:18:16Z,46.56278333,12.89003333,2066.00,82.035
5495,3,857,3797.195371842966,646.532922297207,2019-07-22T13:18:17Z,46.56290000,12.88990000,2066.00,82.02
5496,3,858,3798.195371842966,647.532922297207,2019-07-22T13:18:18Z,46.56303333,12.88978333,2071.00,82.006
5497,3,859,3799.195371842966,648.532922297207,2019-07-22T13:18:19Z,46.56313333,12.88963333,2075.00,81.991
5498,3,860,3800.195371842966,649.532922297207,2019-07-22T13:18:20Z,46.56323333,12.88946667,2080.00,81.974
5499,3,861,3801.195371842966,650.532922297207,2019-07-22T13:18:21Z,46.56328333,12.88928333,2082.00,81.959
5500,3,862,3802.195371842966,651.532922297207,2019-07-22T13:18:22Z,46.56328333,12.88910000,2085.00,81.947
5501,3,863,3803.195371842966,652.532922297207,2019-07-22T13:18:23Z,46.56325000,12.88891667,2089.00,81.935
5502,3,864,3804.195371842966,653.532922297207,2019-07-22T13:18:24Z,46.56318333,12.88876667,2091.00,81.929
5503,3,865,3805.195371842966,654.532922297207,2019-07-22T13:18:25Z,46.56306667,12.88866667,2094.00,81.928
5504,3,866,3806.195371842966,655.532922297207,2019-07-22T13:18:26Z,46.56293333,12.88861667,2098.00,81.932
5505,3,867,3807.195371842966,656.532922297207,2019-07-22T13:18:27Z,46.56280000,12.88865000,2102.00,81.943
5506,3,868,3808.195371842966,657.532922297207,2019-07-22T13:18:28Z,46.56266667,12.88875000,2106.00,81.957
5507,3,869,3809.195371842966,658.532922297207,2019-07-22T13:18:29Z,46.56258333,12.88891667,2108.00,81.973
5508,3,870,3810.195371842966,659.532922297207,2019-07-22T13:18:30Z,46.56253333,12.88913333,2111.00,81.99
5509,3,871,3811.195371842966,660.532922297207,2019-07-22T13:18:31Z,46.56255000,12.88938333,2115.00,82.005
5510,3,872,3812.195371842966,661.532922297207,2019-07-22T13:18:32Z,46.56261667,12.88960000,2119.00,82.015
5511,3,873,3813.195371842966,662.532922297207,2019-07-22T13:18:33Z,46.56271667,12.88976667,2124.00,82.02
5512,3,874,3814.195371842966,663.532922297207,2019-07-22T13:18:34Z,46.56285000,12.88986667,2129.00,82.02
5513,3,875,3815.195371842966,664.532922297207,2019-07-22T13:18:35Z,46.56300000,12.88991667,2134.00,82.016
5514,3,876,3816.195371842966,665.532922297207,2019-07-22T13:18:36Z,46.56313333,12.88990000,2138.00,82.009
5515,3,877,3817.195371842966,666.532922297207,2019-07-22T13:18:37Z,46.56326667,12.88980000,2141.00,81.996
5516,3,878,3818.195371842966,667.532922297207,2019-07-22T13:18:38Z,46.56336667,12.88965000,2143.00,81.982
5517,3,879,3819.195371842966,668.532922297207,2019-07-22T13:18:39Z,46.56345000,12.88945000,2146.00,81.964
5518,3,880,3820.195371842966,669.532922297207,2019-07-22T13:18:40Z,46.56348333,12.88925000,2150.00,81.948
5519,3,881,3821.195371842966,670.532922297207,2019-07-22T13:18:41Z,46.56348333,12.88906667,2154.00,81.935
5520,3,882,3822.195371842966,671.532922297207,2019-07-22T13:18:42Z,46.56346667,12.88888333,2158.00,81.923
5521,3,883,3823.195371842966,672.532922297207,2019-07-22T13:18:43Z,46.56343333,12.88871667,2162.00,81.913
5522,3,884,3824.195371842966,673.532922297207,2019-07-22T13:18:44Z,46.56338333,12.88855000,2168.00,81.904
5523,3,885,3825.195371842966,674.532922297207,2019-07-22T13:18:45Z,46.56330000,12.88841667,2173.00,81.899
5524,3,886,3826.195371842966,675.532922297207,2019-07-22T13:18:46Z,46.56321667,12.88833333,2178.00,81.898
5525,3,887,3827.195371842966,676.532922297207,2019-07-22T13:18:47Z,46.56310000,12.88828333,2181.00,81.901
5526,3,888,3828.195371842966,677.532922297207,2019-07-22T13:18:48Z,46.56298333,12.88828333,2184.00,81.908
5527,3,889,3829.195371842966,678.532922297207,2019-07-22T13:18:49Z,46.56286667,12.88835000,2188.00,81.919
5528,3,890,3830.195371842966,679.532922297207,2019-07-22T13:18:50Z,46.56278333,12.88848333,2194.00,81.933
5529,3,891,3831.195371842966,680.532922297207,2019-07-22T13:18:51Z,46.56273333,12.88865000,2199.00,81.947
5530,3,892,3832.195371842966,681.532922297207,2019-07-22T13:18:52Z,46.56275000,12.88883333,2203.00,81.957
5531,3,893,3833.195371842966,682.532922297207,2019-07-22T13:18:53Z,46.56280000,12.88900000,2206.00,81.965
5532,3,894,3834.195371842966,683.532922297207,2019-07-22T13:18:54Z,46.56291667,12.88913333,2208.00,81.967
5533,3,895,3835.195371842966,684.532922297207,2019-07-22T13:18:55Z,46.56306667,12.88920000,2211.00,81.964
5534,3,896,3836.195371842966,685.532922297207,2019-07-22T13:18:56Z,46.56320000,12.88920000,2214.00,81.957
5535,3,897,3837.195371842966,686.532922297207,2019-07-22T13:18:57Z,46.56333333,12.88913333,2218.00,81.947
5536,3,898,3838.195371842966,687.532922297207,2019-07-22T13:18:58Z,46.56343333,12.88901667,2222.00,81.934
5537,3,899,3839.195371842966,688.532922297207,2019-07-22T13:18:59Z,46.56350000,12.88886667,2222.00,81.921
5538,3,900,3840.195371842966,689.532922297207,2019-07-22T13:19:00Z,46.56353333,12.88868333,2224.00,81.906
5539,3,901,3841.195371842966,690.532922297207,2019-07-22T13:19:01Z,46.56355000,12.88850000,2226.00,81.893
5540,3,902,3842.195371842966,691.532922297207,2019-07-22T13:19:02Z,46.56356667,12.88831667,2228.00,81.879
5541,3,903,3843.195371842966,692.532922297207,2019-07-22T13:19:03Z,46.56358333,12.88815000,2230.00,81.867
5542,3,904,3844.195371842966,693.532922297207,2019-07-22T13:19:04Z,46.56363333,12.88798333,2234.00,81.853
5543,3,905,3845.195371842966,694.532922297207,2019-07-22T13:19:05Z,46.56368333,12.88781667,2239.00,81.839
5544,3,906,3846.195371842966,695.532922297207,2019-07-22T13:19:06Z,46.56376667,12.88766667,2241.00,81.825
5545,3,907,3847.195371842966,696.532922297207,2019-07-22T13:19:07Z,46.56383333,12.88750000,2242.00,81.81
5546,3,908,3848.195371842966,697.532922297207,2019-07-22T13:19:08Z,46.56391667,12.88733333,2242.00,81.794
5547,3,909,3849.195371842966,698.532922297207,2019-07-22T13:19:09Z,46.56401667,12.88716667,2240.00,81.778
5548,3,910,3850.195371842966,699.532922297207,2019-07-22T13:19:10Z,46.56411667,12.88698333,2238.00,81.761
5549,3,911,3851.195371842966,700.532922297207,2019-07-22T13:19:11Z,46.56420000,12.88678333,2238.00,81.744
5550,3,912,3852.195371842966,701.532922297207,2019-07-22T13:19:12Z,46.56426667,12.88660000,2239.00,81.728
5551,3,913,3853.195371842966,702.532922297207,2019-07-22T13:19:13Z,46.56430000,12.88640000,2241.00,81.713
5552,3,914,3854.195371842966,703.532922297207,2019-07-22T13:19:14Z,46.56430000,12.88623333,2242.00,81.701
5553,3,915,3855.195371842966,704.532922297207,2019-07-22T13:19:15Z,46.56425000,12.88610000,2241.00,81.693
5554,3,916,3856.195371842966,705.532922297207,2019-07-22T13:19:16Z,46.56416667,12.88601667,2238.00,81.692
5555,3,917,3857.195371842966,706.532922297207,2019-07-22T13:19:17Z,46.56405000,12.88596667,2234.00,81.695
5556,3,918,3858.195371842966,707.532922297207,2019-07-22T13:19:18Z,46.56393333,12.88598333,2230.00,81.703
5557,3,919,3859.195371842966,708.532922297207,2019-07-22T13:19:19Z,46.56381667,12.88601667,2228.00,81.713
5558,3,920,3860.195371842966,709.532922297207,2019-07-22T13:19:20Z,46.56371667,12.88606667,2229.00,81.723
5559,3,921,3861.195371842966,710.532922297207,2019-07-22T13:19:21Z,46.56363333,12.88611667,2231.00,81.732
5560,3,922,3862.195371842966,711.532922297207,2019-07-22T13:19:22Z,46.56355000,12.88616667,2232.00,81.741
5561,3,923,3863.195371842966,712.532922297207,2019-07-22T13:19:23Z,46.56348333,12.88620000,2232.00,81.746
5562,3,924,3864.195371842966,713.532922297207,2019-07-22T13:19:24Z,46.56340000,12.88623333,2231.00,81.751
5563,3,925,3865.195371842966,714.532922297207,2019-07-22T13:19:25Z,46.56331667,12.88626667,2229.00,81.755
5564,3,926,3866.195371842966,715.532922297207,2019-07-22T13:19:26Z,46.56323333,12.88630000,2227.00,81.761
5565,3,927,3867.195371842966,716.532922297207,2019-07-22T13:19:27Z,46.56313333,12.88633333,2224.00,81.766
5566,3,928,3868.195371842966,717.532922297207,2019-07-22T13:19:28Z,46.56303333,12.88640000,2223.00,81.775
5567,3,929,3869.195371842966,718.532922297207,2019-07-22T13:19:29Z,46.56293333,12.88645000,2224.00,81.783
5568,3,930,3870.195371842966,719.532922297207,2019-07-22T13:19:30Z,46.56285000,12.88650000,2225.00,81.79
5569,3,931,3871.195371842966,720.532922297207,2019-07-22T13:19:31Z,46.56278333,12.88656667,2224.00,81.798
5570,3,932,3872.195371842966,721.532922297207,2019-07-22T13:19:32Z,46.56270000,12.88663333,2224.00,81.807
5571,3,933,3873.195371842966,722.532922297207,2019-07-22T13:19:33Z,46.56261667,12.88670000,2225.00,81.815
5572,3,934,3874.195371842966,723.532922297207,2019-07-22T13:19:34Z,46.56253333,12.88676667,2225.00,81.824
5573,3,935,3875.195371842966,724.532922297207,2019-07-22T13:19:35Z,46.56245000,12.88683333,2225.00,81.833
5574,3,936,3876.195371842966,725.532922297207,2019-07-22T13:19:36Z,46.56235000,12.88688333,2223.00,81.842
5575,3,937,3877.195371842966,726.532922297207,2019-07-22T13:19:37Z,46.56226667,12.88695000,2222.00,81.851
5576,3,938,3878.195371842966,727.532922297207,2019-07-22T13:19:38Z,46.56218333,12.88703333,2222.00,81.862
5577,3,939,3879.195371842966,728.532922297207,2019-07-22T13:19:39Z,46.56211667,12.88716667,2222.00,81.874
5578,3,940,3880.195371842966,729.532922297207,2019-07-22T13:19:40Z,46.56210000,12.88733333,2222.00,81.886
5579,3,941,3881.195371842966,730.532922297207,2019-07-22T13:19:41Z,46.56211667,12.88753333,2223.00,81.898
5580,3,942,3882.195371842966,731.532922297207,2019-07-22T13:19:42Z,46.56220000,12.88773333,2225.00,81.907
5581,3,943,3883.195371842966,732.532922297207,2019-07-22T13:19:43Z,46.56231667,12.88791667,2226.00,81.913
5582,3,944,3884.195371842966,733.532922297207,2019-07-22T13:19:44Z,46.56248333,12.88805000,2226.00,81.915
5583,3,945,3885.195371842966,734.532922297207,2019-07-22T13:19:45Z,46.56268333,12.88813333,2227.00,81.913
5584,3,946,3886.195371842966,735.532922297207,2019-07-22T13:19:46Z,46.56286667,12.88816667,2229.00,81.908
5585,3,947,3887.195371842966,736.532922297207,2019-07-22T13:19:47Z,46.56306667,12.88813333,2228.00,81.893
5586,3,948,3888.195371842966,737.532922297207,2019-07-22T13:19:48Z,46.56325000,12.88805000,2227.00,81.877
5587,3,949,3889.195371842966,738.532922297207,2019-07-22T13:19:49Z,46.56343333,12.88793333,2226.00,81.859
5588,3,950,3890.195371842966,739.532922297207,2019-07-22T13:19:50Z,46.56360000,12.88780000,2228.00,81.842
5589,3,951,3891.195371842966,740.532922297207,2019-07-22T13:19:51Z,46.56376667,12.88766667,2230.00,81.825
5590,3,952,3892.195371842966,741.532922297207,2019-07-22T13:19:52Z,46.56393333,12.88755000,2233.00,81.809
5591,3,953,3893.195371842966,742.532922297207,2019-07-22T13:19:53Z,46.56408333,12.88743333,2236.00,81.795
5592,3,954,3894.195371842966,743.532922297207,2019-07-22T13:19:54Z,46.56423333,12.88733333,2238.00,81.783
5593,3,955,3895.195371842966,744.532922297207,2019-07-22T13:19:55Z,46.56436667,12.88721667,2239.00,81.77
5594,3,956,3896.195371842966,745.532922297207,2019-07-22T13:19:56Z,46.56451667,12.88710000,2240.00,81.759
5595,3,957,3897.195371842966,746.532922297207,2019-07-22T13:19:57Z,46.56465000,12.88698333,2240.00,81.748
5596,3,958,3898.195371842966,747.532922297207,2019-07-22T13:19:58Z,46.56478333,12.88686667,2239.00,81.738
5597,3,959,3899.195371842966,748.532922297207,2019-07-22T13:19:59Z,46.56491667,12.88673333,2237.00,81.724
5598,3,960,3900.195371842966,749.532922297207,2019-07-22T13:20:00Z,46.56506667,12.88663333,2235.00,81.708
5599,3,961,3901.195371842966,750.532922297207,2019-07-22T13:20:01Z,46.56523333,12.88651667,2233.00,81.69
5600,3,962,3902.195371842966,751.532922297207,2019-07-22T13:20:02Z,46.56540000,12.88638333,2232.00,81.672
5601,3,963,3903.195371842966,752.532922297207,2019-07-22T13:20:03Z,46.56555000,12.88623333,2232.00,81.655
5602,3,964,3904.195371842966,753.532922297207,2019-07-22T13:20:04Z,46.56568333,12.88610000,2234.00,81.642
5603,3,965,3905.195371842966,754.532922297207,2019-07-22T13:20:05Z,46.56580000,12.88596667,2235.00,81.63
5604,3,966,3906.195371842966,755.532922297207,2019-07-22T13:20:06Z,46.56591667,12.88581667,2234.00,81.62
5605,3,967,3907.195371842966,756.532922297207,2019-07-22T13:20:07Z,46.56601667,12.88566667,2233.00,81.613
5606,3,968,3908.195371842966,757.532922297207,2019-07-22T13:20:08Z,46.56613333,12.88551667,2232.00,81.613
5607,4,1,3909.195371842966,758.532922297207,2019-07-22T13:20:09Z,46.56625000,12.88536667,2231.00,81.595
5608,4,2,3910.195371842966,759.532922297207,2019-07-22T13:20:10Z,46.56635000,12.88521667,2230.00,81.611
5609,4,3,3911.195371842966,760.532922297207,2019-07-22T13:20:11Z,46.56646667,12.88508333,2230.00,81.627
5610,4,4,3912.195371842966,761.532922297207,2019-07-22T13:20:12Z,46.56656667,12.88493333,2228.00,81.643
5611,4,5,3913.195371842966,762.532922297207,2019-07-22T13:20:13Z,46.56666667,12.88478333,2228.00,81.659
5612,4,6,3914.195371842966,763.532922297207,2019-07-22T13:20:14Z,46.56673333,12.88461667,2228.00,81.672
5613,4,7,3915.195371842966,764.532922297207,2019-07-22T13:20:15Z,46.56676667,12.88445000,2228.00,81.683
5614,4,8,3916.195371842966,765.532922297207,2019-07-22T13:20:16Z,46.56678333,12.88425000,2227.00,81.694
5615,4,9,3917.195371842966,766.532922297207,2019-07-22T13:20:17Z,46.56673333,12.88406667,2225.00,81.698
5616,4,10,3918.195371842966,767.532922297207,2019-07-22T13:20:18Z,46.56665000,12.88391667,2222.00,81.698
5617,4,11,3919.195371842966,768.532922297207,2019-07-22T13:20:19Z,46.56655000,12.88378333,2220.00,81.695
5618,4,12,3920.195371842966,769.532922297207,2019-07-22T13:20:20Z,46.56643333,12.88370000,2219.00,81.689
5619,4,13,3921.195371842966,770.532922297207,2019-07-22T13:20:21Z,46.56631667,12.88365000,2220.00,81.681
5620,4,14,3922.195371842966,771.532922297207,2019-07-22T13:20:22Z,46.56620000,12.88361667,2220.00,81.672
5621,4,15,3923.195371842966,772.532922297207,2019-07-22T13:20:23Z,46.56608333,12.88363333,2220.00,81.661
5622,4,16,3924.195371842966,773.532922297207,2019-07-22T13:20:24Z,46.56598333,12.88366667,2220.00,81.651
5623,4,17,3925.195371842966,774.532922297207,2019-07-22T13:20:25Z,46.56586667,12.88371667,2220.00,81.638
5624,4,18,3926.195371842966,775.532922297207,2019-07-22T13:20:26Z,46.56576667,12.88380000,2220.00,81.625
5625,4,19,3927.195371842966,776.532922297207,2019-07-22T13:20:27Z,46.56568333,12.88388333,2221.00,81.614
5626,4,20,3928.195371842966,777.532922297207,2019-07-22T13:20:28Z,46.56560000,12.88395000,2221.00,81.604
5627,4,21,3929.195371842966,778.532922297207,2019-07-22T13:20:29Z,46.56551667,12.88403333,2222.00,81.592
5628,4,22,3930.195371842966,779.532922297207,2019-07-22T13:20:30Z,46.56545000,12.88411667,2221.00,81.583
5629,4,23,3931.195371842966,780.532922297207,2019-07-22T13:20:31Z,46.56535000,12.88421667,2220.00,81.569
5630,4,24,3932.195371842966,781.532922297207,2019-07-22T13:20:32Z,46.56526667,12.88430000,2220.00,81.558
5631,4,25,3933.195371842966,782.532922297207,2019-07-22T13:20:33Z,46.56516667,12.88441667,2219.00,81.544
5632,4,26,3934.195371842966,783.532922297207,2019-07-22T13:20:34Z,46.56508333,12.88451667,2218.00,81.532
5633,4,27,3935.195371842966,784.532922297207,2019-07-22T13:20:35Z,46.56500000,12.88463333,2216.00,81.519
5634,4,28,3936.195371842966,785.532922297207,2019-07-22T13:20:36Z,46.56491667,12.88473333,2214.00,81.507
5635,4,29,3937.195371842966,786.532922297207,2019-07-22T13:20:37Z,46.56483333,12.88485000,2214.00,81.494
5636,4,30,3938.195371842966,787.532922297207,2019-07-22T13:20:38Z,46.56475000,12.88495000,2213.00,81.482
5637,4,31,3939.195371842966,788.532922297207,2019-07-22T13:20:39Z,46.56466667,12.88506667,2211.00,81.469
5638,4,32,3940.195371842966,789.532922297207,2019-07-22T13:20:40Z,46.56458333,12.88516667,2209.00,81.457
5639,4,33,3941.195371842966,790.532922297207,2019-07-22T13:20:41Z,46.56450000,12.88526667,2207.00,81.445
5640,4,34,3942.195371842966,791.532922297207,2019-07-22T13:20:42Z,46.56440000,12.88536667,2206.00,81.432
5641,4,35,3943.195371842966,792.532922297207,2019-07-22T13:20:43Z,46.56430000,12.88545000,2204.00,81.419
5642,4,36,3944.195371842966,793.532922297207,2019-07-22T13:20:44Z,46.56421667,12.88553333,2203.00,81.408
5643,4,37,3945.195371842966,794.532922297207,2019-07-22T13:20:45Z,46.56411667,12.88563333,2201.00,81.394
5644,4,38,3946.195371842966,795.532922297207,2019-07-22T13:20:46Z,46.56401667,12.88571667,2200.00,81.382
5645,4,39,3947.195371842966,796.532922297207,2019-07-22T13:20:47Z,46.56393333,12.88581667,2197.00,81.37
5646,4,40,3948.195371842966,797.532922297207,2019-07-22T13:20:48Z,46.56383333,12.88590000,2195.00,81.357
5647,4,41,3949.195371842966,798.532922297207,2019-07-22T13:20:49Z,46.56373333,12.88598333,2193.00,81.344
5648,4,42,3950.195371842966,799.532922297207,2019-07-22T13:20:50Z,46.56363333,12.88606667,2191.00,81.332
5649,4,43,3951.195371842966,800.532922297207,2019-07-22T13:20:51Z,46.56353333,12.88613333,2189.00,81.32
5650,4,44,3952.195371842966,801.532922297207,2019-07-22T13:20:52Z,46.56345000,12.88621667,2188.00,81.308
5651,4,45,3953.195371842966,802.532922297207,2019-07-22T13:20:53Z,46.56335000,12.88630000,2186.00,81.296
5652,4,46,3954.195371842966,803.532922297207,2019-07-22T13:20:54Z,46.56325000,12.88638333,2183.00,81.283
5653,4,47,3955.195371842966,804.532922297207,2019-07-22T13:20:55Z,46.56315000,12.88645000,2181.00,81.271
5654,4,48,3956.195371842966,805.532922297207,2019-07-22T13:20:56Z,46.56303333,12.88651667,2180.00,81.258
5655,4,49,3957.195371842966,806.532922297207,2019-07-22T13:20:57Z,46.56293333,12.88658333,2178.00,81.246
5656,4,50,3958.195371842966,807.532922297207,2019-07-22T13:20:58Z,46.56281667,12.88665000,2175.00,81.232
5657,4,51,3959.195371842966,808.532922297207,2019-07-22T13:20:59Z,46.56271667,12.88671667,2172.00,81.221
5658,4,52,3960.195371842966,809.532922297207,2019-07-22T13:21:00Z,46.56260000,12.88676667,2172.00,81.208
5659,4,53,3961.195371842966,810.532922297207,2019-07-22T13:21:01Z,46.56248333,12.88683333,2172.00,81.195
5660,4,54,3962.195371842966,811.532922297207,2019-07-22T13:21:02Z,46.56235000,12.88686667,2173.00,81.181
5661,4,55,3963.195371842966,812.532922297207,2019-07-22T13:21:03Z,46.56221667,12.88691667,2174.00,81.167
5662,4,56,3964.195371842966,813.532922297207,2019-07-22T13:21:04Z,46.56210000,12.88696667,2175.00,81.155
5663,4,57,3965.195371842966,814.532922297207,2019-07-22T13:21:05Z,46.56198333,12.88703333,2178.00,81.141
5664,4,58,3966.195371842966,815.532922297207,2019-07-22T13:21:06Z,46.56188333,12.88708333,2181.00,81.13
5665,4,59,3967.195371842966,816.532922297207,2019-07-22T13:21:07Z,46.56176667,12.88711667,2184.00,81.118
5666,4,60,3968.195371842966,817.532922297207,2019-07-22T13:21:08Z,46.56166667,12.88713333,2185.00,81.109
5667,4,61,3969.195371842966,818.532922297207,2019-07-22T13:21:09Z,46.56155000,12.88716667,2188.00,81.097
5668,4,62,3970.195371842966,819.532922297207,2019-07-22T13:21:10Z,46.56143333,12.88718333,2189.00,81.086
5669,4,63,3971.195371842966,820.532922297207,2019-07-22T13:21:11Z,46.56131667,12.88720000,2190.00,81.075
5670,4,64,3972.195371842966,821.532922297207,2019-07-22T13:21:12Z,46.56118333,12.88721667,2190.00,81.062
5671,4,65,3973.195371842966,822.532922297207,2019-07-22T13:21:13Z,46.56106667,12.88725000,2191.00,81.05
5672,4,66,3974.195371842966,823.532922297207,2019-07-22T13:21:14Z,46.56095000,12.88730000,2191.00,81.038
5673,4,67,3975.195371842966,824.532922297207,2019-07-22T13:21:15Z,46.56083333,12.88733333,2191.00,81.026
5674,4,68,3976.195371842966,825.532922297207,2019-07-22T13:21:16Z,46.56071667,12.88738333,2192.00,81.013
5675,4,69,3977.195371842966,826.532922297207,2019-07-22T13:21:17Z,46.56060000,12.88745000,2191.00,81.0
5676,4,70,3978.195371842966,827.532922297207,2019-07-22T13:21:18Z,46.56050000,12.88751667,2190.00,80.988
5677,4,71,3979.195371842966,828.532922297207,2019-07-22T13:21:19Z,46.56038333,12.88761667,2191.00,80.973
5678,4,72,3980.195371842966,829.532922297207,2019-07-22T13:21:20Z,46.56025000,12.88771667,2191.00,80.957
5679,4,73,3981.195371842966,830.532922297207,2019-07-22T13:21:21Z,46.56013333,12.88781667,2192.00,80.942
5680,4,74,3982.195371842966,831.532922297207,2019-07-22T13:21:22Z,46.56001667,12.88790000,2192.00,80.928
5681,4,75,3983.195371842966,832.532922297207,2019-07-22T13:21:23Z,46.55991667,12.88798333,2193.00,80.915
5682,4,76,3984.195371842966,833.532922297207,2019-07-22T13:21:24Z,46.55980000,12.88808333,2192.00,80.9
5683,4,77,3985.195371842966,834.532922297207,2019-07-22T13:21:25Z,46.55970000,12.88818333,2193.00,80.887
5684,4,78,3986.195371842966,835.532922297207,2019-07-22T13:21:26Z,46.55960000,12.88826667,2194.00,80.874
5685,4,79,3987.195371842966,836.532922297207,2019-07-22T13:21:27Z,46.55948333,12.88835000,2193.00,80.86
5686,4,80,3988.195371842966,837.532922297207,2019-07-22T13:21:28Z,46.55936667,12.88843333,2194.00,80.846
5687,4,81,3989.195371842966,838.532922297207,2019-07-22T13:21:29Z,46.55925000,12.88851667,2193.00,80.831
5688,4,82,3990.195371842966,839.532922297207,2019-07-22T13:21:30Z,46.55915000,12.88863333,2191.00,80.817
5689,4,83,3991.195371842966,840.532922297207,2019-07-22T13:21:31Z,46.55901667,12.88873333,2190.00,80.801
5690,4,84,3992.195371842966,841.532922297207,2019-07-22T13:21:32Z,46.55888333,12.88883333,2190.00,80.784
5691,4,85,3993.195371842966,842.532922297207,2019-07-22T13:21:33Z,46.55875000,12.88893333,2191.00,80.768
5692,4,86,3994.195371842966,843.532922297207,2019-07-22T13:21:34Z,46.55863333,12.88901667,2193.00,80.754
5693,4,87,3995.195371842966,844.532922297207,2019-07-22T13:21:35Z,46.55850000,12.88910000,2195.00,80.738
5694,4,88,3996.195371842966,845.532922297207,2019-07-22T13:21:36Z,46.55838333,12.88918333,2197.00,80.724
5695,4,89,3997.195371842966,846.532922297207,2019-07-22T13:21:37Z,46.55826667,12.88926667,2199.00,80.71
5696,4,90,3998.195371842966,847.532922297207,2019-07-22T13:21:38Z,46.55815000,12.88933333,2200.00,80.697
5697,4,91,3999.195371842966,848.532922297207,2019-07-22T13:21:39Z,46.55801667,12.88938333,2202.00,80.682
5698,4,92,4000.195371842966,849.532922297207,2019-07-22T13:21:40Z,46.55790000,12.88945000,2204.00,80.669
5699,4,93,4001.195371842966,850.532922297207,2019-07-22T13:21:41Z,46.55776667,12.88953333,2205.00,80.654
5700,4,94,4002.195371842966,851.532922297207,2019-07-22T13:21:42Z,46.55765000,12.88963333,2206.00,80.639
5701,4,95,4003.195371842966,852.532922297207,2019-07-22T13:21:43Z,46.55751667,12.88971667,2207.00,80.623
5702,4,96,4004.195371842966,853.532922297207,2019-07-22T13:21:44Z,46.55740000,12.88980000,2209.00,80.609
5703,4,97,4005.195371842966,854.532922297207,2019-07-22T13:21:45Z,46.55726667,12.88988333,2213.00,80.593
5704,4,98,4006.195371842966,855.532922297207,2019-07-22T13:21:46Z,46.55715000,12.88995000,2216.00,80.58
5705,4,99,4007.195371842966,856.532922297207,2019-07-22T13:21:47Z,46.55703333,12.89001667,2220.00,80.566
5706,4,100,4008.195371842966,857.532922297207,2019-07-22T13:21:48Z,46.55691667,12.89008333,2223.00,80.553
5707,4,101,4009.195371842966,858.532922297207,2019-07-22T13:21:49Z,46.55680000,12.89013333,2226.00,80.54
5708,4,102,4010.195371842966,859.532922297207,2019-07-22T13:21:50Z,46.55666667,12.89015000,2229.00,80.528
5709,4,103,4011.195371842966,860.532922297207,2019-07-22T13:21:51Z,46.55655000,12.89018333,2231.00,80.516
5710,4,104,4012.195371842966,861.532922297207,2019-07-22T13:21:52Z,46.55641667,12.89018333,2234.00,80.505
5711,4,105,4013.195371842966,862.532922297207,2019-07-22T13:21:53Z,46.55626667,12.89020000,2236.00,80.491
5712,4,106,4014.195371842966,863.532922297207,2019-07-22T13:21:54Z,46.55613333,12.89021667,2239.00,80.478
5713,4,107,4015.195371842966,864.532922297207,2019-07-22T13:21:55Z,46.55600000,12.89021667,2242.00,80.466
5714,4,108,4016.195371842966,865.532922297207,2019-07-22T13:21:56Z,46.55586667,12.89021667,2245.00,80.455
5715,4,109,4017.195371842966,866.532922297207,2019-07-22T13:21:57Z,46.55571667,12.89020000,2247.00,80.442
5716,4,110,4018.195371842966,867.532922297207,2019-07-22T13:21:58Z,46.55556667,12.89018333,2249.00,80.43
5717,4,111,4019.195371842966,868.532922297207,2019-07-22T13:21:59Z,46.55541667,12.89015000,2251.00,80.418
5718,4,112,4020.195371842966,869.532922297207,2019-07-22T13:22:00Z,46.55526667,12.89011667,2253.00,80.407
5719,4,113,4021.195371842966,870.532922297207,2019-07-22T13:22:01Z,46.55511667,12.89006667,2254.00,80.396
5720,4,114,4022.195371842966,871.532922297207,2019-07-22T13:22:02Z,46.55498333,12.89003333,2256.00,80.386
5721,4,115,4023.195371842966,872.532922297207,2019-07-22T13:22:03Z,46.55483333,12.89000000,2258.00,80.374
5722,4,116,4024.195371842966,873.532922297207,2019-07-22T13:22:04Z,46.55470000,12.88996667,2258.00,80.364
5723,4,117,4025.195371842966,874.532922297207,2019-07-22T13:22:05Z,46.55456667,12.88993333,2259.00,80.354
5724,4,118,4026.195371842966,875.532922297207,2019-07-22T13:22:06Z,46.55441667,12.88993333,2260.00,80.341
5725,4,119,4027.195371842966,876.532922297207,2019-07-22T13:22:07Z,46.55428333,12.88991667,2258.00,80.33
5726,4,120,4028.195371842966,877.532922297207,2019-07-22T13:22:08Z,46.55415000,12.88991667,2257.00,80.318
5727,4,121,4029.195371842966,878.532922297207,2019-07-22T13:22:09Z,46.55401667,12.88990000,2258.00,80.308
5728,4,122,4030.195371842966,879.532922297207,2019-07-22T13:22:10Z,46.55390000,12.88990000,2257.00,80.297
5729,4,123,4031.195371842966,880.532922297207,2019-07-22T13:22:11Z,46.55378333,12.88991667,2256.00,80.286
5730,4,124,4032.195371842966,881.532922297207,2019-07-22T13:22:12Z,46.55366667,12.88993333,2255.00,80.275
5731,4,125,4033.195371842966,882.532922297207,2019-07-22T13:22:13Z,46.55355000,12.88996667,2252.00,80.264
5732,4,126,4034.195371842966,883.532922297207,2019-07-22T13:22:14Z,46.55343333,12.89000000,2250.00,80.252
5733,4,127,4035.195371842966,884.532922297207,2019-07-22T13:22:15Z,46.55330000,12.89005000,2250.00,80.238
5734,4,128,4036.195371842966,885.532922297207,2019-07-22T13:22:16Z,46.55318333,12.89010000,2251.00,80.225
5735,4,129,4037.195371842966,886.532922297207,2019-07-22T13:22:17Z,46.55306667,12.89016667,2250.00,80.212
5736,4,130,4038.195371842966,887.532922297207,2019-07-22T13:22:18Z,46.55295000,12.89025000,2248.00,80.198
5737,4,131,4039.195371842966,888.532922297207,2019-07-22T13:22:19Z,46.55281667,12.89033333,2248.00,80.182
5738,4,132,4040.195371842966,889.532922297207,2019-07-22T13:22:20Z,46.55270000,12.89041667,2247.00,80.168
5739,4,133,4041.195371842966,890.532922297207,2019-07-22T13:22:21Z,46.55258333,12.89051667,2245.00,80.153
5740,4,134,4042.195371842966,891.532922297207,2019-07-22T13:22:22Z,46.55245000,12.89061667,2244.00,80.137
5741,4,135,4043.195371842966,892.532922297207,2019-07-22T13:22:23Z,46.55233333,12.89071667,2244.00,80.122
5742,4,136,4044.195371842966,893.532922297207,2019-07-22T13:22:24Z,46.55221667,12.89081667,2243.00,80.107
5743,4,137,4045.195371842966,894.532922297207,2019-07-22T13:22:25Z,46.55210000,12.89090000,2243.00,80.093
5744,4,138,4046.195371842966,895.532922297207,2019-07-22T13:22:26Z,46.55198333,12.89098333,2242.00,80.079
5745,4,139,4047.195371842966,896.532922297207,2019-07-22T13:22:27Z,46.55186667,12.89103333,2241.00,80.066
5746,4,140,4048.195371842966,897.532922297207,2019-07-22T13:22:28Z,46.55175000,12.89110000,2241.00,80.053
5747,4,141,4049.195371842966,898.532922297207,2019-07-22T13:22:29Z,46.55165000,12.89115000,2242.00,80.042
5748,4,142,4050.195371842966,899.532922297207,2019-07-22T13:22:30Z,46.55153333,12.89120000,2242.00,80.029
5749,4,143,4051.195371842966,900.532922297207,2019-07-22T13:22:31Z,46.55141667,12.89123333,2243.00,80.017
5750,4,144,4052.195371842966,901.532922297207,2019-07-22T13:22:32Z,46.55131667,12.89126667,2242.00,80.007
5751,4,145,4053.195371842966,902.532922297207,2019-07-22T13:22:33Z,46.55121667,12.89130000,2241.00,79.997
5752,4,146,4054.195371842966,903.532922297207,2019-07-22T13:22:34Z,46.55111667,12.89135000,2241.00,79.985
5753,4,147,4055.195371842966,904.532922297207,2019-07-22T13:22:35Z,46.55101667,12.89138333,2240.00,79.975
5754,4,148,4056.195371842966,905.532922297207,2019-07-22T13:22:36Z,46.55091667,12.89143333,2238.00,79.964
5755,4,149,4057.195371842966,906.532922297207,2019-07-22T13:22:37Z,46.55081667,12.89148333,2237.00,79.953
5756,4,150,4058.195371842966,907.532922297207,2019-07-22T13:22:38Z,46.55071667,12.89153333,2236.00,79.942
5757,4,151,4059.195371842966,908.532922297207,2019-07-22T13:22:39Z,46.55061667,12.89156667,2236.00,79.932
5758,4,152,4060.195371842966,909.532922297207,2019-07-22T13:22:40Z,46.55051667,12.89161667,2236.00,79.92
5759,4,153,4061.195371842966,910.532922297207,2019-07-22T13:22:41Z,46.55041667,12.89166667,2237.00,79.909
5760,4,154,4062.195371842966,911.532922297207,2019-07-22T13:22:42Z,46.55031667,12.89171667,2236.00,79.898
5761,4,155,4063.195371842966,912.532922297207,2019-07-22T13:22:43Z,46.55021667,12.89175000,2235.00,79.888
5762,4,156,4064.195371842966,913.532922297207,2019-07-22T13:22:44Z,46.55011667,12.89180000,2234.00,79.877
5763,4,157,4065.195371842966,914.532922297207,2019-07-22T13:22:45Z,46.55003333,12.89186667,2234.00,79.866
5764,4,158,4066.195371842966,915.532922297207,2019-07-22T13:22:46Z,46.54993333,12.89191667,2234.00,79.855
5765,4,159,4067.195371842966,916.532922297207,2019-07-22T13:22:47Z,46.54983333,12.89198333,2233.00,79.843
5766,4,160,4068.195371842966,917.532922297207,2019-07-22T13:22:48Z,46.54973333,12.89205000,2233.00,79.831
5767,4,161,4069.195371842966,918.532922297207,2019-07-22T13:22:49Z,46.54965000,12.89211667,2232.00,79.821
5768,4,162,4070.195371842966,919.532922297207,2019-07-22T13:22:50Z,46.54955000,12.89220000,2233.00,79.808
5769,4,163,4071.195371842966,920.532922297207,2019-07-22T13:22:51Z,46.54945000,12.89228333,2234.00,79.796
5770,4,164,4072.195371842966,921.532922297207,2019-07-22T13:22:52Z,46.54935000,12.89235000,2234.00,79.784
5771,4,165,4073.195371842966,922.532922297207,2019-07-22T13:22:53Z,46.54926667,12.89241667,2235.00,79.773
5772,4,166,4074.195371842966,923.532922297207,2019-07-22T13:22:54Z,46.54918333,12.89246667,2236.00,79.764
5773,4,167,4075.195371842966,924.532922297207,2019-07-22T13:22:55Z,46.54910000,12.89253333,2237.00,79.753
5774,4,168,4076.195371842966,925.532922297207,2019-07-22T13:22:56Z,46.54901667,12.89256667,2237.00,79.744
5775,4,169,4077.195371842966,926.532922297207,2019-07-22T13:22:57Z,46.54891667,12.89261667,2237.00,79.733
5776,4,170,4078.195371842966,927.532922297207,2019-07-22T13:22:58Z,46.54883333,12.89265000,2238.00,79.724
5777,4,171,4079.195371842966,928.532922297207,2019-07-22T13:22:59Z,46.54873333,12.89270000,2239.00,79.713
5778,4,172,4080.195371842966,929.532922297207,2019-07-22T13:23:00Z,46.54865000,12.89273333,2240.00,79.705
5779,4,173,4081.195371842966,930.532922297207,2019-07-22T13:23:01Z,46.54856667,12.89275000,2241.00,79.696
5780,4,174,4082.195371842966,931.532922297207,2019-07-22T13:23:02Z,46.54848333,12.89278333,2243.00,79.688
5781,4,175,4083.195371842966,932.532922297207,2019-07-22T13:23:03Z,46.54840000,12.89283333,2245.00,79.678
5782,4,176,4084.195371842966,933.532922297207,2019-07-22T13:23:04Z,46.54831667,12.89286667,2246.00,79.669
5783,4,177,4085.195371842966,934.532922297207,2019-07-22T13:23:05Z,46.54821667,12.89290000,2246.00,79.659
5784,4,178,4086.195371842966,935.532922297207,2019-07-22T13:23:06Z,46.54811667,12.89295000,2246.00,79.648
5785,4,179,4087.195371842966,936.532922297207,2019-07-22T13:23:07Z,46.54801667,12.89300000,2247.00,79.637
5786,4,180,4088.195371842966,937.532922297207,2019-07-22T13:23:08Z,46.54791667,12.89305000,2248.00,79.626
5787,4,181,4089.195371842966,938.532922297207,2019-07-22T13:23:09Z,46.54780000,12.89311667,2250.00,79.612
5788,4,182,4090.195371842966,939.532922297207,2019-07-22T13:23:10Z,46.54770000,12.89316667,2253.00,79.601
5789,4,183,4091.195371842966,940.532922297207,2019-07-22T13:23:11Z,46.54760000,12.89323333,2255.00,79.589
5790,4,184,4092.195371842966,941.532922297207,2019-07-22T13:23:12Z,46.54751667,12.89330000,2258.00,79.579
5791,4,185,4093.195371842966,942.532922297207,2019-07-22T13:23:13Z,46.54741667,12.89338333,2260.00,79.566
5792,4,186,4094.195371842966,943.532922297207,2019-07-22T13:23:14Z,46.54731667,12.89345000,2262.00,79.554
5793,4,187,4095.195371842966,944.532922297207,2019-07-22T13:23:15Z,46.54721667,12.89351667,2262.00,79.542
5794,4,188,4096.195371842966,945.532922297207,2019-07-22T13:23:16Z,46.54710000,12.89358333,2263.00,79.529
5795,4,189,4097.195371842966,946.532922297207,2019-07-22T13:23:17Z,46.54696667,12.89361667,2264.00,79.516
5796,4,190,4098.195371842966,947.532922297207,2019-07-22T13:23:18Z,46.54681667,12.89363333,2265.00,79.502
5797,4,191,4099.195371842966,948.532922297207,2019-07-22T13:23:19Z,46.54666667,12.89363333,2267.00,79.489
5798,4,192,4100.195371842966,949.532922297207,2019-07-22T13:23:20Z,46.54650000,12.89360000,2269.00,79.476
5799,4,193,4101.195371842966,950.532922297207,2019-07-22T13:23:21Z,46.54636667,12.89355000,2271.00,79.467
5800,4,194,4102.195371842966,951.532922297207,2019-07-22T13:23:22Z,46.54621667,12.89350000,2274.00,79.456
5801,4,195,4103.195371842966,952.532922297207,2019-07-22T13:23:23Z,46.54608333,12.89346667,2276.00,79.446
5802,4,196,4104.195371842966,953.532922297207,2019-07-22T13:23:24Z,46.54593333,12.89341667,2277.00,79.435
5803,4,197,4105.195371842966,954.532922297207,2019-07-22T13:23:25Z,46.54578333,12.89336667,2277.00,79.425
5804,4,198,4106.195371842966,955.532922297207,2019-07-22T13:23:26Z,46.54561667,12.89333333,2276.00,79.412
5805,4,199,4107.195371842966,956.532922297207,2019-07-22T13:23:27Z,46.54545000,12.89331667,2277.00,79.398
5806,4,200,4108.195371842966,957.532922297207,2019-07-22T13:23:28Z,46.54528333,12.89333333,2279.00,79.383
5807,4,201,4109.195371842966,958.532922297207,2019-07-22T13:23:29Z,46.54511667,12.89338333,2280.00,79.366
5808,4,202,4110.195371842966,959.532922297207,2019-07-22T13:23:30Z,46.54496667,12.89345000,2279.00,79.35
5809,4,203,4111.195371842966,960.532922297207,2019-07-22T13:23:31Z,46.54483333,12.89355000,2283.00,79.333
5810,4,204,4112.195371842966,961.532922297207,2019-07-22T13:23:32Z,46.54470000,12.89363333,2286.00,79.318
5811,4,205,4113.195371842966,962.532922297207,2019-07-22T13:23:33Z,46.54456667,12.89375000,2287.00,79.3
5812,4,206,4114.195371842966,963.532922297207,2019-07-22T13:23:34Z,46.54445000,12.89388333,2288.00,79.284
5813,4,207,4115.195371842966,964.532922297207,2019-07-22T13:23:35Z,46.54433333,12.89401667,2289.00,79.267
5814,4,208,4116.195371842966,965.532922297207,2019-07-22T13:23:36Z,46.54423333,12.89416667,2290.00,79.252
5815,4,209,4117.195371842966,966.532922297207,2019-07-22T13:23:37Z,46.54413333,12.89431667,2290.00,79.236
5816,4,210,4118.195371842966,967.532922297207,2019-07-22T13:23:38Z,46.54405000,12.89446667,2290.00,79.221
5817,4,211,4119.195371842966,968.532922297207,2019-07-22T13:23:39Z,46.54396667,12.89463333,2290.00,79.206
5818,4,212,4120.195371842966,969.532922297207,2019-07-22T13:23:40Z,46.54386667,12.89481667,2289.00,79.189
5819,4,213,4121.195371842966,970.532922297207,2019-07-22T13:23:41Z,46.54378333,12.89498333,2289.00,79.174
5820,4,214,4122.195371842966,971.532922297207,2019-07-22T13:23:42Z,46.54370000,12.89513333,2289.00,79.159
5821,4,215,4123.195371842966,972.532922297207,2019-07-22T13:23:43Z,46.54361667,12.89528333,2287.00,79.145
5822,4,216,4124.195371842966,973.532922297207,2019-07-22T13:23:44Z,46.54351667,12.89543333,2287.00,79.129
5823,4,217,4125.195371842966,974.532922297207,2019-07-22T13:23:45Z,46.54341667,12.89556667,2287.00,79.114
5824,4,218,4126.195371842966,975.532922297207,2019-07-22T13:23:46Z,46.54331667,12.89571667,2286.00,79.098
5825,4,219,4127.195371842966,976.532922297207,2019-07-22T13:23:47Z,46.54321667,12.89585000,2286.00,79.083
5826,4,220,4128.195371842966,977.532922297207,2019-07-22T13:23:48Z,46.54310000,12.89600000,2285.00,79.066
5827,4,221,4129.195371842966,978.532922297207,2019-07-22T13:23:49Z,46.54300000,12.89613333,2284.00,79.051
5828,4,222,4130.195371842966,979.532922297207,2019-07-22T13:23:50Z,46.54288333,12.89625000,2284.00,79.035
5829,4,223,4131.195371842966,980.532922297207,2019-07-22T13:23:51Z,46.54278333,12.89635000,2283.00,79.021
5830,4,224,4132.195371842966,981.532922297207,2019-07-22T13:23:52Z,46.54266667,12.89643333,2283.00,79.007
5831,4,225,4133.195371842966,982.532922297207,2019-07-22T13:23:53Z,46.54255000,12.89650000,2281.00,78.994
5832,4,226,4134.195371842966,983.532922297207,2019-07-22T13:23:54Z,46.54245000,12.89655000,2279.00,78.983
5833,4,227,4135.195371842966,984.532922297207,2019-07-22T13:23:55Z,46.54231667,12.89660000,2278.00,78.969
5834,4,228,4136.195371842966,985.532922297207,2019-07-22T13:23:56Z,46.54220000,12.89663333,2277.00,78.957
5835,4,229,4137.195371842966,986.532922297207,2019-07-22T13:23:57Z,46.54208333,12.89665000,2275.00,78.946
5836,4,230,4138.195371842966,987.532922297207,2019-07-22T13:23:58Z,46.54195000,12.89666667,2274.00,78.934
5837,4,231,4139.195371842966,988.532922297207,2019-07-22T13:23:59Z,46.54183333,12.89670000,2272.00,78.922
5838,4,232,4140.195371842966,989.532922297207,2019-07-22T13:24:00Z,46.54170000,12.89671667,2271.00,78.91
5839,4,233,4141.195371842966,990.532922297207,2019-07-22T13:24:01Z,46.54158333,12.89675000,2270.00,78.898
5840,4,234,4142.195371842966,991.532922297207,2019-07-22T13:24:02Z,46.54145000,12.89680000,2268.00,78.884
5841,4,235,4143.195371842966,992.532922297207,2019-07-22T13:24:03Z,46.54131667,12.89683333,2267.00,78.871
5842,4,236,4144.195371842966,993.532922297207,2019-07-22T13:24:04Z,46.54118333,12.89686667,2265.00,78.858
5843,4,237,4145.195371842966,994.532922297207,2019-07-22T13:24:05Z,46.54103333,12.89688333,2264.00,78.844
5844,4,238,4146.195371842966,995.532922297207,2019-07-22T13:24:06Z,46.54090000,12.89691667,2262.00,78.831
5845,4,239,4147.195371842966,996.532922297207,2019-07-22T13:24:07Z,46.54076667,12.89693333,2262.00,78.818
5846,4,240,4148.195371842966,997.532922297207,2019-07-22T13:24:08Z,46.54063333,12.89696667,2261.00,78.805
5847,4,241,4149.195371842966,998.532922297207,2019-07-22T13:24:09Z,46.54051667,12.89700000,2260.00,78.793
5848,4,242,4150.195371842966,999.532922297207,2019-07-22T13:24:10Z,46.54038333,12.89703333,2258.00,78.78
5849,4,243,4151.195371842966,1000.532922297207,2019-07-22T13:24:11Z,46.54025000,12.89708333,2256.00,78.766
5850,4,244,4152.195371842966,1001.532922297207,2019-07-22T13:24:12Z,46.54011667,12.89711667,2254.00,78.753
5851,4,245,4153.195371842966,1002.532922297207,2019-07-22T13:24:13Z,46.53996667,12.89716667,2254.00,78.738
5852,4,246,4154.195371842966,1003.532922297207,2019-07-22T13:24:14Z,46.53985000,12.89720000,2253.00,78.726
5853,4,247,4155.195371842966,1004.532922297207,2019-07-22T13:24:15Z,46.53971667,12.89725000,2252.00,78.712
5854,4,248,4156.195371842966,1005.532922297207,2019-07-22T13:24:16Z,46.53961667,12.89728333,2251.00,78.702
5855,4,249,4157.195371842966,1006.532922297207,2019-07-22T13:24:17Z,46.53950000,12.89733333,2250.00,78.689
5856,4,250,4158.195371842966,1007.532922297207,2019-07-22T13:24:18Z,46.53938333,12.89738333,2247.00,78.677
5857,4,251,4159.195371842966,1008.532922297207,2019-07-22T13:24:19Z,46.53926667,12.89743333,2246.00,78.664
5858,4,252,4160.195371842966,1009.532922297207,2019-07-22T13:24:20Z,46.53913333,12.89746667,2244.00,78.651
5859,4,253,4161.195371842966,1010.532922297207,2019-07-22T13:24:21Z,46.53901667,12.89748333,2242.00,78.64
5860,4,254,4162.195371842966,1011.532922297207,2019-07-22T13:24:22Z,46.53888333,12.89751667,2241.00,78.627
5861,4,255,4163.195371842966,1012.532922297207,2019-07-22T13:24:23Z,46.53876667,12.89753333,2240.00,78.616
5862,4,256,4164.195371842966,1013.532922297207,2019-07-22T13:24:24Z,46.53866667,12.89755000,2240.00,78.606
5863,4,257,4165.195371842966,1014.532922297207,2019-07-22T13:24:25Z,46.53855000,12.89758333,2240.00,78.595
5864,4,258,4166.195371842966,1015.532922297207,2019-07-22T13:24:26Z,46.53845000,12.89761667,2238.00,78.584
5865,4,259,4167.195371842966,1016.532922297207,2019-07-22T13:24:27Z,46.53835000,12.89763333,2236.00,78.575
5866,4,260,4168.195371842966,1017.532922297207,2019-07-22T13:24:28Z,46.53821667,12.89765000,2234.00,78.563
5867,4,261,4169.195371842966,1018.532922297207,2019-07-22T13:24:29Z,46.53810000,12.89768333,2232.00,78.551
5868,4,262,4170.195371842966,1019.532922297207,2019-07-22T13:24:30Z,46.53796667,12.89771667,2229.00,78.538
5869,4,263,4171.195371842966,1020.532922297207,2019-07-22T13:24:31Z,46.53783333,12.89775000,2228.00,78.525
5870,4,264,4172.195371842966,1021.532922297207,2019-07-22T13:24:32Z,46.53770000,12.89780000,2227.00,78.511
5871,4,265,4173.195371842966,1022.532922297207,2019-07-22T13:24:33Z,46.53756667,12.89785000,2225.00,78.497
5872,4,266,4174.195371842966,1023.532922297207,2019-07-22T13:24:34Z,46.53743333,12.89788333,2223.00,78.484
5873,4,267,4175.195371842966,1024.532922297207,2019-07-22T13:24:35Z,46.53730000,12.89793333,2222.00,78.47
5874,4,268,4176.195371842966,1025.532922297207,2019-07-22T13:24:36Z,46.53718333,12.89798333,2221.00,78.457
5875,4,269,4177.195371842966,1026.532922297207,2019-07-22T13:24:37Z,46.53705000,12.89803333,2220.00,78.443
5876,4,270,4178.195371842966,1027.532922297207,2019-07-22T13:24:38Z,46.53691667,12.89806667,2219.00,78.43
5877,4,271,4179.195371842966,1028.532922297207,2019-07-22T13:24:39Z,46.53678333,12.89811667,2216.00,78.416
5878,4,272,4180.195371842966,1029.532922297207,2019-07-22T13:24:40Z,46.53665000,12.89818333,2216.00,78.401
5879,4,273,4181.195371842966,1030.532922297207,2019-07-22T13:24:41Z,46.53651667,12.89825000,2215.00,78.386
5880,4,274,4182.195371842966,1031.532922297207,2019-07-22T13:24:42Z,46.53638333,12.89831667,2212.00,78.372
5881,4,275,4183.195371842966,1032.532922297207,2019-07-22T13:24:43Z,46.53623333,12.89838333,2211.00,78.356
5882,4,276,4184.195371842966,1033.532922297207,2019-07-22T13:24:44Z,46.53610000,12.89841667,2208.00,78.342
5883,4,277,4185.195371842966,1034.532922297207,2019-07-22T13:24:45Z,46.53596667,12.89846667,2208.00,78.328
5884,4,278,4186.195371842966,1035.532922297207,2019-07-22T13:24:46Z,46.53583333,12.89850000,2207.00,78.315
5885,4,279,4187.195371842966,1036.532922297207,2019-07-22T13:24:47Z,46.53570000,12.89851667,2205.00,78.303
5886,4,280,4188.195371842966,1037.532922297207,2019-07-22T13:24:48Z,46.53556667,12.89855000,2202.00,78.29
5887,4,281,4189.195371842966,1038.532922297207,2019-07-22T13:24:49Z,46.53541667,12.89856667,2202.00,78.276
5888,4,282,4190.195371842966,1039.532922297207,2019-07-22T13:24:50Z,46.53528333,12.89860000,2201.00,78.263
5889,4,283,4191.195371842966,1040.532922297207,2019-07-22T13:24:51Z,46.53513333,12.89863333,2198.00,78.248
5890,4,284,4192.195371842966,1041.532922297207,2019-07-22T13:24:52Z,46.53500000,12.89866667,2197.00,78.235
5891,4,285,4193.195371842966,1042.532922297207,2019-07-22T13:24:53Z,46.53485000,12.89870000,2195.00,78.221
5892,4,286,4194.195371842966,1043.532922297207,2019-07-22T13:24:54Z,46.53470000,12.89875000,2194.00,78.205
5893,4,287,4195.195371842966,1044.532922297207,2019-07-22T13:24:55Z,46.53455000,12.89878333,2192.00,78.191
5894,4,288,4196.195371842966,1045.532922297207,2019-07-22T13:24:56Z,46.53441667,12.89881667,2191.00,78.178
5895,4,289,4197.195371842966,1046.532922297207,2019-07-22T13:24:57Z,46.53426667,12.89885000,2190.00,78.163
5896,4,290,4198.195371842966,1047.532922297207,2019-07-22T13:24:58Z,46.53411667,12.89890000,2187.00,78.148
5897,4,291,4199.195371842966,1048.532922297207,2019-07-22T13:24:59Z,46.53398333,12.89893333,2187.00,78.134
5898,4,292,4200.195371842966,1049.532922297207,2019-07-22T13:25:00Z,46.53383333,12.89898333,2187.00,78.119
5899,4,293,4201.195371842966,1050.532922297207,2019-07-22T13:25:01Z,46.53368333,12.89901667,2186.00,78.104
5900,4,294,4202.195371842966,1051.532922297207,2019-07-22T13:25:02Z,46.53353333,12.89905000,2185.00,78.09
5901,4,295,4203.195371842966,1052.532922297207,2019-07-22T13:25:03Z,46.53340000,12.89908333,2183.00,78.077
5902,4,296,4204.195371842966,1053.532922297207,2019-07-22T13:25:04Z,46.53325000,12.89913333,2181.00,78.061
5903,4,297,4205.195371842966,1054.532922297207,2019-07-22T13:25:05Z,46.53311667,12.89918333,2180.00,78.047
5904,4,298,4206.195371842966,1055.532922297207,2019-07-22T13:25:06Z,46.53296667,12.89923333,2179.00,78.032
5905,4,299,4207.195371842966,1056.532922297207,2019-07-22T13:25:07Z,46.53283333,12.89930000,2178.00,78.017
5906,4,300,4208.195371842966,1057.532922297207,2019-07-22T13:25:08Z,46.53268333,12.89935000,2178.00,78.002
5907,4,301,4209.195371842966,1058.532922297207,2019-07-22T13:25:09Z,46.53253333,12.89941667,2177.00,77.986
5908,4,302,4210.195371842966,1059.532922297207,2019-07-22T13:25:10Z,46.53238333,12.89948333,2174.00,77.97
5909,4,303,4211.195371842966,1060.532922297207,2019-07-22T13:25:11Z,46.53223333,12.89955000,2172.00,77.954
5910,4,304,4212.195371842966,1061.532922297207,2019-07-22T13:25:12Z,46.53208333,12.89963333,2171.00,77.937
5911,4,305,4213.195371842966,1062.532922297207,2019-07-22T13:25:13Z,46.53193333,12.89970000,2173.00,77.92
5912,4,306,4214.195371842966,1063.532922297207,2019-07-22T13:25:14Z,46.53180000,12.89978333,2172.00,77.905
5913,4,307,4215.195371842966,1064.532922297207,2019-07-22T13:25:15Z,46.53165000,12.89986667,2171.00,77.888
5914,4,308,4216.195371842966,1065.532922297207,2019-07-22T13:25:16Z,46.53150000,12.89995000,2172.00,77.871
5915,4,309,4217.195371842966,1066.532922297207,2019-07-22T13:25:17Z,46.53136667,12.90001667,2172.00,77.856
5916,4,310,4218.195371842966,1067.532922297207,2019-07-22T13:25:18Z,46.53123333,12.90010000,2170.00,77.841
5917,4,311,4219.195371842966,1068.532922297207,2019-07-22T13:25:19Z,46.53108333,12.90016667,2169.00,77.825
5918,4,312,4220.195371842966,1069.532922297207,2019-07-22T13:25:20Z,46.53095000,12.90023333,2168.00,77.81
5919,4,313,4221.195371842966,1070.532922297207,2019-07-22T13:25:21Z,46.53080000,12.90030000,2170.00,77.794
5920,4,314,4222.195371842966,1071.532922297207,2019-07-22T13:25:22Z,46.53065000,12.90035000,2171.00,77.778
5921,4,315,4223.195371842966,1072.532922297207,2019-07-22T13:25:23Z,46.53051667,12.90040000,2170.00,77.764
5922,4,316,4224.195371842966,1073.532922297207,2019-07-22T13:25:24Z,46.53036667,12.90043333,2172.00,77.75
5923,4,317,4225.195371842966,1074.532922297207,2019-07-22T13:25:25Z,46.53023333,12.90046667,2173.00,77.737
5924,4,318,4226.195371842966,1075.532922297207,2019-07-22T13:25:26Z,46.53011667,12.90051667,2172.00,77.724
5925,4,319,4227.195371842966,1076.532922297207,2019-07-22T13:25:27Z,46.52998333,12.90055000,2173.00,77.711
5926,4,320,4228.195371842966,1077.532922297207,2019-07-22T13:25:28Z,46.52986667,12.90058333,2174.00,77.699
5927,4,321,4229.195371842966,1078.532922297207,2019-07-22T13:25:29Z,46.52973333,12.90061667,2175.00,77.686
5928,4,322,4230.195371842966,1079.532922297207,2019-07-22T13:25:30Z,46.52960000,12.90066667,2176.00,77.672
5929,4,323,4231.195371842966,1080.532922297207,2019-07-22T13:25:31Z,46.52946667,12.90071667,2175.00,77.659
5930,4,324,4232.195371842966,1081.532922297207,2019-07-22T13:25:32Z,46.52933333,12.90075000,2175.00,77.645
5931,4,325,4233.195371842966,1082.532922297207,2019-07-22T13:25:33Z,46.52920000,12.90078333,2174.00,77.632
5932,4,326,4234.195371842966,1083.532922297207,2019-07-22T13:25:34Z,46.52905000,12.90081667,2172.00,77.618
5933,4,327,4235.195371842966,1084.532922297207,2019-07-22T13:25:35Z,46.52891667,12.90083333,2171.00,77.606
5934,4,328,4236.195371842966,1085.532922297207,2019-07-22T13:25:36Z,46.52878333,12.90085000,2172.00,77.593
5935,4,329,4237.195371842966,1086.532922297207,2019-07-22T13:25:37Z,46.52863333,12.90088333,2172.00,77.579
5936,4,330,4238.195371842966,1087.532922297207,2019-07-22T13:25:38Z,46.52850000,12.90090000,2172.00,77.566
5937,4,331,4239.195371842966,1088.532922297207,2019-07-22T13:25:39Z,46.52836667,12.90091667,2173.00,77.554
5938,4,332,4240.195371842966,1089.532922297207,2019-07-22T13:25:40Z,46.52823333,12.90093333,2173.00,77.542
5939,4,333,4241.195371842966,1090.532922297207,2019-07-22T13:25:41Z,46.52810000,12.90095000,2173.00,77.53
5940,4,334,4242.195371842966,1091.532922297207,2019-07-22T13:25:42Z,46.52795000,12.90096667,2172.00,77.516
5941,4,335,4243.195371842966,1092.532922297207,2019-07-22T13:25:43Z,46.52781667,12.90098333,2170.00,77.504
5942,4,336,4244.195371842966,1093.532922297207,2019-07-22T13:25:44Z,46.52766667,12.90101667,2170.00,77.489
5943,4,337,4245.195371842966,1094.532922297207,2019-07-22T13:25:45Z,46.52751667,12.90105000,2170.00,77.474
5944,4,338,4246.195371842966,1095.532922297207,2019-07-22T13:25:46Z,46.52738333,12.90108333,2169.00,77.461
5945,4,339,4247.195371842966,1096.532922297207,2019-07-22T13:25:47Z,46.52723333,12.90111667,2168.00,77.447
5946,4,340,4248.195371842966,1097.532922297207,2019-07-22T13:25:48Z,46.52710000,12.90115000,2168.00,77.434
5947,4,341,4249.195371842966,1098.532922297207,2019-07-22T13:25:49Z,46.52695000,12.90120000,2166.00,77.418
5948,4,342,4250.195371842966,1099.532922297207,2019-07-22T13:25:50Z,46.52681667,12.90123333,2166.00,77.405
5949,4,343,4251.195371842966,1100.532922297207,2019-07-22T13:25:51Z,46.52668333,12.90128333,2166.00,77.392
5950,4,344,4252.195371842966,1101.532922297207,2019-07-22T13:25:52Z,46.52655000,12.90131667,2165.00,77.378
5951,4,345,4253.195371842966,1102.532922297207,2019-07-22T13:25:53Z,46.52640000,12.90136667,2164.00,77.363
5952,4,346,4254.195371842966,1103.532922297207,2019-07-22T13:25:54Z,46.52626667,12.90143333,2163.00,77.348
5953,4,347,4255.195371842966,1104.532922297207,2019-07-22T13:25:55Z,46.52613333,12.90148333,2160.00,77.335
5954,4,348,4256.195371842966,1105.532922297207,2019-07-22T13:25:56Z,46.52598333,12.90155000,2159.00,77.318
5955,4,349,4257.195371842966,1106.532922297207,2019-07-22T13:25:57Z,46.52585000,12.90161667,2159.00,77.304
5956,4,350,4258.195371842966,1107.532922297207,2019-07-22T13:25:58Z,46.52570000,12.90166667,2159.00,77.288
5957,4,351,4259.195371842966,1108.532922297207,2019-07-22T13:25:59Z,46.52555000,12.90171667,2159.00,77.273
5958,4,352,4260.195371842966,1109.532922297207,2019-07-22T13:26:00Z,46.52541667,12.90178333,2158.00,77.258
5959,4,353,4261.195371842966,1110.532922297207,2019-07-22T13:26:01Z,46.52528333,12.90183333,2157.00,77.244
5960,4,354,4262.195371842966,1111.532922297207,2019-07-22T13:26:02Z,46.52513333,12.90190000,2157.00,77.228
5961,4,355,4263.195371842966,1112.532922297207,2019-07-22T13:26:03Z,46.52498333,12.90195000,2155.00,77.213
5962,4,356,4264.195371842966,1113.532922297207,2019-07-22T13:26:04Z,46.52483333,12.90200000,2153.00,77.198
5963,4,357,4265.195371842966,1114.532922297207,2019-07-22T13:26:05Z,46.52468333,12.90203333,2152.00,77.183
5964,4,358,4266.195371842966,1115.532922297207,2019-07-22T13:26:06Z,46.52451667,12.90205000,2152.00,77.168
5965,4,359,4267.195371842966,1116.532922297207,2019-07-22T13:26:07Z,46.52438333,12.90208333,2151.00,77.155
5966,4,360,4268.195371842966,1117.532922297207,2019-07-22T13:26:08Z,46.52423333,12.90210000,2150.00,77.141
5967,4,361,4269.195371842966,1118.532922297207,2019-07-22T13:26:09Z,46.52408333,12.90211667,2149.00,77.128
5968,4,362,4270.195371842966,1119.532922297207,2019-07-22T13:26:10Z,46.52395000,12.90213333,2148.00,77.115
5969,4,363,4271.195371842966,1120.532922297207,2019-07-22T13:26:11Z,46.52380000,12.90216667,2147.00,77.101
5970,4,364,4272.195371842966,1121.532922297207,2019-07-22T13:26:12Z,46.52365000,12.90218333,2146.00,77.087
5971,4,365,4273.195371842966,1122.532922297207,2019-07-22T13:26:13Z,46.52350000,12.90220000,2145.00,77.074
5972,4,366,4274.195371842966,1123.532922297207,2019-07-22T13:26:14Z,46.52333333,12.90223333,2144.00,77.058
5973,4,367,4275.195371842966,1124.532922297207,2019-07-22T13:26:15Z,46.52316667,12.90225000,2144.00,77.043
5974,4,368,4276.195371842966,1125.532922297207,2019-07-22T13:26:16Z,46.52300000,12.90228333,2143.00,77.027
5975,4,369,4277.195371842966,1126.532922297207,2019-07-22T13:26:17Z,46.52285000,12.90228333,2142.00,77.014
5976,4,370,4278.195371842966,1127.532922297207,2019-07-22T13:26:18Z,46.52270000,12.90228333,2143.00,77.001
5977,4,371,4279.195371842966,1128.532922297207,2019-07-22T13:26:19Z,46.52255000,12.90228333,2142.00,76.988
5978,4,372,4280.195371842966,1129.532922297207,2019-07-22T13:26:20Z,46.52240000,12.90228333,2143.00,76.975
5979,4,373,4281.195371842966,1130.532922297207,2019-07-22T13:26:21Z,46.52225000,12.90230000,2144.00,76.962
5980,4,374,4282.195371842966,1131.532922297207,2019-07-22T13:26:22Z,46.52210000,12.90231667,2142.00,76.948
5981,4,375,4283.195371842966,1132.532922297207,2019-07-22T13:26:23Z,46.52195000,12.90233333,2142.00,76.934
5982,4,376,4284.195371842966,1133.532922297207,2019-07-22T13:26:24Z,46.52180000,12.90235000,2141.00,76.921
5983,4,377,4285.195371842966,1134.532922297207,2019-07-22T13:26:25Z,46.52163333,12.90236667,2139.00,76.906
5984,4,378,4286.195371842966,1135.532922297207,2019-07-22T13:26:26Z,46.52148333,12.90238333,2138.00,76.892
5985,4,379,4287.195371842966,1136.532922297207,2019-07-22T13:26:27Z,46.52131667,12.90238333,2138.00,76.878
5986,4,380,4288.195371842966,1137.532922297207,2019-07-22T13:26:28Z,46.52115000,12.90238333,2138.00,76.863
5987,4,381,4289.195371842966,1138.532922297207,2019-07-22T13:26:29Z,46.52100000,12.90240000,2137.00,76.85
5988,4,382,4290.195371842966,1139.532922297207,2019-07-22T13:26:30Z,46.52083333,12.90238333,2136.00,76.836
5989,4,383,4291.195371842966,1140.532922297207,2019-07-22T13:26:31Z,46.52068333,12.90238333,2136.00,76.824
5990,4,384,4292.195371842966,1141.532922297207,2019-07-22T13:26:32Z,46.52053333,12.90236667,2137.00,76.811
5991,4,385,4293.195371842966,1142.532922297207,2019-07-22T13:26:33Z,46.52036667,12.90236667,2137.00,76.797
5992,4,386,4294.195371842966,1143.532922297207,2019-07-22T13:26:34Z,46.52021667,12.90235000,2137.00,76.785
5993,4,387,4295.195371842966,1144.532922297207,2019-07-22T13:26:35Z,46.52005000,12.90235000,2137.00,76.771
5994,4,388,4296.195371842966,1145.532922297207,2019-07-22T13:26:36Z,46.51990000,12.90236667,2136.00,76.757
5995,4,389,4297.195371842966,1146.532922297207,2019-07-22T13:26:37Z,46.51975000,12.90238333,2137.00,76.744
5996,4,390,4298.195371842966,1147.532922297207,2019-07-22T13:26:38Z,46.51958333,12.90240000,2137.00,76.729
5997,4,391,4299.195371842966,1148.532922297207,2019-07-22T13:26:39Z,46.51943333,12.90241667,2137.00,76.715
5998,4,392,4300.195371842966,1149.532922297207,2019-07-22T13:26:40Z,46.51928333,12.90245000,2138.00,76.701
5999,4,393,4301.195371842966,1150.532922297207,2019-07-22T13:26:41Z,46.51913333,12.90248333,2139.00,76.686
6000,4,394,4302.195371842966,1151.532922297207,2019-07-22T13:26:42Z,46.51900000,12.90253333,2139.00,76.672
6001,4,395,4303.195371842966,1152.532922297207,2019-07-22T13:26:43Z,46.51885000,12.90258333,2142.00,76.657
6002,4,396,4304.195371842966,1153.532922297207,2019-07-22T13:26:44Z,46.51870000,12.90265000,2144.00,76.641
6003,4,397,4305.195371842966,1154.532922297207,2019-07-22T13:26:45Z,46.51855000,12.90271667,2145.00,76.625
6004,4,398,4306.195371842966,1155.532922297207,2019-07-22T13:26:46Z,46.51841667,12.90276667,2145.00,76.611
6005,4,399,4307.195371842966,1156.532922297207,2019-07-22T13:26:47Z,46.51828333,12.90283333,2145.00,76.596
6006,4,400,4308.195371842966,1157.532922297207,2019-07-22T13:26:48Z,46.51813333,12.90288333,2145.00,76.581
6007,4,401,4309.195371842966,1158.532922297207,2019-07-22T13:26:49Z,46.51798333,12.90295000,2146.00,76.565
6008,4,402,4310.195371842966,1159.532922297207,2019-07-22T13:26:50Z,46.51781667,12.90301667,2147.00,76.548
6009,4,403,4311.195371842966,1160.532922297207,2019-07-22T13:26:51Z,46.51766667,12.90308333,2148.00,76.532
6010,4,404,4312.195371842966,1161.532922297207,2019-07-22T13:26:52Z,46.51753333,12.90316667,2148.00,76.516
6011,4,405,4313.195371842966,1162.532922297207,2019-07-22T13:26:53Z,46.51740000,12.90325000,2150.00,76.501
6012,4,406,4314.195371842966,1163.532922297207,2019-07-22T13:26:54Z,46.51725000,12.90333333,2154.00,76.484
6013,4,407,4315.195371842966,1164.532922297207,2019-07-22T13:26:55Z,46.51710000,12.90341667,2158.00,76.467
6014,4,408,4316.195371842966,1165.532922297207,2019-07-22T13:26:56Z,46.51695000,12.90348333,2160.00,76.451
6015,4,409,4317.195371842966,1166.532922297207,2019-07-22T13:26:57Z,46.51680000,12.90355000,2165.00,76.435
6016,4,410,4318.195371842966,1167.532922297207,2019-07-22T13:26:58Z,46.51665000,12.90361667,2170.00,76.419
6017,4,411,4319.195371842966,1168.532922297207,2019-07-22T13:26:59Z,46.51650000,12.90370000,2172.00,76.402
6018,4,412,4320.195371842966,1169.532922297207,2019-07-22T13:27:00Z,46.51635000,12.90376667,2176.00,76.386
6019,4,413,4321.195371842966,1170.532922297207,2019-07-22T13:27:01Z,46.51621667,12.90381667,2175.00,76.372
6020,4,414,4322.195371842966,1171.532922297207,2019-07-22T13:27:02Z,46.51608333,12.90390000,2173.00,76.357
6021,4,415,4323.195371842966,1172.532922297207,2019-07-22T13:27:03Z,46.51595000,12.90398333,2168.00,76.341
6022,4,416,4324.195371842966,1173.532922297207,2019-07-22T13:27:04Z,46.51581667,12.90408333,2167.00,76.325
6023,4,417,4325.195371842966,1174.532922297207,2019-07-22T13:27:05Z,46.51570000,12.90420000,2166.00,76.309
6024,4,418,4326.195371842966,1175.532922297207,2019-07-22T13:27:06Z,46.51556667,12.90430000,2165.00,76.293
6025,4,419,4327.195371842966,1176.532922297207,2019-07-22T13:27:07Z,46.51545000,12.90438333,2164.00,76.279
6026,4,420,4328.195371842966,1177.532922297207,2019-07-22T13:27:08Z,46.51533333,12.90448333,2162.00,76.264
6027,4,421,4329.195371842966,1178.532922297207,2019-07-22T13:27:09Z,46.51520000,12.90458333,2160.00,76.248
6028,4,422,4330.195371842966,1179.532922297207,2019-07-22T13:27:10Z,46.51506667,12.90470000,2159.00,76.231
6029,4,423,4331.195371842966,1180.532922297207,2019-07-22T13:27:11Z,46.51491667,12.90480000,2160.00,76.213
6030,4,424,4332.195371842966,1181.532922297207,2019-07-22T13:27:12Z,46.51476667,12.90490000,2161.00,76.195
6031,4,425,4333.195371842966,1182.532922297207,2019-07-22T13:27:13Z,46.51465000,12.90498333,2160.00,76.181
6032,4,426,4334.195371842966,1183.532922297207,2019-07-22T13:27:14Z,46.51453333,12.90506667,2162.00,76.167
6033,4,427,4335.195371842966,1184.532922297207,2019-07-22T13:27:15Z,46.51441667,12.90513333,2164.00,76.154
6034,4,428,4336.195371842966,1185.532922297207,2019-07-22T13:27:16Z,46.51430000,12.90520000,2165.00,76.141
6035,4,429,4337.195371842966,1186.532922297207,2019-07-22T13:27:17Z,46.51418333,12.90528333,2165.00,76.127
6036,4,430,4338.195371842966,1187.532922297207,2019-07-22T13:27:18Z,46.51405000,12.90535000,2165.00,76.112
6037,4,431,4339.195371842966,1188.532922297207,2019-07-22T13:27:19Z,46.51391667,12.90541667,2166.00,76.097
6038,4,432,4340.195371842966,1189.532922297207,2019-07-22T13:27:20Z,46.51380000,12.90548333,2164.00,76.084
6039,4,433,4341.195371842966,1190.532922297207,2019-07-22T13:27:21Z,46.51366667,12.90556667,2166.00,76.069
6040,4,434,4342.195371842966,1191.532922297207,2019-07-22T13:27:22Z,46.51353333,12.90563333,2168.00,76.054
6041,4,435,4343.195371842966,1192.532922297207,2019-07-22T13:27:23Z,46.51340000,12.90568333,2170.00,76.04
6042,4,436,4344.195371842966,1193.532922297207,2019-07-22T13:27:24Z,46.51328333,12.90575000,2171.00,76.027
6043,4,437,4345.195371842966,1194.532922297207,2019-07-22T13:27:25Z,46.51318333,12.90580000,2171.00,76.016
6044,4,438,4346.195371842966,1195.532922297207,2019-07-22T13:27:26Z,46.51306667,12.90585000,2172.00,76.004
6045,4,439,4347.195371842966,1196.532922297207,2019-07-22T13:27:27Z,46.51293333,12.90590000,2172.00,75.99
6046,4,440,4348.195371842966,1197.532922297207,2019-07-22T13:27:28Z,46.51281667,12.90593333,2174.00,75.978
6047,4,441,4349.195371842966,1198.532922297207,2019-07-22T13:27:29Z,46.51268333,12.90595000,2177.00,75.966
6048,4,442,4350.195371842966,1199.532922297207,2019-07-22T13:27:30Z,46.51255000,12.90598333,2180.00,75.953
6049,4,443,4351.195371842966,1200.532922297207,2019-07-22T13:27:31Z,46.51241667,12.90600000,2180.00,75.941
6050,4,444,4352.195371842966,1201.532922297207,2019-07-22T13:27:32Z,46.51228333,12.90603333,2182.00,75.928
6051,4,445,4353.195371842966,1202.532922297207,2019-07-22T13:27:33Z,46.51213333,12.90606667,2184.00,75.914
6052,4,446,4354.195371842966,1203.532922297207,2019-07-22T13:27:34Z,46.51200000,12.90610000,2187.00,75.901
6053,4,447,4355.195371842966,1204.532922297207,2019-07-22T13:27:35Z,46.51186667,12.90613333,2190.00,75.888
6054,4,448,4356.195371842966,1205.532922297207,2019-07-22T13:27:36Z,46.51173333,12.90615000,2192.00,75.876
6055,4,449,4357.195371842966,1206.532922297207,2019-07-22T13:27:37Z,46.51158333,12.90615000,2195.00,75.863
6056,4,450,4358.195371842966,1207.532922297207,2019-07-22T13:27:38Z,46.51145000,12.90611667,2199.00,75.853
6057,4,451,4359.195371842966,1208.532922297207,2019-07-22T13:27:39Z,46.51130000,12.90608333,2203.00,75.842
6058,4,452,4360.195371842966,1209.532922297207,2019-07-22T13:27:40Z,46.51115000,12.90605000,2208.00,75.831
6059,4,453,4361.195371842966,1210.532922297207,2019-07-22T13:27:41Z,46.51101667,12.90603333,2212.00,75.821
6060,4,454,4362.195371842966,1211.532922297207,2019-07-22T13:27:42Z,46.51086667,12.90603333,2216.00,75.808
6061,4,455,4363.195371842966,1212.532922297207,2019-07-22T13:27:43Z,46.51070000,12.90605000,2218.00,75.793
6062,4,456,4364.195371842966,1213.532922297207,2019-07-22T13:27:44Z,46.51055000,12.90606667,2221.00,75.779
6063,4,457,4365.195371842966,1214.532922297207,2019-07-22T13:27:45Z,46.51038333,12.90608333,2225.00,75.764
6064,4,458,4366.195371842966,1215.532922297207,2019-07-22T13:27:46Z,46.51021667,12.90613333,2227.00,75.748
6065,4,459,4367.195371842966,1216.532922297207,2019-07-22T13:27:47Z,46.51005000,12.90620000,2228.00,75.73
6066,4,460,4368.195371842966,1217.532922297207,2019-07-22T13:27:48Z,46.50988333,12.90625000,2229.00,75.714
6067,4,461,4369.195371842966,1218.532922297207,2019-07-22T13:27:49Z,46.50973333,12.90630000,2232.00,75.699
6068,4,462,4370.195371842966,1219.532922297207,2019-07-22T13:27:50Z,46.50956667,12.90633333,2235.00,75.683
6069,4,463,4371.195371842966,1220.532922297207,2019-07-22T13:27:51Z,46.50941667,12.90636667,2238.00,75.668
6070,4,464,4372.195371842966,1221.532922297207,2019-07-22T13:27:52Z,46.50925000,12.90638333,2242.00,75.654
6071,4,465,4373.195371842966,1222.532922297207,2019-07-22T13:27:53Z,46.50911667,12.90638333,2246.00,75.642
6072,4,466,4374.195371842966,1223.532922297207,2019-07-22T13:27:54Z,46.50896667,12.90638333,2250.00,75.63
6073,4,467,4375.195371842966,1224.532922297207,2019-07-22T13:27:55Z,46.50883333,12.90638333,2251.00,75.618
6074,4,468,4376.195371842966,1225.532922297207,2019-07-22T13:27:56Z,46.50871667,12.90638333,2251.00,75.608
6075,4,469,4377.195371842966,1226.532922297207,2019-07-22T13:27:57Z,46.50858333,12.90640000,2252.00,75.596
6076,4,470,4378.195371842966,1227.532922297207,2019-07-22T13:27:58Z,46.50846667,12.90640000,2252.00,75.586
6077,4,471,4379.195371842966,1228.532922297207,2019-07-22T13:27:59Z,46.50835000,12.90640000,2250.00,75.577
6078,4,472,4380.195371842966,1229.532922297207,2019-07-22T13:28:00Z,46.50821667,12.90640000,2248.00,75.565
6079,4,473,4381.195371842966,1230.532922297207,2019-07-22T13:28:01Z,46.50810000,12.90638333,2248.00,75.556
6080,4,474,4382.195371842966,1231.532922297207,2019-07-22T13:28:02Z,46.50796667,12.90638333,2243.00,75.545
6081,4,475,4383.195371842966,1232.532922297207,2019-07-22T13:28:03Z,46.50781667,12.90641667,2239.00,75.531
6082,4,476,4384.195371842966,1233.532922297207,2019-07-22T13:28:04Z,46.50766667,12.90643333,2237.00,75.517
6083,4,477,4385.195371842966,1234.532922297207,2019-07-22T13:28:05Z,46.50750000,12.90643333,2236.00,75.503
6084,4,478,4386.195371842966,1235.532922297207,2019-07-22T13:28:06Z,46.50733333,12.90641667,2237.00,75.49
6085,4,479,4387.195371842966,1236.532922297207,2019-07-22T13:28:07Z,46.50716667,12.90640000,2236.00,75.476
6086,4,480,4388.195371842966,1237.532922297207,2019-07-22T13:28:08Z,46.50700000,12.90638333,2235.00,75.463
6087,4,481,4389.195371842966,1238.532922297207,2019-07-22T13:28:09Z,46.50683333,12.90638333,2234.00,75.449
6088,4,482,4390.195371842966,1239.532922297207,2019-07-22T13:28:10Z,46.50666667,12.90636667,2233.00,75.436
6089,4,483,4391.195371842966,1240.532922297207,2019-07-22T13:28:11Z,46.50651667,12.90635000,2235.00,75.424
6090,4,484,4392.195371842966,1241.532922297207,2019-07-22T13:28:12Z,46.50636667,12.90635000,2236.00,75.411
6091,4,485,4393.195371842966,1242.532922297207,2019-07-22T13:28:13Z,46.50620000,12.90636667,2237.00,75.397
6092,4,486,4394.195371842966,1243.532922297207,2019-07-22T13:28:14Z,46.50606667,12.90636667,2238.00,75.385
6093,4,487,4395.195371842966,1244.532922297207,2019-07-22T13:28:15Z,46.50591667,12.90640000,2239.00,75.371
6094,4,488,4396.195371842966,1245.532922297207,2019-07-22T13:28:16Z,46.50578333,12.90641667,2241.00,75.359
6095,4,489,4397.195371842966,1246.532922297207,2019-07-22T13:28:17Z,46.50565000,12.90643333,2242.00,75.347
6096,4,490,4398.195371842966,1247.532922297207,2019-07-22T13:28:18Z,46.50550000,12.90645000,2241.00,75.333
6097,4,491,4399.195371842966,1248.532922297207,2019-07-22T13:28:19Z,46.50535000,12.90646667,2240.00,75.32
6098,4,492,4400.195371842966,1249.532922297207,2019-07-22T13:28:20Z,46.50518333,12.90645000,2242.00,75.307
6099,4,493,4401.195371842966,1250.532922297207,2019-07-22T13:28:21Z,46.50503333,12.90646667,2245.00,75.293
6100,4,494,4402.195371842966,1251.532922297207,2019-07-22T13:28:22Z,46.50488333,12.90648333,2245.00,75.28
6101,4,495,4403.195371842966,1252.532922297207,2019-07-22T13:28:23Z,46.50476667,12.90650000,2247.00,75.269
6102,4,496,4404.195371842966,1253.532922297207,2019-07-22T13:28:24Z,46.50463333,12.90653333,2250.00,75.256
6103,4,497,4405.195371842966,1254.532922297207,2019-07-22T13:28:25Z,46.50450000,12.90658333,2250.00,75.242
6104,4,498,4406.195371842966,1255.532922297207,2019-07-22T13:28:26Z,46.50438333,12.90661667,2249.00,75.231
6105,4,499,4407.195371842966,1256.532922297207,2019-07-22T13:28:27Z,46.50426667,12.90666667,2249.00,75.219
6106,4,500,4408.195371842966,1257.532922297207,2019-07-22T13:28:28Z,46.50415000,12.90673333,2248.00,75.205
6107,4,501,4409.195371842966,1258.532922297207,2019-07-22T13:28:29Z,46.50405000,12.90680000,2249.00,75.194
6108,4,502,4410.195371842966,1259.532922297207,2019-07-22T13:28:30Z,46.50393333,12.90688333,2249.00,75.18
6109,4,503,4411.195371842966,1260.532922297207,2019-07-22T13:28:31Z,46.50383333,12.90693333,2247.00,75.169
6110,4,504,4412.195371842966,1261.532922297207,2019-07-22T13:28:32Z,46.50373333,12.90698333,2246.00,75.158
6111,4,505,4413.195371842966,1262.532922297207,2019-07-22T13:28:33Z,46.50363333,12.90701667,2246.00,75.148
6112,4,506,4414.195371842966,1263.532922297207,2019-07-22T13:28:34Z,46.50353333,12.90705000,2244.00,75.138
6113,4,507,4415.195371842966,1264.532922297207,2019-07-22T13:28:35Z,46.50343333,12.90708333,2241.00,75.128
6114,4,508,4416.195371842966,1265.532922297207,2019-07-22T13:28:36Z,46.50333333,12.90711667,2239.00,75.117
6115,4,509,4417.195371842966,1266.532922297207,2019-07-22T13:28:37Z,46.50320000,12.90715000,2235.00,75.105
6116,4,510,4418.195371842966,1267.532922297207,2019-07-22T13:28:38Z,46.50308333,12.90715000,2231.00,75.095
6117,4,511,4419.195371842966,1268.532922297207,2019-07-22T13:28:39Z,46.50295000,12.90713333,2228.00,75.084
6118,4,512,4420.195371842966,1269.532922297207,2019-07-22T13:28:40Z,46.50283333,12.90711667,2225.00,75.075
6119,4,513,4421.195371842966,1270.532922297207,2019-07-22T13:28:41Z,46.50271667,12.90710000,2222.00,75.066
6120,4,514,4422.195371842966,1271.532922297207,2019-07-22T13:28:42Z,46.50258333,12.90710000,2220.00,75.055
6121,4,515,4423.195371842966,1272.532922297207,2019-07-22T13:28:43Z,46.50246667,12.90710000,2217.00,75.045
6122,4,516,4424.195371842966,1273.532922297207,2019-07-22T13:28:44Z,46.50235000,12.90713333,2215.00,75.034
6123,4,517,4425.195371842966,1274.532922297207,2019-07-22T13:28:45Z,46.50223333,12.90716667,2212.00,75.022
6124,4,518,4426.195371842966,1275.532922297207,2019-07-22T13:28:46Z,46.50211667,12.90720000,2211.00,75.011
6125,4,519,4427.195371842966,1276.532922297207,2019-07-22T13:28:47Z,46.50198333,12.90725000,2208.00,74.997
6126,4,520,4428.195371842966,1277.532922297207,2019-07-22T13:28:48Z,46.50186667,12.90728333,2204.00,74.986
6127,4,521,4429.195371842966,1278.532922297207,2019-07-22T13:28:49Z,46.50173333,12.90731667,2201.00,74.973
6128,4,522,4430.195371842966,1279.532922297207,2019-07-22T13:28:50Z,46.50161667,12.90735000,2199.00,74.961
6129,4,523,4431.195371842966,1280.532922297207,2019-07-22T13:28:51Z,46.50148333,12.90738333,2198.00,74.949
6130,4,524,4432.195371842966,1281.532922297207,2019-07-22T13:28:52Z,46.50136667,12.90741667,2196.00,74.937
6131,4,525,4433.195371842966,1282.532922297207,2019-07-22T13:28:53Z,46.50123333,12.90748333,2195.00,74.923
6132,4,526,4434.195371842966,1283.532922297207,2019-07-22T13:28:54Z,46.50110000,12.90755000,2191.00,74.908
6133,4,527,4435.195371842966,1284.532922297207,2019-07-22T13:28:55Z,46.50098333,12.90761667,2188.00,74.895
6134,4,528,4436.195371842966,1285.532922297207,2019-07-22T13:28:56Z,46.50085000,12.90770000,2186.00,74.88
6135,4,529,4437.195371842966,1286.532922297207,2019-07-22T13:28:57Z,46.50073333,12.90778333,2183.00,74.866
6136,4,530,4438.195371842966,1287.532922297207,2019-07-22T13:28:58Z,46.50061667,12.90786667,2182.00,74.852
6137,4,531,4439.195371842966,1288.532922297207,2019-07-22T13:28:59Z,46.50051667,12.90795000,2180.00,74.839
6138,4,532,4440.195371842966,1289.532922297207,2019-07-22T13:29:00Z,46.50040000,12.90803333,2178.00,74.825
6139,4,533,4441.195371842966,1290.532922297207,2019-07-22T13:29:01Z,46.50028333,12.90813333,2176.00,74.81
6140,4,534,4442.195371842966,1291.532922297207,2019-07-22T13:29:02Z,46.50018333,12.90821667,2173.00,74.798
6141,4,535,4443.195371842966,1292.532922297207,2019-07-22T13:29:03Z,46.50006667,12.90831667,2171.00,74.783
6142,4,536,4444.195371842966,1293.532922297207,2019-07-22T13:29:04Z,46.49995000,12.90840000,2169.00,74.769
6143,4,537,4445.195371842966,1294.532922297207,2019-07-22T13:29:05Z,46.49981667,12.90848333,2167.00,74.753
6144,4,538,4446.195371842966,1295.532922297207,2019-07-22T13:29:06Z,46.49970000,12.90856667,2165.00,74.74
6145,4,539,4447.195371842966,1296.532922297207,2019-07-22T13:29:07Z,46.49958333,12.90863333,2163.00,74.726
6146,4,540,4448.195371842966,1297.532922297207,2019-07-22T13:29:08Z,46.49948333,12.90871667,2162.00,74.714
6147,4,541,4449.195371842966,1298.532922297207,2019-07-22T13:29:09Z,46.49936667,12.90876667,2162.00,74.702
6148,4,542,4450.195371842966,1299.532922297207,2019-07-22T13:29:10Z,46.49925000,12.90885000,2161.00,74.688
6149,4,543,4451.195371842966,1300.532922297207,2019-07-22T13:29:11Z,46.49915000,12.90891667,2160.00,74.676
6150,4,544,4452.195371842966,1301.532922297207,2019-07-22T13:29:12Z,46.49903333,12.90898333,2158.00,74.663
6151,4,545,4453.195371842966,1302.532922297207,2019-07-22T13:29:13Z,46.49893333,12.90905000,2155.00,74.651
6152,4,546,4454.195371842966,1303.532922297207,2019-07-22T13:29:14Z,46.49881667,12.90911667,2154.00,74.638
6153,4,547,4455.195371842966,1304.532922297207,2019-07-22T13:29:15Z,46.49871667,12.90916667,2154.00,74.627
6154,4,548,4456.195371842966,1305.532922297207,2019-07-22T13:29:16Z,46.49860000,12.90923333,2153.00,74.614
6155,4,549,4457.195371842966,1306.532922297207,2019-07-22T13:29:17Z,46.49850000,12.90931667,2152.00,74.601
6156,4,550,4458.195371842966,1307.532922297207,2019-07-22T13:29:18Z,46.49838333,12.90938333,2151.00,74.588
6157,4,551,4459.195371842966,1308.532922297207,2019-07-22T13:29:19Z,46.49828333,12.90945000,2149.00,74.576
6158,4,552,4460.195371842966,1309.532922297207,2019-07-22T13:29:20Z,46.49818333,12.90951667,2148.00,74.565
6159,4,553,4461.195371842966,1310.532922297207,2019-07-22T13:29:21Z,46.49806667,12.90958333,2146.00,74.551
6160,4,554,4462.195371842966,1311.532922297207,2019-07-22T13:29:22Z,46.49796667,12.90963333,2144.00,74.541
6161,4,555,4463.195371842966,1312.532922297207,2019-07-22T13:29:23Z,46.49785000,12.90968333,2143.00,74.528
6162,4,556,4464.195371842966,1313.532922297207,2019-07-22T13:29:24Z,46.49775000,12.90971667,2141.00,74.518
6163,4,557,4465.195371842966,1314.532922297207,2019-07-22T13:29:25Z,46.49763333,12.90975000,2137.00,74.507
6164,4,558,4466.195371842966,1315.532922297207,2019-07-22T13:29:26Z,46.49750000,12.90976667,2135.00,74.495
6165,4,559,4467.195371842966,1316.532922297207,2019-07-22T13:29:27Z,46.49738333,12.90978333,2132.00,74.484
6166,4,560,4468.195371842966,1317.532922297207,2019-07-22T13:29:28Z,46.49725000,12.90981667,2131.00,74.471
6167,4,561,4469.195371842966,1318.532922297207,2019-07-22T13:29:29Z,46.49711667,12.90983333,2129.00,74.459
6168,4,562,4470.195371842966,1319.532922297207,2019-07-22T13:29:30Z,46.49700000,12.90985000,2128.00,74.449
6169,4,563,4471.195371842966,1320.532922297207,2019-07-22T13:29:31Z,46.49690000,12.90986667,2127.00,74.439
6170,4,564,4472.195371842966,1321.532922297207,2019-07-22T13:29:32Z,46.49678333,12.90988333,2126.00,74.429
6171,4,565,4473.195371842966,1322.532922297207,2019-07-22T13:29:33Z,46.49668333,12.90990000,2123.00,74.42
6172,4,566,4474.195371842966,1323.532922297207,2019-07-22T13:29:34Z,46.49656667,12.90993333,2121.00,74.408
6173,4,567,4475.195371842966,1324.532922297207,2019-07-22T13:29:35Z,46.49646667,12.90995000,2118.00,74.399
6174,4,568,4476.195371842966,1325.532922297207,2019-07-22T13:29:36Z,46.49635000,12.90998333,2116.00,74.388
6175,4,569,4477.195371842966,1326.532922297207,2019-07-22T13:29:37Z,46.49621667,12.91001667,2114.00,74.375
6176,4,570,4478.195371842966,1327.532922297207,2019-07-22T13:29:38Z,46.49610000,12.91003333,2111.00,74.364
6177,4,571,4479.195371842966,1328.532922297207,2019-07-22T13:29:39Z,46.49598333,12.91003333,2108.00,74.354
6178,4,572,4480.195371842966,1329.532922297207,2019-07-22T13:29:40Z,46.49588333,12.91003333,2106.00,74.346
6179,4,573,4481.195371842966,1330.532922297207,2019-07-22T13:29:41Z,46.49576667,12.91003333,2104.00,74.336
6180,4,574,4482.195371842966,1331.532922297207,2019-07-22T13:29:42Z,46.49565000,12.91003333,2102.00,74.327
6181,4,575,4483.195371842966,1332.532922297207,2019-07-22T13:29:43Z,46.49551667,12.91005000,2100.00,74.315
6182,4,576,4484.195371842966,1333.532922297207,2019-07-22T13:29:44Z,46.49538333,12.91006667,2100.00,74.303
6183,4,577,4485.195371842966,1334.532922297207,2019-07-22T13:29:45Z,46.49525000,12.91010000,2099.00,74.29
6184,4,578,4486.195371842966,1335.532922297207,2019-07-22T13:29:46Z,46.49511667,12.91013333,2098.00,74.277
6185,4,579,4487.195371842966,1336.532922297207,2019-07-22T13:29:47Z,46.49498333,12.91016667,2097.00,74.264
6186,4,580,4488.195371842966,1337.532922297207,2019-07-22T13:29:48Z,46.49485000,12.91021667,2097.00,74.25
6187,4,581,4489.195371842966,1338.532922297207,2019-07-22T13:29:49Z,46.49473333,12.91026667,2097.00,74.238
6188,4,582,4490.195371842966,1339.532922297207,2019-07-22T13:29:50Z,46.49460000,12.91031667,2096.00,74.224
6189,4,583,4491.195371842966,1340.532922297207,2019-07-22T13:29:51Z,46.49446667,12.91036667,2097.00,74.211
6190,4,584,4492.195371842966,1341.532922297207,2019-07-22T13:29:52Z,46.49435000,12.91040000,2097.00,74.199
6191,4,585,4493.195371842966,1342.532922297207,2019-07-22T13:29:53Z,46.49421667,12.91043333,2099.00,74.187
6192,4,586,4494.195371842966,1343.532922297207,2019-07-22T13:29:54Z,46.49410000,12.91046667,2101.00,74.175
6193,4,587,4495.195371842966,1344.532922297207,2019-07-22T13:29:55Z,46.49398333,12.91051667,2102.00,74.163
6194,4,588,4496.195371842966,1345.532922297207,2019-07-22T13:29:56Z,46.49386667,12.91056667,2103.00,74.151
6195,4,589,4497.195371842966,1346.532922297207,2019-07-22T13:29:57Z,46.49375000,12.91063333,2103.00,74.138
6196,4,590,4498.195371842966,1347.532922297207,2019-07-22T13:29:58Z,46.49365000,12.91068333,2103.00,74.127
6197,4,591,4499.195371842966,1348.532922297207,2019-07-22T13:29:59Z,46.49353333,12.91073333,2104.00,74.114
6198,4,592,4500.195371842966,1349.532922297207,2019-07-22T13:30:00Z,46.49341667,12.91078333,2105.00,74.102
6199,4,593,4501.195371842966,1350.532922297207,2019-07-22T13:30:01Z,46.49330000,12.91085000,2105.00,74.089
6200,4,594,4502.195371842966,1351.532922297207,2019-07-22T13:30:02Z,46.49316667,12.91090000,2104.00,74.075
6201,4,595,4503.195371842966,1352.532922297207,2019-07-22T13:30:03Z,46.49305000,12.91096667,2104.00,74.062
6202,4,596,4504.195371842966,1353.532922297207,2019-07-22T13:30:04Z,46.49293333,12.91101667,2104.00,74.05
6203,4,597,4505.195371842966,1354.532922297207,2019-07-22T13:30:05Z,46.49281667,12.91108333,2102.00,74.037
6204,4,598,4506.195371842966,1355.532922297207,2019-07-22T13:30:06Z,46.49270000,12.91115000,2102.00,74.024
6205,4,599,4507.195371842966,1356.532922297207,2019-07-22T13:30:07Z,46.49258333,12.91121667,2103.00,74.011
6206,4,600,4508.195371842966,1357.532922297207,2019-07-22T13:30:08Z,46.49246667,12.91126667,2103.00,73.998
6207,4,601,4509.195371842966,1358.532922297207,2019-07-22T13:30:09Z,46.49235000,12.91131667,2103.00,73.986
6208,4,602,4510.195371842966,1359.532922297207,2019-07-22T13:30:10Z,46.49223333,12.91136667,2102.00,73.974
6209,4,603,4511.195371842966,1360.532922297207,2019-07-22T13:30:11Z,46.49213333,12.91141667,2102.00,73.963
6210,4,604,4512.195371842966,1361.532922297207,2019-07-22T13:30:12Z,46.49201667,12.91146667,2102.00,73.951
6211,4,605,4513.195371842966,1362.532922297207,2019-07-22T13:30:13Z,46.49190000,12.91151667,2101.00,73.939
6212,4,606,4514.195371842966,1363.532922297207,2019-07-22T13:30:14Z,46.49180000,12.91158333,2099.00,73.927
6213,4,607,4515.195371842966,1364.532922297207,2019-07-22T13:30:15Z,46.49166667,12.91165000,2099.00,73.912
6214,4,608,4516.195371842966,1365.532922297207,2019-07-22T13:30:16Z,46.49155000,12.91170000,2097.00,73.9
6215,4,609,4517.195371842966,1366.532922297207,2019-07-22T13:30:17Z,46.49143333,12.91175000,2095.00,73.888
6216,4,610,4518.195371842966,1367.532922297207,2019-07-22T13:30:18Z,46.49131667,12.91180000,2096.00,73.876
6217,4,611,4519.195371842966,1368.532922297207,2019-07-22T13:30:19Z,46.49121667,12.91183333,2095.00,73.866
6218,4,612,4520.195371842966,1369.532922297207,2019-07-22T13:30:20Z,46.49111667,12.91188333,2094.00,73.855
6219,4,613,4521.195371842966,1370.532922297207,2019-07-22T13:30:21Z,46.49100000,12.91193333,2094.00,73.842
6220,4,614,4522.195371842966,1371.532922297207,2019-07-22T13:30:22Z,46.49090000,12.91198333,2092.00,73.832
6221,4,615,4523.195371842966,1372.532922297207,2019-07-22T13:30:23Z,46.49078333,12.91203333,2090.00,73.819
6222,4,616,4524.195371842966,1373.532922297207,2019-07-22T13:30:24Z,46.49066667,12.91210000,2089.00,73.806
6223,4,617,4525.195371842966,1374.532922297207,2019-07-22T13:30:25Z,46.49053333,12.91216667,2087.00,73.792
6224,4,618,4526.195371842966,1375.532922297207,2019-07-22T13:30:26Z,46.49041667,12.91225000,2087.00,73.778
6225,4,619,4527.195371842966,1376.532922297207,2019-07-22T13:30:27Z,46.49031667,12.91230000,2087.00,73.767
6226,4,620,4528.195371842966,1377.532922297207,2019-07-22T13:30:28Z,46.49020000,12.91233333,2087.00,73.756
6227,4,621,4529.195371842966,1378.532922297207,2019-07-22T13:30:29Z,46.49010000,12.91236667,2087.00,73.746
6228,4,622,4530.195371842966,1379.532922297207,2019-07-22T13:30:30Z,46.48998333,12.91240000,2087.00,73.734
6229,4,623,4531.195371842966,1380.532922297207,2019-07-22T13:30:31Z,46.48986667,12.91243333,2088.00,73.723
6230,4,624,4532.195371842966,1381.532922297207,2019-07-22T13:30:32Z,46.48976667,12.91246667,2087.00,73.713
6231,4,625,4533.195371842966,1382.532922297207,2019-07-22T13:30:33Z,46.48965000,12.91250000,2086.00,73.701
6232,4,626,4534.195371842966,1383.532922297207,2019-07-22T13:30:34Z,46.48955000,12.91253333,2086.00,73.691
6233,4,627,4535.195371842966,1384.532922297207,2019-07-22T13:30:35Z,46.48943333,12.91255000,2086.00,73.681
6234,4,628,4536.195371842966,1385.532922297207,2019-07-22T13:30:36Z,46.48931667,12.91258333,2084.00,73.669
6235,4,629,4537.195371842966,1386.532922297207,2019-07-22T13:30:37Z,46.48920000,12.91260000,2082.00,73.659
6236,4,630,4538.195371842966,1387.532922297207,2019-07-22T13:30:38Z,46.48906667,12.91261667,2080.00,73.647
6237,4,631,4539.195371842966,1388.532922297207,2019-07-22T13:30:39Z,46.48895000,12.91261667,2080.00,73.637
6238,4,632,4540.195371842966,1389.532922297207,2019-07-22T13:30:40Z,46.48883333,12.91263333,2080.00,73.627
6239,4,633,4541.195371842966,1390.532922297207,2019-07-22T13:30:41Z,46.48870000,12.91263333,2082.00,73.616
6240,4,634,4542.195371842966,1391.532922297207,2019-07-22T13:30:42Z,46.48856667,12.91266667,2082.00,73.603
6241,4,635,4543.195371842966,1392.532922297207,2019-07-22T13:30:43Z,46.48843333,12.91271667,2083.00,73.589
6242,4,636,4544.195371842966,1393.532922297207,2019-07-22T13:30:44Z,46.48828333,12.91275000,2083.00,73.575
6243,4,637,4545.195371842966,1394.532922297207,2019-07-22T13:30:45Z,46.48815000,12.91280000,2082.00,73.561
6244,4,638,4546.195371842966,1395.532922297207,2019-07-22T13:30:46Z,46.48800000,12.91285000,2082.00,73.546
6245,4,639,4547.195371842966,1396.532922297207,2019-07-22T13:30:47Z,46.48786667,12.91288333,2083.00,73.534
6246,4,640,4548.195371842966,1397.532922297207,2019-07-22T13:30:48Z,46.48775000,12.91293333,2082.00,73.521
6247,4,641,4549.195371842966,1398.532922297207,2019-07-22T13:30:49Z,46.48761667,12.91298333,2083.00,73.508
6248,4,642,4550.195371842966,1399.532922297207,2019-07-22T13:30:50Z,46.48750000,12.91303333,2082.00,73.496
6249,4,643,4551.195371842966,1400.532922297207,2019-07-22T13:30:51Z,46.48738333,12.91308333,2081.00,73.483
6250,4,644,4552.195371842966,1401.532922297207,2019-07-22T13:30:52Z,46.48726667,12.91311667,2079.00,73.472
6251,4,645,4553.195371842966,1402.532922297207,2019-07-22T13:30:53Z,46.48715000,12.91315000,2077.00,73.461
6252,4,646,4554.195371842966,1403.532922297207,2019-07-22T13:30:54Z,46.48701667,12.91318333,2075.00,73.448
6253,4,647,4555.195371842966,1404.532922297207,2019-07-22T13:30:55Z,46.48690000,12.91320000,2074.00,73.437
6254,4,648,4556.195371842966,1405.532922297207,2019-07-22T13:30:56Z,46.48676667,12.91321667,2074.00,73.425
6255,4,649,4557.195371842966,1406.532922297207,2019-07-22T13:30:57Z,46.48665000,12.91325000,2073.00,73.414
6256,4,650,4558.195371842966,1407.532922297207,2019-07-22T13:30:58Z,46.48651667,12.91326667,2073.00,73.402
6257,4,651,4559.195371842966,1408.532922297207,2019-07-22T13:30:59Z,46.48640000,12.91328333,2071.00,73.392
6258,4,652,4560.195371842966,1409.532922297207,2019-07-22T13:31:00Z,46.48630000,12.91330000,2071.00,73.383
6259,4,653,4561.195371842966,1410.532922297207,2019-07-22T13:31:01Z,46.48616667,12.91328333,2071.00,73.372
6260,4,654,4562.195371842966,1411.532922297207,2019-07-22T13:31:02Z,46.48605000,12.91330000,2070.00,73.362
6261,4,655,4563.195371842966,1412.532922297207,2019-07-22T13:31:03Z,46.48590000,12.91331667,2069.00,73.349
6262,4,656,4564.195371842966,1413.532922297207,2019-07-22T13:31:04Z,46.48575000,12.91333333,2067.00,73.335
6263,4,657,4565.195371842966,1414.532922297207,2019-07-22T13:31:05Z,46.48560000,12.91333333,2067.00,73.323
6264,4,658,4566.195371842966,1415.532922297207,2019-07-22T13:31:06Z,46.48546667,12.91333333,2067.00,73.312
6265,4,659,4567.195371842966,1416.532922297207,2019-07-22T13:31:07Z,46.48535000,12.91336667,2068.00,73.3
6266,4,660,4568.195371842966,1417.532922297207,2019-07-22T13:31:08Z,46.48523333,12.91338333,2068.00,73.29
6267,4,661,4569.195371842966,1418.532922297207,2019-07-22T13:31:09Z,46.48513333,12.91340000,2068.00,73.281
6268,4,662,4570.195371842966,1419.532922297207,2019-07-22T13:31:10Z,46.48501667,12.91340000,2067.00,73.271
6269,4,663,4571.195371842966,1420.532922297207,2019-07-22T13:31:11Z,46.48490000,12.91343333,2066.00,73.26
6270,4,664,4572.195371842966,1421.532922297207,2019-07-22T13:31:12Z,46.48478333,12.91345000,2065.00,73.249
6271,4,665,4573.195371842966,1422.532922297207,2019-07-22T13:31:13Z,46.48468333,12.91348333,2063.00,73.239
6272,4,666,4574.195371842966,1423.532922297207,2019-07-22T13:31:14Z,46.48456667,12.91351667,2061.00,73.228
6273,4,667,4575.195371842966,1424.532922297207,2019-07-22T13:31:15Z,46.48446667,12.91355000,2058.00,73.218
6274,4,668,4576.195371842966,1425.532922297207,2019-07-22T13:31:16Z,46.48433333,12.91360000,2056.00,73.204
6275,4,669,4577.195371842966,1426.532922297207,2019-07-22T13:31:17Z,46.48421667,12.91365000,2055.00,73.192
6276,4,670,4578.195371842966,1427.532922297207,2019-07-22T13:31:18Z,46.48406667,12.91368333,2054.00,73.178
6277,4,671,4579.195371842966,1428.532922297207,2019-07-22T13:31:19Z,46.48393333,12.91373333,2053.00,73.165
6278,4,672,4580.195371842966,1429.532922297207,2019-07-22T13:31:20Z,46.48380000,12.91376667,2053.00,73.152
6279,4,673,4581.195371842966,1430.532922297207,2019-07-22T13:31:21Z,46.48368333,12.91381667,2054.00,73.14
6280,4,674,4582.195371842966,1431.532922297207,2019-07-22T13:31:22Z,46.48356667,12.91385000,2056.00,73.128
6281,4,675,4583.195371842966,1432.532922297207,2019-07-22T13:31:23Z,46.48345000,12.91390000,2057.00,73.116
6282,4,676,4584.195371842966,1433.532922297207,2019-07-22T13:31:24Z,46.48333333,12.91395000,2057.00,73.104
6283,4,677,4585.195371842966,1434.532922297207,2019-07-22T13:31:25Z,46.48321667,12.91400000,2057.00,73.092
6284,4,678,4586.195371842966,1435.532922297207,2019-07-22T13:31:26Z,46.48308333,12.91406667,2058.00,73.077
6285,4,679,4587.195371842966,1436.532922297207,2019-07-22T13:31:27Z,46.48295000,12.91413333,2058.00,73.063
6286,4,680,4588.195371842966,1437.532922297207,2019-07-22T13:31:28Z,46.48281667,12.91418333,2059.00,73.049
6287,4,681,4589.195371842966,1438.532922297207,2019-07-22T13:31:29Z,46.48270000,12.91423333,2061.00,73.037
6288,4,682,4590.195371842966,1439.532922297207,2019-07-22T13:31:30Z,46.48258333,12.91425000,2061.00,73.027
6289,4,683,4591.195371842966,1440.532922297207,2019-07-22T13:31:31Z,46.48246667,12.91428333,2062.00,73.015
6290,4,684,4592.195371842966,1441.532922297207,2019-07-22T13:31:32Z,46.48235000,12.91430000,2060.00,73.005
6291,4,685,4593.195371842966,1442.532922297207,2019-07-22T13:31:33Z,46.48223333,12.91431667,2060.00,72.994
6292,4,686,4594.195371842966,1443.532922297207,2019-07-22T13:31:34Z,46.48210000,12.91435000,2059.00,72.982
6293,4,687,4595.195371842966,1444.532922297207,2019-07-22T13:31:35Z,46.48198333,12.91438333,2058.00,72.97
6294,4,688,4596.195371842966,1445.532922297207,2019-07-22T13:31:36Z,46.48186667,12.91441667,2058.00,72.959
6295,4,689,4597.195371842966,1446.532922297207,2019-07-22T13:31:37Z,46.48175000,12.91445000,2056.00,72.948
6296,4,690,4598.195371842966,1447.532922297207,2019-07-22T13:31:38Z,46.48163333,12.91446667,2054.00,72.937
6297,4,691,4599.195371842966,1448.532922297207,2019-07-22T13:31:39Z,46.48151667,12.91450000,2052.00,72.926
6298,4,692,4600.195371842966,1449.532922297207,2019-07-22T13:31:40Z,46.48141667,12.91453333,2051.00,72.916
6299,4,693,4601.195371842966,1450.532922297207,2019-07-22T13:31:41Z,46.48130000,12.91458333,2048.00,72.904
6300,4,694,4602.195371842966,1451.532922297207,2019-07-22T13:31:42Z,46.48118333,12.91463333,2046.00,72.892
6301,4,695,4603.195371842966,1452.532922297207,2019-07-22T13:31:43Z,46.48106667,12.91466667,2043.00,72.88
6302,4,696,4604.195371842966,1453.532922297207,2019-07-22T13:31:44Z,46.48093333,12.91471667,2040.00,72.867
6303,4,697,4605.195371842966,1454.532922297207,2019-07-22T13:31:45Z,46.48081667,12.91475000,2039.00,72.855
6304,4,698,4606.195371842966,1455.532922297207,2019-07-22T13:31:46Z,46.48068333,12.91478333,2037.00,72.843
6305,4,699,4607.195371842966,1456.532922297207,2019-07-22T13:31:47Z,46.48056667,12.91481667,2036.00,72.831
6306,4,700,4608.195371842966,1457.532922297207,2019-07-22T13:31:48Z,46.48045000,12.91486667,2035.00,72.819
6307,4,701,4609.195371842966,1458.532922297207,2019-07-22T13:31:49Z,46.48033333,12.91490000,2034.00,72.808
6308,4,702,4610.195371842966,1459.532922297207,2019-07-22T13:31:50Z,46.48021667,12.91495000,2033.00,72.796
6309,4,703,4611.195371842966,1460.532922297207,2019-07-22T13:31:51Z,46.48010000,12.91500000,2032.00,72.783
6310,4,704,4612.195371842966,1461.532922297207,2019-07-22T13:31:52Z,46.47998333,12.91505000,2031.00,72.771
6311,4,705,4613.195371842966,1462.532922297207,2019-07-22T13:31:53Z,46.47986667,12.91510000,2028.00,72.759
6312,4,706,4614.195371842966,1463.532922297207,2019-07-22T13:31:54Z,46.47975000,12.91515000,2022.00,72.747
6313,4,707,4615.195371842966,1464.532922297207,2019-07-22T13:31:55Z,46.47963333,12.91520000,2022.00,72.735
6314,4,708,4616.195371842966,1465.532922297207,2019-07-22T13:31:56Z,46.47950000,12.91525000,2022.00,72.721
6315,4,709,4617.195371842966,1466.532922297207,2019-07-22T13:31:57Z,46.47938333,12.91530000,2021.00,72.709
6316,4,710,4618.195371842966,1467.532922297207,2019-07-22T13:31:58Z,46.47926667,12.91531667,2019.00,72.699
6317,4,711,4619.195371842966,1468.532922297207,2019-07-22T13:31:59Z,46.47913333,12.91533333,2018.00,72.687
6318,4,712,4620.195371842966,1469.532922297207,2019-07-22T13:32:00Z,46.47901667,12.91535000,2017.00,72.676
6319,4,713,4621.195371842966,1470.532922297207,2019-07-22T13:32:01Z,46.47890000,12.91538333,2017.00,72.665
6320,4,714,4622.195371842966,1471.532922297207,2019-07-22T13:32:02Z,46.47878333,12.91540000,2016.00,72.655
6321,4,715,4623.195371842966,1472.532922297207,2019-07-22T13:32:03Z,46.47866667,12.91540000,2015.00,72.645
6322,4,716,4624.195371842966,1473.532922297207,2019-07-22T13:32:04Z,46.47855000,12.91540000,2014.00,72.635
6323,4,717,4625.195371842966,1474.532922297207,2019-07-22T13:32:05Z,46.47841667,12.91543333,2010.00,72.623
6324,4,718,4626.195371842966,1475.532922297207,2019-07-22T13:32:06Z,46.47828333,12.91546667,2009.00,72.61
6325,4,719,4627.195371842966,1476.532922297207,2019-07-22T13:32:07Z,46.47813333,12.91551667,2009.00,72.595
6326,4,720,4628.195371842966,1477.532922297207,2019-07-22T13:32:08Z,46.47798333,12.91555000,2007.00,72.581
6327,4,721,4629.195371842966,1478.532922297207,2019-07-22T13:32:09Z,46.47783333,12.91558333,2005.00,72.567
6328,4,722,4630.195371842966,1479.532922297207,2019-07-22T13:32:10Z,46.47768333,12.91560000,2004.00,72.554
6329,4,723,4631.195371842966,1480.532922297207,2019-07-22T13:32:11Z,46.47755000,12.91560000,2005.00,72.543
6330,4,724,4632.195371842966,1481.532922297207,2019-07-22T13:32:12Z,46.47741667,12.91561667,2006.00,72.531
6331,4,725,4633.195371842966,1482.532922297207,2019-07-22T13:32:13Z,46.47728333,12.91561667,2007.00,72.52
6332,4,726,4634.195371842966,1483.532922297207,2019-07-22T13:32:14Z,46.47716667,12.91561667,2009.00,72.511
6333,4,727,4635.195371842966,1484.532922297207,2019-07-22T13:32:15Z,46.47703333,12.91560000,2010.00,72.501
6334,4,728,4636.195371842966,1485.532922297207,2019-07-22T13:32:16Z,46.47690000,12.91556667,2011.00,72.491
6335,4,729,4637.195371842966,1486.532922297207,2019-07-22T13:32:17Z,46.47678333,12.91553333,2012.00,72.484
6336,4,730,4638.195371842966,1487.532922297207,2019-07-22T13:32:18Z,46.47668333,12.91550000,2013.00,72.477
6337,4,731,4639.195371842966,1488.532922297207,2019-07-22T13:32:19Z,46.47658333,12.91548333,2016.00,72.47
6338,4,732,4640.195371842966,1489.532922297207,2019-07-22T13:32:20Z,46.47648333,12.91548333,2017.00,72.462
6339,4,733,4641.195371842966,1490.532922297207,2019-07-22T13:32:21Z,46.47640000,12.91548333,2019.00,72.455
6340,4,734,4642.195371842966,1491.532922297207,2019-07-22T13:32:22Z,46.47631667,12.91550000,2019.00,72.447
6341,4,735,4643.195371842966,1492.532922297207,2019-07-22T13:32:23Z,46.47621667,12.91551667,2019.00,72.438
6342,4,736,4644.195371842966,1493.532922297207,2019-07-22T13:32:24Z,46.47610000,12.91553333,2018.00,72.428
6343,4,737,4645.195371842966,1494.532922297207,2019-07-22T13:32:25Z,46.47598333,12.91555000,2017.00,72.417
6344,4,738,4646.195371842966,1495.532922297207,2019-07-22T13:32:26Z,46.47586667,12.91555000,2015.00,72.408
6345,4,739,4647.195371842966,1496.532922297207,2019-07-22T13:32:27Z,46.47573333,12.91553333,2014.00,72.398
6346,4,740,4648.195371842966,1497.532922297207,2019-07-22T13:32:28Z,46.47561667,12.91553333,2014.00,72.388
6347,4,741,4649.195371842966,1498.532922297207,2019-07-22T13:32:29Z,46.47548333,12.91553333,2012.00,72.377
6348,4,742,4650.195371842966,1499.532922297207,2019-07-22T13:32:30Z,46.47536667,12.91553333,2011.00,72.368
6349,4,743,4651.195371842966,1500.532922297207,2019-07-22T13:32:31Z,46.47525000,12.91553333,2011.00,72.358
6350,4,744,4652.195371842966,1501.532922297207,2019-07-22T13:32:32Z,46.47515000,12.91555000,2009.00,72.349
6351,4,745,4653.195371842966,1502.532922297207,2019-07-22T13:32:33Z,46.47503333,12.91555000,2008.00,72.339
6352,4,746,4654.195371842966,1503.532922297207,2019-07-22T13:32:34Z,46.47491667,12.91553333,2006.00,72.331
6353,4,747,4655.195371842966,1504.532922297207,2019-07-22T13:32:35Z,46.47480000,12.91551667,2005.00,72.322
6354,4,748,4656.195371842966,1505.532922297207,2019-07-22T13:32:36Z,46.47466667,12.91550000,2003.00,72.312
6355,4,749,4657.195371842966,1506.532922297207,2019-07-22T13:32:37Z,46.47455000,12.91545000,2001.00,72.305
6356,4,750,4658.195371842966,1507.532922297207,2019-07-22T13:32:38Z,46.47441667,12.91541667,1999.00,72.296
6357,4,751,4659.195371842966,1508.532922297207,2019-07-22T13:32:39Z,46.47430000,12.91538333,1999.00,72.288
6358,4,752,4660.195371842966,1509.532922297207,2019-07-22T13:32:40Z,46.47420000,12.91535000,1998.00,72.282
6359,4,753,4661.195371842966,1510.532922297207,2019-07-22T13:32:41Z,46.47408333,12.91530000,1997.00,72.275
6360,4,754,4662.195371842966,1511.532922297207,2019-07-22T13:32:42Z,46.47396667,12.91526667,1995.00,72.267
6361,4,755,4663.195371842966,1512.532922297207,2019-07-22T13:32:43Z,46.47386667,12.91523333,1995.00,72.261
6362,4,756,4664.195371842966,1513.532922297207,2019-07-22T13:32:44Z,46.47375000,12.91520000,1992.00,72.253
6363,4,757,4665.195371842966,1514.532922297207,2019-07-22T13:32:45Z,46.47363333,12.91516667,1989.00,72.245
6364,4,758,4666.195371842966,1515.532922297207,2019-07-22T13:32:46Z,46.47350000,12.91513333,1986.00,72.236
6365,4,759,4667.195371842966,1516.532922297207,2019-07-22T13:32:47Z,46.47338333,12.91510000,1984.00,72.228
6366,4,760,4668.195371842966,1517.532922297207,2019-07-22T13:32:48Z,46.47326667,12.91506667,1982.00,72.22
6367,4,761,4669.195371842966,1518.532922297207,2019-07-22T13:32:49Z,46.47315000,12.91505000,1980.00,72.212
6368,4,762,4670.195371842966,1519.532922297207,2019-07-22T13:32:50Z,46.47303333,12.91503333,1981.00,72.203
6369,4,763,4671.195371842966,1520.532922297207,2019-07-22T13:32:51Z,46.47291667,12.91501667,1981.00,72.194
6370,4,764,4672.195371842966,1521.532922297207,2019-07-22T13:32:52Z,46.47278333,12.91500000,1981.00,72.184
6371,4,765,4673.195371842966,1522.532922297207,2019-07-22T13:32:53Z,46.47266667,12.91498333,1980.00,72.176
6372,4,766,4674.195371842966,1523.532922297207,2019-07-22T13:32:54Z,46.47255000,12.91496667,1979.00,72.167
6373,4,767,4675.195371842966,1524.532922297207,2019-07-22T13:32:55Z,46.47245000,12.91493333,1979.00,72.161
6374,4,768,4676.195371842966,1525.532922297207,2019-07-22T13:32:56Z,46.47233333,12.91490000,1978.00,72.153
6375,4,769,4677.195371842966,1526.532922297207,2019-07-22T13:32:57Z,46.47223333,12.91486667,1979.00,72.147
6376,4,770,4678.195371842966,1527.532922297207,2019-07-22T13:32:58Z,46.47213333,12.91481667,1978.00,72.141
6377,4,771,4679.195371842966,1528.532922297207,2019-07-22T13:32:59Z,46.47203333,12.91476667,1976.00,72.136
6378,4,772,4680.195371842966,1529.532922297207,2019-07-22T13:33:00Z,46.47193333,12.91471667,1974.00,72.13
6379,4,773,4681.195371842966,1530.532922297207,2019-07-22T13:33:01Z,46.47183333,12.91465000,1974.00,72.125
6380,4,774,4682.195371842966,1531.532922297207,2019-07-22T13:33:02Z,46.47171667,12.91458333,1972.00,72.119
6381,4,775,4683.195371842966,1532.532922297207,2019-07-22T13:33:03Z,46.47160000,12.91451667,1970.00,72.113
6382,4,776,4684.195371842966,1533.532922297207,2019-07-22T13:33:04Z,46.47148333,12.91446667,1968.00,72.107
6383,4,777,4685.195371842966,1534.532922297207,2019-07-22T13:33:05Z,46.47136667,12.91440000,1967.00,72.101
6384,4,778,4686.195371842966,1535.532922297207,2019-07-22T13:33:06Z,46.47126667,12.91435000,1966.00,72.095
6385,4,779,4687.195371842966,1536.532922297207,2019-07-22T13:33:07Z,46.47115000,12.91430000,1965.00,72.088
6386,4,780,4688.195371842966,1537.532922297207,2019-07-22T13:33:08Z,46.47103333,12.91425000,1964.00,72.081
6387,4,781,4689.195371842966,1538.532922297207,2019-07-22T13:33:09Z,46.47091667,12.91420000,1962.00,72.075
6388,4,782,4690.195371842966,1539.532922297207,2019-07-22T13:33:10Z,46.47081667,12.91416667,1961.00,72.068
6389,4,783,4691.195371842966,1540.532922297207,2019-07-22T13:33:11Z,46.47070000,12.91413333,1960.00,72.06
6390,4,784,4692.195371842966,1541.532922297207,2019-07-22T13:33:12Z,46.47058333,12.91411667,1958.00,72.052
6391,4,785,4693.195371842966,1542.532922297207,2019-07-22T13:33:13Z,46.47048333,12.91411667,1957.00,72.044
6392,4,786,4694.195371842966,1543.532922297207,2019-07-22T13:33:14Z,46.47036667,12.91410000,1955.00,72.035
6393,4,787,4695.195371842966,1544.532922297207,2019-07-22T13:33:15Z,46.47025000,12.91410000,1954.00,72.026
6394,4,788,4696.195371842966,1545.532922297207,2019-07-22T13:33:16Z,46.47011667,12.91410000,1952.00,72.015
6395,4,789,4697.195371842966,1546.532922297207,2019-07-22T13:33:17Z,46.47000000,12.91411667,1949.00,72.005
6396,4,790,4698.195371842966,1547.532922297207,2019-07-22T13:33:18Z,46.46985000,12.91413333,1946.00,71.992
6397,4,791,4699.195371842966,1548.532922297207,2019-07-22T13:33:19Z,46.46971667,12.91415000,1945.00,71.98
6398,4,792,4700.195371842966,1549.532922297207,2019-07-22T13:33:20Z,46.46958333,12.91415000,1944.00,71.969
6399,4,793,4701.195371842966,1550.532922297207,2019-07-22T13:33:21Z,46.46945000,12.91415000,1940.00,71.958
6400,4,794,4702.195371842966,1551.532922297207,2019-07-22T13:33:22Z,46.46931667,12.91413333,1941.00,71.948
6401,4,795,4703.195371842966,1552.532922297207,2019-07-22T13:33:23Z,46.46916667,12.91413333,1940.00,71.936
6402,4,796,4704.195371842966,1553.532922297207,2019-07-22T13:33:24Z,46.46903333,12.91411667,1939.00,71.926
6403,4,797,4705.195371842966,1554.532922297207,2019-07-22T13:33:25Z,46.46890000,12.91408333,1940.00,71.917
6404,4,798,4706.195371842966,1555.532922297207,2019-07-22T13:33:26Z,46.46876667,12.91406667,1940.00,71.907
6405,4,799,4707.195371842966,1556.532922297207,2019-07-22T13:33:27Z,46.46863333,12.91405000,1939.00,71.897
6406,4,800,4708.195371842966,1557.532922297207,2019-07-22T13:33:28Z,46.46850000,12.91405000,1938.00,71.887
6407,4,801,4709.195371842966,1558.532922297207,2019-07-22T13:33:29Z,46.46835000,12.91403333,1938.00,71.875
6408,4,802,4710.195371842966,1559.532922297207,2019-07-22T13:33:30Z,46.46821667,12.91401667,1937.00,71.866
6409,4,803,4711.195371842966,1560.532922297207,2019-07-22T13:33:31Z,46.46806667,12.91401667,1937.00,71.853
6410,4,804,4712.195371842966,1561.532922297207,2019-07-22T13:33:32Z,46.46793333,12.91401667,1937.00,71.843
6411,4,805,4713.195371842966,1562.532922297207,2019-07-22T13:33:33Z,46.46780000,12.91401667,1938.00,71.832
6412,4,806,4714.195371842966,1563.532922297207,2019-07-22T13:33:34Z,46.46766667,12.91403333,1938.00,71.82
6413,4,807,4715.195371842966,1564.532922297207,2019-07-22T13:33:35Z,46.46753333,12.91405000,1937.00,71.809
6414,4,808,4716.195371842966,1565.532922297207,2019-07-22T13:33:36Z,46.46740000,12.91406667,1937.00,71.797
6415,4,809,4717.195371842966,1566.532922297207,2019-07-22T13:33:37Z,46.46726667,12.91406667,1935.00,71.786
6416,4,810,4718.195371842966,1567.532922297207,2019-07-22T13:33:38Z,46.46713333,12.91408333,1934.00,71.775
6417,4,811,4719.195371842966,1568.532922297207,2019-07-22T13:33:39Z,46.46700000,12.91406667,1932.00,71.765
6418,4,812,4720.195371842966,1569.532922297207,2019-07-22T13:33:40Z,46.46685000,12.91405000,1930.00,71.753
6419,4,813,4721.195371842966,1570.532922297207,2019-07-22T13:33:41Z,46.46671667,12.91401667,1929.00,71.744
6420,4,814,4722.195371842966,1571.532922297207,2019-07-22T13:33:42Z,46.46658333,12.91398333,1929.00,71.735
6421,4,815,4723.195371842966,1572.532922297207,2019-07-22T13:33:43Z,46.46643333,12.91395000,1929.00,71.725
6422,4,816,4724.195371842966,1573.532922297207,2019-07-22T13:33:44Z,46.46631667,12.91391667,1929.00,71.718
6423,4,817,4725.195371842966,1574.532922297207,2019-07-22T13:33:45Z,46.46618333,12.91390000,1929.00,71.708
6424,4,818,4726.195371842966,1575.532922297207,2019-07-22T13:33:46Z,46.46606667,12.91386667,1928.00,71.7
6425,4,819,4727.195371842966,1576.532922297207,2019-07-22T13:33:47Z,46.46595000,12.91386667,1926.00,71.691
6426,4,820,4728.195371842966,1577.532922297207,2019-07-22T13:33:48Z,46.46581667,12.91386667,1923.00,71.68
6427,4,821,4729.195371842966,1578.532922297207,2019-07-22T13:33:49Z,46.46568333,12.91385000,1921.00,71.67
6428,4,822,4730.195371842966,1579.532922297207,2019-07-22T13:33:50Z,46.46555000,12.91385000,1919.00,71.659
6429,4,823,4731.195371842966,1580.532922297207,2019-07-22T13:33:51Z,46.46543333,12.91385000,1918.00,71.65
6430,4,824,4732.195371842966,1581.532922297207,2019-07-22T13:33:52Z,46.46530000,12.91385000,1917.00,71.639
6431,4,825,4733.195371842966,1582.532922297207,2019-07-22T13:33:53Z,46.46518333,12.91385000,1918.00,71.63
6432,4,826,4734.195371842966,1583.532922297207,2019-07-22T13:33:54Z,46.46508333,12.91385000,1918.00,71.622
6433,4,827,4735.195371842966,1584.532922297207,2019-07-22T13:33:55Z,46.46496667,12.91385000,1917.00,71.612
6434,4,828,4736.195371842966,1585.532922297207,2019-07-22T13:33:56Z,46.46486667,12.91385000,1916.00,71.604
6435,4,829,4737.195371842966,1586.532922297207,2019-07-22T13:33:57Z,46.46475000,12.91383333,1915.00,71.596
6436,4,830,4738.195371842966,1587.532922297207,2019-07-22T13:33:58Z,46.46463333,12.91381667,1914.00,71.587
6437,4,831,4739.195371842966,1588.532922297207,2019-07-22T13:33:59Z,46.46451667,12.91378333,1913.00,71.58
6438,4,832,4740.195371842966,1589.532922297207,2019-07-22T13:34:00Z,46.46440000,12.91376667,1911.00,71.571
6439,4,833,4741.195371842966,1590.532922297207,2019-07-22T13:34:01Z,46.46428333,12.91375000,1910.00,71.563
6440,4,834,4742.195371842966,1591.532922297207,2019-07-22T13:34:02Z,46.46416667,12.91373333,1908.00,71.554
6441,4,835,4743.195371842966,1592.532922297207,2019-07-22T13:34:03Z,46.46405000,12.91373333,1907.00,71.545
6442,4,836,4744.195371842966,1593.532922297207,2019-07-22T13:34:04Z,46.46391667,12.91371667,1906.00,71.535
6443,4,837,4745.195371842966,1594.532922297207,2019-07-22T13:34:05Z,46.46381667,12.91370000,1905.00,71.528
6444,4,838,4746.195371842966,1595.532922297207,2019-07-22T13:34:06Z,46.46370000,12.91370000,1905.00,71.519
6445,4,839,4747.195371842966,1596.532922297207,2019-07-22T13:34:07Z,46.46358333,12.91366667,1904.00,71.511
6446,4,840,4748.195371842966,1597.532922297207,2019-07-22T13:34:08Z,46.46345000,12.91365000,1901.00,71.501
6447,4,841,4749.195371842966,1598.532922297207,2019-07-22T13:34:09Z,46.46333333,12.91361667,1900.00,71.494
6448,4,842,4750.195371842966,1599.532922297207,2019-07-22T13:34:10Z,46.46321667,12.91358333,1898.00,71.486
6449,4,843,4751.195371842966,1600.532922297207,2019-07-22T13:34:11Z,46.46310000,12.91355000,1896.00,71.479
6450,4,844,4752.195371842966,1601.532922297207,2019-07-22T13:34:12Z,46.46298333,12.91351667,1895.00,71.471
6451,4,845,4753.195371842966,1602.532922297207,2019-07-22T13:34:13Z,46.46286667,12.91346667,1894.00,71.464
6452,4,846,4754.195371842966,1603.532922297207,2019-07-22T13:34:14Z,46.46275000,12.91345000,1892.00,71.456
6453,4,847,4755.195371842966,1604.532922297207,2019-07-22T13:34:15Z,46.46263333,12.91343333,1891.00,71.447
6454,4,848,4756.195371842966,1605.532922297207,2019-07-22T13:34:16Z,46.46253333,12.91341667,1889.00,71.44
6455,4,849,4757.195371842966,1606.532922297207,2019-07-22T13:34:17Z,46.46241667,12.91340000,1887.00,71.432
6456,4,850,4758.195371842966,1607.532922297207,2019-07-22T13:34:18Z,46.46230000,12.91338333,1884.00,71.423
6457,4,851,4759.195371842966,1608.532922297207,2019-07-22T13:34:19Z,46.46218333,12.91336667,1882.00,71.415
6458,4,852,4760.195371842966,1609.532922297207,2019-07-22T13:34:20Z,46.46206667,12.91335000,1881.00,71.406
6459,4,853,4761.195371842966,1610.532922297207,2019-07-22T13:34:21Z,46.46195000,12.91335000,1880.00,71.397
6460,4,854,4762.195371842966,1611.532922297207,2019-07-22T13:34:22Z,46.46183333,12.91335000,1878.00,71.388
6461,4,855,4763.195371842966,1612.532922297207,2019-07-22T13:34:23Z,46.46170000,12.91336667,1876.00,71.376
6462,4,856,4764.195371842966,1613.532922297207,2019-07-22T13:34:24Z,46.46158333,12.91338333,1873.00,71.366
6463,4,857,4765.195371842966,1614.532922297207,2019-07-22T13:34:25Z,46.46146667,12.91343333,1872.00,71.354
6464,4,858,4766.195371842966,1615.532922297207,2019-07-22T13:34:26Z,46.46136667,12.91346667,1874.00,71.344
6465,4,859,4767.195371842966,1616.532922297207,2019-07-22T13:34:27Z,46.46125000,12.91351667,1873.00,71.332
6466,4,860,4768.195371842966,1617.532922297207,2019-07-22T13:34:28Z,46.46115000,12.91356667,1873.00,71.322
6467,4,861,4769.195371842966,1618.532922297207,2019-07-22T13:34:29Z,46.46105000,12.91361667,1872.00,71.311
6468,4,862,4770.195371842966,1619.532922297207,2019-07-22T13:34:30Z,46.46095000,12.91366667,1871.00,71.3
6469,4,863,4771.195371842966,1620.532922297207,2019-07-22T13:34:31Z,46.46083333,12.91370000,1869.00,71.289
6470,4,864,4772.195371842966,1621.532922297207,2019-07-22T13:34:32Z,46.46073333,12.91373333,1868.00,71.279
6471,4,865,4773.195371842966,1622.532922297207,2019-07-22T13:34:33Z,46.46061667,12.91376667,1867.00,71.268
6472,4,866,4774.195371842966,1623.532922297207,2019-07-22T13:34:34Z,46.46050000,12.91376667,1867.00,71.259
6473,4,867,4775.195371842966,1624.532922297207,2019-07-22T13:34:35Z,46.46038333,12.91378333,1867.00,71.249
6474,4,868,4776.195371842966,1625.532922297207,2019-07-22T13:34:36Z,46.46028333,12.91378333,1866.00,71.241
6475,4,869,4777.195371842966,1626.532922297207,2019-07-22T13:34:37Z,46.46016667,12.91378333,1866.00,71.232
6476,4,870,4778.195371842966,1627.532922297207,2019-07-22T13:34:38Z,46.46005000,12.91376667,1865.00,71.223
6477,4,871,4779.195371842966,1628.532922297207,2019-07-22T13:34:39Z,46.45991667,12.91375000,1863.00,71.213
6478,4,872,4780.195371842966,1629.532922297207,2019-07-22T13:34:40Z,46.45980000,12.91373333,1861.00,71.205
6479,4,873,4781.195371842966,1630.532922297207,2019-07-22T13:34:41Z,46.45968333,12.91370000,1859.00,71.198
6480,4,874,4782.195371842966,1631.532922297207,2019-07-22T13:34:42Z,46.45956667,12.91368333,1858.00,71.189
6481,4,875,4783.195371842966,1632.532922297207,2019-07-22T13:34:43Z,46.45945000,12.91365000,1857.00,71.182
6482,4,876,4784.195371842966,1633.532922297207,2019-07-22T13:34:44Z,46.45933333,12.91363333,1856.00,71.173
6483,4,877,4785.195371842966,1634.532922297207,2019-07-22T13:34:45Z,46.45921667,12.91360000,1853.00,71.166
6484,4,878,4786.195371842966,1635.532922297207,2019-07-22T13:34:46Z,46.45908333,12.91358333,1852.00,71.156
6485,4,879,4787.195371842966,1636.532922297207,2019-07-22T13:34:47Z,46.45895000,12.91356667,1850.00,71.146
6486,4,880,4788.195371842966,1637.532922297207,2019-07-22T13:34:48Z,46.45883333,12.91356667,1850.00,71.137
6487,4,881,4789.195371842966,1638.532922297207,2019-07-22T13:34:49Z,46.45870000,12.91355000,1850.00,71.127
6488,4,882,4790.195371842966,1639.532922297207,2019-07-22T13:34:50Z,46.45858333,12.91355000,1850.00,71.118
6489,4,883,4791.195371842966,1640.532922297207,2019-07-22T13:34:51Z,46.45846667,12.91355000,1850.00,71.109
6490,4,884,4792.195371842966,1641.532922297207,2019-07-22T13:34:52Z,46.45833333,12.91355000,1849.00,71.098
6491,4,885,4793.195371842966,1642.532922297207,2019-07-22T13:34:53Z,46.45821667,12.91355000,1848.00,71.089
6492,4,886,4794.195371842966,1643.532922297207,2019-07-22T13:34:54Z,46.45808333,12.91355000,1846.00,71.078
6493,4,887,4795.195371842966,1644.532922297207,2019-07-22T13:34:55Z,46.45796667,12.91355000,1845.00,71.069
6494,4,888,4796.195371842966,1645.532922297207,2019-07-22T13:34:56Z,46.45783333,12.91353333,1843.00,71.059
6495,4,889,4797.195371842966,1646.532922297207,2019-07-22T13:34:57Z,46.45770000,12.91350000,1844.00,71.05
6496,4,890,4798.195371842966,1647.532922297207,2019-07-22T13:34:58Z,46.45756667,12.91345000,1844.00,71.043
6497,4,891,4799.195371842966,1648.532922297207,2019-07-22T13:34:59Z,46.45745000,12.91338333,1842.00,71.037
6498,4,892,4800.195371842966,1649.532922297207,2019-07-22T13:35:00Z,46.45731667,12.91331667,1842.00,71.03
6499,4,893,4801.195371842966,1650.532922297207,2019-07-22T13:35:01Z,46.45721667,12.91321667,1840.00,71.027
6500,4,894,4802.195371842966,1651.532922297207,2019-07-22T13:35:02Z,46.45710000,12.91310000,1840.00,71.024
6501,4,895,4803.195371842966,1652.532922297207,2019-07-22T13:35:03Z,46.45701667,12.91298333,1841.00,71.024
6502,4,896,4804.195371842966,1653.532922297207,2019-07-22T13:35:04Z,46.45693333,12.91285000,1841.00,71.024
6503,4,897,4805.195371842966,1654.532922297207,2019-07-22T13:35:05Z,46.45686667,12.91271667,1839.00,71.026
6504,4,898,4806.195371842966,1655.532922297207,2019-07-22T13:35:06Z,46.45680000,12.91255000,1839.00,71.03
6505,4,899,4807.195371842966,1656.532922297207,2019-07-22T13:35:07Z,46.45675000,12.91235000,1837.00,71.037
6506,4,900,4808.195371842966,1657.532922297207,2019-07-22T13:35:08Z,46.45671667,12.91215000,1835.00,71.045
6507,4,901,4809.195371842966,1658.532922297207,2019-07-22T13:35:09Z,46.45668333,12.91193333,1835.00,71.053
6508,4,902,4810.195371842966,1659.532922297207,2019-07-22T13:35:10Z,46.45666667,12.91171667,1833.00,71.063
6509,4,903,4811.195371842966,1660.532922297207,2019-07-22T13:35:11Z,46.45663333,12.91151667,1832.00,71.071
6510,4,904,4812.195371842966,1661.532922297207,2019-07-22T13:35:12Z,46.45661667,12.91130000,1831.00,71.082
6511,4,905,4813.195371842966,1662.532922297207,2019-07-22T13:35:13Z,46.45660000,12.91108333,1830.00,71.092
6512,4,906,4814.195371842966,1663.532922297207,2019-07-22T13:35:14Z,46.45660000,12.91086667,1829.00,71.103
6513,4,907,4815.195371842966,1664.532922297207,2019-07-22T13:35:15Z,46.45663333,12.91065000,1828.00,71.117
6514,4,908,4816.195371842966,1665.532922297207,2019-07-22T13:35:16Z,46.45668333,12.91041667,1828.00,71.134
6515,4,909,4817.195371842966,1666.532922297207,2019-07-22T13:35:17Z,46.45671667,12.91018333,1827.00,71.149
6516,4,910,4818.195371842966,1667.532922297207,2019-07-22T13:35:18Z,46.45678333,12.90995000,1826.00,71.167
6517,4,911,4819.195371842966,1668.532922297207,2019-07-22T13:35:19Z,46.45685000,12.90971667,1825.00,71.184
6518,4,912,4820.195371842966,1669.532922297207,2019-07-22T13:35:20Z,46.45688333,12.90950000,1825.00,71.199
6519,4,913,4821.195371842966,1670.532922297207,2019-07-22T13:35:21Z,46.45691667,12.90926667,1825.00,71.214
6520,4,914,4822.195371842966,1671.532922297207,2019-07-22T13:35:22Z,46.45690000,12.90905000,1827.00,71.224
6521,4,915,4823.195371842966,1672.532922297207,2019-07-22T13:35:23Z,46.45685000,12.90885000,1829.00,71.231
6522,4,916,4824.195371842966,1673.532922297207,2019-07-22T13:35:24Z,46.45676667,12.90868333,1830.00,71.233
6523,4,917,4825.195371842966,1674.532922297207,2019-07-22T13:35:25Z,46.45666667,12.90856667,1831.00,71.231
6524,4,918,4826.195371842966,1675.532922297207,2019-07-22T13:35:26Z,46.45653333,12.90848333,1832.00,71.225
6525,4,919,4827.195371842966,1676.532922297207,2019-07-22T13:35:27Z,46.45641667,12.90843333,1833.00,71.218
6526,4,920,4828.195371842966,1677.532922297207,2019-07-22T13:35:28Z,46.45628333,12.90841667,1834.00,71.208
6527,4,921,4829.195371842966,1678.532922297207,2019-07-22T13:35:29Z,46.45615000,12.90843333,1835.00,71.197
6528,4,922,4830.195371842966,1679.532922297207,2019-07-22T13:35:30Z,46.45603333,12.90846667,1836.00,71.186
6529,4,923,4831.195371842966,1680.532922297207,2019-07-22T13:35:31Z,46.45590000,12.90851667,1838.00,71.172
6530,4,924,4832.195371842966,1681.532922297207,2019-07-22T13:35:32Z,46.45580000,12.90860000,1839.00,71.16
6531,4,925,4833.195371842966,1682.532922297207,2019-07-22T13:35:33Z,46.45568333,12.90868333,1840.00,71.146
6532,4,926,4834.195371842966,1683.532922297207,2019-07-22T13:35:34Z,46.45558333,12.90880000,1840.00,71.132
6533,4,927,4835.195371842966,1684.532922297207,2019-07-22T13:35:35Z,46.45546667,12.90891667,1840.00,71.116
6534,4,928,4836.195371842966,1685.532922297207,2019-07-22T13:35:36Z,46.45536667,12.90905000,1842.00,71.101
6535,4,929,4837.195371842966,1686.532922297207,2019-07-22T13:35:37Z,46.45526667,12.90918333,1844.00,71.086
6536,4,930,4838.195371842966,1687.532922297207,2019-07-22T13:35:38Z,46.45516667,12.90930000,1846.00,71.072
6537,4,931,4839.195371842966,1688.532922297207,2019-07-22T13:35:39Z,46.45505000,12.90941667,1849.00,71.057
6538,4,932,4840.195371842966,1689.532922297207,2019-07-22T13:35:40Z,46.45496667,12.90955000,1852.00,71.043
6539,4,933,4841.195371842966,1690.532922297207,2019-07-22T13:35:41Z,46.45486667,12.90966667,1854.00,71.029
6540,4,934,4842.195371842966,1691.532922297207,2019-07-22T13:35:42Z,46.45476667,12.90980000,1857.00,71.013
6541,4,935,4843.195371842966,1692.532922297207,2019-07-22T13:35:43Z,46.45466667,12.90995000,1860.00,70.997
6542,4,936,4844.195371842966,1693.532922297207,2019-07-22T13:35:44Z,46.45460000,12.91015000,1862.00,70.981
6543,4,937,4845.195371842966,1694.532922297207,2019-07-22T13:35:45Z,46.45458333,12.91036667,1863.00,70.969
6544,4,938,4846.195371842966,1695.532922297207,2019-07-22T13:35:46Z,46.45461667,12.91058333,1865.00,70.96
6545,4,939,4847.195371842966,1696.532922297207,2019-07-22T13:35:47Z,46.45466667,12.91080000,1868.00,70.952
6546,4,940,4848.195371842966,1697.532922297207,2019-07-22T13:35:48Z,46.45476667,12.91098333,1870.00,70.95
6547,4,941,4849.195371842966,1698.532922297207,2019-07-22T13:35:49Z,46.45490000,12.91111667,1871.00,70.954
6548,4,942,4850.195371842966,1699.532922297207,2019-07-22T13:35:50Z,46.45505000,12.91123333,1871.00,70.96
6549,4,943,4851.195371842966,1700.532922297207,2019-07-22T13:35:51Z,46.45523333,12.91130000,1871.00,70.971
6550,4,944,4852.195371842966,1701.532922297207,2019-07-22T13:35:52Z,46.45543333,12.91130000,1872.00,70.987
6551,4,945,4853.195371842966,1702.532922297207,2019-07-22T13:35:53Z,46.45563333,12.91121667,1874.00,71.007
6552,4,946,4854.195371842966,1703.532922297207,2019-07-22T13:35:54Z,46.45580000,12.91110000,1876.00,71.027
6553,4,947,4855.195371842966,1704.532922297207,2019-07-22T13:35:55Z,46.45591667,12.91095000,1880.00,71.044
6554,4,948,4856.195371842966,1705.532922297207,2019-07-22T13:35:56Z,46.45601667,12.91075000,1884.00,71.063
6555,4,949,4857.195371842966,1706.532922297207,2019-07-22T13:35:57Z,46.45608333,12.91056667,1887.00,71.078
6556,4,950,4858.195371842966,1707.532922297207,2019-07-22T13:35:58Z,46.45613333,12.91040000,1890.00,71.091
6557,4,951,4859.195371842966,1708.532922297207,2019-07-22T13:35:59Z,46.45613333,12.91023333,1892.00,71.1
6558,4,952,4860.195371842966,1709.532922297207,2019-07-22T13:36:00Z,46.45611667,12.91008333,1892.00,71.106
6559,4,953,4861.195371842966,1710.532922297207,2019-07-22T13:36:01Z,46.45606667,12.90995000,1891.00,71.109
6560,4,954,4862.195371842966,1711.532922297207,2019-07-22T13:36:02Z,46.45598333,12.90985000,1889.00,71.108
6561,4,955,4863.195371842966,1712.532922297207,2019-07-22T13:36:03Z,46.45586667,12.90978333,1888.00,71.102
6562,4,956,4864.195371842966,1713.532922297207,2019-07-22T13:36:04Z,46.45573333,12.90975000,1889.00,71.093
6563,4,957,4865.195371842966,1714.532922297207,2019-07-22T13:36:05Z,46.45560000,12.90973333,1890.00,71.084
6564,4,958,4866.195371842966,1715.532922297207,2019-07-22T13:36:06Z,46.45548333,12.90975000,1893.00,71.073
6565,4,959,4867.195371842966,1716.532922297207,2019-07-22T13:36:07Z,46.45538333,12.90981667,1895.00,71.062
6566,4,960,4868.195371842966,1717.532922297207,2019-07-22T13:36:08Z,46.45530000,12.90988333,1898.00,71.052
6567,4,961,4869.195371842966,1718.532922297207,2019-07-22T13:36:09Z,46.45521667,12.90998333,1902.00,71.04
6568,4,962,4870.195371842966,1719.532922297207,2019-07-22T13:36:10Z,46.45515000,12.91008333,1904.00,71.029
6569,4,963,4871.195371842966,1720.532922297207,2019-07-22T13:36:11Z,46.45508333,12.91021667,1906.00,71.017
6570,4,964,4872.195371842966,1721.532922297207,2019-07-22T13:36:12Z,46.45503333,12.91033333,1909.00,71.006
6571,4,965,4873.195371842966,1722.532922297207,2019-07-22T13:36:13Z,46.45496667,12.91046667,1911.00,70.994
6572,4,966,4874.195371842966,1723.532922297207,2019-07-22T13:36:14Z,46.45491667,12.91061667,1913.00,70.982
6573,4,967,4875.195371842966,1724.532922297207,2019-07-22T13:36:15Z,46.45486667,12.91073333,1917.00,70.972
6574,4,968,4876.195371842966,1725.532922297207,2019-07-22T13:36:16Z,46.45481667,12.91086667,1921.00,70.961
6575,4,969,4877.195371842966,1726.532922297207,2019-07-22T13:36:17Z,46.45475000,12.91100000,1921.00,70.948
6576,4,970,4878.195371842966,1727.532922297207,2019-07-22T13:36:18Z,46.45468333,12.91111667,1920.00,70.937
6577,4,971,4879.195371842966,1728.532922297207,2019-07-22T13:36:19Z,46.45460000,12.91121667,1920.00,70.925
6578,4,972,4880.195371842966,1729.532922297207,2019-07-22T13:36:20Z,46.45451667,12.91131667,1920.00,70.913
6579,4,973,4881.195371842966,1730.532922297207,2019-07-22T13:36:21Z,46.45443333,12.91141667,1920.00,70.901
6580,4,974,4882.195371842966,1731.532922297207,2019-07-22T13:36:22Z,46.45435000,12.91151667,1920.00,70.889
6581,4,975,4883.195371842966,1732.532922297207,2019-07-22T13:36:23Z,46.45426667,12.91158333,1921.00,70.878
6582,4,976,4884.195371842966,1733.532922297207,2019-07-22T13:36:24Z,46.45416667,12.91163333,1922.00,70.868
6583,4,977,4885.195371842966,1734.532922297207,2019-07-22T13:36:25Z,46.45408333,12.91170000,1923.00,70.858
6584,4,978,4886.195371842966,1735.532922297207,2019-07-22T13:36:26Z,46.45400000,12.91176667,1923.00,70.847
6585,4,979,4887.195371842966,1736.532922297207,2019-07-22T13:36:27Z,46.45391667,12.91183333,1923.00,70.837
6586,4,980,4888.195371842966,1737.532922297207,2019-07-22T13:36:28Z,46.45381667,12.91190000,1922.00,70.826
6587,4,981,4889.195371842966,1738.532922297207,2019-07-22T13:36:29Z,46.45371667,12.91198333,1922.00,70.813
6588,4,982,4890.195371842966,1739.532922297207,2019-07-22T13:36:30Z,46.45361667,12.91205000,1922.00,70.802
6589,4,983,4891.195371842966,1740.532922297207,2019-07-22T13:36:31Z,46.45350000,12.91211667,1923.00,70.789
6590,4,984,4892.195371842966,1741.532922297207,2019-07-22T13:36:32Z,46.45338333,12.91218333,1926.00,70.776
6591,4,985,4893.195371842966,1742.532922297207,2019-07-22T13:36:33Z,46.45328333,12.91225000,1928.00,70.764
6592,4,986,4894.195371842966,1743.532922297207,2019-07-22T13:36:34Z,46.45318333,12.91233333,1931.00,70.752
6593,4,987,4895.195371842966,1744.532922297207,2019-07-22T13:36:35Z,46.45310000,12.91241667,1933.00,70.741
6594,4,988,4896.195371842966,1745.532922297207,2019-07-22T13:36:36Z,46.45300000,12.91250000,1934.00,70.728
6595,4,989,4897.195371842966,1746.532922297207,2019-07-22T13:36:37Z,46.45291667,12.91256667,1936.00,70.718
6596,4,990,4898.195371842966,1747.532922297207,2019-07-22T13:36:38Z,46.45281667,12.91263333,1937.00,70.707
6597,4,991,4899.195371842966,1748.532922297207,2019-07-22T13:36:39Z,46.45273333,12.91271667,1938.00,70.696
6598,4,992,4900.195371842966,1749.532922297207,2019-07-22T13:36:40Z,46.45263333,12.91281667,1938.00,70.682
6599,4,993,4901.195371842966,1750.532922297207,2019-07-22T13:36:41Z,46.45253333,12.91293333,1937.00,70.668
6600,4,994,4902.195371842966,1751.532922297207,2019-07-22T13:36:42Z,46.45243333,12.91305000,1936.00,70.654
6601,4,995,4903.195371842966,1752.532922297207,2019-07-22T13:36:43Z,46.45235000,12.91315000,1935.00,70.642
6602,4,996,4904.195371842966,1753.532922297207,2019-07-22T13:36:44Z,46.45226667,12.91326667,1935.00,70.629
6603,4,997,4905.195371842966,1754.532922297207,2019-07-22T13:36:45Z,46.45218333,12.91340000,1935.00,70.615
6604,4,998,4906.195371842966,1755.532922297207,2019-07-22T13:36:46Z,46.45208333,12.91351667,1935.00,70.601
6605,4,999,4907.195371842966,1756.532922297207,2019-07-22T13:36:47Z,46.45198333,12.91363333,1935.00,70.587
6606,4,1000,4908.195371842966,1757.532922297207,2019-07-22T13:36:48Z,46.45188333,12.91375000,1934.00,70.573
6607,4,1001,4909.195371842966,1758.532922297207,2019-07-22T13:36:49Z,46.45178333,12.91385000,1933.00,70.559
6608,4,1002,4910.195371842966,1759.532922297207,2019-07-22T13:36:50Z,46.45168333,12.91391667,1932.00,70.548
6609,4,1003,4911.195371842966,1760.532922297207,2019-07-22T13:36:51Z,46.45156667,12.91398333,1931.00,70.535
6610,4,1004,4912.195371842966,1761.532922297207,2019-07-22T13:36:52Z,46.45145000,12.91406667,1930.00,70.521
6611,4,1005,4913.195371842966,1762.532922297207,2019-07-22T13:36:53Z,46.45133333,12.91413333,1931.00,70.508
6612,4,1006,4914.195371842966,1763.532922297207,2019-07-22T13:36:54Z,46.45123333,12.91423333,1932.00,70.495
6613,4,1007,4915.195371842966,1764.532922297207,2019-07-22T13:36:55Z,46.45111667,12.91433333,1932.00,70.48
6614,4,1008,4916.195371842966,1765.532922297207,2019-07-22T13:36:56Z,46.45101667,12.91441667,1931.00,70.468
6615,4,1009,4917.195371842966,1766.532922297207,2019-07-22T13:36:57Z,46.45090000,12.91448333,1931.00,70.455
6616,4,1010,4918.195371842966,1767.532922297207,2019-07-22T13:36:58Z,46.45078333,12.91455000,1932.00,70.442
6617,4,1011,4919.195371842966,1768.532922297207,2019-07-22T13:36:59Z,46.45068333,12.91460000,1932.00,70.432
6618,4,1012,4920.195371842966,1769.532922297207,2019-07-22T13:37:00Z,46.45060000,12.91465000,1931.00,70.422
6619,4,1013,4921.195371842966,1770.532922297207,2019-07-22T13:37:01Z,46.45048333,12.91471667,1930.00,70.409
6620,4,1014,4922.195371842966,1771.532922297207,2019-07-22T13:37:02Z,46.45035000,12.91478333,1930.00,70.395
6621,4,1015,4923.195371842966,1772.532922297207,2019-07-22T13:37:03Z,46.45023333,12.91488333,1930.00,70.381
6622,4,1016,4924.195371842966,1773.532922297207,2019-07-22T13:37:04Z,46.45010000,12.91495000,1932.00,70.366
6623,4,1017,4925.195371842966,1774.532922297207,2019-07-22T13:37:05Z,46.45000000,12.91501667,1934.00,70.355
6624,4,1018,4926.195371842966,1775.532922297207,2019-07-22T13:37:06Z,46.44990000,12.91508333,1937.00,70.343
6625,4,1019,4927.195371842966,1776.532922297207,2019-07-22T13:37:07Z,46.44980000,12.91516667,1939.00,70.331
6626,4,1020,4928.195371842966,1777.532922297207,2019-07-22T13:37:08Z,46.44970000,12.91526667,1941.00,70.318
6627,4,1021,4929.195371842966,1778.532922297207,2019-07-22T13:37:09Z,46.44958333,12.91538333,1942.00,70.302
6628,4,1022,4930.195371842966,1779.532922297207,2019-07-22T13:37:10Z,46.44948333,12.91550000,1943.00,70.288
6629,4,1023,4931.195371842966,1780.532922297207,2019-07-22T13:37:11Z,46.44938333,12.91561667,1945.00,70.274
6630,4,1024,4932.195371842966,1781.532922297207,2019-07-22T13:37:12Z,46.44930000,12.91571667,1946.00,70.262
6631,4,1025,4933.195371842966,1782.532922297207,2019-07-22T13:37:13Z,46.44923333,12.91581667,1948.00,70.251
6632,4,1026,4934.195371842966,1783.532922297207,2019-07-22T13:37:14Z,46.44915000,12.91591667,1948.00,70.239
6633,4,1027,4935.195371842966,1784.532922297207,2019-07-22T13:37:15Z,46.44905000,12.91603333,1949.00,70.225
6634,4,1028,4936.195371842966,1785.532922297207,2019-07-22T13:37:16Z,46.44895000,12.91613333,1950.00,70.212
6635,4,1029,4937.195371842966,1786.532922297207,2019-07-22T13:37:17Z,46.44885000,12.91623333,1951.00,70.198
6636,4,1030,4938.195371842966,1787.532922297207,2019-07-22T13:37:18Z,46.44875000,12.91633333,1952.00,70.185
6637,4,1031,4939.195371842966,1788.532922297207,2019-07-22T13:37:19Z,46.44865000,12.91641667,1952.00,70.172
6638,4,1032,4940.195371842966,1789.532922297207,2019-07-22T13:37:20Z,46.44853333,12.91651667,1954.00,70.158
6639,4,1033,4941.195371842966,1790.532922297207,2019-07-22T13:37:21Z,46.44843333,12.91660000,1954.00,70.145
6640,4,1034,4942.195371842966,1791.532922297207,2019-07-22T13:37:22Z,46.44833333,12.91670000,1955.00,70.132
6641,4,1035,4943.195371842966,1792.532922297207,2019-07-22T13:37:23Z,46.44823333,12.91680000,1955.00,70.119
6642,4,1036,4944.195371842966,1793.532922297207,2019-07-22T13:37:24Z,46.44815000,12.91690000,1956.00,70.107
6643,4,1037,4945.195371842966,1794.532922297207,2019-07-22T13:37:25Z,46.44805000,12.91703333,1956.00,70.092
6644,4,1038,4946.195371842966,1795.532922297207,2019-07-22T13:37:26Z,46.44796667,12.91716667,1957.00,70.078
6645,4,1039,4947.195371842966,1796.532922297207,2019-07-22T13:37:27Z,46.44786667,12.91730000,1957.00,70.063
6646,4,1040,4948.195371842966,1797.532922297207,2019-07-22T13:37:28Z,46.44776667,12.91745000,1957.00,70.047
6647,4,1041,4949.195371842966,1798.532922297207,2019-07-22T13:37:29Z,46.44766667,12.91758333,1959.00,70.032
6648,4,1042,4950.195371842966,1799.532922297207,2019-07-22T13:37:30Z,46.44756667,12.91768333,1960.00,70.018
6649,4,1043,4951.195371842966,1800.532922297207,2019-07-22T13:37:31Z,46.44745000,12.91778333,1960.00,70.004
6650,4,1044,4952.195371842966,1801.532922297207,2019-07-22T13:37:32Z,46.44736667,12.91788333,1961.00,69.992
6651,4,1045,4953.195371842966,1802.532922297207,2019-07-22T13:37:33Z,46.44725000,12.91796667,1960.00,69.978
6652,4,1046,4954.195371842966,1803.532922297207,2019-07-22T13:37:34Z,46.44715000,12.91805000,1959.00,69.966
6653,4,1047,4955.195371842966,1804.532922297207,2019-07-22T13:37:35Z,46.44703333,12.91811667,1959.00,69.953
6654,4,1048,4956.195371842966,1805.532922297207,2019-07-22T13:37:36Z,46.44690000,12.91818333,1958.00,69.939
6655,4,1049,4957.195371842966,1806.532922297207,2019-07-22T13:37:37Z,46.44678333,12.91826667,1958.00,69.925
6656,4,1050,4958.195371842966,1807.532922297207,2019-07-22T13:37:38Z,46.44666667,12.91835000,1958.00,69.911
6657,4,1051,4959.195371842966,1808.532922297207,2019-07-22T13:37:39Z,46.44653333,12.91843333,1959.00,69.896
6658,4,1052,4960.195371842966,1809.532922297207,2019-07-22T13:37:40Z,46.44641667,12.91851667,1959.00,69.882
6659,4,1053,4961.195371842966,1810.532922297207,2019-07-22T13:37:41Z,46.44628333,12.91858333,1959.00,69.868
6660,4,1054,4962.195371842966,1811.532922297207,2019-07-22T13:37:42Z,46.44615000,12.91863333,1961.00,69.855
6661,4,1055,4963.195371842966,1812.532922297207,2019-07-22T13:37:43Z,46.44601667,12.91868333,1963.00,69.842
6662,4,1056,4964.195371842966,1813.532922297207,2019-07-22T13:37:44Z,46.44590000,12.91871667,1964.00,69.831
6663,4,1057,4965.195371842966,1814.532922297207,2019-07-22T13:37:45Z,46.44576667,12.91875000,1965.00,69.818
6664,4,1058,4966.195371842966,1815.532922297207,2019-07-22T13:37:46Z,46.44565000,12.91878333,1965.00,69.807
6665,4,1059,4967.195371842966,1816.532922297207,2019-07-22T13:37:47Z,46.44551667,12.91880000,1964.00,69.796
6666,4,1060,4968.195371842966,1817.532922297207,2019-07-22T13:37:48Z,46.44540000,12.91878333,1964.00,69.787
6667,4,1061,4969.195371842966,1818.532922297207,2019-07-22T13:37:49Z,46.44528333,12.91875000,1964.00,69.78
6668,4,1062,4970.195371842966,1819.532922297207,2019-07-22T13:37:50Z,46.44516667,12.91868333,1964.00,69.774
6669,4,1063,4971.195371842966,1820.532922297207,2019-07-22T13:37:51Z,46.44506667,12.91860000,1964.00,69.771
6670,4,1064,4972.195371842966,1821.532922297207,2019-07-22T13:37:52Z,46.44500000,12.91848333,1964.00,69.772
6671,4,1065,4973.195371842966,1822.532922297207,2019-07-22T13:37:53Z,46.44493333,12.91833333,1963.00,69.774
6672,4,1066,4974.195371842966,1823.532922297207,2019-07-22T13:37:54Z,46.44488333,12.91816667,1963.00,69.779
6673,4,1067,4975.195371842966,1824.532922297207,2019-07-22T13:37:55Z,46.44488333,12.91798333,1962.00,69.789
6674,4,1068,4976.195371842966,1825.532922297207,2019-07-22T13:37:56Z,46.44490000,12.91781667,1962.00,69.8
6675,4,1069,4977.195371842966,1826.532922297207,2019-07-22T13:37:57Z,46.44493333,12.91765000,1962.00,69.811
6676,4,1070,4978.195371842966,1827.532922297207,2019-07-22T13:37:58Z,46.44498333,12.91748333,1962.00,69.824
6677,4,1071,4979.195371842966,1828.532922297207,2019-07-22T13:37:59Z,46.44506667,12.91735000,1963.00,69.838
6678,4,1072,4980.195371842966,1829.532922297207,2019-07-22T13:38:00Z,46.44515000,12.91721667,1965.00,69.852
6679,4,1073,4981.195371842966,1830.532922297207,2019-07-22T13:38:01Z,46.44523333,12.91708333,1966.00,69.865
6680,4,1074,4982.195371842966,1831.532922297207,2019-07-22T13:38:02Z,46.44533333,12.91695000,1968.00,69.88
6681,4,1075,4983.195371842966,1832.532922297207,2019-07-22T13:38:03Z,46.44540000,12.91681667,1968.00,69.893
6682,4,1076,4984.195371842966,1833.532922297207,2019-07-22T13:38:04Z,46.44548333,12.91668333,1969.00,69.907
6683,4,1077,4985.195371842966,1834.532922297207,2019-07-22T13:38:05Z,46.44558333,12.91655000,1970.00,69.922
6684,4,1078,4986.195371842966,1835.532922297207,2019-07-22T13:38:06Z,46.44568333,12.91641667,1971.00,69.937
6685,4,1079,4987.195371842966,1836.532922297207,2019-07-22T13:38:07Z,46.44580000,12.91630000,1971.00,69.952
6686,4,1080,4988.195371842966,1837.532922297207,2019-07-22T13:38:08Z,46.44593333,12.91621667,1972.00,69.967
6687,4,1081,4989.195371842966,1838.532922297207,2019-07-22T13:38:09Z,46.44606667,12.91615000,1973.00,69.982
6688,4,1082,4990.195371842966,1839.532922297207,2019-07-22T13:38:10Z,46.44621667,12.91606667,1974.00,69.998
6689,4,1083,4991.195371842966,1840.532922297207,2019-07-22T13:38:11Z,46.44638333,12.91601667,1976.00,70.014
6690,4,1084,4992.195371842966,1841.532922297207,2019-07-22T13:38:12Z,46.44653333,12.91596667,1978.00,70.028
6691,4,1085,4993.195371842966,1842.532922297207,2019-07-22T13:38:13Z,46.44668333,12.91596667,1979.00,70.04
6692,4,1086,4994.195371842966,1843.532922297207,2019-07-22T13:38:14Z,46.44685000,12.91601667,1981.00,70.051
6693,4,1087,4995.195371842966,1844.532922297207,2019-07-22T13:38:15Z,46.44698333,12.91610000,1982.00,70.057
6694,4,1088,4996.195371842966,1845.532922297207,2019-07-22T13:38:16Z,46.44711667,12.91621667,1983.00,70.061
6695,4,1089,4997.195371842966,1846.532922297207,2019-07-22T13:38:17Z,46.44721667,12.91636667,1984.00,70.061
6696,4,1090,4998.195371842966,1847.532922297207,2019-07-22T13:38:18Z,46.44728333,12.91655000,1986.00,70.057
6697,4,1091,4999.195371842966,1848.532922297207,2019-07-22T13:38:19Z,46.44733333,12.91676667,1986.00,70.049
6698,4,1092,5000.195371842966,1849.532922297207,2019-07-22T13:38:20Z,46.44733333,12.91696667,1986.00,70.038
6699,4,1093,5001.195371842966,1850.532922297207,2019-07-22T13:38:21Z,46.44730000,12.91716667,1986.00,70.025
6700,4,1094,5002.195371842966,1851.532922297207,2019-07-22T13:38:22Z,46.44723333,12.91733333,1986.00,70.011
6701,4,1095,5003.195371842966,1852.532922297207,2019-07-22T13:38:23Z,46.44715000,12.91746667,1987.00,69.997
6702,4,1096,5004.195371842966,1853.532922297207,2019-07-22T13:38:24Z,46.44705000,12.91756667,1987.00,69.984
6703,4,1097,5005.195371842966,1854.532922297207,2019-07-22T13:38:25Z,46.44693333,12.91761667,1988.00,69.972
6704,4,1098,5006.195371842966,1855.532922297207,2019-07-22T13:38:26Z,46.44683333,12.91763333,1988.00,69.963
6705,4,1099,5007.195371842966,1856.532922297207,2019-07-22T13:38:27Z,46.44671667,12.91761667,1989.00,69.954
6706,4,1100,5008.195371842966,1857.532922297207,2019-07-22T13:38:28Z,46.44660000,12.91756667,1988.00,69.948
6707,4,1101,5009.195371842966,1858.532922297207,2019-07-22T13:38:29Z,46.44650000,12.91746667,1987.00,69.945
6708,4,1102,5010.195371842966,1859.532922297207,2019-07-22T13:38:30Z,46.44638333,12.91735000,1986.00,69.942
6709,4,1103,5011.195371842966,1860.532922297207,2019-07-22T13:38:31Z,46.44630000,12.91718333,1985.00,69.945
6710,4,1104,5012.195371842966,1861.532922297207,2019-07-22T13:38:32Z,46.44621667,12.91701667,1985.00,69.947
6711,4,1105,5013.195371842966,1862.532922297207,2019-07-22T13:38:33Z,46.44615000,12.91683333,1985.00,69.951
6712,4,1106,5014.195371842966,1863.532922297207,2019-07-22T13:38:34Z,46.44610000,12.91665000,1986.00,69.957
6713,4,1107,5015.195371842966,1864.532922297207,2019-07-22T13:38:35Z,46.44606667,12.91645000,1986.00,69.965
6714,4,1108,5016.195371842966,1865.532922297207,2019-07-22T13:38:36Z,46.44603333,12.91625000,1986.00,69.974
6715,4,1109,5017.195371842966,1866.532922297207,2019-07-22T13:38:37Z,46.44601667,12.91603333,1985.00,69.984
6716,4,1110,5018.195371842966,1867.532922297207,2019-07-22T13:38:38Z,46.44603333,12.91580000,1987.00,69.998
6717,4,1111,5019.195371842966,1868.532922297207,2019-07-22T13:38:39Z,46.44605000,12.91558333,1988.00,70.011
6718,4,1112,5020.195371842966,1869.532922297207,2019-07-22T13:38:40Z,46.44608333,12.91536667,1991.00,70.025
6719,4,1113,5021.195371842966,1870.532922297207,2019-07-22T13:38:41Z,46.44613333,12.91518333,1993.00,70.039
6720,4,1114,5022.195371842966,1871.532922297207,2019-07-22T13:38:42Z,46.44620000,12.91500000,1996.00,70.054
6721,4,1115,5023.195371842966,1872.532922297207,2019-07-22T13:38:43Z,46.44630000,12.91481667,1996.00,70.072
6722,4,1116,5024.195371842966,1873.532922297207,2019-07-22T13:38:44Z,46.44641667,12.91466667,1997.00,70.089
6723,4,1117,5025.195371842966,1874.532922297207,2019-07-22T13:38:45Z,46.44655000,12.91453333,2000.00,70.107
6724,4,1118,5026.195371842966,1875.532922297207,2019-07-22T13:38:46Z,46.44666667,12.91443333,2003.00,70.121
6725,4,1119,5027.195371842966,1876.532922297207,2019-07-22T13:38:47Z,46.44678333,12.91436667,2005.00,70.134
6726,4,1120,5028.195371842966,1877.532922297207,2019-07-22T13:38:48Z,46.44690000,12.91433333,2008.00,70.145
6727,4,1121,5029.195371842966,1878.532922297207,2019-07-22T13:38:49Z,46.44703333,12.91433333,2011.00,70.156
6728,4,1122,5030.195371842966,1879.532922297207,2019-07-22T13:38:50Z,46.44716667,12.91436667,2013.00,70.165
6729,4,1123,5031.195371842966,1880.532922297207,2019-07-22T13:38:51Z,46.44728333,12.91443333,2015.00,70.17
6730,4,1124,5032.195371842966,1881.532922297207,2019-07-22T13:38:52Z,46.44740000,12.91453333,2017.00,70.174
6731,4,1125,5033.195371842966,1882.532922297207,2019-07-22T13:38:53Z,46.44750000,12.91465000,2019.00,70.176
6732,4,1126,5034.195371842966,1883.532922297207,2019-07-22T13:38:54Z,46.44760000,12.91476667,2021.00,70.177
6733,4,1127,5035.195371842966,1884.532922297207,2019-07-22T13:38:55Z,46.44768333,12.91490000,2024.00,70.177
6734,4,1128,5036.195371842966,1885.532922297207,2019-07-22T13:38:56Z,46.44775000,12.91506667,2025.00,70.173
6735,4,1129,5037.195371842966,1886.532922297207,2019-07-22T13:38:57Z,46.44778333,12.91523333,2025.00,70.167
6736,4,1130,5038.195371842966,1887.532922297207,2019-07-22T13:38:58Z,46.44780000,12.91543333,2024.00,70.158
6737,4,1131,5039.195371842966,1888.532922297207,2019-07-22T13:38:59Z,46.44776667,12.91563333,2022.00,70.144
6738,4,1132,5040.195371842966,1889.532922297207,2019-07-22T13:39:00Z,46.44770000,12.91583333,2021.00,70.128
6739,4,1133,5041.195371842966,1890.532922297207,2019-07-22T13:39:01Z,46.44761667,12.91600000,2021.00,70.113
6740,4,1134,5042.195371842966,1891.532922297207,2019-07-22T13:39:02Z,46.44753333,12.91613333,2022.00,70.099
6741,4,1135,5043.195371842966,1892.532922297207,2019-07-22T13:39:03Z,46.44743333,12.91623333,2024.00,70.086
6742,4,1136,5044.195371842966,1893.532922297207,2019-07-22T13:39:04Z,46.44733333,12.91631667,2026.00,70.073
6743,4,1137,5045.195371842966,1894.532922297207,2019-07-22T13:39:05Z,46.44721667,12.91638333,2027.00,70.06
6744,4,1138,5046.195371842966,1895.532922297207,2019-07-22T13:39:06Z,46.44710000,12.91641667,2029.00,70.049
6745,4,1139,5047.195371842966,1896.532922297207,2019-07-22T13:39:07Z,46.44698333,12.91641667,2028.00,70.04
6746,4,1140,5048.195371842966,1897.532922297207,2019-07-22T13:39:08Z,46.44688333,12.91638333,2028.00,70.034
6747,4,1141,5049.195371842966,1898.532922297207,2019-07-22T13:39:09Z,46.44676667,12.91631667,2028.00,70.028
6748,4,1142,5050.195371842966,1899.532922297207,2019-07-22T13:39:10Z,46.44666667,12.91621667,2027.00,70.026
6749,4,1143,5051.195371842966,1900.532922297207,2019-07-22T13:39:11Z,46.44656667,12.91608333,2026.00,70.025
6750,4,1144,5052.195371842966,1901.532922297207,2019-07-22T13:39:12Z,46.44646667,12.91590000,2026.00,70.027
6751,4,1145,5053.195371842966,1902.532922297207,2019-07-22T13:39:13Z,46.44641667,12.91570000,2027.00,70.034
6752,4,1146,5054.195371842966,1903.532922297207,2019-07-22T13:39:14Z,46.44638333,12.91546667,2028.00,70.043
6753,4,1147,5055.195371842966,1904.532922297207,2019-07-22T13:39:15Z,46.44638333,12.91523333,2030.00,70.056
6754,4,1148,5056.195371842966,1905.532922297207,2019-07-22T13:39:16Z,46.44643333,12.91503333,2033.00,70.071
6755,4,1149,5057.195371842966,1906.532922297207,2019-07-22T13:39:17Z,46.44648333,12.91483333,2036.00,70.085
6756,4,1150,5058.195371842966,1907.532922297207,2019-07-22T13:39:18Z,46.44656667,12.91466667,2038.00,70.101
6757,4,1151,5059.195371842966,1908.532922297207,2019-07-22T13:39:19Z,46.44666667,12.91453333,2041.00,70.116
6758,4,1152,5060.195371842966,1909.532922297207,2019-07-22T13:39:20Z,46.44678333,12.91441667,2044.00,70.132
6759,4,1153,5061.195371842966,1910.532922297207,2019-07-22T13:39:21Z,46.44690000,12.91433333,2046.00,70.145
6760,4,1154,5062.195371842966,1911.532922297207,2019-07-22T13:39:22Z,46.44705000,12.91430000,2048.00,70.159
6761,4,1155,5063.195371842966,1912.532922297207,2019-07-22T13:39:23Z,46.44720000,12.91430000,2048.00,70.171
6762,4,1156,5064.195371842966,1913.532922297207,2019-07-22T13:39:24Z,46.44733333,12.91436667,2048.00,70.178
6763,4,1157,5065.195371842966,1914.532922297207,2019-07-22T13:39:25Z,46.44746667,12.91446667,2049.00,70.183
6764,4,1158,5066.195371842966,1915.532922297207,2019-07-22T13:39:26Z,46.44756667,12.91460000,2051.00,70.184
6765,4,1159,5067.195371842966,1916.532922297207,2019-07-22T13:39:27Z,46.44763333,12.91476667,2053.00,70.18
6766,4,1160,5068.195371842966,1917.532922297207,2019-07-22T13:39:28Z,46.44766667,12.91493333,2056.00,70.174
6767,4,1161,5069.195371842966,1918.532922297207,2019-07-22T13:39:29Z,46.44766667,12.91511667,2059.00,70.164
6768,4,1162,5070.195371842966,1919.532922297207,2019-07-22T13:39:30Z,46.44766667,12.91528333,2061.00,70.155
6769,4,1163,5071.195371842966,1920.532922297207,2019-07-22T13:39:31Z,46.44761667,12.91543333,2063.00,70.143
6770,4,1164,5072.195371842966,1921.532922297207,2019-07-22T13:39:32Z,46.44753333,12.91558333,2064.00,70.128
6771,4,1165,5073.195371842966,1922.532922297207,2019-07-22T13:39:33Z,46.44745000,12.91566667,2065.00,70.117
6772,4,1166,5074.195371842966,1923.532922297207,2019-07-22T13:39:34Z,46.44733333,12.91573333,2067.00,70.104
6773,4,1167,5075.195371842966,1924.532922297207,2019-07-22T13:39:35Z,46.44721667,12.91575000,2068.00,70.094
6774,4,1168,5076.195371842966,1925.532922297207,2019-07-22T13:39:36Z,46.44710000,12.91573333,2069.00,70.086
6775,4,1169,5077.195371842966,1926.532922297207,2019-07-22T13:39:37Z,46.44698333,12.91570000,2070.00,70.078
6776,4,1170,5078.195371842966,1927.532922297207,2019-07-22T13:39:38Z,46.44686667,12.91563333,2071.00,70.073
6777,4,1171,5079.195371842966,1928.532922297207,2019-07-22T13:39:39Z,46.44675000,12.91548333,2071.00,70.072
6778,4,1172,5080.195371842966,1929.532922297207,2019-07-22T13:39:40Z,46.44665000,12.91530000,2070.00,70.073
6779,4,1173,5081.195371842966,1930.532922297207,2019-07-22T13:39:41Z,46.44656667,12.91508333,2069.00,70.079
6780,4,1174,5082.195371842966,1931.532922297207,2019-07-22T13:39:42Z,46.44653333,12.91485000,2070.00,70.088
6781,4,1175,5083.195371842966,1932.532922297207,2019-07-22T13:39:43Z,46.44650000,12.91461667,2072.00,70.098
6782,4,1176,5084.195371842966,1933.532922297207,2019-07-22T13:39:44Z,46.44650000,12.91441667,2074.00,70.109
6783,4,1177,5085.195371842966,1934.532922297207,2019-07-22T13:39:45Z,46.44650000,12.91421667,2077.00,70.12
6784,4,1178,5086.195371842966,1935.532922297207,2019-07-22T13:39:46Z,46.44653333,12.91401667,2079.00,70.133
6785,4,1179,5087.195371842966,1936.532922297207,2019-07-22T13:39:47Z,46.44660000,12.91383333,2081.00,70.148
6786,4,1180,5088.195371842966,1937.532922297207,2019-07-22T13:39:48Z,46.44670000,12.91366667,2081.00,70.165
6787,4,1181,5089.195371842966,1938.532922297207,2019-07-22T13:39:49Z,46.44683333,12.91353333,2083.00,70.183
6788,4,1182,5090.195371842966,1939.532922297207,2019-07-22T13:39:50Z,46.44698333,12.91345000,2085.00,70.199
6789,4,1183,5091.195371842966,1940.532922297207,2019-07-22T13:39:51Z,46.44711667,12.91341667,2086.00,70.212
6790,4,1184,5092.195371842966,1941.532922297207,2019-07-22T13:39:52Z,46.44726667,12.91345000,2089.00,70.222
6791,4,1185,5093.195371842966,1942.532922297207,2019-07-22T13:39:53Z,46.44740000,12.91351667,2091.00,70.229
6792,4,1186,5094.195371842966,1943.532922297207,2019-07-22T13:39:54Z,46.44750000,12.91361667,2093.00,70.231
6793,4,1187,5095.195371842966,1944.532922297207,2019-07-22T13:39:55Z,46.44758333,12.91376667,2095.00,70.23
6794,4,1188,5096.195371842966,1945.532922297207,2019-07-22T13:39:56Z,46.44763333,12.91395000,2095.00,70.224
6795,4,1189,5097.195371842966,1946.532922297207,2019-07-22T13:39:57Z,46.44763333,12.91413333,2096.00,70.214
6796,4,1190,5098.195371842966,1947.532922297207,2019-07-22T13:39:58Z,46.44758333,12.91431667,2097.00,70.2
6797,4,1191,5099.195371842966,1948.532922297207,2019-07-22T13:39:59Z,46.44751667,12.91445000,2099.00,70.188
6798,4,1192,5100.195371842966,1949.532922297207,2019-07-22T13:40:00Z,46.44743333,12.91458333,2100.00,70.174
6799,4,1193,5101.195371842966,1950.532922297207,2019-07-22T13:40:01Z,46.44733333,12.91468333,2100.00,70.161
6800,4,1194,5102.195371842966,1951.532922297207,2019-07-22T13:40:02Z,46.44720000,12.91478333,2101.00,70.145
6801,4,1195,5103.195371842966,1952.532922297207,2019-07-22T13:40:03Z,46.44706667,12.91483333,2104.00,70.132
6802,4,1196,5104.195371842966,1953.532922297207,2019-07-22T13:40:04Z,46.44695000,12.91485000,2108.00,70.121
6803,4,1197,5105.195371842966,1954.532922297207,2019-07-22T13:40:05Z,46.44683333,12.91485000,2111.00,70.112
6804,4,1198,5106.195371842966,1955.532922297207,2019-07-22T13:40:06Z,46.44671667,12.91483333,2112.00,70.104
6805,4,1199,5107.195371842966,1956.532922297207,2019-07-22T13:40:07Z,46.44660000,12.91480000,2112.00,70.096
6806,4,1200,5108.195371842966,1957.532922297207,2019-07-22T13:40:08Z,46.44648333,12.91471667,2112.00,70.092
6807,4,1201,5109.195371842966,1958.532922297207,2019-07-22T13:40:09Z,46.44636667,12.91461667,2111.00,70.088
6808,4,1202,5110.195371842966,1959.532922297207,2019-07-22T13:40:10Z,46.44625000,12.91448333,2111.00,70.086
6809,4,1203,5111.195371842966,1960.532922297207,2019-07-22T13:40:11Z,46.44613333,12.91435000,2112.00,70.084
6810,4,1204,5112.195371842966,1961.532922297207,2019-07-22T13:40:12Z,46.44605000,12.91415000,2112.00,70.088
6811,4,1205,5113.195371842966,1962.532922297207,2019-07-22T13:40:13Z,46.44600000,12.91395000,2115.00,70.095
6812,4,1206,5114.195371842966,1963.532922297207,2019-07-22T13:40:14Z,46.44598333,12.91373333,2118.00,70.105
6813,4,1207,5115.195371842966,1964.532922297207,2019-07-22T13:40:15Z,46.44598333,12.91351667,2122.00,70.117
6814,4,1208,5116.195371842966,1965.532922297207,2019-07-22T13:40:16Z,46.44601667,12.91333333,2124.00,70.129
6815,4,1209,5117.195371842966,1966.532922297207,2019-07-22T13:40:17Z,46.44608333,12.91316667,2126.00,70.144
6816,4,1210,5118.195371842966,1967.532922297207,2019-07-22T13:40:18Z,46.44616667,12.91301667,2127.00,70.158
6817,4,1211,5119.195371842966,1968.532922297207,2019-07-22T13:40:19Z,46.44625000,12.91288333,2127.00,70.172
6818,4,1212,5120.195371842966,1969.532922297207,2019-07-22T13:40:20Z,46.44638333,12.91278333,2127.00,70.188
6819,4,1213,5121.195371842966,1970.532922297207,2019-07-22T13:40:21Z,46.44651667,12.91271667,2128.00,70.202
6820,4,1214,5122.195371842966,1971.532922297207,2019-07-22T13:40:22Z,46.44665000,12.91268333,2128.00,70.214
6821,4,1215,5123.195371842966,1972.532922297207,2019-07-22T13:40:23Z,46.44680000,12.91265000,2130.00,70.228
6822,4,1216,5124.195371842966,1973.532922297207,2019-07-22T13:40:24Z,46.44695000,12.91261667,2131.00,70.242
6823,4,1217,5125.195371842966,1974.532922297207,2019-07-22T13:40:25Z,46.44710000,12.91261667,2132.00,70.254
6824,4,1218,5126.195371842966,1975.532922297207,2019-07-22T13:40:26Z,46.44723333,12.91265000,2134.00,70.262
6825,4,1219,5127.195371842966,1976.532922297207,2019-07-22T13:40:27Z,46.44736667,12.91270000,2137.00,70.27
6826,4,1220,5128.195371842966,1977.532922297207,2019-07-22T13:40:28Z,46.44748333,12.91276667,2140.00,70.276
6827,4,1221,5129.195371842966,1978.532922297207,2019-07-22T13:40:29Z,46.44758333,12.91288333,2144.00,70.277
6828,4,1222,5130.195371842966,1979.532922297207,2019-07-22T13:40:30Z,46.44765000,12.91301667,2146.00,70.275
6829,4,1223,5131.195371842966,1980.532922297207,2019-07-22T13:40:31Z,46.44771667,12.91315000,2149.00,70.274
6830,4,1224,5132.195371842966,1981.532922297207,2019-07-22T13:40:32Z,46.44775000,12.91330000,2152.00,70.268
6831,4,1225,5133.195371842966,1982.532922297207,2019-07-22T13:40:33Z,46.44776667,12.91346667,2154.00,70.261
6832,4,1226,5134.195371842966,1983.532922297207,2019-07-22T13:40:34Z,46.44776667,12.91363333,2156.00,70.252
6833,4,1227,5135.195371842966,1984.532922297207,2019-07-22T13:40:35Z,46.44775000,12.91380000,2159.00,70.241
6834,4,1228,5136.195371842966,1985.532922297207,2019-07-22T13:40:36Z,46.44771667,12.91398333,2161.00,70.229
6835,4,1229,5137.195371842966,1986.532922297207,2019-07-22T13:40:37Z,46.44766667,12.91415000,2164.00,70.216
6836,4,1230,5138.195371842966,1987.532922297207,2019-07-22T13:40:38Z,46.44760000,12.91431667,2166.00,70.202
6837,4,1231,5139.195371842966,1988.532922297207,2019-07-22T13:40:39Z,46.44753333,12.91448333,2167.00,70.187
6838,4,1232,5140.195371842966,1989.532922297207,2019-07-22T13:40:40Z,46.44743333,12.91461667,2168.00,70.172
6839,4,1233,5141.195371842966,1990.532922297207,2019-07-22T13:40:41Z,46.44731667,12.91471667,2169.00,70.158
6840,4,1234,5142.195371842966,1991.532922297207,2019-07-22T13:40:42Z,46.44720000,12.91475000,2170.00,70.147
6841,4,1235,5143.195371842966,1992.532922297207,2019-07-22T13:40:43Z,46.44708333,12.91475000,2171.00,70.137
6842,4,1236,5144.195371842966,1993.532922297207,2019-07-22T13:40:44Z,46.44696667,12.91471667,2173.00,70.13
6843,4,1237,5145.195371842966,1994.532922297207,2019-07-22T13:40:45Z,46.44686667,12.91463333,2173.00,70.127
6844,4,1238,5146.195371842966,1995.532922297207,2019-07-22T13:40:46Z,46.44676667,12.91451667,2173.00,70.125
6845,4,1239,5147.195371842966,1996.532922297207,2019-07-22T13:40:47Z,46.44666667,12.91435000,2172.00,70.126
6846,4,1240,5148.195371842966,1997.532922297207,2019-07-22T13:40:48Z,46.44661667,12.91415000,2171.00,70.133
6847,4,1241,5149.195371842966,1998.532922297207,2019-07-22T13:40:49Z,46.44658333,12.91391667,2171.00,70.143
6848,4,1242,5150.195371842966,1999.532922297207,2019-07-22T13:40:50Z,46.44656667,12.91368333,2169.00,70.154
6849,4,1243,5151.195371842966,2000.532922297207,2019-07-22T13:40:51Z,46.44658333,12.91345000,2170.00,70.168
6850,4,1244,5152.195371842966,2001.532922297207,2019-07-22T13:40:52Z,46.44663333,12.91323333,2173.00,70.183
6851,4,1245,5153.195371842966,2002.532922297207,2019-07-22T13:40:53Z,46.44670000,12.91305000,2175.00,70.199
6852,4,1246,5154.195371842966,2003.532922297207,2019-07-22T13:40:54Z,46.44680000,12.91288333,2177.00,70.215
6853,4,1247,5155.195371842966,2004.532922297207,2019-07-22T13:40:55Z,46.44691667,12.91275000,2178.00,70.232
6854,4,1248,5156.195371842966,2005.532922297207,2019-07-22T13:40:56Z,46.44706667,12.91265000,2180.00,70.249
6855,4,1249,5157.195371842966,2006.532922297207,2019-07-22T13:40:57Z,46.44720000,12.91261667,2181.00,70.261
6856,4,1250,5158.195371842966,2007.532922297207,2019-07-22T13:40:58Z,46.44735000,12.91261667,2183.00,70.273
6857,4,1251,5159.195371842966,2008.532922297207,2019-07-22T13:40:59Z,46.44748333,12.91266667,2188.00,70.281
6858,4,1252,5160.195371842966,2009.532922297207,2019-07-22T13:41:00Z,46.44760000,12.91275000,2191.00,70.286
6859,4,1253,5161.195371842966,2010.532922297207,2019-07-22T13:41:01Z,46.44768333,12.91285000,2196.00,70.287
6860,4,1254,5162.195371842966,2011.532922297207,2019-07-22T13:41:02Z,46.44775000,12.91296667,2199.00,70.286
6861,4,1255,5163.195371842966,2012.532922297207,2019-07-22T13:41:03Z,46.44780000,12.91310000,2202.00,70.283
6862,4,1256,5164.195371842966,2013.532922297207,2019-07-22T13:41:04Z,46.44783333,12.91326667,2204.00,70.277
6863,4,1257,5165.195371842966,2014.532922297207,2019-07-22T13:41:05Z,46.44785000,12.91343333,2206.00,70.269
6864,4,1258,5166.195371842966,2015.532922297207,2019-07-22T13:41:06Z,46.44781667,12.91361667,2208.00,70.256
6865,4,1259,5167.195371842966,2016.532922297207,2019-07-22T13:41:07Z,46.44776667,12.91378333,2209.00,70.244
6866,4,1260,5168.195371842966,2017.532922297207,2019-07-22T13:41:08Z,46.44768333,12.91395000,2211.00,70.228
6867,4,1261,5169.195371842966,2018.532922297207,2019-07-22T13:41:09Z,46.44760000,12.91406667,2214.00,70.215
6868,4,1262,5170.195371842966,2019.532922297207,2019-07-22T13:41:10Z,46.44750000,12.91415000,2216.00,70.203
6869,4,1263,5171.195371842966,2020.532922297207,2019-07-22T13:41:11Z,46.44738333,12.91418333,2217.00,70.192
6870,4,1264,5172.195371842966,2021.532922297207,2019-07-22T13:41:12Z,46.44726667,12.91418333,2218.00,70.182
6871,4,1265,5173.195371842966,2022.532922297207,2019-07-22T13:41:13Z,46.44715000,12.91415000,2218.00,70.175
6872,4,1266,5174.195371842966,2023.532922297207,2019-07-22T13:41:14Z,46.44705000,12.91408333,2218.00,70.171
6873,4,1267,5175.195371842966,2024.532922297207,2019-07-22T13:41:15Z,46.44695000,12.91398333,2218.00,70.168
6874,4,1268,5176.195371842966,2025.532922297207,2019-07-22T13:41:16Z,46.44685000,12.91386667,2218.00,70.166
6875,4,1269,5177.195371842966,2026.532922297207,2019-07-22T13:41:17Z,46.44676667,12.91370000,2216.00,70.169
6876,4,1270,5178.195371842966,2027.532922297207,2019-07-22T13:41:18Z,46.44670000,12.91348333,2217.00,70.175
6877,4,1271,5179.195371842966,2028.532922297207,2019-07-22T13:41:19Z,46.44665000,12.91321667,2217.00,70.186
6878,4,1272,5180.195371842966,2029.532922297207,2019-07-22T13:41:20Z,46.44660000,12.91296667,2217.00,70.195
6879,4,1273,5181.195371842966,2030.532922297207,2019-07-22T13:41:21Z,46.44655000,12.91273333,2220.00,70.204
6880,4,1274,5182.195371842966,2031.532922297207,2019-07-22T13:41:22Z,46.44651667,12.91250000,2224.00,70.214
6881,4,1275,5183.195371842966,2032.532922297207,2019-07-22T13:41:23Z,46.44650000,12.91228333,2228.00,70.224
6882,4,1276,5184.195371842966,2033.532922297207,2019-07-22T13:41:24Z,46.44651667,12.91210000,2232.00,70.235
6883,4,1277,5185.195371842966,2034.532922297207,2019-07-22T13:41:25Z,46.44655000,12.91193333,2235.00,70.247
6884,4,1278,5186.195371842966,2035.532922297207,2019-07-22T13:41:26Z,46.44661667,12.91176667,2238.00,70.261
6885,4,1279,5187.195371842966,2036.532922297207,2019-07-22T13:41:27Z,46.44670000,12.91165000,2240.00,70.274
6886,4,1280,5188.195371842966,2037.532922297207,2019-07-22T13:41:28Z,46.44683333,12.91155000,2240.00,70.29
6887,4,1281,5189.195371842966,2038.532922297207,2019-07-22T13:41:29Z,46.44696667,12.91151667,2240.00,70.302
6888,4,1282,5190.195371842966,2039.532922297207,2019-07-22T13:41:30Z,46.44710000,12.91153333,2242.00,70.312
6889,4,1283,5191.195371842966,2040.532922297207,2019-07-22T13:41:31Z,46.44721667,12.91160000,2246.00,70.318
6890,4,1284,5192.195371842966,2041.532922297207,2019-07-22T13:41:32Z,46.44731667,12.91168333,2250.00,70.321
6891,4,1285,5193.195371842966,2042.532922297207,2019-07-22T13:41:33Z,46.44740000,12.91178333,2254.00,70.322
6892,4,1286,5194.195371842966,2043.532922297207,2019-07-22T13:41:34Z,46.44746667,12.91191667,2256.00,70.32
6893,4,1287,5195.195371842966,2044.532922297207,2019-07-22T13:41:35Z,46.44753333,12.91205000,2258.00,70.318
6894,4,1288,5196.195371842966,2045.532922297207,2019-07-22T13:41:36Z,46.44758333,12.91221667,2261.00,70.313
6895,4,1289,5197.195371842966,2046.532922297207,2019-07-22T13:41:37Z,46.44761667,12.91238333,2263.00,70.307
6896,4,1290,5198.195371842966,2047.532922297207,2019-07-22T13:41:38Z,46.44763333,12.91255000,2267.00,70.299
6897,4,1291,5199.195371842966,2048.532922297207,2019-07-22T13:41:39Z,46.44761667,12.91273333,2269.00,70.288
6898,4,1292,5200.195371842966,2049.532922297207,2019-07-22T13:41:40Z,46.44758333,12.91290000,2271.00,70.276
6899,4,1293,5201.195371842966,2050.532922297207,2019-07-22T13:41:41Z,46.44751667,12.91306667,2273.00,70.262
6900,4,1294,5202.195371842966,2051.532922297207,2019-07-22T13:41:42Z,46.44745000,12.91323333,2275.00,70.248
6901,4,1295,5203.195371842966,2052.532922297207,2019-07-22T13:41:43Z,46.44736667,12.91336667,2276.00,70.234
6902,4,1296,5204.195371842966,2053.532922297207,2019-07-22T13:41:44Z,46.44726667,12.91350000,2277.00,70.219
6903,4,1297,5205.195371842966,2054.532922297207,2019-07-22T13:41:45Z,46.44716667,12.91363333,2279.00,70.204
6904,4,1298,5206.195371842966,2055.532922297207,2019-07-22T13:41:46Z,46.44706667,12.91373333,2280.00,70.191
6905,4,1299,5207.195371842966,2056.532922297207,2019-07-22T13:41:47Z,46.44696667,12.91385000,2280.00,70.177
6906,4,1300,5208.195371842966,2057.532922297207,2019-07-22T13:41:48Z,46.44686667,12.91395000,2279.00,70.163
6907,4,1301,5209.195371842966,2058.532922297207,2019-07-22T13:41:49Z,46.44675000,12.91403333,2280.00,70.15
6908,4,1302,5210.195371842966,2059.532922297207,2019-07-22T13:41:50Z,46.44663333,12.91413333,2281.00,70.135
6909,4,1303,5211.195371842966,2060.532922297207,2019-07-22T13:41:51Z,46.44651667,12.91421667,2282.00,70.121
6910,4,1304,5212.195371842966,2061.532922297207,2019-07-22T13:41:52Z,46.44640000,12.91431667,2283.00,70.107
6911,4,1305,5213.195371842966,2062.532922297207,2019-07-22T13:41:53Z,46.44628333,12.91441667,2283.00,70.092
6912,4,1306,5214.195371842966,2063.532922297207,2019-07-22T13:41:54Z,46.44616667,12.91453333,2282.00,70.076
6913,4,1307,5215.195371842966,2064.532922297207,2019-07-22T13:41:55Z,46.44605000,12.91463333,2280.00,70.062
6914,4,1308,5216.195371842966,2065.532922297207,2019-07-22T13:41:56Z,46.44593333,12.91475000,2278.00,70.046
6915,4,1309,5217.195371842966,2066.532922297207,2019-07-22T13:41:57Z,46.44581667,12.91486667,2276.00,70.031
6916,4,1310,5218.195371842966,2067.532922297207,2019-07-22T13:41:58Z,46.44568333,12.91498333,2274.00,70.014
6917,4,1311,5219.195371842966,2068.532922297207,2019-07-22T13:41:59Z,46.44556667,12.91513333,2269.00,69.997
6918,4,1312,5220.195371842966,2069.532922297207,2019-07-22T13:42:00Z,46.44545000,12.91526667,2268.00,69.98
6919,4,1313,5221.195371842966,2070.532922297207,2019-07-22T13:42:01Z,46.44533333,12.91540000,2267.00,69.964
6920,4,1314,5222.195371842966,2071.532922297207,2019-07-22T13:42:02Z,46.44523333,12.91555000,2265.00,69.948
6921,4,1315,5223.195371842966,2072.532922297207,2019-07-22T13:42:03Z,46.44510000,12.91570000,2263.00,69.929
6922,4,1316,5224.195371842966,2073.532922297207,2019-07-22T13:42:04Z,46.44498333,12.91585000,2261.00,69.912
6923,4,1317,5225.195371842966,2074.532922297207,2019-07-22T13:42:05Z,46.44486667,12.91600000,2259.00,69.895
6924,4,1318,5226.195371842966,2075.532922297207,2019-07-22T13:42:06Z,46.44475000,12.91615000,2257.00,69.877
6925,4,1319,5227.195371842966,2076.532922297207,2019-07-22T13:42:07Z,46.44465000,12.91630000,2257.00,69.861
6926,4,1320,5228.195371842966,2077.532922297207,2019-07-22T13:42:08Z,46.44455000,12.91645000,2257.00,69.845
6927,4,1321,5229.195371842966,2078.532922297207,2019-07-22T13:42:09Z,46.44445000,12.91658333,2256.00,69.83
6928,4,1322,5230.195371842966,2079.532922297207,2019-07-22T13:42:10Z,46.44436667,12.91673333,2254.00,69.816
6929,4,1323,5231.195371842966,2080.532922297207,2019-07-22T13:42:11Z,46.44426667,12.91688333,2252.00,69.8
6930,4,1324,5232.195371842966,2081.532922297207,2019-07-22T13:42:12Z,46.44416667,12.91705000,2249.00,69.783
6931,4,1325,5233.195371842966,2082.532922297207,2019-07-22T13:42:13Z,46.44405000,12.91720000,2246.00,69.765
6932,4,1326,5234.195371842966,2083.532922297207,2019-07-22T13:42:14Z,46.44391667,12.91738333,2244.00,69.745
6933,4,1327,5235.195371842966,2084.532922297207,2019-07-22T13:42:15Z,46.44380000,12.91753333,2244.00,69.728
6934,4,1328,5236.195371842966,2085.532922297207,2019-07-22T13:42:16Z,46.44368333,12.91770000,2243.00,69.71
6935,4,1329,5237.195371842966,2086.532922297207,2019-07-22T13:42:17Z,46.44358333,12.91785000,2242.00,69.694
6936,4,1330,5238.195371842966,2087.532922297207,2019-07-22T13:42:18Z,46.44346667,12.91800000,2240.00,69.676
6937,4,1331,5239.195371842966,2088.532922297207,2019-07-22T13:42:19Z,46.44335000,12.91815000,2239.00,69.659
6938,4,1332,5240.195371842966,2089.532922297207,2019-07-22T13:42:20Z,46.44325000,12.91830000,2237.00,69.643
6939,4,1333,5241.195371842966,2090.532922297207,2019-07-22T13:42:21Z,46.44315000,12.91845000,2235.00,69.627
6940,4,1334,5242.195371842966,2091.532922297207,2019-07-22T13:42:22Z,46.44305000,12.91863333,2234.00,69.609
6941,4,1335,5243.195371842966,2092.532922297207,2019-07-22T13:42:23Z,46.44295000,12.91880000,2232.00,69.592
6942,4,1336,5244.195371842966,2093.532922297207,2019-07-22T13:42:24Z,46.44286667,12.91898333,2231.00,69.576
6943,4,1337,5245.195371842966,2094.532922297207,2019-07-22T13:42:25Z,46.44276667,12.91915000,2229.00,69.559
6944,4,1338,5246.195371842966,2095.532922297207,2019-07-22T13:42:26Z,46.44268333,12.91933333,2228.00,69.542
6945,4,1339,5247.195371842966,2096.532922297207,2019-07-22T13:42:27Z,46.44258333,12.91950000,2225.00,69.526
6946,4,1340,5248.195371842966,2097.532922297207,2019-07-22T13:42:28Z,46.44250000,12.91968333,2224.00,69.509
6947,4,1341,5249.195371842966,2098.532922297207,2019-07-22T13:42:29Z,46.44241667,12.91986667,2222.00,69.493
6948,4,1342,5250.195371842966,2099.532922297207,2019-07-22T13:42:30Z,46.44233333,12.92003333,2221.00,69.477
6949,4,1343,5251.195371842966,2100.532922297207,2019-07-22T13:42:31Z,46.44225000,12.92021667,2217.00,69.461
6950,4,1344,5252.195371842966,2101.532922297207,2019-07-22T13:42:32Z,46.44215000,12.92040000,2214.00,69.443
6951,4,1345,5253.195371842966,2102.532922297207,2019-07-22T13:42:33Z,46.44205000,12.92058333,2211.00,69.425
6952,4,1346,5254.195371842966,2103.532922297207,2019-07-22T13:42:34Z,46.44195000,12.92075000,2207.00,69.408
6953,4,1347,5255.195371842966,2104.532922297207,2019-07-22T13:42:35Z,46.44183333,12.92093333,2204.00,69.389
6954,4,1348,5256.195371842966,2105.532922297207,2019-07-22T13:42:36Z,46.44171667,12.92111667,2203.00,69.37
6955,4,1349,5257.195371842966,2106.532922297207,2019-07-22T13:42:37Z,46.44160000,12.92130000,2200.00,69.351
6956,4,1350,5258.195371842966,2107.532922297207,2019-07-22T13:42:38Z,46.44148333,12.92150000,2198.00,69.331
6957,4,1351,5259.195371842966,2108.532922297207,2019-07-22T13:42:39Z,46.44138333,12.92168333,2195.00,69.313
6958,4,1352,5260.195371842966,2109.532922297207,2019-07-22T13:42:40Z,46.44128333,12.92188333,2194.00,69.294
6959,4,1353,5261.195371842966,2110.532922297207,2019-07-22T13:42:41Z,46.44118333,12.92206667,2192.00,69.277
6960,4,1354,5262.195371842966,2111.532922297207,2019-07-22T13:42:42Z,46.44108333,12.92225000,2188.00,69.259
6961,4,1355,5263.195371842966,2112.532922297207,2019-07-22T13:42:43Z,46.44096667,12.92243333,2184.00,69.24
6962,4,1356,5264.195371842966,2113.532922297207,2019-07-22T13:42:44Z,46.44086667,12.92260000,2181.00,69.223
6963,4,1357,5265.195371842966,2114.532922297207,2019-07-22T13:42:45Z,46.44075000,12.92278333,2179.00,69.204
6964,4,1358,5266.195371842966,2115.532922297207,2019-07-22T13:42:46Z,46.44063333,12.92296667,2177.00,69.185
6965,4,1359,5267.195371842966,2116.532922297207,2019-07-22T13:42:47Z,46.44053333,12.92313333,2176.00,69.168
6966,4,1360,5268.195371842966,2117.532922297207,2019-07-22T13:42:48Z,46.44045000,12.92328333,2175.00,69.153
6967,4,1361,5269.195371842966,2118.532922297207,2019-07-22T13:42:49Z,46.44035000,12.92345000,2173.00,69.136
6968,4,1362,5270.195371842966,2119.532922297207,2019-07-22T13:42:50Z,46.44026667,12.92360000,2170.00,69.122
6969,4,1363,5271.195371842966,2120.532922297207,2019-07-22T13:42:51Z,46.44016667,12.92376667,2167.00,69.105
6970,4,1364,5272.195371842966,2121.532922297207,2019-07-22T13:42:52Z,46.44006667,12.92393333,2165.00,69.088
6971,4,1365,5273.195371842966,2122.532922297207,2019-07-22T13:42:53Z,46.43998333,12.92410000,2164.00,69.072
6972,4,1366,5274.195371842966,2123.532922297207,2019-07-22T13:42:54Z,46.43986667,12.92426667,2162.00,69.054
6973,4,1367,5275.195371842966,2124.532922297207,2019-07-22T13:42:55Z,46.43976667,12.92441667,2159.00,69.038
6974,4,1368,5276.195371842966,2125.532922297207,2019-07-22T13:42:56Z,46.43965000,12.92456667,2159.00,69.021
6975,4,1369,5277.195371842966,2126.532922297207,2019-07-22T13:42:57Z,46.43955000,12.92470000,2159.00,69.006
6976,4,1370,5278.195371842966,2127.532922297207,2019-07-22T13:42:58Z,46.43943333,12.92481667,2159.00,68.99
6977,4,1371,5279.195371842966,2128.532922297207,2019-07-22T13:42:59Z,46.43931667,12.92493333,2158.00,68.975
6978,4,1372,5280.195371842966,2129.532922297207,2019-07-22T13:43:00Z,46.43921667,12.92506667,2157.00,68.96
6979,4,1373,5281.195371842966,2130.532922297207,2019-07-22T13:43:01Z,46.43910000,12.92520000,2156.00,68.943
6980,4,1374,5282.195371842966,2131.532922297207,2019-07-22T13:43:02Z,46.43900000,12.92533333,2155.00,68.928
6981,4,1375,5283.195371842966,2132.532922297207,2019-07-22T13:43:03Z,46.43888333,12.92548333,2154.00,68.911
6982,4,1376,5284.195371842966,2133.532922297207,2019-07-22T13:43:04Z,46.43876667,12.92561667,2154.00,68.894
6983,4,1377,5285.195371842966,2134.532922297207,2019-07-22T13:43:05Z,46.43866667,12.92575000,2153.00,68.879
6984,4,1378,5286.195371842966,2135.532922297207,2019-07-22T13:43:06Z,46.43855000,12.92588333,2153.00,68.863
6985,4,1379,5287.195371842966,2136.532922297207,2019-07-22T13:43:07Z,46.43843333,12.92601667,2151.00,68.846
6986,4,1380,5288.195371842966,2137.532922297207,2019-07-22T13:43:08Z,46.43833333,12.92615000,2150.00,68.831
6987,4,1381,5289.195371842966,2138.532922297207,2019-07-22T13:43:09Z,46.43821667,12.92626667,2149.00,68.816
6988,4,1382,5290.195371842966,2139.532922297207,2019-07-22T13:43:10Z,46.43811667,12.92640000,2148.00,68.801
6989,4,1383,5291.195371842966,2140.532922297207,2019-07-22T13:43:11Z,46.43800000,12.92653333,2147.00,68.784
6990,4,1384,5292.195371842966,2141.532922297207,2019-07-22T13:43:12Z,46.43790000,12.92666667,2146.00,68.769
6991,4,1385,5293.195371842966,2142.532922297207,2019-07-22T13:43:13Z,46.43780000,12.92681667,2145.00,68.753
6992,4,1386,5294.195371842966,2143.532922297207,2019-07-22T13:43:14Z,46.43768333,12.92696667,2144.00,68.736
6993,4,1387,5295.195371842966,2144.532922297207,2019-07-22T13:43:15Z,46.43758333,12.92711667,2142.00,68.72
6994,4,1388,5296.195371842966,2145.532922297207,2019-07-22T13:43:16Z,46.43748333,12.92726667,2142.00,68.704
6995,4,1389,5297.195371842966,2146.532922297207,2019-07-22T13:43:17Z,46.43738333,12.92743333,2141.00,68.687
6996,4,1390,5298.195371842966,2147.532922297207,2019-07-22T13:43:18Z,46.43730000,12.92758333,2141.00,68.672
6997,4,1391,5299.195371842966,2148.532922297207,2019-07-22T13:43:19Z,46.43720000,12.92773333,2140.00,68.656
6998,4,1392,5300.195371842966,2149.532922297207,2019-07-22T13:43:20Z,46.43711667,12.92790000,2139.00,68.641
6999,4,1393,5301.195371842966,2150.532922297207,2019-07-22T13:43:21Z,46.43701667,12.92805000,2139.00,68.625
7000,4,1394,5302.195371842966,2151.532922297207,2019-07-22T13:43:22Z,46.43691667,12.92821667,2138.00,68.608
7001,4,1395,5303.195371842966,2152.532922297207,2019-07-22T13:43:23Z,46.43681667,12.92836667,2137.00,68.592
7002,4,1396,5304.195371842966,2153.532922297207,2019-07-22T13:43:24Z,46.43671667,12.92853333,2136.00,68.575
7003,4,1397,5305.195371842966,2154.532922297207,2019-07-22T13:43:25Z,46.43661667,12.92870000,2135.00,68.558
7004,4,1398,5306.195371842966,2155.532922297207,2019-07-22T13:43:26Z,46.43651667,12.92885000,2134.00,68.542
7005,4,1399,5307.195371842966,2156.532922297207,2019-07-22T13:43:27Z,46.43641667,12.92900000,2132.00,68.526
7006,4,1400,5308.195371842966,2157.532922297207,2019-07-22T13:43:28Z,46.43630000,12.92916667,2131.00,68.508
7007,4,1401,5309.195371842966,2158.532922297207,2019-07-22T13:43:29Z,46.43620000,12.92931667,2130.00,68.492
7008,4,1402,5310.195371842966,2159.532922297207,2019-07-22T13:43:30Z,46.43610000,12.92948333,2130.00,68.475
7009,4,1403,5311.195371842966,2160.532922297207,2019-07-22T13:43:31Z,46.43598333,12.92963333,2128.00,68.458
7010,4,1404,5312.195371842966,2161.532922297207,2019-07-22T13:43:32Z,46.43588333,12.92980000,2127.00,68.441
7011,4,1405,5313.195371842966,2162.532922297207,2019-07-22T13:43:33Z,46.43578333,12.92996667,2126.00,68.424
7012,4,1406,5314.195371842966,2163.532922297207,2019-07-22T13:43:34Z,46.43566667,12.93011667,2126.00,68.407
7013,4,1407,5315.195371842966,2164.532922297207,2019-07-22T13:43:35Z,46.43556667,12.93026667,2126.00,68.391
7014,4,1408,5316.195371842966,2165.532922297207,2019-07-22T13:43:36Z,46.43545000,12.93041667,2125.00,68.373
7015,4,1409,5317.195371842966,2166.532922297207,2019-07-22T13:43:37Z,46.43535000,12.93056667,2124.00,68.357
7016,4,1410,5318.195371842966,2167.532922297207,2019-07-22T13:43:38Z,46.43523333,12.93073333,2123.00,68.339
7017,4,1411,5319.195371842966,2168.532922297207,2019-07-22T13:43:39Z,46.43513333,12.93088333,2122.00,68.323
7018,4,1412,5320.195371842966,2169.532922297207,2019-07-22T13:43:40Z,46.43503333,12.93105000,2120.00,68.306
7019,4,1413,5321.195371842966,2170.532922297207,2019-07-22T13:43:41Z,46.43493333,12.93120000,2120.00,68.29
7020,4,1414,5322.195371842966,2171.532922297207,2019-07-22T13:43:42Z,46.43483333,12.93135000,2120.00,68.274
7021,4,1415,5323.195371842966,2172.532922297207,2019-07-22T13:43:43Z,46.43473333,12.93150000,2119.00,68.258
7022,4,1416,5324.195371842966,2173.532922297207,2019-07-22T13:43:44Z,46.43463333,12.93165000,2118.00,68.242
7023,4,1417,5325.195371842966,2174.532922297207,2019-07-22T13:43:45Z,46.43453333,12.93181667,2117.00,68.226
7024,4,1418,5326.195371842966,2175.532922297207,2019-07-22T13:43:46Z,46.43441667,12.93196667,2116.00,68.208
7025,4,1419,5327.195371842966,2176.532922297207,2019-07-22T13:43:47Z,46.43431667,12.93213333,2114.00,68.191
7026,4,1420,5328.195371842966,2177.532922297207,2019-07-22T13:43:48Z,46.43421667,12.93228333,2113.00,68.175
7027,4,1421,5329.195371842966,2178.532922297207,2019-07-22T13:43:49Z,46.43411667,12.93245000,2112.00,68.158
7028,4,1422,5330.195371842966,2179.532922297207,2019-07-22T13:43:50Z,46.43401667,12.93260000,2111.00,68.142
7029,4,1423,5331.195371842966,2180.532922297207,2019-07-22T13:43:51Z,46.43390000,12.93276667,2109.00,68.124
7030,4,1424,5332.195371842966,2181.532922297207,2019-07-22T13:43:52Z,46.43380000,12.93293333,2108.00,68.107
7031,4,1425,5333.195371842966,2182.532922297207,2019-07-22T13:43:53Z,46.43370000,12.93308333,2106.00,68.091
7032,4,1426,5334.195371842966,2183.532922297207,2019-07-22T13:43:54Z,46.43358333,12.93325000,2106.00,68.073
7033,4,1427,5335.195371842966,2184.532922297207,2019-07-22T13:43:55Z,46.43348333,12.93340000,2105.00,68.057
7034,4,1428,5336.195371842966,2185.532922297207,2019-07-22T13:43:56Z,46.43338333,12.93356667,2104.00,68.04
7035,4,1429,5337.195371842966,2186.532922297207,2019-07-22T13:43:57Z,46.43328333,12.93373333,2103.00,68.023
7036,4,1430,5338.195371842966,2187.532922297207,2019-07-22T13:43:58Z,46.43318333,12.93388333,2102.00,68.007
7037,4,1431,5339.195371842966,2188.532922297207,2019-07-22T13:43:59Z,46.43308333,12.93405000,2101.00,67.991
7038,4,1432,5340.195371842966,2189.532922297207,2019-07-22T13:44:00Z,46.43296667,12.93421667,2099.00,67.972
7039,4,1433,5341.195371842966,2190.532922297207,2019-07-22T13:44:01Z,46.43286667,12.93438333,2098.00,67.955
7040,4,1434,5342.195371842966,2191.532922297207,2019-07-22T13:44:02Z,46.43276667,12.93455000,2097.00,67.939
7041,4,1435,5343.195371842966,2192.532922297207,2019-07-22T13:44:03Z,46.43266667,12.93471667,2095.00,67.922
7042,4,1436,5344.195371842966,2193.532922297207,2019-07-22T13:44:04Z,46.43256667,12.93486667,2094.00,67.906
7043,4,1437,5345.195371842966,2194.532922297207,2019-07-22T13:44:05Z,46.43246667,12.93503333,2093.00,67.889
7044,4,1438,5346.195371842966,2195.532922297207,2019-07-22T13:44:06Z,46.43236667,12.93518333,2092.00,67.873
7045,4,1439,5347.195371842966,2196.532922297207,2019-07-22T13:44:07Z,46.43226667,12.93533333,2091.00,67.857
7046,4,1440,5348.195371842966,2197.532922297207,2019-07-22T13:44:08Z,46.43216667,12.93550000,2090.00,67.84
7047,4,1441,5349.195371842966,2198.532922297207,2019-07-22T13:44:09Z,46.43206667,12.93566667,2089.00,67.823
7048,4,1442,5350.195371842966,2199.532922297207,2019-07-22T13:44:10Z,46.43198333,12.93583333,2088.00,67.807
7049,4,1443,5351.195371842966,2200.532922297207,2019-07-22T13:44:11Z,46.43188333,12.93601667,2087.00,67.79
7050,4,1444,5352.195371842966,2201.532922297207,2019-07-22T13:44:12Z,46.43180000,12.93618333,2085.00,67.774
7051,4,1445,5353.195371842966,2202.532922297207,2019-07-22T13:44:13Z,46.43170000,12.93635000,2084.00,67.757
7052,4,1446,5354.195371842966,2203.532922297207,2019-07-22T13:44:14Z,46.43161667,12.93651667,2082.00,67.742
7053,4,1447,5355.195371842966,2204.532922297207,2019-07-22T13:44:15Z,46.43151667,12.93668333,2081.00,67.725
7054,4,1448,5356.195371842966,2205.532922297207,2019-07-22T13:44:16Z,46.43143333,12.93686667,2079.00,67.708
7055,4,1449,5357.195371842966,2206.532922297207,2019-07-22T13:44:17Z,46.43135000,12.93703333,2077.00,67.693
7056,4,1450,5358.195371842966,2207.532922297207,2019-07-22T13:44:18Z,46.43126667,12.93720000,2076.00,67.677
7057,4,1451,5359.195371842966,2208.532922297207,2019-07-22T13:44:19Z,46.43116667,12.93738333,2074.00,67.659
7058,4,1452,5360.195371842966,2209.532922297207,2019-07-22T13:44:20Z,46.43108333,12.93755000,2072.00,67.644
7059,4,1453,5361.195371842966,2210.532922297207,2019-07-22T13:44:21Z,46.43098333,12.93773333,2071.00,67.626
7060,4,1454,5362.195371842966,2211.532922297207,2019-07-22T13:44:22Z,46.43090000,12.93790000,2069.00,67.611
7061,4,1455,5363.195371842966,2212.532922297207,2019-07-22T13:44:23Z,46.43081667,12.93808333,2068.00,67.594
7062,4,1456,5364.195371842966,2213.532922297207,2019-07-22T13:44:24Z,46.43071667,12.93825000,2067.00,67.577
7063,4,1457,5365.195371842966,2214.532922297207,2019-07-22T13:44:25Z,46.43063333,12.93843333,2065.00,67.561
7064,4,1458,5366.195371842966,2215.532922297207,2019-07-22T13:44:26Z,46.43053333,12.93861667,2063.00,67.543
7065,4,1459,5367.195371842966,2216.532922297207,2019-07-22T13:44:27Z,46.43045000,12.93878333,2062.00,67.527
7066,4,1460,5368.195371842966,2217.532922297207,2019-07-22T13:44:28Z,46.43036667,12.93896667,2060.00,67.511
7067,4,1461,5369.195371842966,2218.532922297207,2019-07-22T13:44:29Z,46.43028333,12.93913333,2058.00,67.495
7068,4,1462,5370.195371842966,2219.532922297207,2019-07-22T13:44:30Z,46.43018333,12.93931667,2057.00,67.478
7069,4,1463,5371.195371842966,2220.532922297207,2019-07-22T13:44:31Z,46.43010000,12.93948333,2055.00,67.462
7070,4,1464,5372.195371842966,2221.532922297207,2019-07-22T13:44:32Z,46.43000000,12.93966667,2054.00,67.444
7071,4,1465,5373.195371842966,2222.532922297207,2019-07-22T13:44:33Z,46.42990000,12.93983333,2052.00,67.427
7072,4,1466,5374.195371842966,2223.532922297207,2019-07-22T13:44:34Z,46.42981667,12.94001667,2050.00,67.411
7073,4,1467,5375.195371842966,2224.532922297207,2019-07-22T13:44:35Z,46.42971667,12.94018333,2049.00,67.394
7074,4,1468,5376.195371842966,2225.532922297207,2019-07-22T13:44:36Z,46.42961667,12.94035000,2047.00,67.377
7075,4,1469,5377.195371842966,2226.532922297207,2019-07-22T13:44:37Z,46.42951667,12.94051667,2046.00,67.36
7076,4,1470,5378.195371842966,2227.532922297207,2019-07-22T13:44:38Z,46.42943333,12.94068333,2044.00,67.345
7077,4,1471,5379.195371842966,2228.532922297207,2019-07-22T13:44:39Z,46.42935000,12.94085000,2041.00,67.329
7078,4,1472,5380.195371842966,2229.532922297207,2019-07-22T13:44:40Z,46.42925000,12.94103333,2040.00,67.311
7079,4,1473,5381.195371842966,2230.532922297207,2019-07-22T13:44:41Z,46.42916667,12.94120000,2041.00,67.296
7080,4,1474,5382.195371842966,2231.532922297207,2019-07-22T13:44:42Z,46.42908333,12.94136667,2040.00,67.28
7081,4,1475,5383.195371842966,2232.532922297207,2019-07-22T13:44:43Z,46.42900000,12.94153333,2038.00,67.265
7082,4,1476,5384.195371842966,2233.532922297207,2019-07-22T13:44:44Z,46.42891667,12.94171667,2035.00,67.248
7083,4,1477,5385.195371842966,2234.532922297207,2019-07-22T13:44:45Z,46.42881667,12.94188333,2035.00,67.231
7084,4,1478,5386.195371842966,2235.532922297207,2019-07-22T13:44:46Z,46.42873333,12.94205000,2035.00,67.216
7085,4,1479,5387.195371842966,2236.532922297207,2019-07-22T13:44:47Z,46.42865000,12.94221667,2034.00,67.2
7086,4,1480,5388.195371842966,2237.532922297207,2019-07-22T13:44:48Z,46.42856667,12.94236667,2033.00,67.186
7087,4,1481,5389.195371842966,2238.532922297207,2019-07-22T13:44:49Z,46.42848333,12.94253333,2031.00,67.17
7088,4,1482,5390.195371842966,2239.532922297207,2019-07-22T13:44:50Z,46.42838333,12.94270000,2030.00,67.153
7089,4,1483,5391.195371842966,2240.532922297207,2019-07-22T13:44:51Z,46.42830000,12.94286667,2028.00,67.138
7090,4,1484,5392.195371842966,2241.532922297207,2019-07-22T13:44:52Z,46.42821667,12.94303333,2027.00,67.122
7091,4,1485,5393.195371842966,2242.532922297207,2019-07-22T13:44:53Z,46.42811667,12.94320000,2026.00,67.105
7092,4,1486,5394.195371842966,2243.532922297207,2019-07-22T13:44:54Z,46.42803333,12.94338333,2025.00,67.089
7093,4,1487,5395.195371842966,2244.532922297207,2019-07-22T13:44:55Z,46.42795000,12.94355000,2024.00,67.073
7094,4,1488,5396.195371842966,2245.532922297207,2019-07-22T13:44:56Z,46.42786667,12.94373333,2023.00,67.057
7095,4,1489,5397.195371842966,2246.532922297207,2019-07-22T13:44:57Z,46.42778333,12.94391667,2022.00,67.04
7096,4,1490,5398.195371842966,2247.532922297207,2019-07-22T13:44:58Z,46.42770000,12.94408333,2021.00,67.025
7097,4,1491,5399.195371842966,2248.532922297207,2019-07-22T13:44:59Z,46.42761667,12.94426667,2021.00,67.008
7098,4,1492,5400.195371842966,2249.532922297207,2019-07-22T13:45:00Z,46.42753333,12.94445000,2019.00,66.992
7099,4,1493,5401.195371842966,2250.532922297207,2019-07-22T13:45:01Z,46.42745000,12.94461667,2018.00,66.976
7100,4,1494,5402.195371842966,2251.532922297207,2019-07-22T13:45:02Z,46.42736667,12.94478333,2018.00,66.961
7101,4,1495,5403.195371842966,2252.532922297207,2019-07-22T13:45:03Z,46.42728333,12.94496667,2018.00,66.944
7102,4,1496,5404.195371842966,2253.532922297207,2019-07-22T13:45:04Z,46.42720000,12.94513333,2016.00,66.929
7103,4,1497,5405.195371842966,2254.532922297207,2019-07-22T13:45:05Z,46.42711667,12.94530000,2015.00,66.913
7104,4,1498,5406.195371842966,2255.532922297207,2019-07-22T13:45:06Z,46.42703333,12.94546667,2015.00,66.898
7105,4,1499,5407.195371842966,2256.532922297207,2019-07-22T13:45:07Z,46.42695000,12.94563333,2015.00,66.882
7106,4,1500,5408.195371842966,2257.532922297207,2019-07-22T13:45:08Z,46.42685000,12.94578333,2014.00,66.866
7107,4,1501,5409.195371842966,2258.532922297207,2019-07-22T13:45:09Z,46.42676667,12.94595000,2013.00,66.85
7108,4,1502,5410.195371842966,2259.532922297207,2019-07-22T13:45:10Z,46.42666667,12.94610000,2013.00,66.834
7109,4,1503,5411.195371842966,2260.532922297207,2019-07-22T13:45:11Z,46.42656667,12.94626667,2012.00,66.818
7110,4,1504,5412.195371842966,2261.532922297207,2019-07-22T13:45:12Z,46.42646667,12.94641667,2012.00,66.802
7111,4,1505,5413.195371842966,2262.532922297207,2019-07-22T13:45:13Z,46.42636667,12.94658333,2011.00,66.785
7112,4,1506,5414.195371842966,2263.532922297207,2019-07-22T13:45:14Z,46.42625000,12.94673333,2010.00,66.767
7113,4,1507,5415.195371842966,2264.532922297207,2019-07-22T13:45:15Z,46.42615000,12.94690000,2009.00,66.75
7114,4,1508,5416.195371842966,2265.532922297207,2019-07-22T13:45:16Z,46.42603333,12.94705000,2008.00,66.733
7115,4,1509,5417.195371842966,2266.532922297207,2019-07-22T13:45:17Z,46.42591667,12.94718333,2007.00,66.717
7116,4,1510,5418.195371842966,2267.532922297207,2019-07-22T13:45:18Z,46.42580000,12.94731667,2006.00,66.7
7117,4,1511,5419.195371842966,2268.532922297207,2019-07-22T13:45:19Z,46.42568333,12.94745000,2005.00,66.684
7118,4,1512,5420.195371842966,2269.532922297207,2019-07-22T13:45:20Z,46.42556667,12.94756667,2005.00,66.668
7119,4,1513,5421.195371842966,2270.532922297207,2019-07-22T13:45:21Z,46.42545000,12.94770000,2005.00,66.652
7120,4,1514,5422.195371842966,2271.532922297207,2019-07-22T13:45:22Z,46.42533333,12.94781667,2003.00,66.636
7121,4,1515,5423.195371842966,2272.532922297207,2019-07-22T13:45:23Z,46.42523333,12.94793333,2001.00,66.622
7122,4,1516,5424.195371842966,2273.532922297207,2019-07-22T13:45:24Z,46.42513333,12.94806667,2000.00,66.607
7123,4,1517,5425.195371842966,2274.532922297207,2019-07-22T13:45:25Z,46.42503333,12.94820000,1998.00,66.592
7124,4,1518,5426.195371842966,2275.532922297207,2019-07-22T13:45:26Z,46.42495000,12.94833333,1998.00,66.578
7125,4,1519,5427.195371842966,2276.532922297207,2019-07-22T13:45:27Z,46.42485000,12.94848333,1997.00,66.562
7126,4,1520,5428.195371842966,2277.532922297207,2019-07-22T13:45:28Z,46.42475000,12.94861667,1995.00,66.547
7127,4,1521,5429.195371842966,2278.532922297207,2019-07-22T13:45:29Z,46.42465000,12.94875000,1994.00,66.532
7128,4,1522,5430.195371842966,2279.532922297207,2019-07-22T13:45:30Z,46.42455000,12.94886667,1993.00,66.518
7129,4,1523,5431.195371842966,2280.532922297207,2019-07-22T13:45:31Z,46.42446667,12.94898333,1992.00,66.505
7130,4,1524,5432.195371842966,2281.532922297207,2019-07-22T13:45:32Z,46.42436667,12.94911667,1991.00,66.49
7131,4,1525,5433.195371842966,2282.532922297207,2019-07-22T13:45:33Z,46.42428333,12.94923333,1989.00,66.477
7132,4,1526,5434.195371842966,2283.532922297207,2019-07-22T13:45:34Z,46.42418333,12.94936667,1987.00,66.462
7133,4,1527,5435.195371842966,2284.532922297207,2019-07-22T13:45:35Z,46.42408333,12.94948333,1986.00,66.448
7134,4,1528,5436.195371842966,2285.532922297207,2019-07-22T13:45:36Z,46.42398333,12.94961667,1984.00,66.433
7135,4,1529,5437.195371842966,2286.532922297207,2019-07-22T13:45:37Z,46.42388333,12.94975000,1984.00,66.418
7136,4,1530,5438.195371842966,2287.532922297207,2019-07-22T13:45:38Z,46.42378333,12.94988333,1983.00,66.402
7137,4,1531,5439.195371842966,2288.532922297207,2019-07-22T13:45:39Z,46.42366667,12.95000000,1982.00,66.387
7138,4,1532,5440.195371842966,2289.532922297207,2019-07-22T13:45:40Z,46.42355000,12.95013333,1981.00,66.371
7139,4,1533,5441.195371842966,2290.532922297207,2019-07-22T13:45:41Z,46.42345000,12.95026667,1980.00,66.355
7140,4,1534,5442.195371842966,2291.532922297207,2019-07-22T13:45:42Z,46.42335000,12.95040000,1979.00,66.34
7141,4,1535,5443.195371842966,2292.532922297207,2019-07-22T13:45:43Z,46.42325000,12.95053333,1977.00,66.325
7142,4,1536,5444.195371842966,2293.532922297207,2019-07-22T13:45:44Z,46.42315000,12.95066667,1976.00,66.31
7143,4,1537,5445.195371842966,2294.532922297207,2019-07-22T13:45:45Z,46.42306667,12.95080000,1975.00,66.296
7144,4,1538,5446.195371842966,2295.532922297207,2019-07-22T13:45:46Z,46.42296667,12.95095000,1973.00,66.28
7145,4,1539,5447.195371842966,2296.532922297207,2019-07-22T13:45:47Z,46.42286667,12.95108333,1970.00,66.265
7146,4,1540,5448.195371842966,2297.532922297207,2019-07-22T13:45:48Z,46.42275000,12.95123333,1967.00,66.248
7147,4,1541,5449.195371842966,2298.532922297207,2019-07-22T13:45:49Z,46.42263333,12.95136667,1964.00,66.232
7148,4,1542,5450.195371842966,2299.532922297207,2019-07-22T13:45:50Z,46.42251667,12.95151667,1963.00,66.214
7149,4,1543,5451.195371842966,2300.532922297207,2019-07-22T13:45:51Z,46.42240000,12.95165000,1963.00,66.198
7150,4,1544,5452.195371842966,2301.532922297207,2019-07-22T13:45:52Z,46.42230000,12.95178333,1963.00,66.183
7151,4,1545,5453.195371842966,2302.532922297207,2019-07-22T13:45:53Z,46.42218333,12.95190000,1963.00,66.167
7152,4,1546,5454.195371842966,2303.532922297207,2019-07-22T13:45:54Z,46.42208333,12.95203333,1963.00,66.152
7153,4,1547,5455.195371842966,2304.532922297207,2019-07-22T13:45:55Z,46.42198333,12.95216667,1963.00,66.137
7154,4,1548,5456.195371842966,2305.532922297207,2019-07-22T13:45:56Z,46.42188333,12.95228333,1963.00,66.123
7155,4,1549,5457.195371842966,2306.532922297207,2019-07-22T13:45:57Z,46.42178333,12.95240000,1963.00,66.109
7156,4,1550,5458.195371842966,2307.532922297207,2019-07-22T13:45:58Z,46.42168333,12.95253333,1962.00,66.094
7157,4,1551,5459.195371842966,2308.532922297207,2019-07-22T13:45:59Z,46.42158333,12.95266667,1961.00,66.078
7158,4,1552,5460.195371842966,2309.532922297207,2019-07-22T13:46:00Z,46.42150000,12.95280000,1959.00,66.065
7159,4,1553,5461.195371842966,2310.532922297207,2019-07-22T13:46:01Z,46.42141667,12.95293333,1958.00,66.051
7160,4,1554,5462.195371842966,2311.532922297207,2019-07-22T13:46:02Z,46.42131667,12.95308333,1957.00,66.035
7161,4,1555,5463.195371842966,2312.532922297207,2019-07-22T13:46:03Z,46.42123333,12.95323333,1956.00,66.02
7162,4,1556,5464.195371842966,2313.532922297207,2019-07-22T13:46:04Z,46.42113333,12.95338333,1955.00,66.004
7163,4,1557,5465.195371842966,2314.532922297207,2019-07-22T13:46:05Z,46.42103333,12.95353333,1953.00,65.988
7164,4,1558,5466.195371842966,2315.532922297207,2019-07-22T13:46:06Z,46.42093333,12.95368333,1952.00,65.972
7165,4,1559,5467.195371842966,2316.532922297207,2019-07-22T13:46:07Z,46.42085000,12.95381667,1951.00,65.958
7166,4,1560,5468.195371842966,2317.532922297207,2019-07-22T13:46:08Z,46.42075000,12.95396667,1950.00,65.942
7167,4,1561,5469.195371842966,2318.532922297207,2019-07-22T13:46:09Z,46.42063333,12.95410000,1948.00,65.926
7168,4,1562,5470.195371842966,2319.532922297207,2019-07-22T13:46:10Z,46.42053333,12.95421667,1948.00,65.912
7169,4,1563,5471.195371842966,2320.532922297207,2019-07-22T13:46:11Z,46.42041667,12.95435000,1947.00,65.895
7170,4,1564,5472.195371842966,2321.532922297207,2019-07-22T13:46:12Z,46.42031667,12.95446667,1945.00,65.881
7171,4,1565,5473.195371842966,2322.532922297207,2019-07-22T13:46:13Z,46.42021667,12.95458333,1945.00,65.867
7172,4,1566,5474.195371842966,2323.532922297207,2019-07-22T13:46:14Z,46.42011667,12.95471667,1943.00,65.852
7173,4,1567,5475.195371842966,2324.532922297207,2019-07-22T13:46:15Z,46.42001667,12.95483333,1942.00,65.838
7174,4,1568,5476.195371842966,2325.532922297207,2019-07-22T13:46:16Z,46.41991667,12.95496667,1941.00,65.823
7175,4,1569,5477.195371842966,2326.532922297207,2019-07-22T13:46:17Z,46.41980000,12.95508333,1939.00,65.807
7176,4,1570,5478.195371842966,2327.532922297207,2019-07-22T13:46:18Z,46.41970000,12.95521667,1937.00,65.792
7177,4,1571,5479.195371842966,2328.532922297207,2019-07-22T13:46:19Z,46.41958333,12.95535000,1935.00,65.776
7178,4,1572,5480.195371842966,2329.532922297207,2019-07-22T13:46:20Z,46.41948333,12.95548333,1932.00,65.761
7179,4,1573,5481.195371842966,2330.532922297207,2019-07-22T13:46:21Z,46.41936667,12.95560000,1930.00,65.745
7180,4,1574,5482.195371842966,2331.532922297207,2019-07-22T13:46:22Z,46.41925000,12.95575000,1928.00,65.728
7181,4,1575,5483.195371842966,2332.532922297207,2019-07-22T13:46:23Z,46.41915000,12.95590000,1925.00,65.712
7182,4,1576,5484.195371842966,2333.532922297207,2019-07-22T13:46:24Z,46.41905000,12.95605000,1922.00,65.696
7183,4,1577,5485.195371842966,2334.532922297207,2019-07-22T13:46:25Z,46.41895000,12.95623333,1920.00,65.678
7184,4,1578,5486.195371842966,2335.532922297207,2019-07-22T13:46:26Z,46.41885000,12.95641667,1917.00,65.66
7185,4,1579,5487.195371842966,2336.532922297207,2019-07-22T13:46:27Z,46.41876667,12.95660000,1915.00,65.644
7186,4,1580,5488.195371842966,2337.532922297207,2019-07-22T13:46:28Z,46.41866667,12.95680000,1913.00,65.625
7187,4,1581,5489.195371842966,2338.532922297207,2019-07-22T13:46:29Z,46.41858333,12.95698333,1912.00,65.609
7188,4,1582,5490.195371842966,2339.532922297207,2019-07-22T13:46:30Z,46.41850000,12.95716667,1911.00,65.592
7189,4,1583,5491.195371842966,2340.532922297207,2019-07-22T13:46:31Z,46.41841667,12.95736667,1910.00,65.575
7190,4,1584,5492.195371842966,2341.532922297207,2019-07-22T13:46:32Z,46.41831667,12.95753333,1909.00,65.558
7191,4,1585,5493.195371842966,2342.532922297207,2019-07-22T13:46:33Z,46.41823333,12.95771667,1908.00,65.541
7192,4,1586,5494.195371842966,2343.532922297207,2019-07-22T13:46:34Z,46.41813333,12.95790000,1908.00,65.524
7193,4,1587,5495.195371842966,2344.532922297207,2019-07-22T13:46:35Z,46.41803333,12.95806667,1907.00,65.507
7194,4,1588,5496.195371842966,2345.532922297207,2019-07-22T13:46:36Z,46.41795000,12.95825000,1905.00,65.49
7195,4,1589,5497.195371842966,2346.532922297207,2019-07-22T13:46:37Z,46.41786667,12.95843333,1904.00,65.474
7196,4,1590,5498.195371842966,2347.532922297207,2019-07-22T13:46:38Z,46.41776667,12.95863333,1902.00,65.455
7197,4,1591,5499.195371842966,2348.532922297207,2019-07-22T13:46:39Z,46.41768333,12.95881667,1902.00,65.439
7198,4,1592,5500.195371842966,2349.532922297207,2019-07-22T13:46:40Z,46.41760000,12.95900000,1901.00,65.422
7199,4,1593,5501.195371842966,2350.532922297207,2019-07-22T13:46:41Z,46.41751667,12.95918333,1901.00,65.406
7200,4,1594,5502.195371842966,2351.532922297207,2019-07-22T13:46:42Z,46.41741667,12.95935000,1901.00,65.389
7201,4,1595,5503.195371842966,2352.532922297207,2019-07-22T13:46:43Z,46.41733333,12.95951667,1902.00,65.373
7202,4,1596,5504.195371842966,2353.532922297207,2019-07-22T13:46:44Z,46.41723333,12.95966667,1902.00,65.357
7203,4,1597,5505.195371842966,2354.532922297207,2019-07-22T13:46:45Z,46.41715000,12.95981667,1902.00,65.343
7204,4,1598,5506.195371842966,2355.532922297207,2019-07-22T13:46:46Z,46.41706667,12.95996667,1902.00,65.328
7205,4,1599,5507.195371842966,2356.532922297207,2019-07-22T13:46:47Z,46.41698333,12.96013333,1902.00,65.313
7206,4,1600,5508.195371842966,2357.532922297207,2019-07-22T13:46:48Z,46.41690000,12.96028333,1899.00,65.298
7207,4,1601,5509.195371842966,2358.532922297207,2019-07-22T13:46:49Z,46.41681667,12.96043333,1898.00,65.283
7208,4,1602,5510.195371842966,2359.532922297207,2019-07-22T13:46:50Z,46.41675000,12.96058333,1898.00,65.27
7209,4,1603,5511.195371842966,2360.532922297207,2019-07-22T13:46:51Z,46.41666667,12.96073333,1896.00,65.255
7210,4,1604,5512.195371842966,2361.532922297207,2019-07-22T13:46:52Z,46.41658333,12.96088333,1894.00,65.241
7211,4,1605,5513.195371842966,2362.532922297207,2019-07-22T13:46:53Z,46.41650000,12.96103333,1893.00,65.226
7212,4,1606,5514.195371842966,2363.532922297207,2019-07-22T13:46:54Z,46.41641667,12.96118333,1890.00,65.211
7213,4,1607,5515.195371842966,2364.532922297207,2019-07-22T13:46:55Z,46.41633333,12.96133333,1888.00,65.197
7214,4,1608,5516.195371842966,2365.532922297207,2019-07-22T13:46:56Z,46.41623333,12.96148333,1886.00,65.181
7215,4,1609,5517.195371842966,2366.532922297207,2019-07-22T13:46:57Z,46.41615000,12.96163333,1884.00,65.166
7216,4,1610,5518.195371842966,2367.532922297207,2019-07-22T13:46:58Z,46.41606667,12.96176667,1883.00,65.152
7217,4,1611,5519.195371842966,2368.532922297207,2019-07-22T13:46:59Z,46.41598333,12.96191667,1884.00,65.137
7218,4,1612,5520.195371842966,2369.532922297207,2019-07-22T13:47:00Z,46.41590000,12.96205000,1884.00,65.124
7219,4,1613,5521.195371842966,2370.532922297207,2019-07-22T13:47:01Z,46.41583333,12.96220000,1883.00,65.11
7220,4,1614,5522.195371842966,2371.532922297207,2019-07-22T13:47:02Z,46.41576667,12.96235000,1882.00,65.097
7221,4,1615,5523.195371842966,2372.532922297207,2019-07-22T13:47:03Z,46.41568333,12.96248333,1881.00,65.083
7222,4,1616,5524.195371842966,2373.532922297207,2019-07-22T13:47:04Z,46.41561667,12.96261667,1880.00,65.071
7223,4,1617,5525.195371842966,2374.532922297207,2019-07-22T13:47:05Z,46.41553333,12.96275000,1879.00,65.057
7224,4,1618,5526.195371842966,2375.532922297207,2019-07-22T13:47:06Z,46.41546667,12.96288333,1877.00,65.045
7225,4,1619,5527.195371842966,2376.532922297207,2019-07-22T13:47:07Z,46.41538333,12.96301667,1876.00,65.031
7226,4,1620,5528.195371842966,2377.532922297207,2019-07-22T13:47:08Z,46.41530000,12.96315000,1876.00,65.017
7227,4,1621,5529.195371842966,2378.532922297207,2019-07-22T13:47:09Z,46.41523333,12.96328333,1875.00,65.005
7228,4,1622,5530.195371842966,2379.532922297207,2019-07-22T13:47:10Z,46.41516667,12.96345000,1874.00,64.99
7229,4,1623,5531.195371842966,2380.532922297207,2019-07-22T13:47:11Z,46.41510000,12.96360000,1873.00,64.977
7230,4,1624,5532.195371842966,2381.532922297207,2019-07-22T13:47:12Z,46.41503333,12.96376667,1872.00,64.963
7231,4,1625,5533.195371842966,2382.532922297207,2019-07-22T13:47:13Z,46.41496667,12.96393333,1872.00,64.949
7232,4,1626,5534.195371842966,2383.532922297207,2019-07-22T13:47:14Z,46.41491667,12.96410000,1872.00,64.936
7233,4,1627,5535.195371842966,2384.532922297207,2019-07-22T13:47:15Z,46.41485000,12.96425000,1871.00,64.922
7234,4,1628,5536.195371842966,2385.532922297207,2019-07-22T13:47:16Z,46.41478333,12.96441667,1870.00,64.908
7235,4,1629,5537.195371842966,2386.532922297207,2019-07-22T13:47:17Z,46.41471667,12.96458333,1869.00,64.894
7236,4,1630,5538.195371842966,2387.532922297207,2019-07-22T13:47:18Z,46.41465000,12.96475000,1868.00,64.88
7237,4,1631,5539.195371842966,2388.532922297207,2019-07-22T13:47:19Z,46.41458333,12.96490000,1867.00,64.866
7238,4,1632,5540.195371842966,2389.532922297207,2019-07-22T13:47:20Z,46.41450000,12.96505000,1866.00,64.852
7239,4,1633,5541.195371842966,2390.532922297207,2019-07-22T13:47:21Z,46.41443333,12.96520000,1864.00,64.838
7240,4,1634,5542.195371842966,2391.532922297207,2019-07-22T13:47:22Z,46.41436667,12.96536667,1863.00,64.824
7241,4,1635,5543.195371842966,2392.532922297207,2019-07-22T13:47:23Z,46.41428333,12.96553333,1861.00,64.809
7242,4,1636,5544.195371842966,2393.532922297207,2019-07-22T13:47:24Z,46.41423333,12.96571667,1858.00,64.795
7243,4,1637,5545.195371842966,2394.532922297207,2019-07-22T13:47:25Z,46.41416667,12.96588333,1854.00,64.781
7244,4,1638,5546.195371842966,2395.532922297207,2019-07-22T13:47:26Z,46.41410000,12.96608333,1850.00,64.765
7245,4,1639,5547.195371842966,2396.532922297207,2019-07-22T13:47:27Z,46.41403333,12.96628333,1850.00,64.749
7246,4,1640,5548.195371842966,2397.532922297207,2019-07-22T13:47:28Z,46.41396667,12.96646667,1849.00,64.733
7247,4,1641,5549.195371842966,2398.532922297207,2019-07-22T13:47:29Z,46.41390000,12.96666667,1847.00,64.717
7248,4,1642,5550.195371842966,2399.532922297207,2019-07-22T13:47:30Z,46.41383333,12.96685000,1845.00,64.702
7249,4,1643,5551.195371842966,2400.532922297207,2019-07-22T13:47:31Z,46.41376667,12.96701667,1844.00,64.688
7250,4,1644,5552.195371842966,2401.532922297207,2019-07-22T13:47:32Z,46.41370000,12.96718333,1843.00,64.674
7251,4,1645,5553.195371842966,2402.532922297207,2019-07-22T13:47:33Z,46.41363333,12.96735000,1842.00,64.66
7252,4,1646,5554.195371842966,2403.532922297207,2019-07-22T13:47:34Z,46.41355000,12.96750000,1839.00,64.645
7253,4,1647,5555.195371842966,2404.532922297207,2019-07-22T13:47:35Z,46.41348333,12.96765000,1836.00,64.632
7254,4,1648,5556.195371842966,2405.532922297207,2019-07-22T13:47:36Z,46.41340000,12.96781667,1832.00,64.616
7255,4,1649,5557.195371842966,2406.532922297207,2019-07-22T13:47:37Z,46.41331667,12.96796667,1831.00,64.602
7256,4,1650,5558.195371842966,2407.532922297207,2019-07-22T13:47:38Z,46.41323333,12.96811667,1829.00,64.587
7257,4,1651,5559.195371842966,2408.532922297207,2019-07-22T13:47:39Z,46.41313333,12.96826667,1827.00,64.571
7258,4,1652,5560.195371842966,2409.532922297207,2019-07-22T13:47:40Z,46.41305000,12.96841667,1825.00,64.556
7259,4,1653,5561.195371842966,2410.532922297207,2019-07-22T13:47:41Z,46.41295000,12.96856667,1822.00,64.54
7260,4,1654,5562.195371842966,2411.532922297207,2019-07-22T13:47:42Z,46.41286667,12.96871667,1820.00,64.526
7261,4,1655,5563.195371842966,2412.532922297207,2019-07-22T13:47:43Z,46.41276667,12.96888333,1818.00,64.509
7262,4,1656,5564.195371842966,2413.532922297207,2019-07-22T13:47:44Z,46.41266667,12.96903333,1816.00,64.493
7263,4,1657,5565.195371842966,2414.532922297207,2019-07-22T13:47:45Z,46.41258333,12.96918333,1813.00,64.478
7264,4,1658,5566.195371842966,2415.532922297207,2019-07-22T13:47:46Z,46.41248333,12.96933333,1812.00,64.462
7265,4,1659,5567.195371842966,2416.532922297207,2019-07-22T13:47:47Z,46.41240000,12.96950000,1810.00,64.447
7266,4,1660,5568.195371842966,2417.532922297207,2019-07-22T13:47:48Z,46.41231667,12.96965000,1810.00,64.432
7267,4,1661,5569.195371842966,2418.532922297207,2019-07-22T13:47:49Z,46.41221667,12.96980000,1809.00,64.416
7268,4,1662,5570.195371842966,2419.532922297207,2019-07-22T13:47:50Z,46.41211667,12.96995000,1809.00,64.4
7269,4,1663,5571.195371842966,2420.532922297207,2019-07-22T13:47:51Z,46.41203333,12.97010000,1808.00,64.385
7270,4,1664,5572.195371842966,2421.532922297207,2019-07-22T13:47:52Z,46.41193333,12.97025000,1806.00,64.369
7271,4,1665,5573.195371842966,2422.532922297207,2019-07-22T13:47:53Z,46.41181667,12.97040000,1805.00,64.352
7272,4,1666,5574.195371842966,2423.532922297207,2019-07-22T13:47:54Z,46.41171667,12.97053333,1804.00,64.337
7273,4,1667,5575.195371842966,2424.532922297207,2019-07-22T13:47:55Z,46.41161667,12.97068333,1803.00,64.321
7274,4,1668,5576.195371842966,2425.532922297207,2019-07-22T13:47:56Z,46.41150000,12.97081667,1802.00,64.304
7275,4,1669,5577.195371842966,2426.532922297207,2019-07-22T13:47:57Z,46.41140000,12.97095000,1800.00,64.289
7276,4,1670,5578.195371842966,2427.532922297207,2019-07-22T13:47:58Z,46.41130000,12.97108333,1798.00,64.274
7277,4,1671,5579.195371842966,2428.532922297207,2019-07-22T13:47:59Z,46.41118333,12.97121667,1797.00,64.258
7278,4,1672,5580.195371842966,2429.532922297207,2019-07-22T13:48:00Z,46.41108333,12.97135000,1797.00,64.243
7279,4,1673,5581.195371842966,2430.532922297207,2019-07-22T13:48:01Z,46.41098333,12.97148333,1796.00,64.228
7280,4,1674,5582.195371842966,2431.532922297207,2019-07-22T13:48:02Z,46.41086667,12.97161667,1795.00,64.211
7281,4,1675,5583.195371842966,2432.532922297207,2019-07-22T13:48:03Z,46.41076667,12.97175000,1793.00,64.196
7282,4,1676,5584.195371842966,2433.532922297207,2019-07-22T13:48:04Z,46.41066667,12.97190000,1792.00,64.18
7283,4,1677,5585.195371842966,2434.532922297207,2019-07-22T13:48:05Z,46.41056667,12.97203333,1790.00,64.165
7284,4,1678,5586.195371842966,2435.532922297207,2019-07-22T13:48:06Z,46.41046667,12.97216667,1789.00,64.15
7285,4,1679,5587.195371842966,2436.532922297207,2019-07-22T13:48:07Z,46.41036667,12.97231667,1786.00,64.134
7286,4,1680,5588.195371842966,2437.532922297207,2019-07-22T13:48:08Z,46.41026667,12.97245000,1784.00,64.119
7287,4,1681,5589.195371842966,2438.532922297207,2019-07-22T13:48:09Z,46.41016667,12.97258333,1783.00,64.104
7288,4,1682,5590.195371842966,2439.532922297207,2019-07-22T13:48:10Z,46.41006667,12.97273333,1781.00,64.088
7289,4,1683,5591.195371842966,2440.532922297207,2019-07-22T13:48:11Z,46.40996667,12.97288333,1780.00,64.072
7290,4,1684,5592.195371842966,2441.532922297207,2019-07-22T13:48:12Z,46.40986667,12.97301667,1779.00,64.057
7291,4,1685,5593.195371842966,2442.532922297207,2019-07-22T13:48:13Z,46.40976667,12.97316667,1778.00,64.041
7292,4,1686,5594.195371842966,2443.532922297207,2019-07-22T13:48:14Z,46.40966667,12.97331667,1777.00,64.025
7293,4,1687,5595.195371842966,2444.532922297207,2019-07-22T13:48:15Z,46.40956667,12.97346667,1776.00,64.009
7294,4,1688,5596.195371842966,2445.532922297207,2019-07-22T13:48:16Z,46.40946667,12.97360000,1773.00,63.994
7295,4,1689,5597.195371842966,2446.532922297207,2019-07-22T13:48:17Z,46.40936667,12.97373333,1772.00,63.978
7296,4,1690,5598.195371842966,2447.532922297207,2019-07-22T13:48:18Z,46.40925000,12.97386667,1772.00,63.962
7297,4,1691,5599.195371842966,2448.532922297207,2019-07-22T13:48:19Z,46.40915000,12.97398333,1770.00,63.948
7298,4,1692,5600.195371842966,2449.532922297207,2019-07-22T13:48:20Z,46.40905000,12.97411667,1767.00,63.933
7299,4,1693,5601.195371842966,2450.532922297207,2019-07-22T13:48:21Z,46.40893333,12.97426667,1766.00,63.915
7300,4,1694,5602.195371842966,2451.532922297207,2019-07-22T13:48:22Z,46.40883333,12.97441667,1765.00,63.899
7301,4,1695,5603.195371842966,2452.532922297207,2019-07-22T13:48:23Z,46.40873333,12.97455000,1766.00,63.884
7302,4,1696,5604.195371842966,2453.532922297207,2019-07-22T13:48:24Z,46.40863333,12.97470000,1764.00,63.868
7303,4,1697,5605.195371842966,2454.532922297207,2019-07-22T13:48:25Z,46.40853333,12.97483333,1765.00,63.853
7304,4,1698,5606.195371842966,2455.532922297207,2019-07-22T13:48:26Z,46.40843333,12.97496667,1765.00,63.838
7305,4,1699,5607.195371842966,2456.532922297207,2019-07-22T13:48:27Z,46.40835000,12.97511667,1765.00,63.823
7306,4,1700,5608.195371842966,2457.532922297207,2019-07-22T13:48:28Z,46.40825000,12.97525000,1763.00,63.808
7307,4,1701,5609.195371842966,2458.532922297207,2019-07-22T13:48:29Z,46.40816667,12.97538333,1762.00,63.795
7308,4,1702,5610.195371842966,2459.532922297207,2019-07-22T13:48:30Z,46.40806667,12.97551667,1759.00,63.779
7309,4,1703,5611.195371842966,2460.532922297207,2019-07-22T13:48:31Z,46.40798333,12.97565000,1758.00,63.766
7310,4,1704,5612.195371842966,2461.532922297207,2019-07-22T13:48:32Z,46.40788333,12.97578333,1755.00,63.751
7311,4,1705,5613.195371842966,2462.532922297207,2019-07-22T13:48:33Z,46.40778333,12.97591667,1754.00,63.736
7312,4,1706,5614.195371842966,2463.532922297207,2019-07-22T13:48:34Z,46.40768333,12.97601667,1753.00,63.722
7313,4,1707,5615.195371842966,2464.532922297207,2019-07-22T13:48:35Z,46.40756667,12.97613333,1751.00,63.707
7314,4,1708,5616.195371842966,2465.532922297207,2019-07-22T13:48:36Z,46.40746667,12.97626667,1749.00,63.692
7315,4,1709,5617.195371842966,2466.532922297207,2019-07-22T13:48:37Z,46.40735000,12.97638333,1748.00,63.676
7316,4,1710,5618.195371842966,2467.532922297207,2019-07-22T13:48:38Z,46.40725000,12.97651667,1747.00,63.661
7317,4,1711,5619.195371842966,2468.532922297207,2019-07-22T13:48:39Z,46.40716667,12.97665000,1745.00,63.647
7318,4,1712,5620.195371842966,2469.532922297207,2019-07-22T13:48:40Z,46.40706667,12.97678333,1744.00,63.632
7319,4,1713,5621.195371842966,2470.532922297207,2019-07-22T13:48:41Z,46.40696667,12.97690000,1743.00,63.618
7320,4,1714,5622.195371842966,2471.532922297207,2019-07-22T13:48:42Z,46.40688333,12.97703333,1741.00,63.604
7321,4,1715,5623.195371842966,2472.532922297207,2019-07-22T13:48:43Z,46.40678333,12.97716667,1738.00,63.589
7322,4,1716,5624.195371842966,2473.532922297207,2019-07-22T13:48:44Z,46.40668333,12.97728333,1736.00,63.575
7323,4,1717,5625.195371842966,2474.532922297207,2019-07-22T13:48:45Z,46.40660000,12.97741667,1734.00,63.561
7324,4,1718,5626.195371842966,2475.532922297207,2019-07-22T13:48:46Z,46.40650000,12.97755000,1732.00,63.546
7325,4,1719,5627.195371842966,2476.532922297207,2019-07-22T13:48:47Z,46.40641667,12.97766667,1731.00,63.533
7326,4,1720,5628.195371842966,2477.532922297207,2019-07-22T13:48:48Z,46.40631667,12.97778333,1729.00,63.519
7327,4,1721,5629.195371842966,2478.532922297207,2019-07-22T13:48:49Z,46.40623333,12.97791667,1727.00,63.505
7328,4,1722,5630.195371842966,2479.532922297207,2019-07-22T13:48:50Z,46.40613333,12.97803333,1726.00,63.491
7329,4,1723,5631.195371842966,2480.532922297207,2019-07-22T13:48:51Z,46.40603333,12.97816667,1723.00,63.476
7330,4,1724,5632.195371842966,2481.532922297207,2019-07-22T13:48:52Z,46.40593333,12.97828333,1721.00,63.462
7331,4,1725,5633.195371842966,2482.532922297207,2019-07-22T13:48:53Z,46.40583333,12.97840000,1718.00,63.447
7332,4,1726,5634.195371842966,2483.532922297207,2019-07-22T13:48:54Z,46.40573333,12.97851667,1714.00,63.433
7333,4,1727,5635.195371842966,2484.532922297207,2019-07-22T13:48:55Z,46.40561667,12.97863333,1711.00,63.418
7334,4,1728,5636.195371842966,2485.532922297207,2019-07-22T13:48:56Z,46.40550000,12.97875000,1710.00,63.402
7335,4,1729,5637.195371842966,2486.532922297207,2019-07-22T13:48:57Z,46.40538333,12.97885000,1708.00,63.387
7336,4,1730,5638.195371842966,2487.532922297207,2019-07-22T13:48:58Z,46.40526667,12.97896667,1707.00,63.372
7337,4,1731,5639.195371842966,2488.532922297207,2019-07-22T13:48:59Z,46.40515000,12.97908333,1704.00,63.356
7338,4,1732,5640.195371842966,2489.532922297207,2019-07-22T13:49:00Z,46.40503333,12.97918333,1701.00,63.342
7339,4,1733,5641.195371842966,2490.532922297207,2019-07-22T13:49:01Z,46.40491667,12.97930000,1700.00,63.326
7340,4,1734,5642.195371842966,2491.532922297207,2019-07-22T13:49:02Z,46.40480000,12.97941667,1698.00,63.311
7341,4,1735,5643.195371842966,2492.532922297207,2019-07-22T13:49:03Z,46.40468333,12.97953333,1695.00,63.295
7342,4,1736,5644.195371842966,2493.532922297207,2019-07-22T13:49:04Z,46.40456667,12.97966667,1694.00,63.279
7343,4,1737,5645.195371842966,2494.532922297207,2019-07-22T13:49:05Z,46.40446667,12.97980000,1693.00,63.263
7344,4,1738,5646.195371842966,2495.532922297207,2019-07-22T13:49:06Z,46.40435000,12.97993333,1692.00,63.247
7345,4,1739,5647.195371842966,2496.532922297207,2019-07-22T13:49:07Z,46.40425000,12.98005000,1691.00,63.233
7346,4,1740,5648.195371842966,2497.532922297207,2019-07-22T13:49:08Z,46.40415000,12.98016667,1690.00,63.219
7347,4,1741,5649.195371842966,2498.532922297207,2019-07-22T13:49:09Z,46.40405000,12.98028333,1689.00,63.204
7348,4,1742,5650.195371842966,2499.532922297207,2019-07-22T13:49:10Z,46.40395000,12.98040000,1687.00,63.19
7349,4,1743,5651.195371842966,2500.532922297207,2019-07-22T13:49:11Z,46.40385000,12.98051667,1686.00,63.176
7350,4,1744,5652.195371842966,2501.532922297207,2019-07-22T13:49:12Z,46.40375000,12.98063333,1685.00,63.162
7351,4,1745,5653.195371842966,2502.532922297207,2019-07-22T13:49:13Z,46.40365000,12.98075000,1684.00,63.148
7352,4,1746,5654.195371842966,2503.532922297207,2019-07-22T13:49:14Z,46.40355000,12.98086667,1682.00,63.133
7353,4,1747,5655.195371842966,2504.532922297207,2019-07-22T13:49:15Z,46.40345000,12.98096667,1681.00,63.12
7354,4,1748,5656.195371842966,2505.532922297207,2019-07-22T13:49:16Z,46.40335000,12.98108333,1679.00,63.106
7355,4,1749,5657.195371842966,2506.532922297207,2019-07-22T13:49:17Z,46.40323333,12.98121667,1679.00,63.089
7356,4,1750,5658.195371842966,2507.532922297207,2019-07-22T13:49:18Z,46.40311667,12.98133333,1678.00,63.074
7357,4,1751,5659.195371842966,2508.532922297207,2019-07-22T13:49:19Z,46.40301667,12.98145000,1678.00,63.06
7358,4,1752,5660.195371842966,2509.532922297207,2019-07-22T13:49:20Z,46.40290000,12.98156667,1678.00,63.044
7359,4,1753,5661.195371842966,2510.532922297207,2019-07-22T13:49:21Z,46.40280000,12.98168333,1678.00,63.03
7360,4,1754,5662.195371842966,2511.532922297207,2019-07-22T13:49:22Z,46.40270000,12.98180000,1678.00,63.016
7361,4,1755,5663.195371842966,2512.532922297207,2019-07-22T13:49:23Z,46.40260000,12.98191667,1679.00,63.002
7362,4,1756,5664.195371842966,2513.532922297207,2019-07-22T13:49:24Z,46.40250000,12.98201667,1679.00,62.988
7363,4,1757,5665.195371842966,2514.532922297207,2019-07-22T13:49:25Z,46.40241667,12.98211667,1680.00,62.976
7364,4,1758,5666.195371842966,2515.532922297207,2019-07-22T13:49:26Z,46.40233333,12.98223333,1682.00,62.963
7365,4,1759,5667.195371842966,2516.532922297207,2019-07-22T13:49:27Z,46.40225000,12.98236667,1682.00,62.95
7366,4,1760,5668.195371842966,2517.532922297207,2019-07-22T13:49:28Z,46.40218333,12.98251667,1681.00,62.936
7367,4,1761,5669.195371842966,2518.532922297207,2019-07-22T13:49:29Z,46.40210000,12.98266667,1680.00,62.922
7368,4,1762,5670.195371842966,2519.532922297207,2019-07-22T13:49:30Z,46.40201667,12.98281667,1679.00,62.907
7369,4,1763,5671.195371842966,2520.532922297207,2019-07-22T13:49:31Z,46.40191667,12.98295000,1678.00,62.892
7370,4,1764,5672.195371842966,2521.532922297207,2019-07-22T13:49:32Z,46.40180000,12.98305000,1678.00,62.877
7371,4,1765,5673.195371842966,2522.532922297207,2019-07-22T13:49:33Z,46.40168333,12.98315000,1677.00,62.863
7372,4,1766,5674.195371842966,2523.532922297207,2019-07-22T13:49:34Z,46.40158333,12.98321667,1676.00,62.851
7373,4,1767,5675.195371842966,2524.532922297207,2019-07-22T13:49:35Z,46.40148333,12.98330000,1675.00,62.839
7374,4,1768,5676.195371842966,2525.532922297207,2019-07-22T13:49:36Z,46.40136667,12.98338333,1675.00,62.825
7375,4,1769,5677.195371842966,2526.532922297207,2019-07-22T13:49:37Z,46.40126667,12.98348333,1672.00,62.811
7376,4,1770,5678.195371842966,2527.532922297207,2019-07-22T13:49:38Z,46.40116667,12.98360000,1669.00,62.797
7377,4,1771,5679.195371842966,2528.532922297207,2019-07-22T13:49:39Z,46.40106667,12.98371667,1667.00,62.783
7378,4,1772,5680.195371842966,2529.532922297207,2019-07-22T13:49:40Z,46.40096667,12.98385000,1665.00,62.768
7379,4,1773,5681.195371842966,2530.532922297207,2019-07-22T13:49:41Z,46.40088333,12.98400000,1665.00,62.753
7380,4,1774,5682.195371842966,2531.532922297207,2019-07-22T13:49:42Z,46.40080000,12.98413333,1664.00,62.74
7381,4,1775,5683.195371842966,2532.532922297207,2019-07-22T13:49:43Z,46.40071667,12.98428333,1663.00,62.725
7382,4,1776,5684.195371842966,2533.532922297207,2019-07-22T13:49:44Z,46.40063333,12.98441667,1662.00,62.711
7383,4,1777,5685.195371842966,2534.532922297207,2019-07-22T13:49:45Z,46.40055000,12.98455000,1662.00,62.697
7384,4,1778,5686.195371842966,2535.532922297207,2019-07-22T13:49:46Z,46.40046667,12.98468333,1659.00,62.684
7385,4,1779,5687.195371842966,2536.532922297207,2019-07-22T13:49:47Z,46.40040000,12.98483333,1660.00,62.67
7386,4,1780,5688.195371842966,2537.532922297207,2019-07-22T13:49:48Z,46.40031667,12.98498333,1661.00,62.656
7387,4,1781,5689.195371842966,2538.532922297207,2019-07-22T13:49:49Z,46.40025000,12.98513333,1663.00,62.642
7388,4,1782,5690.195371842966,2539.532922297207,2019-07-22T13:49:50Z,46.40018333,12.98530000,1664.00,62.628
7389,4,1783,5691.195371842966,2540.532922297207,2019-07-22T13:49:51Z,46.40011667,12.98548333,1665.00,62.613
7390,4,1784,5692.195371842966,2541.532922297207,2019-07-22T13:49:52Z,46.40003333,12.98565000,1667.00,62.597
7391,4,1785,5693.195371842966,2542.532922297207,2019-07-22T13:49:53Z,46.39995000,12.98578333,1671.00,62.584
7392,4,1786,5694.195371842966,2543.532922297207,2019-07-22T13:49:54Z,46.39983333,12.98588333,1675.00,62.569
7393,4,1787,5695.195371842966,2544.532922297207,2019-07-22T13:49:55Z,46.39971667,12.98591667,1677.00,62.558
7394,4,1788,5696.195371842966,2545.532922297207,2019-07-22T13:49:56Z,46.39958333,12.98588333,1680.00,62.549
7395,4,1789,5697.195371842966,2546.532922297207,2019-07-22T13:49:57Z,46.39946667,12.98581667,1683.00,62.543
7396,4,1790,5698.195371842966,2547.532922297207,2019-07-22T13:49:58Z,46.39938333,12.98568333,1686.00,62.544
7397,4,1791,5699.195371842966,2548.532922297207,2019-07-22T13:49:59Z,46.39933333,12.98551667,1689.00,62.549
7398,4,1792,5700.195371842966,2549.532922297207,2019-07-22T13:50:00Z,46.39931667,12.98530000,1692.00,62.559
7399,4,1793,5701.195371842966,2550.532922297207,2019-07-22T13:50:01Z,46.39935000,12.98510000,1696.00,62.572
7400,4,1794,5702.195371842966,2551.532922297207,2019-07-22T13:50:02Z,46.39943333,12.98491667,1701.00,62.589
7401,4,1795,5703.195371842966,2552.532922297207,2019-07-22T13:50:03Z,46.39955000,12.98478333,1705.00,62.605
7402,4,1796,5704.195371842966,2553.532922297207,2019-07-22T13:50:04Z,46.39968333,12.98468333,1708.00,62.621
7403,4,1797,5705.195371842966,2554.532922297207,2019-07-22T13:50:05Z,46.39981667,12.98461667,1711.00,62.635
7404,4,1798,5706.195371842966,2555.532922297207,2019-07-22T13:50:06Z,46.39996667,12.98460000,1715.00,62.648
7405,4,1799,5707.195371842966,2556.532922297207,2019-07-22T13:50:07Z,46.40011667,12.98465000,1719.00,62.657
7406,4,1800,5708.195371842966,2557.532922297207,2019-07-22T13:50:08Z,46.40025000,12.98473333,1721.00,62.664
7407,4,1801,5709.195371842966,2558.532922297207,2019-07-22T13:50:09Z,46.40036667,12.98485000,1723.00,62.667
7408,4,1802,5710.195371842966,2559.532922297207,2019-07-22T13:50:10Z,46.40046667,12.98501667,1726.00,62.666
7409,4,1803,5711.195371842966,2560.532922297207,2019-07-22T13:50:11Z,46.40053333,12.98520000,1728.00,62.661
7410,4,1804,5712.195371842966,2561.532922297207,2019-07-22T13:50:12Z,46.40055000,12.98538333,1731.00,62.653
7411,4,1805,5713.195371842966,2562.532922297207,2019-07-22T13:50:13Z,46.40055000,12.98558333,1734.00,62.642
7412,4,1806,5714.195371842966,2563.532922297207,2019-07-22T13:50:14Z,46.40051667,12.98576667,1736.00,62.63
7413,4,1807,5715.195371842966,2564.532922297207,2019-07-22T13:50:15Z,46.40043333,12.98590000,1738.00,62.616
7414,4,1808,5716.195371842966,2565.532922297207,2019-07-22T13:50:16Z,46.40031667,12.98600000,1740.00,62.601
7415,4,1809,5717.195371842966,2566.532922297207,2019-07-22T13:50:17Z,46.40020000,12.98601667,1743.00,62.591
7416,4,1810,5718.195371842966,2567.532922297207,2019-07-22T13:50:18Z,46.40006667,12.98598333,1746.00,62.582
7417,4,1811,5719.195371842966,2568.532922297207,2019-07-22T13:50:19Z,46.39996667,12.98591667,1749.00,62.578
7418,4,1812,5720.195371842966,2569.532922297207,2019-07-22T13:50:20Z,46.39988333,12.98576667,1752.00,62.579
7419,4,1813,5721.195371842966,2570.532922297207,2019-07-22T13:50:21Z,46.39983333,12.98561667,1755.00,62.583
7420,4,1814,5722.195371842966,2571.532922297207,2019-07-22T13:50:22Z,46.39980000,12.98543333,1759.00,62.59
7421,4,1815,5723.195371842966,2572.532922297207,2019-07-22T13:50:23Z,46.39981667,12.98525000,1763.00,62.601
7422,4,1816,5724.195371842966,2573.532922297207,2019-07-22T13:50:24Z,46.39983333,12.98505000,1766.00,62.613
7423,4,1817,5725.195371842966,2574.532922297207,2019-07-22T13:50:25Z,46.39990000,12.98488333,1770.00,62.628
7424,4,1818,5726.195371842966,2575.532922297207,2019-07-22T13:50:26Z,46.40000000,12.98475000,1773.00,62.643
7425,4,1819,5727.195371842966,2576.532922297207,2019-07-22T13:50:27Z,46.40016667,12.98468333,1775.00,62.66
7426,4,1820,5728.195371842966,2577.532922297207,2019-07-22T13:50:28Z,46.40031667,12.98463333,1777.00,62.674
7427,4,1821,5729.195371842966,2578.532922297207,2019-07-22T13:50:29Z,46.40046667,12.98468333,1779.00,62.684
7428,4,1822,5730.195371842966,2579.532922297207,2019-07-22T13:50:30Z,46.40060000,12.98476667,1782.00,62.69
7429,4,1823,5731.195371842966,2580.532922297207,2019-07-22T13:50:31Z,46.40073333,12.98488333,1786.00,62.694
7430,4,1824,5732.195371842966,2581.532922297207,2019-07-22T13:50:32Z,46.40081667,12.98503333,1789.00,62.693
7431,4,1825,5733.195371842966,2582.532922297207,2019-07-22T13:50:33Z,46.40086667,12.98518333,1792.00,62.689
7432,4,1826,5734.195371842966,2583.532922297207,2019-07-22T13:50:34Z,46.40091667,12.98536667,1795.00,62.683
7433,4,1827,5735.195371842966,2584.532922297207,2019-07-22T13:50:35Z,46.40091667,12.98555000,1796.00,62.673
7434,4,1828,5736.195371842966,2585.532922297207,2019-07-22T13:50:36Z,46.40090000,12.98571667,1797.00,62.663
7435,4,1829,5737.195371842966,2586.532922297207,2019-07-22T13:50:37Z,46.40081667,12.98588333,1799.00,62.647
7436,4,1830,5738.195371842966,2587.532922297207,2019-07-22T13:50:38Z,46.40070000,12.98598333,1800.00,62.633
7437,4,1831,5739.195371842966,2588.532922297207,2019-07-22T13:50:39Z,46.40058333,12.98606667,1803.00,62.619
7438,4,1832,5740.195371842966,2589.532922297207,2019-07-22T13:50:40Z,46.40045000,12.98610000,1805.00,62.607
7439,4,1833,5741.195371842966,2590.532922297207,2019-07-22T13:50:41Z,46.40033333,12.98611667,1807.00,62.596
7440,4,1834,5742.195371842966,2591.532922297207,2019-07-22T13:50:42Z,46.40021667,12.98608333,1810.00,62.589
7441,4,1835,5743.195371842966,2592.532922297207,2019-07-22T13:50:43Z,46.40011667,12.98603333,1814.00,62.584
7442,4,1836,5744.195371842966,2593.532922297207,2019-07-22T13:50:44Z,46.40001667,12.98595000,1817.00,62.58
7443,4,1837,5745.195371842966,2594.532922297207,2019-07-22T13:50:45Z,46.39993333,12.98583333,1820.00,62.58
7444,4,1838,5746.195371842966,2595.532922297207,2019-07-22T13:50:46Z,46.39985000,12.98568333,1823.00,62.581
7445,4,1839,5747.195371842966,2596.532922297207,2019-07-22T13:50:47Z,46.39981667,12.98551667,1826.00,62.587
7446,4,1840,5748.195371842966,2597.532922297207,2019-07-22T13:50:48Z,46.39983333,12.98531667,1828.00,62.599
7447,4,1841,5749.195371842966,2598.532922297207,2019-07-22T13:50:49Z,46.39986667,12.98513333,1830.00,62.612
7448,4,1842,5750.195371842966,2599.532922297207,2019-07-22T13:50:50Z,46.39995000,12.98498333,1832.00,62.626
7449,4,1843,5751.195371842966,2600.532922297207,2019-07-22T13:50:51Z,46.40010000,12.98486667,1834.00,62.645
7450,4,1844,5752.195371842966,2601.532922297207,2019-07-22T13:50:52Z,46.40026667,12.98480000,1834.00,62.661
7451,4,1845,5753.195371842966,2602.532922297207,2019-07-22T13:50:53Z,46.40041667,12.98481667,1835.00,62.672
7452,4,1846,5754.195371842966,2603.532922297207,2019-07-22T13:50:54Z,46.40056667,12.98490000,1837.00,62.68
7453,4,1847,5755.195371842966,2604.532922297207,2019-07-22T13:50:55Z,46.40071667,12.98503333,1839.00,62.685
7454,4,1848,5756.195371842966,2605.532922297207,2019-07-22T13:50:56Z,46.40081667,12.98520000,1840.00,62.684
7455,4,1849,5757.195371842966,2606.532922297207,2019-07-22T13:50:57Z,46.40085000,12.98541667,1843.00,62.675
7456,4,1850,5758.195371842966,2607.532922297207,2019-07-22T13:50:58Z,46.40081667,12.98561667,1847.00,62.662
7457,4,1851,5759.195371842966,2608.532922297207,2019-07-22T13:50:59Z,46.40076667,12.98580000,1850.00,62.648
7458,4,1852,5760.195371842966,2609.532922297207,2019-07-22T13:51:00Z,46.40070000,12.98595000,1852.00,62.635
7459,4,1853,5761.195371842966,2610.532922297207,2019-07-22T13:51:01Z,46.40058333,12.98606667,1853.00,62.619
7460,4,1854,5762.195371842966,2611.532922297207,2019-07-22T13:51:02Z,46.40045000,12.98615000,1854.00,62.604
7461,4,1855,5763.195371842966,2612.532922297207,2019-07-22T13:51:03Z,46.40031667,12.98615000,1857.00,62.593
7462,4,1856,5764.195371842966,2613.532922297207,2019-07-22T13:51:04Z,46.40020000,12.98610000,1860.00,62.587
7463,4,1857,5765.195371842966,2614.532922297207,2019-07-22T13:51:05Z,46.40011667,12.98596667,1863.00,62.587
7464,4,1858,5766.195371842966,2615.532922297207,2019-07-22T13:51:06Z,46.40006667,12.98583333,1865.00,62.59
7465,4,1859,5767.195371842966,2616.532922297207,2019-07-22T13:51:07Z,46.40005000,12.98566667,1867.00,62.598
7466,4,1860,5768.195371842966,2617.532922297207,2019-07-22T13:51:08Z,46.40006667,12.98548333,1868.00,62.609
7467,4,1861,5769.195371842966,2618.532922297207,2019-07-22T13:51:09Z,46.40013333,12.98531667,1870.00,62.623
7468,4,1862,5770.195371842966,2619.532922297207,2019-07-22T13:51:10Z,46.40021667,12.98516667,1871.00,62.638
7469,4,1863,5771.195371842966,2620.532922297207,2019-07-22T13:51:11Z,46.40036667,12.98508333,1872.00,62.654
7470,4,1864,5772.195371842966,2621.532922297207,2019-07-22T13:51:12Z,46.40050000,12.98503333,1872.00,62.668
7471,4,1865,5773.195371842966,2622.532922297207,2019-07-22T13:51:13Z,46.40065000,12.98501667,1871.00,62.68
7472,4,1866,5774.195371842966,2623.532922297207,2019-07-22T13:51:14Z,46.40080000,12.98503333,1872.00,62.691
7473,4,1867,5775.195371842966,2624.532922297207,2019-07-22T13:51:15Z,46.40095000,12.98510000,1874.00,62.7
7474,4,1868,5776.195371842966,2625.532922297207,2019-07-22T13:51:16Z,46.40108333,12.98520000,1875.00,62.705
7475,4,1869,5777.195371842966,2626.532922297207,2019-07-22T13:51:17Z,46.40120000,12.98536667,1877.00,62.706
7476,4,1870,5778.195371842966,2627.532922297207,2019-07-22T13:51:18Z,46.40128333,12.98556667,1878.00,62.702
7477,4,1871,5779.195371842966,2628.532922297207,2019-07-22T13:51:19Z,46.40133333,12.98578333,1879.00,62.694
7478,4,1872,5780.195371842966,2629.532922297207,2019-07-22T13:51:20Z,46.40136667,12.98598333,1881.00,62.686
7479,4,1873,5781.195371842966,2630.532922297207,2019-07-22T13:51:21Z,46.40135000,12.98618333,1883.00,62.674
7480,4,1874,5782.195371842966,2631.532922297207,2019-07-22T13:51:22Z,46.40133333,12.98640000,1887.00,62.661
7481,4,1875,5783.195371842966,2632.532922297207,2019-07-22T13:51:23Z,46.40130000,12.98658333,1890.00,62.649
7482,4,1876,5784.195371842966,2633.532922297207,2019-07-22T13:51:24Z,46.40126667,12.98676667,1892.00,62.636
7483,4,1877,5785.195371842966,2634.532922297207,2019-07-22T13:51:25Z,46.40121667,12.98693333,1894.00,62.623
7484,4,1878,5786.195371842966,2635.532922297207,2019-07-22T13:51:26Z,46.40115000,12.98710000,1896.00,62.609
7485,4,1879,5787.195371842966,2636.532922297207,2019-07-22T13:51:27Z,46.40105000,12.98720000,1898.00,62.596
7486,4,1880,5788.195371842966,2637.532922297207,2019-07-22T13:51:28Z,46.40095000,12.98726667,1901.00,62.584
7487,4,1881,5789.195371842966,2638.532922297207,2019-07-22T13:51:29Z,46.40083333,12.98725000,1902.00,62.576
7488,4,1882,5790.195371842966,2639.532922297207,2019-07-22T13:51:30Z,46.40073333,12.98715000,1902.00,62.573
7489,4,1883,5791.195371842966,2640.532922297207,2019-07-22T13:51:31Z,46.40070000,12.98696667,1905.00,62.58
7490,4,1884,5792.195371842966,2641.532922297207,2019-07-22T13:51:32Z,46.40070000,12.98678333,1908.00,62.59
7491,4,1885,5793.195371842966,2642.532922297207,2019-07-22T13:51:33Z,46.40075000,12.98658333,1911.00,62.605
7492,4,1886,5794.195371842966,2643.532922297207,2019-07-22T13:51:34Z,46.40083333,12.98645000,1912.00,62.619
7493,4,1887,5795.195371842966,2644.532922297207,2019-07-22T13:51:35Z,46.40100000,12.98636667,1915.00,62.636
7494,4,1888,5796.195371842966,2645.532922297207,2019-07-22T13:51:36Z,46.40115000,12.98638333,1916.00,62.647
7495,4,1889,5797.195371842966,2646.532922297207,2019-07-22T13:51:37Z,46.40130000,12.98641667,1916.00,62.658
7496,4,1890,5798.195371842966,2647.532922297207,2019-07-22T13:51:38Z,46.40143333,12.98650000,1916.00,62.664
7497,4,1891,5799.195371842966,2648.532922297207,2019-07-22T13:51:39Z,46.40156667,12.98666667,1917.00,62.666
7498,4,1892,5800.195371842966,2649.532922297207,2019-07-22T13:51:40Z,46.40166667,12.98685000,1919.00,62.664
7499,4,1893,5801.195371842966,2650.532922297207,2019-07-22T13:51:41Z,46.40173333,12.98703333,1923.00,62.66
7500,4,1894,5802.195371842966,2651.532922297207,2019-07-22T13:51:42Z,46.40178333,12.98723333,1926.00,62.653
7501,4,1895,5803.195371842966,2652.532922297207,2019-07-22T13:51:43Z,46.40181667,12.98743333,1928.00,62.645
7502,4,1896,5804.195371842966,2653.532922297207,2019-07-22T13:51:44Z,46.40180000,12.98765000,1930.00,62.632
7503,4,1897,5805.195371842966,2654.532922297207,2019-07-22T13:51:45Z,46.40178333,12.98785000,1932.00,62.62
7504,4,1898,5806.195371842966,2655.532922297207,2019-07-22T13:51:46Z,46.40171667,12.98803333,1932.00,62.605
7505,4,1899,5807.195371842966,2656.532922297207,2019-07-22T13:51:47Z,46.40163333,12.98815000,1933.00,62.592
7506,4,1900,5808.195371842966,2657.532922297207,2019-07-22T13:51:48Z,46.40153333,12.98828333,1934.00,62.577
7507,4,1901,5809.195371842966,2658.532922297207,2019-07-22T13:51:49Z,46.40143333,12.98836667,1934.00,62.565
7508,4,1902,5810.195371842966,2659.532922297207,2019-07-22T13:51:50Z,46.40131667,12.98840000,1933.00,62.554
7509,4,1903,5811.195371842966,2660.532922297207,2019-07-22T13:51:51Z,46.40120000,12.98843333,1934.00,62.542
7510,4,1904,5812.195371842966,2661.532922297207,2019-07-22T13:51:52Z,46.40108333,12.98840000,1934.00,62.535
7511,4,1905,5813.195371842966,2662.532922297207,2019-07-22T13:51:53Z,46.40098333,12.98835000,1935.00,62.529
7512,4,1906,5814.195371842966,2663.532922297207,2019-07-22T13:51:54Z,46.40088333,12.98825000,1935.00,62.527
7513,4,1907,5815.195371842966,2664.532922297207,2019-07-22T13:51:55Z,46.40081667,12.98810000,1935.00,62.529
7514,4,1908,5816.195371842966,2665.532922297207,2019-07-22T13:51:56Z,46.40076667,12.98793333,1936.00,62.534
7515,4,1909,5817.195371842966,2666.532922297207,2019-07-22T13:51:57Z,46.40073333,12.98775000,1936.00,62.541
7516,4,1910,5818.195371842966,2667.532922297207,2019-07-22T13:51:58Z,46.40071667,12.98756667,1940.00,62.55
7517,4,1911,5819.195371842966,2668.532922297207,2019-07-22T13:51:59Z,46.40071667,12.98740000,1943.00,62.559
7518,4,1912,5820.195371842966,2669.532922297207,2019-07-22T13:52:00Z,46.40075000,12.98723333,1947.00,62.57
7519,4,1913,5821.195371842966,2670.532922297207,2019-07-22T13:52:01Z,46.40078333,12.98706667,1949.00,62.582
7520,4,1914,5822.195371842966,2671.532922297207,2019-07-22T13:52:02Z,46.40083333,12.98691667,1951.00,62.594
7521,4,1915,5823.195371842966,2672.532922297207,2019-07-22T13:52:03Z,46.40090000,12.98676667,1952.00,62.607
7522,4,1916,5824.195371842966,2673.532922297207,2019-07-22T13:52:04Z,46.40103333,12.98666667,1952.00,62.623
7523,4,1917,5825.195371842966,2674.532922297207,2019-07-22T13:52:05Z,46.40120000,12.98665000,1952.00,62.637
7524,4,1918,5826.195371842966,2675.532922297207,2019-07-22T13:52:06Z,46.40135000,12.98665000,1953.00,62.649
7525,4,1919,5827.195371842966,2676.532922297207,2019-07-22T13:52:07Z,46.40148333,12.98673333,1953.00,62.655
7526,4,1920,5828.195371842966,2677.532922297207,2019-07-22T13:52:08Z,46.40161667,12.98691667,1954.00,62.656
7527,4,1921,5829.195371842966,2678.532922297207,2019-07-22T13:52:09Z,46.40170000,12.98711667,1956.00,62.652
7528,4,1922,5830.195371842966,2679.532922297207,2019-07-22T13:52:10Z,46.40175000,12.98733333,1957.00,62.645
7529,4,1923,5831.195371842966,2680.532922297207,2019-07-22T13:52:11Z,46.40175000,12.98755000,1959.00,62.633
7530,4,1924,5832.195371842966,2681.532922297207,2019-07-22T13:52:12Z,46.40173333,12.98776667,1961.00,62.621
7531,4,1925,5833.195371842966,2682.532922297207,2019-07-22T13:52:13Z,46.40168333,12.98795000,1962.00,62.607
7532,4,1926,5834.195371842966,2683.532922297207,2019-07-22T13:52:14Z,46.40160000,12.98811667,1965.00,62.591
7533,4,1927,5835.195371842966,2684.532922297207,2019-07-22T13:52:15Z,46.40151667,12.98825000,1968.00,62.578
7534,4,1928,5836.195371842966,2685.532922297207,2019-07-22T13:52:16Z,46.40141667,12.98835000,1970.00,62.564
7535,4,1929,5837.195371842966,2686.532922297207,2019-07-22T13:52:17Z,46.40131667,12.98843333,1971.00,62.552
7536,4,1930,5838.195371842966,2687.532922297207,2019-07-22T13:52:18Z,46.40121667,12.98848333,1971.00,62.541
7537,4,1931,5839.195371842966,2688.532922297207,2019-07-22T13:52:19Z,46.40110000,12.98845000,1971.00,62.533
7538,4,1932,5840.195371842966,2689.532922297207,2019-07-22T13:52:20Z,46.40098333,12.98836667,1972.00,62.529
7539,4,1933,5841.195371842966,2690.532922297207,2019-07-22T13:52:21Z,46.40091667,12.98821667,1972.00,62.531
7540,4,1934,5842.195371842966,2691.532922297207,2019-07-22T13:52:22Z,46.40086667,12.98803333,1974.00,62.537
7541,4,1935,5843.195371842966,2692.532922297207,2019-07-22T13:52:23Z,46.40085000,12.98785000,1976.00,62.545
7542,4,1936,5844.195371842966,2693.532922297207,2019-07-22T13:52:24Z,46.40085000,12.98766667,1979.00,62.555
7543,4,1937,5845.195371842966,2694.532922297207,2019-07-22T13:52:25Z,46.40086667,12.98750000,1980.00,62.565
7544,4,1938,5846.195371842966,2695.532922297207,2019-07-22T13:52:26Z,46.40091667,12.98733333,1982.00,62.578
7545,4,1939,5847.195371842966,2696.532922297207,2019-07-22T13:52:27Z,46.40096667,12.98716667,1983.00,62.591
7546,4,1940,5848.195371842966,2697.532922297207,2019-07-22T13:52:28Z,46.40105000,12.98701667,1984.00,62.606
7547,4,1941,5849.195371842966,2698.532922297207,2019-07-22T13:52:29Z,46.40116667,12.98688333,1984.00,62.622
7548,4,1942,5850.195371842966,2699.532922297207,2019-07-22T13:52:30Z,46.40131667,12.98681667,1984.00,62.638
7549,4,1943,5851.195371842966,2700.532922297207,2019-07-22T13:52:31Z,46.40146667,12.98680000,1985.00,62.651
7550,4,1944,5852.195371842966,2701.532922297207,2019-07-22T13:52:32Z,46.40161667,12.98683333,1986.00,62.661
7551,4,1945,5853.195371842966,2702.532922297207,2019-07-22T13:52:33Z,46.40176667,12.98686667,1986.00,62.671
7552,4,1946,5854.195371842966,2703.532922297207,2019-07-22T13:52:34Z,46.40191667,12.98691667,1987.00,62.68
7553,4,1947,5855.195371842966,2704.532922297207,2019-07-22T13:52:35Z,46.40206667,12.98700000,1989.00,62.688
7554,4,1948,5856.195371842966,2705.532922297207,2019-07-22T13:52:36Z,46.40220000,12.98708333,1990.00,62.694
7555,4,1949,5857.195371842966,2706.532922297207,2019-07-22T13:52:37Z,46.40231667,12.98721667,1991.00,62.697
7556,4,1950,5858.195371842966,2707.532922297207,2019-07-22T13:52:38Z,46.40243333,12.98738333,1993.00,62.697
7557,4,1951,5859.195371842966,2708.532922297207,2019-07-22T13:52:39Z,46.40253333,12.98755000,1994.00,62.696
7558,4,1952,5860.195371842966,2709.532922297207,2019-07-22T13:52:40Z,46.40260000,12.98775000,1997.00,62.691
7559,4,1953,5861.195371842966,2710.532922297207,2019-07-22T13:52:41Z,46.40261667,12.98795000,1999.00,62.682
7560,4,1954,5862.195371842966,2711.532922297207,2019-07-22T13:52:42Z,46.40261667,12.98815000,2001.00,62.671
7561,4,1955,5863.195371842966,2712.532922297207,2019-07-22T13:52:43Z,46.40256667,12.98835000,2002.00,62.657
7562,4,1956,5864.195371842966,2713.532922297207,2019-07-22T13:52:44Z,46.40248333,12.98848333,2002.00,62.643
7563,4,1957,5865.195371842966,2714.532922297207,2019-07-22T13:52:45Z,46.40238333,12.98856667,2004.00,62.63
7564,4,1958,5866.195371842966,2715.532922297207,2019-07-22T13:52:46Z,46.40228333,12.98856667,2005.00,62.622
7565,4,1959,5867.195371842966,2716.532922297207,2019-07-22T13:52:47Z,46.40218333,12.98851667,2006.00,62.617
7566,4,1960,5868.195371842966,2717.532922297207,2019-07-22T13:52:48Z,46.40211667,12.98840000,2007.00,62.618
7567,4,1961,5869.195371842966,2718.532922297207,2019-07-22T13:52:49Z,46.40205000,12.98826667,2009.00,62.619
7568,4,1962,5870.195371842966,2719.532922297207,2019-07-22T13:52:50Z,46.40201667,12.98813333,2011.00,62.624
7569,4,1963,5871.195371842966,2720.532922297207,2019-07-22T13:52:51Z,46.40200000,12.98798333,2013.00,62.63
7570,4,1964,5872.195371842966,2721.532922297207,2019-07-22T13:52:52Z,46.40200000,12.98781667,2014.00,62.639
7571,4,1965,5873.195371842966,2722.532922297207,2019-07-22T13:52:53Z,46.40200000,12.98765000,2015.00,62.648
7572,4,1966,5874.195371842966,2723.532922297207,2019-07-22T13:52:54Z,46.40205000,12.98746667,2015.00,62.662
7573,4,1967,5875.195371842966,2724.532922297207,2019-07-22T13:52:55Z,46.40210000,12.98730000,2015.00,62.675
7574,4,1968,5876.195371842966,2725.532922297207,2019-07-22T13:52:56Z,46.40220000,12.98715000,2015.00,62.691
7575,4,1969,5877.195371842966,2726.532922297207,2019-07-22T13:52:57Z,46.40230000,12.98701667,2015.00,62.706
7576,4,1970,5878.195371842966,2727.532922297207,2019-07-22T13:52:58Z,46.40245000,12.98693333,2015.00,62.722
7577,4,1971,5879.195371842966,2728.532922297207,2019-07-22T13:52:59Z,46.40260000,12.98685000,2016.00,62.739
7578,4,1972,5880.195371842966,2729.532922297207,2019-07-22T13:53:00Z,46.40275000,12.98683333,2016.00,62.752
7579,4,1973,5881.195371842966,2730.532922297207,2019-07-22T13:53:01Z,46.40290000,12.98680000,2018.00,62.766
7580,4,1974,5882.195371842966,2731.532922297207,2019-07-22T13:53:02Z,46.40306667,12.98681667,2020.00,62.778
7581,4,1975,5883.195371842966,2732.532922297207,2019-07-22T13:53:03Z,46.40320000,12.98681667,2021.00,62.789
7582,4,1976,5884.195371842966,2733.532922297207,2019-07-22T13:53:04Z,46.40335000,12.98681667,2024.00,62.801
7583,4,1977,5885.195371842966,2734.532922297207,2019-07-22T13:53:05Z,46.40351667,12.98683333,2025.00,62.813
7584,4,1978,5886.195371842966,2735.532922297207,2019-07-22T13:53:06Z,46.40366667,12.98685000,2027.00,62.824
7585,4,1979,5887.195371842966,2736.532922297207,2019-07-22T13:53:07Z,46.40381667,12.98685000,2029.00,62.837
7586,4,1980,5888.195371842966,2737.532922297207,2019-07-22T13:53:08Z,46.40396667,12.98685000,2031.00,62.849
7587,4,1981,5889.195371842966,2738.532922297207,2019-07-22T13:53:09Z,46.40411667,12.98685000,2031.00,62.861
7588,4,1982,5890.195371842966,2739.532922297207,2019-07-22T13:53:10Z,46.40426667,12.98686667,2033.00,62.872
7589,4,1983,5891.195371842966,2740.532922297207,2019-07-22T13:53:11Z,46.40441667,12.98693333,2035.00,62.88
7590,4,1984,5892.195371842966,2741.532922297207,2019-07-22T13:53:12Z,46.40453333,12.98705000,2035.00,62.883
7591,4,1985,5893.195371842966,2742.532922297207,2019-07-22T13:53:13Z,46.40463333,12.98721667,2036.00,62.882
7592,4,1986,5894.195371842966,2743.532922297207,2019-07-22T13:53:14Z,46.40470000,12.98740000,2036.00,62.877
7593,4,1987,5895.195371842966,2744.532922297207,2019-07-22T13:53:15Z,46.40470000,12.98760000,2035.00,62.867
7594,4,1988,5896.195371842966,2745.532922297207,2019-07-22T13:53:16Z,46.40465000,12.98778333,2036.00,62.853
7595,4,1989,5897.195371842966,2746.532922297207,2019-07-22T13:53:17Z,46.40456667,12.98791667,2037.00,62.839
7596,4,1990,5898.195371842966,2747.532922297207,2019-07-22T13:53:18Z,46.40445000,12.98798333,2037.00,62.826
7597,4,1991,5899.195371842966,2748.532922297207,2019-07-22T13:53:19Z,46.40433333,12.98800000,2038.00,62.816
7598,4,1992,5900.195371842966,2749.532922297207,2019-07-22T13:53:20Z,46.40421667,12.98795000,2038.00,62.809
7599,4,1993,5901.195371842966,2750.532922297207,2019-07-22T13:53:21Z,46.40410000,12.98786667,2039.00,62.805
7600,4,1994,5902.195371842966,2751.532922297207,2019-07-22T13:53:22Z,46.40400000,12.98773333,2039.00,62.804
7601,4,1995,5903.195371842966,2752.532922297207,2019-07-22T13:53:23Z,46.40393333,12.98758333,2041.00,62.807
7602,4,1996,5904.195371842966,2753.532922297207,2019-07-22T13:53:24Z,46.40386667,12.98741667,2041.00,62.81
7603,4,1997,5905.195371842966,2754.532922297207,2019-07-22T13:53:25Z,46.40383333,12.98723333,2043.00,62.818
7604,4,1998,5906.195371842966,2755.532922297207,2019-07-22T13:53:26Z,46.40380000,12.98703333,2045.00,62.826
7605,4,1999,5907.195371842966,2756.532922297207,2019-07-22T13:53:27Z,46.40380000,12.98685000,2048.00,62.835
7606,4,2000,5908.195371842966,2757.532922297207,2019-07-22T13:53:28Z,46.40380000,12.98666667,2050.00,62.845
7607,4,2001,5909.195371842966,2758.532922297207,2019-07-22T13:53:29Z,46.40381667,12.98650000,2052.00,62.855
7608,4,2002,5910.195371842966,2759.532922297207,2019-07-22T13:53:30Z,46.40386667,12.98633333,2053.00,62.868
7609,4,2003,5911.195371842966,2760.532922297207,2019-07-22T13:53:31Z,46.40391667,12.98616667,2056.00,62.881
7610,4,2004,5912.195371842966,2761.532922297207,2019-07-22T13:53:32Z,46.40400000,12.98601667,2056.00,62.895
7611,4,2005,5913.195371842966,2762.532922297207,2019-07-22T13:53:33Z,46.40411667,12.98588333,2054.00,62.912
7612,4,2006,5914.195371842966,2763.532922297207,2019-07-22T13:53:34Z,46.40426667,12.98580000,2053.00,62.928
7613,4,2007,5915.195371842966,2764.532922297207,2019-07-22T13:53:35Z,46.40441667,12.98576667,2053.00,62.942
7614,4,2008,5916.195371842966,2765.532922297207,2019-07-22T13:53:36Z,46.40458333,12.98581667,2052.00,62.953
7615,4,2009,5917.195371842966,2766.532922297207,2019-07-22T13:53:37Z,46.40475000,12.98591667,2052.00,62.961
7616,4,2010,5918.195371842966,2767.532922297207,2019-07-22T13:53:38Z,46.40488333,12.98603333,2053.00,62.965
7617,4,2011,5919.195371842966,2768.532922297207,2019-07-22T13:53:39Z,46.40500000,12.98616667,2055.00,62.967
7618,4,2012,5920.195371842966,2769.532922297207,2019-07-22T13:53:40Z,46.40510000,12.98631667,2057.00,62.967
7619,4,2013,5921.195371842966,2770.532922297207,2019-07-22T13:53:41Z,46.40516667,12.98646667,2058.00,62.964
7620,4,2014,5922.195371842966,2771.532922297207,2019-07-22T13:53:42Z,46.40521667,12.98663333,2058.00,62.959
7621,4,2015,5923.195371842966,2772.532922297207,2019-07-22T13:53:43Z,46.40525000,12.98681667,2058.00,62.952
7622,4,2016,5924.195371842966,2773.532922297207,2019-07-22T13:53:44Z,46.40525000,12.98701667,2058.00,62.941
7623,4,2017,5925.195371842966,2774.532922297207,2019-07-22T13:53:45Z,46.40523333,12.98721667,2058.00,62.929
7624,4,2018,5926.195371842966,2775.532922297207,2019-07-22T13:53:46Z,46.40520000,12.98740000,2058.00,62.917
7625,4,2019,5927.195371842966,2776.532922297207,2019-07-22T13:53:47Z,46.40518333,12.98758333,2060.00,62.906
7626,4,2020,5928.195371842966,2777.532922297207,2019-07-22T13:53:48Z,46.40513333,12.98775000,2061.00,62.893
7627,4,2021,5929.195371842966,2778.532922297207,2019-07-22T13:53:49Z,46.40508333,12.98790000,2063.00,62.881
7628,4,2022,5930.195371842966,2779.532922297207,2019-07-22T13:53:50Z,46.40503333,12.98805000,2063.00,62.869
7629,4,2023,5931.195371842966,2780.532922297207,2019-07-22T13:53:51Z,46.40496667,12.98818333,2063.00,62.856
7630,4,2024,5932.195371842966,2781.532922297207,2019-07-22T13:53:52Z,46.40490000,12.98831667,2063.00,62.844
7631,4,2025,5933.195371842966,2782.532922297207,2019-07-22T13:53:53Z,46.40480000,12.98845000,2063.00,62.829
7632,4,2026,5934.195371842966,2783.532922297207,2019-07-22T13:53:54Z,46.40471667,12.98858333,2063.00,62.815
7633,4,2027,5935.195371842966,2784.532922297207,2019-07-22T13:53:55Z,46.40461667,12.98870000,2063.00,62.801
7634,4,2028,5936.195371842966,2785.532922297207,2019-07-22T13:53:56Z,46.40453333,12.98881667,2062.00,62.788
7635,4,2029,5937.195371842966,2786.532922297207,2019-07-22T13:53:57Z,46.40441667,12.98891667,2065.00,62.773
7636,4,2030,5938.195371842966,2787.532922297207,2019-07-22T13:53:58Z,46.40431667,12.98898333,2066.00,62.762
7637,4,2031,5939.195371842966,2788.532922297207,2019-07-22T13:53:59Z,46.40421667,12.98906667,2066.00,62.749
7638,4,2032,5940.195371842966,2789.532922297207,2019-07-22T13:54:00Z,46.40410000,12.98911667,2066.00,62.737
7639,4,2033,5941.195371842966,2790.532922297207,2019-07-22T13:54:01Z,46.40398333,12.98916667,2066.00,62.726
7640,4,2034,5942.195371842966,2791.532922297207,2019-07-22T13:54:02Z,46.40386667,12.98921667,2068.00,62.714
7641,4,2035,5943.195371842966,2792.532922297207,2019-07-22T13:54:03Z,46.40373333,12.98926667,2069.00,62.7
7642,4,2036,5944.195371842966,2793.532922297207,2019-07-22T13:54:04Z,46.40361667,12.98933333,2070.00,62.687
7643,4,2037,5945.195371842966,2794.532922297207,2019-07-22T13:54:05Z,46.40350000,12.98938333,2071.00,62.676
7644,4,2038,5946.195371842966,2795.532922297207,2019-07-22T13:54:06Z,46.40338333,12.98943333,2073.00,62.664
7645,4,2039,5947.195371842966,2796.532922297207,2019-07-22T13:54:07Z,46.40325000,12.98950000,2073.00,62.649
7646,4,2040,5948.195371842966,2797.532922297207,2019-07-22T13:54:08Z,46.40313333,12.98955000,2073.00,62.637
7647,4,2041,5949.195371842966,2798.532922297207,2019-07-22T13:54:09Z,46.40301667,12.98960000,2073.00,62.626
7648,4,2042,5950.195371842966,2799.532922297207,2019-07-22T13:54:10Z,46.40290000,12.98966667,2072.00,62.613
7649,4,2043,5951.195371842966,2800.532922297207,2019-07-22T13:54:11Z,46.40276667,12.98975000,2072.00,62.598
7650,4,2044,5952.195371842966,2801.532922297207,2019-07-22T13:54:12Z,46.40263333,12.98986667,2072.00,62.581
7651,4,2045,5953.195371842966,2802.532922297207,2019-07-22T13:54:13Z,46.40251667,12.98998333,2073.00,62.565
7652,4,2046,5954.195371842966,2803.532922297207,2019-07-22T13:54:14Z,46.40238333,12.99013333,2073.00,62.547
7653,4,2047,5955.195371842966,2804.532922297207,2019-07-22T13:54:15Z,46.40226667,12.99028333,2073.00,62.529
7654,4,2048,5956.195371842966,2805.532922297207,2019-07-22T13:54:16Z,46.40216667,12.99046667,2072.00,62.512
7655,4,2049,5957.195371842966,2806.532922297207,2019-07-22T13:54:17Z,46.40205000,12.99065000,2072.00,62.492
7656,4,2050,5958.195371842966,2807.532922297207,2019-07-22T13:54:18Z,46.40195000,12.99083333,2071.00,62.475
7657,4,2051,5959.195371842966,2808.532922297207,2019-07-22T13:54:19Z,46.40185000,12.99103333,2069.00,62.456
7658,4,2052,5960.195371842966,2809.532922297207,2019-07-22T13:54:20Z,46.40176667,12.99123333,2069.00,62.439
7659,4,2053,5961.195371842966,2810.532922297207,2019-07-22T13:54:21Z,46.40170000,12.99141667,2067.00,62.423
7660,4,2054,5962.195371842966,2811.532922297207,2019-07-22T13:54:22Z,46.40161667,12.99160000,2066.00,62.407
7661,4,2055,5963.195371842966,2812.532922297207,2019-07-22T13:54:23Z,46.40155000,12.99178333,2065.00,62.392
7662,4,2056,5964.195371842966,2813.532922297207,2019-07-22T13:54:24Z,46.40146667,12.99196667,2064.00,62.375
7663,4,2057,5965.195371842966,2814.532922297207,2019-07-22T13:54:25Z,46.40140000,12.99215000,2063.00,62.36
7664,4,2058,5966.195371842966,2815.532922297207,2019-07-22T13:54:26Z,46.40133333,12.99233333,2061.00,62.345
7665,4,2059,5967.195371842966,2816.532922297207,2019-07-22T13:54:27Z,46.40125000,12.99251667,2057.00,62.329
7666,4,2060,5968.195371842966,2817.532922297207,2019-07-22T13:54:28Z,46.40118333,12.99271667,2054.00,62.313
7667,4,2061,5969.195371842966,2818.532922297207,2019-07-22T13:54:29Z,46.40110000,12.99291667,2053.00,62.295
7668,4,2062,5970.195371842966,2819.532922297207,2019-07-22T13:54:30Z,46.40101667,12.99311667,2050.00,62.278
7669,4,2063,5971.195371842966,2820.532922297207,2019-07-22T13:54:31Z,46.40093333,12.99330000,2049.00,62.261
7670,4,2064,5972.195371842966,2821.532922297207,2019-07-22T13:54:32Z,46.40085000,12.99346667,2048.00,62.246
7671,4,2065,5973.195371842966,2822.532922297207,2019-07-22T13:54:33Z,46.40078333,12.99363333,2047.00,62.232
7672,4,2066,5974.195371842966,2823.532922297207,2019-07-22T13:54:34Z,46.40070000,12.99380000,2046.00,62.216
7673,4,2067,5975.195371842966,2824.532922297207,2019-07-22T13:54:35Z,46.40063333,12.99398333,2045.00,62.201
7674,4,2068,5976.195371842966,2825.532922297207,2019-07-22T13:54:36Z,46.40056667,12.99415000,2043.00,62.187
7675,4,2069,5977.195371842966,2826.532922297207,2019-07-22T13:54:37Z,46.40050000,12.99433333,2038.00,62.172
7676,4,2070,5978.195371842966,2827.532922297207,2019-07-22T13:54:38Z,46.40043333,12.99451667,2036.00,62.156
7677,4,2071,5979.195371842966,2828.532922297207,2019-07-22T13:54:39Z,46.40036667,12.99473333,2033.00,62.14
7678,4,2072,5980.195371842966,2829.532922297207,2019-07-22T13:54:40Z,46.40028333,12.99495000,2030.00,62.121
7679,4,2073,5981.195371842966,2830.532922297207,2019-07-22T13:54:41Z,46.40020000,12.99516667,2027.00,62.103
7680,4,2074,5982.195371842966,2831.532922297207,2019-07-22T13:54:42Z,46.40011667,12.99538333,2023.00,62.085
7681,4,2075,5983.195371842966,2832.532922297207,2019-07-22T13:54:43Z,46.40003333,12.99561667,2023.00,62.066
7682,4,2076,5984.195371842966,2833.532922297207,2019-07-22T13:54:44Z,46.39995000,12.99583333,2022.00,62.047
7683,4,2077,5985.195371842966,2834.532922297207,2019-07-22T13:54:45Z,46.39986667,12.99605000,2023.00,62.029
7684,4,2078,5986.195371842966,2835.532922297207,2019-07-22T13:54:46Z,46.39978333,12.99625000,2022.00,62.012
7685,4,2079,5987.195371842966,2836.532922297207,2019-07-22T13:54:47Z,46.39971667,12.99645000,2019.00,61.996
7686,4,2080,5988.195371842966,2837.532922297207,2019-07-22T13:54:48Z,46.39966667,12.99666667,2019.00,61.98
7687,4,2081,5989.195371842966,2838.532922297207,2019-07-22T13:54:49Z,46.39960000,12.99686667,2016.00,61.964
7688,4,2082,5990.195371842966,2839.532922297207,2019-07-22T13:54:50Z,46.39955000,12.99708333,2013.00,61.949
7689,4,2083,5991.195371842966,2840.532922297207,2019-07-22T13:54:51Z,46.39948333,12.99730000,2012.00,61.932
7690,4,2084,5992.195371842966,2841.532922297207,2019-07-22T13:54:52Z,46.39941667,12.99751667,2010.00,61.915
7691,4,2085,5993.195371842966,2842.532922297207,2019-07-22T13:54:53Z,46.39936667,12.99775000,2007.00,61.898
7692,4,2086,5994.195371842966,2843.532922297207,2019-07-22T13:54:54Z,46.39930000,12.99798333,2003.00,61.881
7693,4,2087,5995.195371842966,2844.532922297207,2019-07-22T13:54:55Z,46.39923333,12.99821667,2001.00,61.863
7694,4,2088,5996.195371842966,2845.532922297207,2019-07-22T13:54:56Z,46.39916667,12.99845000,1999.00,61.845
7695,4,2089,5997.195371842966,2846.532922297207,2019-07-22T13:54:57Z,46.39910000,12.99870000,1997.00,61.826
7696,4,2090,5998.195371842966,2847.532922297207,2019-07-22T13:54:58Z,46.39903333,12.99893333,1997.00,61.809
7697,4,2091,5999.195371842966,2848.532922297207,2019-07-22T13:54:59Z,46.39898333,12.99915000,1996.00,61.793
7698,4,2092,6000.195371842966,2849.532922297207,2019-07-22T13:55:00Z,46.39893333,12.99938333,1994.00,61.777
7699,4,2093,6001.195371842966,2850.532922297207,2019-07-22T13:55:01Z,46.39886667,12.99961667,1992.00,61.759
7700,4,2094,6002.195371842966,2851.532922297207,2019-07-22T13:55:02Z,46.39881667,12.99985000,1989.00,61.742
7701,4,2095,6003.195371842966,2852.532922297207,2019-07-22T13:55:03Z,46.39876667,13.00008333,1987.00,61.726
7702,4,2096,6004.195371842966,2853.532922297207,2019-07-22T13:55:04Z,46.39870000,13.00031667,1985.00,61.708
7703,4,2097,6005.195371842966,2854.532922297207,2019-07-22T13:55:05Z,46.39865000,13.00055000,1984.00,61.692
7704,4,2098,6006.195371842966,2855.532922297207,2019-07-22T13:55:06Z,46.39860000,13.00078333,1983.00,61.675
7705,4,2099,6007.195371842966,2856.532922297207,2019-07-22T13:55:07Z,46.39856667,13.00100000,1982.00,61.661
7706,4,2100,6008.195371842966,2857.532922297207,2019-07-22T13:55:08Z,46.39851667,13.00121667,1979.00,61.645
7707,4,2101,6009.195371842966,2858.532922297207,2019-07-22T13:55:09Z,46.39848333,13.00145000,1976.00,61.63
7708,4,2102,6010.195371842966,2859.532922297207,2019-07-22T13:55:10Z,46.39843333,13.00168333,1973.00,61.614
7709,4,2103,6011.195371842966,2860.532922297207,2019-07-22T13:55:11Z,46.39838333,13.00193333,1969.00,61.597
7710,4,2104,6012.195371842966,2861.532922297207,2019-07-22T13:55:12Z,46.39831667,13.00216667,1966.00,61.579
7711,4,2105,6013.195371842966,2862.532922297207,2019-07-22T13:55:13Z,46.39826667,13.00241667,1964.00,61.562
7712,4,2106,6014.195371842966,2863.532922297207,2019-07-22T13:55:14Z,46.39820000,13.00265000,1962.00,61.544
7713,4,2107,6015.195371842966,2864.532922297207,2019-07-22T13:55:15Z,46.39815000,13.00288333,1959.00,61.527
7714,4,2108,6016.195371842966,2865.532922297207,2019-07-22T13:55:16Z,46.39810000,13.00310000,1957.00,61.512
7715,4,2109,6017.195371842966,2866.532922297207,2019-07-22T13:55:17Z,46.39805000,13.00333333,1955.00,61.495
7716,4,2110,6018.195371842966,2867.532922297207,2019-07-22T13:55:18Z,46.39798333,13.00356667,1952.00,61.478
7717,4,2111,6019.195371842966,2868.532922297207,2019-07-22T13:55:19Z,46.39793333,13.00380000,1950.00,61.461
7718,4,2112,6020.195371842966,2869.532922297207,2019-07-22T13:55:20Z,46.39788333,13.00401667,1948.00,61.446
7719,4,2113,6021.195371842966,2870.532922297207,2019-07-22T13:55:21Z,46.39785000,13.00425000,1943.00,61.431
7720,4,2114,6022.195371842966,2871.532922297207,2019-07-22T13:55:22Z,46.39780000,13.00448333,1938.00,61.414
7721,4,2115,6023.195371842966,2872.532922297207,2019-07-22T13:55:23Z,46.39775000,13.00470000,1934.00,61.399
7722,4,2116,6024.195371842966,2873.532922297207,2019-07-22T13:55:24Z,46.39770000,13.00493333,1933.00,61.382
7723,4,2117,6025.195371842966,2874.532922297207,2019-07-22T13:55:25Z,46.39765000,13.00518333,1929.00,61.365
7724,4,2118,6026.195371842966,2875.532922297207,2019-07-22T13:55:26Z,46.39760000,13.00541667,1927.00,61.349
7725,4,2119,6027.195371842966,2876.532922297207,2019-07-22T13:55:27Z,46.39755000,13.00563333,1926.00,61.333
7726,4,2120,6028.195371842966,2877.532922297207,2019-07-22T13:55:28Z,46.39751667,13.00586667,1923.00,61.318
7727,4,2121,6029.195371842966,2878.532922297207,2019-07-22T13:55:29Z,46.39746667,13.00608333,1920.00,61.303
7728,4,2122,6030.195371842966,2879.532922297207,2019-07-22T13:55:30Z,46.39741667,13.00628333,1917.00,61.288
7729,4,2123,6031.195371842966,2880.532922297207,2019-07-22T13:55:31Z,46.39736667,13.00650000,1915.00,61.272
7730,4,2124,6032.195371842966,2881.532922297207,2019-07-22T13:55:32Z,46.39731667,13.00671667,1913.00,61.257
7731,4,2125,6033.195371842966,2882.532922297207,2019-07-22T13:55:33Z,46.39726667,13.00695000,1910.00,61.241
7732,4,2126,6034.195371842966,2883.532922297207,2019-07-22T13:55:34Z,46.39723333,13.00716667,1907.00,61.226
7733,4,2127,6035.195371842966,2884.532922297207,2019-07-22T13:55:35Z,46.39718333,13.00738333,1904.00,61.211
7734,4,2128,6036.195371842966,2885.532922297207,2019-07-22T13:55:36Z,46.39715000,13.00761667,1901.00,61.196
7735,4,2129,6037.195371842966,2886.532922297207,2019-07-22T13:55:37Z,46.39710000,13.00783333,1898.00,61.18
7736,4,2130,6038.195371842966,2887.532922297207,2019-07-22T13:55:38Z,46.39705000,13.00806667,1895.00,61.164
7737,4,2131,6039.195371842966,2888.532922297207,2019-07-22T13:55:39Z,46.39701667,13.00831667,1892.00,61.148
7738,4,2132,6040.195371842966,2889.532922297207,2019-07-22T13:55:40Z,46.39696667,13.00856667,1890.00,61.131
7739,4,2133,6041.195371842966,2890.532922297207,2019-07-22T13:55:41Z,46.39693333,13.00883333,1888.00,61.114
7740,4,2134,6042.195371842966,2891.532922297207,2019-07-22T13:55:42Z,46.39691667,13.00910000,1885.00,61.099
7741,4,2135,6043.195371842966,2892.532922297207,2019-07-22T13:55:43Z,46.39688333,13.00935000,1882.00,61.083
7742,4,2136,6044.195371842966,2893.532922297207,2019-07-22T13:55:44Z,46.39686667,13.00961667,1879.00,61.067
7743,4,2137,6045.195371842966,2894.532922297207,2019-07-22T13:55:45Z,46.39683333,13.00988333,1877.00,61.051
7744,4,2138,6046.195371842966,2895.532922297207,2019-07-22T13:55:46Z,46.39681667,13.01013333,1876.00,61.036
7745,4,2139,6047.195371842966,2896.532922297207,2019-07-22T13:55:47Z,46.39678333,13.01038333,1875.00,61.02
7746,4,2140,6048.195371842966,2897.532922297207,2019-07-22T13:55:48Z,46.39675000,13.01063333,1874.00,61.004
7747,4,2141,6049.195371842966,2898.532922297207,2019-07-22T13:55:49Z,46.39671667,13.01088333,1872.00,60.988
7748,4,2142,6050.195371842966,2899.532922297207,2019-07-22T13:55:50Z,46.39668333,13.01113333,1870.00,60.972
7749,4,2143,6051.195371842966,2900.532922297207,2019-07-22T13:55:51Z,46.39665000,13.01138333,1868.00,60.957
7750,4,2144,6052.195371842966,2901.532922297207,2019-07-22T13:55:52Z,46.39661667,13.01165000,1866.00,60.94
7751,4,2145,6053.195371842966,2902.532922297207,2019-07-22T13:55:53Z,46.39658333,13.01190000,1864.00,60.924
7752,4,2146,6054.195371842966,2903.532922297207,2019-07-22T13:55:54Z,46.39653333,13.01215000,1863.00,60.907
7753,4,2147,6055.195371842966,2904.532922297207,2019-07-22T13:55:55Z,46.39650000,13.01240000,1861.00,60.891
7754,4,2148,6056.195371842966,2905.532922297207,2019-07-22T13:55:56Z,46.39645000,13.01265000,1859.00,60.874
7755,4,2149,6057.195371842966,2906.532922297207,2019-07-22T13:55:57Z,46.39641667,13.01291667,1857.00,60.857
7756,4,2150,6058.195371842966,2907.532922297207,2019-07-22T13:55:58Z,46.39638333,13.01316667,1855.00,60.841
7757,4,2151,6059.195371842966,2908.532922297207,2019-07-22T13:55:59Z,46.39635000,13.01341667,1853.00,60.825
7758,4,2152,6060.195371842966,2909.532922297207,2019-07-22T13:56:00Z,46.39631667,13.01366667,1852.00,60.81
7759,4,2153,6061.195371842966,2910.532922297207,2019-07-22T13:56:01Z,46.39628333,13.01391667,1849.00,60.794
7760,4,2154,6062.195371842966,2911.532922297207,2019-07-22T13:56:02Z,46.39623333,13.01413333,1847.00,60.778
7761,4,2155,6063.195371842966,2912.532922297207,2019-07-22T13:56:03Z,46.39620000,13.01436667,1848.00,60.763
7762,4,2156,6064.195371842966,2913.532922297207,2019-07-22T13:56:04Z,46.39616667,13.01460000,1847.00,60.748
7763,4,2157,6065.195371842966,2914.532922297207,2019-07-22T13:56:05Z,46.39613333,13.01483333,1846.00,60.733
7764,4,2158,6066.195371842966,2915.532922297207,2019-07-22T13:56:06Z,46.39610000,13.01506667,1844.00,60.719
7765,4,2159,6067.195371842966,2916.532922297207,2019-07-22T13:56:07Z,46.39606667,13.01531667,1841.00,60.703
7766,4,2160,6068.195371842966,2917.532922297207,2019-07-22T13:56:08Z,46.39601667,13.01556667,1839.00,60.686
7767,4,2161,6069.195371842966,2918.532922297207,2019-07-22T13:56:09Z,46.39595000,13.01580000,1837.00,60.668
7768,4,2162,6070.195371842966,2919.532922297207,2019-07-22T13:56:10Z,46.39590000,13.01605000,1834.00,60.651
7769,4,2163,6071.195371842966,2920.532922297207,2019-07-22T13:56:11Z,46.39585000,13.01628333,1832.00,60.634
7770,4,2164,6072.195371842966,2921.532922297207,2019-07-22T13:56:12Z,46.39578333,13.01653333,1832.00,60.616
7771,4,2165,6073.195371842966,2922.532922297207,2019-07-22T13:56:13Z,46.39573333,13.01676667,1831.00,60.6
7772,4,2166,6074.195371842966,2923.532922297207,2019-07-22T13:56:14Z,46.39570000,13.01700000,1830.00,60.585
7773,4,2167,6075.195371842966,2924.532922297207,2019-07-22T13:56:15Z,46.39565000,13.01723333,1830.00,60.568
7774,4,2168,6076.195371842966,2925.532922297207,2019-07-22T13:56:16Z,46.39561667,13.01745000,1829.00,60.554
7775,4,2169,6077.195371842966,2926.532922297207,2019-07-22T13:56:17Z,46.39556667,13.01768333,1828.00,60.538
7776,4,2170,6078.195371842966,2927.532922297207,2019-07-22T13:56:18Z,46.39553333,13.01791667,1828.00,60.523
7777,4,2171,6079.195371842966,2928.532922297207,2019-07-22T13:56:19Z,46.39548333,13.01815000,1828.00,60.507
7778,4,2172,6080.195371842966,2929.532922297207,2019-07-22T13:56:20Z,46.39545000,13.01838333,1826.00,60.492
7779,4,2173,6081.195371842966,2930.532922297207,2019-07-22T13:56:21Z,46.39541667,13.01863333,1825.00,60.476
7780,4,2174,6082.195371842966,2931.532922297207,2019-07-22T13:56:22Z,46.39536667,13.01888333,1823.00,60.459
7781,4,2175,6083.195371842966,2932.532922297207,2019-07-22T13:56:23Z,46.39533333,13.01913333,1820.00,60.443
7782,4,2176,6084.195371842966,2933.532922297207,2019-07-22T13:56:24Z,46.39530000,13.01938333,1818.00,60.428
7783,4,2177,6085.195371842966,2934.532922297207,2019-07-22T13:56:25Z,46.39526667,13.01963333,1818.00,60.412
7784,4,2178,6086.195371842966,2935.532922297207,2019-07-22T13:56:26Z,46.39523333,13.01988333,1819.00,60.396
7785,4,2179,6087.195371842966,2936.532922297207,2019-07-22T13:56:27Z,46.39520000,13.02013333,1818.00,60.38
7786,4,2180,6088.195371842966,2937.532922297207,2019-07-22T13:56:28Z,46.39516667,13.02038333,1818.00,60.365
7787,4,2181,6089.195371842966,2938.532922297207,2019-07-22T13:56:29Z,46.39513333,13.02061667,1817.00,60.35
7788,4,2182,6090.195371842966,2939.532922297207,2019-07-22T13:56:30Z,46.39510000,13.02086667,1816.00,60.334
7789,4,2183,6091.195371842966,2940.532922297207,2019-07-22T13:56:31Z,46.39506667,13.02110000,1814.00,60.319
7790,4,2184,6092.195371842966,2941.532922297207,2019-07-22T13:56:32Z,46.39501667,13.02135000,1812.00,60.302
7791,4,2185,6093.195371842966,2942.532922297207,2019-07-22T13:56:33Z,46.39500000,13.02160000,1810.00,60.288
7792,4,2186,6094.195371842966,2943.532922297207,2019-07-22T13:56:34Z,46.39496667,13.02185000,1808.00,60.272
7793,4,2187,6095.195371842966,2944.532922297207,2019-07-22T13:56:35Z,46.39493333,13.02208333,1805.00,60.257
7794,4,2188,6096.195371842966,2945.532922297207,2019-07-22T13:56:36Z,46.39491667,13.02233333,1804.00,60.243
7795,4,2189,6097.195371842966,2946.532922297207,2019-07-22T13:56:37Z,46.39490000,13.02256667,1804.00,60.229
7796,4,2190,6098.195371842966,2947.532922297207,2019-07-22T13:56:38Z,46.39488333,13.02280000,1803.00,60.216
7797,4,2191,6099.195371842966,2948.532922297207,2019-07-22T13:56:39Z,46.39488333,13.02303333,1801.00,60.204
7798,4,2192,6100.195371842966,2949.532922297207,2019-07-22T13:56:40Z,46.39486667,13.02328333,1799.00,60.19
7799,4,2193,6101.195371842966,2950.532922297207,2019-07-22T13:56:41Z,46.39486667,13.02351667,1798.00,60.177
7800,4,2194,6102.195371842966,2951.532922297207,2019-07-22T13:56:42Z,46.39486667,13.02376667,1796.00,60.164
7801,4,2195,6103.195371842966,2952.532922297207,2019-07-22T13:56:43Z,46.39485000,13.02401667,1794.00,60.15
7802,4,2196,6104.195371842966,2953.532922297207,2019-07-22T13:56:44Z,46.39485000,13.02426667,1793.00,60.137
7803,4,2197,6105.195371842966,2954.532922297207,2019-07-22T13:56:45Z,46.39483333,13.02451667,1792.00,60.123
7804,4,2198,6106.195371842966,2955.532922297207,2019-07-22T13:56:46Z,46.39481667,13.02476667,1788.00,60.109
7805,4,2199,6107.195371842966,2956.532922297207,2019-07-22T13:56:47Z,46.39480000,13.02501667,1787.00,60.094
7806,4,2200,6108.195371842966,2957.532922297207,2019-07-22T13:56:48Z,46.39478333,13.02526667,1785.00,60.08
7807,4,2201,6109.195371842966,2958.532922297207,2019-07-22T13:56:49Z,46.39476667,13.02551667,1783.00,60.066
7808,4,2202,6110.195371842966,2959.532922297207,2019-07-22T13:56:50Z,46.39475000,13.02576667,1781.00,60.051
7809,4,2203,6111.195371842966,2960.532922297207,2019-07-22T13:56:51Z,46.39475000,13.02601667,1779.00,60.039
7810,4,2204,6112.195371842966,2961.532922297207,2019-07-22T13:56:52Z,46.39473333,13.02626667,1778.00,60.024
7811,4,2205,6113.195371842966,2962.532922297207,2019-07-22T13:56:53Z,46.39471667,13.02653333,1777.00,60.009
7812,4,2206,6114.195371842966,2963.532922297207,2019-07-22T13:56:54Z,46.39470000,13.02678333,1774.00,59.995
7813,4,2207,6115.195371842966,2964.532922297207,2019-07-22T13:56:55Z,46.39468333,13.02701667,1773.00,59.981
7814,4,2208,6116.195371842966,2965.532922297207,2019-07-22T13:56:56Z,46.39468333,13.02726667,1772.00,59.969
7815,4,2209,6117.195371842966,2966.532922297207,2019-07-22T13:56:57Z,46.39466667,13.02751667,1771.00,59.954
7816,4,2210,6118.195371842966,2967.532922297207,2019-07-22T13:56:58Z,46.39465000,13.02775000,1769.00,59.941
7817,4,2211,6119.195371842966,2968.532922297207,2019-07-22T13:56:59Z,46.39463333,13.02800000,1768.00,59.927
7818,4,2212,6120.195371842966,2969.532922297207,2019-07-22T13:57:00Z,46.39463333,13.02823333,1766.00,59.915
7819,4,2213,6121.195371842966,2970.532922297207,2019-07-22T13:57:01Z,46.39461667,13.02848333,1765.00,59.9
7820,4,2214,6122.195371842966,2971.532922297207,2019-07-22T13:57:02Z,46.39461667,13.02871667,1763.00,59.888
7821,4,2215,6123.195371842966,2972.532922297207,2019-07-22T13:57:03Z,46.39460000,13.02896667,1760.00,59.874
7822,4,2216,6124.195371842966,2973.532922297207,2019-07-22T13:57:04Z,46.39460000,13.02921667,1757.00,59.861
7823,4,2217,6125.195371842966,2974.532922297207,2019-07-22T13:57:05Z,46.39458333,13.02946667,1755.00,59.847
7824,4,2218,6126.195371842966,2975.532922297207,2019-07-22T13:57:06Z,46.39458333,13.02971667,1754.00,59.834
7825,4,2219,6127.195371842966,2976.532922297207,2019-07-22T13:57:07Z,46.39458333,13.02996667,1753.00,59.822
7826,4,2220,6128.195371842966,2977.532922297207,2019-07-22T13:57:08Z,46.39456667,13.03021667,1750.00,59.807
7827,4,2221,6129.195371842966,2978.532922297207,2019-07-22T13:57:09Z,46.39456667,13.03046667,1751.00,59.795
7828,4,2222,6130.195371842966,2979.532922297207,2019-07-22T13:57:10Z,46.39455000,13.03071667,1749.00,59.78
7829,4,2223,6131.195371842966,2980.532922297207,2019-07-22T13:57:11Z,46.39453333,13.03096667,1747.00,59.766
7830,4,2224,6132.195371842966,2981.532922297207,2019-07-22T13:57:12Z,46.39453333,13.03121667,1744.00,59.753
7831,4,2225,6133.195371842966,2982.532922297207,2019-07-22T13:57:13Z,46.39451667,13.03146667,1741.00,59.739
7832,4,2226,6134.195371842966,2983.532922297207,2019-07-22T13:57:14Z,46.39451667,13.03171667,1740.00,59.726
7833,4,2227,6135.195371842966,2984.532922297207,2019-07-22T13:57:15Z,46.39451667,13.03196667,1739.00,59.714
7834,4,2228,6136.195371842966,2985.532922297207,2019-07-22T13:57:16Z,46.39450000,13.03221667,1738.00,59.699
7835,4,2229,6137.195371842966,2986.532922297207,2019-07-22T13:57:17Z,46.39450000,13.03246667,1736.00,59.687
7836,4,2230,6138.195371842966,2987.532922297207,2019-07-22T13:57:18Z,46.39450000,13.03271667,1733.00,59.674
7837,4,2231,6139.195371842966,2988.532922297207,2019-07-22T13:57:19Z,46.39450000,13.03296667,1731.00,59.661
7838,4,2232,6140.195371842966,2989.532922297207,2019-07-22T13:57:20Z,46.39448333,13.03320000,1730.00,59.648
7839,4,2233,6141.195371842966,2990.532922297207,2019-07-22T13:57:21Z,46.39448333,13.03345000,1728.00,59.635
7840,4,2234,6142.195371842966,2991.532922297207,2019-07-22T13:57:22Z,46.39448333,13.03368333,1727.00,59.623
7841,4,2235,6143.195371842966,2992.532922297207,2019-07-22T13:57:23Z,46.39448333,13.03393333,1726.00,59.611
7842,4,2236,6144.195371842966,2993.532922297207,2019-07-22T13:57:24Z,46.39450000,13.03416667,1725.00,59.6
7843,4,2237,6145.195371842966,2994.532922297207,2019-07-22T13:57:25Z,46.39450000,13.03441667,1725.00,59.587
7844,4,2238,6146.195371842966,2995.532922297207,2019-07-22T13:57:26Z,46.39451667,13.03466667,1723.00,59.576
7845,4,2239,6147.195371842966,2996.532922297207,2019-07-22T13:57:27Z,46.39453333,13.03491667,1721.00,59.565
7846,4,2240,6148.195371842966,2997.532922297207,2019-07-22T13:57:28Z,46.39456667,13.03516667,1720.00,59.555
7847,4,2241,6149.195371842966,2998.532922297207,2019-07-22T13:57:29Z,46.39458333,13.03541667,1720.00,59.543
7848,4,2242,6150.195371842966,2999.532922297207,2019-07-22T13:57:30Z,46.39461667,13.03566667,1718.00,59.534
7849,4,2243,6151.195371842966,3000.532922297207,2019-07-22T13:57:31Z,46.39463333,13.03591667,1718.00,59.522
7850,4,2244,6152.195371842966,3001.532922297207,2019-07-22T13:57:32Z,46.39465000,13.03616667,1716.00,59.511
7851,4,2245,6153.195371842966,3002.532922297207,2019-07-22T13:57:33Z,46.39466667,13.03641667,1715.00,59.5
7852,4,2246,6154.195371842966,3003.532922297207,2019-07-22T13:57:34Z,46.39468333,13.03666667,1713.00,59.488
7853,4,2247,6155.195371842966,3004.532922297207,2019-07-22T13:57:35Z,46.39470000,13.03691667,1713.00,59.477
7854,4,2248,6156.195371842966,3005.532922297207,2019-07-22T13:57:36Z,46.39471667,13.03715000,1712.00,59.467
7855,4,2249,6157.195371842966,3006.532922297207,2019-07-22T13:57:37Z,46.39471667,13.03738333,1712.00,59.455
7856,4,2250,6158.195371842966,3007.532922297207,2019-07-22T13:57:38Z,46.39473333,13.03761667,1710.00,59.445
7857,4,2251,6159.195371842966,3008.532922297207,2019-07-22T13:57:39Z,46.39473333,13.03786667,1709.00,59.432
7858,4,2252,6160.195371842966,3009.532922297207,2019-07-22T13:57:40Z,46.39473333,13.03811667,1706.00,59.419
7859,4,2253,6161.195371842966,3010.532922297207,2019-07-22T13:57:41Z,46.39471667,13.03836667,1705.00,59.405
7860,4,2254,6162.195371842966,3011.532922297207,2019-07-22T13:57:42Z,46.39468333,13.03861667,1702.00,59.39
7861,4,2255,6163.195371842966,3012.532922297207,2019-07-22T13:57:43Z,46.39463333,13.03886667,1701.00,59.373
7862,4,2256,6164.195371842966,3013.532922297207,2019-07-22T13:57:44Z,46.39458333,13.03910000,1701.00,59.357
7863,4,2257,6165.195371842966,3014.532922297207,2019-07-22T13:57:45Z,46.39451667,13.03931667,1699.00,59.341
7864,4,2258,6166.195371842966,3015.532922297207,2019-07-22T13:57:46Z,46.39445000,13.03953333,1698.00,59.324
7865,4,2259,6167.195371842966,3016.532922297207,2019-07-22T13:57:47Z,46.39436667,13.03975000,1697.00,59.306
7866,4,2260,6168.195371842966,3017.532922297207,2019-07-22T13:57:48Z,46.39430000,13.03995000,1697.00,59.29
7867,4,2261,6169.195371842966,3018.532922297207,2019-07-22T13:57:49Z,46.39423333,13.04016667,1695.00,59.274
7868,4,2262,6170.195371842966,3019.532922297207,2019-07-22T13:57:50Z,46.39416667,13.04038333,1693.00,59.257
7869,4,2263,6171.195371842966,3020.532922297207,2019-07-22T13:57:51Z,46.39410000,13.04060000,1691.00,59.241
7870,4,2264,6172.195371842966,3021.532922297207,2019-07-22T13:57:52Z,46.39401667,13.04080000,1689.00,59.224
7871,4,2265,6173.195371842966,3022.532922297207,2019-07-22T13:57:53Z,46.39395000,13.04101667,1689.00,59.207
7872,4,2266,6174.195371842966,3023.532922297207,2019-07-22T13:57:54Z,46.39388333,13.04121667,1688.00,59.192
7873,4,2267,6175.195371842966,3024.532922297207,2019-07-22T13:57:55Z,46.39380000,13.04143333,1687.00,59.174
7874,4,2268,6176.195371842966,3025.532922297207,2019-07-22T13:57:56Z,46.39371667,13.04163333,1685.00,59.157
7875,4,2269,6177.195371842966,3026.532922297207,2019-07-22T13:57:57Z,46.39365000,13.04183333,1683.00,59.141
7876,4,2270,6178.195371842966,3027.532922297207,2019-07-22T13:57:58Z,46.39358333,13.04205000,1681.00,59.125
7877,4,2271,6179.195371842966,3028.532922297207,2019-07-22T13:57:59Z,46.39350000,13.04226667,1680.00,59.107
7878,4,2272,6180.195371842966,3029.532922297207,2019-07-22T13:58:00Z,46.39343333,13.04248333,1677.00,59.09
7879,4,2273,6181.195371842966,3030.532922297207,2019-07-22T13:58:01Z,46.39335000,13.04270000,1673.00,59.072
7880,4,2274,6182.195371842966,3031.532922297207,2019-07-22T13:58:02Z,46.39326667,13.04290000,1673.00,59.055
7881,4,2275,6183.195371842966,3032.532922297207,2019-07-22T13:58:03Z,46.39318333,13.04311667,1671.00,59.037
7882,4,2276,6184.195371842966,3033.532922297207,2019-07-22T13:58:04Z,46.39310000,13.04331667,1670.00,59.02
7883,4,2277,6185.195371842966,3034.532922297207,2019-07-22T13:58:05Z,46.39303333,13.04353333,1669.00,59.004
7884,4,2278,6186.195371842966,3035.532922297207,2019-07-22T13:58:06Z,46.39296667,13.04375000,1668.00,58.987
7885,4,2279,6187.195371842966,3036.532922297207,2019-07-22T13:58:07Z,46.39290000,13.04396667,1665.00,58.971
7886,4,2280,6188.195371842966,3037.532922297207,2019-07-22T13:58:08Z,46.39285000,13.04418333,1664.00,58.956
7887,4,2281,6189.195371842966,3038.532922297207,2019-07-22T13:58:09Z,46.39280000,13.04441667,1663.00,58.94
7888,4,2282,6190.195371842966,3039.532922297207,2019-07-22T13:58:10Z,46.39275000,13.04463333,1662.00,58.925
7889,4,2283,6191.195371842966,3040.532922297207,2019-07-22T13:58:11Z,46.39268333,13.04486667,1661.00,58.908
7890,4,2284,6192.195371842966,3041.532922297207,2019-07-22T13:58:12Z,46.39263333,13.04508333,1659.00,58.893
7891,4,2285,6193.195371842966,3042.532922297207,2019-07-22T13:58:13Z,46.39258333,13.04530000,1657.00,58.878
7892,4,2286,6194.195371842966,3043.532922297207,2019-07-22T13:58:14Z,46.39253333,13.04553333,1656.00,58.862
7893,4,2287,6195.195371842966,3044.532922297207,2019-07-22T13:58:15Z,46.39248333,13.04575000,1655.00,58.847
7894,4,2288,6196.195371842966,3045.532922297207,2019-07-22T13:58:16Z,46.39241667,13.04596667,1655.00,58.83
7895,4,2289,6197.195371842966,3046.532922297207,2019-07-22T13:58:17Z,46.39236667,13.04618333,1654.00,58.815
7896,4,2290,6198.195371842966,3047.532922297207,2019-07-22T13:58:18Z,46.39231667,13.04638333,1653.00,58.801
7897,4,2291,6199.195371842966,3048.532922297207,2019-07-22T13:58:19Z,46.39225000,13.04660000,1651.00,58.784
7898,4,2292,6200.195371842966,3049.532922297207,2019-07-22T13:58:20Z,46.39220000,13.04680000,1650.00,58.77
7899,4,2293,6201.195371842966,3050.532922297207,2019-07-22T13:58:21Z,46.39215000,13.04701667,1647.00,58.755
7900,4,2294,6202.195371842966,3051.532922297207,2019-07-22T13:58:22Z,46.39210000,13.04723333,1645.00,58.74
7901,4,2295,6203.195371842966,3052.532922297207,2019-07-22T13:58:23Z,46.39205000,13.04746667,1642.00,58.724
7902,4,2296,6204.195371842966,3053.532922297207,2019-07-22T13:58:24Z,46.39200000,13.04768333,1642.00,58.709
7903,4,2297,6205.195371842966,3054.532922297207,2019-07-22T13:58:25Z,46.39195000,13.04791667,1641.00,58.693
7904,4,2298,6206.195371842966,3055.532922297207,2019-07-22T13:58:26Z,46.39190000,13.04813333,1640.00,58.678
7905,4,2299,6207.195371842966,3056.532922297207,2019-07-22T13:58:27Z,46.39185000,13.04835000,1638.00,58.663
7906,4,2300,6208.195371842966,3057.532922297207,2019-07-22T13:58:28Z,46.39181667,13.04856667,1637.00,58.65
7907,4,2301,6209.195371842966,3058.532922297207,2019-07-22T13:58:29Z,46.39176667,13.04880000,1635.00,58.634
7908,4,2302,6210.195371842966,3059.532922297207,2019-07-22T13:58:30Z,46.39173333,13.04901667,1633.00,58.62
7909,4,2303,6211.195371842966,3060.532922297207,2019-07-22T13:58:31Z,46.39168333,13.04925000,1632.00,58.604
7910,4,2304,6212.195371842966,3061.532922297207,2019-07-22T13:58:32Z,46.39165000,13.04948333,1631.00,58.59
7911,4,2305,6213.195371842966,3062.532922297207,2019-07-22T13:58:33Z,46.39160000,13.04971667,1628.00,58.574
7912,4,2306,6214.195371842966,3063.532922297207,2019-07-22T13:58:34Z,46.39156667,13.04993333,1628.00,58.56
7913,4,2307,6215.195371842966,3064.532922297207,2019-07-22T13:58:35Z,46.39151667,13.05016667,1627.00,58.545
7914,4,2308,6216.195371842966,3065.532922297207,2019-07-22T13:58:36Z,46.39148333,13.05040000,1625.00,58.53
7915,4,2309,6217.195371842966,3066.532922297207,2019-07-22T13:58:37Z,46.39145000,13.05061667,1625.00,58.517
7916,4,2310,6218.195371842966,3067.532922297207,2019-07-22T13:58:38Z,46.39141667,13.05085000,1624.00,58.502
7917,4,2311,6219.195371842966,3068.532922297207,2019-07-22T13:58:39Z,46.39138333,13.05106667,1623.00,58.489
7918,4,2312,6220.195371842966,3069.532922297207,2019-07-22T13:58:40Z,46.39135000,13.05130000,1621.00,58.474
7919,4,2313,6221.195371842966,3070.532922297207,2019-07-22T13:58:41Z,46.39131667,13.05153333,1620.00,58.46
7920,4,2314,6222.195371842966,3071.532922297207,2019-07-22T13:58:42Z,46.39128333,13.05175000,1619.00,58.446
7921,4,2315,6223.195371842966,3072.532922297207,2019-07-22T13:58:43Z,46.39125000,13.05198333,1617.00,58.432
7922,4,2316,6224.195371842966,3073.532922297207,2019-07-22T13:58:44Z,46.39121667,13.05220000,1614.00,58.418
7923,4,2317,6225.195371842966,3074.532922297207,2019-07-22T13:58:45Z,46.39120000,13.05243333,1612.00,58.405
7924,4,2318,6226.195371842966,3075.532922297207,2019-07-22T13:58:46Z,46.39118333,13.05268333,1609.00,58.392
7925,4,2319,6227.195371842966,3076.532922297207,2019-07-22T13:58:47Z,46.39118333,13.05291667,1609.00,58.38
7926,4,2320,6228.195371842966,3077.532922297207,2019-07-22T13:58:48Z,46.39116667,13.05316667,1608.00,58.366
7927,4,2321,6229.195371842966,3078.532922297207,2019-07-22T13:58:49Z,46.39115000,13.05340000,1605.00,58.353
7928,4,2322,6230.195371842966,3079.532922297207,2019-07-22T13:58:50Z,46.39115000,13.05363333,1603.00,58.342
7929,4,2323,6231.195371842966,3080.532922297207,2019-07-22T13:58:51Z,46.39113333,13.05388333,1602.00,58.328
7930,4,2324,6232.195371842966,3081.532922297207,2019-07-22T13:58:52Z,46.39111667,13.05411667,1602.00,58.315
7931,4,2325,6233.195371842966,3082.532922297207,2019-07-22T13:58:53Z,46.39110000,13.05435000,1600.00,58.302
7932,4,2326,6234.195371842966,3083.532922297207,2019-07-22T13:58:54Z,46.39108333,13.05456667,1597.00,58.29
7933,4,2327,6235.195371842966,3084.532922297207,2019-07-22T13:58:55Z,46.39106667,13.05480000,1596.00,58.277
7934,4,2328,6236.195371842966,3085.532922297207,2019-07-22T13:58:56Z,46.39103333,13.05503333,1594.00,58.263
7935,4,2329,6237.195371842966,3086.532922297207,2019-07-22T13:58:57Z,46.39100000,13.05526667,1591.00,58.248
7936,4,2330,6238.195371842966,3087.532922297207,2019-07-22T13:58:58Z,46.39098333,13.05550000,1590.00,58.235
7937,4,2331,6239.195371842966,3088.532922297207,2019-07-22T13:58:59Z,46.39095000,13.05573333,1588.00,58.221
7938,4,2332,6240.195371842966,3089.532922297207,2019-07-22T13:59:00Z,46.39093333,13.05596667,1587.00,58.208
7939,4,2333,6241.195371842966,3090.532922297207,2019-07-22T13:59:01Z,46.39091667,13.05618333,1585.00,58.196
7940,4,2334,6242.195371842966,3091.532922297207,2019-07-22T13:59:02Z,46.39088333,13.05640000,1582.00,58.183
7941,4,2335,6243.195371842966,3092.532922297207,2019-07-22T13:59:03Z,46.39086667,13.05663333,1579.00,58.17
7942,4,2336,6244.195371842966,3093.532922297207,2019-07-22T13:59:04Z,46.39085000,13.05683333,1577.00,58.158
7943,4,2337,6245.195371842966,3094.532922297207,2019-07-22T13:59:05Z,46.39083333,13.05705000,1576.00,58.146
7944,4,2338,6246.195371842966,3095.532922297207,2019-07-22T13:59:06Z,46.39081667,13.05725000,1574.00,58.135
7945,4,2339,6247.195371842966,3096.532922297207,2019-07-22T13:59:07Z,46.39080000,13.05745000,1573.00,58.124
7946,4,2340,6248.195371842966,3097.532922297207,2019-07-22T13:59:08Z,46.39078333,13.05763333,1569.00,58.113
7947,4,2341,6249.195371842966,3098.532922297207,2019-07-22T13:59:09Z,46.39076667,13.05783333,1566.00,58.102
7948,4,2342,6250.195371842966,3099.532922297207,2019-07-22T13:59:10Z,46.39075000,13.05801667,1563.00,58.092
7949,4,2343,6251.195371842966,3100.532922297207,2019-07-22T13:59:11Z,46.39073333,13.05821667,1561.00,58.081
7950,4,2344,6252.195371842966,3101.532922297207,2019-07-22T13:59:12Z,46.39071667,13.05841667,1558.00,58.069
7951,4,2345,6253.195371842966,3102.532922297207,2019-07-22T13:59:13Z,46.39073333,13.05858333,1556.00,58.063
7952,4,2346,6254.195371842966,3103.532922297207,2019-07-22T13:59:14Z,46.39073333,13.05876667,1554.00,58.054
7953,4,2347,6255.195371842966,3104.532922297207,2019-07-22T13:59:15Z,46.39075000,13.05895000,1552.00,58.046
7954,4,2348,6256.195371842966,3105.532922297207,2019-07-22T13:59:16Z,46.39076667,13.05911667,1548.00,58.039
7955,4,2349,6257.195371842966,3106.532922297207,2019-07-22T13:59:17Z,46.39078333,13.05930000,1544.00,58.032
7956,4,2350,6258.195371842966,3107.532922297207,2019-07-22T13:59:18Z,46.39078333,13.05946667,1541.00,58.024
7957,4,2351,6259.195371842966,3108.532922297207,2019-07-22T13:59:19Z,46.39080000,13.05963333,1540.00,58.017
7958,4,2352,6260.195371842966,3109.532922297207,2019-07-22T13:59:20Z,46.39080000,13.05978333,1539.00,58.01
7959,4,2353,6261.195371842966,3110.532922297207,2019-07-22T13:59:21Z,46.39081667,13.05995000,1539.00,58.003
7960,4,2354,6262.195371842966,3111.532922297207,2019-07-22T13:59:22Z,46.39083333,13.06010000,1538.00,57.997
7961,4,2355,6263.195371842966,3112.532922297207,2019-07-22T13:59:23Z,46.39086667,13.06026667,1537.00,57.992
7962,4,2356,6264.195371842966,3113.532922297207,2019-07-22T13:59:24Z,46.39090000,13.06041667,1535.00,57.987
7963,4,2357,6265.195371842966,3114.532922297207,2019-07-22T13:59:25Z,46.39093333,13.06058333,1534.00,57.982
7964,4,2358,6266.195371842966,3115.532922297207,2019-07-22T13:59:26Z,46.39096667,13.06073333,1533.00,57.978
7965,4,2359,6267.195371842966,3116.532922297207,2019-07-22T13:59:27Z,46.39100000,13.06088333,1531.00,57.973
7966,4,2360,6268.195371842966,3117.532922297207,2019-07-22T13:59:28Z,46.39101667,13.06103333,1531.00,57.967
7967,4,2361,6269.195371842966,3118.532922297207,2019-07-22T13:59:29Z,46.39103333,13.06118333,1533.00,57.962
7968,4,2362,6270.195371842966,3119.532922297207,2019-07-22T13:59:30Z,46.39106667,13.06130000,1534.00,57.959
7969,4,2363,6271.195371842966,3120.532922297207,2019-07-22T13:59:31Z,46.39108333,13.06143333,1535.00,57.954
7970,4,2364,6272.195371842966,3121.532922297207,2019-07-22T13:59:32Z,46.39111667,13.06155000,1538.00,57.951
7971,4,2365,6273.195371842966,3122.532922297207,2019-07-22T13:59:33Z,46.39115000,13.06165000,1541.00,57.949
7972,4,2366,6274.195371842966,3123.532922297207,2019-07-22T13:59:34Z,46.39118333,13.06175000,1542.00,57.947
7973,4,2367,6275.195371842966,3124.532922297207,2019-07-22T13:59:35Z,46.39123333,13.06186667,1543.00,57.945
7974,4,2368,6276.195371842966,3125.532922297207,2019-07-22T13:59:36Z,46.39128333,13.06196667,1546.00,57.945
7975,4,2369,6277.195371842966,3126.532922297207,2019-07-22T13:59:37Z,46.39131667,13.06208333,1549.00,57.942
7976,4,2370,6278.195371842966,3127.532922297207,2019-07-22T13:59:38Z,46.39136667,13.06220000,1552.00,57.941
7977,4,2371,6279.195371842966,3128.532922297207,2019-07-22T13:59:39Z,46.39141667,13.06231667,1555.00,57.939
7978,4,2372,6280.195371842966,3129.532922297207,2019-07-22T13:59:40Z,46.39145000,13.06243333,1558.00,57.937
7979,4,2373,6281.195371842966,3130.532922297207,2019-07-22T13:59:41Z,46.39148333,13.06256667,1560.00,57.933
7980,4,2374,6282.195371842966,3131.532922297207,2019-07-22T13:59:42Z,46.39150000,13.06271667,1562.00,57.927
7981,4,2375,6283.195371842966,3132.532922297207,2019-07-22T13:59:43Z,46.39151667,13.06288333,1565.00,57.921
7982,4,2376,6284.195371842966,3133.532922297207,2019-07-22T13:59:44Z,46.39153333,13.06305000,1567.00,57.914
7983,4,2377,6285.195371842966,3134.532922297207,2019-07-22T13:59:45Z,46.39156667,13.06321667,1568.00,57.909
7984,4,2378,6286.195371842966,3135.532922297207,2019-07-22T13:59:46Z,46.39160000,13.06338333,1569.00,57.904
7985,4,2379,6287.195371842966,3136.532922297207,2019-07-22T13:59:47Z,46.39163333,13.06351667,1572.00,57.9
7986,4,2380,6288.195371842966,3137.532922297207,2019-07-22T13:59:48Z,46.39165000,13.06366667,1575.00,57.894
7987,4,2381,6289.195371842966,3138.532922297207,2019-07-22T13:59:49Z,46.39165000,13.06380000,1579.00,57.888
7988,4,2382,6290.195371842966,3139.532922297207,2019-07-22T13:59:50Z,46.39161667,13.06393333,1582.00,57.878
7989,4,2383,6291.195371842966,3140.532922297207,2019-07-22T13:59:51Z,46.39156667,13.06405000,1582.00,57.869
7990,4,2384,6292.195371842966,3141.532922297207,2019-07-22T13:59:52Z,46.39151667,13.06416667,1583.00,57.859
7991,4,2385,6293.195371842966,3142.532922297207,2019-07-22T13:59:53Z,46.39145000,13.06426667,1584.00,57.848
7992,4,2386,6294.195371842966,3143.532922297207,2019-07-22T13:59:54Z,46.39136667,13.06435000,1587.00,57.837
7993,4,2387,6295.195371842966,3144.532922297207,2019-07-22T13:59:55Z,46.39126667,13.06443333,1589.00,57.824
7994,4,2388,6296.195371842966,3145.532922297207,2019-07-22T13:59:56Z,46.39115000,13.06448333,1592.00,57.812
7995,4,2389,6297.195371842966,3146.532922297207,2019-07-22T13:59:57Z,46.39100000,13.06448333,1594.00,57.799
7996,4,2390,6298.195371842966,3147.532922297207,2019-07-22T13:59:58Z,46.39086667,13.06445000,1595.00,57.789
7997,4,2391,6299.195371842966,3148.532922297207,2019-07-22T13:59:59Z,46.39073333,13.06438333,1595.00,57.78
7998,4,2392,6300.195371842966,3149.532922297207,2019-07-22T14:00:00Z,46.39058333,13.06428333,1593.00,57.772
7999,4,2393,6301.195371842966,3150.532922297207,2019-07-22T14:00:01Z,46.39045000,13.06415000,1590.00,57.767
8000,4,2394,6302.195371842966,3151.532922297207,2019-07-22T14:00:02Z,46.39031667,13.06401667,1587.00,57.762
8001,4,2395,6303.195371842966,3152.532922297207,2019-07-22T14:00:03Z,46.39020000,13.06383333,1586.00,57.761
8002,4,2396,6304.195371842966,3153.532922297207,2019-07-22T14:00:04Z,46.39011667,13.06363333,1584.00,57.764
8003,4,2397,6305.195371842966,3154.532922297207,2019-07-22T14:00:05Z,46.39005000,13.06343333,1581.00,57.768
8004,4,2398,6306.195371842966,3155.532922297207,2019-07-22T14:00:06Z,46.39000000,13.06320000,1578.00,57.775
8005,4,2399,6307.195371842966,3156.532922297207,2019-07-22T14:00:07Z,46.39000000,13.06296667,1576.00,57.786
8006,4,2400,6308.195371842966,3157.532922297207,2019-07-22T14:00:08Z,46.39003333,13.06273333,1573.00,57.8
8007,4,2401,6309.195371842966,3158.532922297207,2019-07-22T14:00:09Z,46.39008333,13.06250000,1569.00,57.816
8008,4,2402,6310.195371842966,3159.532922297207,2019-07-22T14:00:10Z,46.39016667,13.06228333,1566.00,57.833
8009,4,2403,6311.195371842966,3160.532922297207,2019-07-22T14:00:11Z,46.39028333,13.06206667,1559.00,57.854
8010,4,2404,6312.195371842966,3161.532922297207,2019-07-22T14:00:12Z,46.39040000,13.06185000,1556.00,57.875
8011,4,2405,6313.195371842966,3162.532922297207,2019-07-22T14:00:13Z,46.39051667,13.06161667,1551.00,57.896
8012,4,2406,6314.195371842966,3163.532922297207,2019-07-22T14:00:14Z,46.39061667,13.06140000,1550.00,57.915
8013,4,2407,6315.195371842966,3164.532922297207,2019-07-22T14:00:15Z,46.39073333,13.06120000,1551.00,57.935
8014,4,2408,6316.195371842966,3165.532922297207,2019-07-22T14:00:16Z,46.39083333,13.06101667,1550.00,57.952
8015,4,2409,6317.195371842966,3166.532922297207,2019-07-22T14:00:17Z,46.39095000,13.06086667,1547.00,57.97
8016,4,2410,6318.195371842966,3167.532922297207,2019-07-22T14:00:18Z,46.39105000,13.06070000,1545.00,57.986
8017,4,2411,6319.195371842966,3168.532922297207,2019-07-22T14:00:19Z,46.39118333,13.06055000,1543.00,58.005
8018,4,2412,6320.195371842966,3169.532922297207,2019-07-22T14:00:20Z,46.39133333,13.06045000,1541.00,58.023
8019,4,2413,6321.195371842966,3170.532922297207,2019-07-22T14:00:21Z,46.39150000,13.06038333,1538.00,58.041
8020,4,2414,6322.195371842966,3171.532922297207,2019-07-22T14:00:22Z,46.39165000,13.06036667,1540.00,58.054
8021,4,2415,6323.195371842966,3172.532922297207,2019-07-22T14:00:23Z,46.39178333,13.06038333,1544.00,58.065
8022,4,2416,6324.195371842966,3173.532922297207,2019-07-22T14:00:24Z,46.39188333,13.06041667,1547.00,58.072
8023,4,2417,6325.195371842966,3174.532922297207,2019-07-22T14:00:25Z,46.39196667,13.06046667,1550.00,58.077
8024,4,2418,6326.195371842966,3175.532922297207,2019-07-22T14:00:26Z,46.39206667,13.06053333,1550.00,58.082
8025,4,2419,6327.195371842966,3176.532922297207,2019-07-22T14:00:27Z,46.39213333,13.06061667,1549.00,58.084
8026,4,2420,6328.195371842966,3177.532922297207,2019-07-22T14:00:28Z,46.39220000,13.06073333,1547.00,58.084
8027,4,2421,6329.195371842966,3178.532922297207,2019-07-22T14:00:29Z,46.39226667,13.06085000,1547.00,58.084
8028,4,2422,6330.195371842966,3179.532922297207,2019-07-22T14:00:30Z,46.39230000,13.06098333,1547.00,58.08
8029,4,2423,6331.195371842966,3180.532922297207,2019-07-22T14:00:31Z,46.39231667,13.06111667,1547.00,58.075
8030,4,2424,6332.195371842966,3181.532922297207,2019-07-22T14:00:32Z,46.39235000,13.06125000,1546.00,58.072
8031,4,2425,6333.195371842966,3182.532922297207,2019-07-22T14:00:33Z,46.39235000,13.06138333,1545.00,58.065
8032,4,2426,6334.195371842966,3183.532922297207,2019-07-22T14:00:34Z,46.39235000,13.06153333,1544.00,58.058
8033,4,2427,6335.195371842966,3184.532922297207,2019-07-22T14:00:35Z,46.39233333,13.06170000,1544.00,58.048
8034,4,2428,6336.195371842966,3185.532922297207,2019-07-22T14:00:36Z,46.39230000,13.06185000,1545.00,58.038
8035,4,2429,6337.195371842966,3186.532922297207,2019-07-22T14:00:37Z,46.39226667,13.06201667,1546.00,58.027
8036,4,2430,6338.195371842966,3187.532922297207,2019-07-22T14:00:38Z,46.39221667,13.06216667,1547.00,58.016
8037,4,2431,6339.195371842966,3188.532922297207,2019-07-22T14:00:39Z,46.39218333,13.06231667,1550.00,58.006
8038,4,2432,6340.195371842966,3189.532922297207,2019-07-22T14:00:40Z,46.39215000,13.06246667,1552.00,57.995
8039,4,2433,6341.195371842966,3190.532922297207,2019-07-22T14:00:41Z,46.39211667,13.06258333,1554.00,57.987
8040,4,2434,6342.195371842966,3191.532922297207,2019-07-22T14:00:42Z,46.39208333,13.06271667,1556.00,57.978
8041,4,2435,6343.195371842966,3192.532922297207,2019-07-22T14:00:43Z,46.39206667,13.06285000,1559.00,57.97
8042,4,2436,6344.195371842966,3193.532922297207,2019-07-22T14:00:44Z,46.39203333,13.06298333,1559.00,57.96
8043,4,2437,6345.195371842966,3194.532922297207,2019-07-22T14:00:45Z,46.39201667,13.06313333,1561.00,57.952
8044,4,2438,6346.195371842966,3195.532922297207,2019-07-22T14:00:46Z,46.39201667,13.06325000,1562.00,57.946
8045,4,2439,6347.195371842966,3196.532922297207,2019-07-22T14:00:47Z,46.39201667,13.06336667,1563.00,57.94
8046,4,2440,6348.195371842966,3197.532922297207,2019-07-22T14:00:48Z,46.39203333,13.06348333,1565.00,57.936
8047,4,2441,6349.195371842966,3198.532922297207,2019-07-22T14:00:49Z,46.39203333,13.06358333,1564.00,57.931
8048,4,2442,6350.195371842966,3199.532922297207,2019-07-22T14:00:50Z,46.39203333,13.06371667,1564.00,57.925
8049,4,2443,6351.195371842966,3200.532922297207,2019-07-22T14:00:51Z,46.39205000,13.06385000,1563.00,57.92
8050,4,2444,6352.195371842966,3201.532922297207,2019-07-22T14:00:52Z,46.39205000,13.06398333,1562.00,57.914
8051,4,2445,6353.195371842966,3202.532922297207,2019-07-22T14:00:53Z,46.39205000,13.06413333,1561.00,57.906
8052,4,2446,6354.195371842966,3203.532922297207,2019-07-22T14:00:54Z,46.39205000,13.06426667,1561.00,57.9
8053,4,2447,6355.195371842966,3204.532922297207,2019-07-22T14:00:55Z,46.39205000,13.06441667,1561.00,57.893
8054,4,2448,6356.195371842966,3205.532922297207,2019-07-22T14:00:56Z,46.39205000,13.06456667,1561.00,57.885
8055,4,2449,6357.195371842966,3206.532922297207,2019-07-22T14:00:57Z,46.39205000,13.06473333,1560.00,57.877
8056,4,2450,6358.195371842966,3207.532922297207,2019-07-22T14:00:58Z,46.39206667,13.06490000,1559.00,57.871
8057,4,2451,6359.195371842966,3208.532922297207,2019-07-22T14:00:59Z,46.39206667,13.06505000,1559.00,57.864
8058,4,2452,6360.195371842966,3209.532922297207,2019-07-22T14:01:00Z,46.39206667,13.06521667,1560.00,57.856
8059,4,2453,6361.195371842966,3210.532922297207,2019-07-22T14:01:01Z,46.39210000,13.06540000,1562.00,57.85
8060,4,2454,6362.195371842966,3211.532922297207,2019-07-22T14:01:02Z,46.39211667,13.06556667,1563.00,57.843
8061,4,2455,6363.195371842966,3212.532922297207,2019-07-22T14:01:03Z,46.39213333,13.06571667,1564.00,57.837
8062,4,2456,6364.195371842966,3213.532922297207,2019-07-22T14:01:04Z,46.39216667,13.06586667,1565.00,57.833
8063,4,2457,6365.195371842966,3214.532922297207,2019-07-22T14:01:05Z,46.39218333,13.06601667,1566.00,57.827
8064,4,2458,6366.195371842966,3215.532922297207,2019-07-22T14:01:06Z,46.39221667,13.06618333,1568.00,57.822
8065,4,2459,6367.195371842966,3216.532922297207,2019-07-22T14:01:07Z,46.39223333,13.06633333,1569.00,57.816
8066,4,2460,6368.195371842966,3217.532922297207,2019-07-22T14:01:08Z,46.39225000,13.06646667,1570.00,57.811
8067,4,2461,6369.195371842966,3218.532922297207,2019-07-22T14:01:09Z,46.39226667,13.06660000,1571.00,57.806
8068,4,2462,6370.195371842966,3219.532922297207,2019-07-22T14:01:10Z,46.39228333,13.06671667,1573.00,57.802
8069,4,2463,6371.195371842966,3220.532922297207,2019-07-22T14:01:11Z,46.39231667,13.06686667,1572.00,57.798
8070,4,2464,6372.195371842966,3221.532922297207,2019-07-22T14:01:12Z,46.39235000,13.06701667,1571.00,57.794
8071,4,2465,6373.195371842966,3222.532922297207,2019-07-22T14:01:13Z,46.39240000,13.06718333,1571.00,57.79
8072,4,2466,6374.195371842966,3223.532922297207,2019-07-22T14:01:14Z,46.39243333,13.06736667,1571.00,57.784
8073,4,2467,6375.195371842966,3224.532922297207,2019-07-22T14:01:15Z,46.39245000,13.06753333,1572.00,57.778
8074,4,2468,6376.195371842966,3225.532922297207,2019-07-22T14:01:16Z,46.39248333,13.06770000,1572.00,57.773
8075,4,2469,6377.195371842966,3226.532922297207,2019-07-22T14:01:17Z,46.39251667,13.06785000,1573.00,57.768
8076,4,2470,6378.195371842966,3227.532922297207,2019-07-22T14:01:18Z,46.39253333,13.06801667,1572.00,57.762
8077,4,2471,6379.195371842966,3228.532922297207,2019-07-22T14:01:19Z,46.39255000,13.06820000,1571.00,57.755
8078,4,2472,6380.195371842966,3229.532922297207,2019-07-22T14:01:20Z,46.39256667,13.06836667,1571.00,57.748
8079,4,2473,6381.195371842966,3230.532922297207,2019-07-22T14:01:21Z,46.39258333,13.06856667,1569.00,57.74
8080,4,2474,6382.195371842966,3231.532922297207,2019-07-22T14:01:22Z,46.39260000,13.06875000,1568.00,57.733
8081,4,2475,6383.195371842966,3232.532922297207,2019-07-22T14:01:23Z,46.39261667,13.06895000,1567.00,57.725
8082,4,2476,6384.195371842966,3233.532922297207,2019-07-22T14:01:24Z,46.39265000,13.06913333,1563.00,57.719
8083,4,2477,6385.195371842966,3234.532922297207,2019-07-22T14:01:25Z,46.39268333,13.06931667,1563.00,57.713
8084,4,2478,6386.195371842966,3235.532922297207,2019-07-22T14:01:26Z,46.39270000,13.06948333,1562.00,57.707
8085,4,2479,6387.195371842966,3236.532922297207,2019-07-22T14:01:27Z,46.39273333,13.06965000,1559.00,57.702
8086,4,2480,6388.195371842966,3237.532922297207,2019-07-22T14:01:28Z,46.39275000,13.06983333,1556.00,57.694
8087,4,2481,6389.195371842966,3238.532922297207,2019-07-22T14:01:29Z,46.39276667,13.07001667,1553.00,57.687
8088,4,2482,6390.195371842966,3239.532922297207,2019-07-22T14:01:30Z,46.39278333,13.07021667,1550.00,57.679
8089,4,2483,6391.195371842966,3240.532922297207,2019-07-22T14:01:31Z,46.39278333,13.07041667,1547.00,57.669
8090,4,2484,6392.195371842966,3241.532922297207,2019-07-22T14:01:32Z,46.39280000,13.07065000,1546.00,57.66
8091,4,2485,6393.195371842966,3242.532922297207,2019-07-22T14:01:33Z,46.39281667,13.07086667,1545.00,57.651
8092,4,2486,6394.195371842966,3243.532922297207,2019-07-22T14:01:34Z,46.39285000,13.07110000,1546.00,57.643
8093,4,2487,6395.195371842966,3244.532922297207,2019-07-22T14:01:35Z,46.39288333,13.07131667,1547.00,57.636
8094,4,2488,6396.195371842966,3245.532922297207,2019-07-22T14:01:36Z,46.39290000,13.07151667,1550.00,57.628
8095,4,2489,6397.195371842966,3246.532922297207,2019-07-22T14:01:37Z,46.39293333,13.07170000,1550.00,57.622
8096,4,2490,6398.195371842966,3247.532922297207,2019-07-22T14:01:38Z,46.39295000,13.07188333,1550.00,57.615
8097,4,2491,6399.195371842966,3248.532922297207,2019-07-22T14:01:39Z,46.39296667,13.07205000,1548.00,57.608
8098,4,2492,6400.195371842966,3249.532922297207,2019-07-22T14:01:40Z,46.39296667,13.07223333,1547.00,57.6
8099,4,2493,6401.195371842966,3250.532922297207,2019-07-22T14:01:41Z,46.39296667,13.07241667,1546.00,57.591
8100,4,2494,6402.195371842966,3251.532922297207,2019-07-22T14:01:42Z,46.39296667,13.07260000,1545.00,57.582
8101,4,2495,6403.195371842966,3252.532922297207,2019-07-22T14:01:43Z,46.39298333,13.07276667,1542.00,57.576
8102,4,2496,6404.195371842966,3253.532922297207,2019-07-22T14:01:44Z,46.39300000,13.07296667,1539.00,57.568
8103,4,2497,6405.195371842966,3254.532922297207,2019-07-22T14:01:45Z,46.39301667,13.07318333,1538.00,57.559
8104,4,2498,6406.195371842966,3255.532922297207,2019-07-22T14:01:46Z,46.39301667,13.07338333,1536.00,57.55
8105,4,2499,6407.195371842966,3256.532922297207,2019-07-22T14:01:47Z,46.39303333,13.07358333,1535.00,57.542
8106,4,2500,6408.195371842966,3257.532922297207,2019-07-22T14:01:48Z,46.39303333,13.07378333,1535.00,57.532
8107,4,2501,6409.195371842966,3258.532922297207,2019-07-22T14:01:49Z,46.39303333,13.07398333,1535.00,57.523
8108,4,2502,6410.195371842966,3259.532922297207,2019-07-22T14:01:50Z,46.39301667,13.07416667,1534.00,57.513
8109,4,2503,6411.195371842966,3260.532922297207,2019-07-22T14:01:51Z,46.39301667,13.07436667,1534.00,57.503
8110,4,2504,6412.195371842966,3261.532922297207,2019-07-22T14:01:52Z,46.39300000,13.07460000,1534.00,57.491
8111,4,2505,6413.195371842966,3262.532922297207,2019-07-22T14:01:53Z,46.39298333,13.07481667,1534.00,57.479
8112,4,2506,6414.195371842966,3263.532922297207,2019-07-22T14:01:54Z,46.39298333,13.07503333,1535.00,57.469
8113,4,2507,6415.195371842966,3264.532922297207,2019-07-22T14:01:55Z,46.39298333,13.07525000,1537.00,57.459
8114,4,2508,6416.195371842966,3265.532922297207,2019-07-22T14:01:56Z,46.39300000,13.07546667,1538.00,57.45
8115,4,2509,6417.195371842966,3266.532922297207,2019-07-22T14:01:57Z,46.39301667,13.07566667,1540.00,57.442
8116,4,2510,6418.195371842966,3267.532922297207,2019-07-22T14:01:58Z,46.39303333,13.07586667,1541.00,57.435
8117,4,2511,6419.195371842966,3268.532922297207,2019-07-22T14:01:59Z,46.39306667,13.07608333,1540.00,57.427
8118,4,2512,6420.195371842966,3269.532922297207,2019-07-22T14:02:00Z,46.39310000,13.07631667,1538.00,57.419
8119,4,2513,6421.195371842966,3270.532922297207,2019-07-22T14:02:01Z,46.39313333,13.07656667,1536.00,57.411
8120,4,2514,6422.195371842966,3271.532922297207,2019-07-22T14:02:02Z,46.39315000,13.07680000,1535.00,57.401
8121,4,2515,6423.195371842966,3272.532922297207,2019-07-22T14:02:03Z,46.39318333,13.07703333,1535.00,57.393
8122,4,2516,6424.195371842966,3273.532922297207,2019-07-22T14:02:04Z,46.39321667,13.07723333,1538.00,57.387
8123,4,2517,6425.195371842966,3274.532922297207,2019-07-22T14:02:05Z,46.39323333,13.07741667,1539.00,57.38
8124,4,2518,6426.195371842966,3275.532922297207,2019-07-22T14:02:06Z,46.39325000,13.07761667,1540.00,57.372
8125,4,2519,6427.195371842966,3276.532922297207,2019-07-22T14:02:07Z,46.39328333,13.07780000,1542.00,57.366
8126,4,2520,6428.195371842966,3277.532922297207,2019-07-22T14:02:08Z,46.39330000,13.07800000,1542.00,57.358
8127,4,2521,6429.195371842966,3278.532922297207,2019-07-22T14:02:09Z,46.39333333,13.07821667,1541.00,57.351
8128,4,2522,6430.195371842966,3279.532922297207,2019-07-22T14:02:10Z,46.39338333,13.07845000,1541.00,57.345
8129,4,2523,6431.195371842966,3280.532922297207,2019-07-22T14:02:11Z,46.39341667,13.07866667,1539.00,57.338
8130,4,2524,6432.195371842966,3281.532922297207,2019-07-22T14:02:12Z,46.39345000,13.07890000,1539.00,57.33
8131,4,2525,6433.195371842966,3282.532922297207,2019-07-22T14:02:13Z,46.39348333,13.07913333,1540.00,57.322
8132,4,2526,6434.195371842966,3283.532922297207,2019-07-22T14:02:14Z,46.39351667,13.07933333,1541.00,57.316
8133,4,2527,6435.195371842966,3284.532922297207,2019-07-22T14:02:15Z,46.39353333,13.07953333,1544.00,57.308
8134,4,2528,6436.195371842966,3285.532922297207,2019-07-22T14:02:16Z,46.39356667,13.07973333,1545.00,57.302
8135,4,2529,6437.195371842966,3286.532922297207,2019-07-22T14:02:17Z,46.39360000,13.07995000,1546.00,57.295
8136,4,2530,6438.195371842966,3287.532922297207,2019-07-22T14:02:18Z,46.39365000,13.08016667,1546.00,57.289
8137,4,2531,6439.195371842966,3288.532922297207,2019-07-22T14:02:19Z,46.39368333,13.08036667,1547.00,57.283
8138,4,2532,6440.195371842966,3289.532922297207,2019-07-22T14:02:20Z,46.39373333,13.08058333,1546.00,57.277
8139,4,2533,6441.195371842966,3290.532922297207,2019-07-22T14:02:21Z,46.39376667,13.08080000,1547.00,57.27
8140,4,2534,6442.195371842966,3291.532922297207,2019-07-22T14:02:22Z,46.39378333,13.08100000,1548.00,57.262
8141,4,2535,6443.195371842966,3292.532922297207,2019-07-22T14:02:23Z,46.39381667,13.08118333,1549.00,57.257
8142,4,2536,6444.195371842966,3293.532922297207,2019-07-22T14:02:24Z,46.39385000,13.08138333,1551.00,57.251
8143,4,2537,6445.195371842966,3294.532922297207,2019-07-22T14:02:25Z,46.39388333,13.08158333,1552.00,57.244
8144,4,2538,6446.195371842966,3295.532922297207,2019-07-22T14:02:26Z,46.39391667,13.08178333,1553.00,57.238
8145,4,2539,6447.195371842966,3296.532922297207,2019-07-22T14:02:27Z,46.39395000,13.08198333,1553.00,57.232
8146,4,2540,6448.195371842966,3297.532922297207,2019-07-22T14:02:28Z,46.39398333,13.08218333,1552.00,57.226
8147,4,2541,6449.195371842966,3298.532922297207,2019-07-22T14:02:29Z,46.39401667,13.08238333,1551.00,57.219
8148,4,2542,6450.195371842966,3299.532922297207,2019-07-22T14:02:30Z,46.39403333,13.08260000,1550.00,57.211
8149,4,2543,6451.195371842966,3300.532922297207,2019-07-22T14:02:31Z,46.39405000,13.08280000,1548.00,57.203
8150,4,2544,6452.195371842966,3301.532922297207,2019-07-22T14:02:32Z,46.39408333,13.08303333,1549.00,57.195
8151,4,2545,6453.195371842966,3302.532922297207,2019-07-22T14:02:33Z,46.39411667,13.08325000,1549.00,57.188
8152,4,2546,6454.195371842966,3303.532922297207,2019-07-22T14:02:34Z,46.39415000,13.08346667,1548.00,57.181
8153,4,2547,6455.195371842966,3304.532922297207,2019-07-22T14:02:35Z,46.39420000,13.08368333,1549.00,57.176
8154,4,2548,6456.195371842966,3305.532922297207,2019-07-22T14:02:36Z,46.39425000,13.08390000,1550.00,57.171
8155,4,2549,6457.195371842966,3306.532922297207,2019-07-22T14:02:37Z,46.39430000,13.08410000,1551.00,57.166
8156,4,2550,6458.195371842966,3307.532922297207,2019-07-22T14:02:38Z,46.39433333,13.08431667,1552.00,57.159
8157,4,2551,6459.195371842966,3308.532922297207,2019-07-22T14:02:39Z,46.39436667,13.08450000,1554.00,57.154
8158,4,2552,6460.195371842966,3309.532922297207,2019-07-22T14:02:40Z,46.39438333,13.08466667,1555.00,57.147
8159,4,2553,6461.195371842966,3310.532922297207,2019-07-22T14:02:41Z,46.39441667,13.08485000,1557.00,57.142
8160,4,2554,6462.195371842966,3311.532922297207,2019-07-22T14:02:42Z,46.39445000,13.08501667,1558.00,57.137
8161,4,2555,6463.195371842966,3312.532922297207,2019-07-22T14:02:43Z,46.39448333,13.08520000,1559.00,57.132
8162,4,2556,6464.195371842966,3313.532922297207,2019-07-22T14:02:44Z,46.39451667,13.08540000,1560.00,57.126
8163,4,2557,6465.195371842966,3314.532922297207,2019-07-22T14:02:45Z,46.39456667,13.08556667,1561.00,57.123
8164,4,2558,6466.195371842966,3315.532922297207,2019-07-22T14:02:46Z,46.39461667,13.08575000,1562.00,57.119
8165,4,2559,6467.195371842966,3316.532922297207,2019-07-22T14:02:47Z,46.39466667,13.08593333,1563.00,57.115
8166,4,2560,6468.195371842966,3317.532922297207,2019-07-22T14:02:48Z,46.39473333,13.08610000,1562.00,57.113
8167,4,2561,6469.195371842966,3318.532922297207,2019-07-22T14:02:49Z,46.39481667,13.08628333,1563.00,57.113
8168,4,2562,6470.195371842966,3319.532922297207,2019-07-22T14:02:50Z,46.39490000,13.08645000,1564.00,57.113
8169,4,2563,6471.195371842966,3320.532922297207,2019-07-22T14:02:51Z,46.39498333,13.08663333,1564.00,57.112
8170,4,2564,6472.195371842966,3321.532922297207,2019-07-22T14:02:52Z,46.39506667,13.08681667,1564.00,57.111
8171,4,2565,6473.195371842966,3322.532922297207,2019-07-22T14:02:53Z,46.39515000,13.08701667,1564.00,57.109
8172,4,2566,6474.195371842966,3323.532922297207,2019-07-22T14:02:54Z,46.39521667,13.08721667,1565.00,57.106
8173,4,2567,6475.195371842966,3324.532922297207,2019-07-22T14:02:55Z,46.39528333,13.08741667,1566.00,57.103
8174,4,2568,6476.195371842966,3325.532922297207,2019-07-22T14:02:56Z,46.39533333,13.08760000,1567.00,57.099
8175,4,2569,6477.195371842966,3326.532922297207,2019-07-22T14:02:57Z,46.39538333,13.08780000,1568.00,57.095
8176,4,2570,6478.195371842966,3327.532922297207,2019-07-22T14:02:58Z,46.39543333,13.08798333,1569.00,57.091
8177,4,2571,6479.195371842966,3328.532922297207,2019-07-22T14:02:59Z,46.39548333,13.08818333,1569.00,57.086
8178,4,2572,6480.195371842966,3329.532922297207,2019-07-22T14:03:00Z,46.39553333,13.08838333,1569.00,57.082
8179,4,2573,6481.195371842966,3330.532922297207,2019-07-22T14:03:01Z,46.39558333,13.08858333,1570.00,57.077
8180,4,2574,6482.195371842966,3331.532922297207,2019-07-22T14:03:02Z,46.39565000,13.08878333,1572.00,57.074
8181,4,2575,6483.195371842966,3332.532922297207,2019-07-22T14:03:03Z,46.39571667,13.08896667,1573.00,57.072
8182,4,2576,6484.195371842966,3333.532922297207,2019-07-22T14:03:04Z,46.39578333,13.08915000,1575.00,57.07
8183,4,2577,6485.195371842966,3334.532922297207,2019-07-22T14:03:05Z,46.39588333,13.08931667,1577.00,57.071
8184,4,2578,6486.195371842966,3335.532922297207,2019-07-22T14:03:06Z,46.39600000,13.08946667,1578.00,57.075
8185,4,2579,6487.195371842966,3336.532922297207,2019-07-22T14:03:07Z,46.39611667,13.08960000,1579.00,57.08
8186,4,2580,6488.195371842966,3337.532922297207,2019-07-22T14:03:08Z,46.39625000,13.08973333,1579.00,57.086
8187,4,2581,6489.195371842966,3338.532922297207,2019-07-22T14:03:09Z,46.39640000,13.08983333,1579.00,57.095
8188,4,2582,6490.195371842966,3339.532922297207,2019-07-22T14:03:10Z,46.39655000,13.08993333,1579.00,57.104
8189,4,2583,6491.195371842966,3340.532922297207,2019-07-22T14:03:11Z,46.39671667,13.09001667,1580.00,57.115
8190,4,2584,6492.195371842966,3341.532922297207,2019-07-22T14:03:12Z,46.39686667,13.09011667,1581.00,57.124
8191,4,2585,6493.195371842966,3342.532922297207,2019-07-22T14:03:13Z,46.39701667,13.09025000,1583.00,57.132
8192,4,2586,6494.195371842966,3343.532922297207,2019-07-22T14:03:14Z,46.39715000,13.09038333,1584.00,57.138
8193,4,2587,6495.195371842966,3344.532922297207,2019-07-22T14:03:15Z,46.39728333,13.09053333,1586.00,57.143
8194,4,2588,6496.195371842966,3345.532922297207,2019-07-22T14:03:16Z,46.39738333,13.09068333,1588.00,57.146
8195,4,2589,6497.195371842966,3346.532922297207,2019-07-22T14:03:17Z,46.39748333,13.09086667,1589.00,57.147
8196,4,2590,6498.195371842966,3347.532922297207,2019-07-22T14:03:18Z,46.39755000,13.09106667,1592.00,57.144
8197,4,2591,6499.195371842966,3348.532922297207,2019-07-22T14:03:19Z,46.39760000,13.09125000,1595.00,57.14
8198,4,2592,6500.195371842966,3349.532922297207,2019-07-22T14:03:20Z,46.39763333,13.09145000,1598.00,57.134
8199,4,2593,6501.195371842966,3350.532922297207,2019-07-22T14:03:21Z,46.39765000,13.09163333,1601.00,57.128
8200,4,2594,6502.195371842966,3351.532922297207,2019-07-22T14:03:22Z,46.39765000,13.09183333,1603.00,57.119
8201,4,2595,6503.195371842966,3352.532922297207,2019-07-22T14:03:23Z,46.39765000,13.09201667,1606.00,57.111
8202,4,2596,6504.195371842966,3353.532922297207,2019-07-22T14:03:24Z,46.39761667,13.09220000,1609.00,57.099
8203,4,2597,6505.195371842966,3354.532922297207,2019-07-22T14:03:25Z,46.39758333,13.09235000,1611.00,57.09
8204,4,2598,6506.195371842966,3355.532922297207,2019-07-22T14:03:26Z,46.39755000,13.09250000,1613.00,57.08
8205,4,2599,6507.195371842966,3356.532922297207,2019-07-22T14:03:27Z,46.39751667,13.09263333,1615.00,57.071
8206,4,2600,6508.195371842966,3357.532922297207,2019-07-22T14:03:28Z,46.39746667,13.09278333,1616.00,57.06
8207,4,2601,6509.195371842966,3358.532922297207,2019-07-22T14:03:29Z,46.39741667,13.09295000,1614.00,57.048
8208,4,2602,6510.195371842966,3359.532922297207,2019-07-22T14:03:30Z,46.39736667,13.09310000,1614.00,57.037
8209,4,2603,6511.195371842966,3360.532922297207,2019-07-22T14:03:31Z,46.39730000,13.09326667,1616.00,57.023
8210,4,2604,6512.195371842966,3361.532922297207,2019-07-22T14:03:32Z,46.39721667,13.09340000,1617.00,57.01
8211,4,2605,6513.195371842966,3362.532922297207,2019-07-22T14:03:33Z,46.39713333,13.09351667,1619.00,56.997
8212,4,2606,6514.195371842966,3363.532922297207,2019-07-22T14:03:34Z,46.39703333,13.09360000,1621.00,56.985
8213,4,2607,6515.195371842966,3364.532922297207,2019-07-22T14:03:35Z,46.39693333,13.09365000,1624.00,56.973
8214,4,2608,6516.195371842966,3365.532922297207,2019-07-22T14:03:36Z,46.39681667,13.09366667,1626.00,56.962
8215,4,2609,6517.195371842966,3366.532922297207,2019-07-22T14:03:37Z,46.39670000,13.09363333,1629.00,56.953
8216,4,2610,6518.195371842966,3367.532922297207,2019-07-22T14:03:38Z,46.39661667,13.09355000,1632.00,56.949
8217,4,2611,6519.195371842966,3368.532922297207,2019-07-22T14:03:39Z,46.39651667,13.09345000,1635.00,56.944
8218,4,2612,6520.195371842966,3369.532922297207,2019-07-22T14:03:40Z,46.39645000,13.09331667,1638.00,56.944
8219,4,2613,6521.195371842966,3370.532922297207,2019-07-22T14:03:41Z,46.39640000,13.09316667,1641.00,56.946
8220,4,2614,6522.195371842966,3371.532922297207,2019-07-22T14:03:42Z,46.39636667,13.09300000,1642.00,56.951
8221,4,2615,6523.195371842966,3372.532922297207,2019-07-22T14:03:43Z,46.39636667,13.09278333,1641.00,56.96
8222,4,2616,6524.195371842966,3373.532922297207,2019-07-22T14:03:44Z,46.39641667,13.09256667,1642.00,56.974
8223,4,2617,6525.195371842966,3374.532922297207,2019-07-22T14:03:45Z,46.39648333,13.09238333,1646.00,56.989
8224,4,2618,6526.195371842966,3375.532922297207,2019-07-22T14:03:46Z,46.39661667,13.09225000,1648.00,57.007
8225,4,2619,6527.195371842966,3376.532922297207,2019-07-22T14:03:47Z,46.39676667,13.09220000,1650.00,57.022
8226,4,2620,6528.195371842966,3377.532922297207,2019-07-22T14:03:48Z,46.39691667,13.09225000,1653.00,57.034
8227,4,2621,6529.195371842966,3378.532922297207,2019-07-22T14:03:49Z,46.39705000,13.09238333,1654.00,57.04
8228,4,2622,6530.195371842966,3379.532922297207,2019-07-22T14:03:50Z,46.39715000,13.09255000,1657.00,57.042
8229,4,2623,6531.195371842966,3380.532922297207,2019-07-22T14:03:51Z,46.39720000,13.09273333,1661.00,57.038
8230,4,2624,6532.195371842966,3381.532922297207,2019-07-22T14:03:52Z,46.39723333,13.09291667,1664.00,57.033
8231,4,2625,6533.195371842966,3382.532922297207,2019-07-22T14:03:53Z,46.39723333,13.09308333,1667.00,57.026
8232,4,2626,6534.195371842966,3383.532922297207,2019-07-22T14:03:54Z,46.39721667,13.09325000,1670.00,57.017
8233,4,2627,6535.195371842966,3384.532922297207,2019-07-22T14:03:55Z,46.39718333,13.09340000,1671.00,57.007
8234,4,2628,6536.195371842966,3385.532922297207,2019-07-22T14:03:56Z,46.39711667,13.09351667,1673.00,56.996
8235,4,2629,6537.195371842966,3386.532922297207,2019-07-22T14:03:57Z,46.39703333,13.09360000,1675.00,56.985
8236,4,2630,6538.195371842966,3387.532922297207,2019-07-22T14:03:58Z,46.39693333,13.09363333,1678.00,56.974
8237,4,2631,6539.195371842966,3388.532922297207,2019-07-22T14:03:59Z,46.39685000,13.09363333,1682.00,56.966
8238,4,2632,6540.195371842966,3389.532922297207,2019-07-22T14:04:00Z,46.39676667,13.09360000,1685.00,56.96
8239,4,2633,6541.195371842966,3390.532922297207,2019-07-22T14:04:01Z,46.39670000,13.09353333,1689.00,56.957
8240,4,2634,6542.195371842966,3391.532922297207,2019-07-22T14:04:02Z,46.39665000,13.09343333,1692.00,56.957
8241,4,2635,6543.195371842966,3392.532922297207,2019-07-22T14:04:03Z,46.39660000,13.09330000,1695.00,56.958
8242,4,2636,6544.195371842966,3393.532922297207,2019-07-22T14:04:04Z,46.39661667,13.09311667,1696.00,56.968
8243,4,2637,6545.195371842966,3394.532922297207,2019-07-22T14:04:05Z,46.39668333,13.09293333,1699.00,56.982
8244,4,2638,6546.195371842966,3395.532922297207,2019-07-22T14:04:06Z,46.39681667,13.09278333,1700.00,57.001
8245,4,2639,6547.195371842966,3396.532922297207,2019-07-22T14:04:07Z,46.39698333,13.09271667,1702.00,57.019
8246,4,2640,6548.195371842966,3397.532922297207,2019-07-22T14:04:08Z,46.39713333,13.09271667,1706.00,57.033
8247,4,2641,6549.195371842966,3398.532922297207,2019-07-22T14:04:09Z,46.39728333,13.09278333,1708.00,57.043
8248,4,2642,6550.195371842966,3399.532922297207,2019-07-22T14:04:10Z,46.39741667,13.09290000,1711.00,57.05
8249,4,2643,6551.195371842966,3400.532922297207,2019-07-22T14:04:11Z,46.39750000,13.09306667,1713.00,57.051
8250,4,2644,6552.195371842966,3401.532922297207,2019-07-22T14:04:12Z,46.39755000,13.09325000,1715.00,57.047
8251,4,2645,6553.195371842966,3402.532922297207,2019-07-22T14:04:13Z,46.39756667,13.09345000,1717.00,57.04
8252,4,2646,6554.195371842966,3403.532922297207,2019-07-22T14:04:14Z,46.39756667,13.09365000,1719.00,57.031
8253,4,2647,6555.195371842966,3404.532922297207,2019-07-22T14:04:15Z,46.39751667,13.09383333,1721.00,57.018
8254,4,2648,6556.195371842966,3405.532922297207,2019-07-22T14:04:16Z,46.39746667,13.09400000,1724.00,57.006
8255,4,2649,6557.195371842966,3406.532922297207,2019-07-22T14:04:17Z,46.39740000,13.09415000,1727.00,56.994
8256,4,2650,6558.195371842966,3407.532922297207,2019-07-22T14:04:18Z,46.39733333,13.09428333,1728.00,56.982
8257,4,2651,6559.195371842966,3408.532922297207,2019-07-22T14:04:19Z,46.39723333,13.09438333,1730.00,56.968
8258,4,2652,6560.195371842966,3409.532922297207,2019-07-22T14:04:20Z,46.39713333,13.09446667,1732.00,56.955
8259,4,2653,6561.195371842966,3410.532922297207,2019-07-22T14:04:21Z,46.39703333,13.09451667,1734.00,56.944
8260,4,2654,6562.195371842966,3411.532922297207,2019-07-22T14:04:22Z,46.39691667,13.09453333,1736.00,56.933
8261,4,2655,6563.195371842966,3412.532922297207,2019-07-22T14:04:23Z,46.39678333,13.09451667,1738.00,56.921
8262,4,2656,6564.195371842966,3413.532922297207,2019-07-22T14:04:24Z,46.39668333,13.09450000,1741.00,56.913
8263,4,2657,6565.195371842966,3414.532922297207,2019-07-22T14:04:25Z,46.39656667,13.09446667,1745.00,56.904
8264,4,2658,6566.195371842966,3415.532922297207,2019-07-22T14:04:26Z,46.39646667,13.09441667,1748.00,56.897
8265,4,2659,6567.195371842966,3416.532922297207,2019-07-22T14:04:27Z,46.39636667,13.09436667,1752.00,56.89
8266,4,2660,6568.195371842966,3417.532922297207,2019-07-22T14:04:28Z,46.39630000,13.09425000,1755.00,56.889
8267,4,2661,6569.195371842966,3418.532922297207,2019-07-22T14:04:29Z,46.39623333,13.09410000,1757.00,56.89
8268,4,2662,6570.195371842966,3419.532922297207,2019-07-22T14:04:30Z,46.39623333,13.09391667,1760.00,56.898
8269,4,2663,6571.195371842966,3420.532922297207,2019-07-22T14:04:31Z,46.39628333,13.09371667,1763.00,56.911
8270,4,2664,6572.195371842966,3421.532922297207,2019-07-22T14:04:32Z,46.39638333,13.09355000,1768.00,56.928
8271,4,2665,6573.195371842966,3422.532922297207,2019-07-22T14:04:33Z,46.39651667,13.09345000,1771.00,56.944
8272,4,2666,6574.195371842966,3423.532922297207,2019-07-22T14:04:34Z,46.39668333,13.09340000,1775.00,56.962
8273,4,2667,6575.195371842966,3424.532922297207,2019-07-22T14:04:35Z,46.39683333,13.09341667,1781.00,56.974
8274,4,2668,6576.195371842966,3425.532922297207,2019-07-22T14:04:36Z,46.39698333,13.09346667,1786.00,56.986
8275,4,2669,6577.195371842966,3426.532922297207,2019-07-22T14:04:37Z,46.39711667,13.09358333,1792.00,56.993
8276,4,2670,6578.195371842966,3427.532922297207,2019-07-22T14:04:38Z,46.39723333,13.09373333,1797.00,56.997
8277,4,2671,6579.195371842966,3428.532922297207,2019-07-22T14:04:39Z,46.39731667,13.09391667,1798.00,56.996
8278,4,2672,6580.195371842966,3429.532922297207,2019-07-22T14:04:40Z,46.39740000,13.09413333,1801.00,56.994
8279,4,2673,6581.195371842966,3430.532922297207,2019-07-22T14:04:41Z,46.39743333,13.09436667,1801.00,56.987
8280,4,2674,6582.195371842966,3431.532922297207,2019-07-22T14:04:42Z,46.39743333,13.09456667,1804.00,56.978
8281,4,2675,6583.195371842966,3432.532922297207,2019-07-22T14:04:43Z,46.39738333,13.09475000,1806.00,56.966
8282,4,2676,6584.195371842966,3433.532922297207,2019-07-22T14:04:44Z,46.39733333,13.09488333,1809.00,56.955
8283,4,2677,6585.195371842966,3434.532922297207,2019-07-22T14:04:45Z,46.39723333,13.09498333,1812.00,56.942
8284,4,2678,6586.195371842966,3435.532922297207,2019-07-22T14:04:46Z,46.39711667,13.09501667,1812.00,56.93
8285,4,2679,6587.195371842966,3436.532922297207,2019-07-22T14:04:47Z,46.39700000,13.09501667,1812.00,56.919
8286,4,2680,6588.195371842966,3437.532922297207,2019-07-22T14:04:48Z,46.39686667,13.09496667,1811.00,56.909
8287,4,2681,6589.195371842966,3438.532922297207,2019-07-22T14:04:49Z,46.39675000,13.09488333,1812.00,56.902
8288,4,2682,6590.195371842966,3439.532922297207,2019-07-22T14:04:50Z,46.39663333,13.09478333,1813.00,56.896
8289,4,2683,6591.195371842966,3440.532922297207,2019-07-22T14:04:51Z,46.39653333,13.09466667,1814.00,56.892
8290,4,2684,6592.195371842966,3441.532922297207,2019-07-22T14:04:52Z,46.39646667,13.09453333,1817.00,56.892
8291,4,2685,6593.195371842966,3442.532922297207,2019-07-22T14:04:53Z,46.39640000,13.09440000,1820.00,56.892
8292,4,2686,6594.195371842966,3443.532922297207,2019-07-22T14:04:54Z,46.39635000,13.09421667,1824.00,56.895
8293,4,2687,6595.195371842966,3444.532922297207,2019-07-22T14:04:55Z,46.39633333,13.09401667,1827.00,56.903
8294,4,2688,6596.195371842966,3445.532922297207,2019-07-22T14:04:56Z,46.39635000,13.09381667,1832.00,56.913
8295,4,2689,6597.195371842966,3446.532922297207,2019-07-22T14:04:57Z,46.39640000,13.09361667,1837.00,56.926
8296,4,2690,6598.195371842966,3447.532922297207,2019-07-22T14:04:58Z,46.39646667,13.09346667,1840.00,56.939
8297,4,2691,6599.195371842966,3448.532922297207,2019-07-22T14:04:59Z,46.39656667,13.09333333,1845.00,56.954
8298,4,2692,6600.195371842966,3449.532922297207,2019-07-22T14:05:00Z,46.39668333,13.09323333,1848.00,56.969
8299,4,2693,6601.195371842966,3450.532922297207,2019-07-22T14:05:01Z,46.39683333,13.09316667,1851.00,56.986
8300,4,2694,6602.195371842966,3451.532922297207,2019-07-22T14:05:02Z,46.39700000,13.09313333,1853.00,57.002
8301,4,2695,6603.195371842966,3452.532922297207,2019-07-22T14:05:03Z,46.39718333,13.09316667,1853.00,57.017
8302,4,2696,6604.195371842966,3453.532922297207,2019-07-22T14:05:04Z,46.39733333,13.09326667,1854.00,57.027
8303,4,2697,6605.195371842966,3454.532922297207,2019-07-22T14:05:05Z,46.39746667,13.09340000,1857.00,57.033
8304,4,2698,6606.195371842966,3455.532922297207,2019-07-22T14:05:06Z,46.39758333,13.09356667,1860.00,57.036
8305,4,2699,6607.195371842966,3456.532922297207,2019-07-22T14:05:07Z,46.39766667,13.09376667,1863.00,57.035
8306,4,2700,6608.195371842966,3457.532922297207,2019-07-22T14:05:08Z,46.39771667,13.09395000,1867.00,57.031
8307,4,2701,6609.195371842966,3458.532922297207,2019-07-22T14:05:09Z,46.39775000,13.09415000,1871.00,57.025
8308,4,2702,6610.195371842966,3459.532922297207,2019-07-22T14:05:10Z,46.39775000,13.09433333,1876.00,57.017
8309,4,2703,6611.195371842966,3460.532922297207,2019-07-22T14:05:11Z,46.39770000,13.09450000,1878.00,57.005
8310,4,2704,6612.195371842966,3461.532922297207,2019-07-22T14:05:12Z,46.39763333,13.09461667,1880.00,56.994
8311,4,2705,6613.195371842966,3462.532922297207,2019-07-22T14:05:13Z,46.39753333,13.09468333,1881.00,56.982
8312,4,2706,6614.195371842966,3463.532922297207,2019-07-22T14:05:14Z,46.39743333,13.09470000,1883.00,56.972
8313,4,2707,6615.195371842966,3464.532922297207,2019-07-22T14:05:15Z,46.39733333,13.09466667,1884.00,56.965
8314,4,2708,6616.195371842966,3465.532922297207,2019-07-22T14:05:16Z,46.39723333,13.09456667,1885.00,56.96
8315,4,2709,6617.195371842966,3466.532922297207,2019-07-22T14:05:17Z,46.39716667,13.09443333,1887.00,56.96
8316,4,2710,6618.195371842966,3467.532922297207,2019-07-22T14:05:18Z,46.39711667,13.09426667,1890.00,56.963
8317,4,2711,6619.195371842966,3468.532922297207,2019-07-22T14:05:19Z,46.39710000,13.09408333,1893.00,56.969
8318,4,2712,6620.195371842966,3469.532922297207,2019-07-22T14:05:20Z,46.39710000,13.09391667,1898.00,56.977
8319,4,2713,6621.195371842966,3470.532922297207,2019-07-22T14:05:21Z,46.39715000,13.09376667,1903.00,56.988
8320,4,2714,6622.195371842966,3471.532922297207,2019-07-22T14:05:22Z,46.39720000,13.09361667,1907.00,56.999
8321,4,2715,6623.195371842966,3472.532922297207,2019-07-22T14:05:23Z,46.39730000,13.09350000,1912.00,57.013
8322,4,2716,6624.195371842966,3473.532922297207,2019-07-22T14:05:24Z,46.39741667,13.09338333,1914.00,57.029
8323,4,2717,6625.195371842966,3474.532922297207,2019-07-22T14:05:25Z,46.39756667,13.09333333,1915.00,57.045
8324,4,2718,6626.195371842966,3475.532922297207,2019-07-22T14:05:26Z,46.39775000,13.09331667,1916.00,57.062
8325,4,2719,6627.195371842966,3476.532922297207,2019-07-22T14:05:27Z,46.39791667,13.09335000,1917.00,57.076
8326,4,2720,6628.195371842966,3477.532922297207,2019-07-22T14:05:28Z,46.39808333,13.09343333,1918.00,57.087
8327,4,2721,6629.195371842966,3478.532922297207,2019-07-22T14:05:29Z,46.39823333,13.09356667,1921.00,57.095
8328,4,2722,6630.195371842966,3479.532922297207,2019-07-22T14:05:30Z,46.39835000,13.09373333,1922.00,57.098
8329,4,2723,6631.195371842966,3480.532922297207,2019-07-22T14:05:31Z,46.39843333,13.09393333,1925.00,57.097
8330,4,2724,6632.195371842966,3481.532922297207,2019-07-22T14:05:32Z,46.39850000,13.09413333,1928.00,57.094
8331,4,2725,6633.195371842966,3482.532922297207,2019-07-22T14:05:33Z,46.39853333,13.09431667,1932.00,57.089
8332,4,2726,6634.195371842966,3483.532922297207,2019-07-22T14:05:34Z,46.39853333,13.09450000,1935.00,57.081
8333,4,2727,6635.195371842966,3484.532922297207,2019-07-22T14:05:35Z,46.39851667,13.09466667,1938.00,57.072
8334,4,2728,6636.195371842966,3485.532922297207,2019-07-22T14:05:36Z,46.39845000,13.09480000,1939.00,57.06
8335,4,2729,6637.195371842966,3486.532922297207,2019-07-22T14:05:37Z,46.39835000,13.09491667,1940.00,57.046
8336,4,2730,6638.195371842966,3487.532922297207,2019-07-22T14:05:38Z,46.39825000,13.09496667,1941.00,57.035
8337,4,2731,6639.195371842966,3488.532922297207,2019-07-22T14:05:39Z,46.39813333,13.09501667,1941.00,57.022
8338,4,2732,6640.195371842966,3489.532922297207,2019-07-22T14:05:40Z,46.39803333,13.09503333,1941.00,57.012
8339,4,2733,6641.195371842966,3490.532922297207,2019-07-22T14:05:41Z,46.39791667,13.09503333,1941.00,57.002
8340,4,2734,6642.195371842966,3491.532922297207,2019-07-22T14:05:42Z,46.39780000,13.09500000,1940.00,56.992
8341,4,2735,6643.195371842966,3492.532922297207,2019-07-22T14:05:43Z,46.39766667,13.09491667,1939.00,56.984
8342,4,2736,6644.195371842966,3493.532922297207,2019-07-22T14:05:44Z,46.39753333,13.09480000,1940.00,56.977
8343,4,2737,6645.195371842966,3494.532922297207,2019-07-22T14:05:45Z,46.39745000,13.09465000,1941.00,56.976
8344,4,2738,6646.195371842966,3495.532922297207,2019-07-22T14:05:46Z,46.39738333,13.09450000,1944.00,56.977
8345,4,2739,6647.195371842966,3496.532922297207,2019-07-22T14:05:47Z,46.39733333,13.09431667,1948.00,56.98
8346,4,2740,6648.195371842966,3497.532922297207,2019-07-22T14:05:48Z,46.39731667,13.09413333,1953.00,56.987
8347,4,2741,6649.195371842966,3498.532922297207,2019-07-22T14:05:49Z,46.39731667,13.09395000,1957.00,56.995
8348,4,2742,6650.195371842966,3499.532922297207,2019-07-22T14:05:50Z,46.39731667,13.09376667,1960.00,57.003
8349,4,2743,6651.195371842966,3500.532922297207,2019-07-22T14:05:51Z,46.39731667,13.09360000,1964.00,57.01
8350,4,2744,6652.195371842966,3501.532922297207,2019-07-22T14:05:52Z,46.39733333,13.09343333,1968.00,57.019
8351,4,2745,6653.195371842966,3502.532922297207,2019-07-22T14:05:53Z,46.39738333,13.09326667,1970.00,57.031
8352,4,2746,6654.195371842966,3503.532922297207,2019-07-22T14:05:54Z,46.39746667,13.09310000,1972.00,57.046
8353,4,2747,6655.195371842966,3504.532922297207,2019-07-22T14:05:55Z,46.39758333,13.09298333,1974.00,57.062
8354,4,2748,6656.195371842966,3505.532922297207,2019-07-22T14:05:56Z,46.39773333,13.09290000,1975.00,57.079
8355,4,2749,6657.195371842966,3506.532922297207,2019-07-22T14:05:57Z,46.39788333,13.09286667,1975.00,57.094
8356,4,2750,6658.195371842966,3507.532922297207,2019-07-22T14:05:58Z,46.39805000,13.09290000,1977.00,57.108
8357,4,2751,6659.195371842966,3508.532922297207,2019-07-22T14:05:59Z,46.39821667,13.09296667,1978.00,57.12
8358,4,2752,6660.195371842966,3509.532922297207,2019-07-22T14:06:00Z,46.39835000,13.09310000,1980.00,57.126
8359,4,2753,6661.195371842966,3510.532922297207,2019-07-22T14:06:01Z,46.39846667,13.09326667,1981.00,57.129
8360,4,2754,6662.195371842966,3511.532922297207,2019-07-22T14:06:02Z,46.39855000,13.09345000,1983.00,57.129
8361,4,2755,6663.195371842966,3512.532922297207,2019-07-22T14:06:03Z,46.39860000,13.09365000,1984.00,57.125
8362,4,2756,6664.195371842966,3513.532922297207,2019-07-22T14:06:04Z,46.39861667,13.09383333,1986.00,57.118
8363,4,2757,6665.195371842966,3514.532922297207,2019-07-22T14:06:05Z,46.39861667,13.09403333,1988.00,57.109
8364,4,2758,6666.195371842966,3515.532922297207,2019-07-22T14:06:06Z,46.39856667,13.09420000,1990.00,57.097
8365,4,2759,6667.195371842966,3516.532922297207,2019-07-22T14:06:07Z,46.39850000,13.09436667,1991.00,57.084
8366,4,2760,6668.195371842966,3517.532922297207,2019-07-22T14:06:08Z,46.39840000,13.09448333,1993.00,57.07
8367,4,2761,6669.195371842966,3518.532922297207,2019-07-22T14:06:09Z,46.39828333,13.09456667,1995.00,57.056
8368,4,2762,6670.195371842966,3519.532922297207,2019-07-22T14:06:10Z,46.39816667,13.09463333,1998.00,57.042
8369,4,2763,6671.195371842966,3520.532922297207,2019-07-22T14:06:11Z,46.39805000,13.09465000,2002.00,57.031
8370,4,2764,6672.195371842966,3521.532922297207,2019-07-22T14:06:12Z,46.39796667,13.09465000,2007.00,57.023
8371,4,2765,6673.195371842966,3522.532922297207,2019-07-22T14:06:13Z,46.39786667,13.09461667,2010.00,57.015
8372,4,2766,6674.195371842966,3523.532922297207,2019-07-22T14:06:14Z,46.39778333,13.09458333,2014.00,57.009
8373,4,2767,6675.195371842966,3524.532922297207,2019-07-22T14:06:15Z,46.39770000,13.09448333,2016.00,57.006
8374,4,2768,6676.195371842966,3525.532922297207,2019-07-22T14:06:16Z,46.39763333,13.09435000,2018.00,57.006
8375,4,2769,6677.195371842966,3526.532922297207,2019-07-22T14:06:17Z,46.39756667,13.09418333,2018.00,57.007
8376,4,2770,6678.195371842966,3527.532922297207,2019-07-22T14:06:18Z,46.39753333,13.09401667,2020.00,57.012
8377,4,2771,6679.195371842966,3528.532922297207,2019-07-22T14:06:19Z,46.39750000,13.09383333,2023.00,57.017
8378,4,2772,6680.195371842966,3529.532922297207,2019-07-22T14:06:20Z,46.39748333,13.09366667,2026.00,57.022
8379,4,2773,6681.195371842966,3530.532922297207,2019-07-22T14:06:21Z,46.39748333,13.09350000,2031.00,57.03
8380,4,2774,6682.195371842966,3531.532922297207,2019-07-22T14:06:22Z,46.39751667,13.09330000,2035.00,57.042
8381,4,2775,6683.195371842966,3532.532922297207,2019-07-22T14:06:23Z,46.39758333,13.09311667,2038.00,57.056
8382,4,2776,6684.195371842966,3533.532922297207,2019-07-22T14:06:24Z,46.39770000,13.09298333,2041.00,57.072
8383,4,2777,6685.195371842966,3534.532922297207,2019-07-22T14:06:25Z,46.39783333,13.09288333,2043.00,57.089
8384,4,2778,6686.195371842966,3535.532922297207,2019-07-22T14:06:26Z,46.39800000,13.09285000,2045.00,57.105
8385,4,2779,6687.195371842966,3536.532922297207,2019-07-22T14:06:27Z,46.39815000,13.09288333,2047.00,57.118
8386,4,2780,6688.195371842966,3537.532922297207,2019-07-22T14:06:28Z,46.39828333,13.09296667,2051.00,57.126
8387,4,2781,6689.195371842966,3538.532922297207,2019-07-22T14:06:29Z,46.39841667,13.09311667,2054.00,57.132
8388,4,2782,6690.195371842966,3539.532922297207,2019-07-22T14:06:30Z,46.39850000,13.09328333,2058.00,57.132
8389,4,2783,6691.195371842966,3540.532922297207,2019-07-22T14:06:31Z,46.39856667,13.09345000,2061.00,57.131
8390,4,2784,6692.195371842966,3541.532922297207,2019-07-22T14:06:32Z,46.39861667,13.09365000,2063.00,57.126
8391,4,2785,6693.195371842966,3542.532922297207,2019-07-22T14:06:33Z,46.39861667,13.09383333,2064.00,57.118
8392,4,2786,6694.195371842966,3543.532922297207,2019-07-22T14:06:34Z,46.39858333,13.09403333,2065.00,57.106
8393,4,2787,6695.195371842966,3544.532922297207,2019-07-22T14:06:35Z,46.39853333,13.09420000,2066.00,57.094
8394,4,2788,6696.195371842966,3545.532922297207,2019-07-22T14:06:36Z,46.39846667,13.09435000,2069.00,57.082
8395,4,2789,6697.195371842966,3546.532922297207,2019-07-22T14:06:37Z,46.39840000,13.09446667,2072.00,57.071
8396,4,2790,6698.195371842966,3547.532922297207,2019-07-22T14:06:38Z,46.39831667,13.09455000,2075.00,57.059
8397,4,2791,6699.195371842966,3548.532922297207,2019-07-22T14:06:39Z,46.39821667,13.09461667,2078.00,57.047
8398,4,2792,6700.195371842966,3549.532922297207,2019-07-22T14:06:40Z,46.39813333,13.09466667,2080.00,57.037
8399,4,2793,6701.195371842966,3550.532922297207,2019-07-22T14:06:41Z,46.39803333,13.09470000,2083.00,57.027
8400,4,2794,6702.195371842966,3551.532922297207,2019-07-22T14:06:42Z,46.39793333,13.09471667,2085.00,57.017
8401,4,2795,6703.195371842966,3552.532922297207,2019-07-22T14:06:43Z,46.39783333,13.09471667,2087.00,57.008
8402,4,2796,6704.195371842966,3553.532922297207,2019-07-22T14:06:44Z,46.39771667,13.09470000,2089.00,56.998
8403,4,2797,6705.195371842966,3554.532922297207,2019-07-22T14:06:45Z,46.39761667,13.09465000,2091.00,56.991
8404,4,2798,6706.195371842966,3555.532922297207,2019-07-22T14:06:46Z,46.39751667,13.09455000,2093.00,56.986
8405,4,2799,6707.195371842966,3556.532922297207,2019-07-22T14:06:47Z,46.39745000,13.09440000,2095.00,56.987
8406,4,2800,6708.195371842966,3557.532922297207,2019-07-22T14:06:48Z,46.39740000,13.09423333,2098.00,56.99
8407,4,2801,6709.195371842966,3558.532922297207,2019-07-22T14:06:49Z,46.39738333,13.09405000,2101.00,56.996
8408,4,2802,6710.195371842966,3559.532922297207,2019-07-22T14:06:50Z,46.39738333,13.09386667,2104.00,57.005
8409,4,2803,6711.195371842966,3560.532922297207,2019-07-22T14:06:51Z,46.39741667,13.09366667,2107.00,57.016
8410,4,2804,6712.195371842966,3561.532922297207,2019-07-22T14:06:52Z,46.39748333,13.09350000,2109.00,57.03
8411,4,2805,6713.195371842966,3562.532922297207,2019-07-22T14:06:53Z,46.39758333,13.09336667,2112.00,57.045
8412,4,2806,6714.195371842966,3563.532922297207,2019-07-22T14:06:54Z,46.39771667,13.09326667,2114.00,57.061
8413,4,2807,6715.195371842966,3564.532922297207,2019-07-22T14:06:55Z,46.39785000,13.09320000,2116.00,57.076
8414,4,2808,6716.195371842966,3565.532922297207,2019-07-22T14:06:56Z,46.39801667,13.09318333,2118.00,57.092
8415,4,2809,6717.195371842966,3566.532922297207,2019-07-22T14:06:57Z,46.39815000,13.09321667,2120.00,57.103
8416,4,2810,6718.195371842966,3567.532922297207,2019-07-22T14:06:58Z,46.39830000,13.09328333,2123.00,57.114
8417,4,2811,6719.195371842966,3568.532922297207,2019-07-22T14:06:59Z,46.39843333,13.09341667,2125.00,57.12
8418,4,2812,6720.195371842966,3569.532922297207,2019-07-22T14:07:00Z,46.39853333,13.09356667,2127.00,57.122
8419,4,2813,6721.195371842966,3570.532922297207,2019-07-22T14:07:01Z,46.39860000,13.09375000,2129.00,57.12
8420,4,2814,6722.195371842966,3571.532922297207,2019-07-22T14:07:02Z,46.39863333,13.09395000,2132.00,57.115
8421,4,2815,6723.195371842966,3572.532922297207,2019-07-22T14:07:03Z,46.39863333,13.09415000,2134.00,57.106
8422,4,2816,6724.195371842966,3573.532922297207,2019-07-22T14:07:04Z,46.39861667,13.09433333,2137.00,57.096
8423,4,2817,6725.195371842966,3574.532922297207,2019-07-22T14:07:05Z,46.39858333,13.09450000,2140.00,57.086
8424,4,2818,6726.195371842966,3575.532922297207,2019-07-22T14:07:06Z,46.39855000,13.09465000,2142.00,57.076
8425,4,2819,6727.195371842966,3576.532922297207,2019-07-22T14:07:07Z,46.39848333,13.09478333,2145.00,57.064
8426,4,2820,6728.195371842966,3577.532922297207,2019-07-22T14:07:08Z,46.39843333,13.09493333,2146.00,57.053
8427,4,2821,6729.195371842966,3578.532922297207,2019-07-22T14:07:09Z,46.39836667,13.09506667,2147.00,57.041
8428,4,2822,6730.195371842966,3579.532922297207,2019-07-22T14:07:10Z,46.39828333,13.09521667,2147.00,57.027
8429,4,2823,6731.195371842966,3580.532922297207,2019-07-22T14:07:11Z,46.39820000,13.09536667,2147.00,57.013
8430,4,2824,6732.195371842966,3581.532922297207,2019-07-22T14:07:12Z,46.39810000,13.09551667,2146.00,56.997
8431,4,2825,6733.195371842966,3582.532922297207,2019-07-22T14:07:13Z,46.39800000,13.09565000,2146.00,56.982
8432,4,2826,6734.195371842966,3583.532922297207,2019-07-22T14:07:14Z,46.39790000,13.09578333,2146.00,56.967
8433,4,2827,6735.195371842966,3584.532922297207,2019-07-22T14:07:15Z,46.39780000,13.09590000,2146.00,56.953
8434,4,2828,6736.195371842966,3585.532922297207,2019-07-22T14:07:16Z,46.39771667,13.09601667,2147.00,56.94
8435,4,2829,6737.195371842966,3586.532922297207,2019-07-22T14:07:17Z,46.39763333,13.09610000,2148.00,56.929
8436,4,2830,6738.195371842966,3587.532922297207,2019-07-22T14:07:18Z,46.39755000,13.09620000,2147.00,56.917
8437,4,2831,6739.195371842966,3588.532922297207,2019-07-22T14:07:19Z,46.39748333,13.09630000,2145.00,56.906
8438,4,2832,6740.195371842966,3589.532922297207,2019-07-22T14:07:20Z,46.39738333,13.09641667,2144.00,56.892
8439,4,2833,6741.195371842966,3590.532922297207,2019-07-22T14:07:21Z,46.39728333,13.09651667,2143.00,56.879
8440,4,2834,6742.195371842966,3591.532922297207,2019-07-22T14:07:22Z,46.39718333,13.09663333,2141.00,56.864
8441,4,2835,6743.195371842966,3592.532922297207,2019-07-22T14:07:23Z,46.39706667,13.09673333,2141.00,56.849
8442,4,2836,6744.195371842966,3593.532922297207,2019-07-22T14:07:24Z,46.39696667,13.09685000,2140.00,56.835
8443,4,2837,6745.195371842966,3594.532922297207,2019-07-22T14:07:25Z,46.39685000,13.09695000,2140.00,56.82
8444,4,2838,6746.195371842966,3595.532922297207,2019-07-22T14:07:26Z,46.39673333,13.09708333,2139.00,56.804
8445,4,2839,6747.195371842966,3596.532922297207,2019-07-22T14:07:27Z,46.39663333,13.09723333,2138.00,56.788
8446,4,2840,6748.195371842966,3597.532922297207,2019-07-22T14:07:28Z,46.39653333,13.09738333,2137.00,56.772
8447,4,2841,6749.195371842966,3598.532922297207,2019-07-22T14:07:29Z,46.39641667,13.09753333,2136.00,56.755
8448,4,2842,6750.195371842966,3599.532922297207,2019-07-22T14:07:30Z,46.39631667,13.09768333,2136.00,56.739
8449,4,2843,6751.195371842966,3600.532922297207,2019-07-22T14:07:31Z,46.39620000,13.09783333,2135.00,56.722
8450,4,2844,6752.195371842966,3601.532922297207,2019-07-22T14:07:32Z,46.39608333,13.09796667,2135.00,56.706
8451,4,2845,6753.195371842966,3602.532922297207,2019-07-22T14:07:33Z,46.39596667,13.09811667,2134.00,56.688
8452,4,2846,6754.195371842966,3603.532922297207,2019-07-22T14:07:34Z,46.39583333,13.09826667,2133.00,56.67
8453,4,2847,6755.195371842966,3604.532922297207,2019-07-22T14:07:35Z,46.39571667,13.09841667,2134.00,56.652
8454,4,2848,6756.195371842966,3605.532922297207,2019-07-22T14:07:36Z,46.39560000,13.09858333,2134.00,56.635
8455,4,2849,6757.195371842966,3606.532922297207,2019-07-22T14:07:37Z,46.39548333,13.09876667,2134.00,56.616
8456,4,2850,6758.195371842966,3607.532922297207,2019-07-22T14:07:38Z,46.39535000,13.09895000,2136.00,56.596
8457,4,2851,6759.195371842966,3608.532922297207,2019-07-22T14:07:39Z,46.39523333,13.09913333,2140.00,56.577
8458,4,2852,6760.195371842966,3609.532922297207,2019-07-22T14:07:40Z,46.39510000,13.09931667,2143.00,56.557
8459,4,2853,6761.195371842966,3610.532922297207,2019-07-22T14:07:41Z,46.39500000,13.09950000,2147.00,56.54
8460,4,2854,6762.195371842966,3611.532922297207,2019-07-22T14:07:42Z,46.39488333,13.09968333,2149.00,56.521
8461,4,2855,6763.195371842966,3612.532922297207,2019-07-22T14:07:43Z,46.39478333,13.09985000,2153.00,56.505
8462,4,2856,6764.195371842966,3613.532922297207,2019-07-22T14:07:44Z,46.39468333,13.10001667,2154.00,56.488
8463,4,2857,6765.195371842966,3614.532922297207,2019-07-22T14:07:45Z,46.39458333,13.10018333,2157.00,56.472
8464,4,2858,6766.195371842966,3615.532922297207,2019-07-22T14:07:46Z,46.39448333,13.10033333,2158.00,56.456
8465,4,2859,6767.195371842966,3616.532922297207,2019-07-22T14:07:47Z,46.39440000,13.10050000,2158.00,56.441
8466,4,2860,6768.195371842966,3617.532922297207,2019-07-22T14:07:48Z,46.39430000,13.10065000,2158.00,56.425
8467,4,2861,6769.195371842966,3618.532922297207,2019-07-22T14:07:49Z,46.39420000,13.10080000,2159.00,56.41
8468,4,2862,6770.195371842966,3619.532922297207,2019-07-22T14:07:50Z,46.39410000,13.10093333,2160.00,56.395
8469,4,2863,6771.195371842966,3620.532922297207,2019-07-22T14:07:51Z,46.39396667,13.10105000,2160.00,56.377
8470,4,2864,6772.195371842966,3621.532922297207,2019-07-22T14:07:52Z,46.39383333,13.10115000,2160.00,56.361
8471,4,2865,6773.195371842966,3622.532922297207,2019-07-22T14:07:53Z,46.39370000,13.10123333,2158.00,56.345
8472,4,2866,6774.195371842966,3623.532922297207,2019-07-22T14:07:54Z,46.39356667,13.10131667,2158.00,56.329
8473,4,2867,6775.195371842966,3624.532922297207,2019-07-22T14:07:55Z,46.39343333,13.10138333,2157.00,56.314
8474,4,2868,6776.195371842966,3625.532922297207,2019-07-22T14:07:56Z,46.39330000,13.10145000,2156.00,56.299
8475,4,2869,6777.195371842966,3626.532922297207,2019-07-22T14:07:57Z,46.39316667,13.10150000,2154.00,56.285
8476,4,2870,6778.195371842966,3627.532922297207,2019-07-22T14:07:58Z,46.39303333,13.10156667,2152.00,56.27
8477,4,2871,6779.195371842966,3628.532922297207,2019-07-22T14:07:59Z,46.39291667,13.10161667,2152.00,56.257
8478,4,2872,6780.195371842966,3629.532922297207,2019-07-22T14:08:00Z,46.39278333,13.10168333,2153.00,56.242
8479,4,2873,6781.195371842966,3630.532922297207,2019-07-22T14:08:01Z,46.39265000,13.10176667,2153.00,56.226
8480,4,2874,6782.195371842966,3631.532922297207,2019-07-22T14:08:02Z,46.39253333,13.10185000,2154.00,56.212
8481,4,2875,6783.195371842966,3632.532922297207,2019-07-22T14:08:03Z,46.39240000,13.10195000,2154.00,56.195
8482,4,2876,6784.195371842966,3633.532922297207,2019-07-22T14:08:04Z,46.39228333,13.10205000,2153.00,56.18
8483,4,2877,6785.195371842966,3634.532922297207,2019-07-22T14:08:05Z,46.39215000,13.10213333,2153.00,56.164
8484,4,2878,6786.195371842966,3635.532922297207,2019-07-22T14:08:06Z,46.39203333,13.10223333,2152.00,56.149
8485,4,2879,6787.195371842966,3636.532922297207,2019-07-22T14:08:07Z,46.39190000,13.10233333,2151.00,56.133
8486,4,2880,6788.195371842966,3637.532922297207,2019-07-22T14:08:08Z,46.39178333,13.10243333,2150.00,56.118
8487,4,2881,6789.195371842966,3638.532922297207,2019-07-22T14:08:09Z,46.39166667,13.10251667,2149.00,56.103
8488,4,2882,6790.195371842966,3639.532922297207,2019-07-22T14:08:10Z,46.39153333,13.10261667,2149.00,56.087
8489,4,2883,6791.195371842966,3640.532922297207,2019-07-22T14:08:11Z,46.39140000,13.10270000,2148.00,56.071
8490,4,2884,6792.195371842966,3641.532922297207,2019-07-22T14:08:12Z,46.39126667,13.10278333,2147.00,56.055
8491,4,2885,6793.195371842966,3642.532922297207,2019-07-22T14:08:13Z,46.39113333,13.10286667,2147.00,56.039
8492,4,2886,6794.195371842966,3643.532922297207,2019-07-22T14:08:14Z,46.39100000,13.10295000,2147.00,56.023
8493,4,2887,6795.195371842966,3644.532922297207,2019-07-22T14:08:15Z,46.39086667,13.10303333,2146.00,56.008
8494,4,2888,6796.195371842966,3645.532922297207,2019-07-22T14:08:16Z,46.39073333,13.10311667,2147.00,55.992
8495,4,2889,6797.195371842966,3646.532922297207,2019-07-22T14:08:17Z,46.39061667,13.10321667,2147.00,55.977
8496,4,2890,6798.195371842966,3647.532922297207,2019-07-22T14:08:18Z,46.39048333,13.10331667,2146.00,55.96
8497,4,2891,6799.195371842966,3648.532922297207,2019-07-22T14:08:19Z,46.39036667,13.10341667,2146.00,55.945
8498,4,2892,6800.195371842966,3649.532922297207,2019-07-22T14:08:20Z,46.39025000,13.10353333,2145.00,55.929
8499,4,2893,6801.195371842966,3650.532922297207,2019-07-22T14:08:21Z,46.39013333,13.10366667,2143.00,55.913
8500,4,2894,6802.195371842966,3651.532922297207,2019-07-22T14:08:22Z,46.39000000,13.10380000,2141.00,55.895
8501,4,2895,6803.195371842966,3652.532922297207,2019-07-22T14:08:23Z,46.38988333,13.10393333,2139.00,55.878
8502,4,2896,6804.195371842966,3653.532922297207,2019-07-22T14:08:24Z,46.38976667,13.10406667,2137.00,55.862
8503,4,2897,6805.195371842966,3654.532922297207,2019-07-22T14:08:25Z,46.38965000,13.10420000,2136.00,55.845
8504,4,2898,6806.195371842966,3655.532922297207,2019-07-22T14:08:26Z,46.38951667,13.10431667,2135.00,55.828
8505,4,2899,6807.195371842966,3656.532922297207,2019-07-22T14:08:27Z,46.38938333,13.10443333,2132.00,55.811
8506,4,2900,6808.195371842966,3657.532922297207,2019-07-22T14:08:28Z,46.38925000,13.10455000,2131.00,55.794
8507,4,2901,6809.195371842966,3658.532922297207,2019-07-22T14:08:29Z,46.38913333,13.10465000,2130.00,55.779
8508,4,2902,6810.195371842966,3659.532922297207,2019-07-22T14:08:30Z,46.38900000,13.10475000,2129.00,55.762
8509,4,2903,6811.195371842966,3660.532922297207,2019-07-22T14:08:31Z,46.38888333,13.10485000,2127.00,55.747
8510,4,2904,6812.195371842966,3661.532922297207,2019-07-22T14:08:32Z,46.38876667,13.10496667,2125.00,55.731
8511,4,2905,6813.195371842966,3662.532922297207,2019-07-22T14:08:33Z,46.38863333,13.10508333,2123.00,55.714
8512,4,2906,6814.195371842966,3663.532922297207,2019-07-22T14:08:34Z,46.38851667,13.10520000,2122.00,55.698
8513,4,2907,6815.195371842966,3664.532922297207,2019-07-22T14:08:35Z,46.38840000,13.10533333,2120.00,55.682
8514,4,2908,6816.195371842966,3665.532922297207,2019-07-22T14:08:36Z,46.38828333,13.10546667,2119.00,55.665
8515,4,2909,6817.195371842966,3666.532922297207,2019-07-22T14:08:37Z,46.38816667,13.10560000,2118.00,55.649
8516,4,2910,6818.195371842966,3667.532922297207,2019-07-22T14:08:38Z,46.38805000,13.10573333,2117.00,55.632
8517,4,2911,6819.195371842966,3668.532922297207,2019-07-22T14:08:39Z,46.38793333,13.10586667,2115.00,55.616
8518,4,2912,6820.195371842966,3669.532922297207,2019-07-22T14:08:40Z,46.38780000,13.10598333,2115.00,55.598
8519,4,2913,6821.195371842966,3670.532922297207,2019-07-22T14:08:41Z,46.38768333,13.10611667,2115.00,55.582
8520,4,2914,6822.195371842966,3671.532922297207,2019-07-22T14:08:42Z,46.38755000,13.10623333,2114.00,55.565
8521,4,2915,6823.195371842966,3672.532922297207,2019-07-22T14:08:43Z,46.38743333,13.10636667,2112.00,55.548
8522,4,2916,6824.195371842966,3673.532922297207,2019-07-22T14:08:44Z,46.38730000,13.10651667,2110.00,55.529
8523,4,2917,6825.195371842966,3674.532922297207,2019-07-22T14:08:45Z,46.38718333,13.10666667,2109.00,55.512
8524,4,2918,6826.195371842966,3675.532922297207,2019-07-22T14:08:46Z,46.38705000,13.10681667,2109.00,55.494
8525,4,2919,6827.195371842966,3676.532922297207,2019-07-22T14:08:47Z,46.38693333,13.10696667,2108.00,55.476
8526,4,2920,6828.195371842966,3677.532922297207,2019-07-22T14:08:48Z,46.38681667,13.10711667,2106.00,55.459
8527,4,2921,6829.195371842966,3678.532922297207,2019-07-22T14:08:49Z,46.38668333,13.10726667,2105.00,55.44
8528,4,2922,6830.195371842966,3679.532922297207,2019-07-22T14:08:50Z,46.38656667,13.10741667,2103.00,55.423
8529,4,2923,6831.195371842966,3680.532922297207,2019-07-22T14:08:51Z,46.38645000,13.10755000,2102.00,55.407
8530,4,2924,6832.195371842966,3681.532922297207,2019-07-22T14:08:52Z,46.38633333,13.10768333,2101.00,55.39
8531,4,2925,6833.195371842966,3682.532922297207,2019-07-22T14:08:53Z,46.38621667,13.10783333,2100.00,55.373
8532,4,2926,6834.195371842966,3683.532922297207,2019-07-22T14:08:54Z,46.38608333,13.10796667,2099.00,55.355
8533,4,2927,6835.195371842966,3684.532922297207,2019-07-22T14:08:55Z,46.38596667,13.10811667,2098.00,55.338
8534,4,2928,6836.195371842966,3685.532922297207,2019-07-22T14:08:56Z,46.38585000,13.10825000,2097.00,55.321
8535,4,2929,6837.195371842966,3686.532922297207,2019-07-22T14:08:57Z,46.38571667,13.10840000,2095.00,55.302
8536,4,2930,6838.195371842966,3687.532922297207,2019-07-22T14:08:58Z,46.38560000,13.10856667,2092.00,55.284
8537,4,2931,6839.195371842966,3688.532922297207,2019-07-22T14:08:59Z,46.38550000,13.10873333,2091.00,55.268
8538,4,2932,6840.195371842966,3689.532922297207,2019-07-22T14:09:00Z,46.38538333,13.10891667,2088.00,55.249
8539,4,2933,6841.195371842966,3690.532922297207,2019-07-22T14:09:01Z,46.38528333,13.10910000,2086.00,55.232
8540,4,2934,6842.195371842966,3691.532922297207,2019-07-22T14:09:02Z,46.38518333,13.10926667,2085.00,55.216
8541,4,2935,6843.195371842966,3692.532922297207,2019-07-22T14:09:03Z,46.38508333,13.10945000,2086.00,55.199
8542,4,2936,6844.195371842966,3693.532922297207,2019-07-22T14:09:04Z,46.38498333,13.10963333,2085.00,55.181
8543,4,2937,6845.195371842966,3694.532922297207,2019-07-22T14:09:05Z,46.38486667,13.10981667,2083.00,55.163
8544,4,2938,6846.195371842966,3695.532922297207,2019-07-22T14:09:06Z,46.38476667,13.11000000,2083.00,55.146
8545,4,2939,6847.195371842966,3696.532922297207,2019-07-22T14:09:07Z,46.38466667,13.11018333,2082.00,55.128
8546,4,2940,6848.195371842966,3697.532922297207,2019-07-22T14:09:08Z,46.38455000,13.11036667,2080.00,55.11
8547,4,2941,6849.195371842966,3698.532922297207,2019-07-22T14:09:09Z,46.38445000,13.11055000,2080.00,55.093
8548,4,2942,6850.195371842966,3699.532922297207,2019-07-22T14:09:10Z,46.38435000,13.11073333,2079.00,55.075
8549,4,2943,6851.195371842966,3700.532922297207,2019-07-22T14:09:11Z,46.38425000,13.11093333,2077.00,55.058
8550,4,2944,6852.195371842966,3701.532922297207,2019-07-22T14:09:12Z,46.38413333,13.11111667,2076.00,55.039
8551,4,2945,6853.195371842966,3702.532922297207,2019-07-22T14:09:13Z,46.38401667,13.11130000,2074.00,55.02
8552,4,2946,6854.195371842966,3703.532922297207,2019-07-22T14:09:14Z,46.38390000,13.11146667,2074.00,55.002
8553,4,2947,6855.195371842966,3704.532922297207,2019-07-22T14:09:15Z,46.38378333,13.11165000,2073.00,54.984
8554,4,2948,6856.195371842966,3705.532922297207,2019-07-22T14:09:16Z,46.38366667,13.11180000,2071.00,54.966
8555,4,2949,6857.195371842966,3706.532922297207,2019-07-22T14:09:17Z,46.38353333,13.11196667,2069.00,54.947
8556,4,2950,6858.195371842966,3707.532922297207,2019-07-22T14:09:18Z,46.38341667,13.11213333,2066.00,54.929
8557,4,2951,6859.195371842966,3708.532922297207,2019-07-22T14:09:19Z,46.38328333,13.11228333,2063.00,54.91
8558,4,2952,6860.195371842966,3709.532922297207,2019-07-22T14:09:20Z,46.38316667,13.11243333,2060.00,54.893
8559,4,2953,6861.195371842966,3710.532922297207,2019-07-22T14:09:21Z,46.38303333,13.11260000,2059.00,54.874
8560,4,2954,6862.195371842966,3711.532922297207,2019-07-22T14:09:22Z,46.38291667,13.11276667,2058.00,54.856
8561,4,2955,6863.195371842966,3712.532922297207,2019-07-22T14:09:23Z,46.38278333,13.11293333,2058.00,54.836
8562,4,2956,6864.195371842966,3713.532922297207,2019-07-22T14:09:24Z,46.38265000,13.11308333,2055.00,54.817
8563,4,2957,6865.195371842966,3714.532922297207,2019-07-22T14:09:25Z,46.38251667,13.11323333,2053.00,54.799
8564,4,2958,6866.195371842966,3715.532922297207,2019-07-22T14:09:26Z,46.38238333,13.11338333,2051.00,54.78
8565,4,2959,6867.195371842966,3716.532922297207,2019-07-22T14:09:27Z,46.38226667,13.11355000,2049.00,54.762
8566,4,2960,6868.195371842966,3717.532922297207,2019-07-22T14:09:28Z,46.38213333,13.11370000,2048.00,54.743
8567,4,2961,6869.195371842966,3718.532922297207,2019-07-22T14:09:29Z,46.38200000,13.11385000,2047.00,54.725
8568,4,2962,6870.195371842966,3719.532922297207,2019-07-22T14:09:30Z,46.38188333,13.11400000,2045.00,54.707
8569,4,2963,6871.195371842966,3720.532922297207,2019-07-22T14:09:31Z,46.38175000,13.11415000,2042.00,54.689
8570,4,2964,6872.195371842966,3721.532922297207,2019-07-22T14:09:32Z,46.38161667,13.11431667,2041.00,54.669
8571,4,2965,6873.195371842966,3722.532922297207,2019-07-22T14:09:33Z,46.38148333,13.11448333,2039.00,54.65
8572,4,2966,6874.195371842966,3723.532922297207,2019-07-22T14:09:34Z,46.38135000,13.11463333,2037.00,54.631
8573,4,2967,6875.195371842966,3724.532922297207,2019-07-22T14:09:35Z,46.38121667,13.11480000,2035.00,54.611
8574,4,2968,6876.195371842966,3725.532922297207,2019-07-22T14:09:36Z,46.38108333,13.11496667,2032.00,54.592
8575,4,2969,6877.195371842966,3726.532922297207,2019-07-22T14:09:37Z,46.38096667,13.11513333,2029.00,54.574
8576,4,2970,6878.195371842966,3727.532922297207,2019-07-22T14:09:38Z,46.38083333,13.11530000,2029.00,54.555
8577,4,2971,6879.195371842966,3728.532922297207,2019-07-22T14:09:39Z,46.38071667,13.11546667,2029.00,54.537
8578,4,2972,6880.195371842966,3729.532922297207,2019-07-22T14:09:40Z,46.38058333,13.11561667,2027.00,54.518
8579,4,2973,6881.195371842966,3730.532922297207,2019-07-22T14:09:41Z,46.38045000,13.11576667,2026.00,54.499
8580,4,2974,6882.195371842966,3731.532922297207,2019-07-22T14:09:42Z,46.38033333,13.11593333,2025.00,54.481
8581,4,2975,6883.195371842966,3732.532922297207,2019-07-22T14:09:43Z,46.38020000,13.11608333,2024.00,54.462
8582,4,2976,6884.195371842966,3733.532922297207,2019-07-22T14:09:44Z,46.38008333,13.11623333,2021.00,54.445
8583,4,2977,6885.195371842966,3734.532922297207,2019-07-22T14:09:45Z,46.37996667,13.11638333,2019.00,54.428
8584,4,2978,6886.195371842966,3735.532922297207,2019-07-22T14:09:46Z,46.37983333,13.11655000,2017.00,54.409
8585,4,2979,6887.195371842966,3736.532922297207,2019-07-22T14:09:47Z,46.37970000,13.11670000,2014.00,54.39
8586,4,2980,6888.195371842966,3737.532922297207,2019-07-22T14:09:48Z,46.37956667,13.11686667,2013.00,54.37
8587,4,2981,6889.195371842966,3738.532922297207,2019-07-22T14:09:49Z,46.37945000,13.11701667,2011.00,54.353
8588,4,2982,6890.195371842966,3739.532922297207,2019-07-22T14:09:50Z,46.37931667,13.11718333,2010.00,54.334
8589,4,2983,6891.195371842966,3740.532922297207,2019-07-22T14:09:51Z,46.37918333,13.11733333,2009.00,54.315
8590,4,2984,6892.195371842966,3741.532922297207,2019-07-22T14:09:52Z,46.37905000,13.11750000,2006.00,54.296
8591,4,2985,6893.195371842966,3742.532922297207,2019-07-22T14:09:53Z,46.37891667,13.11765000,2003.00,54.277
8592,4,2986,6894.195371842966,3743.532922297207,2019-07-22T14:09:54Z,46.37880000,13.11781667,2002.00,54.259
8593,4,2987,6895.195371842966,3744.532922297207,2019-07-22T14:09:55Z,46.37868333,13.11800000,2001.00,54.24
8594,4,2988,6896.195371842966,3745.532922297207,2019-07-22T14:09:56Z,46.37856667,13.11816667,1999.00,54.222
8595,4,2989,6897.195371842966,3746.532922297207,2019-07-22T14:09:57Z,46.37843333,13.11833333,1996.00,54.203
8596,4,2990,6898.195371842966,3747.532922297207,2019-07-22T14:09:58Z,46.37831667,13.11851667,1995.00,54.184
8597,4,2991,6899.195371842966,3748.532922297207,2019-07-22T14:09:59Z,46.37820000,13.11868333,1993.00,54.166
8598,4,2992,6900.195371842966,3749.532922297207,2019-07-22T14:10:00Z,46.37808333,13.11885000,1993.00,54.148
8599,4,2993,6901.195371842966,3750.532922297207,2019-07-22T14:10:01Z,46.37795000,13.11901667,1991.00,54.129
8600,4,2994,6902.195371842966,3751.532922297207,2019-07-22T14:10:02Z,46.37783333,13.11918333,1990.00,54.111
8601,4,2995,6903.195371842966,3752.532922297207,2019-07-22T14:10:03Z,46.37771667,13.11935000,1989.00,54.093
8602,4,2996,6904.195371842966,3753.532922297207,2019-07-22T14:10:04Z,46.37758333,13.11950000,1987.00,54.074
8603,4,2997,6905.195371842966,3754.532922297207,2019-07-22T14:10:05Z,46.37746667,13.11965000,1985.00,54.057
8604,4,2998,6906.195371842966,3755.532922297207,2019-07-22T14:10:06Z,46.37736667,13.11981667,1982.00,54.041
8605,4,2999,6907.195371842966,3756.532922297207,2019-07-22T14:10:07Z,46.37723333,13.11998333,1980.00,54.021
8606,4,3000,6908.195371842966,3757.532922297207,2019-07-22T14:10:08Z,46.37711667,13.12015000,1978.00,54.003
8607,4,3001,6909.195371842966,3758.532922297207,2019-07-22T14:10:09Z,46.37700000,13.12031667,1976.00,53.985
8608,4,3002,6910.195371842966,3759.532922297207,2019-07-22T14:10:10Z,46.37688333,13.12048333,1974.00,53.967
8609,4,3003,6911.195371842966,3760.532922297207,2019-07-22T14:10:11Z,46.37676667,13.12066667,1972.00,53.949
8610,4,3004,6912.195371842966,3761.532922297207,2019-07-22T14:10:12Z,46.37665000,13.12083333,1970.00,53.931
8611,4,3005,6913.195371842966,3762.532922297207,2019-07-22T14:10:13Z,46.37653333,13.12101667,1969.00,53.912
8612,4,3006,6914.195371842966,3763.532922297207,2019-07-22T14:10:14Z,46.37641667,13.12120000,1967.00,53.893
8613,4,3007,6915.195371842966,3764.532922297207,2019-07-22T14:10:15Z,46.37630000,13.12136667,1965.00,53.875
8614,4,3008,6916.195371842966,3765.532922297207,2019-07-22T14:10:16Z,46.37618333,13.12155000,1963.00,53.857
8615,4,3009,6917.195371842966,3766.532922297207,2019-07-22T14:10:17Z,46.37606667,13.12173333,1961.00,53.838
8616,4,3010,6918.195371842966,3767.532922297207,2019-07-22T14:10:18Z,46.37595000,13.12191667,1959.00,53.82
8617,4,3011,6919.195371842966,3768.532922297207,2019-07-22T14:10:19Z,46.37585000,13.12210000,1958.00,53.802
8618,4,3012,6920.195371842966,3769.532922297207,2019-07-22T14:10:20Z,46.37573333,13.12228333,1957.00,53.784
8619,4,3013,6921.195371842966,3770.532922297207,2019-07-22T14:10:21Z,46.37561667,13.12246667,1954.00,53.765
8620,4,3014,6922.195371842966,3771.532922297207,2019-07-22T14:10:22Z,46.37550000,13.12265000,1952.00,53.746
8621,4,3015,6923.195371842966,3772.532922297207,2019-07-22T14:10:23Z,46.37538333,13.12283333,1951.00,53.728
8622,4,3016,6924.195371842966,3773.532922297207,2019-07-22T14:10:24Z,46.37526667,13.12301667,1950.00,53.709
8623,4,3017,6925.195371842966,3774.532922297207,2019-07-22T14:10:25Z,46.37515000,13.12318333,1949.00,53.691
8624,4,3018,6926.195371842966,3775.532922297207,2019-07-22T14:10:26Z,46.37503333,13.12336667,1947.00,53.673
8625,4,3019,6927.195371842966,3776.532922297207,2019-07-22T14:10:27Z,46.37491667,13.12355000,1946.00,53.654
8626,4,3020,6928.195371842966,3777.532922297207,2019-07-22T14:10:28Z,46.37480000,13.12371667,1945.00,53.636
8627,4,3021,6929.195371842966,3778.532922297207,2019-07-22T14:10:29Z,46.37470000,13.12390000,1942.00,53.619
8628,4,3022,6930.195371842966,3779.532922297207,2019-07-22T14:10:30Z,46.37458333,13.12408333,1940.00,53.6
8629,4,3023,6931.195371842966,3780.532922297207,2019-07-22T14:10:31Z,46.37445000,13.12426667,1940.00,53.58
8630,4,3024,6932.195371842966,3781.532922297207,2019-07-22T14:10:32Z,46.37433333,13.12445000,1938.00,53.561
8631,4,3025,6933.195371842966,3782.532922297207,2019-07-22T14:10:33Z,46.37421667,13.12463333,1937.00,53.543
8632,4,3026,6934.195371842966,3783.532922297207,2019-07-22T14:10:34Z,46.37408333,13.12480000,1935.00,53.523
8633,4,3027,6935.195371842966,3784.532922297207,2019-07-22T14:10:35Z,46.37396667,13.12498333,1933.00,53.505
8634,4,3028,6936.195371842966,3785.532922297207,2019-07-22T14:10:36Z,46.37385000,13.12516667,1932.00,53.486
8635,4,3029,6937.195371842966,3786.532922297207,2019-07-22T14:10:37Z,46.37373333,13.12533333,1931.00,53.468
8636,4,3030,6938.195371842966,3787.532922297207,2019-07-22T14:10:38Z,46.37361667,13.12551667,1930.00,53.449
8637,4,3031,6939.195371842966,3788.532922297207,2019-07-22T14:10:39Z,46.37350000,13.12570000,1927.00,53.431
8638,4,3032,6940.195371842966,3789.532922297207,2019-07-22T14:10:40Z,46.37338333,13.12590000,1924.00,53.412
8639,4,3033,6941.195371842966,3790.532922297207,2019-07-22T14:10:41Z,46.37326667,13.12608333,1922.00,53.393
8640,4,3034,6942.195371842966,3791.532922297207,2019-07-22T14:10:42Z,46.37315000,13.12628333,1920.00,53.374
8641,4,3035,6943.195371842966,3792.532922297207,2019-07-22T14:10:43Z,46.37303333,13.12648333,1919.00,53.354
8642,4,3036,6944.195371842966,3793.532922297207,2019-07-22T14:10:44Z,46.37291667,13.12666667,1917.00,53.335
8643,4,3037,6945.195371842966,3794.532922297207,2019-07-22T14:10:45Z,46.37278333,13.12683333,1916.00,53.316
8644,4,3038,6946.195371842966,3795.532922297207,2019-07-22T14:10:46Z,46.37266667,13.12701667,1915.00,53.297
8645,4,3039,6947.195371842966,3796.532922297207,2019-07-22T14:10:47Z,46.37255000,13.12718333,1913.00,53.279
8646,4,3040,6948.195371842966,3797.532922297207,2019-07-22T14:10:48Z,46.37243333,13.12736667,1911.00,53.261
8647,4,3041,6949.195371842966,3798.532922297207,2019-07-22T14:10:49Z,46.37230000,13.12753333,1909.00,53.241
8648,4,3042,6950.195371842966,3799.532922297207,2019-07-22T14:10:50Z,46.37218333,13.12771667,1907.00,53.222
8649,4,3043,6951.195371842966,3800.532922297207,2019-07-22T14:10:51Z,46.37206667,13.12790000,1904.00,53.204
8650,4,3044,6952.195371842966,3801.532922297207,2019-07-22T14:10:52Z,46.37195000,13.12808333,1902.00,53.185
8651,4,3045,6953.195371842966,3802.532922297207,2019-07-22T14:10:53Z,46.37183333,13.12826667,1900.00,53.166
8652,4,3046,6954.195371842966,3803.532922297207,2019-07-22T14:10:54Z,46.37171667,13.12845000,1898.00,53.147
8653,4,3047,6955.195371842966,3804.532922297207,2019-07-22T14:10:55Z,46.37161667,13.12863333,1896.00,53.13
8654,4,3048,6956.195371842966,3805.532922297207,2019-07-22T14:10:56Z,46.37150000,13.12883333,1894.00,53.111
8655,4,3049,6957.195371842966,3806.532922297207,2019-07-22T14:10:57Z,46.37140000,13.12901667,1893.00,53.094
8656,4,3050,6958.195371842966,3807.532922297207,2019-07-22T14:10:58Z,46.37128333,13.12921667,1892.00,53.074
8657,4,3051,6959.195371842966,3808.532922297207,2019-07-22T14:10:59Z,46.37118333,13.12940000,1891.00,53.057
8658,4,3052,6960.195371842966,3809.532922297207,2019-07-22T14:11:00Z,46.37108333,13.12958333,1890.00,53.04
8659,4,3053,6961.195371842966,3810.532922297207,2019-07-22T14:11:01Z,46.37098333,13.12976667,1888.00,53.022
8660,4,3054,6962.195371842966,3811.532922297207,2019-07-22T14:11:02Z,46.37088333,13.12993333,1887.00,53.006
8661,4,3055,6963.195371842966,3812.532922297207,2019-07-22T14:11:03Z,46.37078333,13.13011667,1886.00,52.989
8662,4,3056,6964.195371842966,3813.532922297207,2019-07-22T14:11:04Z,46.37066667,13.13030000,1886.00,52.97
8663,4,3057,6965.195371842966,3814.532922297207,2019-07-22T14:11:05Z,46.37056667,13.13048333,1885.00,52.953
8664,4,3058,6966.195371842966,3815.532922297207,2019-07-22T14:11:06Z,46.37046667,13.13066667,1882.00,52.936
8665,4,3059,6967.195371842966,3816.532922297207,2019-07-22T14:11:07Z,46.37036667,13.13085000,1880.00,52.918
8666,4,3060,6968.195371842966,3817.532922297207,2019-07-22T14:11:08Z,46.37026667,13.13103333,1879.00,52.901
8667,4,3061,6969.195371842966,3818.532922297207,2019-07-22T14:11:09Z,46.37016667,13.13123333,1877.00,52.883
8668,4,3062,6970.195371842966,3819.532922297207,2019-07-22T14:11:10Z,46.37008333,13.13143333,1875.00,52.867
8669,4,3063,6971.195371842966,3820.532922297207,2019-07-22T14:11:11Z,46.37000000,13.13163333,1873.00,52.85
8670,4,3064,6972.195371842966,3821.532922297207,2019-07-22T14:11:12Z,46.36991667,13.13183333,1872.00,52.834
8671,4,3065,6973.195371842966,3822.532922297207,2019-07-22T14:11:13Z,46.36983333,13.13203333,1871.00,52.818
8672,4,3066,6974.195371842966,3823.532922297207,2019-07-22T14:11:14Z,46.36975000,13.13225000,1871.00,52.8
8673,4,3067,6975.195371842966,3824.532922297207,2019-07-22T14:11:15Z,46.36966667,13.13245000,1870.00,52.784
8674,4,3068,6976.195371842966,3825.532922297207,2019-07-22T14:11:16Z,46.36958333,13.13265000,1869.00,52.768
8675,4,3069,6977.195371842966,3826.532922297207,2019-07-22T14:11:17Z,46.36950000,13.13283333,1868.00,52.752
8676,4,3070,6978.195371842966,3827.532922297207,2019-07-22T14:11:18Z,46.36941667,13.13303333,1868.00,52.736
8677,4,3071,6979.195371842966,3828.532922297207,2019-07-22T14:11:19Z,46.36933333,13.13323333,1867.00,52.719
8678,4,3072,6980.195371842966,3829.532922297207,2019-07-22T14:11:20Z,46.36925000,13.13343333,1866.00,52.703
8679,4,3073,6981.195371842966,3830.532922297207,2019-07-22T14:11:21Z,46.36916667,13.13363333,1865.00,52.686
8680,4,3074,6982.195371842966,3831.532922297207,2019-07-22T14:11:22Z,46.36906667,13.13381667,1865.00,52.669
8681,4,3075,6983.195371842966,3832.532922297207,2019-07-22T14:11:23Z,46.36896667,13.13401667,1864.00,52.651
8682,4,3076,6984.195371842966,3833.532922297207,2019-07-22T14:11:24Z,46.36886667,13.13421667,1862.00,52.633
8683,4,3077,6985.195371842966,3834.532922297207,2019-07-22T14:11:25Z,46.36878333,13.13440000,1861.00,52.618
8684,4,3078,6986.195371842966,3835.532922297207,2019-07-22T14:11:26Z,46.36868333,13.13458333,1860.00,52.601
8685,4,3079,6987.195371842966,3836.532922297207,2019-07-22T14:11:27Z,46.36858333,13.13476667,1860.00,52.583
8686,4,3080,6988.195371842966,3837.532922297207,2019-07-22T14:11:28Z,46.36848333,13.13495000,1859.00,52.566
8687,4,3081,6989.195371842966,3838.532922297207,2019-07-22T14:11:29Z,46.36838333,13.13513333,1858.00,52.549
8688,4,3082,6990.195371842966,3839.532922297207,2019-07-22T14:11:30Z,46.36828333,13.13531667,1857.00,52.532
8689,4,3083,6991.195371842966,3840.532922297207,2019-07-22T14:11:31Z,46.36820000,13.13551667,1856.00,52.515
8690,4,3084,6992.195371842966,3841.532922297207,2019-07-22T14:11:32Z,46.36810000,13.13570000,1855.00,52.498
8691,4,3085,6993.195371842966,3842.532922297207,2019-07-22T14:11:33Z,46.36800000,13.13588333,1854.00,52.481
8692,4,3086,6994.195371842966,3843.532922297207,2019-07-22T14:11:34Z,46.36791667,13.13608333,1851.00,52.465
8693,4,3087,6995.195371842966,3844.532922297207,2019-07-22T14:11:35Z,46.36781667,13.13626667,1849.00,52.448
8694,4,3088,6996.195371842966,3845.532922297207,2019-07-22T14:11:36Z,46.36771667,13.13645000,1847.00,52.43
8695,4,3089,6997.195371842966,3846.532922297207,2019-07-22T14:11:37Z,46.36761667,13.13665000,1846.00,52.412
8696,4,3090,6998.195371842966,3847.532922297207,2019-07-22T14:11:38Z,46.36753333,13.13683333,1844.00,52.397
8697,4,3091,6999.195371842966,3848.532922297207,2019-07-22T14:11:39Z,46.36743333,13.13701667,1844.00,52.38
8698,4,3092,7000.195371842966,3849.532922297207,2019-07-22T14:11:40Z,46.36733333,13.13720000,1842.00,52.362
8699,4,3093,7001.195371842966,3850.532922297207,2019-07-22T14:11:41Z,46.36721667,13.13738333,1840.00,52.344
8700,4,3094,7002.195371842966,3851.532922297207,2019-07-22T14:11:42Z,46.36711667,13.13756667,1838.00,52.327
8701,4,3095,7003.195371842966,3852.532922297207,2019-07-22T14:11:43Z,46.36701667,13.13775000,1836.00,52.309
8702,4,3096,7004.195371842966,3853.532922297207,2019-07-22T14:11:44Z,46.36690000,13.13791667,1835.00,52.292
8703,4,3097,7005.195371842966,3854.532922297207,2019-07-22T14:11:45Z,46.36680000,13.13810000,1834.00,52.274
8704,4,3098,7006.195371842966,3855.532922297207,2019-07-22T14:11:46Z,46.36670000,13.13826667,1832.00,52.258
8705,4,3099,7007.195371842966,3856.532922297207,2019-07-22T14:11:47Z,46.36660000,13.13845000,1830.00,52.241
8706,4,3100,7008.195371842966,3857.532922297207,2019-07-22T14:11:48Z,46.36650000,13.13861667,1828.00,52.224
8707,4,3101,7009.195371842966,3858.532922297207,2019-07-22T14:11:49Z,46.36640000,13.13880000,1826.00,52.207
8708,4,3102,7010.195371842966,3859.532922297207,2019-07-22T14:11:50Z,46.36630000,13.13898333,1825.00,52.19
8709,4,3103,7011.195371842966,3860.532922297207,2019-07-22T14:11:51Z,46.36620000,13.13916667,1823.00,52.173
8710,4,3104,7012.195371842966,3861.532922297207,2019-07-22T14:11:52Z,46.36610000,13.13933333,1822.00,52.156
8711,4,3105,7013.195371842966,3862.532922297207,2019-07-22T14:11:53Z,46.36600000,13.13951667,1821.00,52.139
8712,4,3106,7014.195371842966,3863.532922297207,2019-07-22T14:11:54Z,46.36591667,13.13970000,1820.00,52.124
8713,4,3107,7015.195371842966,3864.532922297207,2019-07-22T14:11:55Z,46.36581667,13.13986667,1820.00,52.107
8714,4,3108,7016.195371842966,3865.532922297207,2019-07-22T14:11:56Z,46.36573333,13.14003333,1820.00,52.092
8715,4,3109,7017.195371842966,3866.532922297207,2019-07-22T14:11:57Z,46.36563333,13.14020000,1819.00,52.076
8716,4,3110,7018.195371842966,3867.532922297207,2019-07-22T14:11:58Z,46.36551667,13.14035000,1818.00,52.059
8717,4,3111,7019.195371842966,3868.532922297207,2019-07-22T14:11:59Z,46.36541667,13.14050000,1816.00,52.043
8718,4,3112,7020.195371842966,3869.532922297207,2019-07-22T14:12:00Z,46.36531667,13.14066667,1814.00,52.027
8719,4,3113,7021.195371842966,3870.532922297207,2019-07-22T14:12:01Z,46.36520000,13.14081667,1812.00,52.009
8720,4,3114,7022.195371842966,3871.532922297207,2019-07-22T14:12:02Z,46.36510000,13.14098333,1811.00,51.993
8721,4,3115,7023.195371842966,3872.532922297207,2019-07-22T14:12:03Z,46.36500000,13.14113333,1811.00,51.977
8722,4,3116,7024.195371842966,3873.532922297207,2019-07-22T14:12:04Z,46.36488333,13.14128333,1809.00,51.96
8723,4,3117,7025.195371842966,3874.532922297207,2019-07-22T14:12:05Z,46.36478333,13.14143333,1808.00,51.944
8724,4,3118,7026.195371842966,3875.532922297207,2019-07-22T14:12:06Z,46.36468333,13.14156667,1807.00,51.929
8725,4,3119,7027.195371842966,3876.532922297207,2019-07-22T14:12:07Z,46.36456667,13.14171667,1805.00,51.912
8726,4,3120,7028.195371842966,3877.532922297207,2019-07-22T14:12:08Z,46.36446667,13.14186667,1802.00,51.896
8727,4,3121,7029.195371842966,3878.532922297207,2019-07-22T14:12:09Z,46.36436667,13.14200000,1800.00,51.882
8728,4,3122,7030.195371842966,3879.532922297207,2019-07-22T14:12:10Z,46.36426667,13.14216667,1798.00,51.865
8729,4,3123,7031.195371842966,3880.532922297207,2019-07-22T14:12:11Z,46.36416667,13.14231667,1797.00,51.849
8730,4,3124,7032.195371842966,3881.532922297207,2019-07-22T14:12:12Z,46.36406667,13.14248333,1796.00,51.833
8731,4,3125,7033.195371842966,3882.532922297207,2019-07-22T14:12:13Z,46.36396667,13.14265000,1794.00,51.817
8732,4,3126,7034.195371842966,3883.532922297207,2019-07-22T14:12:14Z,46.36386667,13.14281667,1792.00,51.8
8733,4,3127,7035.195371842966,3884.532922297207,2019-07-22T14:12:15Z,46.36376667,13.14296667,1790.00,51.784
8734,4,3128,7036.195371842966,3885.532922297207,2019-07-22T14:12:16Z,46.36368333,13.14313333,1788.00,51.77
8735,4,3129,7037.195371842966,3886.532922297207,2019-07-22T14:12:17Z,46.36360000,13.14330000,1787.00,51.755
8736,4,3130,7038.195371842966,3887.532922297207,2019-07-22T14:12:18Z,46.36351667,13.14345000,1786.00,51.741
8737,4,3131,7039.195371842966,3888.532922297207,2019-07-22T14:12:19Z,46.36343333,13.14361667,1783.00,51.726
8738,4,3132,7040.195371842966,3889.532922297207,2019-07-22T14:12:20Z,46.36335000,13.14378333,1781.00,51.711
8739,4,3133,7041.195371842966,3890.532922297207,2019-07-22T14:12:21Z,46.36328333,13.14395000,1779.00,51.697
8740,4,3134,7042.195371842966,3891.532922297207,2019-07-22T14:12:22Z,46.36318333,13.14410000,1777.00,51.682
8741,4,3135,7043.195371842966,3892.532922297207,2019-07-22T14:12:23Z,46.36310000,13.14425000,1775.00,51.668
8742,4,3136,7044.195371842966,3893.532922297207,2019-07-22T14:12:24Z,46.36301667,13.14438333,1775.00,51.654
8743,4,3137,7045.195371842966,3894.532922297207,2019-07-22T14:12:25Z,46.36291667,13.14453333,1773.00,51.638
8744,4,3138,7046.195371842966,3895.532922297207,2019-07-22T14:12:26Z,46.36283333,13.14466667,1771.00,51.625
8745,4,3139,7047.195371842966,3896.532922297207,2019-07-22T14:12:27Z,46.36273333,13.14480000,1769.00,51.61
8746,4,3140,7048.195371842966,3897.532922297207,2019-07-22T14:12:28Z,46.36265000,13.14495000,1767.00,51.596
8747,4,3141,7049.195371842966,3898.532922297207,2019-07-22T14:12:29Z,46.36256667,13.14508333,1766.00,51.583
8748,4,3142,7050.195371842966,3899.532922297207,2019-07-22T14:12:30Z,46.36248333,13.14521667,1764.00,51.569
8749,4,3143,7051.195371842966,3900.532922297207,2019-07-22T14:12:31Z,46.36241667,13.14535000,1762.00,51.557
8750,4,3144,7052.195371842966,3901.532922297207,2019-07-22T14:12:32Z,46.36233333,13.14550000,1762.00,51.543
8751,4,3145,7053.195371842966,3902.532922297207,2019-07-22T14:12:33Z,46.36225000,13.14563333,1761.00,51.53
8752,4,3146,7054.195371842966,3903.532922297207,2019-07-22T14:12:34Z,46.36215000,13.14576667,1759.00,51.515
8753,4,3147,7055.195371842966,3904.532922297207,2019-07-22T14:12:35Z,46.36206667,13.14590000,1758.00,51.501
8754,4,3148,7056.195371842966,3905.532922297207,2019-07-22T14:12:36Z,46.36196667,13.14605000,1756.00,51.486
8755,4,3149,7057.195371842966,3906.532922297207,2019-07-22T14:12:37Z,46.36188333,13.14618333,1754.00,51.472
8756,4,3150,7058.195371842966,3907.532922297207,2019-07-22T14:12:38Z,46.36178333,13.14631667,1752.00,51.457
8757,4,3151,7059.195371842966,3908.532922297207,2019-07-22T14:12:39Z,46.36168333,13.14645000,1750.00,51.442
8758,4,3152,7060.195371842966,3909.532922297207,2019-07-22T14:12:40Z,46.36160000,13.14658333,1750.00,51.429
8759,4,3153,7061.195371842966,3910.532922297207,2019-07-22T14:12:41Z,46.36150000,13.14671667,1750.00,51.414
8760,4,3154,7062.195371842966,3911.532922297207,2019-07-22T14:12:42Z,46.36141667,13.14685000,1750.00,51.4
8761,4,3155,7063.195371842966,3912.532922297207,2019-07-22T14:12:43Z,46.36131667,13.14698333,1749.00,51.385
8762,4,3156,7064.195371842966,3913.532922297207,2019-07-22T14:12:44Z,46.36121667,13.14711667,1747.00,51.37
8763,4,3157,7065.195371842966,3914.532922297207,2019-07-22T14:12:45Z,46.36111667,13.14723333,1745.00,51.356
8764,4,3158,7066.195371842966,3915.532922297207,2019-07-22T14:12:46Z,46.36101667,13.14736667,1744.00,51.341
8765,4,3159,7067.195371842966,3916.532922297207,2019-07-22T14:12:47Z,46.36093333,13.14750000,1743.00,51.328
8766,4,3160,7068.195371842966,3917.532922297207,2019-07-22T14:12:48Z,46.36083333,13.14761667,1742.00,51.314
8767,4,3161,7069.195371842966,3918.532922297207,2019-07-22T14:12:49Z,46.36076667,13.14775000,1742.00,51.302
8768,4,3162,7070.195371842966,3919.532922297207,2019-07-22T14:12:50Z,46.36068333,13.14786667,1740.00,51.289
8769,4,3163,7071.195371842966,3920.532922297207,2019-07-22T14:12:51Z,46.36060000,13.14800000,1740.00,51.276
8770,4,3164,7072.195371842966,3921.532922297207,2019-07-22T14:12:52Z,46.36050000,13.14813333,1737.00,51.261
8771,4,3165,7073.195371842966,3922.532922297207,2019-07-22T14:12:53Z,46.36040000,13.14825000,1733.00,51.246
8772,4,3166,7074.195371842966,3923.532922297207,2019-07-22T14:12:54Z,46.36028333,13.14835000,1730.00,51.231
8773,4,3167,7075.195371842966,3924.532922297207,2019-07-22T14:12:55Z,46.36018333,13.14846667,1730.00,51.217
8774,4,3168,7076.195371842966,3925.532922297207,2019-07-22T14:12:56Z,46.36008333,13.14858333,1729.00,51.203
8775,4,3169,7077.195371842966,3926.532922297207,2019-07-22T14:12:57Z,46.36000000,13.14870000,1728.00,51.19
8776,4,3170,7078.195371842966,3927.532922297207,2019-07-22T14:12:58Z,46.35990000,13.14881667,1727.00,51.176
8777,4,3171,7079.195371842966,3928.532922297207,2019-07-22T14:12:59Z,46.35981667,13.14895000,1724.00,51.163
8778,4,3172,7080.195371842966,3929.532922297207,2019-07-22T14:13:00Z,46.35973333,13.14908333,1722.00,51.149
8779,4,3173,7081.195371842966,3930.532922297207,2019-07-22T14:13:01Z,46.35965000,13.14921667,1722.00,51.136
8780,4,3174,7082.195371842966,3931.532922297207,2019-07-22T14:13:02Z,46.35955000,13.14935000,1718.00,51.121
8781,4,3175,7083.195371842966,3932.532922297207,2019-07-22T14:13:03Z,46.35946667,13.14948333,1716.00,51.107
8782,4,3176,7084.195371842966,3933.532922297207,2019-07-22T14:13:04Z,46.35936667,13.14961667,1714.00,51.092
8783,4,3177,7085.195371842966,3934.532922297207,2019-07-22T14:13:05Z,46.35926667,13.14976667,1712.00,51.077
8784,4,3178,7086.195371842966,3935.532922297207,2019-07-22T14:13:06Z,46.35918333,13.14990000,1712.00,51.063
8785,4,3179,7087.195371842966,3936.532922297207,2019-07-22T14:13:07Z,46.35908333,13.15003333,1712.00,51.048
8786,4,3180,7088.195371842966,3937.532922297207,2019-07-22T14:13:08Z,46.35900000,13.15016667,1711.00,51.035
8787,4,3181,7089.195371842966,3938.532922297207,2019-07-22T14:13:09Z,46.35890000,13.15030000,1709.00,51.02
8788,4,3182,7090.195371842966,3939.532922297207,2019-07-22T14:13:10Z,46.35881667,13.15045000,1707.00,51.006
8789,4,3183,7091.195371842966,3940.532922297207,2019-07-22T14:13:11Z,46.35871667,13.15058333,1705.00,50.991
8790,4,3184,7092.195371842966,3941.532922297207,2019-07-22T14:13:12Z,46.35863333,13.15073333,1702.00,50.977
8791,4,3185,7093.195371842966,3942.532922297207,2019-07-22T14:13:13Z,46.35853333,13.15088333,1699.00,50.961
8792,4,3186,7094.195371842966,3943.532922297207,2019-07-22T14:13:14Z,46.35843333,13.15103333,1699.00,50.945
8793,4,3187,7095.195371842966,3944.532922297207,2019-07-22T14:13:15Z,46.35835000,13.15118333,1698.00,50.931
8794,4,3188,7096.195371842966,3945.532922297207,2019-07-22T14:13:16Z,46.35828333,13.15131667,1696.00,50.919
8795,4,3189,7097.195371842966,3946.532922297207,2019-07-22T14:13:17Z,46.35821667,13.15146667,1695.00,50.907
8796,4,3190,7098.195371842966,3947.532922297207,2019-07-22T14:13:18Z,46.35815000,13.15161667,1693.00,50.894
8797,4,3191,7099.195371842966,3948.532922297207,2019-07-22T14:13:19Z,46.35810000,13.15175000,1691.00,50.884
8798,4,3192,7100.195371842966,3949.532922297207,2019-07-22T14:13:20Z,46.35803333,13.15190000,1689.00,50.871
8799,4,3193,7101.195371842966,3950.532922297207,2019-07-22T14:13:21Z,46.35798333,13.15205000,1687.00,50.86
8800,4,3194,7102.195371842966,3951.532922297207,2019-07-22T14:13:22Z,46.35791667,13.15220000,1683.00,50.848
8801,4,3195,7103.195371842966,3952.532922297207,2019-07-22T14:13:23Z,46.35786667,13.15236667,1679.00,50.836
8802,4,3196,7104.195371842966,3953.532922297207,2019-07-22T14:13:24Z,46.35780000,13.15253333,1677.00,50.823
8803,4,3197,7105.195371842966,3954.532922297207,2019-07-22T14:13:25Z,46.35773333,13.15270000,1676.00,50.809
8804,4,3198,7106.195371842966,3955.532922297207,2019-07-22T14:13:26Z,46.35766667,13.15286667,1672.00,50.796
8805,4,3199,7107.195371842966,3956.532922297207,2019-07-22T14:13:27Z,46.35758333,13.15301667,1670.00,50.782
8806,4,3200,7108.195371842966,3957.532922297207,2019-07-22T14:13:28Z,46.35751667,13.15318333,1667.00,50.769
8807,4,3201,7109.195371842966,3958.532922297207,2019-07-22T14:13:29Z,46.35745000,13.15333333,1664.00,50.756
8808,4,3202,7110.195371842966,3959.532922297207,2019-07-22T14:13:30Z,46.35736667,13.15348333,1663.00,50.742
8809,4,3203,7111.195371842966,3960.532922297207,2019-07-22T14:13:31Z,46.35728333,13.15363333,1659.00,50.728
8810,4,3204,7112.195371842966,3961.532922297207,2019-07-22T14:13:32Z,46.35721667,13.15378333,1656.00,50.715
8811,4,3205,7113.195371842966,3962.532922297207,2019-07-22T14:13:33Z,46.35713333,13.15393333,1653.00,50.701
8812,4,3206,7114.195371842966,3963.532922297207,2019-07-22T14:13:34Z,46.35705000,13.15410000,1651.00,50.686
8813,4,3207,7115.195371842966,3964.532922297207,2019-07-22T14:13:35Z,46.35696667,13.15425000,1648.00,50.672
8814,4,3208,7116.195371842966,3965.532922297207,2019-07-22T14:13:36Z,46.35688333,13.15440000,1645.00,50.658
8815,4,3209,7117.195371842966,3966.532922297207,2019-07-22T14:13:37Z,46.35681667,13.15455000,1644.00,50.645
8816,4,3210,7118.195371842966,3967.532922297207,2019-07-22T14:13:38Z,46.35673333,13.15470000,1642.00,50.631
8817,4,3211,7119.195371842966,3968.532922297207,2019-07-22T14:13:39Z,46.35665000,13.15485000,1639.00,50.617
8818,4,3212,7120.195371842966,3969.532922297207,2019-07-22T14:13:40Z,46.35656667,13.15500000,1637.00,50.603
8819,4,3213,7121.195371842966,3970.532922297207,2019-07-22T14:13:41Z,46.35648333,13.15515000,1635.00,50.589
8820,4,3214,7122.195371842966,3971.532922297207,2019-07-22T14:13:42Z,46.35640000,13.15530000,1631.00,50.575
8821,4,3215,7123.195371842966,3972.532922297207,2019-07-22T14:13:43Z,46.35631667,13.15545000,1629.00,50.561
8822,4,3216,7124.195371842966,3973.532922297207,2019-07-22T14:13:44Z,46.35623333,13.15560000,1627.00,50.547
8823,4,3217,7125.195371842966,3974.532922297207,2019-07-22T14:13:45Z,46.35615000,13.15575000,1626.00,50.533
8824,4,3218,7126.195371842966,3975.532922297207,2019-07-22T14:13:46Z,46.35606667,13.15590000,1624.00,50.518
8825,4,3219,7127.195371842966,3976.532922297207,2019-07-22T14:13:47Z,46.35598333,13.15603333,1621.00,50.505
8826,4,3220,7128.195371842966,3977.532922297207,2019-07-22T14:13:48Z,46.35590000,13.15618333,1618.00,50.491
8827,4,3221,7129.195371842966,3978.532922297207,2019-07-22T14:13:49Z,46.35581667,13.15631667,1615.00,50.478
8828,4,3222,7130.195371842966,3979.532922297207,2019-07-22T14:13:50Z,46.35575000,13.15646667,1612.00,50.465
8829,4,3223,7131.195371842966,3980.532922297207,2019-07-22T14:13:51Z,46.35568333,13.15661667,1611.00,50.452
8830,4,3224,7132.195371842966,3981.532922297207,2019-07-22T14:13:52Z,46.35561667,13.15678333,1607.00,50.439
8831,4,3225,7133.195371842966,3982.532922297207,2019-07-22T14:13:53Z,46.35553333,13.15696667,1604.00,50.424
8832,4,3226,7134.195371842966,3983.532922297207,2019-07-22T14:13:54Z,46.35546667,13.15713333,1601.00,50.41
8833,4,3227,7135.195371842966,3984.532922297207,2019-07-22T14:13:55Z,46.35538333,13.15730000,1599.00,50.395
8834,4,3228,7136.195371842966,3985.532922297207,2019-07-22T14:13:56Z,46.35528333,13.15746667,1597.00,50.379
8835,4,3229,7137.195371842966,3986.532922297207,2019-07-22T14:13:57Z,46.35520000,13.15761667,1595.00,50.365
8836,4,3230,7138.195371842966,3987.532922297207,2019-07-22T14:13:58Z,46.35511667,13.15776667,1593.00,50.351
8837,4,3231,7139.195371842966,3988.532922297207,2019-07-22T14:13:59Z,46.35503333,13.15791667,1591.00,50.337
8838,4,3232,7140.195371842966,3989.532922297207,2019-07-22T14:14:00Z,46.35493333,13.15805000,1589.00,50.322
8839,4,3233,7141.195371842966,3990.532922297207,2019-07-22T14:14:01Z,46.35485000,13.15820000,1586.00,50.308
8840,4,3234,7142.195371842966,3991.532922297207,2019-07-22T14:14:02Z,46.35476667,13.15835000,1584.00,50.294
8841,4,3235,7143.195371842966,3992.532922297207,2019-07-22T14:14:03Z,46.35466667,13.15850000,1582.00,50.278
8842,4,3236,7144.195371842966,3993.532922297207,2019-07-22T14:14:04Z,46.35458333,13.15866667,1579.00,50.263
8843,4,3237,7145.195371842966,3994.532922297207,2019-07-22T14:14:05Z,46.35450000,13.15881667,1577.00,50.249
8844,4,3238,7146.195371842966,3995.532922297207,2019-07-22T14:14:06Z,46.35441667,13.15898333,1574.00,50.234
8845,4,3239,7147.195371842966,3996.532922297207,2019-07-22T14:14:07Z,46.35435000,13.15916667,1572.00,50.22
8846,4,3240,7148.195371842966,3997.532922297207,2019-07-22T14:14:08Z,46.35426667,13.15933333,1568.00,50.206
8847,4,3241,7149.195371842966,3998.532922297207,2019-07-22T14:14:09Z,46.35418333,13.15950000,1565.00,50.191
8848,4,3242,7150.195371842966,3999.532922297207,2019-07-22T14:14:10Z,46.35411667,13.15966667,1562.00,50.178
8849,4,3243,7151.195371842966,4000.532922297207,2019-07-22T14:14:11Z,46.35403333,13.15983333,1560.00,50.163
8850,4,3244,7152.195371842966,4001.532922297207,2019-07-22T14:14:12Z,46.35395000,13.15998333,1557.00,50.149
8851,4,3245,7153.195371842966,4002.532922297207,2019-07-22T14:14:13Z,46.35386667,13.16015000,1554.00,50.134
8852,4,3246,7154.195371842966,4003.532922297207,2019-07-22T14:14:14Z,46.35376667,13.16030000,1550.00,50.118
8853,4,3247,7155.195371842966,4004.532922297207,2019-07-22T14:14:15Z,46.35368333,13.16046667,1546.00,50.104
8854,4,3248,7156.195371842966,4005.532922297207,2019-07-22T14:14:16Z,46.35358333,13.16063333,1542.00,50.087
8855,4,3249,7157.195371842966,4006.532922297207,2019-07-22T14:14:17Z,46.35348333,13.16078333,1537.00,50.072
8856,4,3250,7158.195371842966,4007.532922297207,2019-07-22T14:14:18Z,46.35338333,13.16091667,1536.00,50.057
8857,4,3251,7159.195371842966,4008.532922297207,2019-07-22T14:14:19Z,46.35328333,13.16106667,1534.00,50.041
8858,4,3252,7160.195371842966,4009.532922297207,2019-07-22T14:14:20Z,46.35318333,13.16121667,1532.00,50.025
8859,4,3253,7161.195371842966,4010.532922297207,2019-07-22T14:14:21Z,46.35310000,13.16136667,1531.00,50.011
8860,4,3254,7162.195371842966,4011.532922297207,2019-07-22T14:14:22Z,46.35301667,13.16151667,1529.00,49.997
8861,4,3255,7163.195371842966,4012.532922297207,2019-07-22T14:14:23Z,46.35291667,13.16165000,1524.00,49.982
8862,4,3256,7164.195371842966,4013.532922297207,2019-07-22T14:14:24Z,46.35283333,13.16178333,1521.00,49.969
8863,4,3257,7165.195371842966,4014.532922297207,2019-07-22T14:14:25Z,46.35273333,13.16191667,1519.00,49.954
8864,4,3258,7166.195371842966,4015.532922297207,2019-07-22T14:14:26Z,46.35263333,13.16203333,1516.00,49.94
8865,4,3259,7167.195371842966,4016.532922297207,2019-07-22T14:14:27Z,46.35253333,13.16216667,1515.00,49.925
8866,4,3260,7168.195371842966,4017.532922297207,2019-07-22T14:14:28Z,46.35245000,13.16228333,1514.00,49.912
8867,4,3261,7169.195371842966,4018.532922297207,2019-07-22T14:14:29Z,46.35235000,13.16241667,1512.00,49.897
8868,4,3262,7170.195371842966,4019.532922297207,2019-07-22T14:14:30Z,46.35225000,13.16255000,1511.00,49.882
8869,4,3263,7171.195371842966,4020.532922297207,2019-07-22T14:14:31Z,46.35215000,13.16270000,1511.00,49.867
8870,4,3264,7172.195371842966,4021.532922297207,2019-07-22T14:14:32Z,46.35205000,13.16285000,1511.00,49.851
8871,4,3265,7173.195371842966,4022.532922297207,2019-07-22T14:14:33Z,46.35196667,13.16300000,1509.00,49.837
8872,4,3266,7174.195371842966,4023.532922297207,2019-07-22T14:14:34Z,46.35186667,13.16316667,1507.00,49.821
8873,4,3267,7175.195371842966,4024.532922297207,2019-07-22T14:14:35Z,46.35178333,13.16330000,1507.00,49.807
8874,4,3268,7176.195371842966,4025.532922297207,2019-07-22T14:14:36Z,46.35168333,13.16341667,1507.00,49.793
8875,4,3269,7177.195371842966,4026.532922297207,2019-07-22T14:14:37Z,46.35160000,13.16353333,1510.00,49.78
8876,4,3270,7178.195371842966,4027.532922297207,2019-07-22T14:14:38Z,46.35151667,13.16365000,1514.00,49.768
8877,4,3271,7179.195371842966,4028.532922297207,2019-07-22T14:14:39Z,46.35145000,13.16376667,1517.00,49.757
8878,4,3272,7180.195371842966,4029.532922297207,2019-07-22T14:14:40Z,46.35138333,13.16388333,1519.00,49.746
8879,4,3273,7181.195371842966,4030.532922297207,2019-07-22T14:14:41Z,46.35135000,13.16400000,1521.00,49.738
8880,4,3274,7182.195371842966,4031.532922297207,2019-07-22T14:14:42Z,46.35130000,13.16413333,1522.00,49.727
8881,4,3275,7183.195371842966,4032.532922297207,2019-07-22T14:14:43Z,46.35125000,13.16428333,1524.00,49.716
8882,4,3276,7184.195371842966,4033.532922297207,2019-07-22T14:14:44Z,46.35120000,13.16443333,1525.00,49.705
8883,4,3277,7185.195371842966,4034.532922297207,2019-07-22T14:14:45Z,46.35115000,13.16460000,1525.00,49.694
8884,4,3278,7186.195371842966,4035.532922297207,2019-07-22T14:14:46Z,46.35110000,13.16475000,1528.00,49.683
8885,4,3279,7187.195371842966,4036.532922297207,2019-07-22T14:14:47Z,46.35106667,13.16488333,1531.00,49.674
8886,4,3280,7188.195371842966,4037.532922297207,2019-07-22T14:14:48Z,46.35101667,13.16500000,1533.00,49.664
8887,4,3281,7189.195371842966,4038.532922297207,2019-07-22T14:14:49Z,46.35098333,13.16511667,1535.00,49.656
8888,4,3282,7190.195371842966,4039.532922297207,2019-07-22T14:14:50Z,46.35093333,13.16525000,1537.00,49.646
8889,4,3283,7191.195371842966,4040.532922297207,2019-07-22T14:14:51Z,46.35088333,13.16540000,1538.00,49.635
8890,4,3284,7192.195371842966,4041.532922297207,2019-07-22T14:14:52Z,46.35085000,13.16555000,1540.00,49.626
8891,4,3285,7193.195371842966,4042.532922297207,2019-07-22T14:14:53Z,46.35081667,13.16571667,1541.00,49.616
8892,4,3286,7194.195371842966,4043.532922297207,2019-07-22T14:14:54Z,46.35078333,13.16590000,1544.00,49.605
8893,4,3287,7195.195371842966,4044.532922297207,2019-07-22T14:14:55Z,46.35076667,13.16606667,1546.00,49.596
8894,4,3288,7196.195371842966,4045.532922297207,2019-07-22T14:14:56Z,46.35073333,13.16621667,1547.00,49.587
8895,4,3289,7197.195371842966,4046.532922297207,2019-07-22T14:14:57Z,46.35070000,13.16636667,1548.00,49.578
8896,4,3290,7198.195371842966,4047.532922297207,2019-07-22T14:14:58Z,46.35066667,13.16650000,1548.00,49.569
8897,4,3291,7199.195371842966,4048.532922297207,2019-07-22T14:14:59Z,46.35061667,13.16663333,1548.00,49.559
8898,4,3292,7200.195371842966,4049.532922297207,2019-07-22T14:15:00Z,46.35055000,13.16673333,1546.00,49.548
8899,4,3293,7201.195371842966,4050.532922297207,2019-07-22T14:15:01Z,46.35046667,13.16685000,1543.00,49.536
8900,4,3294,7202.195371842966,4051.532922297207,2019-07-22T14:15:02Z,46.35036667,13.16698333,1540.00,49.521
8901,4,3295,7203.195371842966,4052.532922297207,2019-07-22T14:15:03Z,46.35025000,13.16711667,1539.00,49.504
8902,4,3296,7204.195371842966,4053.532922297207,2019-07-22T14:15:04Z,46.35013333,13.16723333,1540.00,49.489
8903,4,3297,7205.195371842966,4054.532922297207,2019-07-22T14:15:05Z,46.35005000,13.16731667,1543.00,49.477
8904,4,3298,7206.195371842966,4055.532922297207,2019-07-22T14:15:06Z,46.34996667,13.16740000,1548.00,49.466
8905,4,3299,7207.195371842966,4056.532922297207,2019-07-22T14:15:07Z,46.34990000,13.16746667,1551.00,49.457
8906,4,3300,7208.195371842966,4057.532922297207,2019-07-22T14:15:08Z,46.34981667,13.16753333,1554.00,49.446
8907,4,3301,7209.195371842966,4058.532922297207,2019-07-22T14:15:09Z,46.34973333,13.16761667,1556.00,49.435
8908,4,3302,7210.195371842966,4059.532922297207,2019-07-22T14:15:10Z,46.34965000,13.16768333,1558.00,49.425
8909,4,3303,7211.195371842966,4060.532922297207,2019-07-22T14:15:11Z,46.34956667,13.16776667,1560.00,49.413
8910,4,3304,7212.195371842966,4061.532922297207,2019-07-22T14:15:12Z,46.34950000,13.16786667,1560.00,49.403
8911,4,3305,7213.195371842966,4062.532922297207,2019-07-22T14:15:13Z,46.34943333,13.16798333,1562.00,49.392
8912,4,3306,7214.195371842966,4063.532922297207,2019-07-22T14:15:14Z,46.34935000,13.16811667,1564.00,49.379
8913,4,3307,7215.195371842966,4064.532922297207,2019-07-22T14:15:15Z,46.34926667,13.16823333,1566.00,49.366
8914,4,3308,7216.195371842966,4065.532922297207,2019-07-22T14:15:16Z,46.34918333,13.16833333,1569.00,49.354
8915,4,3309,7217.195371842966,4066.532922297207,2019-07-22T14:15:17Z,46.34910000,13.16843333,1570.00,49.342
8916,4,3310,7218.195371842966,4067.532922297207,2019-07-22T14:15:18Z,46.34901667,13.16850000,1573.00,49.331
8917,4,3311,7219.195371842966,4068.532922297207,2019-07-22T14:15:19Z,46.34891667,13.16856667,1574.00,49.319
8918,4,3312,7220.195371842966,4069.532922297207,2019-07-22T14:15:20Z,46.34881667,13.16863333,1576.00,49.307
8919,4,3313,7221.195371842966,4070.532922297207,2019-07-22T14:15:21Z,46.34870000,13.16868333,1577.00,49.294
8920,4,3314,7222.195371842966,4071.532922297207,2019-07-22T14:15:22Z,46.34860000,13.16870000,1579.00,49.284
8921,4,3315,7223.195371842966,4072.532922297207,2019-07-22T14:15:23Z,46.34851667,13.16868333,1582.00,49.277
8922,4,3316,7224.195371842966,4073.532922297207,2019-07-22T14:15:24Z,46.34843333,13.16863333,1584.00,49.271
8923,4,3317,7225.195371842966,4074.532922297207,2019-07-22T14:15:25Z,46.34836667,13.16855000,1587.00,49.269
8924,4,3318,7226.195371842966,4075.532922297207,2019-07-22T14:15:26Z,46.34833333,13.16841667,1589.00,49.271
8925,4,3319,7227.195371842966,4076.532922297207,2019-07-22T14:15:27Z,46.34833333,13.16828333,1592.00,49.277
8926,4,3320,7228.195371842966,4077.532922297207,2019-07-22T14:15:28Z,46.34835000,13.16815000,1594.00,49.284
8927,4,3321,7229.195371842966,4078.532922297207,2019-07-22T14:15:29Z,46.34840000,13.16800000,1597.00,49.295
8928,4,3322,7230.195371842966,4079.532922297207,2019-07-22T14:15:30Z,46.34846667,13.16785000,1599.00,49.307
8929,4,3323,7231.195371842966,4080.532922297207,2019-07-22T14:15:31Z,46.34856667,13.16773333,1600.00,49.322
8930,4,3324,7232.195371842966,4081.532922297207,2019-07-22T14:15:32Z,46.34868333,13.16763333,1604.00,49.337
8931,4,3325,7233.195371842966,4082.532922297207,2019-07-22T14:15:33Z,46.34883333,13.16758333,1605.00,49.353
8932,4,3326,7234.195371842966,4083.532922297207,2019-07-22T14:15:34Z,46.34900000,13.16755000,1608.00,49.37
8933,4,3327,7235.195371842966,4084.532922297207,2019-07-22T14:15:35Z,46.34916667,13.16756667,1613.00,49.385
8934,4,3328,7236.195371842966,4085.532922297207,2019-07-22T14:15:36Z,46.34935000,13.16765000,1617.00,49.398
8935,4,3329,7237.195371842966,4086.532922297207,2019-07-22T14:15:37Z,46.34950000,13.16775000,1621.00,49.408
8936,4,3330,7238.195371842966,4087.532922297207,2019-07-22T14:15:38Z,46.34961667,13.16791667,1627.00,49.412
8937,4,3331,7239.195371842966,4088.532922297207,2019-07-22T14:15:39Z,46.34971667,13.16810000,1632.00,49.413
8938,4,3332,7240.195371842966,4089.532922297207,2019-07-22T14:15:40Z,46.34978333,13.16830000,1636.00,49.411
8939,4,3333,7241.195371842966,4090.532922297207,2019-07-22T14:15:41Z,46.34980000,13.16848333,1638.00,49.405
8940,4,3334,7242.195371842966,4091.532922297207,2019-07-22T14:15:42Z,46.34980000,13.16868333,1641.00,49.397
8941,4,3335,7243.195371842966,4092.532922297207,2019-07-22T14:15:43Z,46.34976667,13.16883333,1643.00,49.388
8942,4,3336,7244.195371842966,4093.532922297207,2019-07-22T14:15:44Z,46.34970000,13.16896667,1645.00,49.376
8943,4,3337,7245.195371842966,4094.532922297207,2019-07-22T14:15:45Z,46.34963333,13.16908333,1648.00,49.365
8944,4,3338,7246.195371842966,4095.532922297207,2019-07-22T14:15:46Z,46.34956667,13.16916667,1649.00,49.355
8945,4,3339,7247.195371842966,4096.532922297207,2019-07-22T14:15:47Z,46.34948333,13.16923333,1651.00,49.344
8946,4,3340,7248.195371842966,4097.532922297207,2019-07-22T14:15:48Z,46.34940000,13.16928333,1653.00,49.335
8947,4,3341,7249.195371842966,4098.532922297207,2019-07-22T14:15:49Z,46.34930000,13.16928333,1656.00,49.325
8948,4,3342,7250.195371842966,4099.532922297207,2019-07-22T14:15:50Z,46.34920000,13.16923333,1657.00,49.318
8949,4,3343,7251.195371842966,4100.532922297207,2019-07-22T14:15:51Z,46.34911667,13.16915000,1659.00,49.314
8950,4,3344,7252.195371842966,4101.532922297207,2019-07-22T14:15:52Z,46.34908333,13.16903333,1662.00,49.315
8951,4,3345,7253.195371842966,4102.532922297207,2019-07-22T14:15:53Z,46.34908333,13.16888333,1664.00,49.322
8952,4,3346,7254.195371842966,4103.532922297207,2019-07-22T14:15:54Z,46.34915000,13.16875000,1667.00,49.333
8953,4,3347,7255.195371842966,4104.532922297207,2019-07-22T14:15:55Z,46.34925000,13.16863333,1669.00,49.348
8954,4,3348,7256.195371842966,4105.532922297207,2019-07-22T14:15:56Z,46.34938333,13.16856667,1671.00,49.363
8955,4,3349,7257.195371842966,4106.532922297207,2019-07-22T14:15:57Z,46.34955000,13.16855000,1671.00,49.379
8956,4,3350,7258.195371842966,4107.532922297207,2019-07-22T14:15:58Z,46.34973333,13.16860000,1673.00,49.394
8957,4,3351,7259.195371842966,4108.532922297207,2019-07-22T14:15:59Z,46.34990000,13.16871667,1677.00,49.405
8958,4,3352,7260.195371842966,4109.532922297207,2019-07-22T14:16:00Z,46.35003333,13.16886667,1682.00,49.411
8959,4,3353,7261.195371842966,4110.532922297207,2019-07-22T14:16:01Z,46.35013333,13.16901667,1686.00,49.414
8960,4,3354,7262.195371842966,4111.532922297207,2019-07-22T14:16:02Z,46.35020000,13.16920000,1689.00,49.413
8961,4,3355,7263.195371842966,4112.532922297207,2019-07-22T14:16:03Z,46.35025000,13.16940000,1692.00,49.409
8962,4,3356,7264.195371842966,4113.532922297207,2019-07-22T14:16:04Z,46.35026667,13.16958333,1694.00,49.403
8963,4,3357,7265.195371842966,4114.532922297207,2019-07-22T14:16:05Z,46.35025000,13.16975000,1696.00,49.395
8964,4,3358,7266.195371842966,4115.532922297207,2019-07-22T14:16:06Z,46.35018333,13.16990000,1698.00,49.382
8965,4,3359,7267.195371842966,4116.532922297207,2019-07-22T14:16:07Z,46.35010000,13.17003333,1699.00,49.369
8966,4,3360,7268.195371842966,4117.532922297207,2019-07-22T14:16:08Z,46.35000000,13.17011667,1701.00,49.356
8967,4,3361,7269.195371842966,4118.532922297207,2019-07-22T14:16:09Z,46.34990000,13.17016667,1702.00,49.345
8968,4,3362,7270.195371842966,4119.532922297207,2019-07-22T14:16:10Z,46.34978333,13.17020000,1703.00,49.332
8969,4,3363,7271.195371842966,4120.532922297207,2019-07-22T14:16:11Z,46.34968333,13.17016667,1704.00,49.324
8970,4,3364,7272.195371842966,4121.532922297207,2019-07-22T14:16:12Z,46.34958333,13.17011667,1706.00,49.317
8971,4,3365,7273.195371842966,4122.532922297207,2019-07-22T14:16:13Z,46.34948333,13.17005000,1708.00,49.311
8972,4,3366,7274.195371842966,4123.532922297207,2019-07-22T14:16:14Z,46.34941667,13.16995000,1711.00,49.308
8973,4,3367,7275.195371842966,4124.532922297207,2019-07-22T14:16:15Z,46.34935000,13.16983333,1714.00,49.307
8974,4,3368,7276.195371842966,4125.532922297207,2019-07-22T14:16:16Z,46.34931667,13.16970000,1716.00,49.309
8975,4,3369,7277.195371842966,4126.532922297207,2019-07-22T14:16:17Z,46.34930000,13.16953333,1718.00,49.315
8976,4,3370,7278.195371842966,4127.532922297207,2019-07-22T14:16:18Z,46.34931667,13.16936667,1720.00,49.323
8977,4,3371,7279.195371842966,4128.532922297207,2019-07-22T14:16:19Z,46.34935000,13.16920000,1721.00,49.333
8978,4,3372,7280.195371842966,4129.532922297207,2019-07-22T14:16:20Z,46.34941667,13.16905000,1724.00,49.346
8979,4,3373,7281.195371842966,4130.532922297207,2019-07-22T14:16:21Z,46.34950000,13.16890000,1726.00,49.36
8980,4,3374,7282.195371842966,4131.532922297207,2019-07-22T14:16:22Z,46.34958333,13.16875000,1729.00,49.374
8981,4,3375,7283.195371842966,4132.532922297207,2019-07-22T14:16:23Z,46.34970000,13.16863333,1731.00,49.39
8982,4,3376,7284.195371842966,4133.532922297207,2019-07-22T14:16:24Z,46.34983333,13.16851667,1734.00,49.407
8983,4,3377,7285.195371842966,4134.532922297207,2019-07-22T14:16:25Z,46.34996667,13.16841667,1736.00,49.424
8984,4,3378,7286.195371842966,4135.532922297207,2019-07-22T14:16:26Z,46.35011667,13.16835000,1739.00,49.44
8985,4,3379,7287.195371842966,4136.532922297207,2019-07-22T14:16:27Z,46.35026667,13.16828333,1741.00,49.457
8986,4,3380,7288.195371842966,4137.532922297207,2019-07-22T14:16:28Z,46.35043333,13.16826667,1744.00,49.473
8987,4,3381,7289.195371842966,4138.532922297207,2019-07-22T14:16:29Z,46.35060000,13.16828333,1748.00,49.488
8988,4,3382,7290.195371842966,4139.532922297207,2019-07-22T14:16:30Z,46.35076667,13.16833333,1752.00,49.502
8989,4,3383,7291.195371842966,4140.532922297207,2019-07-22T14:16:31Z,46.35091667,13.16841667,1756.00,49.512
8990,4,3384,7292.195371842966,4141.532922297207,2019-07-22T14:16:32Z,46.35106667,13.16856667,1759.00,49.52
8991,4,3385,7293.195371842966,4142.532922297207,2019-07-22T14:16:33Z,46.35118333,13.16875000,1762.00,49.524
8992,4,3386,7294.195371842966,4143.532922297207,2019-07-22T14:16:34Z,46.35125000,13.16896667,1766.00,49.521
8993,4,3387,7295.195371842966,4144.532922297207,2019-07-22T14:16:35Z,46.35128333,13.16916667,1769.00,49.516
8994,4,3388,7296.195371842966,4145.532922297207,2019-07-22T14:16:36Z,46.35128333,13.16935000,1774.00,49.508
8995,4,3389,7297.195371842966,4146.532922297207,2019-07-22T14:16:37Z,46.35123333,13.16951667,1778.00,49.496
8996,4,3390,7298.195371842966,4147.532922297207,2019-07-22T14:16:38Z,46.35116667,13.16965000,1781.00,49.485
8997,4,3391,7299.195371842966,4148.532922297207,2019-07-22T14:16:39Z,46.35108333,13.16973333,1784.00,49.473
8998,4,3392,7300.195371842966,4149.532922297207,2019-07-22T14:16:40Z,46.35100000,13.16978333,1788.00,49.464
8999,4,3393,7301.195371842966,4150.532922297207,2019-07-22T14:16:41Z,46.35090000,13.16978333,1792.00,49.454
9000,4,3394,7302.195371842966,4151.532922297207,2019-07-22T14:16:42Z,46.35080000,13.16973333,1795.00,49.447
9001,4,3395,7303.195371842966,4152.532922297207,2019-07-22T14:16:43Z,46.35071667,13.16963333,1798.00,49.443
9002,4,3396,7304.195371842966,4153.532922297207,2019-07-22T14:16:44Z,46.35066667,13.16948333,1801.00,49.445
9003,4,3397,7305.195371842966,4154.532922297207,2019-07-22T14:16:45Z,46.35066667,13.16930000,1804.00,49.452
9004,4,3398,7306.195371842966,4155.532922297207,2019-07-22T14:16:46Z,46.35068333,13.16910000,1806.00,49.462
9005,4,3399,7307.195371842966,4156.532922297207,2019-07-22T14:16:47Z,46.35073333,13.16891667,1808.00,49.474
9006,4,3400,7308.195371842966,4157.532922297207,2019-07-22T14:16:48Z,46.35083333,13.16873333,1811.00,49.491
9007,4,3401,7309.195371842966,4158.532922297207,2019-07-22T14:16:49Z,46.35096667,13.16858333,1813.00,49.51
9008,4,3402,7310.195371842966,4159.532922297207,2019-07-22T14:16:50Z,46.35110000,13.16848333,1815.00,49.527
9009,4,3403,7311.195371842966,4160.532922297207,2019-07-22T14:16:51Z,46.35125000,13.16843333,1818.00,49.543
9010,4,3404,7312.195371842966,4161.532922297207,2019-07-22T14:16:52Z,46.35141667,13.16840000,1824.00,49.56
9011,4,3405,7313.195371842966,4162.532922297207,2019-07-22T14:16:53Z,46.35156667,13.16845000,1830.00,49.572
9012,4,3406,7314.195371842966,4163.532922297207,2019-07-22T14:16:54Z,46.35171667,13.16853333,1833.00,49.582
9013,4,3407,7315.195371842966,4164.532922297207,2019-07-22T14:16:55Z,46.35185000,13.16866667,1837.00,49.589
9014,4,3408,7316.195371842966,4165.532922297207,2019-07-22T14:16:56Z,46.35196667,13.16883333,1840.00,49.593
9015,4,3409,7317.195371842966,4166.532922297207,2019-07-22T14:16:57Z,46.35203333,13.16905000,1841.00,49.591
9016,4,3410,7318.195371842966,4167.532922297207,2019-07-22T14:16:58Z,46.35208333,13.16925000,1844.00,49.587
9017,4,3411,7319.195371842966,4168.532922297207,2019-07-22T14:16:59Z,46.35210000,13.16945000,1847.00,49.581
9018,4,3412,7320.195371842966,4169.532922297207,2019-07-22T14:17:00Z,46.35206667,13.16963333,1850.00,49.57
9019,4,3413,7321.195371842966,4170.532922297207,2019-07-22T14:17:01Z,46.35203333,13.16978333,1854.00,49.561
9020,4,3414,7322.195371842966,4171.532922297207,2019-07-22T14:17:02Z,46.35196667,13.16988333,1856.00,49.55
9021,4,3415,7323.195371842966,4172.532922297207,2019-07-22T14:17:03Z,46.35188333,13.16996667,1859.00,49.539
9022,4,3416,7324.195371842966,4173.532922297207,2019-07-22T14:17:04Z,46.35178333,13.17000000,1861.00,49.528
9023,4,3417,7325.195371842966,4174.532922297207,2019-07-22T14:17:05Z,46.35168333,13.16998333,1863.00,49.519
9024,4,3418,7326.195371842966,4175.532922297207,2019-07-22T14:17:06Z,46.35158333,13.16993333,1864.00,49.512
9025,4,3419,7327.195371842966,4176.532922297207,2019-07-22T14:17:07Z,46.35148333,13.16983333,1866.00,49.507
9026,4,3420,7328.195371842966,4177.532922297207,2019-07-22T14:17:08Z,46.35141667,13.16970000,1867.00,49.506
9027,4,3421,7329.195371842966,4178.532922297207,2019-07-22T14:17:09Z,46.35136667,13.16956667,1869.00,49.507
9028,4,3422,7330.195371842966,4179.532922297207,2019-07-22T14:17:10Z,46.35131667,13.16941667,1869.00,49.508
9029,4,3423,7331.195371842966,4180.532922297207,2019-07-22T14:17:11Z,46.35128333,13.16921667,1870.00,49.514
9030,4,3424,7332.195371842966,4181.532922297207,2019-07-22T14:17:12Z,46.35130000,13.16900000,1872.00,49.524
9031,4,3425,7333.195371842966,4182.532922297207,2019-07-22T14:17:13Z,46.35133333,13.16880000,1873.00,49.535
9032,4,3426,7334.195371842966,4183.532922297207,2019-07-22T14:17:14Z,46.35138333,13.16860000,1875.00,49.548
9033,4,3427,7335.195371842966,4184.532922297207,2019-07-22T14:17:15Z,46.35146667,13.16841667,1878.00,49.564
9034,4,3428,7336.195371842966,4185.532922297207,2019-07-22T14:17:16Z,46.35158333,13.16826667,1884.00,49.581
9035,4,3429,7337.195371842966,4186.532922297207,2019-07-22T14:17:17Z,46.35170000,13.16815000,1888.00,49.597
9036,4,3430,7338.195371842966,4187.532922297207,2019-07-22T14:17:18Z,46.35183333,13.16806667,1892.00,49.613
9037,4,3431,7339.195371842966,4188.532922297207,2019-07-22T14:17:19Z,46.35196667,13.16801667,1895.00,49.627
9038,4,3432,7340.195371842966,4189.532922297207,2019-07-22T14:17:20Z,46.35211667,13.16801667,1898.00,49.641
9039,4,3433,7341.195371842966,4190.532922297207,2019-07-22T14:17:21Z,46.35226667,13.16808333,1899.00,49.653
9040,4,3434,7342.195371842966,4191.532922297207,2019-07-22T14:17:22Z,46.35241667,13.16820000,1898.00,49.662
9041,4,3435,7343.195371842966,4192.532922297207,2019-07-22T14:17:23Z,46.35255000,13.16836667,1901.00,49.667
9042,4,3436,7344.195371842966,4193.532922297207,2019-07-22T14:17:24Z,46.35263333,13.16853333,1905.00,49.668
9043,4,3437,7345.195371842966,4194.532922297207,2019-07-22T14:17:25Z,46.35268333,13.16871667,1910.00,49.665
9044,4,3438,7346.195371842966,4195.532922297207,2019-07-22T14:17:26Z,46.35270000,13.16888333,1915.00,49.66
9045,4,3439,7347.195371842966,4196.532922297207,2019-07-22T14:17:27Z,46.35268333,13.16905000,1917.00,49.652
9046,4,3440,7348.195371842966,4197.532922297207,2019-07-22T14:17:28Z,46.35265000,13.16918333,1919.00,49.643
9047,4,3441,7349.195371842966,4198.532922297207,2019-07-22T14:17:29Z,46.35261667,13.16930000,1921.00,49.635
9048,4,3442,7350.195371842966,4199.532922297207,2019-07-22T14:17:30Z,46.35253333,13.16938333,1923.00,49.624
9049,4,3443,7351.195371842966,4200.532922297207,2019-07-22T14:17:31Z,46.35245000,13.16940000,1926.00,49.615
9050,4,3444,7352.195371842966,4201.532922297207,2019-07-22T14:17:32Z,46.35236667,13.16938333,1928.00,49.608
9051,4,3445,7353.195371842966,4202.532922297207,2019-07-22T14:17:33Z,46.35230000,13.16930000,1929.00,49.605
9052,4,3446,7354.195371842966,4203.532922297207,2019-07-22T14:17:34Z,46.35223333,13.16920000,1930.00,49.603
9053,4,3447,7355.195371842966,4204.532922297207,2019-07-22T14:17:35Z,46.35218333,13.16905000,1932.00,49.605
9054,4,3448,7356.195371842966,4205.532922297207,2019-07-22T14:17:36Z,46.35216667,13.16886667,1934.00,49.611
9055,4,3449,7357.195371842966,4206.532922297207,2019-07-22T14:17:37Z,46.35218333,13.16866667,1936.00,49.621
9056,4,3450,7358.195371842966,4207.532922297207,2019-07-22T14:17:38Z,46.35221667,13.16846667,1938.00,49.632
9057,4,3451,7359.195371842966,4208.532922297207,2019-07-22T14:17:39Z,46.35228333,13.16830000,1941.00,49.645
9058,4,3452,7360.195371842966,4209.532922297207,2019-07-22T14:17:40Z,46.35238333,13.16813333,1945.00,49.661
9059,4,3453,7361.195371842966,4210.532922297207,2019-07-22T14:17:41Z,46.35250000,13.16801667,1948.00,49.677
9060,4,3454,7362.195371842966,4211.532922297207,2019-07-22T14:17:42Z,46.35265000,13.16793333,1949.00,49.695
9061,4,3455,7363.195371842966,4212.532922297207,2019-07-22T14:17:43Z,46.35280000,13.16793333,1952.00,49.709
9062,4,3456,7364.195371842966,4213.532922297207,2019-07-22T14:17:44Z,46.35295000,13.16798333,1954.00,49.721
9063,4,3457,7365.195371842966,4214.532922297207,2019-07-22T14:17:45Z,46.35308333,13.16808333,1956.00,49.729
9064,4,3458,7366.195371842966,4215.532922297207,2019-07-22T14:17:46Z,46.35318333,13.16821667,1959.00,49.733
9065,4,3459,7367.195371842966,4216.532922297207,2019-07-22T14:17:47Z,46.35326667,13.16838333,1963.00,49.734
9066,4,3460,7368.195371842966,4217.532922297207,2019-07-22T14:17:48Z,46.35330000,13.16858333,1965.00,49.729
9067,4,3461,7369.195371842966,4218.532922297207,2019-07-22T14:17:49Z,46.35331667,13.16878333,1967.00,49.722
9068,4,3462,7370.195371842966,4219.532922297207,2019-07-22T14:17:50Z,46.35328333,13.16896667,1970.00,49.711
9069,4,3463,7371.195371842966,4220.532922297207,2019-07-22T14:17:51Z,46.35323333,13.16911667,1972.00,49.701
9070,4,3464,7372.195371842966,4221.532922297207,2019-07-22T14:17:52Z,46.35315000,13.16923333,1975.00,49.688
9071,4,3465,7373.195371842966,4222.532922297207,2019-07-22T14:17:53Z,46.35306667,13.16928333,1979.00,49.678
9072,4,3466,7374.195371842966,4223.532922297207,2019-07-22T14:17:54Z,46.35298333,13.16931667,1982.00,49.669
9073,4,3467,7375.195371842966,4224.532922297207,2019-07-22T14:17:55Z,46.35288333,13.16928333,1985.00,49.661
9074,4,3468,7376.195371842966,4225.532922297207,2019-07-22T14:17:56Z,46.35280000,13.16923333,1987.00,49.655
9075,4,3469,7377.195371842966,4226.532922297207,2019-07-22T14:17:57Z,46.35270000,13.16913333,1988.00,49.65
9076,4,3470,7378.195371842966,4227.532922297207,2019-07-22T14:17:58Z,46.35263333,13.16900000,1988.00,49.649
9077,4,3471,7379.195371842966,4228.532922297207,2019-07-22T14:17:59Z,46.35258333,13.16881667,1989.00,49.652
9078,4,3472,7380.195371842966,4229.532922297207,2019-07-22T14:18:00Z,46.35256667,13.16860000,1990.00,49.659
9079,4,3473,7381.195371842966,4230.532922297207,2019-07-22T14:18:01Z,46.35258333,13.16836667,1990.00,49.671
9080,4,3474,7382.195371842966,4231.532922297207,2019-07-22T14:18:02Z,46.35265000,13.16816667,1992.00,49.685
9081,4,3475,7383.195371842966,4232.532922297207,2019-07-22T14:18:03Z,46.35271667,13.16798333,1994.00,49.699
9082,4,3476,7384.195371842966,4233.532922297207,2019-07-22T14:18:04Z,46.35283333,13.16783333,1996.00,49.716
9083,4,3477,7385.195371842966,4234.532922297207,2019-07-22T14:18:05Z,46.35296667,13.16770000,1999.00,49.734
9084,4,3478,7386.195371842966,4235.532922297207,2019-07-22T14:18:06Z,46.35310000,13.16763333,1999.00,49.749
9085,4,3479,7387.195371842966,4236.532922297207,2019-07-22T14:18:07Z,46.35326667,13.16761667,2001.00,49.766
9086,4,3480,7388.195371842966,4237.532922297207,2019-07-22T14:18:08Z,46.35341667,13.16763333,2003.00,49.779
9087,4,3481,7389.195371842966,4238.532922297207,2019-07-22T14:18:09Z,46.35356667,13.16770000,2004.00,49.79
9088,4,3482,7390.195371842966,4239.532922297207,2019-07-22T14:18:10Z,46.35370000,13.16780000,2005.00,49.799
9089,4,3483,7391.195371842966,4240.532922297207,2019-07-22T14:18:11Z,46.35381667,13.16791667,2007.00,49.805
9090,4,3484,7392.195371842966,4241.532922297207,2019-07-22T14:18:12Z,46.35390000,13.16806667,2008.00,49.806
9091,4,3485,7393.195371842966,4242.532922297207,2019-07-22T14:18:13Z,46.35398333,13.16823333,2009.00,49.807
9092,4,3486,7394.195371842966,4243.532922297207,2019-07-22T14:18:14Z,46.35405000,13.16840000,2010.00,49.807
9093,4,3487,7395.195371842966,4244.532922297207,2019-07-22T14:18:15Z,46.35411667,13.16858333,2012.00,49.806
9094,4,3488,7396.195371842966,4245.532922297207,2019-07-22T14:18:16Z,46.35416667,13.16875000,2015.00,49.803
9095,4,3489,7397.195371842966,4246.532922297207,2019-07-22T14:18:17Z,46.35420000,13.16891667,2018.00,49.8
9096,4,3490,7398.195371842966,4247.532922297207,2019-07-22T14:18:18Z,46.35423333,13.16910000,2020.00,49.795
9097,4,3491,7399.195371842966,4248.532922297207,2019-07-22T14:18:19Z,46.35423333,13.16926667,2022.00,49.789
9098,4,3492,7400.195371842966,4249.532922297207,2019-07-22T14:18:20Z,46.35421667,13.16941667,2024.00,49.781
9099,4,3493,7401.195371842966,4250.532922297207,2019-07-22T14:18:21Z,46.35416667,13.16953333,2023.00,49.771
9100,4,3494,7402.195371842966,4251.532922297207,2019-07-22T14:18:22Z,46.35408333,13.16963333,2022.00,49.759
9101,4,3495,7403.195371842966,4252.532922297207,2019-07-22T14:18:23Z,46.35398333,13.16970000,2020.00,49.747
9102,4,3496,7404.195371842966,4253.532922297207,2019-07-22T14:18:24Z,46.35386667,13.16971667,2020.00,49.736
9103,4,3497,7405.195371842966,4254.532922297207,2019-07-22T14:18:25Z,46.35376667,13.16970000,2022.00,49.727
9104,4,3498,7406.195371842966,4255.532922297207,2019-07-22T14:18:26Z,46.35365000,13.16968333,2025.00,49.717
9105,4,3499,7407.195371842966,4256.532922297207,2019-07-22T14:18:27Z,46.35355000,13.16966667,2027.00,49.708
9106,4,3500,7408.195371842966,4257.532922297207,2019-07-22T14:18:28Z,46.35345000,13.16965000,2029.00,49.699
9107,4,3501,7409.195371842966,4258.532922297207,2019-07-22T14:18:29Z,46.35333333,13.16961667,2030.00,49.69
9108,4,3502,7410.195371842966,4259.532922297207,2019-07-22T14:18:30Z,46.35323333,13.16955000,2032.00,49.683
9109,4,3503,7411.195371842966,4260.532922297207,2019-07-22T14:18:31Z,46.35313333,13.16945000,2033.00,49.678
9110,4,3504,7412.195371842966,4261.532922297207,2019-07-22T14:18:32Z,46.35303333,13.16930000,2034.00,49.674
9111,4,3505,7413.195371842966,4262.532922297207,2019-07-22T14:18:33Z,46.35296667,13.16911667,2033.00,49.676
9112,4,3506,7414.195371842966,4263.532922297207,2019-07-22T14:18:34Z,46.35293333,13.16888333,2033.00,49.682
9113,4,3507,7415.195371842966,4264.532922297207,2019-07-22T14:18:35Z,46.35295000,13.16863333,2033.00,49.694
9114,4,3508,7416.195371842966,4265.532922297207,2019-07-22T14:18:36Z,46.35303333,13.16841667,2033.00,49.711
9115,4,3509,7417.195371842966,4266.532922297207,2019-07-22T14:18:37Z,46.35315000,13.16823333,2033.00,49.729
9116,4,3510,7418.195371842966,4267.532922297207,2019-07-22T14:18:38Z,46.35326667,13.16808333,2033.00,49.746
9117,4,3511,7419.195371842966,4268.532922297207,2019-07-22T14:18:39Z,46.35341667,13.16796667,2034.00,49.765
9118,4,3512,7420.195371842966,4269.532922297207,2019-07-22T14:18:40Z,46.35356667,13.16790000,2034.00,49.782
9119,4,3513,7421.195371842966,4270.532922297207,2019-07-22T14:18:41Z,46.35371667,13.16788333,2032.00,49.797
9120,4,3514,7422.195371842966,4271.532922297207,2019-07-22T14:18:42Z,46.35386667,13.16791667,2032.00,49.809
9121,4,3515,7423.195371842966,4272.532922297207,2019-07-22T14:18:43Z,46.35401667,13.16800000,2032.00,49.82
9122,4,3516,7424.195371842966,4273.532922297207,2019-07-22T14:18:44Z,46.35415000,13.16810000,2035.00,49.829
9123,4,3517,7425.195371842966,4274.532922297207,2019-07-22T14:18:45Z,46.35426667,13.16821667,2036.00,49.835
9124,4,3518,7426.195371842966,4275.532922297207,2019-07-22T14:18:46Z,46.35436667,13.16835000,2038.00,49.839
9125,4,3519,7427.195371842966,4276.532922297207,2019-07-22T14:18:47Z,46.35445000,13.16848333,2039.00,49.841
9126,4,3520,7428.195371842966,4277.532922297207,2019-07-22T14:18:48Z,46.35453333,13.16865000,2041.00,49.842
9127,4,3521,7429.195371842966,4278.532922297207,2019-07-22T14:18:49Z,46.35461667,13.16880000,2042.00,49.844
9128,4,3522,7430.195371842966,4279.532922297207,2019-07-22T14:18:50Z,46.35471667,13.16895000,2043.00,49.847
9129,4,3523,7431.195371842966,4280.532922297207,2019-07-22T14:18:51Z,46.35480000,13.16911667,2045.00,49.848
9130,4,3524,7432.195371842966,4281.532922297207,2019-07-22T14:18:52Z,46.35486667,13.16930000,2047.00,49.847
9131,4,3525,7433.195371842966,4282.532922297207,2019-07-22T14:18:53Z,46.35491667,13.16946667,2049.00,49.845
9132,4,3526,7434.195371842966,4283.532922297207,2019-07-22T14:18:54Z,46.35495000,13.16965000,2050.00,49.84
9133,4,3527,7435.195371842966,4284.532922297207,2019-07-22T14:18:55Z,46.35496667,13.16983333,2051.00,49.835
9134,4,3528,7436.195371842966,4285.532922297207,2019-07-22T14:18:56Z,46.35495000,13.17000000,2052.00,49.826
9135,4,3529,7437.195371842966,4286.532922297207,2019-07-22T14:18:57Z,46.35490000,13.17016667,2053.00,49.815
9136,4,3530,7438.195371842966,4287.532922297207,2019-07-22T14:18:58Z,46.35483333,13.17030000,2054.00,49.803
9137,4,3531,7439.195371842966,4288.532922297207,2019-07-22T14:18:59Z,46.35476667,13.17043333,2054.00,49.791
9138,4,3532,7440.195371842966,4289.532922297207,2019-07-22T14:19:00Z,46.35470000,13.17055000,2057.00,49.78
9139,4,3533,7441.195371842966,4290.532922297207,2019-07-22T14:19:01Z,46.35463333,13.17065000,2058.00,49.77
9140,4,3534,7442.195371842966,4291.532922297207,2019-07-22T14:19:02Z,46.35455000,13.17071667,2060.00,49.759
9141,4,3535,7443.195371842966,4292.532922297207,2019-07-22T14:19:03Z,46.35446667,13.17078333,2062.00,49.749
9142,4,3536,7444.195371842966,4293.532922297207,2019-07-22T14:19:04Z,46.35438333,13.17085000,2061.00,49.738
9143,4,3537,7445.195371842966,4294.532922297207,2019-07-22T14:19:05Z,46.35430000,13.17088333,2063.00,49.729
9144,4,3538,7446.195371842966,4295.532922297207,2019-07-22T14:19:06Z,46.35420000,13.17088333,2062.00,49.72
9145,4,3539,7447.195371842966,4296.532922297207,2019-07-22T14:19:07Z,46.35408333,13.17081667,2061.00,49.711
9146,4,3540,7448.195371842966,4297.532922297207,2019-07-22T14:19:08Z,46.35396667,13.17068333,2058.00,49.706
9147,4,3541,7449.195371842966,4298.532922297207,2019-07-22T14:19:09Z,46.35388333,13.17051667,2056.00,49.705
9148,4,3542,7450.195371842966,4299.532922297207,2019-07-22T14:19:10Z,46.35381667,13.17031667,2056.00,49.706
9149,4,3543,7451.195371842966,4300.532922297207,2019-07-22T14:19:11Z,46.35376667,13.17011667,2057.00,49.71
9150,4,3544,7452.195371842966,4301.532922297207,2019-07-22T14:19:12Z,46.35375000,13.16993333,2059.00,49.716
9151,4,3545,7453.195371842966,4302.532922297207,2019-07-22T14:19:13Z,46.35375000,13.16971667,2062.00,49.725
9152,4,3546,7454.195371842966,4303.532922297207,2019-07-22T14:19:14Z,46.35378333,13.16953333,2063.00,49.735
9153,4,3547,7455.195371842966,4304.532922297207,2019-07-22T14:19:15Z,46.35383333,13.16933333,2065.00,49.748
9154,4,3548,7456.195371842966,4305.532922297207,2019-07-22T14:19:16Z,46.35390000,13.16915000,2066.00,49.762
9155,4,3549,7457.195371842966,4306.532922297207,2019-07-22T14:19:17Z,46.35401667,13.16898333,2066.00,49.78
9156,4,3550,7458.195371842966,4307.532922297207,2019-07-22T14:19:18Z,46.35415000,13.16883333,2066.00,49.798
9157,4,3551,7459.195371842966,4308.532922297207,2019-07-22T14:19:19Z,46.35430000,13.16873333,2066.00,49.817
9158,4,3552,7460.195371842966,4309.532922297207,2019-07-22T14:19:20Z,46.35445000,13.16868333,2068.00,49.833
9159,4,3553,7461.195371842966,4310.532922297207,2019-07-22T14:19:21Z,46.35461667,13.16868333,2070.00,49.848
9160,4,3554,7462.195371842966,4311.532922297207,2019-07-22T14:19:22Z,46.35476667,13.16871667,2070.00,49.861
9161,4,3555,7463.195371842966,4312.532922297207,2019-07-22T14:19:23Z,46.35490000,13.16880000,2071.00,49.87
9162,4,3556,7464.195371842966,4313.532922297207,2019-07-22T14:19:24Z,46.35500000,13.16893333,2073.00,49.874
9163,4,3557,7465.195371842966,4314.532922297207,2019-07-22T14:19:25Z,46.35508333,13.16908333,2075.00,49.876
9164,4,3558,7466.195371842966,4315.532922297207,2019-07-22T14:19:26Z,46.35513333,13.16923333,2077.00,49.875
9165,4,3559,7467.195371842966,4316.532922297207,2019-07-22T14:19:27Z,46.35515000,13.16941667,2078.00,49.869
9166,4,3560,7468.195371842966,4317.532922297207,2019-07-22T14:19:28Z,46.35513333,13.16958333,2080.00,49.86
9167,4,3561,7469.195371842966,4318.532922297207,2019-07-22T14:19:29Z,46.35510000,13.16973333,2083.00,49.851
9168,4,3562,7470.195371842966,4319.532922297207,2019-07-22T14:19:30Z,46.35505000,13.16985000,2086.00,49.842
9169,4,3563,7471.195371842966,4320.532922297207,2019-07-22T14:19:31Z,46.35498333,13.16996667,2088.00,49.831
9170,4,3564,7472.195371842966,4321.532922297207,2019-07-22T14:19:32Z,46.35490000,13.17003333,2090.00,49.82
9171,4,3565,7473.195371842966,4322.532922297207,2019-07-22T14:19:33Z,46.35481667,13.17010000,2093.00,49.81
9172,4,3566,7474.195371842966,4323.532922297207,2019-07-22T14:19:34Z,46.35471667,13.17015000,2095.00,49.798
9173,4,3567,7475.195371842966,4324.532922297207,2019-07-22T14:19:35Z,46.35461667,13.17020000,2094.00,49.787
9174,4,3568,7476.195371842966,4325.532922297207,2019-07-22T14:19:36Z,46.35451667,13.17023333,2093.00,49.776
9175,4,3569,7477.195371842966,4326.532922297207,2019-07-22T14:19:37Z,46.35440000,13.17028333,2092.00,49.763
9176,4,3570,7478.195371842966,4327.532922297207,2019-07-22T14:19:38Z,46.35426667,13.17028333,2090.00,49.75
9177,4,3571,7479.195371842966,4328.532922297207,2019-07-22T14:19:39Z,46.35413333,13.17026667,2090.00,49.738
9178,4,3572,7480.195371842966,4329.532922297207,2019-07-22T14:19:40Z,46.35400000,13.17021667,2089.00,49.728
9179,4,3573,7481.195371842966,4330.532922297207,2019-07-22T14:19:41Z,46.35386667,13.17015000,2088.00,49.718
9180,4,3574,7482.195371842966,4331.532922297207,2019-07-22T14:19:42Z,46.35375000,13.17008333,2088.00,49.71
9181,4,3575,7483.195371842966,4332.532922297207,2019-07-22T14:19:43Z,46.35363333,13.17000000,2089.00,49.702
9182,4,3576,7484.195371842966,4333.532922297207,2019-07-22T14:19:44Z,46.35351667,13.16991667,2091.00,49.695
9183,4,3577,7485.195371842966,4334.532922297207,2019-07-22T14:19:45Z,46.35340000,13.16985000,2091.00,49.686
9184,4,3578,7486.195371842966,4335.532922297207,2019-07-22T14:19:46Z,46.35330000,13.16976667,2091.00,49.68
9185,4,3579,7487.195371842966,4336.532922297207,2019-07-22T14:19:47Z,46.35318333,13.16965000,2090.00,49.674
9186,4,3580,7488.195371842966,4337.532922297207,2019-07-22T14:19:48Z,46.35308333,13.16951667,2090.00,49.67
9187,4,3581,7489.195371842966,4338.532922297207,2019-07-22T14:19:49Z,46.35296667,13.16935000,2089.00,49.666
9188,4,3582,7490.195371842966,4339.532922297207,2019-07-22T14:19:50Z,46.35286667,13.16915000,2087.00,49.665
9189,4,3583,7491.195371842966,4340.532922297207,2019-07-22T14:19:51Z,46.35276667,13.16896667,2085.00,49.663
9190,4,3584,7492.195371842966,4341.532922297207,2019-07-22T14:19:52Z,46.35266667,13.16878333,2085.00,49.661
9191,4,3585,7493.195371842966,4342.532922297207,2019-07-22T14:19:53Z,46.35255000,13.16860000,2085.00,49.658
9192,4,3586,7494.195371842966,4343.532922297207,2019-07-22T14:19:54Z,46.35243333,13.16845000,2083.00,49.653
9193,4,3587,7495.195371842966,4344.532922297207,2019-07-22T14:19:55Z,46.35230000,13.16830000,2082.00,49.647
9194,4,3588,7496.195371842966,4345.532922297207,2019-07-22T14:19:56Z,46.35215000,13.16816667,2079.00,49.638
9195,4,3589,7497.195371842966,4346.532922297207,2019-07-22T14:19:57Z,46.35200000,13.16806667,2075.00,49.628
9196,4,3590,7498.195371842966,4347.532922297207,2019-07-22T14:19:58Z,46.35185000,13.16795000,2073.00,49.619
9197,4,3591,7499.195371842966,4348.532922297207,2019-07-22T14:19:59Z,46.35171667,13.16785000,2071.00,49.611
9198,4,3592,7500.195371842966,4349.532922297207,2019-07-22T14:20:00Z,46.35156667,13.16776667,2069.00,49.6
9199,4,3593,7501.195371842966,4350.532922297207,2019-07-22T14:20:01Z,46.35143333,13.16766667,2067.00,49.592
9200,4,3594,7502.195371842966,4351.532922297207,2019-07-22T14:20:02Z,46.35128333,13.16758333,2065.00,49.581
9201,4,3595,7503.195371842966,4352.532922297207,2019-07-22T14:20:03Z,46.35113333,13.16750000,2061.00,49.571
9202,4,3596,7504.195371842966,4353.532922297207,2019-07-22T14:20:04Z,46.35096667,13.16743333,2059.00,49.558
9203,4,3597,7505.195371842966,4354.532922297207,2019-07-22T14:20:05Z,46.35081667,13.16735000,2055.00,49.547
9204,4,3598,7506.195371842966,4355.532922297207,2019-07-22T14:20:06Z,46.35065000,13.16726667,2050.00,49.535
9205,4,3599,7507.195371842966,4356.532922297207,2019-07-22T14:20:07Z,46.35050000,13.16720000,2048.00,49.524
9206,4,3600,7508.195371842966,4357.532922297207,2019-07-22T14:20:08Z,46.35035000,13.16713333,2046.00,49.513
9207,4,3601,7509.195371842966,4358.532922297207,2019-07-22T14:20:09Z,46.35020000,13.16706667,2042.00,49.502
9208,4,3602,7510.195371842966,4359.532922297207,2019-07-22T14:20:10Z,46.35005000,13.16701667,2039.00,49.49
9209,4,3603,7511.195371842966,4360.532922297207,2019-07-22T14:20:11Z,46.34990000,13.16695000,2037.00,49.479
9210,4,3604,7512.195371842966,4361.532922297207,2019-07-22T14:20:12Z,46.34975000,13.16690000,2034.00,49.467
9211,4,3605,7513.195371842966,4362.532922297207,2019-07-22T14:20:13Z,46.34960000,13.16685000,2034.00,49.455
9212,4,3606,7514.195371842966,4363.532922297207,2019-07-22T14:20:14Z,46.34945000,13.16678333,2032.00,49.444
9213,4,3607,7515.195371842966,4364.532922297207,2019-07-22T14:20:15Z,46.34930000,13.16671667,2028.00,49.433
9214,4,3608,7516.195371842966,4365.532922297207,2019-07-22T14:20:16Z,46.34915000,13.16666667,2028.00,49.421
9215,4,3609,7517.195371842966,4366.532922297207,2019-07-22T14:20:17Z,46.34900000,13.16660000,2026.00,49.41
9216,4,3610,7518.195371842966,4367.532922297207,2019-07-22T14:20:18Z,46.34885000,13.16655000,2023.00,49.398
9217,4,3611,7519.195371842966,4368.532922297207,2019-07-22T14:20:19Z,46.34870000,13.16650000,2020.00,49.386
9218,4,3612,7520.195371842966,4369.532922297207,2019-07-22T14:20:20Z,46.34855000,13.16646667,2018.00,49.373
9219,4,3613,7521.195371842966,4370.532922297207,2019-07-22T14:20:21Z,46.34840000,13.16641667,2017.00,49.362
9220,4,3614,7522.195371842966,4371.532922297207,2019-07-22T14:20:22Z,46.34826667,13.16638333,2015.00,49.351
9221,4,3615,7523.195371842966,4372.532922297207,2019-07-22T14:20:23Z,46.34811667,13.16635000,2013.00,49.338
9222,4,3616,7524.195371842966,4373.532922297207,2019-07-22T14:20:24Z,46.34798333,13.16630000,2010.00,49.328
9223,4,3617,7525.195371842966,4374.532922297207,2019-07-22T14:20:25Z,46.34783333,13.16626667,2009.00,49.315
9224,4,3618,7526.195371842966,4375.532922297207,2019-07-22T14:20:26Z,46.34768333,13.16621667,2008.00,49.304
9225,4,3619,7527.195371842966,4376.532922297207,2019-07-22T14:20:27Z,46.34755000,13.16615000,2006.00,49.294
9226,4,3620,7528.195371842966,4377.532922297207,2019-07-22T14:20:28Z,46.34740000,13.16610000,2004.00,49.282
9227,4,3621,7529.195371842966,4378.532922297207,2019-07-22T14:20:29Z,46.34726667,13.16603333,2004.00,49.273
9228,4,3622,7530.195371842966,4379.532922297207,2019-07-22T14:20:30Z,46.34711667,13.16596667,2004.00,49.262
9229,4,3623,7531.195371842966,4380.532922297207,2019-07-22T14:20:31Z,46.34698333,13.16590000,2004.00,49.252
9230,4,3624,7532.195371842966,4381.532922297207,2019-07-22T14:20:32Z,46.34683333,13.16581667,2002.00,49.242
9231,4,3625,7533.195371842966,4382.532922297207,2019-07-22T14:20:33Z,46.34670000,13.16575000,2003.00,49.232
9232,4,3626,7534.195371842966,4383.532922297207,2019-07-22T14:20:34Z,46.34656667,13.16566667,2003.00,49.224
9233,4,3627,7535.195371842966,4384.532922297207,2019-07-22T14:20:35Z,46.34641667,13.16556667,2003.00,49.214
9234,4,3628,7536.195371842966,4385.532922297207,2019-07-22T14:20:36Z,46.34628333,13.16548333,2000.00,49.205
9235,4,3629,7537.195371842966,4386.532922297207,2019-07-22T14:20:37Z,46.34615000,13.16538333,1999.00,49.197
9236,4,3630,7538.195371842966,4387.532922297207,2019-07-22T14:20:38Z,46.34601667,13.16528333,1999.00,49.189
9237,4,3631,7539.195371842966,4388.532922297207,2019-07-22T14:20:39Z,46.34588333,13.16518333,1997.00,49.181
9238,4,3632,7540.195371842966,4389.532922297207,2019-07-22T14:20:40Z,46.34573333,13.16508333,1995.00,49.172
9239,4,3633,7541.195371842966,4390.532922297207,2019-07-22T14:20:41Z,46.34560000,13.16498333,1993.00,49.164
9240,4,3634,7542.195371842966,4391.532922297207,2019-07-22T14:20:42Z,46.34545000,13.16490000,1991.00,49.153
9241,4,3635,7543.195371842966,4392.532922297207,2019-07-22T14:20:43Z,46.34531667,13.16481667,1990.00,49.145
9242,4,3636,7544.195371842966,4393.532922297207,2019-07-22T14:20:44Z,46.34518333,13.16473333,1989.00,49.136
9243,4,3637,7545.195371842966,4394.532922297207,2019-07-22T14:20:45Z,46.34505000,13.16465000,1989.00,49.127
9244,4,3638,7546.195371842966,4395.532922297207,2019-07-22T14:20:46Z,46.34490000,13.16458333,1990.00,49.116
9245,4,3639,7547.195371842966,4396.532922297207,2019-07-22T14:20:47Z,46.34475000,13.16451667,1990.00,49.105
9246,4,3640,7548.195371842966,4397.532922297207,2019-07-22T14:20:48Z,46.34461667,13.16443333,1989.00,49.097
9247,4,3641,7549.195371842966,4398.532922297207,2019-07-22T14:20:49Z,46.34446667,13.16436667,1989.00,49.086
9248,4,3642,7550.195371842966,4399.532922297207,2019-07-22T14:20:50Z,46.34433333,13.16431667,1987.00,49.076
9249,4,3643,7551.195371842966,4400.532922297207,2019-07-22T14:20:51Z,46.34418333,13.16425000,1985.00,49.065
9250,4,3644,7552.195371842966,4401.532922297207,2019-07-22T14:20:52Z,46.34403333,13.16416667,1984.00,49.055
9251,4,3645,7553.195371842966,4402.532922297207,2019-07-22T14:20:53Z,46.34388333,13.16410000,1982.00,49.044
9252,4,3646,7554.195371842966,4403.532922297207,2019-07-22T14:20:54Z,46.34373333,13.16401667,1981.00,49.034
9253,4,3647,7555.195371842966,4404.532922297207,2019-07-22T14:20:55Z,46.34358333,13.16395000,1979.00,49.023
9254,4,3648,7556.195371842966,4405.532922297207,2019-07-22T14:20:56Z,46.34343333,13.16386667,1978.00,49.013
9255,4,3649,7557.195371842966,4406.532922297207,2019-07-22T14:20:57Z,46.34328333,13.16380000,1976.00,49.002
9256,4,3650,7558.195371842966,4407.532922297207,2019-07-22T14:20:58Z,46.34315000,13.16371667,1974.00,48.993
9257,4,3651,7559.195371842966,4408.532922297207,2019-07-22T14:20:59Z,46.34300000,13.16363333,1973.00,48.983
9258,4,3652,7560.195371842966,4409.532922297207,2019-07-22T14:21:00Z,46.34285000,13.16356667,1971.00,48.972
9259,4,3653,7561.195371842966,4410.532922297207,2019-07-22T14:21:01Z,46.34270000,13.16348333,1968.00,48.962
9260,4,3654,7562.195371842966,4411.532922297207,2019-07-22T14:21:02Z,46.34255000,13.16341667,1966.00,48.951
9261,4,3655,7563.195371842966,4412.532922297207,2019-07-22T14:21:03Z,46.34238333,13.16336667,1965.00,48.938
9262,4,3656,7564.195371842966,4413.532922297207,2019-07-22T14:21:04Z,46.34221667,13.16331667,1965.00,48.925
9263,4,3657,7565.195371842966,4414.532922297207,2019-07-22T14:21:05Z,46.34206667,13.16326667,1963.00,48.914
9264,4,3658,7566.195371842966,4415.532922297207,2019-07-22T14:21:06Z,46.34191667,13.16321667,1960.00,48.902
9265,4,3659,7567.195371842966,4416.532922297207,2019-07-22T14:21:07Z,46.34175000,13.16315000,1959.00,48.89
9266,4,3660,7568.195371842966,4417.532922297207,2019-07-22T14:21:08Z,46.34160000,13.16308333,1957.00,48.879
9267,4,3661,7569.195371842966,4418.532922297207,2019-07-22T14:21:09Z,46.34145000,13.16301667,1957.00,48.868
9268,4,3662,7570.195371842966,4419.532922297207,2019-07-22T14:21:10Z,46.34130000,13.16295000,1955.00,48.858
9269,4,3663,7571.195371842966,4420.532922297207,2019-07-22T14:21:11Z,46.34115000,13.16286667,1953.00,48.848
9270,4,3664,7572.195371842966,4421.532922297207,2019-07-22T14:21:12Z,46.34098333,13.16278333,1951.00,48.836
9271,4,3665,7573.195371842966,4422.532922297207,2019-07-22T14:21:13Z,46.34083333,13.16270000,1949.00,48.826
9272,4,3666,7574.195371842966,4423.532922297207,2019-07-22T14:21:14Z,46.34070000,13.16261667,1947.00,48.818
9273,4,3667,7575.195371842966,4424.532922297207,2019-07-22T14:21:15Z,46.34055000,13.16251667,1945.00,48.808
9274,4,3668,7576.195371842966,4425.532922297207,2019-07-22T14:21:16Z,46.34040000,13.16243333,1943.00,48.798
9275,4,3669,7577.195371842966,4426.532922297207,2019-07-22T14:21:17Z,46.34025000,13.16236667,1939.00,48.788
9276,4,3670,7578.195371842966,4427.532922297207,2019-07-22T14:21:18Z,46.34008333,13.16228333,1937.00,48.776
9277,4,3671,7579.195371842966,4428.532922297207,2019-07-22T14:21:19Z,46.33993333,13.16221667,1934.00,48.766
9278,4,3672,7580.195371842966,4429.532922297207,2019-07-22T14:21:20Z,46.33978333,13.16215000,1930.00,48.755
9279,4,3673,7581.195371842966,4430.532922297207,2019-07-22T14:21:21Z,46.33961667,13.16208333,1928.00,48.743
9280,4,3674,7582.195371842966,4431.532922297207,2019-07-22T14:21:22Z,46.33946667,13.16201667,1926.00,48.732
9281,4,3675,7583.195371842966,4432.532922297207,2019-07-22T14:21:23Z,46.33931667,13.16195000,1925.00,48.721
9282,4,3676,7584.195371842966,4433.532922297207,2019-07-22T14:21:24Z,46.33915000,13.16188333,1923.00,48.709
9283,4,3677,7585.195371842966,4434.532922297207,2019-07-22T14:21:25Z,46.33900000,13.16181667,1920.00,48.699
9284,4,3678,7586.195371842966,4435.532922297207,2019-07-22T14:21:26Z,46.33885000,13.16175000,1917.00,48.688
9285,4,3679,7587.195371842966,4436.532922297207,2019-07-22T14:21:27Z,46.33870000,13.16168333,1916.00,48.677
9286,4,3680,7588.195371842966,4437.532922297207,2019-07-22T14:21:28Z,46.33853333,13.16163333,1913.00,48.665
9287,4,3681,7589.195371842966,4438.532922297207,2019-07-22T14:21:29Z,46.33838333,13.16156667,1909.00,48.654
9288,4,3682,7590.195371842966,4439.532922297207,2019-07-22T14:21:30Z,46.33823333,13.16151667,1907.00,48.643
9289,4,3683,7591.195371842966,4440.532922297207,2019-07-22T14:21:31Z,46.33808333,13.16145000,1905.00,48.632
9290,4,3684,7592.195371842966,4441.532922297207,2019-07-22T14:21:32Z,46.33793333,13.16140000,1902.00,48.62
9291,4,3685,7593.195371842966,4442.532922297207,2019-07-22T14:21:33Z,46.33776667,13.16133333,1900.00,48.607
9292,4,3686,7594.195371842966,4443.532922297207,2019-07-22T14:21:34Z,46.33761667,13.16126667,1898.00,48.597
9293,4,3687,7595.195371842966,4444.532922297207,2019-07-22T14:21:35Z,46.33746667,13.16120000,1898.00,48.586
9294,4,3688,7596.195371842966,4445.532922297207,2019-07-22T14:21:36Z,46.33730000,13.16113333,1896.00,48.573
9295,4,3689,7597.195371842966,4446.532922297207,2019-07-22T14:21:37Z,46.33715000,13.16106667,1894.00,48.562
9296,4,3690,7598.195371842966,4447.532922297207,2019-07-22T14:21:38Z,46.33700000,13.16098333,1891.00,48.552
9297,4,3691,7599.195371842966,4448.532922297207,2019-07-22T14:21:39Z,46.33685000,13.16091667,1888.00,48.541
9298,4,3692,7600.195371842966,4449.532922297207,2019-07-22T14:21:40Z,46.33670000,13.16085000,1884.00,48.53
9299,4,3693,7601.195371842966,4450.532922297207,2019-07-22T14:21:41Z,46.33653333,13.16078333,1884.00,48.518
9300,4,3694,7602.195371842966,4451.532922297207,2019-07-22T14:21:42Z,46.33638333,13.16073333,1882.00,48.506
9301,4,3695,7603.195371842966,4452.532922297207,2019-07-22T14:21:43Z,46.33623333,13.16068333,1879.00,48.495
9302,4,3696,7604.195371842966,4453.532922297207,2019-07-22T14:21:44Z,46.33608333,13.16063333,1878.00,48.483
9303,4,3697,7605.195371842966,4454.532922297207,2019-07-22T14:21:45Z,46.33593333,13.16058333,1875.00,48.472
9304,4,3698,7606.195371842966,4455.532922297207,2019-07-22T14:21:46Z,46.33578333,13.16053333,1874.00,48.46
9305,4,3699,7607.195371842966,4456.532922297207,2019-07-22T14:21:47Z,46.33563333,13.16048333,1871.00,48.449
9306,4,3700,7608.195371842966,4457.532922297207,2019-07-22T14:21:48Z,46.33548333,13.16045000,1868.00,48.436
9307,4,3701,7609.195371842966,4458.532922297207,2019-07-22T14:21:49Z,46.33533333,13.16040000,1866.00,48.425
9308,4,3702,7610.195371842966,4459.532922297207,2019-07-22T14:21:50Z,46.33518333,13.16036667,1864.00,48.412
9309,4,3703,7611.195371842966,4460.532922297207,2019-07-22T14:21:51Z,46.33501667,13.16031667,1859.00,48.399
9310,4,3704,7612.195371842966,4461.532922297207,2019-07-22T14:21:52Z,46.33486667,13.16026667,1857.00,48.388
9311,4,3705,7613.195371842966,4462.532922297207,2019-07-22T14:21:53Z,46.33470000,13.16021667,1856.00,48.375
9312,4,3706,7614.195371842966,4463.532922297207,2019-07-22T14:21:54Z,46.33455000,13.16015000,1854.00,48.364
9313,4,3707,7615.195371842966,4464.532922297207,2019-07-22T14:21:55Z,46.33438333,13.16010000,1852.00,48.351
9314,4,3708,7616.195371842966,4465.532922297207,2019-07-22T14:21:56Z,46.33423333,13.16005000,1849.00,48.34
9315,4,3709,7617.195371842966,4466.532922297207,2019-07-22T14:21:57Z,46.33408333,13.15998333,1848.00,48.329
9316,4,3710,7618.195371842966,4467.532922297207,2019-07-22T14:21:58Z,46.33393333,13.15993333,1846.00,48.317
9317,4,3711,7619.195371842966,4468.532922297207,2019-07-22T14:21:59Z,46.33380000,13.15988333,1844.00,48.307
9318,4,3712,7620.195371842966,4469.532922297207,2019-07-22T14:22:00Z,46.33365000,13.15983333,1844.00,48.296
9319,4,3713,7621.195371842966,4470.532922297207,2019-07-22T14:22:01Z,46.33350000,13.15978333,1843.00,48.284
9320,4,3714,7622.195371842966,4471.532922297207,2019-07-22T14:22:02Z,46.33335000,13.15973333,1842.00,48.273
9321,4,3715,7623.195371842966,4472.532922297207,2019-07-22T14:22:03Z,46.33320000,13.15970000,1838.00,48.261
9322,4,3716,7624.195371842966,4473.532922297207,2019-07-22T14:22:04Z,46.33305000,13.15966667,1835.00,48.249
9323,4,3717,7625.195371842966,4474.532922297207,2019-07-22T14:22:05Z,46.33290000,13.15963333,1834.00,48.237
9324,4,3718,7626.195371842966,4475.532922297207,2019-07-22T14:22:06Z,46.33275000,13.15958333,1833.00,48.225
9325,4,3719,7627.195371842966,4476.532922297207,2019-07-22T14:22:07Z,46.33261667,13.15955000,1831.00,48.214
9326,4,3720,7628.195371842966,4477.532922297207,2019-07-22T14:22:08Z,46.33246667,13.15950000,1829.00,48.203
9327,4,3721,7629.195371842966,4478.532922297207,2019-07-22T14:22:09Z,46.33231667,13.15945000,1828.00,48.192
9328,4,3722,7630.195371842966,4479.532922297207,2019-07-22T14:22:10Z,46.33216667,13.15940000,1826.00,48.18
9329,4,3723,7631.195371842966,4480.532922297207,2019-07-22T14:22:11Z,46.33201667,13.15935000,1824.00,48.169
9330,4,3724,7632.195371842966,4481.532922297207,2019-07-22T14:22:12Z,46.33186667,13.15930000,1823.00,48.157
9331,4,3725,7633.195371842966,4482.532922297207,2019-07-22T14:22:13Z,46.33171667,13.15923333,1820.00,48.147
9332,4,3726,7634.195371842966,4483.532922297207,2019-07-22T14:22:14Z,46.33156667,13.15918333,1818.00,48.135
9333,4,3727,7635.195371842966,4484.532922297207,2019-07-22T14:22:15Z,46.33143333,13.15911667,1816.00,48.126
9334,4,3728,7636.195371842966,4485.532922297207,2019-07-22T14:22:16Z,46.33128333,13.15906667,1814.00,48.115
9335,4,3729,7637.195371842966,4486.532922297207,2019-07-22T14:22:17Z,46.33113333,13.15900000,1812.00,48.104
9336,4,3730,7638.195371842966,4487.532922297207,2019-07-22T14:22:18Z,46.33100000,13.15895000,1811.00,48.095
9337,4,3731,7639.195371842966,4488.532922297207,2019-07-22T14:22:19Z,46.33085000,13.15888333,1809.00,48.084
9338,4,3732,7640.195371842966,4489.532922297207,2019-07-22T14:22:20Z,46.33071667,13.15881667,1807.00,48.075
9339,4,3733,7641.195371842966,4490.532922297207,2019-07-22T14:22:21Z,46.33056667,13.15875000,1805.00,48.064
9340,4,3734,7642.195371842966,4491.532922297207,2019-07-22T14:22:22Z,46.33041667,13.15870000,1803.00,48.053
9341,4,3735,7643.195371842966,4492.532922297207,2019-07-22T14:22:23Z,46.33028333,13.15863333,1802.00,48.044
9342,4,3736,7644.195371842966,4493.532922297207,2019-07-22T14:22:24Z,46.33013333,13.15856667,1800.00,48.033
9343,4,3737,7645.195371842966,4494.532922297207,2019-07-22T14:22:25Z,46.32998333,13.15850000,1798.00,48.023
9344,4,3738,7646.195371842966,4495.532922297207,2019-07-22T14:22:26Z,46.32983333,13.15845000,1797.00,48.012
9345,4,3739,7647.195371842966,4496.532922297207,2019-07-22T14:22:27Z,46.32970000,13.15838333,1797.00,48.003
9346,4,3740,7648.195371842966,4497.532922297207,2019-07-22T14:22:28Z,46.32955000,13.15833333,1795.00,47.991
9347,4,3741,7649.195371842966,4498.532922297207,2019-07-22T14:22:29Z,46.32941667,13.15828333,1793.00,47.981
9348,4,3742,7650.195371842966,4499.532922297207,2019-07-22T14:22:30Z,46.32926667,13.15823333,1792.00,47.97
9349,4,3743,7651.195371842966,4500.532922297207,2019-07-22T14:22:31Z,46.32911667,13.15818333,1790.00,47.959
9350,4,3744,7652.195371842966,4501.532922297207,2019-07-22T14:22:32Z,46.32898333,13.15811667,1789.00,47.95
9351,4,3745,7653.195371842966,4502.532922297207,2019-07-22T14:22:33Z,46.32883333,13.15806667,1787.00,47.939
9352,4,3746,7654.195371842966,4503.532922297207,2019-07-22T14:22:34Z,46.32868333,13.15801667,1786.00,47.928
9353,4,3747,7655.195371842966,4504.532922297207,2019-07-22T14:22:35Z,46.32853333,13.15795000,1784.00,47.917
9354,4,3748,7656.195371842966,4505.532922297207,2019-07-22T14:22:36Z,46.32838333,13.15790000,1782.00,47.906
9355,4,3749,7657.195371842966,4506.532922297207,2019-07-22T14:22:37Z,46.32823333,13.15785000,1781.00,47.895
9356,4,3750,7658.195371842966,4507.532922297207,2019-07-22T14:22:38Z,46.32808333,13.15778333,1779.00,47.884
9357,4,3751,7659.195371842966,4508.532922297207,2019-07-22T14:22:39Z,46.32793333,13.15775000,1777.00,47.872
9358,4,3752,7660.195371842966,4509.532922297207,2019-07-22T14:22:40Z,46.32780000,13.15770000,1775.00,47.863
9359,4,3753,7661.195371842966,4510.532922297207,2019-07-22T14:22:41Z,46.32765000,13.15766667,1773.00,47.851
9360,4,3754,7662.195371842966,4511.532922297207,2019-07-22T14:22:42Z,46.32750000,13.15763333,1772.00,47.839
9361,4,3755,7663.195371842966,4512.532922297207,2019-07-22T14:22:43Z,46.32733333,13.15760000,1770.00,47.825
9362,4,3756,7664.195371842966,4513.532922297207,2019-07-22T14:22:44Z,46.32718333,13.15756667,1769.00,47.813
9363,4,3757,7665.195371842966,4514.532922297207,2019-07-22T14:22:45Z,46.32703333,13.15751667,1769.00,47.802
9364,4,3758,7666.195371842966,4515.532922297207,2019-07-22T14:22:46Z,46.32688333,13.15745000,1767.00,47.792
9365,4,3759,7667.195371842966,4516.532922297207,2019-07-22T14:22:47Z,46.32673333,13.15738333,1765.00,47.781
9366,4,3760,7668.195371842966,4517.532922297207,2019-07-22T14:22:48Z,46.32660000,13.15733333,1764.00,47.772
9367,4,3761,7669.195371842966,4518.532922297207,2019-07-22T14:22:49Z,46.32645000,13.15726667,1764.00,47.761
9368,4,3762,7670.195371842966,4519.532922297207,2019-07-22T14:22:50Z,46.32631667,13.15720000,1764.00,47.753
9369,4,3763,7671.195371842966,4520.532922297207,2019-07-22T14:22:51Z,46.32616667,13.15716667,1763.00,47.741
9370,4,3764,7672.195371842966,4521.532922297207,2019-07-22T14:22:52Z,46.32603333,13.15711667,1762.00,47.731
9371,4,3765,7673.195371842966,4522.532922297207,2019-07-22T14:22:53Z,46.32588333,13.15708333,1761.00,47.719
9372,4,3766,7674.195371842966,4523.532922297207,2019-07-22T14:22:54Z,46.32573333,13.15703333,1760.00,47.708
9373,4,3767,7675.195371842966,4524.532922297207,2019-07-22T14:22:55Z,46.32558333,13.15700000,1758.00,47.696
9374,4,3768,7676.195371842966,4525.532922297207,2019-07-22T14:22:56Z,46.32543333,13.15695000,1755.00,47.685
9375,4,3769,7677.195371842966,4526.532922297207,2019-07-22T14:22:57Z,46.32530000,13.15690000,1754.00,47.676
9376,4,3770,7678.195371842966,4527.532922297207,2019-07-22T14:22:58Z,46.32515000,13.15685000,1754.00,47.664
9377,4,3771,7679.195371842966,4528.532922297207,2019-07-22T14:22:59Z,46.32501667,13.15680000,1753.00,47.655
9378,4,3772,7680.195371842966,4529.532922297207,2019-07-22T14:23:00Z,46.32488333,13.15675000,1751.00,47.645
9379,4,3773,7681.195371842966,4530.532922297207,2019-07-22T14:23:01Z,46.32473333,13.15670000,1750.00,47.634
9380,4,3774,7682.195371842966,4531.532922297207,2019-07-22T14:23:02Z,46.32460000,13.15665000,1750.00,47.625
9381,4,3775,7683.195371842966,4532.532922297207,2019-07-22T14:23:03Z,46.32445000,13.15661667,1749.00,47.613
9382,4,3776,7684.195371842966,4533.532922297207,2019-07-22T14:23:04Z,46.32431667,13.15656667,1747.00,47.603
9383,4,3777,7685.195371842966,4534.532922297207,2019-07-22T14:23:05Z,46.32416667,13.15651667,1746.00,47.592
9384,4,3778,7686.195371842966,4535.532922297207,2019-07-22T14:23:06Z,46.32401667,13.15648333,1745.00,47.581
9385,4,3779,7687.195371842966,4536.532922297207,2019-07-22T14:23:07Z,46.32388333,13.15646667,1745.00,47.57
9386,4,3780,7688.195371842966,4537.532922297207,2019-07-22T14:23:08Z,46.32373333,13.15646667,1745.00,47.556
9387,4,3781,7689.195371842966,4538.532922297207,2019-07-22T14:23:09Z,46.32358333,13.15646667,1744.00,47.543
9388,4,3782,7690.195371842966,4539.532922297207,2019-07-22T14:23:10Z,46.32345000,13.15646667,1743.00,47.531
9389,4,3783,7691.195371842966,4540.532922297207,2019-07-22T14:23:11Z,46.32330000,13.15646667,1742.00,47.518
9390,4,3784,7692.195371842966,4541.532922297207,2019-07-22T14:23:12Z,46.32315000,13.15645000,1740.00,47.505
9391,4,3785,7693.195371842966,4542.532922297207,2019-07-22T14:23:13Z,46.32298333,13.15643333,1738.00,47.491
9392,4,3786,7694.195371842966,4543.532922297207,2019-07-22T14:23:14Z,46.32283333,13.15641667,1738.00,47.479
9393,4,3787,7695.195371842966,4544.532922297207,2019-07-22T14:23:15Z,46.32268333,13.15636667,1735.00,47.468
9394,4,3788,7696.195371842966,4545.532922297207,2019-07-22T14:23:16Z,46.32253333,13.15631667,1733.00,47.457
9395,4,3789,7697.195371842966,4546.532922297207,2019-07-22T14:23:17Z,46.32238333,13.15626667,1733.00,47.446
9396,4,3790,7698.195371842966,4547.532922297207,2019-07-22T14:23:18Z,46.32223333,13.15623333,1732.00,47.434
9397,4,3791,7699.195371842966,4548.532922297207,2019-07-22T14:23:19Z,46.32208333,13.15618333,1731.00,47.423
9398,4,3792,7700.195371842966,4549.532922297207,2019-07-22T14:23:20Z,46.32195000,13.15615000,1730.00,47.413
9399,4,3793,7701.195371842966,4550.532922297207,2019-07-22T14:23:21Z,46.32180000,13.15610000,1727.00,47.402
9400,4,3794,7702.195371842966,4551.532922297207,2019-07-22T14:23:22Z,46.32165000,13.15608333,1724.00,47.39
9401,4,3795,7703.195371842966,4552.532922297207,2019-07-22T14:23:23Z,46.32150000,13.15606667,1723.00,47.377
9402,4,3796,7704.195371842966,4553.532922297207,2019-07-22T14:23:24Z,46.32135000,13.15603333,1721.00,47.366
9403,4,3797,7705.195371842966,4554.532922297207,2019-07-22T14:23:25Z,46.32120000,13.15601667,1720.00,47.353
9404,4,3798,7706.195371842966,4555.532922297207,2019-07-22T14:23:26Z,46.32105000,13.15601667,1718.00,47.34
9405,4,3799,7707.195371842966,4556.532922297207,2019-07-22T14:23:27Z,46.32090000,13.15600000,1717.00,47.328
9406,4,3800,7708.195371842966,4557.532922297207,2019-07-22T14:23:28Z,46.32076667,13.15600000,1716.00,47.316
9407,4,3801,7709.195371842966,4558.532922297207,2019-07-22T14:23:29Z,46.32061667,13.15598333,1715.00,47.303
9408,4,3802,7710.195371842966,4559.532922297207,2019-07-22T14:23:30Z,46.32046667,13.15596667,1714.00,47.291
9409,4,3803,7711.195371842966,4560.532922297207,2019-07-22T14:23:31Z,46.32031667,13.15595000,1714.00,47.279
9410,4,3804,7712.195371842966,4561.532922297207,2019-07-22T14:23:32Z,46.32016667,13.15593333,1713.00,47.266
9411,4,3805,7713.195371842966,4562.532922297207,2019-07-22T14:23:33Z,46.32003333,13.15593333,1712.00,47.254
9412,4,3806,7714.195371842966,4563.532922297207,2019-07-22T14:23:34Z,46.31988333,13.15591667,1711.00,47.242
9413,4,3807,7715.195371842966,4564.532922297207,2019-07-22T14:23:35Z,46.31973333,13.15590000,1709.00,47.23
9414,4,3808,7716.195371842966,4565.532922297207,2019-07-22T14:23:36Z,46.31960000,13.15588333,1709.00,47.219
9415,4,3809,7717.195371842966,4566.532922297207,2019-07-22T14:23:37Z,46.31945000,13.15588333,1709.00,47.206
9416,4,3810,7718.195371842966,4567.532922297207,2019-07-22T14:23:38Z,46.31930000,13.15586667,1708.00,47.193
9417,4,3811,7719.195371842966,4568.532922297207,2019-07-22T14:23:39Z,46.31916667,13.15586667,1706.00,47.181
9418,4,3812,7720.195371842966,4569.532922297207,2019-07-22T14:23:40Z,46.31901667,13.15586667,1704.00,47.168
9419,4,3813,7721.195371842966,4570.532922297207,2019-07-22T14:23:41Z,46.31886667,13.15588333,1703.00,47.154
9420,4,3814,7722.195371842966,4571.532922297207,2019-07-22T14:23:42Z,46.31871667,13.15588333,1701.00,47.141
9421,4,3815,7723.195371842966,4572.532922297207,2019-07-22T14:23:43Z,46.31856667,13.15590000,1700.00,47.127
9422,4,3816,7724.195371842966,4573.532922297207,2019-07-22T14:23:44Z,46.31840000,13.15590000,1699.00,47.113
9423,4,3817,7725.195371842966,4574.532922297207,2019-07-22T14:23:45Z,46.31825000,13.15591667,1699.00,47.099
9424,4,3818,7726.195371842966,4575.532922297207,2019-07-22T14:23:46Z,46.31810000,13.15590000,1699.00,47.086
9425,4,3819,7727.195371842966,4576.532922297207,2019-07-22T14:23:47Z,46.31795000,13.15590000,1700.00,47.073
9426,4,3820,7728.195371842966,4577.532922297207,2019-07-22T14:23:48Z,46.31780000,13.15588333,1699.00,47.061
9427,4,3821,7729.195371842966,4578.532922297207,2019-07-22T14:23:49Z,46.31763333,13.15586667,1699.00,47.047
9428,4,3822,7730.195371842966,4579.532922297207,2019-07-22T14:23:50Z,46.31748333,13.15585000,1699.00,47.035
9429,4,3823,7731.195371842966,4580.532922297207,2019-07-22T14:23:51Z,46.31733333,13.15583333,1698.00,47.023
9430,4,3824,7732.195371842966,4581.532922297207,2019-07-22T14:23:52Z,46.31718333,13.15581667,1699.00,47.01
9431,4,3825,7733.195371842966,4582.532922297207,2019-07-22T14:23:53Z,46.31705000,13.15580000,1698.00,46.999
9432,4,3826,7734.195371842966,4583.532922297207,2019-07-22T14:23:54Z,46.31693333,13.15576667,1697.00,46.991
9433,4,3827,7735.195371842966,4584.532922297207,2019-07-22T14:23:55Z,46.31681667,13.15575000,1697.00,46.981
9434,4,3828,7736.195371842966,4585.532922297207,2019-07-22T14:23:56Z,46.31668333,13.15571667,1696.00,46.971
9435,4,3829,7737.195371842966,4586.532922297207,2019-07-22T14:23:57Z,46.31655000,13.15570000,1695.00,46.961
9436,4,3830,7738.195371842966,4587.532922297207,2019-07-22T14:23:58Z,46.31643333,13.15566667,1694.00,46.952
9437,4,3831,7739.195371842966,4588.532922297207,2019-07-22T14:23:59Z,46.31630000,13.15565000,1694.00,46.941
9438,4,3832,7740.195371842966,4589.532922297207,2019-07-22T14:24:00Z,46.31616667,13.15563333,1694.00,46.93
9439,4,3833,7741.195371842966,4590.532922297207,2019-07-22T14:24:01Z,46.31601667,13.15563333,1693.00,46.917
9440,4,3834,7742.195371842966,4591.532922297207,2019-07-22T14:24:02Z,46.31590000,13.15565000,1693.00,46.906
9441,4,3835,7743.195371842966,4592.532922297207,2019-07-22T14:24:03Z,46.31576667,13.15565000,1694.00,46.895
9442,4,3836,7744.195371842966,4593.532922297207,2019-07-22T14:24:04Z,46.31563333,13.15568333,1693.00,46.882
9443,4,3837,7745.195371842966,4594.532922297207,2019-07-22T14:24:05Z,46.31550000,13.15570000,1691.00,46.869
9444,4,3838,7746.195371842966,4595.532922297207,2019-07-22T14:24:06Z,46.31536667,13.15573333,1689.00,46.856
9445,4,3839,7747.195371842966,4596.532922297207,2019-07-22T14:24:07Z,46.31521667,13.15575000,1688.00,46.842
9446,4,3840,7748.195371842966,4597.532922297207,2019-07-22T14:24:08Z,46.31506667,13.15575000,1686.00,46.829
9447,4,3841,7749.195371842966,4598.532922297207,2019-07-22T14:24:09Z,46.31491667,13.15573333,1684.00,46.817
9448,4,3842,7750.195371842966,4599.532922297207,2019-07-22T14:24:10Z,46.31478333,13.15571667,1683.00,46.806
9449,4,3843,7751.195371842966,4600.532922297207,2019-07-22T14:24:11Z,46.31465000,13.15568333,1683.00,46.796
9450,4,3844,7752.195371842966,4601.532922297207,2019-07-22T14:24:12Z,46.31451667,13.15566667,1683.00,46.785
9451,4,3845,7753.195371842966,4602.532922297207,2019-07-22T14:24:13Z,46.31438333,13.15563333,1681.00,46.775
9452,4,3846,7754.195371842966,4603.532922297207,2019-07-22T14:24:14Z,46.31425000,13.15560000,1679.00,46.766
9453,4,3847,7755.195371842966,4604.532922297207,2019-07-22T14:24:15Z,46.31411667,13.15556667,1679.00,46.756
9454,4,3848,7756.195371842966,4605.532922297207,2019-07-22T14:24:16Z,46.31396667,13.15555000,1676.00,46.743
9455,4,3849,7757.195371842966,4606.532922297207,2019-07-22T14:24:17Z,46.31383333,13.15555000,1674.00,46.732
9456,4,3850,7758.195371842966,4607.532922297207,2019-07-22T14:24:18Z,46.31368333,13.15555000,1673.00,46.719
9457,4,3851,7759.195371842966,4608.532922297207,2019-07-22T14:24:19Z,46.31355000,13.15555000,1672.00,46.707
9458,4,3852,7760.195371842966,4609.532922297207,2019-07-22T14:24:20Z,46.31343333,13.15555000,1671.00,46.697
9459,4,3853,7761.195371842966,4610.532922297207,2019-07-22T14:24:21Z,46.31328333,13.15556667,1671.00,46.683
9460,4,3854,7762.195371842966,4611.532922297207,2019-07-22T14:24:22Z,46.31315000,13.15560000,1669.00,46.67
9461,4,3855,7763.195371842966,4612.532922297207,2019-07-22T14:24:23Z,46.31301667,13.15561667,1668.00,46.658
9462,4,3856,7764.195371842966,4613.532922297207,2019-07-22T14:24:24Z,46.31288333,13.15565000,1668.00,46.645
9463,4,3857,7765.195371842966,4614.532922297207,2019-07-22T14:24:25Z,46.31273333,13.15570000,1667.00,46.63
9464,4,3858,7766.195371842966,4615.532922297207,2019-07-22T14:24:26Z,46.31260000,13.15573333,1666.00,46.616
9465,4,3859,7767.195371842966,4616.532922297207,2019-07-22T14:24:27Z,46.31245000,13.15576667,1663.00,46.602
9466,4,3860,7768.195371842966,4617.532922297207,2019-07-22T14:24:28Z,46.31230000,13.15578333,1663.00,46.588
9467,4,3861,7769.195371842966,4618.532922297207,2019-07-22T14:24:29Z,46.31216667,13.15581667,1660.00,46.575
9468,4,3862,7770.195371842966,4619.532922297207,2019-07-22T14:24:30Z,46.31201667,13.15585000,1658.00,46.56
9469,4,3863,7771.195371842966,4620.532922297207,2019-07-22T14:24:31Z,46.31186667,13.15588333,1656.00,46.546
9470,4,3864,7772.195371842966,4621.532922297207,2019-07-22T14:24:32Z,46.31173333,13.15593333,1655.00,46.532
9471,4,3865,7773.195371842966,4622.532922297207,2019-07-22T14:24:33Z,46.31160000,13.15596667,1655.00,46.519
9472,4,3866,7774.195371842966,4623.532922297207,2019-07-22T14:24:34Z,46.31146667,13.15601667,1655.00,46.505
9473,4,3867,7775.195371842966,4624.532922297207,2019-07-22T14:24:35Z,46.31131667,13.15605000,1652.00,46.49
9474,4,3868,7776.195371842966,4625.532922297207,2019-07-22T14:24:36Z,46.31116667,13.15608333,1650.00,46.476
9475,4,3869,7777.195371842966,4626.532922297207,2019-07-22T14:24:37Z,46.31103333,13.15611667,1648.00,46.463
9476,4,3870,7778.195371842966,4627.532922297207,2019-07-22T14:24:38Z,46.31088333,13.15616667,1645.00,46.447
9477,4,3871,7779.195371842966,4628.532922297207,2019-07-22T14:24:39Z,46.31071667,13.15618333,1644.00,46.432
9478,4,3872,7780.195371842966,4629.532922297207,2019-07-22T14:24:40Z,46.31056667,13.15621667,1642.00,46.418
9479,4,3873,7781.195371842966,4630.532922297207,2019-07-22T14:24:41Z,46.31040000,13.15625000,1641.00,46.402
9480,4,3874,7782.195371842966,4631.532922297207,2019-07-22T14:24:42Z,46.31025000,13.15628333,1642.00,46.387
9481,4,3875,7783.195371842966,4632.532922297207,2019-07-22T14:24:43Z,46.31011667,13.15631667,1641.00,46.374
9482,4,3876,7784.195371842966,4633.532922297207,2019-07-22T14:24:44Z,46.30998333,13.15635000,1641.00,46.361
9483,4,3877,7785.195371842966,4634.532922297207,2019-07-22T14:24:45Z,46.30986667,13.15636667,1641.00,46.35
9484,4,3878,7786.195371842966,4635.532922297207,2019-07-22T14:24:46Z,46.30973333,13.15638333,1640.00,46.338
9485,4,3879,7787.195371842966,4636.532922297207,2019-07-22T14:24:47Z,46.30960000,13.15640000,1637.00,46.326
9486,4,3880,7788.195371842966,4637.532922297207,2019-07-22T14:24:48Z,46.30946667,13.15641667,1635.00,46.314
9487,4,3881,7789.195371842966,4638.532922297207,2019-07-22T14:24:49Z,46.30933333,13.15641667,1634.00,46.302
9488,4,3882,7790.195371842966,4639.532922297207,2019-07-22T14:24:50Z,46.30920000,13.15641667,1633.00,46.291
9489,4,3883,7791.195371842966,4640.532922297207,2019-07-22T14:24:51Z,46.30906667,13.15643333,1630.00,46.278
9490,4,3884,7792.195371842966,4641.532922297207,2019-07-22T14:24:52Z,46.30893333,13.15645000,1627.00,46.266
9491,4,3885,7793.195371842966,4642.532922297207,2019-07-22T14:24:53Z,46.30878333,13.15645000,1623.00,46.253
9492,4,3886,7794.195371842966,4643.532922297207,2019-07-22T14:24:54Z,46.30863333,13.15646667,1620.00,46.24
9493,4,3887,7795.195371842966,4644.532922297207,2019-07-22T14:24:55Z,46.30848333,13.15648333,1618.00,46.226
9494,4,3888,7796.195371842966,4645.532922297207,2019-07-22T14:24:56Z,46.30835000,13.15650000,1616.00,46.214
9495,4,3889,7797.195371842966,4646.532922297207,2019-07-22T14:24:57Z,46.30820000,13.15650000,1614.00,46.201
9496,4,3890,7798.195371842966,4647.532922297207,2019-07-22T14:24:58Z,46.30805000,13.15651667,1612.00,46.187
9497,4,3891,7799.195371842966,4648.532922297207,2019-07-22T14:24:59Z,46.30791667,13.15651667,1609.00,46.176
9498,4,3892,7800.195371842966,4649.532922297207,2019-07-22T14:25:00Z,46.30776667,13.15651667,1607.00,46.163
9499,4,3893,7801.195371842966,4650.532922297207,2019-07-22T14:25:01Z,46.30761667,13.15651667,1603.00,46.15
9500,4,3894,7802.195371842966,4651.532922297207,2019-07-22T14:25:02Z,46.30748333,13.15653333,1599.00,46.138
9501,4,3895,7803.195371842966,4652.532922297207,2019-07-22T14:25:03Z,46.30733333,13.15655000,1597.00,46.125
9502,4,3896,7804.195371842966,4653.532922297207,2019-07-22T14:25:04Z,46.30718333,13.15656667,1594.00,46.111
9503,4,3897,7805.195371842966,4654.532922297207,2019-07-22T14:25:05Z,46.30705000,13.15658333,1591.00,46.099
9504,4,3898,7806.195371842966,4655.532922297207,2019-07-22T14:25:06Z,46.30690000,13.15658333,1587.00,46.086
9505,4,3899,7807.195371842966,4656.532922297207,2019-07-22T14:25:07Z,46.30675000,13.15658333,1584.00,46.073
9506,4,3900,7808.195371842966,4657.532922297207,2019-07-22T14:25:08Z,46.30661667,13.15656667,1583.00,46.063
9507,4,3901,7809.195371842966,4658.532922297207,2019-07-22T14:25:09Z,46.30646667,13.15656667,1582.00,46.05
9508,4,3902,7810.195371842966,4659.532922297207,2019-07-22T14:25:10Z,46.30633333,13.15658333,1581.00,46.038
9509,4,3903,7811.195371842966,4660.532922297207,2019-07-22T14:25:11Z,46.30618333,13.15660000,1579.00,46.024
9510,4,3904,7812.195371842966,4661.532922297207,2019-07-22T14:25:12Z,46.30605000,13.15663333,1576.00,46.011
9511,4,3905,7813.195371842966,4662.532922297207,2019-07-22T14:25:13Z,46.30591667,13.15668333,1572.00,45.997
9512,4,3906,7814.195371842966,4663.532922297207,2019-07-22T14:25:14Z,46.30576667,13.15671667,1570.00,45.983
9513,4,3907,7815.195371842966,4664.532922297207,2019-07-22T14:25:15Z,46.30563333,13.15676667,1567.00,45.969
9514,4,3908,7816.195371842966,4665.532922297207,2019-07-22T14:25:16Z,46.30550000,13.15680000,1565.00,45.956
9515,4,3909,7817.195371842966,4666.532922297207,2019-07-22T14:25:17Z,46.30538333,13.15683333,1562.00,45.945
9516,4,3910,7818.195371842966,4667.532922297207,2019-07-22T14:25:18Z,46.30528333,13.15685000,1561.00,45.935
9517,4,3911,7819.195371842966,4668.532922297207,2019-07-22T14:25:19Z,46.30516667,13.15688333,1560.00,45.924
9518,4,3912,7820.195371842966,4669.532922297207,2019-07-22T14:25:20Z,46.30506667,13.15691667,1559.00,45.914
9519,4,3913,7821.195371842966,4670.532922297207,2019-07-22T14:25:21Z,46.30496667,13.15695000,1556.00,45.904
9520,4,3914,7822.195371842966,4671.532922297207,2019-07-22T14:25:22Z,46.30486667,13.15700000,1553.00,45.893
9521,4,3915,7823.195371842966,4672.532922297207,2019-07-22T14:25:23Z,46.30475000,13.15706667,1550.00,45.879
9522,4,3916,7824.195371842966,4673.532922297207,2019-07-22T14:25:24Z,46.30463333,13.15711667,1547.00,45.867
9523,4,3917,7825.195371842966,4674.532922297207,2019-07-22T14:25:25Z,46.30453333,13.15716667,1544.00,45.856
9524,4,3918,7826.195371842966,4675.532922297207,2019-07-22T14:25:26Z,46.30441667,13.15720000,1540.00,45.845
9525,4,3919,7827.195371842966,4676.532922297207,2019-07-22T14:25:27Z,46.30433333,13.15723333,1538.00,45.836
9526,4,3920,7828.195371842966,4677.532922297207,2019-07-22T14:25:28Z,46.30423333,13.15726667,1537.00,45.826
9527,4,3921,7829.195371842966,4678.532922297207,2019-07-22T14:25:29Z,46.30415000,13.15730000,1536.00,45.817
9528,4,3922,7830.195371842966,4679.532922297207,2019-07-22T14:25:30Z,46.30405000,13.15731667,1534.00,45.808
9529,4,3923,7831.195371842966,4680.532922297207,2019-07-22T14:25:31Z,46.30396667,13.15735000,1532.00,45.799
9530,4,3924,7832.195371842966,4681.532922297207,2019-07-22T14:25:32Z,46.30386667,13.15738333,1530.00,45.789
9531,4,3925,7833.195371842966,4682.532922297207,2019-07-22T14:25:33Z,46.30378333,13.15741667,1528.00,45.78
9532,4,3926,7834.195371842966,4683.532922297207,2019-07-22T14:25:34Z,46.30368333,13.15745000,1527.00,45.77
9533,4,3927,7835.195371842966,4684.532922297207,2019-07-22T14:25:35Z,46.30360000,13.15748333,1526.00,45.761
9534,4,3928,7836.195371842966,4685.532922297207,2019-07-22T14:25:36Z,46.30351667,13.15751667,1525.00,45.753
9535,4,3929,7837.195371842966,4686.532922297207,2019-07-22T14:25:37Z,46.30343333,13.15755000,1524.00,45.744
9536,4,3930,7838.195371842966,4687.532922297207,2019-07-22T14:25:38Z,46.30335000,13.15760000,1523.00,45.734
9537,4,3931,7839.195371842966,4688.532922297207,2019-07-22T14:25:39Z,46.30325000,13.15765000,1523.00,45.723
9538,4,3932,7840.195371842966,4689.532922297207,2019-07-22T14:25:40Z,46.30316667,13.15771667,1522.00,45.713
9539,4,3933,7841.195371842966,4690.532922297207,2019-07-22T14:25:41Z,46.30308333,13.15778333,1522.00,45.703
9540,4,3934,7842.195371842966,4691.532922297207,2019-07-22T14:25:42Z,46.30300000,13.15783333,1522.00,45.693
9541,4,3935,7843.195371842966,4692.532922297207,2019-07-22T14:25:43Z,46.30291667,13.15788333,1521.00,45.684
9542,4,3936,7844.195371842966,4693.532922297207,2019-07-22T14:25:44Z,46.30283333,13.15793333,1520.00,45.674
9543,4,3937,7845.195371842966,4694.532922297207,2019-07-22T14:25:45Z,46.30273333,13.15798333,1519.00,45.663
9544,4,3938,7846.195371842966,4695.532922297207,2019-07-22T14:25:46Z,46.30265000,13.15803333,1519.00,45.654
9545,4,3939,7847.195371842966,4696.532922297207,2019-07-22T14:25:47Z,46.30256667,13.15808333,1519.00,45.644
9546,4,3940,7848.195371842966,4697.532922297207,2019-07-22T14:25:48Z,46.30248333,13.15811667,1520.00,45.635
9547,4,3941,7849.195371842966,4698.532922297207,2019-07-22T14:25:49Z,46.30240000,13.15816667,1521.00,45.626
9548,4,3942,7850.195371842966,4699.532922297207,2019-07-22T14:25:50Z,46.30233333,13.15820000,1521.00,45.618
9549,4,3943,7851.195371842966,4700.532922297207,2019-07-22T14:25:51Z,46.30226667,13.15823333,1520.00,45.611
9550,4,3944,7852.195371842966,4701.532922297207,2019-07-22T14:25:52Z,46.30218333,13.15828333,1521.00,45.602
9551,4,3945,7853.195371842966,4702.532922297207,2019-07-22T14:25:53Z,46.30210000,13.15833333,1521.00,45.592
9552,4,3946,7854.195371842966,4703.532922297207,2019-07-22T14:25:54Z,46.30201667,13.15838333,1520.00,45.583
9553,4,3947,7855.195371842966,4704.532922297207,2019-07-22T14:25:55Z,46.30193333,13.15843333,1520.00,45.573
9554,4,3948,7856.195371842966,4705.532922297207,2019-07-22T14:25:56Z,46.30183333,13.15848333,1520.00,45.562
9555,4,3949,7857.195371842966,4706.532922297207,2019-07-22T14:25:57Z,46.30176667,13.15851667,1521.00,45.555
9556,4,3950,7858.195371842966,4707.532922297207,2019-07-22T14:25:58Z,46.30168333,13.15856667,1522.00,45.545
9557,4,3951,7859.195371842966,4708.532922297207,2019-07-22T14:25:59Z,46.30160000,13.15860000,1524.00,45.537
9558,4,3952,7860.195371842966,4709.532922297207,2019-07-22T14:26:00Z,46.30153333,13.15865000,1524.00,45.528
9559,4,3953,7861.195371842966,4710.532922297207,2019-07-22T14:26:01Z,46.30145000,13.15868333,1524.00,45.52
9560,4,3954,7862.195371842966,4711.532922297207,2019-07-22T14:26:02Z,46.30136667,13.15871667,1523.00,45.511
9561,4,3955,7863.195371842966,4712.532922297207,2019-07-22T14:26:03Z,46.30128333,13.15875000,1524.00,45.502
9562,4,3956,7864.195371842966,4713.532922297207,2019-07-22T14:26:04Z,46.30118333,13.15878333,1525.00,45.492
9563,4,3957,7865.195371842966,4714.532922297207,2019-07-22T14:26:05Z,46.30110000,13.15880000,1525.00,45.484
9564,4,3958,7866.195371842966,4715.532922297207,2019-07-22T14:26:06Z,46.30101667,13.15883333,1527.00,45.476
9565,4,3959,7867.195371842966,4716.532922297207,2019-07-22T14:26:07Z,46.30093333,13.15886667,1529.00,45.467
9566,4,3960,7868.195371842966,4717.532922297207,2019-07-22T14:26:08Z,46.30086667,13.15888333,1530.00,45.461
9567,4,3961,7869.195371842966,4718.532922297207,2019-07-22T14:26:09Z,46.30078333,13.15891667,1531.00,45.452
9568,4,3962,7870.195371842966,4719.532922297207,2019-07-22T14:26:10Z,46.30070000,13.15896667,1532.00,45.442
9569,4,3963,7871.195371842966,4720.532922297207,2019-07-22T14:26:11Z,46.30061667,13.15900000,1532.00,45.434
9570,4,3964,7872.195371842966,4721.532922297207,2019-07-22T14:26:12Z,46.30053333,13.15903333,1532.00,45.425
9571,4,3965,7873.195371842966,4722.532922297207,2019-07-22T14:26:13Z,46.30045000,13.15903333,1531.00,45.418
9572,4,3966,7874.195371842966,4723.532922297207,2019-07-22T14:26:14Z,46.30036667,13.15903333,1531.00,45.411
9573,4,3967,7875.195371842966,4724.532922297207,2019-07-22T14:26:15Z,46.30028333,13.15901667,1531.00,45.405
9574,4,3968,7876.195371842966,4725.532922297207,2019-07-22T14:26:16Z,46.30020000,13.15900000,1531.00,45.399
9575,4,3969,7877.195371842966,4726.532922297207,2019-07-22T14:26:17Z,46.30010000,13.15898333,1531.00,45.391
9576,4,3970,7878.195371842966,4727.532922297207,2019-07-22T14:26:18Z,46.30001667,13.15898333,1532.00,45.384
9577,4,3971,7879.195371842966,4728.532922297207,2019-07-22T14:26:19Z,46.29993333,13.15901667,1532.00,45.375
9578,4,3972,7880.195371842966,4729.532922297207,2019-07-22T14:26:20Z,46.29985000,13.15905000,1531.00,45.367
9579,4,3973,7881.195371842966,4730.532922297207,2019-07-22T14:26:21Z,46.29975000,13.15910000,1531.00,45.356
9580,4,3974,7882.195371842966,4731.532922297207,2019-07-22T14:26:22Z,46.29966667,13.15915000,1531.00,45.346
9581,4,3975,7883.195371842966,4732.532922297207,2019-07-22T14:26:23Z,46.29958333,13.15920000,1533.00,45.337
9582,4,3976,7884.195371842966,4733.532922297207,2019-07-22T14:26:24Z,46.29950000,13.15925000,1534.00,45.327
9583,4,3977,7885.195371842966,4734.532922297207,2019-07-22T14:26:25Z,46.29943333,13.15930000,1533.00,45.319
9584,4,3978,7886.195371842966,4735.532922297207,2019-07-22T14:26:26Z,46.29933333,13.15936667,1533.00,45.307
9585,4,3979,7887.195371842966,4736.532922297207,2019-07-22T14:26:27Z,46.29925000,13.15943333,1532.00,45.297
9586,4,3980,7888.195371842966,4737.532922297207,2019-07-22T14:26:28Z,46.29916667,13.15950000,1532.00,45.287
9587,4,3981,7889.195371842966,4738.532922297207,2019-07-22T14:26:29Z,46.29906667,13.15958333,1532.00,45.274
9588,4,3982,7890.195371842966,4739.532922297207,2019-07-22T14:26:30Z,46.29900000,13.15965000,1534.00,45.265
9589,4,3983,7891.195371842966,4740.532922297207,2019-07-22T14:26:31Z,46.29891667,13.15975000,1535.00,45.253
9590,4,3984,7892.195371842966,4741.532922297207,2019-07-22T14:26:32Z,46.29885000,13.15983333,1536.00,45.243
9591,4,3985,7893.195371842966,4742.532922297207,2019-07-22T14:26:33Z,46.29878333,13.15995000,1537.00,45.232
9592,4,3986,7894.195371842966,4743.532922297207,2019-07-22T14:26:34Z,46.29871667,13.16005000,1538.00,45.221
9593,4,3987,7895.195371842966,4744.532922297207,2019-07-22T14:26:35Z,46.29865000,13.16016667,1538.00,45.21
9594,4,3988,7896.195371842966,4745.532922297207,2019-07-22T14:26:36Z,46.29858333,13.16030000,1538.00,45.197
9595,4,3989,7897.195371842966,4746.532922297207,2019-07-22T14:26:37Z,46.29851667,13.16041667,1539.00,45.186
9596,4,3990,7898.195371842966,4747.532922297207,2019-07-22T14:26:38Z,46.29845000,13.16055000,1540.00,45.174
9597,4,3991,7899.195371842966,4748.532922297207,2019-07-22T14:26:39Z,46.29840000,13.16066667,1541.00,45.164
9598,4,3992,7900.195371842966,4749.532922297207,2019-07-22T14:26:40Z,46.29833333,13.16078333,1541.00,45.152
9599,4,3993,7901.195371842966,4750.532922297207,2019-07-22T14:26:41Z,46.29828333,13.16088333,1541.00,45.143
9600,4,3994,7902.195371842966,4751.532922297207,2019-07-22T14:26:42Z,46.29821667,13.16101667,1542.00,45.131
9601,4,3995,7903.195371842966,4752.532922297207,2019-07-22T14:26:43Z,46.29816667,13.16113333,1543.00,45.12
9602,4,3996,7904.195371842966,4753.532922297207,2019-07-22T14:26:44Z,46.29811667,13.16125000,1544.00,45.11
9603,4,3997,7905.195371842966,4754.532922297207,2019-07-22T14:26:45Z,46.29806667,13.16136667,1545.00,45.1
9604,4,3998,7906.195371842966,4755.532922297207,2019-07-22T14:26:46Z,46.29801667,13.16150000,1545.00,45.089
9605,4,3999,7907.195371842966,4756.532922297207,2019-07-22T14:26:47Z,46.29796667,13.16163333,1546.00,45.079
9606,4,4000,7908.195371842966,4757.532922297207,2019-07-22T14:26:48Z,46.29791667,13.16175000,1547.00,45.068
9607,4,4001,7909.195371842966,4758.532922297207,2019-07-22T14:26:49Z,46.29786667,13.16186667,1548.00,45.058
9608,4,4002,7910.195371842966,4759.532922297207,2019-07-22T14:26:50Z,46.29781667,13.16198333,1549.00,45.048
9609,4,4003,7911.195371842966,4760.532922297207,2019-07-22T14:26:51Z,46.29775000,13.16210000,1550.00,45.037
9610,4,4004,7912.195371842966,4761.532922297207,2019-07-22T14:26:52Z,46.29770000,13.16223333,1551.00,45.026
9611,4,4005,7913.195371842966,4762.532922297207,2019-07-22T14:26:53Z,46.29765000,13.16240000,1551.00,45.013
9612,4,4006,7914.195371842966,4763.532922297207,2019-07-22T14:26:54Z,46.29761667,13.16256667,1552.00,45.002
9613,4,4007,7915.195371842966,4764.532922297207,2019-07-22T14:26:55Z,46.29758333,13.16275000,1552.00,44.99
9614,4,4008,7916.195371842966,4765.532922297207,2019-07-22T14:26:56Z,46.29756667,13.16293333,1552.00,44.98
9615,4,4009,7917.195371842966,4766.532922297207,2019-07-22T14:26:57Z,46.29755000,13.16311667,1552.00,44.969
9616,4,4010,7918.195371842966,4767.532922297207,2019-07-22T14:26:58Z,46.29755000,13.16331667,1555.00,44.959
9617,4,4011,7919.195371842966,4768.532922297207,2019-07-22T14:26:59Z,46.29753333,13.16351667,1557.00,44.947
9618,4,4012,7920.195371842966,4769.532922297207,2019-07-22T14:27:00Z,46.29753333,13.16371667,1558.00,44.937
9619,4,4013,7921.195371842966,4770.532922297207,2019-07-22T14:27:01Z,46.29751667,13.16390000,1560.00,44.927
9620,4,4014,7922.195371842966,4771.532922297207,2019-07-22T14:27:02Z,46.29751667,13.16406667,1562.00,44.919
9621,4,4015,7923.195371842966,4772.532922297207,2019-07-22T14:27:03Z,46.29750000,13.16423333,1563.00,44.909
9622,4,4016,7924.195371842966,4773.532922297207,2019-07-22T14:27:04Z,46.29750000,13.16441667,1564.00,44.9
9623,4,4017,7925.195371842966,4774.532922297207,2019-07-22T14:27:05Z,46.29748333,13.16458333,1565.00,44.89
9624,4,4018,7926.195371842966,4775.532922297207,2019-07-22T14:27:06Z,46.29746667,13.16475000,1566.00,44.88
9625,4,4019,7927.195371842966,4776.532922297207,2019-07-22T14:27:07Z,46.29745000,13.16493333,1568.00,44.87
9626,4,4020,7928.195371842966,4777.532922297207,2019-07-22T14:27:08Z,46.29743333,13.16511667,1569.00,44.859
9627,4,4021,7929.195371842966,4778.532922297207,2019-07-22T14:27:09Z,46.29743333,13.16530000,1570.00,44.85
9628,4,4022,7930.195371842966,4779.532922297207,2019-07-22T14:27:10Z,46.29741667,13.16548333,1571.00,44.839
9629,4,4023,7931.195371842966,4780.532922297207,2019-07-22T14:27:11Z,46.29741667,13.16566667,1571.00,44.83
9630,4,4024,7932.195371842966,4781.532922297207,2019-07-22T14:27:12Z,46.29740000,13.16586667,1570.00,44.819
9631,4,4025,7933.195371842966,4782.532922297207,2019-07-22T14:27:13Z,46.29738333,13.16606667,1570.00,44.807
9632,4,4026,7934.195371842966,4783.532922297207,2019-07-22T14:27:14Z,46.29736667,13.16625000,1569.00,44.797
9633,4,4027,7935.195371842966,4784.532922297207,2019-07-22T14:27:15Z,46.29733333,13.16643333,1569.00,44.785
9634,4,4028,7936.195371842966,4785.532922297207,2019-07-22T14:27:16Z,46.29730000,13.16660000,1570.00,44.774
9635,4,4029,7937.195371842966,4786.532922297207,2019-07-22T14:27:17Z,46.29726667,13.16678333,1570.00,44.762
9636,4,4030,7938.195371842966,4787.532922297207,2019-07-22T14:27:18Z,46.29723333,13.16695000,1571.00,44.751
9637,4,4031,7939.195371842966,4788.532922297207,2019-07-22T14:27:19Z,46.29720000,13.16713333,1571.00,44.739
9638,4,4032,7940.195371842966,4789.532922297207,2019-07-22T14:27:20Z,46.29716667,13.16730000,1572.00,44.728
9639,4,4033,7941.195371842966,4790.532922297207,2019-07-22T14:27:21Z,46.29715000,13.16748333,1573.00,44.717
9640,4,4034,7942.195371842966,4791.532922297207,2019-07-22T14:27:22Z,46.29711667,13.16765000,1574.00,44.706
9641,4,4035,7943.195371842966,4792.532922297207,2019-07-22T14:27:23Z,46.29708333,13.16783333,1573.00,44.694
9642,4,4036,7944.195371842966,4793.532922297207,2019-07-22T14:27:24Z,46.29705000,13.16800000,1574.00,44.683
9643,4,4037,7945.195371842966,4794.532922297207,2019-07-22T14:27:25Z,46.29700000,13.16818333,1575.00,44.67
9644,4,4038,7946.195371842966,4795.532922297207,2019-07-22T14:27:26Z,46.29695000,13.16835000,1575.00,44.657
9645,4,4039,7947.195371842966,4796.532922297207,2019-07-22T14:27:27Z,46.29690000,13.16850000,1576.00,44.646
9646,4,4040,7948.195371842966,4797.532922297207,2019-07-22T14:27:28Z,46.29685000,13.16865000,1577.00,44.634
9647,4,4041,7949.195371842966,4798.532922297207,2019-07-22T14:27:29Z,46.29680000,13.16881667,1580.00,44.622
9648,4,4042,7950.195371842966,4799.532922297207,2019-07-22T14:27:30Z,46.29675000,13.16895000,1581.00,44.611
9649,4,4043,7951.195371842966,4800.532922297207,2019-07-22T14:27:31Z,46.29671667,13.16908333,1583.00,44.601
9650,4,4044,7952.195371842966,4801.532922297207,2019-07-22T14:27:32Z,46.29666667,13.16923333,1584.00,44.59
9651,4,4045,7953.195371842966,4802.532922297207,2019-07-22T14:27:33Z,46.29661667,13.16938333,1585.00,44.578
9652,4,4046,7954.195371842966,4803.532922297207,2019-07-22T14:27:34Z,46.29656667,13.16953333,1585.00,44.566
9653,4,4047,7955.195371842966,4804.532922297207,2019-07-22T14:27:35Z,46.29653333,13.16970000,1584.00,44.555
9654,4,4048,7956.195371842966,4805.532922297207,2019-07-22T14:27:36Z,46.29648333,13.16986667,1583.00,44.543
9655,4,4049,7957.195371842966,4806.532922297207,2019-07-22T14:27:37Z,46.29643333,13.17001667,1580.00,44.531
9656,4,4050,7958.195371842966,4807.532922297207,2019-07-22T14:27:38Z,46.29638333,13.17020000,1578.00,44.518
9657,4,4051,7959.195371842966,4808.532922297207,2019-07-22T14:27:39Z,46.29633333,13.17036667,1576.00,44.505
9658,4,4052,7960.195371842966,4809.532922297207,2019-07-22T14:27:40Z,46.29626667,13.17055000,1575.00,44.491
9659,4,4053,7961.195371842966,4810.532922297207,2019-07-22T14:27:41Z,46.29618333,13.17075000,1574.00,44.474
9660,4,4054,7962.195371842966,4811.532922297207,2019-07-22T14:27:42Z,46.29610000,13.17093333,1575.00,44.458
9661,4,4055,7963.195371842966,4812.532922297207,2019-07-22T14:27:43Z,46.29603333,13.17113333,1576.00,44.442
9662,4,4056,7964.195371842966,4813.532922297207,2019-07-22T14:27:44Z,46.29598333,13.17131667,1577.00,44.429
9663,4,4057,7965.195371842966,4814.532922297207,2019-07-22T14:27:45Z,46.29593333,13.17150000,1579.00,44.416
9664,4,4058,7966.195371842966,4815.532922297207,2019-07-22T14:27:46Z,46.29588333,13.17166667,1582.00,44.403
9665,4,4059,7967.195371842966,4816.532922297207,2019-07-22T14:27:47Z,46.29581667,13.17180000,1584.00,44.391
9666,4,4060,7968.195371842966,4817.532922297207,2019-07-22T14:27:48Z,46.29573333,13.17191667,1586.00,44.378
9667,4,4061,7969.195371842966,4818.532922297207,2019-07-22T14:27:49Z,46.29563333,13.17200000,1588.00,44.365
9668,4,4062,7970.195371842966,4819.532922297207,2019-07-22T14:27:50Z,46.29551667,13.17203333,1589.00,44.354
9669,4,4063,7971.195371842966,4820.532922297207,2019-07-22T14:27:51Z,46.29541667,13.17201667,1589.00,44.346
9670,4,4064,7972.195371842966,4821.532922297207,2019-07-22T14:27:52Z,46.29531667,13.17195000,1589.00,44.341
9671,4,4065,7973.195371842966,4822.532922297207,2019-07-22T14:27:53Z,46.29521667,13.17185000,1588.00,44.337
9672,4,4066,7974.195371842966,4823.532922297207,2019-07-22T14:27:54Z,46.29515000,13.17170000,1588.00,44.339
9673,4,4067,7975.195371842966,4824.532922297207,2019-07-22T14:27:55Z,46.29511667,13.17151667,1591.00,44.345
9674,4,4068,7976.195371842966,4825.532922297207,2019-07-22T14:27:56Z,46.29511667,13.17133333,1593.00,44.354
9675,4,4069,7977.195371842966,4826.532922297207,2019-07-22T14:27:57Z,46.29516667,13.17115000,1595.00,44.367
9676,4,4070,7978.195371842966,4827.532922297207,2019-07-22T14:27:58Z,46.29525000,13.17098333,1596.00,44.383
9677,4,4071,7979.195371842966,4828.532922297207,2019-07-22T14:27:59Z,46.29540000,13.17086667,1597.00,44.401
9678,4,4072,7980.195371842966,4829.532922297207,2019-07-22T14:28:00Z,46.29556667,13.17083333,1599.00,44.417
9679,4,4073,7981.195371842966,4830.532922297207,2019-07-22T14:28:01Z,46.29571667,13.17083333,1601.00,44.43
9680,4,4074,7982.195371842966,4831.532922297207,2019-07-22T14:28:02Z,46.29586667,13.17090000,1604.00,44.439
9681,4,4075,7983.195371842966,4832.532922297207,2019-07-22T14:28:03Z,46.29600000,13.17100000,1606.00,44.446
9682,4,4076,7984.195371842966,4833.532922297207,2019-07-22T14:28:04Z,46.29610000,13.17111667,1608.00,44.449
9683,4,4077,7985.195371842966,4834.532922297207,2019-07-22T14:28:05Z,46.29618333,13.17126667,1611.00,44.448
9684,4,4078,7986.195371842966,4835.532922297207,2019-07-22T14:28:06Z,46.29625000,13.17145000,1613.00,44.445
9685,4,4079,7987.195371842966,4836.532922297207,2019-07-22T14:28:07Z,46.29630000,13.17161667,1615.00,44.441
9686,4,4080,7988.195371842966,4837.532922297207,2019-07-22T14:28:08Z,46.29631667,13.17180000,1616.00,44.434
9687,4,4081,7989.195371842966,4838.532922297207,2019-07-22T14:28:09Z,46.29635000,13.17200000,1618.00,44.427
9688,4,4082,7990.195371842966,4839.532922297207,2019-07-22T14:28:10Z,46.29633333,13.17220000,1619.00,44.416
9689,4,4083,7991.195371842966,4840.532922297207,2019-07-22T14:28:11Z,46.29628333,13.17238333,1620.00,44.402
9690,4,4084,7992.195371842966,4841.532922297207,2019-07-22T14:28:12Z,46.29621667,13.17253333,1621.00,44.389
9691,4,4085,7993.195371842966,4842.532922297207,2019-07-22T14:28:13Z,46.29615000,13.17265000,1622.00,44.378
9692,4,4086,7994.195371842966,4843.532922297207,2019-07-22T14:28:14Z,46.29603333,13.17273333,1622.00,44.364
9693,4,4087,7995.195371842966,4844.532922297207,2019-07-22T14:28:15Z,46.29591667,13.17276667,1623.00,44.352
9694,4,4088,7996.195371842966,4845.532922297207,2019-07-22T14:28:16Z,46.29580000,13.17278333,1622.00,44.341
9695,4,4089,7997.195371842966,4846.532922297207,2019-07-22T14:28:17Z,46.29566667,13.17275000,1621.00,44.331
9696,4,4090,7998.195371842966,4847.532922297207,2019-07-22T14:28:18Z,46.29555000,13.17265000,1621.00,44.326
9697,4,4091,7999.195371842966,4848.532922297207,2019-07-22T14:28:19Z,46.29545000,13.17250000,1621.00,44.325
9698,4,4092,8000.195371842966,4849.532922297207,2019-07-22T14:28:20Z,46.29536667,13.17235000,1623.00,44.325
9699,4,4093,8001.195371842966,4850.532922297207,2019-07-22T14:28:21Z,46.29530000,13.17220000,1625.00,44.327
9700,4,4094,8002.195371842966,4851.532922297207,2019-07-22T14:28:22Z,46.29523333,13.17205000,1628.00,44.329
9701,4,4095,8003.195371842966,4852.532922297207,2019-07-22T14:28:23Z,46.29518333,13.17188333,1630.00,44.333
9702,4,4096,8004.195371842966,4853.532922297207,2019-07-22T14:28:24Z,46.29515000,13.17171667,1631.00,44.338
9703,4,4097,8005.195371842966,4854.532922297207,2019-07-22T14:28:25Z,46.29513333,13.17155000,1634.00,44.345
9704,4,4098,8006.195371842966,4855.532922297207,2019-07-22T14:28:26Z,46.29513333,13.17138333,1637.00,44.353
9705,4,4099,8007.195371842966,4856.532922297207,2019-07-22T14:28:27Z,46.29518333,13.17123333,1640.00,44.365
9706,4,4100,8008.195371842966,4857.532922297207,2019-07-22T14:28:28Z,46.29525000,13.17111667,1643.00,44.376
9707,4,4101,8009.195371842966,4858.532922297207,2019-07-22T14:28:29Z,46.29536667,13.17100000,1644.00,44.392
9708,4,4102,8010.195371842966,4859.532922297207,2019-07-22T14:28:30Z,46.29550000,13.17093333,1646.00,44.406
9709,4,4103,8011.195371842966,4860.532922297207,2019-07-22T14:28:31Z,46.29566667,13.17095000,1648.00,44.42
9710,4,4104,8012.195371842966,4861.532922297207,2019-07-22T14:28:32Z,46.29583333,13.17101667,1648.00,44.431
9711,4,4105,8013.195371842966,4862.532922297207,2019-07-22T14:28:33Z,46.29595000,13.17115000,1651.00,44.434
9712,4,4106,8014.195371842966,4863.532922297207,2019-07-22T14:28:34Z,46.29605000,13.17135000,1653.00,44.433
9713,4,4107,8015.195371842966,4864.532922297207,2019-07-22T14:28:35Z,46.29610000,13.17158333,1655.00,44.426
9714,4,4108,8016.195371842966,4865.532922297207,2019-07-22T14:28:36Z,46.29606667,13.17180000,1656.00,44.412
9715,4,4109,8017.195371842966,4866.532922297207,2019-07-22T14:28:37Z,46.29601667,13.17198333,1658.00,44.399
9716,4,4110,8018.195371842966,4867.532922297207,2019-07-22T14:28:38Z,46.29591667,13.17211667,1659.00,44.384
9717,4,4111,8019.195371842966,4868.532922297207,2019-07-22T14:28:39Z,46.29581667,13.17221667,1661.00,44.37
9718,4,4112,8020.195371842966,4869.532922297207,2019-07-22T14:28:40Z,46.29571667,13.17226667,1664.00,44.359
9719,4,4113,8021.195371842966,4870.532922297207,2019-07-22T14:28:41Z,46.29560000,13.17228333,1667.00,44.349
9720,4,4114,8022.195371842966,4871.532922297207,2019-07-22T14:28:42Z,46.29550000,13.17226667,1670.00,44.341
9721,4,4115,8023.195371842966,4872.532922297207,2019-07-22T14:28:43Z,46.29540000,13.17220000,1671.00,44.336
9722,4,4116,8024.195371842966,4873.532922297207,2019-07-22T14:28:44Z,46.29531667,13.17208333,1672.00,44.334
9723,4,4117,8025.195371842966,4874.532922297207,2019-07-22T14:28:45Z,46.29525000,13.17196667,1674.00,44.334
9724,4,4118,8026.195371842966,4875.532922297207,2019-07-22T14:28:46Z,46.29521667,13.17181667,1676.00,44.339
9725,4,4119,8027.195371842966,4876.532922297207,2019-07-22T14:28:47Z,46.29521667,13.17163333,1677.00,44.348
9726,4,4120,8028.195371842966,4877.532922297207,2019-07-22T14:28:48Z,46.29523333,13.17145000,1680.00,44.358
9727,4,4121,8029.195371842966,4878.532922297207,2019-07-22T14:28:49Z,46.29526667,13.17128333,1683.00,44.369
9728,4,4122,8030.195371842966,4879.532922297207,2019-07-22T14:28:50Z,46.29533333,13.17113333,1686.00,44.382
9729,4,4123,8031.195371842966,4880.532922297207,2019-07-22T14:28:51Z,46.29543333,13.17101667,1688.00,44.397
9730,4,4124,8032.195371842966,4881.532922297207,2019-07-22T14:28:52Z,46.29556667,13.17091667,1689.00,44.413
9731,4,4125,8033.195371842966,4882.532922297207,2019-07-22T14:28:53Z,46.29571667,13.17086667,1689.00,44.428
9732,4,4126,8034.195371842966,4883.532922297207,2019-07-22T14:28:54Z,46.29588333,13.17086667,1690.00,44.442
9733,4,4127,8035.195371842966,4884.532922297207,2019-07-22T14:28:55Z,46.29601667,13.17093333,1691.00,44.451
9734,4,4128,8036.195371842966,4885.532922297207,2019-07-22T14:28:56Z,46.29615000,13.17106667,1694.00,44.455
9735,4,4129,8037.195371842966,4886.532922297207,2019-07-22T14:28:57Z,46.29625000,13.17121667,1694.00,44.457
9736,4,4130,8038.195371842966,4887.532922297207,2019-07-22T14:28:58Z,46.29633333,13.17141667,1696.00,44.454
9737,4,4131,8039.195371842966,4888.532922297207,2019-07-22T14:28:59Z,46.29636667,13.17163333,1696.00,44.446
9738,4,4132,8040.195371842966,4889.532922297207,2019-07-22T14:29:00Z,46.29638333,13.17188333,1697.00,44.435
9739,4,4133,8041.195371842966,4890.532922297207,2019-07-22T14:29:01Z,46.29638333,13.17211667,1698.00,44.424
9740,4,4134,8042.195371842966,4891.532922297207,2019-07-22T14:29:02Z,46.29635000,13.17233333,1700.00,44.41
9741,4,4135,8043.195371842966,4892.532922297207,2019-07-22T14:29:03Z,46.29630000,13.17251667,1703.00,44.397
9742,4,4136,8044.195371842966,4893.532922297207,2019-07-22T14:29:04Z,46.29625000,13.17268333,1707.00,44.385
9743,4,4137,8045.195371842966,4894.532922297207,2019-07-22T14:29:05Z,46.29616667,13.17281667,1708.00,44.371
9744,4,4138,8046.195371842966,4895.532922297207,2019-07-22T14:29:06Z,46.29608333,13.17293333,1709.00,44.358
9745,4,4139,8047.195371842966,4896.532922297207,2019-07-22T14:29:07Z,46.29598333,13.17301667,1711.00,44.346
9746,4,4140,8048.195371842966,4897.532922297207,2019-07-22T14:29:08Z,46.29586667,13.17305000,1711.00,44.334
9747,4,4141,8049.195371842966,4898.532922297207,2019-07-22T14:29:09Z,46.29575000,13.17306667,1710.00,44.323
9748,4,4142,8050.195371842966,4899.532922297207,2019-07-22T14:29:10Z,46.29563333,13.17303333,1712.00,44.315
9749,4,4143,8051.195371842966,4900.532922297207,2019-07-22T14:29:11Z,46.29555000,13.17295000,1712.00,44.312
9750,4,4144,8052.195371842966,4901.532922297207,2019-07-22T14:29:12Z,46.29548333,13.17280000,1713.00,44.313
9751,4,4145,8053.195371842966,4902.532922297207,2019-07-22T14:29:13Z,46.29545000,13.17263333,1713.00,44.319
9752,4,4146,8054.195371842966,4903.532922297207,2019-07-22T14:29:14Z,46.29546667,13.17243333,1713.00,44.33
9753,4,4147,8055.195371842966,4904.532922297207,2019-07-22T14:29:15Z,46.29555000,13.17225000,1715.00,44.346
9754,4,4148,8056.195371842966,4905.532922297207,2019-07-22T14:29:16Z,46.29565000,13.17210000,1718.00,44.362
9755,4,4149,8057.195371842966,4906.532922297207,2019-07-22T14:29:17Z,46.29578333,13.17201667,1721.00,44.377
9756,4,4150,8058.195371842966,4907.532922297207,2019-07-22T14:29:18Z,46.29591667,13.17200000,1724.00,44.39
9757,4,4151,8059.195371842966,4908.532922297207,2019-07-22T14:29:19Z,46.29605000,13.17205000,1729.00,44.399
9758,4,4152,8060.195371842966,4909.532922297207,2019-07-22T14:29:20Z,46.29616667,13.17215000,1733.00,44.404
9759,4,4153,8061.195371842966,4910.532922297207,2019-07-22T14:29:21Z,46.29626667,13.17230000,1735.00,44.405
9760,4,4154,8062.195371842966,4911.532922297207,2019-07-22T14:29:22Z,46.29633333,13.17248333,1737.00,44.402
9761,4,4155,8063.195371842966,4912.532922297207,2019-07-22T14:29:23Z,46.29636667,13.17268333,1739.00,44.395
9762,4,4156,8064.195371842966,4913.532922297207,2019-07-22T14:29:24Z,46.29636667,13.17290000,1740.00,44.384
9763,4,4157,8065.195371842966,4914.532922297207,2019-07-22T14:29:25Z,46.29633333,13.17308333,1741.00,44.372
9764,4,4158,8066.195371842966,4915.532922297207,2019-07-22T14:29:26Z,46.29626667,13.17325000,1742.00,44.359
9765,4,4159,8067.195371842966,4916.532922297207,2019-07-22T14:29:27Z,46.29616667,13.17336667,1744.00,44.344
9766,4,4160,8068.195371842966,4917.532922297207,2019-07-22T14:29:28Z,46.29605000,13.17345000,1745.00,44.33
9767,4,4161,8069.195371842966,4918.532922297207,2019-07-22T14:29:29Z,46.29593333,13.17351667,1744.00,44.317
9768,4,4162,8070.195371842966,4919.532922297207,2019-07-22T14:29:30Z,46.29580000,13.17353333,1745.00,44.305
9769,4,4163,8071.195371842966,4920.532922297207,2019-07-22T14:29:31Z,46.29566667,13.17350000,1746.00,44.295
9770,4,4164,8072.195371842966,4921.532922297207,2019-07-22T14:29:32Z,46.29555000,13.17340000,1746.00,44.29
9771,4,4165,8073.195371842966,4922.532922297207,2019-07-22T14:29:33Z,46.29546667,13.17326667,1747.00,44.289
9772,4,4166,8074.195371842966,4923.532922297207,2019-07-22T14:29:34Z,46.29541667,13.17310000,1750.00,44.293
9773,4,4167,8075.195371842966,4924.532922297207,2019-07-22T14:29:35Z,46.29538333,13.17295000,1754.00,44.297
9774,4,4168,8076.195371842966,4925.532922297207,2019-07-22T14:29:36Z,46.29538333,13.17278333,1757.00,44.306
9775,4,4169,8077.195371842966,4926.532922297207,2019-07-22T14:29:37Z,46.29540000,13.17263333,1760.00,44.314
9776,4,4170,8078.195371842966,4927.532922297207,2019-07-22T14:29:38Z,46.29545000,13.17250000,1762.00,44.325
9777,4,4171,8079.195371842966,4928.532922297207,2019-07-22T14:29:39Z,46.29551667,13.17235000,1764.00,44.338
9778,4,4172,8080.195371842966,4929.532922297207,2019-07-22T14:29:40Z,46.29563333,13.17223333,1763.00,44.354
9779,4,4173,8081.195371842966,4930.532922297207,2019-07-22T14:29:41Z,46.29578333,13.17216667,1763.00,44.37
9780,4,4174,8082.195371842966,4931.532922297207,2019-07-22T14:29:42Z,46.29593333,13.17213333,1763.00,44.385
9781,4,4175,8083.195371842966,4932.532922297207,2019-07-22T14:29:43Z,46.29610000,13.17215000,1764.00,44.398
9782,4,4176,8084.195371842966,4933.532922297207,2019-07-22T14:29:44Z,46.29625000,13.17221667,1766.00,44.408
9783,4,4177,8085.195371842966,4934.532922297207,2019-07-22T14:29:45Z,46.29638333,13.17231667,1767.00,44.414
9784,4,4178,8086.195371842966,4935.532922297207,2019-07-22T14:29:46Z,46.29648333,13.17245000,1768.00,44.416
9785,4,4179,8087.195371842966,4936.532922297207,2019-07-22T14:29:47Z,46.29656667,13.17261667,1770.00,44.415
9786,4,4180,8088.195371842966,4937.532922297207,2019-07-22T14:29:48Z,46.29661667,13.17281667,1770.00,44.41
9787,4,4181,8089.195371842966,4938.532922297207,2019-07-22T14:29:49Z,46.29663333,13.17303333,1771.00,44.401
9788,4,4182,8090.195371842966,4939.532922297207,2019-07-22T14:29:50Z,46.29661667,13.17325000,1772.00,44.389
9789,4,4183,8091.195371842966,4940.532922297207,2019-07-22T14:29:51Z,46.29656667,13.17345000,1775.00,44.375
9790,4,4184,8092.195371842966,4941.532922297207,2019-07-22T14:29:52Z,46.29648333,13.17360000,1778.00,44.36
9791,4,4185,8093.195371842966,4942.532922297207,2019-07-22T14:29:53Z,46.29640000,13.17373333,1780.00,44.346
9792,4,4186,8094.195371842966,4943.532922297207,2019-07-22T14:29:54Z,46.29628333,13.17383333,1782.00,44.332
9793,4,4187,8095.195371842966,4944.532922297207,2019-07-22T14:29:55Z,46.29618333,13.17391667,1782.00,44.319
9794,4,4188,8096.195371842966,4945.532922297207,2019-07-22T14:29:56Z,46.29605000,13.17395000,1782.00,44.306
9795,4,4189,8097.195371842966,4946.532922297207,2019-07-22T14:29:57Z,46.29593333,13.17395000,1781.00,44.296
9796,4,4190,8098.195371842966,4947.532922297207,2019-07-22T14:29:58Z,46.29580000,13.17390000,1782.00,44.287
9797,4,4191,8099.195371842966,4948.532922297207,2019-07-22T14:29:59Z,46.29570000,13.17383333,1782.00,44.281
9798,4,4192,8100.195371842966,4949.532922297207,2019-07-22T14:30:00Z,46.29560000,13.17371667,1781.00,44.279
9799,4,4193,8101.195371842966,4950.532922297207,2019-07-22T14:30:01Z,46.29553333,13.17356667,1782.00,44.28
9800,4,4194,8102.195371842966,4951.532922297207,2019-07-22T14:30:02Z,46.29550000,13.17340000,1785.00,44.285
9801,4,4195,8103.195371842966,4952.532922297207,2019-07-22T14:30:03Z,46.29548333,13.17323333,1787.00,44.292
9802,4,4196,8104.195371842966,4953.532922297207,2019-07-22T14:30:04Z,46.29548333,13.17306667,1790.00,44.3
9803,4,4197,8105.195371842966,4954.532922297207,2019-07-22T14:30:05Z,46.29550000,13.17290000,1793.00,44.31
9804,4,4198,8106.195371842966,4955.532922297207,2019-07-22T14:30:06Z,46.29553333,13.17273333,1796.00,44.321
9805,4,4199,8107.195371842966,4956.532922297207,2019-07-22T14:30:07Z,46.29558333,13.17258333,1798.00,44.332
9806,4,4200,8108.195371842966,4957.532922297207,2019-07-22T14:30:08Z,46.29566667,13.17241667,1800.00,44.348
9807,4,4201,8109.195371842966,4958.532922297207,2019-07-22T14:30:09Z,46.29576667,13.17228333,1801.00,44.363
9808,4,4202,8110.195371842966,4959.532922297207,2019-07-22T14:30:10Z,46.29588333,13.17218333,1801.00,44.378
9809,4,4203,8111.195371842966,4960.532922297207,2019-07-22T14:30:11Z,46.29603333,13.17211667,1803.00,44.394
9810,4,4204,8112.195371842966,4961.532922297207,2019-07-22T14:30:12Z,46.29620000,13.17210000,1804.00,44.409
9811,4,4205,8113.195371842966,4962.532922297207,2019-07-22T14:30:13Z,46.29635000,13.17213333,1806.00,44.42
9812,4,4206,8114.195371842966,4963.532922297207,2019-07-22T14:30:14Z,46.29650000,13.17221667,1808.00,44.429
9813,4,4207,8115.195371842966,4964.532922297207,2019-07-22T14:30:15Z,46.29661667,13.17233333,1811.00,44.433
9814,4,4208,8116.195371842966,4965.532922297207,2019-07-22T14:30:16Z,46.29671667,13.17246667,1813.00,44.435
9815,4,4209,8117.195371842966,4966.532922297207,2019-07-22T14:30:17Z,46.29680000,13.17265000,1815.00,44.434
9816,4,4210,8118.195371842966,4967.532922297207,2019-07-22T14:30:18Z,46.29686667,13.17283333,1816.00,44.43
9817,4,4211,8119.195371842966,4968.532922297207,2019-07-22T14:30:19Z,46.29690000,13.17305000,1816.00,44.423
9818,4,4212,8120.195371842966,4969.532922297207,2019-07-22T14:30:20Z,46.29693333,13.17326667,1816.00,44.415
9819,4,4213,8121.195371842966,4970.532922297207,2019-07-22T14:30:21Z,46.29693333,13.17350000,1814.00,44.404
9820,4,4214,8122.195371842966,4971.532922297207,2019-07-22T14:30:22Z,46.29693333,13.17375000,1813.00,44.392
9821,4,4215,8123.195371842966,4972.532922297207,2019-07-22T14:30:23Z,46.29695000,13.17398333,1813.00,44.382
9822,4,4216,8124.195371842966,4973.532922297207,2019-07-22T14:30:24Z,46.29695000,13.17421667,1813.00,44.37
9823,4,4217,8125.195371842966,4974.532922297207,2019-07-22T14:30:25Z,46.29695000,13.17446667,1814.00,44.358
9824,4,4218,8126.195371842966,4975.532922297207,2019-07-22T14:30:26Z,46.29695000,13.17471667,1813.00,44.346
9825,4,4219,8127.195371842966,4976.532922297207,2019-07-22T14:30:27Z,46.29691667,13.17495000,1813.00,44.332
9826,4,4220,8128.195371842966,4977.532922297207,2019-07-22T14:30:28Z,46.29688333,13.17515000,1815.00,44.32
9827,4,4221,8129.195371842966,4978.532922297207,2019-07-22T14:30:29Z,46.29680000,13.17531667,1816.00,44.304
9828,4,4222,8130.195371842966,4979.532922297207,2019-07-22T14:30:30Z,46.29670000,13.17541667,1817.00,44.291
9829,4,4223,8131.195371842966,4980.532922297207,2019-07-22T14:30:31Z,46.29658333,13.17546667,1817.00,44.278
9830,4,4224,8132.195371842966,4981.532922297207,2019-07-22T14:30:32Z,46.29646667,13.17543333,1819.00,44.27
9831,4,4225,8133.195371842966,4982.532922297207,2019-07-22T14:30:33Z,46.29636667,13.17538333,1819.00,44.264
9832,4,4226,8134.195371842966,4983.532922297207,2019-07-22T14:30:34Z,46.29628333,13.17530000,1820.00,44.26
9833,4,4227,8135.195371842966,4984.532922297207,2019-07-22T14:30:35Z,46.29621667,13.17518333,1821.00,44.26
9834,4,4228,8136.195371842966,4985.532922297207,2019-07-22T14:30:36Z,46.29618333,13.17501667,1819.00,44.266
9835,4,4229,8137.195371842966,4986.532922297207,2019-07-22T14:30:37Z,46.29620000,13.17483333,1818.00,44.276
9836,4,4230,8138.195371842966,4987.532922297207,2019-07-22T14:30:38Z,46.29623333,13.17463333,1817.00,44.288
9837,4,4231,8139.195371842966,4988.532922297207,2019-07-22T14:30:39Z,46.29630000,13.17445000,1817.00,44.303
9838,4,4232,8140.195371842966,4989.532922297207,2019-07-22T14:30:40Z,46.29636667,13.17428333,1820.00,44.317
9839,4,4233,8141.195371842966,4990.532922297207,2019-07-22T14:30:41Z,46.29645000,13.17413333,1823.00,44.331
9840,4,4234,8142.195371842966,4991.532922297207,2019-07-22T14:30:42Z,46.29651667,13.17398333,1825.00,44.344
9841,4,4235,8143.195371842966,4992.532922297207,2019-07-22T14:30:43Z,46.29660000,13.17381667,1827.00,44.36
9842,4,4236,8144.195371842966,4993.532922297207,2019-07-22T14:30:44Z,46.29666667,13.17366667,1826.00,44.373
9843,4,4237,8145.195371842966,4994.532922297207,2019-07-22T14:30:45Z,46.29676667,13.17350000,1825.00,44.389
9844,4,4238,8146.195371842966,4995.532922297207,2019-07-22T14:30:46Z,46.29686667,13.17335000,1824.00,44.405
9845,4,4239,8147.195371842966,4996.532922297207,2019-07-22T14:30:47Z,46.29700000,13.17321667,1825.00,44.423
9846,4,4240,8148.195371842966,4997.532922297207,2019-07-22T14:30:48Z,46.29715000,13.17315000,1826.00,44.439
9847,4,4241,8149.195371842966,4998.532922297207,2019-07-22T14:30:49Z,46.29731667,13.17313333,1827.00,44.455
9848,4,4242,8150.195371842966,4999.532922297207,2019-07-22T14:30:50Z,46.29746667,13.17316667,1828.00,44.466
9849,4,4243,8151.195371842966,5000.532922297207,2019-07-22T14:30:51Z,46.29763333,13.17323333,1830.00,44.477
9850,4,4244,8152.195371842966,5001.532922297207,2019-07-22T14:30:52Z,46.29778333,13.17335000,1831.00,44.484
9851,4,4245,8153.195371842966,5002.532922297207,2019-07-22T14:30:53Z,46.29791667,13.17348333,1830.00,44.489
9852,4,4246,8154.195371842966,5003.532922297207,2019-07-22T14:30:54Z,46.29805000,13.17361667,1829.00,44.495
9853,4,4247,8155.195371842966,5004.532922297207,2019-07-22T14:30:55Z,46.29816667,13.17378333,1829.00,44.497
9854,4,4248,8156.195371842966,5005.532922297207,2019-07-22T14:30:56Z,46.29830000,13.17396667,1827.00,44.499
9855,4,4249,8157.195371842966,5006.532922297207,2019-07-22T14:30:57Z,46.29840000,13.17418333,1825.00,44.498
9856,4,4250,8158.195371842966,5007.532922297207,2019-07-22T14:30:58Z,46.29851667,13.17440000,1824.00,44.497
9857,4,4251,8159.195371842966,5008.532922297207,2019-07-22T14:30:59Z,46.29863333,13.17465000,1824.00,44.495
9858,4,4252,8160.195371842966,5009.532922297207,2019-07-22T14:31:00Z,46.29875000,13.17491667,1825.00,44.493
9859,4,4253,8161.195371842966,5010.532922297207,2019-07-22T14:31:01Z,46.29883333,13.17515000,1828.00,44.489
9860,4,4254,8162.195371842966,5011.532922297207,2019-07-22T14:31:02Z,46.29890000,13.17538333,1835.00,44.483
9861,4,4255,8163.195371842966,5012.532922297207,2019-07-22T14:31:03Z,46.29895000,13.17560000,1840.00,44.477
9862,4,4256,8164.195371842966,5013.532922297207,2019-07-22T14:31:04Z,46.29898333,13.17580000,1844.00,44.471
9863,4,4257,8165.195371842966,5014.532922297207,2019-07-22T14:31:05Z,46.29900000,13.17598333,1847.00,44.463
9864,4,4258,8166.195371842966,5015.532922297207,2019-07-22T14:31:06Z,46.29900000,13.17618333,1848.00,44.454
9865,4,4259,8167.195371842966,5016.532922297207,2019-07-22T14:31:07Z,46.29896667,13.17635000,1849.00,44.443
9866,4,4260,8168.195371842966,5017.532922297207,2019-07-22T14:31:08Z,46.29890000,13.17650000,1850.00,44.43
9867,4,4261,8169.195371842966,5018.532922297207,2019-07-22T14:31:09Z,46.29881667,13.17661667,1851.00,44.417
9868,4,4262,8170.195371842966,5019.532922297207,2019-07-22T14:31:10Z,46.29871667,13.17671667,1848.00,44.404
9869,4,4263,8171.195371842966,5020.532922297207,2019-07-22T14:31:11Z,46.29860000,13.17681667,1847.00,44.389
9870,4,4264,8172.195371842966,5021.532922297207,2019-07-22T14:31:12Z,46.29850000,13.17691667,1848.00,44.375
9871,4,4265,8173.195371842966,5022.532922297207,2019-07-22T14:31:13Z,46.29840000,13.17698333,1850.00,44.363
9872,4,4266,8174.195371842966,5023.532922297207,2019-07-22T14:31:14Z,46.29830000,13.17705000,1853.00,44.352
9873,4,4267,8175.195371842966,5024.532922297207,2019-07-22T14:31:15Z,46.29818333,13.17710000,1854.00,44.339
9874,4,4268,8176.195371842966,5025.532922297207,2019-07-22T14:31:16Z,46.29806667,13.17713333,1855.00,44.327
9875,4,4269,8177.195371842966,5026.532922297207,2019-07-22T14:31:17Z,46.29795000,13.17718333,1857.00,44.315
9876,4,4270,8178.195371842966,5027.532922297207,2019-07-22T14:31:18Z,46.29783333,13.17723333,1858.00,44.302
9877,4,4271,8179.195371842966,5028.532922297207,2019-07-22T14:31:19Z,46.29773333,13.17728333,1860.00,44.291
9878,4,4272,8180.195371842966,5029.532922297207,2019-07-22T14:31:20Z,46.29761667,13.17733333,1863.00,44.278
9879,4,4273,8181.195371842966,5030.532922297207,2019-07-22T14:31:21Z,46.29751667,13.17740000,1864.00,44.267
9880,4,4274,8182.195371842966,5031.532922297207,2019-07-22T14:31:22Z,46.29740000,13.17748333,1864.00,44.252
9881,4,4275,8183.195371842966,5032.532922297207,2019-07-22T14:31:23Z,46.29728333,13.17758333,1863.00,44.238
9882,4,4276,8184.195371842966,5033.532922297207,2019-07-22T14:31:24Z,46.29715000,13.17768333,1863.00,44.221
9883,4,4277,8185.195371842966,5034.532922297207,2019-07-22T14:31:25Z,46.29703333,13.17778333,1863.00,44.206
9884,4,4278,8186.195371842966,5035.532922297207,2019-07-22T14:31:26Z,46.29693333,13.17786667,1863.00,44.193
9885,4,4279,8187.195371842966,5036.532922297207,2019-07-22T14:31:27Z,46.29683333,13.17795000,1862.00,44.181
9886,4,4280,8188.195371842966,5037.532922297207,2019-07-22T14:31:28Z,46.29675000,13.17801667,1860.00,44.17
9887,4,4281,8189.195371842966,5038.532922297207,2019-07-22T14:31:29Z,46.29665000,13.17808333,1857.00,44.158
9888,4,4282,8190.195371842966,5039.532922297207,2019-07-22T14:31:30Z,46.29653333,13.17815000,1856.00,44.145
9889,4,4283,8191.195371842966,5040.532922297207,2019-07-22T14:31:31Z,46.29641667,13.17823333,1855.00,44.131
9890,4,4284,8192.195371842967,5041.532922297207,2019-07-22T14:31:32Z,46.29630000,13.17830000,1854.00,44.118
9891,4,4285,8193.195371842967,5042.532922297207,2019-07-22T14:31:33Z,46.29618333,13.17838333,1852.00,44.104
9892,4,4286,8194.195371842967,5043.532922297207,2019-07-22T14:31:34Z,46.29605000,13.17846667,1849.00,44.088
9893,4,4287,8195.195371842967,5044.532922297207,2019-07-22T14:31:35Z,46.29593333,13.17855000,1845.00,44.074
9894,4,4288,8196.195371842967,5045.532922297207,2019-07-22T14:31:36Z,46.29580000,13.17865000,1840.00,44.057
9895,4,4289,8197.195371842967,5046.532922297207,2019-07-22T14:31:37Z,46.29566667,13.17876667,1836.00,44.04
9896,4,4290,8198.195371842967,5047.532922297207,2019-07-22T14:31:38Z,46.29553333,13.17890000,1836.00,44.022
9897,4,4291,8199.195371842967,5048.532922297207,2019-07-22T14:31:39Z,46.29541667,13.17905000,1834.00,44.005
9898,4,4292,8200.195371842967,5049.532922297207,2019-07-22T14:31:40Z,46.29530000,13.17918333,1832.00,43.988
9899,4,4293,8201.195371842967,5050.532922297207,2019-07-22T14:31:41Z,46.29518333,13.17931667,1833.00,43.972
9900,4,4294,8202.195371842967,5051.532922297207,2019-07-22T14:31:42Z,46.29506667,13.17943333,1834.00,43.956
9901,4,4295,8203.195371842967,5052.532922297207,2019-07-22T14:31:43Z,46.29495000,13.17955000,1833.00,43.94
9902,4,4296,8204.195371842967,5053.532922297207,2019-07-22T14:31:44Z,46.29485000,13.17966667,1832.00,43.926
9903,4,4297,8205.195371842967,5054.532922297207,2019-07-22T14:31:45Z,46.29473333,13.17980000,1830.00,43.91
9904,4,4298,8206.195371842967,5055.532922297207,2019-07-22T14:31:46Z,46.29460000,13.17991667,1828.00,43.892
9905,4,4299,8207.195371842967,5056.532922297207,2019-07-22T14:31:47Z,46.29448333,13.18005000,1825.00,43.876
9906,4,4300,8208.195371842967,5057.532922297207,2019-07-22T14:31:48Z,46.29438333,13.18018333,1824.00,43.861
9907,4,4301,8209.195371842967,5058.532922297207,2019-07-22T14:31:49Z,46.29426667,13.18031667,1824.00,43.844
9908,4,4302,8210.195371842967,5059.532922297207,2019-07-22T14:31:50Z,46.29415000,13.18045000,1823.00,43.828
9909,4,4303,8211.195371842967,5060.532922297207,2019-07-22T14:31:51Z,46.29401667,13.18056667,1822.00,43.811
9910,4,4304,8212.195371842967,5061.532922297207,2019-07-22T14:31:52Z,46.29390000,13.18068333,1820.00,43.795
9911,4,4305,8213.195371842967,5062.532922297207,2019-07-22T14:31:53Z,46.29378333,13.18080000,1821.00,43.779
9912,4,4306,8214.195371842967,5063.532922297207,2019-07-22T14:31:54Z,46.29366667,13.18093333,1820.00,43.763
9913,4,4307,8215.195371842967,5064.532922297207,2019-07-22T14:31:55Z,46.29355000,13.18105000,1819.00,43.747
9914,4,4308,8216.195371842967,5065.532922297207,2019-07-22T14:31:56Z,46.29343333,13.18118333,1818.00,43.73
9915,4,4309,8217.195371842967,5066.532922297207,2019-07-22T14:31:57Z,46.29331667,13.18131667,1817.00,43.714
9916,4,4310,8218.195371842967,5067.532922297207,2019-07-22T14:31:58Z,46.29318333,13.18145000,1816.00,43.696
9917,4,4311,8219.195371842967,5068.532922297207,2019-07-22T14:31:59Z,46.29306667,13.18158333,1816.00,43.679
9918,4,4312,8220.195371842967,5069.532922297207,2019-07-22T14:32:00Z,46.29295000,13.18171667,1816.00,43.663
9919,4,4313,8221.195371842967,5070.532922297207,2019-07-22T14:32:01Z,46.29285000,13.18186667,1814.00,43.647
9920,4,4314,8222.195371842967,5071.532922297207,2019-07-22T14:32:02Z,46.29273333,13.18200000,1811.00,43.63
9921,4,4315,8223.195371842967,5072.532922297207,2019-07-22T14:32:03Z,46.29261667,13.18211667,1810.00,43.615
9922,4,4316,8224.195371842967,5073.532922297207,2019-07-22T14:32:04Z,46.29250000,13.18225000,1809.00,43.598
9923,4,4317,8225.195371842967,5074.532922297207,2019-07-22T14:32:05Z,46.29238333,13.18238333,1808.00,43.582
9924,4,4318,8226.195371842967,5075.532922297207,2019-07-22T14:32:06Z,46.29226667,13.18253333,1805.00,43.564
9925,4,4319,8227.195371842967,5076.532922297207,2019-07-22T14:32:07Z,46.29215000,13.18268333,1806.00,43.547
9926,4,4320,8228.195371842967,5077.532922297207,2019-07-22T14:32:08Z,46.29205000,13.18283333,1805.00,43.531
9927,4,4321,8229.195371842967,5078.532922297207,2019-07-22T14:32:09Z,46.29193333,13.18300000,1804.00,43.513
9928,4,4322,8230.195371842967,5079.532922297207,2019-07-22T14:32:10Z,46.29181667,13.18315000,1804.00,43.496
9929,4,4323,8231.195371842967,5080.532922297207,2019-07-22T14:32:11Z,46.29170000,13.18330000,1803.00,43.478
9930,4,4324,8232.195371842967,5081.532922297207,2019-07-22T14:32:12Z,46.29160000,13.18345000,1803.00,43.462
9931,4,4325,8233.195371842967,5082.532922297207,2019-07-22T14:32:13Z,46.29148333,13.18360000,1800.00,43.445
9932,4,4326,8234.195371842967,5083.532922297207,2019-07-22T14:32:14Z,46.29136667,13.18373333,1796.00,43.428
9933,4,4327,8235.195371842967,5084.532922297207,2019-07-22T14:32:15Z,46.29125000,13.18388333,1794.00,43.411
9934,4,4328,8236.195371842967,5085.532922297207,2019-07-22T14:32:16Z,46.29111667,13.18401667,1794.00,43.393
9935,4,4329,8237.195371842967,5086.532922297207,2019-07-22T14:32:17Z,46.29101667,13.18416667,1793.00,43.377
9936,4,4330,8238.195371842967,5087.532922297207,2019-07-22T14:32:18Z,46.29090000,13.18433333,1793.00,43.359
9937,4,4331,8239.195371842967,5088.532922297207,2019-07-22T14:32:19Z,46.29078333,13.18448333,1791.00,43.342
9938,4,4332,8240.195371842967,5089.532922297207,2019-07-22T14:32:20Z,46.29068333,13.18465000,1789.00,43.325
9939,4,4333,8241.195371842967,5090.532922297207,2019-07-22T14:32:21Z,46.29056667,13.18481667,1787.00,43.307
9940,4,4334,8242.195371842967,5091.532922297207,2019-07-22T14:32:22Z,46.29045000,13.18498333,1785.00,43.289
9941,4,4335,8243.195371842967,5092.532922297207,2019-07-22T14:32:23Z,46.29033333,13.18515000,1784.00,43.271
9942,4,4336,8244.195371842967,5093.532922297207,2019-07-22T14:32:24Z,46.29023333,13.18533333,1783.00,43.253
9943,4,4337,8245.195371842967,5094.532922297207,2019-07-22T14:32:25Z,46.29013333,13.18551667,1782.00,43.236
9944,4,4338,8246.195371842967,5095.532922297207,2019-07-22T14:32:26Z,46.29003333,13.18568333,1781.00,43.219
9945,4,4339,8247.195371842967,5096.532922297207,2019-07-22T14:32:27Z,46.28995000,13.18586667,1781.00,43.203
9946,4,4340,8248.195371842967,5097.532922297207,2019-07-22T14:32:28Z,46.28985000,13.18603333,1781.00,43.186
9947,4,4341,8249.195371842967,5098.532922297207,2019-07-22T14:32:29Z,46.28975000,13.18620000,1780.00,43.17
9948,4,4342,8250.195371842967,5099.532922297207,2019-07-22T14:32:30Z,46.28965000,13.18638333,1781.00,43.152
9949,4,4343,8251.195371842967,5100.532922297207,2019-07-22T14:32:31Z,46.28955000,13.18655000,1782.00,43.136
9950,4,4344,8252.195371842967,5101.532922297207,2019-07-22T14:32:32Z,46.28946667,13.18673333,1783.00,43.12
9951,4,4345,8253.195371842967,5102.532922297207,2019-07-22T14:32:33Z,46.28938333,13.18691667,1783.00,43.104
9952,4,4346,8254.195371842967,5103.532922297207,2019-07-22T14:32:34Z,46.28928333,13.18708333,1784.00,43.087
9953,4,4347,8255.195371842967,5104.532922297207,2019-07-22T14:32:35Z,46.28918333,13.18725000,1785.00,43.07
9954,4,4348,8256.195371842967,5105.532922297207,2019-07-22T14:32:36Z,46.28908333,13.18740000,1785.00,43.054
9955,4,4349,8257.195371842967,5106.532922297207,2019-07-22T14:32:37Z,46.28898333,13.18753333,1784.00,43.039
9956,4,4350,8258.195371842967,5107.532922297207,2019-07-22T14:32:38Z,46.28886667,13.18766667,1782.00,43.023
9957,4,4351,8259.195371842967,5108.532922297207,2019-07-22T14:32:39Z,46.28875000,13.18778333,1782.00,43.007
9958,4,4352,8260.195371842967,5109.532922297207,2019-07-22T14:32:40Z,46.28863333,13.18793333,1783.00,42.99
9959,4,4353,8261.195371842967,5110.532922297207,2019-07-22T14:32:41Z,46.28851667,13.18808333,1783.00,42.972
9960,4,4354,8262.195371842967,5111.532922297207,2019-07-22T14:32:42Z,46.28841667,13.18825000,1783.00,42.956
9961,4,4355,8263.195371842967,5112.532922297207,2019-07-22T14:32:43Z,46.28830000,13.18841667,1785.00,42.938
9962,4,4356,8264.195371842967,5113.532922297207,2019-07-22T14:32:44Z,46.28818333,13.18856667,1785.00,42.92
9963,4,4357,8265.195371842967,5114.532922297207,2019-07-22T14:32:45Z,46.28805000,13.18870000,1786.00,42.902
9964,4,4358,8266.195371842967,5115.532922297207,2019-07-22T14:32:46Z,46.28793333,13.18883333,1786.00,42.886
9965,4,4359,8267.195371842967,5116.532922297207,2019-07-22T14:32:47Z,46.28781667,13.18896667,1788.00,42.869
9966,4,4360,8268.195371842967,5117.532922297207,2019-07-22T14:32:48Z,46.28771667,13.18911667,1789.00,42.853
9967,4,4361,8269.195371842967,5118.532922297207,2019-07-22T14:32:49Z,46.28760000,13.18926667,1791.00,42.836
9968,4,4362,8270.195371842967,5119.532922297207,2019-07-22T14:32:50Z,46.28750000,13.18945000,1792.00,42.819
9969,4,4363,8271.195371842967,5120.532922297207,2019-07-22T14:32:51Z,46.28741667,13.18965000,1793.00,42.802
9970,4,4364,8272.195371842967,5121.532922297207,2019-07-22T14:32:52Z,46.28736667,13.18986667,1793.00,42.787
9971,4,4365,8273.195371842967,5122.532922297207,2019-07-22T14:32:53Z,46.28731667,13.19011667,1793.00,42.771
9972,4,4366,8274.195371842967,5123.532922297207,2019-07-22T14:32:54Z,46.28731667,13.19036667,1795.00,42.759
9973,4,4367,8275.195371842967,5124.532922297207,2019-07-22T14:32:55Z,46.28733333,13.19060000,1798.00,42.749
9974,4,4368,8276.195371842967,5125.532922297207,2019-07-22T14:32:56Z,46.28740000,13.19081667,1800.00,42.745
9975,4,4369,8277.195371842967,5126.532922297207,2019-07-22T14:32:57Z,46.28750000,13.19098333,1802.00,42.746
9976,4,4370,8278.195371842967,5127.532922297207,2019-07-22T14:32:58Z,46.28761667,13.19111667,1804.00,42.75
9977,4,4371,8279.195371842967,5128.532922297207,2019-07-22T14:32:59Z,46.28776667,13.19120000,1805.00,42.759
9978,4,4372,8280.195371842967,5129.532922297207,2019-07-22T14:33:00Z,46.28791667,13.19120000,1805.00,42.772
9979,4,4373,8281.195371842967,5130.532922297207,2019-07-22T14:33:01Z,46.28806667,13.19113333,1804.00,42.788
9980,4,4374,8282.195371842967,5131.532922297207,2019-07-22T14:33:02Z,46.28818333,13.19100000,1803.00,42.805
9981,4,4375,8283.195371842967,5132.532922297207,2019-07-22T14:33:03Z,46.28826667,13.19081667,1803.00,42.821
9982,4,4376,8284.195371842967,5133.532922297207,2019-07-22T14:33:04Z,46.28830000,13.19063333,1803.00,42.833
9983,4,4377,8285.195371842967,5134.532922297207,2019-07-22T14:33:05Z,46.28828333,13.19045000,1804.00,42.84
9984,4,4378,8286.195371842967,5135.532922297207,2019-07-22T14:33:06Z,46.28823333,13.19028333,1804.00,42.843
9985,4,4379,8287.195371842967,5136.532922297207,2019-07-22T14:33:07Z,46.28816667,13.19013333,1803.00,42.845
9986,4,4380,8288.195371842967,5137.532922297207,2019-07-22T14:33:08Z,46.28806667,13.19001667,1804.00,42.841
9987,4,4381,8289.195371842967,5138.532922297207,2019-07-22T14:33:09Z,46.28795000,13.18991667,1805.00,42.836
9988,4,4382,8290.195371842967,5139.532922297207,2019-07-22T14:33:10Z,46.28781667,13.18986667,1805.00,42.827
9989,4,4383,8291.195371842967,5140.532922297207,2019-07-22T14:33:11Z,46.28768333,13.18985000,1806.00,42.816
9990,4,4384,8292.195371842967,5141.532922297207,2019-07-22T14:33:12Z,46.28753333,13.18986667,1807.00,42.802
9991,4,4385,8293.195371842967,5142.532922297207,2019-07-22T14:33:13Z,46.28740000,13.18990000,1807.00,42.789
9992,4,4386,8294.195371842967,5143.532922297207,2019-07-22T14:33:14Z,46.28726667,13.18996667,1809.00,42.774
9993,4,4387,8295.195371842967,5144.532922297207,2019-07-22T14:33:15Z,46.28713333,13.19005000,1810.00,42.758
9994,4,4388,8296.195371842967,5145.532922297207,2019-07-22T14:33:16Z,46.28700000,13.19015000,1810.00,42.742
9995,4,4389,8297.195371842967,5146.532922297207,2019-07-22T14:33:17Z,46.28688333,13.19028333,1811.00,42.725
9996,4,4390,8298.195371842967,5147.532922297207,2019-07-22T14:33:18Z,46.28676667,13.19041667,1811.00,42.709
9997,4,4391,8299.195371842967,5148.532922297207,2019-07-22T14:33:19Z,46.28666667,13.19056667,1811.00,42.693
9998,4,4392,8300.195371842967,5149.532922297207,2019-07-22T14:33:20Z,46.28656667,13.19075000,1812.00,42.675
9999,4,4393,8301.195371842967,5150.532922297207,2019-07-22T14:33:21Z,46.28648333,13.19093333,1813.00,42.659
10000,4,4394,8302.195371842967,5151.532922297207,2019-07-22T14:33:22Z,46.28640000,13.19111667,1815.00,42.643
10001,4,4395,8303.195371842967,5152.532922297207,2019-07-22T14:33:23Z,46.28635000,13.19131667,1816.00,42.629
10002,4,4396,8304.195371842967,5153.532922297207,2019-07-22T14:33:24Z,46.28631667,13.19155000,1817.00,42.615
10003,4,4397,8305.195371842967,5154.532922297207,2019-07-22T14:33:25Z,46.28631667,13.19178333,1817.00,42.604
10004,4,4398,8306.195371842967,5155.532922297207,2019-07-22T14:33:26Z,46.28635000,13.19203333,1818.00,42.595
10005,4,4399,8307.195371842967,5156.532922297207,2019-07-22T14:33:27Z,46.28641667,13.19226667,1819.00,42.59
10006,4,4400,8308.195371842967,5157.532922297207,2019-07-22T14:33:28Z,46.28651667,13.19248333,1819.00,42.589
10007,4,4401,8309.195371842967,5158.532922297207,2019-07-22T14:33:29Z,46.28663333,13.19266667,1819.00,42.59
10008,4,4402,8310.195371842967,5159.532922297207,2019-07-22T14:33:30Z,46.28678333,13.19281667,1819.00,42.596
10009,4,4403,8311.195371842967,5160.532922297207,2019-07-22T14:33:31Z,46.28695000,13.19291667,1817.00,42.606
10010,4,4404,8312.195371842967,5161.532922297207,2019-07-22T14:33:32Z,46.28711667,13.19300000,1816.00,42.617
10011,4,4405,8313.195371842967,5162.532922297207,2019-07-22T14:33:33Z,46.28728333,13.19305000,1816.00,42.629
10012,4,4406,8314.195371842967,5163.532922297207,2019-07-22T14:33:34Z,46.28745000,13.19308333,1815.00,42.643
10013,4,4407,8315.195371842967,5164.532922297207,2019-07-22T14:33:35Z,46.28760000,13.19310000,1816.00,42.655
10014,4,4408,8316.195371842967,5165.532922297207,2019-07-22T14:33:36Z,46.28775000,13.19311667,1817.00,42.667
10015,4,4409,8317.195371842967,5166.532922297207,2019-07-22T14:33:37Z,46.28788333,13.19310000,1816.00,42.68
10016,4,4410,8318.195371842967,5167.532922297207,2019-07-22T14:33:38Z,46.28801667,13.19305000,1815.00,42.694
10017,4,4411,8319.195371842967,5168.532922297207,2019-07-22T14:33:39Z,46.28816667,13.19298333,1816.00,42.71
10018,4,4412,8320.195371842967,5169.532922297207,2019-07-22T14:33:40Z,46.28831667,13.19293333,1817.00,42.726
10019,4,4413,8321.195371842967,5170.532922297207,2019-07-22T14:33:41Z,46.28846667,13.19286667,1817.00,42.742
10020,4,4414,8322.195371842967,5171.532922297207,2019-07-22T14:33:42Z,46.28860000,13.19280000,1818.00,42.757
10021,4,4415,8323.195371842967,5172.532922297207,2019-07-22T14:33:43Z,46.28873333,13.19273333,1820.00,42.772
10022,4,4416,8324.195371842967,5173.532922297207,2019-07-22T14:33:44Z,46.28886667,13.19261667,1820.00,42.789
10023,4,4417,8325.195371842967,5174.532922297207,2019-07-22T14:33:45Z,46.28900000,13.19250000,1821.00,42.807
10024,4,4418,8326.195371842967,5175.532922297207,2019-07-22T14:33:46Z,46.28910000,13.19238333,1822.00,42.821
10025,4,4419,8327.195371842967,5176.532922297207,2019-07-22T14:33:47Z,46.28920000,13.19225000,1822.00,42.836
10026,4,4420,8328.195371842967,5177.532922297207,2019-07-22T14:33:48Z,46.28928333,13.19213333,1823.00,42.849
10027,4,4421,8329.195371842967,5178.532922297207,2019-07-22T14:33:49Z,46.28935000,13.19198333,1824.00,42.862
10028,4,4422,8330.195371842967,5179.532922297207,2019-07-22T14:33:50Z,46.28941667,13.19185000,1825.00,42.874
10029,4,4423,8331.195371842967,5180.532922297207,2019-07-22T14:33:51Z,46.28945000,13.19170000,1826.00,42.884
10030,4,4424,8332.195371842967,5181.532922297207,2019-07-22T14:33:52Z,46.28946667,13.19153333,1826.00,42.893
10031,4,4425,8333.195371842967,5182.532922297207,2019-07-22T14:33:53Z,46.28945000,13.19138333,1826.00,42.898
10032,4,4426,8334.195371842967,5183.532922297207,2019-07-22T14:33:54Z,46.28938333,13.19123333,1825.00,42.9
10033,4,4427,8335.195371842967,5184.532922297207,2019-07-22T14:33:55Z,46.28928333,13.19110000,1824.00,42.897
10034,4,4428,8336.195371842967,5185.532922297207,2019-07-22T14:33:56Z,46.28916667,13.19103333,1824.00,42.89
10035,4,4429,8337.195371842967,5186.532922297207,2019-07-22T14:33:57Z,46.28901667,13.19100000,1825.00,42.878
10036,4,4430,8338.195371842967,5187.532922297207,2019-07-22T14:33:58Z,46.28888333,13.19103333,1826.00,42.865
10037,4,4431,8339.195371842967,5188.532922297207,2019-07-22T14:33:59Z,46.28875000,13.19111667,1827.00,42.849
10038,4,4432,8340.195371842967,5189.532922297207,2019-07-22T14:34:00Z,46.28861667,13.19123333,1827.00,42.832
10039,4,4433,8341.195371842967,5190.532922297207,2019-07-22T14:34:01Z,46.28850000,13.19138333,1828.00,42.815
10040,4,4434,8342.195371842967,5191.532922297207,2019-07-22T14:34:02Z,46.28841667,13.19158333,1828.00,42.798
10041,4,4435,8343.195371842967,5192.532922297207,2019-07-22T14:34:03Z,46.28835000,13.19178333,1828.00,42.783
10042,4,4436,8344.195371842967,5193.532922297207,2019-07-22T14:34:04Z,46.28830000,13.19201667,1827.00,42.767
10043,4,4437,8345.195371842967,5194.532922297207,2019-07-22T14:34:05Z,46.28828333,13.19225000,1828.00,42.755
10044,4,4438,8346.195371842967,5195.532922297207,2019-07-22T14:34:06Z,46.28826667,13.19250000,1828.00,42.742
10045,4,4439,8347.195371842967,5196.532922297207,2019-07-22T14:34:07Z,46.28830000,13.19275000,1828.00,42.733
10046,4,4440,8348.195371842967,5197.532922297207,2019-07-22T14:34:08Z,46.28833333,13.19300000,1828.00,42.724
10047,4,4441,8349.195371842967,5198.532922297207,2019-07-22T14:34:09Z,46.28840000,13.19323333,1829.00,42.719
10048,4,4442,8350.195371842967,5199.532922297207,2019-07-22T14:34:10Z,46.28846667,13.19345000,1829.00,42.715
10049,4,4443,8351.195371842967,5200.532922297207,2019-07-22T14:34:11Z,46.28855000,13.19365000,1829.00,42.713
10050,4,4444,8352.195371842967,5201.532922297207,2019-07-22T14:34:12Z,46.28865000,13.19383333,1830.00,42.713
10051,4,4445,8353.195371842967,5202.532922297207,2019-07-22T14:34:13Z,46.28875000,13.19401667,1830.00,42.714
10052,4,4446,8354.195371842967,5203.532922297207,2019-07-22T14:34:14Z,46.28886667,13.19418333,1830.00,42.716
10053,4,4447,8355.195371842967,5204.532922297207,2019-07-22T14:34:15Z,46.28900000,13.19430000,1830.00,42.723
10054,4,4448,8356.195371842967,5205.532922297207,2019-07-22T14:34:16Z,46.28913333,13.19441667,1829.00,42.729
10055,4,4449,8357.195371842967,5206.532922297207,2019-07-22T14:34:17Z,46.28930000,13.19450000,1829.00,42.74
10056,4,4450,8358.195371842967,5207.532922297207,2019-07-22T14:34:18Z,46.28945000,13.19456667,1831.00,42.75
10057,4,4451,8359.195371842967,5208.532922297207,2019-07-22T14:34:19Z,46.28958333,13.19461667,1831.00,42.76
10058,4,4452,8360.195371842967,5209.532922297207,2019-07-22T14:34:20Z,46.28973333,13.19465000,1833.00,42.772
10059,4,4453,8361.195371842967,5210.532922297207,2019-07-22T14:34:21Z,46.28986667,13.19466667,1833.00,42.783
10060,4,4454,8362.195371842967,5211.532922297207,2019-07-22T14:34:22Z,46.29000000,13.19468333,1833.00,42.794
10061,4,4455,8363.195371842967,5212.532922297207,2019-07-22T14:34:23Z,46.29013333,13.19466667,1834.00,42.807
10062,4,4456,8364.195371842967,5213.532922297207,2019-07-22T14:34:24Z,46.29028333,13.19465000,1834.00,42.821
10063,4,4457,8365.195371842967,5214.532922297207,2019-07-22T14:34:25Z,46.29040000,13.19460000,1835.00,42.834
10064,4,4458,8366.195371842967,5215.532922297207,2019-07-22T14:34:26Z,46.29051667,13.19450000,1833.00,42.848
10065,4,4459,8367.195371842967,5216.532922297207,2019-07-22T14:34:27Z,46.29060000,13.19435000,1834.00,42.863
10066,4,4460,8368.195371842967,5217.532922297207,2019-07-22T14:34:28Z,46.29066667,13.19418333,1834.00,42.876
10067,4,4461,8369.195371842967,5218.532922297207,2019-07-22T14:34:29Z,46.29070000,13.19398333,1835.00,42.889
10068,4,4462,8370.195371842967,5219.532922297207,2019-07-22T14:34:30Z,46.29068333,13.19380000,1833.00,42.896
10069,4,4463,8371.195371842967,5220.532922297207,2019-07-22T14:34:31Z,46.29066667,13.19361667,1833.00,42.902
10070,4,4464,8372.195371842967,5221.532922297207,2019-07-22T14:34:32Z,46.29061667,13.19345000,1833.00,42.906
10071,4,4465,8373.195371842967,5222.532922297207,2019-07-22T14:34:33Z,46.29055000,13.19328333,1833.00,42.908
10072,4,4466,8374.195371842967,5223.532922297207,2019-07-22T14:34:34Z,46.29050000,13.19313333,1834.00,42.91
10073,4,4467,8375.195371842967,5224.532922297207,2019-07-22T14:34:35Z,46.29045000,13.19298333,1834.00,42.912
10074,4,4468,8376.195371842967,5225.532922297207,2019-07-22T14:34:36Z,46.29041667,13.19281667,1834.00,42.917
10075,4,4469,8377.195371842967,5226.532922297207,2019-07-22T14:34:37Z,46.29040000,13.19265000,1836.00,42.923
10076,4,4470,8378.195371842967,5227.532922297207,2019-07-22T14:34:38Z,46.29040000,13.19250000,1837.00,42.93
10077,4,4471,8379.195371842967,5228.532922297207,2019-07-22T14:34:39Z,46.29041667,13.19233333,1837.00,42.94
10078,4,4472,8380.195371842967,5229.532922297207,2019-07-22T14:34:40Z,46.29045000,13.19216667,1837.00,42.95
10079,4,4473,8381.195371842967,5230.532922297207,2019-07-22T14:34:41Z,46.29048333,13.19198333,1837.00,42.962
10080,4,4474,8382.195371842967,5231.532922297207,2019-07-22T14:34:42Z,46.29051667,13.19180000,1837.00,42.973
10081,4,4475,8383.195371842967,5232.532922297207,2019-07-22T14:34:43Z,46.29055000,13.19161667,1837.00,42.985
10082,4,4476,8384.195371842967,5233.532922297207,2019-07-22T14:34:44Z,46.29058333,13.19143333,1836.00,42.996
10083,4,4477,8385.195371842967,5234.532922297207,2019-07-22T14:34:45Z,46.29063333,13.19125000,1836.00,43.009
10084,4,4478,8386.195371842967,5235.532922297207,2019-07-22T14:34:46Z,46.29070000,13.19106667,1836.00,43.024
10085,4,4479,8387.195371842967,5236.532922297207,2019-07-22T14:34:47Z,46.29076667,13.19090000,1836.00,43.037
10086,4,4480,8388.195371842967,5237.532922297207,2019-07-22T14:34:48Z,46.29083333,13.19071667,1837.00,43.052
10087,4,4481,8389.195371842967,5238.532922297207,2019-07-22T14:34:49Z,46.29090000,13.19055000,1837.00,43.065
10088,4,4482,8390.195371842967,5239.532922297207,2019-07-22T14:34:50Z,46.29096667,13.19036667,1838.00,43.08
10089,4,4483,8391.195371842967,5240.532922297207,2019-07-22T14:34:51Z,46.29103333,13.19020000,1838.00,43.094
10090,4,4484,8392.195371842967,5241.532922297207,2019-07-22T14:34:52Z,46.29110000,13.19003333,1838.00,43.107
10091,4,4485,8393.195371842967,5242.532922297207,2019-07-22T14:34:53Z,46.29116667,13.18986667,1839.00,43.121
10092,4,4486,8394.195371842967,5243.532922297207,2019-07-22T14:34:54Z,46.29123333,13.18970000,1840.00,43.135
10093,4,4487,8395.195371842967,5244.532922297207,2019-07-22T14:34:55Z,46.29128333,13.18953333,1840.00,43.147
10094,4,4488,8396.195371842967,5245.532922297207,2019-07-22T14:34:56Z,46.29135000,13.18935000,1839.00,43.161
10095,4,4489,8397.195371842967,5246.532922297207,2019-07-22T14:34:57Z,46.29141667,13.18918333,1839.00,43.175
10096,4,4490,8398.195371842967,5247.532922297207,2019-07-22T14:34:58Z,46.29148333,13.18901667,1838.00,43.189
10097,4,4491,8399.195371842967,5248.532922297207,2019-07-22T14:34:59Z,46.29155000,13.18883333,1837.00,43.203
10098,4,4492,8400.195371842967,5249.532922297207,2019-07-22T14:35:00Z,46.29163333,13.18866667,1835.00,43.218
10099,4,4493,8401.195371842967,5250.532922297207,2019-07-22T14:35:01Z,46.29170000,13.18850000,1834.00,43.232
10100,4,4494,8402.195371842967,5251.532922297207,2019-07-22T14:35:02Z,46.29176667,13.18831667,1833.00,43.246
10101,4,4495,8403.195371842967,5252.532922297207,2019-07-22T14:35:03Z,46.29185000,13.18815000,1832.00,43.261
10102,4,4496,8404.195371842967,5253.532922297207,2019-07-22T14:35:04Z,46.29191667,13.18798333,1831.00,43.275
10103,4,4497,8405.195371842967,5254.532922297207,2019-07-22T14:35:05Z,46.29196667,13.18780000,1830.00,43.288
10104,4,4498,8406.195371842967,5255.532922297207,2019-07-22T14:35:06Z,46.29200000,13.18761667,1829.00,43.3
10105,4,4499,8407.195371842967,5256.532922297207,2019-07-22T14:35:07Z,46.29203333,13.18743333,1828.00,43.311
10106,4,4500,8408.195371842967,5257.532922297207,2019-07-22T14:35:08Z,46.29205000,13.18725000,1827.00,43.321
10107,4,4501,8409.195371842967,5258.532922297207,2019-07-22T14:35:09Z,46.29205000,13.18706667,1825.00,43.33
10108,4,4502,8410.195371842967,5259.532922297207,2019-07-22T14:35:10Z,46.29205000,13.18686667,1824.00,43.339
10109,4,4503,8411.195371842967,5260.532922297207,2019-07-22T14:35:11Z,46.29205000,13.18668333,1822.00,43.348
10110,4,4504,8412.195371842967,5261.532922297207,2019-07-22T14:35:12Z,46.29201667,13.18648333,1820.00,43.355
10111,4,4505,8413.195371842967,5262.532922297207,2019-07-22T14:35:13Z,46.29200000,13.18628333,1819.00,43.363
10112,4,4506,8414.195371842967,5263.532922297207,2019-07-22T14:35:14Z,46.29196667,13.18611667,1819.00,43.367
10113,4,4507,8415.195371842967,5264.532922297207,2019-07-22T14:35:15Z,46.29191667,13.18593333,1818.00,43.372
10114,4,4508,8416.195371842967,5265.532922297207,2019-07-22T14:35:16Z,46.29185000,13.18578333,1818.00,43.373
10115,4,4509,8417.195371842967,5266.532922297207,2019-07-22T14:35:17Z,46.29176667,13.18566667,1817.00,43.371
10116,4,4510,8418.195371842967,5267.532922297207,2019-07-22T14:35:18Z,46.29166667,13.18555000,1817.00,43.368
10117,4,4511,8419.195371842967,5268.532922297207,2019-07-22T14:35:19Z,46.29158333,13.18545000,1817.00,43.366
10118,4,4512,8420.195371842967,5269.532922297207,2019-07-22T14:35:20Z,46.29148333,13.18536667,1815.00,43.361
10119,4,4513,8421.195371842967,5270.532922297207,2019-07-22T14:35:21Z,46.29136667,13.18526667,1813.00,43.355
10120,4,4514,8422.195371842967,5271.532922297207,2019-07-22T14:35:22Z,46.29126667,13.18515000,1813.00,43.352
10121,4,4515,8423.195371842967,5272.532922297207,2019-07-22T14:35:23Z,46.29115000,13.18503333,1814.00,43.348
10122,4,4516,8424.195371842967,5273.532922297207,2019-07-22T14:35:24Z,46.29106667,13.18490000,1814.00,43.347
10123,4,4517,8425.195371842967,5274.532922297207,2019-07-22T14:35:25Z,46.29098333,13.18475000,1814.00,43.346
10124,4,4518,8426.195371842967,5275.532922297207,2019-07-22T14:35:26Z,46.29093333,13.18460000,1815.00,43.349
10125,4,4519,8427.195371842967,5276.532922297207,2019-07-22T14:35:27Z,46.29090000,13.18441667,1816.00,43.355
10126,4,4520,8428.195371842967,5277.532922297207,2019-07-22T14:35:28Z,46.29086667,13.18423333,1817.00,43.361
10127,4,4521,8429.195371842967,5278.532922297207,2019-07-22T14:35:29Z,46.29085000,13.18403333,1818.00,43.369
10128,4,4522,8430.195371842967,5279.532922297207,2019-07-22T14:35:30Z,46.29085000,13.18383333,1818.00,43.379
10129,4,4523,8431.195371842967,5280.532922297207,2019-07-22T14:35:31Z,46.29086667,13.18363333,1819.00,43.39
10130,4,4524,8432.195371842967,5281.532922297207,2019-07-22T14:35:32Z,46.29088333,13.18343333,1820.00,43.401
10131,4,4525,8433.195371842967,5282.532922297207,2019-07-22T14:35:33Z,46.29091667,13.18325000,1819.00,43.413
10132,4,4526,8434.195371842967,5283.532922297207,2019-07-22T14:35:34Z,46.29093333,13.18306667,1819.00,43.423
10133,4,4527,8435.195371842967,5284.532922297207,2019-07-22T14:35:35Z,46.29098333,13.18288333,1819.00,43.436
10134,4,4528,8436.195371842967,5285.532922297207,2019-07-22T14:35:36Z,46.29105000,13.18270000,1817.00,43.451
10135,4,4529,8437.195371842967,5286.532922297207,2019-07-22T14:35:37Z,46.29115000,13.18251667,1816.00,43.468
10136,4,4530,8438.195371842967,5287.532922297207,2019-07-22T14:35:38Z,46.29125000,13.18233333,1815.00,43.486
10137,4,4531,8439.195371842967,5288.532922297207,2019-07-22T14:35:39Z,46.29133333,13.18216667,1812.00,43.501
10138,4,4532,8440.195371842967,5289.532922297207,2019-07-22T14:35:40Z,46.29143333,13.18200000,1812.00,43.517
10139,4,4533,8441.195371842967,5290.532922297207,2019-07-22T14:35:41Z,46.29153333,13.18183333,1813.00,43.534
10140,4,4534,8442.195371842967,5291.532922297207,2019-07-22T14:35:42Z,46.29165000,13.18168333,1813.00,43.552
10141,4,4535,8443.195371842967,5292.532922297207,2019-07-22T14:35:43Z,46.29180000,13.18155000,1813.00,43.571
10142,4,4536,8444.195371842967,5293.532922297207,2019-07-22T14:35:44Z,46.29193333,13.18143333,1812.00,43.588
10143,4,4537,8445.195371842967,5294.532922297207,2019-07-22T14:35:45Z,46.29208333,13.18133333,1812.00,43.606
10144,4,4538,8446.195371842967,5295.532922297207,2019-07-22T14:35:46Z,46.29223333,13.18125000,1812.00,43.623
10145,4,4539,8447.195371842967,5296.532922297207,2019-07-22T14:35:47Z,46.29238333,13.18118333,1813.00,43.639
10146,4,4540,8448.195371842967,5297.532922297207,2019-07-22T14:35:48Z,46.29251667,13.18110000,1814.00,43.655
10147,4,4541,8449.195371842967,5298.532922297207,2019-07-22T14:35:49Z,46.29265000,13.18103333,1815.00,43.669
10148,4,4542,8450.195371842967,5299.532922297207,2019-07-22T14:35:50Z,46.29278333,13.18095000,1815.00,43.685
10149,4,4543,8451.195371842967,5300.532922297207,2019-07-22T14:35:51Z,46.29291667,13.18088333,1815.00,43.7
10150,4,4544,8452.195371842967,5301.532922297207,2019-07-22T14:35:52Z,46.29305000,13.18080000,1813.00,43.715
10151,4,4545,8453.195371842967,5302.532922297207,2019-07-22T14:35:53Z,46.29318333,13.18073333,1811.00,43.73
10152,4,4546,8454.195371842967,5303.532922297207,2019-07-22T14:35:54Z,46.29333333,13.18066667,1809.00,43.746
10153,4,4547,8455.195371842967,5304.532922297207,2019-07-22T14:35:55Z,46.29348333,13.18061667,1806.00,43.762
10154,4,4548,8456.195371842967,5305.532922297207,2019-07-22T14:35:56Z,46.29363333,13.18056667,1803.00,43.777
10155,4,4549,8457.195371842967,5306.532922297207,2019-07-22T14:35:57Z,46.29378333,13.18053333,1801.00,43.792
10156,4,4550,8458.195371842967,5307.532922297207,2019-07-22T14:35:58Z,46.29395000,13.18050000,1800.00,43.808
10157,4,4551,8459.195371842967,5308.532922297207,2019-07-22T14:35:59Z,46.29410000,13.18046667,1797.00,43.823
10158,4,4552,8460.195371842967,5309.532922297207,2019-07-22T14:36:00Z,46.29426667,13.18041667,1795.00,43.839
10159,4,4553,8461.195371842967,5310.532922297207,2019-07-22T14:36:01Z,46.29443333,13.18036667,1796.00,43.856
10160,4,4554,8462.195371842967,5311.532922297207,2019-07-22T14:36:02Z,46.29458333,13.18031667,1796.00,43.872
10161,4,4555,8463.195371842967,5312.532922297207,2019-07-22T14:36:03Z,46.29475000,13.18025000,1795.00,43.89
10162,4,4556,8464.195371842967,5313.532922297207,2019-07-22T14:36:04Z,46.29490000,13.18016667,1795.00,43.907
10163,4,4557,8465.195371842967,5314.532922297207,2019-07-22T14:36:05Z,46.29506667,13.18008333,1794.00,43.925
10164,4,4558,8466.195371842967,5315.532922297207,2019-07-22T14:36:06Z,46.29521667,13.18001667,1793.00,43.941
10165,4,4559,8467.195371842967,5316.532922297207,2019-07-22T14:36:07Z,46.29538333,13.17993333,1792.00,43.96
10166,4,4560,8468.195371842967,5317.532922297207,2019-07-22T14:36:08Z,46.29553333,13.17985000,1790.00,43.977
10167,4,4561,8469.195371842967,5318.532922297207,2019-07-22T14:36:09Z,46.29568333,13.17978333,1788.00,43.993
10168,4,4562,8470.195371842967,5319.532922297207,2019-07-22T14:36:10Z,46.29585000,13.17971667,1786.00,44.011
10169,4,4563,8471.195371842967,5320.532922297207,2019-07-22T14:36:11Z,46.29600000,13.17965000,1784.00,44.027
10170,4,4564,8472.195371842967,5321.532922297207,2019-07-22T14:36:12Z,46.29616667,13.17958333,1782.00,44.045
10171,4,4565,8473.195371842967,5322.532922297207,2019-07-22T14:36:13Z,46.29633333,13.17951667,1781.00,44.063
10172,4,4566,8474.195371842967,5323.532922297207,2019-07-22T14:36:14Z,46.29650000,13.17945000,1779.00,44.08
10173,4,4567,8475.195371842967,5324.532922297207,2019-07-22T14:36:15Z,46.29666667,13.17938333,1777.00,44.098
10174,4,4568,8476.195371842967,5325.532922297207,2019-07-22T14:36:16Z,46.29681667,13.17933333,1776.00,44.113
10175,4,4569,8477.195371842967,5326.532922297207,2019-07-22T14:36:17Z,46.29698333,13.17926667,1775.00,44.131
10176,4,4570,8478.195371842967,5327.532922297207,2019-07-22T14:36:18Z,46.29715000,13.17918333,1773.00,44.15
10177,4,4571,8479.195371842967,5328.532922297207,2019-07-22T14:36:19Z,46.29731667,13.17911667,1771.00,44.167
10178,4,4572,8480.195371842967,5329.532922297207,2019-07-22T14:36:20Z,46.29748333,13.17905000,1770.00,44.185
10179,4,4573,8481.195371842967,5330.532922297207,2019-07-22T14:36:21Z,46.29765000,13.17896667,1767.00,44.204
10180,4,4574,8482.195371842967,5331.532922297207,2019-07-22T14:36:22Z,46.29781667,13.17890000,1766.00,44.221
10181,4,4575,8483.195371842967,5332.532922297207,2019-07-22T14:36:23Z,46.29796667,13.17881667,1765.00,44.239
10182,4,4576,8484.195371842967,5333.532922297207,2019-07-22T14:36:24Z,46.29813333,13.17871667,1761.00,44.258
10183,4,4577,8485.195371842967,5334.532922297207,2019-07-22T14:36:25Z,46.29828333,13.17863333,1759.00,44.275
10184,4,4578,8486.195371842967,5335.532922297207,2019-07-22T14:36:26Z,46.29845000,13.17855000,1757.00,44.293
10185,4,4579,8487.195371842967,5336.532922297207,2019-07-22T14:36:27Z,46.29860000,13.17845000,1753.00,44.311
10186,4,4580,8488.195371842967,5337.532922297207,2019-07-22T14:36:28Z,46.29876667,13.17835000,1751.00,44.331
10187,4,4581,8489.195371842967,5338.532922297207,2019-07-22T14:36:29Z,46.29891667,13.17821667,1748.00,44.35
10188,4,4582,8490.195371842967,5339.532922297207,2019-07-22T14:36:30Z,46.29908333,13.17810000,1745.00,44.37
10189,4,4583,8491.195371842967,5340.532922297207,2019-07-22T14:36:31Z,46.29923333,13.17795000,1742.00,44.39
10190,4,4584,8492.195371842967,5341.532922297207,2019-07-22T14:36:32Z,46.29936667,13.17778333,1741.00,44.41
10191,4,4585,8493.195371842967,5342.532922297207,2019-07-22T14:36:33Z,46.29948333,13.17761667,1740.00,44.428
10192,4,4586,8494.195371842967,5343.532922297207,2019-07-22T14:36:34Z,46.29958333,13.17743333,1741.00,44.446
10193,4,4587,8495.195371842967,5344.532922297207,2019-07-22T14:36:35Z,46.29965000,13.17725000,1740.00,44.46
10194,4,4588,8496.195371842967,5345.532922297207,2019-07-22T14:36:36Z,46.29970000,13.17706667,1742.00,44.473
10195,4,4589,8497.195371842967,5346.532922297207,2019-07-22T14:36:37Z,46.29975000,13.17690000,1743.00,44.485
10196,4,4590,8498.195371842967,5347.532922297207,2019-07-22T14:36:38Z,46.29976667,13.17675000,1743.00,44.494
10197,4,4591,8499.195371842967,5348.532922297207,2019-07-22T14:36:39Z,46.29976667,13.17656667,1743.00,44.503
10198,4,4592,8500.195371842967,5349.532922297207,2019-07-22T14:36:40Z,46.29975000,13.17640000,1742.00,44.509
10199,4,4593,8501.195371842967,5350.532922297207,2019-07-22T14:36:41Z,46.29971667,13.17625000,1739.00,44.513
10200,4,4594,8502.195371842967,5351.532922297207,2019-07-22T14:36:42Z,46.29965000,13.17608333,1736.00,44.515
10201,4,4595,8503.195371842967,5352.532922297207,2019-07-22T14:36:43Z,46.29958333,13.17593333,1733.00,44.517
10202,4,4596,8504.195371842967,5353.532922297207,2019-07-22T14:36:44Z,46.29951667,13.17581667,1731.00,44.516
10203,4,4597,8505.195371842967,5354.532922297207,2019-07-22T14:36:45Z,46.29943333,13.17570000,1730.00,44.515
10204,4,4598,8506.195371842967,5355.532922297207,2019-07-22T14:36:46Z,46.29935000,13.17560000,1727.00,44.512
10205,4,4599,8507.195371842967,5356.532922297207,2019-07-22T14:36:47Z,46.29926667,13.17551667,1725.00,44.509
10206,4,4600,8508.195371842967,5357.532922297207,2019-07-22T14:36:48Z,46.29918333,13.17543333,1722.00,44.506
10207,4,4601,8509.195371842967,5358.532922297207,2019-07-22T14:36:49Z,46.29910000,13.17536667,1721.00,44.502
10208,4,4602,8510.195371842967,5359.532922297207,2019-07-22T14:36:50Z,46.29900000,13.17531667,1719.00,44.495
10209,4,4603,8511.195371842967,5360.532922297207,2019-07-22T14:36:51Z,46.29890000,13.17531667,1716.00,44.487
10210,4,4604,8512.195371842967,5361.532922297207,2019-07-22T14:36:52Z,46.29878333,13.17533333,1715.00,44.476
10211,4,4605,8513.195371842967,5362.532922297207,2019-07-22T14:36:53Z,46.29866667,13.17538333,1712.00,44.463
10212,4,4606,8514.195371842967,5363.532922297207,2019-07-22T14:36:54Z,46.29855000,13.17543333,1713.00,44.451
10213,4,4607,8515.195371842967,5364.532922297207,2019-07-22T14:36:55Z,46.29843333,13.17548333,1714.00,44.438
10214,4,4608,8516.195371842967,5365.532922297207,2019-07-22T14:36:56Z,46.29833333,13.17553333,1714.00,44.427
10215,4,4609,8517.195371842967,5366.532922297207,2019-07-22T14:36:57Z,46.29823333,13.17558333,1715.00,44.416
10216,4,4610,8518.195371842967,5367.532922297207,2019-07-22T14:36:58Z,46.29815000,13.17561667,1716.00,44.407
10217,4,4611,8519.195371842967,5368.532922297207,2019-07-22T14:36:59Z,46.29805000,13.17566667,1716.00,44.396
10218,4,4612,8520.195371842967,5369.532922297207,2019-07-22T14:37:00Z,46.29795000,13.17573333,1716.00,44.384
10219,4,4613,8521.195371842967,5370.532922297207,2019-07-22T14:37:01Z,46.29786667,13.17581667,1719.00,44.373
10220,4,4614,8522.195371842967,5371.532922297207,2019-07-22T14:37:02Z,46.29776667,13.17590000,1720.00,44.36
10221,4,4615,8523.195371842967,5372.532922297207,2019-07-22T14:37:03Z,46.29766667,13.17596667,1722.00,44.348
10222,4,4616,8524.195371842967,5373.532922297207,2019-07-22T14:37:04Z,46.29756667,13.17601667,1722.00,44.337
10223,4,4617,8525.195371842967,5374.532922297207,2019-07-22T14:37:05Z,46.29746667,13.17605000,1723.00,44.327
10224,4,4618,8526.195371842967,5375.532922297207,2019-07-22T14:37:06Z,46.29736667,13.17606667,1723.00,44.317
10225,4,4619,8527.195371842967,5376.532922297207,2019-07-22T14:37:07Z,46.29725000,13.17606667,1723.00,44.307
10226,4,4620,8528.195371842967,5377.532922297207,2019-07-22T14:37:08Z,46.29715000,13.17603333,1725.00,44.3
10227,4,4621,8529.195371842967,5378.532922297207,2019-07-22T14:37:09Z,46.29705000,13.17601667,1725.00,44.292
10228,4,4622,8530.195371842967,5379.532922297207,2019-07-22T14:37:10Z,46.29693333,13.17601667,1725.00,44.282
10229,4,4623,8531.195371842967,5380.532922297207,2019-07-22T14:37:11Z,46.29683333,13.17606667,1724.00,44.271
10230,4,4624,8532.195371842967,5381.532922297207,2019-07-22T14:37:12Z,46.29675000,13.17615000,1723.00,44.26
10231,4,4625,8533.195371842967,5382.532922297207,2019-07-22T14:37:13Z,46.29665000,13.17626667,1723.00,44.246
10232,4,4626,8534.195371842967,5383.532922297207,2019-07-22T14:37:14Z,46.29655000,13.17638333,1722.00,44.231
10233,4,4627,8535.195371842967,5384.532922297207,2019-07-22T14:37:15Z,46.29645000,13.17648333,1722.00,44.218
10234,4,4628,8536.195371842967,5385.532922297207,2019-07-22T14:37:16Z,46.29635000,13.17660000,1721.00,44.204
10235,4,4629,8537.195371842967,5386.532922297207,2019-07-22T14:37:17Z,46.29625000,13.17670000,1720.00,44.19
10236,4,4630,8538.195371842967,5387.532922297207,2019-07-22T14:37:18Z,46.29615000,13.17681667,1718.00,44.176
10237,4,4631,8539.195371842967,5388.532922297207,2019-07-22T14:37:19Z,46.29605000,13.17691667,1719.00,44.162
10238,4,4632,8540.195371842967,5389.532922297207,2019-07-22T14:37:20Z,46.29595000,13.17703333,1720.00,44.148
10239,4,4633,8541.195371842967,5390.532922297207,2019-07-22T14:37:21Z,46.29586667,13.17715000,1721.00,44.135
10240,4,4634,8542.195371842967,5391.532922297207,2019-07-22T14:37:22Z,46.29578333,13.17725000,1720.00,44.123
10241,4,4635,8543.195371842967,5392.532922297207,2019-07-22T14:37:23Z,46.29568333,13.17735000,1720.00,44.11
10242,4,4636,8544.195371842967,5393.532922297207,2019-07-22T14:37:24Z,46.29556667,13.17745000,1720.00,44.095
10243,4,4637,8545.195371842967,5394.532922297207,2019-07-22T14:37:25Z,46.29546667,13.17756667,1720.00,44.08
10244,4,4638,8546.195371842967,5395.532922297207,2019-07-22T14:37:26Z,46.29536667,13.17771667,1719.00,44.065
10245,4,4639,8547.195371842967,5396.532922297207,2019-07-22T14:37:27Z,46.29526667,13.17788333,1719.00,44.048
10246,4,4640,8548.195371842967,5397.532922297207,2019-07-22T14:37:28Z,46.29520000,13.17808333,1716.00,44.032
10247,4,4641,8549.195371842967,5398.532922297207,2019-07-22T14:37:29Z,46.29511667,13.17828333,1717.00,44.016
10248,4,4642,8550.195371842967,5399.532922297207,2019-07-22T14:37:30Z,46.29506667,13.17848333,1717.00,44.002
10249,4,4643,8551.195371842967,5400.532922297207,2019-07-22T14:37:31Z,46.29500000,13.17866667,1718.00,43.987
10250,4,4644,8552.195371842967,5401.532922297207,2019-07-22T14:37:32Z,46.29496667,13.17886667,1716.00,43.975
10251,4,4645,8553.195371842967,5402.532922297207,2019-07-22T14:37:33Z,46.29493333,13.17906667,1712.00,43.962
10252,4,4646,8554.195371842967,5403.532922297207,2019-07-22T14:37:34Z,46.29490000,13.17928333,1707.00,43.949
10253,4,4647,8555.195371842967,5404.532922297207,2019-07-22T14:37:35Z,46.29488333,13.17948333,1704.00,43.938
10254,4,4648,8556.195371842967,5405.532922297207,2019-07-22T14:37:36Z,46.29488333,13.17971667,1703.00,43.927
10255,4,4649,8557.195371842967,5406.532922297207,2019-07-22T14:37:37Z,46.29490000,13.17993333,1702.00,43.918
10256,4,4650,8558.195371842967,5407.532922297207,2019-07-22T14:37:38Z,46.29493333,13.18016667,1698.00,43.909
10257,4,4651,8559.195371842967,5408.532922297207,2019-07-22T14:37:39Z,46.29496667,13.18043333,1696.00,43.9
10258,4,4652,8560.195371842967,5409.532922297207,2019-07-22T14:37:40Z,46.29501667,13.18070000,1692.00,43.891
10259,4,4653,8561.195371842967,5410.532922297207,2019-07-22T14:37:41Z,46.29503333,13.18096667,1691.00,43.88
10260,4,4654,8562.195371842967,5411.532922297207,2019-07-22T14:37:42Z,46.29505000,13.18121667,1690.00,43.87
10261,4,4655,8563.195371842967,5412.532922297207,2019-07-22T14:37:43Z,46.29505000,13.18145000,1691.00,43.859
10262,4,4656,8564.195371842967,5413.532922297207,2019-07-22T14:37:44Z,46.29505000,13.18166667,1692.00,43.848
10263,4,4657,8565.195371842967,5414.532922297207,2019-07-22T14:37:45Z,46.29506667,13.18190000,1693.00,43.839
10264,4,4658,8566.195371842967,5415.532922297207,2019-07-22T14:37:46Z,46.29506667,13.18211667,1694.00,43.828
10265,4,4659,8567.195371842967,5416.532922297207,2019-07-22T14:37:47Z,46.29505000,13.18235000,1695.00,43.816
10266,4,4660,8568.195371842967,5417.532922297207,2019-07-22T14:37:48Z,46.29505000,13.18256667,1697.00,43.806
10267,4,4661,8569.195371842967,5418.532922297207,2019-07-22T14:37:49Z,46.29503333,13.18276667,1699.00,43.795
10268,4,4662,8570.195371842967,5419.532922297207,2019-07-22T14:37:50Z,46.29503333,13.18298333,1698.00,43.784
10269,4,4663,8571.195371842967,5420.532922297207,2019-07-22T14:37:51Z,46.29505000,13.18318333,1696.00,43.776
10270,4,4664,8572.195371842967,5421.532922297207,2019-07-22T14:37:52Z,46.29505000,13.18340000,1696.00,43.766
10271,4,4665,8573.195371842967,5422.532922297207,2019-07-22T14:37:53Z,46.29505000,13.18363333,1696.00,43.755
10272,4,4666,8574.195371842967,5423.532922297207,2019-07-22T14:37:54Z,46.29503333,13.18385000,1695.00,43.744
10273,4,4667,8575.195371842967,5424.532922297207,2019-07-22T14:37:55Z,46.29498333,13.18408333,1694.00,43.728
10274,4,4668,8576.195371842967,5425.532922297207,2019-07-22T14:37:56Z,46.29491667,13.18430000,1694.00,43.712
10275,4,4669,8577.195371842967,5426.532922297207,2019-07-22T14:37:57Z,46.29485000,13.18451667,1693.00,43.696
10276,4,4670,8578.195371842967,5427.532922297207,2019-07-22T14:37:58Z,46.29476667,13.18471667,1694.00,43.679
10277,4,4671,8579.195371842967,5428.532922297207,2019-07-22T14:37:59Z,46.29468333,13.18490000,1693.00,43.663
10278,4,4672,8580.195371842967,5429.532922297207,2019-07-22T14:38:00Z,46.29458333,13.18508333,1693.00,43.646
10279,4,4673,8581.195371842967,5430.532922297207,2019-07-22T14:38:01Z,46.29448333,13.18523333,1692.00,43.63
10280,4,4674,8582.195371842967,5431.532922297207,2019-07-22T14:38:02Z,46.29436667,13.18535000,1691.00,43.614
10281,4,4675,8583.195371842967,5432.532922297207,2019-07-22T14:38:03Z,46.29423333,13.18545000,1690.00,43.598
10282,4,4676,8584.195371842967,5433.532922297207,2019-07-22T14:38:04Z,46.29411667,13.18548333,1688.00,43.586
10283,4,4677,8585.195371842967,5434.532922297207,2019-07-22T14:38:05Z,46.29396667,13.18548333,1686.00,43.573
10284,4,4678,8586.195371842967,5435.532922297207,2019-07-22T14:38:06Z,46.29383333,13.18541667,1684.00,43.564
10285,4,4679,8587.195371842967,5436.532922297207,2019-07-22T14:38:07Z,46.29371667,13.18533333,1682.00,43.558
10286,4,4680,8588.195371842967,5437.532922297207,2019-07-22T14:38:08Z,46.29361667,13.18523333,1682.00,43.554
10287,4,4681,8589.195371842967,5438.532922297207,2019-07-22T14:38:09Z,46.29350000,13.18511667,1682.00,43.549
10288,4,4682,8590.195371842967,5439.532922297207,2019-07-22T14:38:10Z,46.29340000,13.18498333,1682.00,43.547
10289,4,4683,8591.195371842967,5440.532922297207,2019-07-22T14:38:11Z,46.29330000,13.18485000,1682.00,43.544
10290,4,4684,8592.195371842967,5441.532922297207,2019-07-22T14:38:12Z,46.29320000,13.18471667,1682.00,43.542
10291,4,4685,8593.195371842967,5442.532922297207,2019-07-22T14:38:13Z,46.29308333,13.18458333,1682.00,43.538
10292,4,4686,8594.195371842967,5443.532922297207,2019-07-22T14:38:14Z,46.29298333,13.18445000,1683.00,43.535
10293,4,4687,8595.195371842967,5444.532922297207,2019-07-22T14:38:15Z,46.29286667,13.18430000,1683.00,43.532
10294,4,4688,8596.195371842967,5445.532922297207,2019-07-22T14:38:16Z,46.29276667,13.18420000,1685.00,43.528
10295,4,4689,8597.195371842967,5446.532922297207,2019-07-22T14:38:17Z,46.29266667,13.18408333,1687.00,43.525
10296,4,4690,8598.195371842967,5447.532922297207,2019-07-22T14:38:18Z,46.29258333,13.18398333,1690.00,43.523
10297,4,4691,8599.195371842967,5448.532922297207,2019-07-22T14:38:19Z,46.29251667,13.18385000,1693.00,43.523
10298,4,4692,8600.195371842967,5449.532922297207,2019-07-22T14:38:20Z,46.29246667,13.18370000,1695.00,43.526
10299,4,4693,8601.195371842967,5450.532922297207,2019-07-22T14:38:21Z,46.29246667,13.18350000,1696.00,43.535
10300,4,4694,8602.195371842967,5451.532922297207,2019-07-22T14:38:22Z,46.29251667,13.18331667,1698.00,43.549
10301,4,4695,8603.195371842967,5452.532922297207,2019-07-22T14:38:23Z,46.29263333,13.18320000,1699.00,43.564
10302,4,4696,8604.195371842967,5453.532922297207,2019-07-22T14:38:24Z,46.29278333,13.18316667,1700.00,43.579
10303,4,4697,8605.195371842967,5454.532922297207,2019-07-22T14:38:25Z,46.29293333,13.18323333,1701.00,43.589
10304,4,4698,8606.195371842967,5455.532922297207,2019-07-22T14:38:26Z,46.29306667,13.18340000,1705.00,43.593
10305,4,4699,8607.195371842967,5456.532922297207,2019-07-22T14:38:27Z,46.29311667,13.18361667,1707.00,43.587
10306,4,4700,8608.195371842967,5457.532922297207,2019-07-22T14:38:28Z,46.29313333,13.18383333,1710.00,43.578
10307,4,4701,8609.195371842967,5458.532922297207,2019-07-22T14:38:29Z,46.29310000,13.18403333,1713.00,43.565
10308,4,4702,8610.195371842967,5459.532922297207,2019-07-22T14:38:30Z,46.29303333,13.18421667,1715.00,43.551
10309,4,4703,8611.195371842967,5460.532922297207,2019-07-22T14:38:31Z,46.29291667,13.18435000,1717.00,43.534
10310,4,4704,8612.195371842967,5461.532922297207,2019-07-22T14:38:32Z,46.29280000,13.18441667,1719.00,43.521
10311,4,4705,8613.195371842967,5462.532922297207,2019-07-22T14:38:33Z,46.29266667,13.18443333,1720.00,43.508
10312,4,4706,8614.195371842967,5463.532922297207,2019-07-22T14:38:34Z,46.29255000,13.18443333,1723.00,43.498
10313,4,4707,8615.195371842967,5464.532922297207,2019-07-22T14:38:35Z,46.29245000,13.18440000,1726.00,43.491
10314,4,4708,8616.195371842967,5465.532922297207,2019-07-22T14:38:36Z,46.29236667,13.18433333,1728.00,43.487
10315,4,4709,8617.195371842967,5466.532922297207,2019-07-22T14:38:37Z,46.29228333,13.18425000,1729.00,43.484
10316,4,4710,8618.195371842967,5467.532922297207,2019-07-22T14:38:38Z,46.29223333,13.18411667,1730.00,43.486
10317,4,4711,8619.195371842967,5468.532922297207,2019-07-22T14:38:39Z,46.29221667,13.18396667,1730.00,43.491
10318,4,4712,8620.195371842967,5469.532922297207,2019-07-22T14:38:40Z,46.29221667,13.18380000,1728.00,43.499
10319,4,4713,8621.195371842967,5470.532922297207,2019-07-22T14:38:41Z,46.29225000,13.18363333,1727.00,43.51
10320,4,4714,8622.195371842967,5471.532922297207,2019-07-22T14:38:42Z,46.29231667,13.18346667,1728.00,43.524
10321,4,4715,8623.195371842967,5472.532922297207,2019-07-22T14:38:43Z,46.29238333,13.18328333,1728.00,43.538
10322,4,4716,8624.195371842967,5473.532922297207,2019-07-22T14:38:44Z,46.29248333,13.18313333,1728.00,43.554
10323,4,4717,8625.195371842967,5474.532922297207,2019-07-22T14:38:45Z,46.29258333,13.18298333,1728.00,43.57
10324,4,4718,8626.195371842967,5475.532922297207,2019-07-22T14:38:46Z,46.29271667,13.18285000,1729.00,43.588
10325,4,4719,8627.195371842967,5476.532922297207,2019-07-22T14:38:47Z,46.29286667,13.18276667,1730.00,43.605
10326,4,4720,8628.195371842967,5477.532922297207,2019-07-22T14:38:48Z,46.29303333,13.18273333,1731.00,43.621
10327,4,4721,8629.195371842967,5478.532922297207,2019-07-22T14:38:49Z,46.29318333,13.18275000,1732.00,43.634
10328,4,4722,8630.195371842967,5479.532922297207,2019-07-22T14:38:50Z,46.29333333,13.18280000,1734.00,43.644
10329,4,4723,8631.195371842967,5480.532922297207,2019-07-22T14:38:51Z,46.29346667,13.18288333,1735.00,43.652
10330,4,4724,8632.195371842967,5481.532922297207,2019-07-22T14:38:52Z,46.29358333,13.18301667,1735.00,43.656
10331,4,4725,8633.195371842967,5482.532922297207,2019-07-22T14:38:53Z,46.29368333,13.18318333,1734.00,43.657
10332,4,4726,8634.195371842967,5483.532922297207,2019-07-22T14:38:54Z,46.29375000,13.18341667,1732.00,43.651
10333,4,4727,8635.195371842967,5484.532922297207,2019-07-22T14:38:55Z,46.29378333,13.18366667,1732.00,43.643
10334,4,4728,8636.195371842967,5485.532922297207,2019-07-22T14:38:56Z,46.29378333,13.18391667,1732.00,43.631
10335,4,4729,8637.195371842967,5486.532922297207,2019-07-22T14:38:57Z,46.29376667,13.18415000,1734.00,43.618
10336,4,4730,8638.195371842967,5487.532922297207,2019-07-22T14:38:58Z,46.29373333,13.18436667,1735.00,43.605
10337,4,4731,8639.195371842967,5488.532922297207,2019-07-22T14:38:59Z,46.29368333,13.18458333,1737.00,43.59
10338,4,4732,8640.195371842967,5489.532922297207,2019-07-22T14:39:00Z,46.29360000,13.18476667,1739.00,43.574
10339,4,4733,8641.195371842967,5490.532922297207,2019-07-22T14:39:01Z,46.29348333,13.18490000,1740.00,43.558
10340,4,4734,8642.195371842967,5491.532922297207,2019-07-22T14:39:02Z,46.29336667,13.18500000,1741.00,43.543
10341,4,4735,8643.195371842967,5492.532922297207,2019-07-22T14:39:03Z,46.29323333,13.18503333,1743.00,43.53
10342,4,4736,8644.195371842967,5493.532922297207,2019-07-22T14:39:04Z,46.29310000,13.18501667,1745.00,43.519
10343,4,4737,8645.195371842967,5494.532922297207,2019-07-22T14:39:05Z,46.29300000,13.18495000,1745.00,43.513
10344,4,4738,8646.195371842967,5495.532922297207,2019-07-22T14:39:06Z,46.29293333,13.18481667,1746.00,43.514
10345,4,4739,8647.195371842967,5496.532922297207,2019-07-22T14:39:07Z,46.29291667,13.18463333,1747.00,43.521
10346,4,4740,8648.195371842967,5497.532922297207,2019-07-22T14:39:08Z,46.29293333,13.18443333,1747.00,43.532
10347,4,4741,8649.195371842967,5498.532922297207,2019-07-22T14:39:09Z,46.29303333,13.18428333,1748.00,43.548
10348,4,4742,8650.195371842967,5499.532922297207,2019-07-22T14:39:10Z,46.29318333,13.18421667,1750.00,43.564
10349,4,4743,8651.195371842967,5500.532922297207,2019-07-22T14:39:11Z,46.29333333,13.18421667,1751.00,43.577
10350,4,4744,8652.195371842967,5501.532922297207,2019-07-22T14:39:12Z,46.29346667,13.18433333,1753.00,43.583
10351,4,4745,8653.195371842967,5502.532922297207,2019-07-22T14:39:13Z,46.29356667,13.18453333,1756.00,43.583
10352,4,4746,8654.195371842967,5503.532922297207,2019-07-22T14:39:14Z,46.29361667,13.18473333,1758.00,43.578
10353,4,4747,8655.195371842967,5504.532922297207,2019-07-22T14:39:15Z,46.29361667,13.18495000,1761.00,43.567
10354,4,4748,8656.195371842967,5505.532922297207,2019-07-22T14:39:16Z,46.29356667,13.18516667,1763.00,43.553
10355,4,4749,8657.195371842967,5506.532922297207,2019-07-22T14:39:17Z,46.29348333,13.18535000,1765.00,43.537
10356,4,4750,8658.195371842967,5507.532922297207,2019-07-22T14:39:18Z,46.29335000,13.18546667,1767.00,43.52
10357,4,4751,8659.195371842967,5508.532922297207,2019-07-22T14:39:19Z,46.29321667,13.18551667,1766.00,43.505
10358,4,4752,8660.195371842967,5509.532922297207,2019-07-22T14:39:20Z,46.29308333,13.18550000,1766.00,43.495
10359,4,4753,8661.195371842967,5510.532922297207,2019-07-22T14:39:21Z,46.29296667,13.18545000,1767.00,43.487
10360,4,4754,8662.195371842967,5511.532922297207,2019-07-22T14:39:22Z,46.29288333,13.18531667,1768.00,43.486
10361,4,4755,8663.195371842967,5512.532922297207,2019-07-22T14:39:23Z,46.29285000,13.18513333,1768.00,43.491
10362,4,4756,8664.195371842967,5513.532922297207,2019-07-22T14:39:24Z,46.29286667,13.18493333,1767.00,43.502
10363,4,4757,8665.195371842967,5514.532922297207,2019-07-22T14:39:25Z,46.29293333,13.18475000,1768.00,43.517
10364,4,4758,8666.195371842967,5515.532922297207,2019-07-22T14:39:26Z,46.29303333,13.18461667,1771.00,43.532
10365,4,4759,8667.195371842967,5516.532922297207,2019-07-22T14:39:27Z,46.29315000,13.18451667,1774.00,43.547
10366,4,4760,8668.195371842967,5517.532922297207,2019-07-22T14:39:28Z,46.29328333,13.18448333,1777.00,43.56
10367,4,4761,8669.195371842967,5518.532922297207,2019-07-22T14:39:29Z,46.29343333,13.18451667,1779.00,43.572
10368,4,4762,8670.195371842967,5519.532922297207,2019-07-22T14:39:30Z,46.29355000,13.18463333,1781.00,43.576
10369,4,4763,8671.195371842967,5520.532922297207,2019-07-22T14:39:31Z,46.29363333,13.18483333,1783.00,43.574
10370,4,4764,8672.195371842967,5521.532922297207,2019-07-22T14:39:32Z,46.29365000,13.18505000,1785.00,43.566
10371,4,4765,8673.195371842967,5522.532922297207,2019-07-22T14:39:33Z,46.29363333,13.18526667,1786.00,43.554
10372,4,4766,8674.195371842967,5523.532922297207,2019-07-22T14:39:34Z,46.29355000,13.18546667,1787.00,43.537
10373,4,4767,8675.195371842967,5524.532922297207,2019-07-22T14:39:35Z,46.29345000,13.18560000,1787.00,43.522
10374,4,4768,8676.195371842967,5525.532922297207,2019-07-22T14:39:36Z,46.29331667,13.18568333,1787.00,43.506
10375,4,4769,8677.195371842967,5526.532922297207,2019-07-22T14:39:37Z,46.29318333,13.18570000,1786.00,43.494
10376,4,4770,8678.195371842967,5527.532922297207,2019-07-22T14:39:38Z,46.29305000,13.18563333,1785.00,43.485
10377,4,4771,8679.195371842967,5528.532922297207,2019-07-22T14:39:39Z,46.29295000,13.18551667,1786.00,43.482
10378,4,4772,8680.195371842967,5529.532922297207,2019-07-22T14:39:40Z,46.29288333,13.18538333,1787.00,43.483
10379,4,4773,8681.195371842967,5530.532922297207,2019-07-22T14:39:41Z,46.29280000,13.18523333,1788.00,43.482
10380,4,4774,8682.195371842967,5531.532922297207,2019-07-22T14:39:42Z,46.29275000,13.18506667,1788.00,43.486
10381,4,4775,8683.195371842967,5532.532922297207,2019-07-22T14:39:43Z,46.29271667,13.18491667,1788.00,43.49
10382,4,4776,8684.195371842967,5533.532922297207,2019-07-22T14:39:44Z,46.29271667,13.18473333,1790.00,43.499
10383,4,4777,8685.195371842967,5534.532922297207,2019-07-22T14:39:45Z,46.29275000,13.18455000,1789.00,43.51
10384,4,4778,8686.195371842967,5535.532922297207,2019-07-22T14:39:46Z,46.29283333,13.18438333,1788.00,43.525
10385,4,4779,8687.195371842967,5536.532922297207,2019-07-22T14:39:47Z,46.29298333,13.18426667,1786.00,43.544
10386,4,4780,8688.195371842967,5537.532922297207,2019-07-22T14:39:48Z,46.29316667,13.18421667,1785.00,43.563
10387,4,4781,8689.195371842967,5538.532922297207,2019-07-22T14:39:49Z,46.29335000,13.18425000,1783.00,43.577
10388,4,4782,8690.195371842967,5539.532922297207,2019-07-22T14:39:50Z,46.29355000,13.18433333,1783.00,43.591
10389,4,4783,8691.195371842967,5540.532922297207,2019-07-22T14:39:51Z,46.29371667,13.18446667,1787.00,43.599
10390,4,4784,8692.195371842967,5541.532922297207,2019-07-22T14:39:52Z,46.29385000,13.18461667,1789.00,43.604
10391,4,4785,8693.195371842967,5542.532922297207,2019-07-22T14:39:53Z,46.29395000,13.18478333,1792.00,43.604
10392,4,4786,8694.195371842967,5543.532922297207,2019-07-22T14:39:54Z,46.29403333,13.18496667,1794.00,43.603
10393,4,4787,8695.195371842967,5544.532922297207,2019-07-22T14:39:55Z,46.29408333,13.18518333,1797.00,43.597
10394,4,4788,8696.195371842967,5545.532922297207,2019-07-22T14:39:56Z,46.29408333,13.18538333,1798.00,43.588
10395,4,4789,8697.195371842967,5546.532922297207,2019-07-22T14:39:57Z,46.29400000,13.18558333,1799.00,43.571
10396,4,4790,8698.195371842967,5547.532922297207,2019-07-22T14:39:58Z,46.29390000,13.18571667,1799.00,43.556
10397,4,4791,8699.195371842967,5548.532922297207,2019-07-22T14:39:59Z,46.29378333,13.18578333,1800.00,43.543
10398,4,4792,8700.195371842967,5549.532922297207,2019-07-22T14:40:00Z,46.29365000,13.18576667,1800.00,43.532
10399,4,4793,8701.195371842967,5550.532922297207,2019-07-22T14:40:01Z,46.29351667,13.18566667,1799.00,43.525
10400,4,4794,8702.195371842967,5551.532922297207,2019-07-22T14:40:02Z,46.29345000,13.18551667,1798.00,43.526
10401,4,4795,8703.195371842967,5552.532922297207,2019-07-22T14:40:03Z,46.29343333,13.18533333,1799.00,43.533
10402,4,4796,8704.195371842967,5553.532922297207,2019-07-22T14:40:04Z,46.29346667,13.18513333,1799.00,43.545
10403,4,4797,8705.195371842967,5554.532922297207,2019-07-22T14:40:05Z,46.29353333,13.18496667,1799.00,43.559
10404,4,4798,8706.195371842967,5555.532922297207,2019-07-22T14:40:06Z,46.29365000,13.18483333,1799.00,43.576
10405,4,4799,8707.195371842967,5556.532922297207,2019-07-22T14:40:07Z,46.29380000,13.18473333,1799.00,43.594
10406,4,4800,8708.195371842967,5557.532922297207,2019-07-22T14:40:08Z,46.29396667,13.18466667,1799.00,43.611
10407,4,4801,8709.195371842967,5558.532922297207,2019-07-22T14:40:09Z,46.29415000,13.18463333,1799.00,43.629
10408,4,4802,8710.195371842967,5559.532922297207,2019-07-22T14:40:10Z,46.29433333,13.18465000,1798.00,43.644
10409,4,4803,8711.195371842967,5560.532922297207,2019-07-22T14:40:11Z,46.29450000,13.18470000,1799.00,43.657
10410,4,4804,8712.195371842967,5561.532922297207,2019-07-22T14:40:12Z,46.29463333,13.18476667,1802.00,43.665
10411,4,4805,8713.195371842967,5562.532922297207,2019-07-22T14:40:13Z,46.29476667,13.18486667,1804.00,43.672
10412,4,4806,8714.195371842967,5563.532922297207,2019-07-22T14:40:14Z,46.29490000,13.18498333,1806.00,43.679
10413,4,4807,8715.195371842967,5564.532922297207,2019-07-22T14:40:15Z,46.29498333,13.18513333,1806.00,43.679
10414,4,4808,8716.195371842967,5565.532922297207,2019-07-22T14:40:16Z,46.29506667,13.18531667,1805.00,43.678
10415,4,4809,8717.195371842967,5566.532922297207,2019-07-22T14:40:17Z,46.29511667,13.18553333,1803.00,43.672
10416,4,4810,8718.195371842967,5567.532922297207,2019-07-22T14:40:18Z,46.29513333,13.18578333,1802.00,43.662
10417,4,4811,8719.195371842967,5568.532922297207,2019-07-22T14:40:19Z,46.29513333,13.18603333,1801.00,43.65
10418,4,4812,8720.195371842967,5569.532922297207,2019-07-22T14:40:20Z,46.29508333,13.18626667,1802.00,43.635
10419,4,4813,8721.195371842967,5570.532922297207,2019-07-22T14:40:21Z,46.29503333,13.18646667,1801.00,43.621
10420,4,4814,8722.195371842967,5571.532922297207,2019-07-22T14:40:22Z,46.29496667,13.18665000,1802.00,43.607
10421,4,4815,8723.195371842967,5572.532922297207,2019-07-22T14:40:23Z,46.29490000,13.18678333,1804.00,43.595
10422,4,4816,8724.195371842967,5573.532922297207,2019-07-22T14:40:24Z,46.29481667,13.18690000,1804.00,43.582
10423,4,4817,8725.195371842967,5574.532922297207,2019-07-22T14:40:25Z,46.29473333,13.18700000,1803.00,43.57
10424,4,4818,8726.195371842967,5575.532922297207,2019-07-22T14:40:26Z,46.29463333,13.18708333,1802.00,43.557
10425,4,4819,8727.195371842967,5576.532922297207,2019-07-22T14:40:27Z,46.29453333,13.18718333,1802.00,43.544
10426,4,4820,8728.195371842967,5577.532922297207,2019-07-22T14:40:28Z,46.29440000,13.18726667,1802.00,43.528
10427,4,4821,8729.195371842967,5578.532922297207,2019-07-22T14:40:29Z,46.29428333,13.18733333,1801.00,43.514
10428,4,4822,8730.195371842967,5579.532922297207,2019-07-22T14:40:30Z,46.29415000,13.18740000,1800.00,43.5
10429,4,4823,8731.195371842967,5580.532922297207,2019-07-22T14:40:31Z,46.29401667,13.18746667,1800.00,43.485
10430,4,4824,8732.195371842967,5581.532922297207,2019-07-22T14:40:32Z,46.29388333,13.18753333,1800.00,43.47
10431,4,4825,8733.195371842967,5582.532922297207,2019-07-22T14:40:33Z,46.29375000,13.18760000,1801.00,43.455
10432,4,4826,8734.195371842967,5583.532922297207,2019-07-22T14:40:34Z,46.29361667,13.18766667,1800.00,43.44
10433,4,4827,8735.195371842967,5584.532922297207,2019-07-22T14:40:35Z,46.29348333,13.18775000,1797.00,43.424
10434,4,4828,8736.195371842967,5585.532922297207,2019-07-22T14:40:36Z,46.29333333,13.18783333,1794.00,43.407
10435,4,4829,8737.195371842967,5586.532922297207,2019-07-22T14:40:37Z,46.29320000,13.18790000,1791.00,43.392
10436,4,4830,8738.195371842967,5587.532922297207,2019-07-22T14:40:38Z,46.29306667,13.18796667,1790.00,43.377
10437,4,4831,8739.195371842967,5588.532922297207,2019-07-22T14:40:39Z,46.29293333,13.18801667,1791.00,43.363
10438,4,4832,8740.195371842967,5589.532922297207,2019-07-22T14:40:40Z,46.29280000,13.18806667,1790.00,43.349
10439,4,4833,8741.195371842967,5590.532922297207,2019-07-22T14:40:41Z,46.29266667,13.18811667,1790.00,43.335
10440,4,4834,8742.195371842967,5591.532922297207,2019-07-22T14:40:42Z,46.29255000,13.18815000,1789.00,43.323
10441,4,4835,8743.195371842967,5592.532922297207,2019-07-22T14:40:43Z,46.29241667,13.18818333,1789.00,43.31
10442,4,4836,8744.195371842967,5593.532922297207,2019-07-22T14:40:44Z,46.29230000,13.18821667,1788.00,43.298
10443,4,4837,8745.195371842967,5594.532922297207,2019-07-22T14:40:45Z,46.29218333,13.18823333,1785.00,43.287
10444,4,4838,8746.195371842967,5595.532922297207,2019-07-22T14:40:46Z,46.29205000,13.18825000,1784.00,43.274
10445,4,4839,8747.195371842967,5596.532922297207,2019-07-22T14:40:47Z,46.29190000,13.18826667,1781.00,43.26
10446,4,4840,8748.195371842967,5597.532922297207,2019-07-22T14:40:48Z,46.29176667,13.18830000,1777.00,43.247
10447,4,4841,8749.195371842967,5598.532922297207,2019-07-22T14:40:49Z,46.29161667,13.18831667,1774.00,43.233
10448,4,4842,8750.195371842967,5599.532922297207,2019-07-22T14:40:50Z,46.29146667,13.18833333,1771.00,43.219
10449,4,4843,8751.195371842967,5600.532922297207,2019-07-22T14:40:51Z,46.29133333,13.18835000,1769.00,43.207
10450,4,4844,8752.195371842967,5601.532922297207,2019-07-22T14:40:52Z,46.29118333,13.18836667,1766.00,43.193
10451,4,4845,8753.195371842967,5602.532922297207,2019-07-22T14:40:53Z,46.29105000,13.18836667,1762.00,43.181
10452,4,4846,8754.195371842967,5603.532922297207,2019-07-22T14:40:54Z,46.29091667,13.18838333,1760.00,43.168
10453,4,4847,8755.195371842967,5604.532922297207,2019-07-22T14:40:55Z,46.29076667,13.18838333,1756.00,43.155
10454,4,4848,8756.195371842967,5605.532922297207,2019-07-22T14:40:56Z,46.29061667,13.18838333,1754.00,43.142
10455,4,4849,8757.195371842967,5606.532922297207,2019-07-22T14:40:57Z,46.29046667,13.18838333,1752.00,43.129
10456,4,4850,8758.195371842967,5607.532922297207,2019-07-22T14:40:58Z,46.29031667,13.18841667,1750.00,43.114
10457,4,4851,8759.195371842967,5608.532922297207,2019-07-22T14:40:59Z,46.29018333,13.18845000,1749.00,43.101
10458,4,4852,8760.195371842967,5609.532922297207,2019-07-22T14:41:00Z,46.29005000,13.18850000,1749.00,43.087
10459,4,4853,8761.195371842967,5610.532922297207,2019-07-22T14:41:01Z,46.28991667,13.18855000,1748.00,43.073
10460,4,4854,8762.195371842967,5611.532922297207,2019-07-22T14:41:02Z,46.28978333,13.18860000,1749.00,43.059
10461,4,4855,8763.195371842967,5612.532922297207,2019-07-22T14:41:03Z,46.28965000,13.18865000,1749.00,43.045
10462,4,4856,8764.195371842967,5613.532922297207,2019-07-22T14:41:04Z,46.28950000,13.18866667,1748.00,43.031
10463,4,4857,8765.195371842967,5614.532922297207,2019-07-22T14:41:05Z,46.28935000,13.18868333,1748.00,43.017
10464,4,4858,8766.195371842967,5615.532922297207,2019-07-22T14:41:06Z,46.28920000,13.18868333,1747.00,43.004
10465,4,4859,8767.195371842967,5616.532922297207,2019-07-22T14:41:07Z,46.28905000,13.18868333,1747.00,42.991
10466,4,4860,8768.195371842967,5617.532922297207,2019-07-22T14:41:08Z,46.28891667,13.18866667,1748.00,42.98
10467,4,4861,8769.195371842967,5618.532922297207,2019-07-22T14:41:09Z,46.28878333,13.18865000,1750.00,42.969
10468,4,4862,8770.195371842967,5619.532922297207,2019-07-22T14:41:10Z,46.28865000,13.18863333,1753.00,42.958
10469,4,4863,8771.195371842967,5620.532922297207,2019-07-22T14:41:11Z,46.28853333,13.18863333,1754.00,42.948
10470,4,4864,8772.195371842967,5621.532922297207,2019-07-22T14:41:12Z,46.28840000,13.18863333,1755.00,42.936
10471,4,4865,8773.195371842967,5622.532922297207,2019-07-22T14:41:13Z,46.28828333,13.18866667,1755.00,42.924
10472,4,4866,8774.195371842967,5623.532922297207,2019-07-22T14:41:14Z,46.28815000,13.18870000,1756.00,42.911
10473,4,4867,8775.195371842967,5624.532922297207,2019-07-22T14:41:15Z,46.28800000,13.18875000,1755.00,42.896
10474,4,4868,8776.195371842967,5625.532922297207,2019-07-22T14:41:16Z,46.28786667,13.18880000,1756.00,42.882
10475,4,4869,8777.195371842967,5626.532922297207,2019-07-22T14:41:17Z,46.28773333,13.18883333,1756.00,42.868
10476,4,4870,8778.195371842967,5627.532922297207,2019-07-22T14:41:18Z,46.28758333,13.18888333,1756.00,42.853
10477,4,4871,8779.195371842967,5628.532922297207,2019-07-22T14:41:19Z,46.28745000,13.18893333,1755.00,42.839
10478,4,4872,8780.195371842967,5629.532922297207,2019-07-22T14:41:20Z,46.28733333,13.18898333,1755.00,42.826
10479,4,4873,8781.195371842967,5630.532922297207,2019-07-22T14:41:21Z,46.28720000,13.18903333,1756.00,42.812
10480,4,4874,8782.195371842967,5631.532922297207,2019-07-22T14:41:22Z,46.28706667,13.18906667,1756.00,42.799
10481,4,4875,8783.195371842967,5632.532922297207,2019-07-22T14:41:23Z,46.28693333,13.18911667,1756.00,42.785
10482,4,4876,8784.195371842967,5633.532922297207,2019-07-22T14:41:24Z,46.28680000,13.18915000,1755.00,42.772
10483,4,4877,8785.195371842967,5634.532922297207,2019-07-22T14:41:25Z,46.28665000,13.18916667,1754.00,42.758
10484,4,4878,8786.195371842967,5635.532922297207,2019-07-22T14:41:26Z,46.28651667,13.18921667,1753.00,42.744
10485,4,4879,8787.195371842967,5636.532922297207,2019-07-22T14:41:27Z,46.28636667,13.18926667,1753.00,42.729
10486,4,4880,8788.195371842967,5637.532922297207,2019-07-22T14:41:28Z,46.28623333,13.18930000,1750.00,42.716
10487,4,4881,8789.195371842967,5638.532922297207,2019-07-22T14:41:29Z,46.28610000,13.18935000,1750.00,42.702
10488,4,4882,8790.195371842967,5639.532922297207,2019-07-22T14:41:30Z,46.28595000,13.18941667,1748.00,42.685
10489,4,4883,8791.195371842967,5640.532922297207,2019-07-22T14:41:31Z,46.28580000,13.18948333,1746.00,42.669
10490,4,4884,8792.195371842967,5641.532922297207,2019-07-22T14:41:32Z,46.28566667,13.18955000,1743.00,42.654
10491,4,4885,8793.195371842967,5642.532922297207,2019-07-22T14:41:33Z,46.28551667,13.18963333,1741.00,42.637
10492,4,4886,8794.195371842967,5643.532922297207,2019-07-22T14:41:34Z,46.28536667,13.18971667,1740.00,42.62
10493,4,4887,8795.195371842967,5644.532922297207,2019-07-22T14:41:35Z,46.28523333,13.18980000,1737.00,42.605
10494,4,4888,8796.195371842967,5645.532922297207,2019-07-22T14:41:36Z,46.28508333,13.18988333,1735.00,42.588
10495,4,4889,8797.195371842967,5646.532922297207,2019-07-22T14:41:37Z,46.28495000,13.18995000,1734.00,42.573
10496,4,4890,8798.195371842967,5647.532922297207,2019-07-22T14:41:38Z,46.28481667,13.19003333,1731.00,42.557
10497,4,4891,8799.195371842967,5648.532922297207,2019-07-22T14:41:39Z,46.28466667,13.19010000,1727.00,42.541
10498,4,4892,8800.195371842967,5649.532922297207,2019-07-22T14:41:40Z,46.28451667,13.19016667,1726.00,42.525
10499,4,4893,8801.195371842967,5650.532922297207,2019-07-22T14:41:41Z,46.28436667,13.19023333,1726.00,42.509
10500,4,4894,8802.195371842967,5651.532922297207,2019-07-22T14:41:42Z,46.28421667,13.19030000,1723.00,42.492
10501,4,4895,8803.195371842967,5652.532922297207,2019-07-22T14:41:43Z,46.28408333,13.19036667,1722.00,42.478
10502,4,4896,8804.195371842967,5653.532922297207,2019-07-22T14:41:44Z,46.28393333,13.19041667,1720.00,42.462
10503,4,4897,8805.195371842967,5654.532922297207,2019-07-22T14:41:45Z,46.28380000,13.19048333,1719.00,42.448
10504,4,4898,8806.195371842967,5655.532922297207,2019-07-22T14:41:46Z,46.28365000,13.19053333,1719.00,42.432
10505,4,4899,8807.195371842967,5656.532922297207,2019-07-22T14:41:47Z,46.28351667,13.19060000,1716.00,42.417
10506,4,4900,8808.195371842967,5657.532922297207,2019-07-22T14:41:48Z,46.28338333,13.19066667,1715.00,42.403
10507,4,4901,8809.195371842967,5658.532922297207,2019-07-22T14:41:49Z,46.28325000,13.19073333,1715.00,42.388
10508,4,4902,8810.195371842967,5659.532922297207,2019-07-22T14:41:50Z,46.28311667,13.19080000,1714.00,42.373
10509,4,4903,8811.195371842967,5660.532922297207,2019-07-22T14:41:51Z,46.28298333,13.19086667,1713.00,42.358
10510,4,4904,8812.195371842967,5661.532922297207,2019-07-22T14:41:52Z,46.28286667,13.19095000,1714.00,42.344
10511,4,4905,8813.195371842967,5662.532922297207,2019-07-22T14:41:53Z,46.28275000,13.19103333,1714.00,42.33
10512,4,4906,8814.195371842967,5663.532922297207,2019-07-22T14:41:54Z,46.28263333,13.19111667,1712.00,42.316
10513,4,4907,8815.195371842967,5664.532922297207,2019-07-22T14:41:55Z,46.28251667,13.19120000,1711.00,42.302
10514,4,4908,8816.195371842967,5665.532922297207,2019-07-22T14:41:56Z,46.28240000,13.19128333,1709.00,42.288
10515,4,4909,8817.195371842967,5666.532922297207,2019-07-22T14:41:57Z,46.28226667,13.19135000,1708.00,42.273
10516,4,4910,8818.195371842967,5667.532922297207,2019-07-22T14:41:58Z,46.28215000,13.19143333,1708.00,42.259
10517,4,4911,8819.195371842967,5668.532922297207,2019-07-22T14:41:59Z,46.28205000,13.19151667,1708.00,42.246
10518,4,4912,8820.195371842967,5669.532922297207,2019-07-22T14:42:00Z,46.28195000,13.19161667,1707.00,42.233
10519,4,4913,8821.195371842967,5670.532922297207,2019-07-22T14:42:01Z,46.28185000,13.19173333,1707.00,42.219
10520,4,4914,8822.195371842967,5671.532922297207,2019-07-22T14:42:02Z,46.28175000,13.19185000,1705.00,42.204
10521,4,4915,8823.195371842967,5672.532922297207,2019-07-22T14:42:03Z,46.28165000,13.19196667,1704.00,42.19
10522,4,4916,8824.195371842967,5673.532922297207,2019-07-22T14:42:04Z,46.28155000,13.19208333,1702.00,42.176
10523,4,4917,8825.195371842967,5674.532922297207,2019-07-22T14:42:05Z,46.28145000,13.19220000,1698.00,42.161
10524,4,4918,8826.195371842967,5675.532922297207,2019-07-22T14:42:06Z,46.28133333,13.19231667,1695.00,42.146
10525,4,4919,8827.195371842967,5676.532922297207,2019-07-22T14:42:07Z,46.28121667,13.19243333,1691.00,42.13
10526,4,4920,8828.195371842967,5677.532922297207,2019-07-22T14:42:08Z,46.28108333,13.19255000,1688.00,42.113
10527,4,4921,8829.195371842967,5678.532922297207,2019-07-22T14:42:09Z,46.28095000,13.19266667,1686.00,42.096
10528,4,4922,8830.195371842967,5679.532922297207,2019-07-22T14:42:10Z,46.28081667,13.19280000,1686.00,42.078
10529,4,4923,8831.195371842967,5680.532922297207,2019-07-22T14:42:11Z,46.28070000,13.19291667,1687.00,42.062
10530,4,4924,8832.195371842967,5681.532922297207,2019-07-22T14:42:12Z,46.28058333,13.19301667,1688.00,42.047
10531,4,4925,8833.195371842967,5682.532922297207,2019-07-22T14:42:13Z,46.28046667,13.19311667,1689.00,42.032
10532,4,4926,8834.195371842967,5683.532922297207,2019-07-22T14:42:14Z,46.28033333,13.19320000,1690.00,42.017
10533,4,4927,8835.195371842967,5684.532922297207,2019-07-22T14:42:15Z,46.28018333,13.19325000,1690.00,42.001
10534,4,4928,8836.195371842967,5685.532922297207,2019-07-22T14:42:16Z,46.28005000,13.19325000,1690.00,41.99
10535,4,4929,8837.195371842967,5686.532922297207,2019-07-22T14:42:17Z,46.27990000,13.19323333,1691.00,41.978
10536,4,4930,8838.195371842967,5687.532922297207,2019-07-22T14:42:18Z,46.27976667,13.19316667,1692.00,41.969
10537,4,4931,8839.195371842967,5688.532922297207,2019-07-22T14:42:19Z,46.27965000,13.19305000,1693.00,41.965
10538,4,4932,8840.195371842967,5689.532922297207,2019-07-22T14:42:20Z,46.27956667,13.19290000,1693.00,41.965
10539,4,4933,8841.195371842967,5690.532922297207,2019-07-22T14:42:21Z,46.27950000,13.19270000,1693.00,41.969
10540,4,4934,8842.195371842967,5691.532922297207,2019-07-22T14:42:22Z,46.27950000,13.19250000,1694.00,41.979
10541,4,4935,8843.195371842967,5692.532922297207,2019-07-22T14:42:23Z,46.27953333,13.19230000,1694.00,41.992
10542,4,4936,8844.195371842967,5693.532922297207,2019-07-22T14:42:24Z,46.27960000,13.19210000,1694.00,42.007
10543,4,4937,8845.195371842967,5694.532922297207,2019-07-22T14:42:25Z,46.27971667,13.19195000,1693.00,42.025
10544,4,4938,8846.195371842967,5695.532922297207,2019-07-22T14:42:26Z,46.27985000,13.19185000,1692.00,42.041
10545,4,4939,8847.195371842967,5696.532922297207,2019-07-22T14:42:27Z,46.28000000,13.19178333,1691.00,42.057
10546,4,4940,8848.195371842967,5697.532922297207,2019-07-22T14:42:28Z,46.28016667,13.19178333,1690.00,42.071
10547,4,4941,8849.195371842967,5698.532922297207,2019-07-22T14:42:29Z,46.28033333,13.19183333,1690.00,42.083
10548,4,4942,8850.195371842967,5699.532922297207,2019-07-22T14:42:30Z,46.28048333,13.19191667,1690.00,42.092
10549,4,4943,8851.195371842967,5700.532922297207,2019-07-22T14:42:31Z,46.28061667,13.19203333,1689.00,42.098
10550,4,4944,8852.195371842967,5701.532922297207,2019-07-22T14:42:32Z,46.28071667,13.19218333,1688.00,42.099
10551,4,4945,8853.195371842967,5702.532922297207,2019-07-22T14:42:33Z,46.28080000,13.19236667,1687.00,42.097
10552,4,4946,8854.195371842967,5703.532922297207,2019-07-22T14:42:34Z,46.28085000,13.19256667,1686.00,42.092
10553,4,4947,8855.195371842967,5704.532922297207,2019-07-22T14:42:35Z,46.28086667,13.19280000,1684.00,42.082
10554,4,4948,8856.195371842967,5705.532922297207,2019-07-22T14:42:36Z,46.28086667,13.19303333,1684.00,42.071
10555,4,4949,8857.195371842967,5706.532922297207,2019-07-22T14:42:37Z,46.28083333,13.19325000,1684.00,42.057
10556,4,4950,8858.195371842967,5707.532922297207,2019-07-22T14:42:38Z,46.28078333,13.19346667,1684.00,42.043
10557,4,4951,8859.195371842967,5708.532922297207,2019-07-22T14:42:39Z,46.28071667,13.19363333,1685.00,42.029
10558,4,4952,8860.195371842967,5709.532922297207,2019-07-22T14:42:40Z,46.28065000,13.19380000,1687.00,42.015
10559,4,4953,8861.195371842967,5710.532922297207,2019-07-22T14:42:41Z,46.28055000,13.19396667,1689.00,41.998
10560,4,4954,8862.195371842967,5711.532922297207,2019-07-22T14:42:42Z,46.28046667,13.19411667,1692.00,41.984
10561,4,4955,8863.195371842967,5712.532922297207,2019-07-22T14:42:43Z,46.28036667,13.19426667,1694.00,41.968
10562,4,4956,8864.195371842967,5713.532922297207,2019-07-22T14:42:44Z,46.28026667,13.19440000,1694.00,41.953
10563,4,4957,8865.195371842967,5714.532922297207,2019-07-22T14:42:45Z,46.28016667,13.19453333,1694.00,41.938
10564,4,4958,8866.195371842967,5715.532922297207,2019-07-22T14:42:46Z,46.28006667,13.19465000,1695.00,41.923
10565,4,4959,8867.195371842967,5716.532922297207,2019-07-22T14:42:47Z,46.27995000,13.19476667,1695.00,41.908
10566,4,4960,8868.195371842967,5717.532922297207,2019-07-22T14:42:48Z,46.27983333,13.19485000,1695.00,41.894
10567,4,4961,8869.195371842967,5718.532922297207,2019-07-22T14:42:49Z,46.27971667,13.19495000,1696.00,41.879
10568,4,4962,8870.195371842967,5719.532922297207,2019-07-22T14:42:50Z,46.27960000,13.19505000,1695.00,41.864
10569,4,4963,8871.195371842967,5720.532922297207,2019-07-22T14:42:51Z,46.27948333,13.19513333,1695.00,41.85
10570,4,4964,8872.195371842967,5721.532922297207,2019-07-22T14:42:52Z,46.27935000,13.19521667,1695.00,41.834
10571,4,4965,8873.195371842967,5722.532922297207,2019-07-22T14:42:53Z,46.27921667,13.19530000,1695.00,41.819
10572,4,4966,8874.195371842967,5723.532922297207,2019-07-22T14:42:54Z,46.27906667,13.19538333,1696.00,41.802
10573,4,4967,8875.195371842967,5724.532922297207,2019-07-22T14:42:55Z,46.27893333,13.19546667,1695.00,41.786
10574,4,4968,8876.195371842967,5725.532922297207,2019-07-22T14:42:56Z,46.27880000,13.19555000,1696.00,41.77
10575,4,4969,8877.195371842967,5726.532922297207,2019-07-22T14:42:57Z,46.27866667,13.19563333,1696.00,41.755
10576,4,4970,8878.195371842967,5727.532922297207,2019-07-22T14:42:58Z,46.27853333,13.19571667,1696.00,41.739
10577,4,4971,8879.195371842967,5728.532922297207,2019-07-22T14:42:59Z,46.27840000,13.19581667,1696.00,41.723
10578,4,4972,8880.195371842967,5729.532922297207,2019-07-22T14:43:00Z,46.27826667,13.19591667,1695.00,41.707
10579,4,4973,8881.195371842967,5730.532922297207,2019-07-22T14:43:01Z,46.27813333,13.19601667,1694.00,41.69
10580,4,4974,8882.195371842967,5731.532922297207,2019-07-22T14:43:02Z,46.27801667,13.19611667,1693.00,41.675
10581,4,4975,8883.195371842967,5732.532922297207,2019-07-22T14:43:03Z,46.27790000,13.19623333,1692.00,41.66
10582,4,4976,8884.195371842967,5733.532922297207,2019-07-22T14:43:04Z,46.27776667,13.19635000,1690.00,41.642
10583,4,4977,8885.195371842967,5734.532922297207,2019-07-22T14:43:05Z,46.27765000,13.19646667,1688.00,41.627
10584,4,4978,8886.195371842967,5735.532922297207,2019-07-22T14:43:06Z,46.27753333,13.19660000,1687.00,41.61
10585,4,4979,8887.195371842967,5736.532922297207,2019-07-22T14:43:07Z,46.27741667,13.19673333,1685.00,41.594
10586,4,4980,8888.195371842967,5737.532922297207,2019-07-22T14:43:08Z,46.27730000,13.19686667,1684.00,41.577
10587,4,4981,8889.195371842967,5738.532922297207,2019-07-22T14:43:09Z,46.27718333,13.19700000,1682.00,41.561
10588,4,4982,8890.195371842967,5739.532922297207,2019-07-22T14:43:10Z,46.27706667,13.19715000,1681.00,41.543
10589,4,4983,8891.195371842967,5740.532922297207,2019-07-22T14:43:11Z,46.27696667,13.19731667,1680.00,41.527
10590,4,4984,8892.195371842967,5741.532922297207,2019-07-22T14:43:12Z,46.27685000,13.19746667,1679.00,41.509
10591,4,4985,8893.195371842967,5742.532922297207,2019-07-22T14:43:13Z,46.27673333,13.19761667,1678.00,41.492
10592,4,4986,8894.195371842967,5743.532922297207,2019-07-22T14:43:14Z,46.27663333,13.19776667,1676.00,41.476
10593,4,4987,8895.195371842967,5744.532922297207,2019-07-22T14:43:15Z,46.27651667,13.19791667,1676.00,41.459
10594,4,4988,8896.195371842967,5745.532922297207,2019-07-22T14:43:16Z,46.27640000,13.19805000,1675.00,41.442
10595,4,4989,8897.195371842967,5746.532922297207,2019-07-22T14:43:17Z,46.27628333,13.19816667,1674.00,41.426
10596,4,4990,8898.195371842967,5747.532922297207,2019-07-22T14:43:18Z,46.27616667,13.19830000,1673.00,41.41
10597,4,4991,8899.195371842967,5748.532922297207,2019-07-22T14:43:19Z,46.27605000,13.19843333,1673.00,41.393
10598,4,4992,8900.195371842967,5749.532922297207,2019-07-22T14:43:20Z,46.27593333,13.19856667,1671.00,41.377
10599,4,4993,8901.195371842967,5750.532922297207,2019-07-22T14:43:21Z,46.27581667,13.19870000,1668.00,41.36
10600,4,4994,8902.195371842967,5751.532922297207,2019-07-22T14:43:22Z,46.27568333,13.19883333,1665.00,41.342
10601,4,4995,8903.195371842967,5752.532922297207,2019-07-22T14:43:23Z,46.27556667,13.19895000,1663.00,41.327
10602,4,4996,8904.195371842967,5753.532922297207,2019-07-22T14:43:24Z,46.27543333,13.19906667,1661.00,41.309
10603,4,4997,8905.195371842967,5754.532922297207,2019-07-22T14:43:25Z,46.27530000,13.19920000,1660.00,41.291
10604,4,4998,8906.195371842967,5755.532922297207,2019-07-22T14:43:26Z,46.27518333,13.19931667,1661.00,41.276
10605,4,4999,8907.195371842967,5756.532922297207,2019-07-22T14:43:27Z,46.27506667,13.19945000,1661.00,41.259
10606,4,5000,8908.195371842967,5757.532922297207,2019-07-22T14:43:28Z,46.27495000,13.19956667,1661.00,41.244
10607,4,5001,8909.195371842967,5758.532922297207,2019-07-22T14:43:29Z,46.27483333,13.19970000,1660.00,41.227
10608,4,5002,8910.195371842967,5759.532922297207,2019-07-22T14:43:30Z,46.27471667,13.19983333,1659.00,41.21
10609,4,5003,8911.195371842967,5760.532922297207,2019-07-22T14:43:31Z,46.27460000,13.19996667,1658.00,41.194
10610,4,5004,8912.195371842967,5761.532922297207,2019-07-22T14:43:32Z,46.27448333,13.20008333,1657.00,41.178
10611,4,5005,8913.195371842967,5762.532922297207,2019-07-22T14:43:33Z,46.27436667,13.20020000,1655.00,41.162
10612,4,5006,8914.195371842967,5763.532922297207,2019-07-22T14:43:34Z,46.27425000,13.20031667,1654.00,41.147
10613,4,5007,8915.195371842967,5764.532922297207,2019-07-22T14:43:35Z,46.27413333,13.20043333,1653.00,41.131
10614,4,5008,8916.195371842967,5765.532922297207,2019-07-22T14:43:36Z,46.27401667,13.20055000,1653.00,41.115
10615,4,5009,8917.195371842967,5766.532922297207,2019-07-22T14:43:37Z,46.27390000,13.20068333,1652.00,41.099
10616,4,5010,8918.195371842967,5767.532922297207,2019-07-22T14:43:38Z,46.27378333,13.20080000,1651.00,41.083
10617,4,5011,8919.195371842967,5768.532922297207,2019-07-22T14:43:39Z,46.27366667,13.20091667,1650.00,41.067
10618,4,5012,8920.195371842967,5769.532922297207,2019-07-22T14:43:40Z,46.27356667,13.20103333,1649.00,41.053
10619,4,5013,8921.195371842967,5770.532922297207,2019-07-22T14:43:41Z,46.27345000,13.20113333,1648.00,41.038
10620,4,5014,8922.195371842967,5771.532922297207,2019-07-22T14:43:42Z,46.27333333,13.20123333,1646.00,41.023
10621,4,5015,8923.195371842967,5772.532922297207,2019-07-22T14:43:43Z,46.27323333,13.20136667,1643.00,41.008
10622,4,5016,8924.195371842967,5773.532922297207,2019-07-22T14:43:44Z,46.27311667,13.20148333,1642.00,40.992
10623,4,5017,8925.195371842967,5774.532922297207,2019-07-22T14:43:45Z,46.27301667,13.20161667,1641.00,40.977
10624,4,5018,8926.195371842967,5775.532922297207,2019-07-22T14:43:46Z,46.27290000,13.20175000,1639.00,40.961
10625,4,5019,8927.195371842967,5776.532922297207,2019-07-22T14:43:47Z,46.27280000,13.20188333,1637.00,40.946
10626,4,5020,8928.195371842967,5777.532922297207,2019-07-22T14:43:48Z,46.27268333,13.20200000,1637.00,40.93
10627,4,5021,8929.195371842967,5778.532922297207,2019-07-22T14:43:49Z,46.27256667,13.20211667,1635.00,40.914
10628,4,5022,8930.195371842967,5779.532922297207,2019-07-22T14:43:50Z,46.27245000,13.20223333,1634.00,40.899
10629,4,5023,8931.195371842967,5780.532922297207,2019-07-22T14:43:51Z,46.27233333,13.20235000,1633.00,40.883
10630,4,5024,8932.195371842967,5781.532922297207,2019-07-22T14:43:52Z,46.27221667,13.20248333,1631.00,40.866
10631,4,5025,8933.195371842967,5782.532922297207,2019-07-22T14:43:53Z,46.27210000,13.20261667,1629.00,40.85
10632,4,5026,8934.195371842967,5783.532922297207,2019-07-22T14:43:54Z,46.27200000,13.20275000,1628.00,40.835
10633,4,5027,8935.195371842967,5784.532922297207,2019-07-22T14:43:55Z,46.27190000,13.20286667,1627.00,40.82
10634,4,5028,8936.195371842967,5785.532922297207,2019-07-22T14:43:56Z,46.27180000,13.20298333,1625.00,40.806
10635,4,5029,8937.195371842967,5786.532922297207,2019-07-22T14:43:57Z,46.27170000,13.20310000,1624.00,40.792
10636,4,5030,8938.195371842967,5787.532922297207,2019-07-22T14:43:58Z,46.27161667,13.20321667,1622.00,40.779
10637,4,5031,8939.195371842967,5788.532922297207,2019-07-22T14:43:59Z,46.27151667,13.20333333,1621.00,40.765
10638,4,5032,8940.195371842967,5789.532922297207,2019-07-22T14:44:00Z,46.27141667,13.20346667,1621.00,40.75
10639,4,5033,8941.195371842967,5790.532922297207,2019-07-22T14:44:01Z,46.27133333,13.20358333,1620.00,40.737
10640,4,5034,8942.195371842967,5791.532922297207,2019-07-22T14:44:02Z,46.27125000,13.20370000,1619.00,40.724
10641,4,5035,8943.195371842967,5792.532922297207,2019-07-22T14:44:03Z,46.27116667,13.20381667,1619.00,40.711
10642,4,5036,8944.195371842967,5793.532922297207,2019-07-22T14:44:04Z,46.27108333,13.20393333,1619.00,40.698
10643,4,5037,8945.195371842967,5794.532922297207,2019-07-22T14:44:05Z,46.27100000,13.20405000,1618.00,40.685
10644,4,5038,8946.195371842967,5795.532922297207,2019-07-22T14:44:06Z,46.27091667,13.20416667,1617.00,40.672
10645,4,5039,8947.195371842967,5796.532922297207,2019-07-22T14:44:07Z,46.27081667,13.20428333,1616.00,40.658
10646,4,5040,8948.195371842967,5797.532922297207,2019-07-22T14:44:08Z,46.27073333,13.20438333,1615.00,40.646
10647,4,5041,8949.195371842967,5798.532922297207,2019-07-22T14:44:09Z,46.27063333,13.20450000,1614.00,40.632
10648,4,5042,8950.195371842967,5799.532922297207,2019-07-22T14:44:10Z,46.27055000,13.20461667,1613.00,40.619
10649,4,5043,8951.195371842967,5800.532922297207,2019-07-22T14:44:11Z,46.27046667,13.20471667,1611.00,40.607
10650,4,5044,8952.195371842967,5801.532922297207,2019-07-22T14:44:12Z,46.27036667,13.20483333,1609.00,40.593
10651,4,5045,8953.195371842967,5802.532922297207,2019-07-22T14:44:13Z,46.27028333,13.20495000,1608.00,40.58
10652,4,5046,8954.195371842967,5803.532922297207,2019-07-22T14:44:14Z,46.27020000,13.20505000,1608.00,40.568
10653,4,5047,8955.195371842967,5804.532922297207,2019-07-22T14:44:15Z,46.27011667,13.20516667,1605.00,40.555
10654,4,5048,8956.195371842967,5805.532922297207,2019-07-22T14:44:16Z,46.27003333,13.20528333,1603.00,40.542
10655,4,5049,8957.195371842967,5806.532922297207,2019-07-22T14:44:17Z,46.26993333,13.20540000,1601.00,40.528
10656,4,5050,8958.195371842967,5807.532922297207,2019-07-22T14:44:18Z,46.26985000,13.20551667,1599.00,40.515
10657,4,5051,8959.195371842967,5808.532922297207,2019-07-22T14:44:19Z,46.26975000,13.20563333,1597.00,40.501
10658,4,5052,8960.195371842967,5809.532922297207,2019-07-22T14:44:20Z,46.26965000,13.20573333,1596.00,40.487
10659,4,5053,8961.195371842967,5810.532922297207,2019-07-22T14:44:21Z,46.26956667,13.20585000,1595.00,40.474
10660,4,5054,8962.195371842967,5811.532922297207,2019-07-22T14:44:22Z,46.26946667,13.20595000,1594.00,40.461
10661,4,5055,8963.195371842967,5812.532922297207,2019-07-22T14:44:23Z,46.26936667,13.20606667,1593.00,40.447
10662,4,5056,8964.195371842967,5813.532922297207,2019-07-22T14:44:24Z,46.26926667,13.20616667,1591.00,40.433
10663,4,5057,8965.195371842967,5814.532922297207,2019-07-22T14:44:25Z,46.26918333,13.20626667,1589.00,40.421
10664,4,5058,8966.195371842967,5815.532922297207,2019-07-22T14:44:26Z,46.26908333,13.20636667,1587.00,40.408
10665,4,5059,8967.195371842967,5816.532922297207,2019-07-22T14:44:27Z,46.26900000,13.20646667,1586.00,40.396
10666,4,5060,8968.195371842967,5817.532922297207,2019-07-22T14:44:28Z,46.26890000,13.20656667,1585.00,40.382
10667,4,5061,8969.195371842967,5818.532922297207,2019-07-22T14:44:29Z,46.26880000,13.20666667,1583.00,40.369
10668,4,5062,8970.195371842967,5819.532922297207,2019-07-22T14:44:30Z,46.26871667,13.20676667,1582.00,40.357
10669,4,5063,8971.195371842967,5820.532922297207,2019-07-22T14:44:31Z,46.26861667,13.20688333,1580.00,40.342
10670,4,5064,8972.195371842967,5821.532922297207,2019-07-22T14:44:32Z,46.26851667,13.20698333,1577.00,40.329
10671,4,5065,8973.195371842967,5822.532922297207,2019-07-22T14:44:33Z,46.26843333,13.20710000,1575.00,40.316
10672,4,5066,8974.195371842967,5823.532922297207,2019-07-22T14:44:34Z,46.26833333,13.20720000,1573.00,40.303
10673,4,5067,8975.195371842967,5824.532922297207,2019-07-22T14:44:35Z,46.26823333,13.20728333,1572.00,40.29
10674,4,5068,8976.195371842967,5825.532922297207,2019-07-22T14:44:36Z,46.26813333,13.20738333,1570.00,40.276
10675,4,5069,8977.195371842967,5826.532922297207,2019-07-22T14:44:37Z,46.26803333,13.20748333,1569.00,40.263
10676,4,5070,8978.195371842967,5827.532922297207,2019-07-22T14:44:38Z,46.26791667,13.20760000,1567.00,40.247
10677,4,5071,8979.195371842967,5828.532922297207,2019-07-22T14:44:39Z,46.26781667,13.20770000,1565.00,40.234
10678,4,5072,8980.195371842967,5829.532922297207,2019-07-22T14:44:40Z,46.26770000,13.20780000,1563.00,40.219
10679,4,5073,8981.195371842967,5830.532922297207,2019-07-22T14:44:41Z,46.26760000,13.20790000,1561.00,40.205
10680,4,5074,8982.195371842967,5831.532922297207,2019-07-22T14:44:42Z,46.26750000,13.20801667,1560.00,40.191
10681,4,5075,8983.195371842967,5832.532922297207,2019-07-22T14:44:43Z,46.26738333,13.20811667,1558.00,40.176
10682,4,5076,8984.195371842967,5833.532922297207,2019-07-22T14:44:44Z,46.26728333,13.20821667,1557.00,40.163
10683,4,5077,8985.195371842967,5834.532922297207,2019-07-22T14:44:45Z,46.26718333,13.20831667,1556.00,40.149
10684,4,5078,8986.195371842967,5835.532922297207,2019-07-22T14:44:46Z,46.26708333,13.20841667,1555.00,40.136
10685,4,5079,8987.195371842967,5836.532922297207,2019-07-22T14:44:47Z,46.26698333,13.20853333,1553.00,40.121
10686,4,5080,8988.195371842967,5837.532922297207,2019-07-22T14:44:48Z,46.26686667,13.20865000,1551.00,40.106
10687,4,5081,8989.195371842967,5838.532922297207,2019-07-22T14:44:49Z,46.26676667,13.20876667,1550.00,40.091
10688,4,5082,8990.195371842967,5839.532922297207,2019-07-22T14:44:50Z,46.26666667,13.20888333,1548.00,40.077
10689,4,5083,8991.195371842967,5840.532922297207,2019-07-22T14:44:51Z,46.26656667,13.20898333,1547.00,40.064
10690,4,5084,8992.195371842967,5841.532922297207,2019-07-22T14:44:52Z,46.26646667,13.20910000,1546.00,40.049
10691,4,5085,8993.195371842967,5842.532922297207,2019-07-22T14:44:53Z,46.26636667,13.20923333,1546.00,40.034
10692,4,5086,8994.195371842967,5843.532922297207,2019-07-22T14:44:54Z,46.26628333,13.20935000,1545.00,40.021
10693,4,5087,8995.195371842967,5844.532922297207,2019-07-22T14:44:55Z,46.26618333,13.20946667,1543.00,40.007
10694,4,5088,8996.195371842967,5845.532922297207,2019-07-22T14:44:56Z,46.26610000,13.20956667,1541.00,39.995
10695,4,5089,8997.195371842967,5846.532922297207,2019-07-22T14:44:57Z,46.26601667,13.20968333,1540.00,39.982
10696,4,5090,8998.195371842967,5847.532922297207,2019-07-22T14:44:58Z,46.26591667,13.20980000,1540.00,39.968
10697,4,5091,8999.195371842967,5848.532922297207,2019-07-22T14:44:59Z,46.26581667,13.20993333,1538.00,39.953
10698,4,5092,9000.195371842967,5849.532922297207,2019-07-22T14:45:00Z,46.26571667,13.21005000,1536.00,39.939
10699,4,5093,9001.195371842967,5850.532922297207,2019-07-22T14:45:01Z,46.26561667,13.21018333,1535.00,39.923
10700,4,5094,9002.195371842967,5851.532922297207,2019-07-22T14:45:02Z,46.26551667,13.21030000,1534.00,39.909
10701,4,5095,9003.195371842967,5852.532922297207,2019-07-22T14:45:03Z,46.26541667,13.21041667,1533.00,39.895
10702,4,5096,9004.195371842967,5853.532922297207,2019-07-22T14:45:04Z,46.26531667,13.21053333,1532.00,39.881
10703,4,5097,9005.195371842967,5854.532922297207,2019-07-22T14:45:05Z,46.26521667,13.21065000,1531.00,39.866
10704,4,5098,9006.195371842967,5855.532922297207,2019-07-22T14:45:06Z,46.26511667,13.21076667,1529.00,39.852
10705,4,5099,9007.195371842967,5856.532922297207,2019-07-22T14:45:07Z,46.26500000,13.21086667,1527.00,39.837
10706,4,5100,9008.195371842967,5857.532922297207,2019-07-22T14:45:08Z,46.26490000,13.21098333,1525.00,39.823
10707,4,5101,9009.195371842967,5858.532922297207,2019-07-22T14:45:09Z,46.26478333,13.21110000,1521.00,39.807
10708,4,5102,9010.195371842967,5859.532922297207,2019-07-22T14:45:10Z,46.26466667,13.21123333,1520.00,39.791
10709,4,5103,9011.195371842967,5860.532922297207,2019-07-22T14:45:11Z,46.26456667,13.21135000,1518.00,39.776
10710,4,5104,9012.195371842967,5861.532922297207,2019-07-22T14:45:12Z,46.26445000,13.21146667,1517.00,39.761
10711,4,5105,9013.195371842967,5862.532922297207,2019-07-22T14:45:13Z,46.26435000,13.21156667,1517.00,39.747
10712,4,5106,9014.195371842967,5863.532922297207,2019-07-22T14:45:14Z,46.26423333,13.21168333,1516.00,39.731
10713,4,5107,9015.195371842967,5864.532922297207,2019-07-22T14:45:15Z,46.26413333,13.21178333,1515.00,39.718
10714,4,5108,9016.195371842967,5865.532922297207,2019-07-22T14:45:16Z,46.26403333,13.21190000,1514.00,39.704
10715,4,5109,9017.195371842967,5866.532922297207,2019-07-22T14:45:17Z,46.26393333,13.21201667,1512.00,39.689
10716,4,5110,9018.195371842967,5867.532922297207,2019-07-22T14:45:18Z,46.26383333,13.21215000,1511.00,39.674
10717,4,5111,9019.195371842967,5868.532922297207,2019-07-22T14:45:19Z,46.26373333,13.21228333,1509.00,39.659
10718,4,5112,9020.195371842967,5869.532922297207,2019-07-22T14:45:20Z,46.26363333,13.21241667,1506.00,39.644
10719,4,5113,9021.195371842967,5870.532922297207,2019-07-22T14:45:21Z,46.26353333,13.21256667,1504.00,39.628
10720,4,5114,9022.195371842967,5871.532922297207,2019-07-22T14:45:22Z,46.26343333,13.21270000,1502.00,39.613
10721,4,5115,9023.195371842967,5872.532922297207,2019-07-22T14:45:23Z,46.26333333,13.21283333,1501.00,39.598
10722,4,5116,9024.195371842967,5873.532922297207,2019-07-22T14:45:24Z,46.26323333,13.21296667,1500.00,39.583
10723,4,5117,9025.195371842967,5874.532922297207,2019-07-22T14:45:25Z,46.26313333,13.21310000,1498.00,39.568
10724,4,5118,9026.195371842967,5875.532922297207,2019-07-22T14:45:26Z,46.26305000,13.21321667,1496.00,39.555
10725,4,5119,9027.195371842967,5876.532922297207,2019-07-22T14:45:27Z,46.26295000,13.21335000,1495.00,39.54
10726,4,5120,9028.195371842967,5877.532922297207,2019-07-22T14:45:28Z,46.26286667,13.21350000,1493.00,39.525
10727,4,5121,9029.195371842967,5878.532922297207,2019-07-22T14:45:29Z,46.26276667,13.21363333,1491.00,39.51
10728,4,5122,9030.195371842967,5879.532922297207,2019-07-22T14:45:30Z,46.26266667,13.21378333,1488.00,39.494
10729,4,5123,9031.195371842967,5880.532922297207,2019-07-22T14:45:31Z,46.26256667,13.21391667,1486.00,39.479
10730,4,5124,9032.195371842967,5881.532922297207,2019-07-22T14:45:32Z,46.26246667,13.21405000,1485.00,39.464
10731,4,5125,9033.195371842967,5882.532922297207,2019-07-22T14:45:33Z,46.26236667,13.21418333,1484.00,39.449
10732,4,5126,9034.195371842967,5883.532922297207,2019-07-22T14:45:34Z,46.26226667,13.21431667,1481.00,39.434
10733,4,5127,9035.195371842967,5884.532922297207,2019-07-22T14:45:35Z,46.26215000,13.21445000,1479.00,39.417
10734,4,5128,9036.195371842967,5885.532922297207,2019-07-22T14:45:36Z,46.26203333,13.21456667,1478.00,39.402
10735,4,5129,9037.195371842967,5886.532922297207,2019-07-22T14:45:37Z,46.26193333,13.21470000,1477.00,39.387
10736,4,5130,9038.195371842967,5887.532922297207,2019-07-22T14:45:38Z,46.26181667,13.21481667,1475.00,39.371
10737,4,5131,9039.195371842967,5888.532922297207,2019-07-22T14:45:39Z,46.26171667,13.21495000,1473.00,39.356
10738,4,5132,9040.195371842967,5889.532922297207,2019-07-22T14:45:40Z,46.26161667,13.21506667,1472.00,39.342
10739,4,5133,9041.195371842967,5890.532922297207,2019-07-22T14:45:41Z,46.26151667,13.21520000,1470.00,39.326
10740,4,5134,9042.195371842967,5891.532922297207,2019-07-22T14:45:42Z,46.26141667,13.21533333,1468.00,39.311
10741,4,5135,9043.195371842967,5892.532922297207,2019-07-22T14:45:43Z,46.26133333,13.21548333,1465.00,39.297
10742,4,5136,9044.195371842967,5893.532922297207,2019-07-22T14:45:44Z,46.26123333,13.21561667,1463.00,39.282
10743,4,5137,9045.195371842967,5894.532922297207,2019-07-22T14:45:45Z,46.26113333,13.21575000,1461.00,39.267
10744,4,5138,9046.195371842967,5895.532922297207,2019-07-22T14:45:46Z,46.26101667,13.21590000,1460.00,39.249
10745,4,5139,9047.195371842967,5896.532922297207,2019-07-22T14:45:47Z,46.26091667,13.21603333,1458.00,39.234
10746,4,5140,9048.195371842967,5897.532922297207,2019-07-22T14:45:48Z,46.26081667,13.21615000,1457.00,39.22
10747,4,5141,9049.195371842967,5898.532922297207,2019-07-22T14:45:49Z,46.26071667,13.21628333,1456.00,39.205
10748,4,5142,9050.195371842967,5899.532922297207,2019-07-22T14:45:50Z,46.26061667,13.21641667,1455.00,39.19
10749,4,5143,9051.195371842967,5900.532922297207,2019-07-22T14:45:51Z,46.26051667,13.21655000,1454.00,39.175
10750,4,5144,9052.195371842967,5901.532922297207,2019-07-22T14:45:52Z,46.26041667,13.21668333,1453.00,39.16
10751,4,5145,9053.195371842967,5902.532922297207,2019-07-22T14:45:53Z,46.26031667,13.21681667,1451.00,39.145
10752,4,5146,9054.195371842967,5903.532922297207,2019-07-22T14:45:54Z,46.26021667,13.21695000,1450.00,39.129
10753,4,5147,9055.195371842967,5904.532922297207,2019-07-22T14:45:55Z,46.26011667,13.21708333,1448.00,39.114
10754,4,5148,9056.195371842967,5905.532922297207,2019-07-22T14:45:56Z,46.26001667,13.21723333,1446.00,39.098
10755,4,5149,9057.195371842967,5906.532922297207,2019-07-22T14:45:57Z,46.25991667,13.21738333,1445.00,39.083
10756,4,5150,9058.195371842967,5907.532922297207,2019-07-22T14:45:58Z,46.25981667,13.21753333,1444.00,39.067
10757,4,5151,9059.195371842967,5908.532922297207,2019-07-22T14:45:59Z,46.25973333,13.21766667,1443.00,39.053
10758,4,5152,9060.195371842967,5909.532922297207,2019-07-22T14:46:00Z,46.25963333,13.21781667,1442.00,39.037
10759,4,5153,9061.195371842967,5910.532922297207,2019-07-22T14:46:01Z,46.25955000,13.21795000,1441.00,39.023
10760,4,5154,9062.195371842967,5911.532922297207,2019-07-22T14:46:02Z,46.25945000,13.21808333,1439.00,39.008
10761,4,5155,9063.195371842967,5912.532922297207,2019-07-22T14:46:03Z,46.25935000,13.21823333,1438.00,38.992
10762,4,5156,9064.195371842967,5913.532922297207,2019-07-22T14:46:04Z,46.25925000,13.21838333,1436.00,38.977
10763,4,5157,9065.195371842967,5914.532922297207,2019-07-22T14:46:05Z,46.25916667,13.21855000,1434.00,38.961
10764,4,5158,9066.195371842967,5915.532922297207,2019-07-22T14:46:06Z,46.25906667,13.21870000,1433.00,38.945
10765,4,5159,9067.195371842967,5916.532922297207,2019-07-22T14:46:07Z,46.25898333,13.21885000,1431.00,38.931
10766,4,5160,9068.195371842967,5917.532922297207,2019-07-22T14:46:08Z,46.25888333,13.21900000,1430.00,38.915
10767,4,5161,9069.195371842967,5918.532922297207,2019-07-22T14:46:09Z,46.25878333,13.21913333,1429.00,38.9
10768,4,5162,9070.195371842967,5919.532922297207,2019-07-22T14:46:10Z,46.25870000,13.21928333,1428.00,38.885
10769,4,5163,9071.195371842967,5920.532922297207,2019-07-22T14:46:11Z,46.25860000,13.21941667,1426.00,38.87
10770,4,5164,9072.195371842967,5921.532922297207,2019-07-22T14:46:12Z,46.25850000,13.21955000,1425.00,38.855
10771,4,5165,9073.195371842967,5922.532922297207,2019-07-22T14:46:13Z,46.25840000,13.21970000,1423.00,38.839
10772,4,5166,9074.195371842967,5923.532922297207,2019-07-22T14:46:14Z,46.25831667,13.21983333,1421.00,38.826
10773,4,5167,9075.195371842967,5924.532922297207,2019-07-22T14:46:15Z,46.25821667,13.22000000,1420.00,38.809
10774,4,5168,9076.195371842967,5925.532922297207,2019-07-22T14:46:16Z,46.25811667,13.22015000,1419.00,38.793
10775,4,5169,9077.195371842967,5926.532922297207,2019-07-22T14:46:17Z,46.25801667,13.22030000,1418.00,38.777
10776,4,5170,9078.195371842967,5927.532922297207,2019-07-22T14:46:18Z,46.25791667,13.22046667,1417.00,38.76
10777,4,5171,9079.195371842967,5928.532922297207,2019-07-22T14:46:19Z,46.25781667,13.22061667,1416.00,38.745
10778,4,5172,9080.195371842967,5929.532922297207,2019-07-22T14:46:20Z,46.25771667,13.22078333,1415.00,38.728
10779,4,5173,9081.195371842967,5930.532922297207,2019-07-22T14:46:21Z,46.25760000,13.22093333,1413.00,38.711
10780,4,5174,9082.195371842967,5931.532922297207,2019-07-22T14:46:22Z,46.25750000,13.22106667,1412.00,38.695
10781,4,5175,9083.195371842967,5932.532922297207,2019-07-22T14:46:23Z,46.25738333,13.22120000,1410.00,38.679
10782,4,5176,9084.195371842967,5933.532922297207,2019-07-22T14:46:24Z,46.25726667,13.22133333,1409.00,38.662
10783,4,5177,9085.195371842967,5934.532922297207,2019-07-22T14:46:25Z,46.25715000,13.22146667,1410.00,38.646
10784,4,5178,9086.195371842967,5935.532922297207,2019-07-22T14:46:26Z,46.25703333,13.22160000,1410.00,38.629
10785,4,5179,9087.195371842967,5936.532922297207,2019-07-22T14:46:27Z,46.25691667,13.22173333,1410.00,38.613
10786,4,5180,9088.195371842967,5937.532922297207,2019-07-22T14:46:28Z,46.25680000,13.22186667,1409.00,38.596
10787,4,5181,9089.195371842967,5938.532922297207,2019-07-22T14:46:29Z,46.25668333,13.22200000,1408.00,38.58
10788,4,5182,9090.195371842967,5939.532922297207,2019-07-22T14:46:30Z,46.25656667,13.22213333,1407.00,38.563
10789,4,5183,9091.195371842967,5940.532922297207,2019-07-22T14:46:31Z,46.25645000,13.22228333,1407.00,38.546
10790,4,5184,9092.195371842967,5941.532922297207,2019-07-22T14:46:32Z,46.25633333,13.22241667,1406.00,38.529
10791,4,5185,9093.195371842967,5942.532922297207,2019-07-22T14:46:33Z,46.25623333,13.22255000,1405.00,38.514
10792,4,5186,9094.195371842967,5943.532922297207,2019-07-22T14:46:34Z,46.25611667,13.22270000,1404.00,38.497
10793,4,5187,9095.195371842967,5944.532922297207,2019-07-22T14:46:35Z,46.25600000,13.22283333,1403.00,38.48
10794,4,5188,9096.195371842967,5945.532922297207,2019-07-22T14:46:36Z,46.25590000,13.22296667,1402.00,38.465
10795,4,5189,9097.195371842967,5946.532922297207,2019-07-22T14:46:37Z,46.25580000,13.22311667,1402.00,38.449
10796,4,5190,9098.195371842967,5947.532922297207,2019-07-22T14:46:38Z,46.25570000,13.22325000,1401.00,38.434
10797,4,5191,9099.195371842967,5948.532922297207,2019-07-22T14:46:39Z,46.25560000,13.22340000,1400.00,38.418
10798,4,5192,9100.195371842967,5949.532922297207,2019-07-22T14:46:40Z,46.25550000,13.22355000,1399.00,38.403
10799,4,5193,9101.195371842967,5950.532922297207,2019-07-22T14:46:41Z,46.25540000,13.22370000,1397.00,38.387
10800,4,5194,9102.195371842967,5951.532922297207,2019-07-22T14:46:42Z,46.25530000,13.22385000,1395.00,38.371
10801,4,5195,9103.195371842967,5952.532922297207,2019-07-22T14:46:43Z,46.25520000,13.22401667,1394.00,38.354
10802,4,5196,9104.195371842967,5953.532922297207,2019-07-22T14:46:44Z,46.25510000,13.22420000,1392.00,38.337
10803,4,5197,9105.195371842967,5954.532922297207,2019-07-22T14:46:45Z,46.25500000,13.22436667,1390.00,38.32
10804,4,5198,9106.195371842967,5955.532922297207,2019-07-22T14:46:46Z,46.25490000,13.22453333,1389.00,38.303
10805,4,5199,9107.195371842967,5956.532922297207,2019-07-22T14:46:47Z,46.25480000,13.22468333,1388.00,38.287
10806,4,5200,9108.195371842967,5957.532922297207,2019-07-22T14:46:48Z,46.25470000,13.22485000,1386.00,38.271
10807,4,5201,9109.195371842967,5958.532922297207,2019-07-22T14:46:49Z,46.25458333,13.22500000,1385.00,38.253
10808,4,5202,9110.195371842967,5959.532922297207,2019-07-22T14:46:50Z,46.25448333,13.22515000,1384.00,38.237
10809,4,5203,9111.195371842967,5960.532922297207,2019-07-22T14:46:51Z,46.25438333,13.22530000,1382.00,38.221
10810,4,5204,9112.195371842967,5961.532922297207,2019-07-22T14:46:52Z,46.25426667,13.22546667,1380.00,38.203
10811,4,5205,9113.195371842967,5962.532922297207,2019-07-22T14:46:53Z,46.25416667,13.22563333,1380.00,38.187
10812,4,5206,9114.195371842967,5963.532922297207,2019-07-22T14:46:54Z,46.25406667,13.22578333,1379.00,38.171
10813,4,5207,9115.195371842967,5964.532922297207,2019-07-22T14:46:55Z,46.25395000,13.22595000,1378.00,38.153
10814,4,5208,9116.195371842967,5965.532922297207,2019-07-22T14:46:56Z,46.25385000,13.22610000,1377.00,38.137
10815,4,5209,9117.195371842967,5966.532922297207,2019-07-22T14:46:57Z,46.25373333,13.22625000,1377.00,38.119
10816,4,5210,9118.195371842967,5967.532922297207,2019-07-22T14:46:58Z,46.25363333,13.22640000,1376.00,38.103
10817,4,5211,9119.195371842967,5968.532922297207,2019-07-22T14:46:59Z,46.25351667,13.22655000,1374.00,38.086
10818,4,5212,9120.195371842967,5969.532922297207,2019-07-22T14:47:00Z,46.25340000,13.22668333,1374.00,38.07
10819,4,5213,9121.195371842967,5970.532922297207,2019-07-22T14:47:01Z,46.25328333,13.22683333,1373.00,38.052
10820,4,5214,9122.195371842967,5971.532922297207,2019-07-22T14:47:02Z,46.25318333,13.22700000,1370.00,38.036
10821,4,5215,9123.195371842967,5972.532922297207,2019-07-22T14:47:03Z,46.25306667,13.22716667,1369.00,38.017
10822,4,5216,9124.195371842967,5973.532922297207,2019-07-22T14:47:04Z,46.25295000,13.22733333,1369.00,37.999
10823,4,5217,9125.195371842967,5974.532922297207,2019-07-22T14:47:05Z,46.25283333,13.22748333,1367.00,37.982
10824,4,5218,9126.195371842967,5975.532922297207,2019-07-22T14:47:06Z,46.25271667,13.22765000,1367.00,37.964
10825,4,5219,9127.195371842967,5976.532922297207,2019-07-22T14:47:07Z,46.25261667,13.22781667,1367.00,37.947
10826,4,5220,9128.195371842967,5977.532922297207,2019-07-22T14:47:08Z,46.25250000,13.22796667,1366.00,37.93
10827,4,5221,9129.195371842967,5978.532922297207,2019-07-22T14:47:09Z,46.25238333,13.22811667,1365.00,37.912
10828,4,5222,9130.195371842967,5979.532922297207,2019-07-22T14:47:10Z,46.25228333,13.22826667,1364.00,37.897
10829,4,5223,9131.195371842967,5980.532922297207,2019-07-22T14:47:11Z,46.25218333,13.22841667,1364.00,37.881
10830,4,5224,9132.195371842967,5981.532922297207,2019-07-22T14:47:12Z,46.25206667,13.22856667,1364.00,37.863
10831,4,5225,9133.195371842967,5982.532922297207,2019-07-22T14:47:13Z,46.25196667,13.22871667,1362.00,37.847
10832,4,5226,9134.195371842967,5983.532922297207,2019-07-22T14:47:14Z,46.25185000,13.22888333,1361.00,37.829
10833,4,5227,9135.195371842967,5984.532922297207,2019-07-22T14:47:15Z,46.25175000,13.22905000,1360.00,37.813
10834,4,5228,9136.195371842967,5985.532922297207,2019-07-22T14:47:16Z,46.25165000,13.22920000,1359.00,37.797
10835,4,5229,9137.195371842967,5986.532922297207,2019-07-22T14:47:17Z,46.25155000,13.22936667,1358.00,37.78
10836,4,5230,9138.195371842967,5987.532922297207,2019-07-22T14:47:18Z,46.25145000,13.22951667,1357.00,37.764
10837,4,5231,9139.195371842967,5988.532922297207,2019-07-22T14:47:19Z,46.25135000,13.22968333,1356.00,37.748
10838,4,5232,9140.195371842967,5989.532922297207,2019-07-22T14:47:20Z,46.25125000,13.22983333,1355.00,37.732
10839,4,5233,9141.195371842967,5990.532922297207,2019-07-22T14:47:21Z,46.25116667,13.23000000,1353.00,37.716
10840,4,5234,9142.195371842967,5991.532922297207,2019-07-22T14:47:22Z,46.25106667,13.23015000,1351.00,37.701
10841,4,5235,9143.195371842967,5992.532922297207,2019-07-22T14:47:23Z,46.25096667,13.23030000,1351.00,37.685
10842,4,5236,9144.195371842967,5993.532922297207,2019-07-22T14:47:24Z,46.25086667,13.23046667,1349.00,37.668
10843,4,5237,9145.195371842967,5994.532922297207,2019-07-22T14:47:25Z,46.25076667,13.23061667,1347.00,37.652
10844,4,5238,9146.195371842967,5995.532922297207,2019-07-22T14:47:26Z,46.25066667,13.23078333,1346.00,37.635
10845,4,5239,9147.195371842967,5996.532922297207,2019-07-22T14:47:27Z,46.25056667,13.23095000,1344.00,37.619
10846,4,5240,9148.195371842967,5997.532922297207,2019-07-22T14:47:28Z,46.25046667,13.23111667,1343.00,37.602
10847,4,5241,9149.195371842967,5998.532922297207,2019-07-22T14:47:29Z,46.25036667,13.23128333,1341.00,37.585
10848,4,5242,9150.195371842967,5999.532922297207,2019-07-22T14:47:30Z,46.25026667,13.23145000,1340.00,37.569
10849,4,5243,9151.195371842967,6000.532922297207,2019-07-22T14:47:31Z,46.25016667,13.23161667,1339.00,37.552
10850,4,5244,9152.195371842967,6001.532922297207,2019-07-22T14:47:32Z,46.25006667,13.23178333,1337.00,37.535
10851,4,5245,9153.195371842967,6002.532922297207,2019-07-22T14:47:33Z,46.24996667,13.23193333,1337.00,37.519
10852,4,5246,9154.195371842967,6003.532922297207,2019-07-22T14:47:34Z,46.24986667,13.23208333,1336.00,37.504
10853,4,5247,9155.195371842967,6004.532922297207,2019-07-22T14:47:35Z,46.24976667,13.23223333,1336.00,37.488
10854,4,5248,9156.195371842967,6005.532922297207,2019-07-22T14:47:36Z,46.24965000,13.23238333,1335.00,37.47
10855,4,5249,9157.195371842967,6006.532922297207,2019-07-22T14:47:37Z,46.24955000,13.23253333,1334.00,37.455
10856,4,5250,9158.195371842967,6007.532922297207,2019-07-22T14:47:38Z,46.24943333,13.23266667,1333.00,37.438
10857,4,5251,9159.195371842967,6008.532922297207,2019-07-22T14:47:39Z,46.24933333,13.23281667,1333.00,37.422
10858,4,5252,9160.195371842967,6009.532922297207,2019-07-22T14:47:40Z,46.24921667,13.23296667,1331.00,37.405
10859,4,5253,9161.195371842967,6010.532922297207,2019-07-22T14:47:41Z,46.24911667,13.23311667,1330.00,37.389
10860,4,5254,9162.195371842967,6011.532922297207,2019-07-22T14:47:42Z,46.24901667,13.23326667,1329.00,37.373
10861,4,5255,9163.195371842967,6012.532922297207,2019-07-22T14:47:43Z,46.24890000,13.23341667,1328.00,37.356
10862,4,5256,9164.195371842967,6013.532922297207,2019-07-22T14:47:44Z,46.24880000,13.23356667,1326.00,37.34
10863,4,5257,9165.195371842967,6014.532922297207,2019-07-22T14:47:45Z,46.24868333,13.23370000,1325.00,37.323
10864,4,5258,9166.195371842967,6015.532922297207,2019-07-22T14:47:46Z,46.24858333,13.23385000,1323.00,37.307
10865,4,5259,9167.195371842967,6016.532922297207,2019-07-22T14:47:47Z,46.24846667,13.23400000,1322.00,37.29
10866,4,5260,9168.195371842967,6017.532922297207,2019-07-22T14:47:48Z,46.24833333,13.23416667,1322.00,37.271
10867,4,5261,9169.195371842967,6018.532922297207,2019-07-22T14:47:49Z,46.24821667,13.23431667,1321.00,37.253
10868,4,5262,9170.195371842967,6019.532922297207,2019-07-22T14:47:50Z,46.24810000,13.23446667,1320.00,37.236
10869,4,5263,9171.195371842967,6020.532922297207,2019-07-22T14:47:51Z,46.24798333,13.23461667,1320.00,37.219
10870,4,5264,9172.195371842967,6021.532922297207,2019-07-22T14:47:52Z,46.24786667,13.23478333,1319.00,37.2
10871,4,5265,9173.195371842967,6022.532922297207,2019-07-22T14:47:53Z,46.24776667,13.23493333,1320.00,37.185
10872,4,5266,9174.195371842967,6023.532922297207,2019-07-22T14:47:54Z,46.24765000,13.23508333,1319.00,37.167
10873,4,5267,9175.195371842967,6024.532922297207,2019-07-22T14:47:55Z,46.24755000,13.23525000,1318.00,37.151
10874,4,5268,9176.195371842967,6025.532922297207,2019-07-22T14:47:56Z,46.24743333,13.23540000,1316.00,37.133
10875,4,5269,9177.195371842967,6026.532922297207,2019-07-22T14:47:57Z,46.24731667,13.23555000,1315.00,37.116
10876,4,5270,9178.195371842967,6027.532922297207,2019-07-22T14:47:58Z,46.24720000,13.23571667,1315.00,37.098
10877,4,5271,9179.195371842967,6028.532922297207,2019-07-22T14:47:59Z,46.24708333,13.23586667,1313.00,37.08
10878,4,5272,9180.195371842967,6029.532922297207,2019-07-22T14:48:00Z,46.24698333,13.23603333,1312.00,37.064
10879,4,5273,9181.195371842967,6030.532922297207,2019-07-22T14:48:01Z,46.24686667,13.23620000,1311.00,37.046
10880,4,5274,9182.195371842967,6031.532922297207,2019-07-22T14:48:02Z,46.24676667,13.23636667,1310.00,37.029
10881,4,5275,9183.195371842967,6032.532922297207,2019-07-22T14:48:03Z,46.24665000,13.23653333,1309.00,37.011
10882,4,5276,9184.195371842967,6033.532922297207,2019-07-22T14:48:04Z,46.24655000,13.23670000,1309.00,36.994
10883,4,5277,9185.195371842967,6034.532922297207,2019-07-22T14:48:05Z,46.24643333,13.23685000,1309.00,36.977
10884,4,5278,9186.195371842967,6035.532922297207,2019-07-22T14:48:06Z,46.24633333,13.23701667,1308.00,36.96
10885,4,5279,9187.195371842967,6036.532922297207,2019-07-22T14:48:07Z,46.24621667,13.23716667,1307.00,36.943
10886,4,5280,9188.195371842967,6037.532922297207,2019-07-22T14:48:08Z,46.24611667,13.23731667,1306.00,36.927
10887,4,5281,9189.195371842967,6038.532922297207,2019-07-22T14:48:09Z,46.24600000,13.23748333,1305.00,36.909
10888,4,5282,9190.195371842967,6039.532922297207,2019-07-22T14:48:10Z,46.24588333,13.23763333,1302.00,36.892
10889,4,5283,9191.195371842967,6040.532922297207,2019-07-22T14:48:11Z,46.24575000,13.23778333,1301.00,36.873
10890,4,5284,9192.195371842967,6041.532922297207,2019-07-22T14:48:12Z,46.24563333,13.23795000,1301.00,36.855
10891,4,5285,9193.195371842967,6042.532922297207,2019-07-22T14:48:13Z,46.24551667,13.23810000,1300.00,36.837
10892,4,5286,9194.195371842967,6043.532922297207,2019-07-22T14:48:14Z,46.24540000,13.23826667,1299.00,36.819
10893,4,5287,9195.195371842967,6044.532922297207,2019-07-22T14:48:15Z,46.24528333,13.23841667,1297.00,36.802
10894,4,5288,9196.195371842967,6045.532922297207,2019-07-22T14:48:16Z,46.24516667,13.23858333,1297.00,36.784
10895,4,5289,9197.195371842967,6046.532922297207,2019-07-22T14:48:17Z,46.24505000,13.23875000,1296.00,36.766
10896,4,5290,9198.195371842967,6047.532922297207,2019-07-22T14:48:18Z,46.24495000,13.23890000,1293.00,36.75
10897,4,5291,9199.195371842967,6048.532922297207,2019-07-22T14:48:19Z,46.24483333,13.23905000,1291.00,36.733
10898,4,5292,9200.195371842967,6049.532922297207,2019-07-22T14:48:20Z,46.24471667,13.23920000,1290.00,36.715
10899,4,5293,9201.195371842967,6050.532922297207,2019-07-22T14:48:21Z,46.24460000,13.23935000,1289.00,36.698
10900,4,5294,9202.195371842967,6051.532922297207,2019-07-22T14:48:22Z,46.24448333,13.23951667,1286.00,36.68
10901,4,5295,9203.195371842967,6052.532922297207,2019-07-22T14:48:23Z,46.24438333,13.23968333,1283.00,36.663
10902,4,5296,9204.195371842967,6053.532922297207,2019-07-22T14:48:24Z,46.24426667,13.23985000,1284.00,36.645
10903,4,5297,9205.195371842967,6054.532922297207,2019-07-22T14:48:25Z,46.24418333,13.24003333,1284.00,36.629
10904,4,5298,9206.195371842967,6055.532922297207,2019-07-22T14:48:26Z,46.24408333,13.24021667,1283.00,36.612
10905,4,5299,9207.195371842967,6056.532922297207,2019-07-22T14:48:27Z,46.24400000,13.24040000,1282.00,36.596
10906,4,5300,9208.195371842967,6057.532922297207,2019-07-22T14:48:28Z,46.24391667,13.24058333,1281.00,36.58
10907,4,5301,9209.195371842967,6058.532922297207,2019-07-22T14:48:29Z,46.24381667,13.24076667,1279.00,36.562
10908,4,5302,9210.195371842967,6059.532922297207,2019-07-22T14:48:30Z,46.24373333,13.24095000,1277.00,36.546
10909,4,5303,9211.195371842967,6060.532922297207,2019-07-22T14:48:31Z,46.24363333,13.24113333,1275.00,36.529
10910,4,5304,9212.195371842967,6061.532922297207,2019-07-22T14:48:32Z,46.24355000,13.24130000,1272.00,36.514
10911,4,5305,9213.195371842967,6062.532922297207,2019-07-22T14:48:33Z,46.24345000,13.24146667,1270.00,36.497
10912,4,5306,9214.195371842967,6063.532922297207,2019-07-22T14:48:34Z,46.24335000,13.24163333,1267.00,36.48
10913,4,5307,9215.195371842967,6064.532922297207,2019-07-22T14:48:35Z,46.24325000,13.24180000,1264.00,36.464
10914,4,5308,9216.195371842967,6065.532922297207,2019-07-22T14:48:36Z,46.24315000,13.24196667,1260.00,36.447
10915,4,5309,9217.195371842967,6066.532922297207,2019-07-22T14:48:37Z,46.24305000,13.24215000,1258.00,36.43
10916,4,5310,9218.195371842967,6067.532922297207,2019-07-22T14:48:38Z,46.24295000,13.24231667,1255.00,36.413
10917,4,5311,9219.195371842967,6068.532922297207,2019-07-22T14:48:39Z,46.24283333,13.24250000,1253.00,36.394
10918,4,5312,9220.195371842967,6069.532922297207,2019-07-22T14:48:40Z,46.24271667,13.24268333,1250.00,36.375
10919,4,5313,9221.195371842967,6070.532922297207,2019-07-22T14:48:41Z,46.24260000,13.24286667,1248.00,36.356
10920,4,5314,9222.195371842967,6071.532922297207,2019-07-22T14:48:42Z,46.24246667,13.24303333,1247.00,36.337
10921,4,5315,9223.195371842967,6072.532922297207,2019-07-22T14:48:43Z,46.24235000,13.24320000,1246.00,36.319
10922,4,5316,9224.195371842967,6073.532922297207,2019-07-22T14:48:44Z,46.24223333,13.24336667,1244.00,36.301
10923,4,5317,9225.195371842967,6074.532922297207,2019-07-22T14:48:45Z,46.24211667,13.24351667,1242.00,36.283
10924,4,5318,9226.195371842967,6075.532922297207,2019-07-22T14:48:46Z,46.24200000,13.24368333,1241.00,36.265
10925,4,5319,9227.195371842967,6076.532922297207,2019-07-22T14:48:47Z,46.24188333,13.24383333,1240.00,36.248
10926,4,5320,9228.195371842967,6077.532922297207,2019-07-22T14:48:48Z,46.24178333,13.24400000,1239.00,36.231
10927,4,5321,9229.195371842967,6078.532922297207,2019-07-22T14:48:49Z,46.24166667,13.24416667,1237.00,36.213
10928,4,5322,9230.195371842967,6079.532922297207,2019-07-22T14:48:50Z,46.24155000,13.24433333,1235.00,36.195
10929,4,5323,9231.195371842967,6080.532922297207,2019-07-22T14:48:51Z,46.24143333,13.24448333,1234.00,36.178
10930,4,5324,9232.195371842967,6081.532922297207,2019-07-22T14:48:52Z,46.24131667,13.24465000,1233.00,36.16
10931,4,5325,9233.195371842967,6082.532922297207,2019-07-22T14:48:53Z,46.24120000,13.24480000,1232.00,36.142
10932,4,5326,9234.195371842967,6083.532922297207,2019-07-22T14:48:54Z,46.24108333,13.24496667,1231.00,36.124
10933,4,5327,9235.195371842967,6084.532922297207,2019-07-22T14:48:55Z,46.24096667,13.24511667,1230.00,36.107
10934,4,5328,9236.195371842967,6085.532922297207,2019-07-22T14:48:56Z,46.24085000,13.24528333,1228.00,36.089
10935,4,5329,9237.195371842967,6086.532922297207,2019-07-22T14:48:57Z,46.24073333,13.24545000,1227.00,36.071
10936,4,5330,9238.195371842967,6087.532922297207,2019-07-22T14:48:58Z,46.24063333,13.24561667,1226.00,36.054
10937,4,5331,9239.195371842967,6088.532922297207,2019-07-22T14:48:59Z,46.24051667,13.24578333,1225.00,36.036
10938,4,5332,9240.195371842967,6089.532922297207,2019-07-22T14:49:00Z,46.24040000,13.24595000,1224.00,36.018
10939,4,5333,9241.195371842967,6090.532922297207,2019-07-22T14:49:01Z,46.24028333,13.24610000,1222.00,36.001
10940,4,5334,9242.195371842967,6091.532922297207,2019-07-22T14:49:02Z,46.24016667,13.24626667,1221.00,35.982
10941,4,5335,9243.195371842967,6092.532922297207,2019-07-22T14:49:03Z,46.24005000,13.24643333,1220.00,35.964
10942,4,5336,9244.195371842967,6093.532922297207,2019-07-22T14:49:04Z,46.23995000,13.24660000,1218.00,35.948
10943,4,5337,9245.195371842967,6094.532922297207,2019-07-22T14:49:05Z,46.23983333,13.24676667,1217.00,35.93
10944,4,5338,9246.195371842967,6095.532922297207,2019-07-22T14:49:06Z,46.23973333,13.24693333,1215.00,35.913
10945,4,5339,9247.195371842967,6096.532922297207,2019-07-22T14:49:07Z,46.23961667,13.24711667,1214.00,35.894
10946,4,5340,9248.195371842967,6097.532922297207,2019-07-22T14:49:08Z,46.23951667,13.24728333,1212.00,35.878
10947,4,5341,9249.195371842967,6098.532922297207,2019-07-22T14:49:09Z,46.23940000,13.24746667,1211.00,35.859
10948,4,5342,9250.195371842967,6099.532922297207,2019-07-22T14:49:10Z,46.23930000,13.24765000,1210.00,35.841
10949,4,5343,9251.195371842967,6100.532922297207,2019-07-22T14:49:11Z,46.23920000,13.24781667,1208.00,35.825
10950,4,5344,9252.195371842967,6101.532922297207,2019-07-22T14:49:12Z,46.23910000,13.24798333,1207.00,35.808
10951,4,5345,9253.195371842967,6102.532922297207,2019-07-22T14:49:13Z,46.23898333,13.24815000,1205.00,35.79
10952,4,5346,9254.195371842967,6103.532922297207,2019-07-22T14:49:14Z,46.23888333,13.24831667,1204.00,35.773
10953,4,5347,9255.195371842967,6104.532922297207,2019-07-22T14:49:15Z,46.23876667,13.24848333,1203.00,35.755
10954,4,5348,9256.195371842967,6105.532922297207,2019-07-22T14:49:16Z,46.23865000,13.24865000,1202.00,35.737
10955,4,5349,9257.195371842967,6106.532922297207,2019-07-22T14:49:17Z,46.23855000,13.24881667,1201.00,35.721
10956,4,5350,9258.195371842967,6107.532922297207,2019-07-22T14:49:18Z,46.23843333,13.24898333,1199.00,35.703
10957,4,5351,9259.195371842967,6108.532922297207,2019-07-22T14:49:19Z,46.23833333,13.24915000,1198.00,35.686
10958,4,5352,9260.195371842967,6109.532922297207,2019-07-22T14:49:20Z,46.23823333,13.24930000,1197.00,35.67
10959,4,5353,9261.195371842967,6110.532922297207,2019-07-22T14:49:21Z,46.23813333,13.24946667,1196.00,35.653
10960,4,5354,9262.195371842967,6111.532922297207,2019-07-22T14:49:22Z,46.23801667,13.24963333,1193.00,35.635
10961,4,5355,9263.195371842967,6112.532922297207,2019-07-22T14:49:23Z,46.23791667,13.24978333,1191.00,35.62
10962,4,5356,9264.195371842967,6113.532922297207,2019-07-22T14:49:24Z,46.23781667,13.24995000,1190.00,35.603
10963,4,5357,9265.195371842967,6114.532922297207,2019-07-22T14:49:25Z,46.23771667,13.25011667,1188.00,35.586
10964,4,5358,9266.195371842967,6115.532922297207,2019-07-22T14:49:26Z,46.23760000,13.25026667,1187.00,35.569
10965,4,5359,9267.195371842967,6116.532922297207,2019-07-22T14:49:27Z,46.23750000,13.25043333,1185.00,35.552
10966,4,5360,9268.195371842967,6117.532922297207,2019-07-22T14:49:28Z,46.23738333,13.25058333,1184.00,35.535
10967,4,5361,9269.195371842967,6118.532922297207,2019-07-22T14:49:29Z,46.23728333,13.25073333,1182.00,35.519
10968,4,5362,9270.195371842967,6119.532922297207,2019-07-22T14:49:30Z,46.23716667,13.25088333,1180.00,35.502
10969,4,5363,9271.195371842967,6120.532922297207,2019-07-22T14:49:31Z,46.23705000,13.25103333,1179.00,35.485
10970,4,5364,9272.195371842967,6121.532922297207,2019-07-22T14:49:32Z,46.23693333,13.25120000,1178.00,35.467
10971,4,5365,9273.195371842967,6122.532922297207,2019-07-22T14:49:33Z,46.23681667,13.25135000,1176.00,35.449
10972,4,5366,9274.195371842967,6123.532922297207,2019-07-22T14:49:34Z,46.23671667,13.25151667,1174.00,35.433
10973,4,5367,9275.195371842967,6124.532922297207,2019-07-22T14:49:35Z,46.23660000,13.25168333,1171.00,35.415
10974,4,5368,9276.195371842967,6125.532922297207,2019-07-22T14:49:36Z,46.23650000,13.25186667,1170.00,35.397
10975,4,5369,9277.195371842967,6126.532922297207,2019-07-22T14:49:37Z,46.23638333,13.25205000,1168.00,35.378
10976,4,5370,9278.195371842967,6127.532922297207,2019-07-22T14:49:38Z,46.23628333,13.25223333,1166.00,35.361
10977,4,5371,9279.195371842967,6128.532922297207,2019-07-22T14:49:39Z,46.23616667,13.25241667,1165.00,35.342
10978,4,5372,9280.195371842967,6129.532922297207,2019-07-22T14:49:40Z,46.23606667,13.25258333,1164.00,35.326
10979,4,5373,9281.195371842967,6130.532922297207,2019-07-22T14:49:41Z,46.23596667,13.25276667,1163.00,35.308
10980,4,5374,9282.195371842967,6131.532922297207,2019-07-22T14:49:42Z,46.23585000,13.25293333,1161.00,35.29
10981,4,5375,9283.195371842967,6132.532922297207,2019-07-22T14:49:43Z,46.23575000,13.25310000,1159.00,35.274
10982,4,5376,9284.195371842967,6133.532922297207,2019-07-22T14:49:44Z,46.23563333,13.25328333,1157.00,35.255
10983,4,5377,9285.195371842967,6134.532922297207,2019-07-22T14:49:45Z,46.23551667,13.25345000,1156.00,35.237
10984,4,5378,9286.195371842967,6135.532922297207,2019-07-22T14:49:46Z,46.23541667,13.25363333,1154.00,35.219
10985,4,5379,9287.195371842967,6136.532922297207,2019-07-22T14:49:47Z,46.23530000,13.25380000,1153.00,35.201
10986,4,5380,9288.195371842967,6137.532922297207,2019-07-22T14:49:48Z,46.23520000,13.25398333,1151.00,35.184
10987,4,5381,9289.195371842967,6138.532922297207,2019-07-22T14:49:49Z,46.23508333,13.25416667,1150.00,35.165
10988,4,5382,9290.195371842967,6139.532922297207,2019-07-22T14:49:50Z,46.23498333,13.25433333,1150.00,35.149
10989,4,5383,9291.195371842967,6140.532922297207,2019-07-22T14:49:51Z,46.23488333,13.25451667,1150.00,35.131
10990,4,5384,9292.195371842967,6141.532922297207,2019-07-22T14:49:52Z,46.23476667,13.25468333,1148.00,35.113
10991,4,5385,9293.195371842967,6142.532922297207,2019-07-22T14:49:53Z,46.23466667,13.25485000,1147.00,35.097
10992,4,5386,9294.195371842967,6143.532922297207,2019-07-22T14:49:54Z,46.23455000,13.25501667,1145.00,35.079
10993,4,5387,9295.195371842967,6144.532922297207,2019-07-22T14:49:55Z,46.23445000,13.25520000,1143.00,35.061
10994,4,5388,9296.195371842967,6145.532922297207,2019-07-22T14:49:56Z,46.23433333,13.25536667,1143.00,35.043
10995,4,5389,9297.195371842967,6146.532922297207,2019-07-22T14:49:57Z,46.23421667,13.25553333,1141.00,35.025
10996,4,5390,9298.195371842967,6147.532922297207,2019-07-22T14:49:58Z,46.23410000,13.25568333,1141.00,35.008
10997,4,5391,9299.195371842967,6148.532922297207,2019-07-22T14:49:59Z,46.23398333,13.25585000,1142.00,34.99
10998,4,5392,9300.195371842967,6149.532922297207,2019-07-22T14:50:00Z,46.23386667,13.25600000,1142.00,34.973
10999,4,5393,9301.195371842967,6150.532922297207,2019-07-22T14:50:01Z,46.23375000,13.25618333,1141.00,34.954
11000,4,5394,9302.195371842967,6151.532922297207,2019-07-22T14:50:02Z,46.23365000,13.25635000,1139.00,34.937
11001,4,5395,9303.195371842967,6152.532922297207,2019-07-22T14:50:03Z,46.23353333,13.25651667,1138.00,34.919
11002,4,5396,9304.195371842967,6153.532922297207,2019-07-22T14:50:04Z,46.23341667,13.25670000,1136.00,34.9
11003,4,5397,9305.195371842967,6154.532922297207,2019-07-22T14:50:05Z,46.23330000,13.25688333,1135.00,34.881
11004,4,5398,9306.195371842967,6155.532922297207,2019-07-22T14:50:06Z,46.23318333,13.25705000,1133.00,34.863
11005,4,5399,9307.195371842967,6156.532922297207,2019-07-22T14:50:07Z,46.23308333,13.25723333,1131.00,34.846
11006,4,5400,9308.195371842967,6157.532922297207,2019-07-22T14:50:08Z,46.23296667,13.25741667,1130.00,34.827
11007,4,5401,9309.195371842967,6158.532922297207,2019-07-22T14:50:09Z,46.23285000,13.25760000,1129.00,34.808
11008,4,5402,9310.195371842967,6159.532922297207,2019-07-22T14:50:10Z,46.23275000,13.25778333,1128.00,34.791
11009,4,5403,9311.195371842967,6160.532922297207,2019-07-22T14:50:11Z,46.23263333,13.25796667,1127.00,34.772
11010,4,5404,9312.195371842967,6161.532922297207,2019-07-22T14:50:12Z,46.23253333,13.25816667,1125.00,34.754
11011,4,5405,9313.195371842967,6162.532922297207,2019-07-22T14:50:13Z,46.23241667,13.25835000,1123.00,34.735
11012,4,5406,9314.195371842967,6163.532922297207,2019-07-22T14:50:14Z,46.23231667,13.25853333,1123.00,34.718
11013,4,5407,9315.195371842967,6164.532922297207,2019-07-22T14:50:15Z,46.23221667,13.25871667,1123.00,34.701
11014,4,5408,9316.195371842967,6165.532922297207,2019-07-22T14:50:16Z,46.23213333,13.25890000,1121.00,34.685
11015,4,5409,9317.195371842967,6166.532922297207,2019-07-22T14:50:17Z,46.23203333,13.25908333,1119.00,34.668
11016,4,5410,9318.195371842967,6167.532922297207,2019-07-22T14:50:18Z,46.23193333,13.25926667,1117.00,34.65
11017,4,5411,9319.195371842967,6168.532922297207,2019-07-22T14:50:19Z,46.23183333,13.25945000,1116.00,34.633
11018,4,5412,9320.195371842967,6169.532922297207,2019-07-22T14:50:20Z,46.23173333,13.25963333,1114.00,34.616
11019,4,5413,9321.195371842967,6170.532922297207,2019-07-22T14:50:21Z,46.23163333,13.25981667,1113.00,34.599
11020,4,5414,9322.195371842967,6171.532922297207,2019-07-22T14:50:22Z,46.23155000,13.25998333,1111.00,34.584
11021,4,5415,9323.195371842967,6172.532922297207,2019-07-22T14:50:23Z,46.23145000,13.26016667,1109.00,34.566
11022,4,5416,9324.195371842967,6173.532922297207,2019-07-22T14:50:24Z,46.23135000,13.26035000,1107.00,34.549
11023,4,5417,9325.195371842967,6174.532922297207,2019-07-22T14:50:25Z,46.23125000,13.26053333,1105.00,34.532
11024,4,5418,9326.195371842967,6175.532922297207,2019-07-22T14:50:26Z,46.23115000,13.26073333,1103.00,34.514
11025,4,5419,9327.195371842967,6176.532922297207,2019-07-22T14:50:27Z,46.23105000,13.26091667,1100.00,34.496
11026,4,5420,9328.195371842967,6177.532922297207,2019-07-22T14:50:28Z,46.23095000,13.26110000,1098.00,34.479
11027,4,5421,9329.195371842967,6178.532922297207,2019-07-22T14:50:29Z,46.23083333,13.26126667,1096.00,34.461
11028,4,5422,9330.195371842967,6179.532922297207,2019-07-22T14:50:30Z,46.23073333,13.26145000,1095.00,34.444
11029,4,5423,9331.195371842967,6180.532922297207,2019-07-22T14:50:31Z,46.23063333,13.26163333,1094.00,34.427
11030,4,5424,9332.195371842967,6181.532922297207,2019-07-22T14:50:32Z,46.23053333,13.26181667,1093.00,34.409
11031,4,5425,9333.195371842967,6182.532922297207,2019-07-22T14:50:33Z,46.23045000,13.26200000,1092.00,34.394
11032,4,5426,9334.195371842967,6183.532922297207,2019-07-22T14:50:34Z,46.23035000,13.26220000,1091.00,34.376
11033,4,5427,9335.195371842967,6184.532922297207,2019-07-22T14:50:35Z,46.23026667,13.26238333,1090.00,34.36
11034,4,5428,9336.195371842967,6185.532922297207,2019-07-22T14:50:36Z,46.23016667,13.26258333,1088.00,34.342
11035,4,5429,9337.195371842967,6186.532922297207,2019-07-22T14:50:37Z,46.23006667,13.26278333,1086.00,34.324
11036,4,5430,9338.195371842967,6187.532922297207,2019-07-22T14:50:38Z,46.22996667,13.26296667,1085.00,34.307
11037,4,5431,9339.195371842967,6188.532922297207,2019-07-22T14:50:39Z,46.22986667,13.26316667,1083.00,34.289
11038,4,5432,9340.195371842967,6189.532922297207,2019-07-22T14:50:40Z,46.22976667,13.26335000,1082.00,34.271
11039,4,5433,9341.195371842967,6190.532922297207,2019-07-22T14:50:41Z,46.22965000,13.26355000,1080.00,34.252
11040,4,5434,9342.195371842967,6191.532922297207,2019-07-22T14:50:42Z,46.22953333,13.26373333,1079.00,34.233
11041,4,5435,9343.195371842967,6192.532922297207,2019-07-22T14:50:43Z,46.22943333,13.26391667,1077.00,34.216
11042,4,5436,9344.195371842967,6193.532922297207,2019-07-22T14:50:44Z,46.22930000,13.26408333,1075.00,34.196
11043,4,5437,9345.195371842967,6194.532922297207,2019-07-22T14:50:45Z,46.22918333,13.26426667,1073.00,34.178
11044,4,5438,9346.195371842967,6195.532922297207,2019-07-22T14:50:46Z,46.22906667,13.26445000,1071.00,34.159
11045,4,5439,9347.195371842967,6196.532922297207,2019-07-22T14:50:47Z,46.22893333,13.26463333,1070.00,34.139
11046,4,5440,9348.195371842967,6197.532922297207,2019-07-22T14:50:48Z,46.22881667,13.26480000,1068.00,34.121
11047,4,5441,9349.195371842967,6198.532922297207,2019-07-22T14:50:49Z,46.22870000,13.26498333,1067.00,34.102
11048,4,5442,9350.195371842967,6199.532922297207,2019-07-22T14:50:50Z,46.22858333,13.26516667,1066.00,34.083
11049,4,5443,9351.195371842967,6200.532922297207,2019-07-22T14:50:51Z,46.22845000,13.26533333,1064.00,34.064
11050,4,5444,9352.195371842967,6201.532922297207,2019-07-22T14:50:52Z,46.22833333,13.26551667,1063.00,34.045
11051,4,5445,9353.195371842967,6202.532922297207,2019-07-22T14:50:53Z,46.22821667,13.26568333,1062.00,34.027
11052,4,5446,9354.195371842967,6203.532922297207,2019-07-22T14:50:54Z,46.22810000,13.26586667,1061.00,34.008
11053,4,5447,9355.195371842967,6204.532922297207,2019-07-22T14:50:55Z,46.22798333,13.26605000,1060.00,33.989
11054,4,5448,9356.195371842967,6205.532922297207,2019-07-22T14:50:56Z,46.22786667,13.26621667,1059.00,33.971
11055,4,5449,9357.195371842967,6206.532922297207,2019-07-22T14:50:57Z,46.22775000,13.26640000,1058.00,33.953
11056,4,5450,9358.195371842967,6207.532922297207,2019-07-22T14:50:58Z,46.22763333,13.26656667,1056.00,33.935
11057,4,5451,9359.195371842967,6208.532922297207,2019-07-22T14:50:59Z,46.22753333,13.26675000,1054.00,33.917
11058,4,5452,9360.195371842967,6209.532922297207,2019-07-22T14:51:00Z,46.22743333,13.26693333,1053.00,33.9
11059,4,5453,9361.195371842967,6210.532922297207,2019-07-22T14:51:01Z,46.22733333,13.26713333,1051.00,33.882
11060,4,5454,9362.195371842967,6211.532922297207,2019-07-22T14:51:02Z,46.22721667,13.26733333,1048.00,33.863
11061,4,5455,9363.195371842967,6212.532922297207,2019-07-22T14:51:03Z,46.22711667,13.26753333,1045.00,33.845
11062,4,5456,9364.195371842967,6213.532922297207,2019-07-22T14:51:04Z,46.22700000,13.26773333,1043.00,33.826
11063,4,5457,9365.195371842967,6214.532922297207,2019-07-22T14:51:05Z,46.22688333,13.26795000,1041.00,33.805
11064,4,5458,9366.195371842967,6215.532922297207,2019-07-22T14:51:06Z,46.22676667,13.26815000,1041.00,33.786
11065,4,5459,9367.195371842967,6216.532922297207,2019-07-22T14:51:07Z,46.22665000,13.26836667,1040.00,33.766
11066,4,5460,9368.195371842967,6217.532922297207,2019-07-22T14:51:08Z,46.22655000,13.26860000,1041.00,33.746
11067,4,5461,9369.195371842967,6218.532922297207,2019-07-22T14:51:09Z,46.22646667,13.26883333,1041.00,33.728
11068,4,5462,9370.195371842967,6219.532922297207,2019-07-22T14:51:10Z,46.22640000,13.26906667,1040.00,33.712
11069,4,5463,9371.195371842967,6220.532922297207,2019-07-22T14:51:11Z,46.22633333,13.26928333,1040.00,33.697
11070,4,5464,9372.195371842967,6221.532922297207,2019-07-22T14:51:12Z,46.22628333,13.26950000,1041.00,33.683
11071,4,5465,9373.195371842967,6222.532922297207,2019-07-22T14:51:13Z,46.22623333,13.26971667,1040.00,33.669
11072,4,5466,9374.195371842967,6223.532922297207,2019-07-22T14:51:14Z,46.22618333,13.26993333,1040.00,33.655
11073,4,5467,9375.195371842967,6224.532922297207,2019-07-22T14:51:15Z,46.22615000,13.27015000,1039.00,33.642
11074,4,5468,9376.195371842967,6225.532922297207,2019-07-22T14:51:16Z,46.22611667,13.27036667,1038.00,33.63
11075,4,5469,9377.195371842967,6226.532922297207,2019-07-22T14:51:17Z,46.22608333,13.27060000,1038.00,33.616
11076,4,5470,9378.195371842967,6227.532922297207,2019-07-22T14:51:18Z,46.22606667,13.27083333,1037.00,33.605
11077,4,5471,9379.195371842967,6228.532922297207,2019-07-22T14:51:19Z,46.22605000,13.27106667,1036.00,33.593
11078,4,5472,9380.195371842967,6229.532922297207,2019-07-22T14:51:20Z,46.22601667,13.27128333,1037.00,33.581
11079,4,5473,9381.195371842967,6230.532922297207,2019-07-22T14:51:21Z,46.22600000,13.27151667,1037.00,33.569
11080,4,5474,9382.195371842967,6231.532922297207,2019-07-22T14:51:22Z,46.22598333,13.27173333,1038.00,33.559
11081,4,5475,9383.195371842967,6232.532922297207,2019-07-22T14:51:23Z,46.22595000,13.27195000,1039.00,33.546
11082,4,5476,9384.195371842967,6233.532922297207,2019-07-22T14:51:24Z,46.22591667,13.27215000,1039.00,33.535
11083,4,5477,9385.195371842967,6234.532922297207,2019-07-22T14:51:25Z,46.22588333,13.27236667,1041.00,33.522
11084,4,5478,9386.195371842967,6235.532922297207,2019-07-22T14:51:26Z,46.22585000,13.27256667,1041.00,33.511
11085,4,5479,9387.195371842967,6236.532922297207,2019-07-22T14:51:27Z,46.22581667,13.27278333,1041.00,33.498
11086,4,5480,9388.195371842967,6237.532922297207,2019-07-22T14:51:28Z,46.22578333,13.27300000,1039.00,33.486
11087,4,5481,9389.195371842967,6238.532922297207,2019-07-22T14:51:29Z,46.22573333,13.27323333,1038.00,33.472
11088,4,5482,9390.195371842967,6239.532922297207,2019-07-22T14:51:30Z,46.22568333,13.27345000,1035.00,33.458
11089,4,5483,9391.195371842967,6240.532922297207,2019-07-22T14:51:31Z,46.22563333,13.27366667,1032.00,33.444
11090,4,5484,9392.195371842967,6241.532922297207,2019-07-22T14:51:32Z,46.22556667,13.27388333,1031.00,33.429
11091,4,5485,9393.195371842967,6242.532922297207,2019-07-22T14:51:33Z,46.22550000,13.27411667,1029.00,33.413
11092,4,5486,9394.195371842967,6243.532922297207,2019-07-22T14:51:34Z,46.22543333,13.27433333,1029.00,33.397
11093,4,5487,9395.195371842967,6244.532922297207,2019-07-22T14:51:35Z,46.22540000,13.27455000,1028.00,33.385
11094,4,5488,9396.195371842967,6245.532922297207,2019-07-22T14:51:36Z,46.22535000,13.27476667,1028.00,33.372
11095,4,5489,9397.195371842967,6246.532922297207,2019-07-22T14:51:37Z,46.22531667,13.27498333,1028.00,33.359
11096,4,5490,9398.195371842967,6247.532922297207,2019-07-22T14:51:38Z,46.22528333,13.27520000,1027.00,33.347
11097,4,5491,9399.195371842967,6248.532922297207,2019-07-22T14:51:39Z,46.22525000,13.27543333,1025.00,33.333
11098,4,5492,9400.195371842967,6249.532922297207,2019-07-22T14:51:40Z,46.22521667,13.27565000,1024.00,33.32
11099,4,5493,9401.195371842967,6250.532922297207,2019-07-22T14:51:41Z,46.22516667,13.27586667,1023.00,33.306
11100,4,5494,9402.195371842967,6251.532922297207,2019-07-22T14:51:42Z,46.22511667,13.27610000,1024.00,33.291
11101,4,5495,9403.195371842967,6252.532922297207,2019-07-22T14:51:43Z,46.22505000,13.27630000,1025.00,33.276
11102,4,5496,9404.195371842967,6253.532922297207,2019-07-22T14:51:44Z,46.22498333,13.27650000,1026.00,33.26
11103,4,5497,9405.195371842967,6254.532922297207,2019-07-22T14:51:45Z,46.22491667,13.27670000,1027.00,33.245
11104,4,5498,9406.195371842967,6255.532922297207,2019-07-22T14:51:46Z,46.22485000,13.27690000,1027.00,33.23
11105,4,5499,9407.195371842967,6256.532922297207,2019-07-22T14:51:47Z,46.22480000,13.27711667,1027.00,33.216
11106,4,5500,9408.195371842967,6257.532922297207,2019-07-22T14:51:48Z,46.22476667,13.27733333,1026.00,33.203
11107,4,5501,9409.195371842967,6258.532922297207,2019-07-22T14:51:49Z,46.22471667,13.27755000,1024.00,33.189
11108,4,5502,9410.195371842967,6259.532922297207,2019-07-22T14:51:50Z,46.22468333,13.27776667,1023.00,33.176
11109,4,5503,9411.195371842967,6260.532922297207,2019-07-22T14:51:51Z,46.22465000,13.27798333,1022.00,33.163
11110,4,5504,9412.195371842967,6261.532922297207,2019-07-22T14:51:52Z,46.22463333,13.27821667,1022.00,33.151
11111,4,5505,9413.195371842967,6262.532922297207,2019-07-22T14:51:53Z,46.22463333,13.27845000,1020.00,33.141
11112,4,5506,9414.195371842967,6263.532922297207,2019-07-22T14:51:54Z,46.22461667,13.27868333,1018.00,33.129
11113,4,5507,9415.195371842967,6264.532922297207,2019-07-22T14:51:55Z,46.22461667,13.27891667,1017.00,33.118
11114,4,5508,9416.195371842967,6265.532922297207,2019-07-22T14:51:56Z,46.22463333,13.27915000,1016.00,33.109
11115,4,5509,9417.195371842967,6266.532922297207,2019-07-22T14:51:57Z,46.22463333,13.27938333,1014.00,33.099
11116,4,5510,9418.195371842967,6267.532922297207,2019-07-22T14:51:58Z,46.22465000,13.27961667,1012.00,33.09
11117,4,5511,9419.195371842967,6268.532922297207,2019-07-22T14:51:59Z,46.22466667,13.27985000,1011.00,33.081
11118,4,5512,9420.195371842967,6269.532922297207,2019-07-22T14:52:00Z,46.22468333,13.28008333,1009.00,33.073
11119,4,5513,9421.195371842967,6270.532922297207,2019-07-22T14:52:01Z,46.22471667,13.28031667,1008.00,33.065
11120,4,5514,9422.195371842967,6271.532922297207,2019-07-22T14:52:02Z,46.22475000,13.28056667,1006.00,33.057
11121,4,5515,9423.195371842967,6272.532922297207,2019-07-22T14:52:03Z,46.22476667,13.28080000,1003.00,33.049
11122,4,5516,9424.195371842967,6273.532922297207,2019-07-22T14:52:04Z,46.22480000,13.28103333,1003.00,33.041
11123,4,5517,9425.195371842967,6274.532922297207,2019-07-22T14:52:05Z,46.22481667,13.28126667,1003.00,33.033
11124,4,5518,9426.195371842967,6275.532922297207,2019-07-22T14:52:06Z,46.22485000,13.28148333,1002.00,33.026
11125,4,5519,9427.195371842967,6276.532922297207,2019-07-22T14:52:07Z,46.22488333,13.28171667,1001.00,33.019
11126,4,5520,9428.195371842967,6277.532922297207,2019-07-22T14:52:08Z,46.22491667,13.28195000,1000.00,33.012
11127,4,5521,9429.195371842967,6278.532922297207,2019-07-22T14:52:09Z,46.22495000,13.28218333,1000.00,33.005
11128,4,5522,9430.195371842967,6279.532922297207,2019-07-22T14:52:10Z,46.22500000,13.28241667,999.00,33.0
11129,4,5523,9431.195371842967,6280.532922297207,2019-07-22T14:52:11Z,46.22503333,13.28265000,999.00,32.993
11130,4,5524,9432.195371842967,6281.532922297207,2019-07-22T14:52:12Z,46.22508333,13.28286667,999.00,32.988
11131,4,5525,9433.195371842967,6282.532922297207,2019-07-22T14:52:13Z,46.22513333,13.28308333,998.00,32.984
11132,4,5526,9434.195371842967,6283.532922297207,2019-07-22T14:52:14Z,46.22518333,13.28328333,998.00,32.98
11133,4,5527,9435.195371842967,6284.532922297207,2019-07-22T14:52:15Z,46.22523333,13.28348333,998.00,32.976
11134,4,5528,9436.195371842967,6285.532922297207,2019-07-22T14:52:16Z,46.22526667,13.28370000,998.00,32.97
11135,4,5529,9437.195371842967,6286.532922297207,2019-07-22T14:52:17Z,46.22531667,13.28390000,999.00,32.966
11136,4,5530,9438.195371842967,6287.532922297207,2019-07-22T14:52:18Z,46.22535000,13.28410000,998.00,32.961
11137,4,5531,9439.195371842967,6288.532922297207,2019-07-22T14:52:19Z,46.22538333,13.28428333,998.00,32.956
11138,4,5532,9440.195371842967,6289.532922297207,2019-07-22T14:52:20Z,46.22543333,13.28446667,997.00,32.953
11139,4,5533,9441.195371842967,6290.532922297207,2019-07-22T14:52:21Z,46.22546667,13.28466667,996.00,32.948
11140,4,5534,9442.195371842967,6291.532922297207,2019-07-22T14:52:22Z,46.22553333,13.28485000,994.00,32.947
11141,4,5535,9443.195371842967,6292.532922297207,2019-07-22T14:52:23Z,46.22558333,13.28503333,992.00,32.944
11142,4,5536,9444.195371842967,6293.532922297207,2019-07-22T14:52:24Z,46.22563333,13.28523333,989.00,32.94
11143,4,5537,9445.195371842967,6294.532922297207,2019-07-22T14:52:25Z,46.22568333,13.28543333,988.00,32.937
11144,4,5538,9446.195371842967,6295.532922297207,2019-07-22T14:52:26Z,46.22573333,13.28563333,986.00,32.933
11145,4,5539,9447.195371842967,6296.532922297207,2019-07-22T14:52:27Z,46.22576667,13.28585000,984.00,32.927
11146,4,5540,9448.195371842967,6297.532922297207,2019-07-22T14:52:28Z,46.22580000,13.28606667,983.00,32.922
11147,4,5541,9449.195371842967,6298.532922297207,2019-07-22T14:52:29Z,46.22583333,13.28630000,980.00,32.915
11148,4,5542,9450.195371842967,6299.532922297207,2019-07-22T14:52:30Z,46.22585000,13.28651667,979.00,32.908
11149,4,5543,9451.195371842967,6300.532922297207,2019-07-22T14:52:31Z,46.22586667,13.28673333,978.00,32.901
11150,4,5544,9452.195371842967,6301.532922297207,2019-07-22T14:52:32Z,46.22588333,13.28695000,977.00,32.894
11151,4,5545,9453.195371842967,6302.532922297207,2019-07-22T14:52:33Z,46.22586667,13.28716667,976.00,32.883
11152,4,5546,9454.195371842967,6303.532922297207,2019-07-22T14:52:34Z,46.22585000,13.28736667,974.00,32.874
11153,4,5547,9455.195371842967,6304.532922297207,2019-07-22T14:52:35Z,46.22583333,13.28758333,972.00,32.863
11154,4,5548,9456.195371842967,6305.532922297207,2019-07-22T14:52:36Z,46.22578333,13.28778333,971.00,32.851
11155,4,5549,9457.195371842967,6306.532922297207,2019-07-22T14:52:37Z,46.22573333,13.28798333,969.00,32.838
11156,4,5550,9458.195371842967,6307.532922297207,2019-07-22T14:52:38Z,46.22566667,13.28818333,967.00,32.824
11157,4,5551,9459.195371842967,6308.532922297207,2019-07-22T14:52:39Z,46.22558333,13.28838333,966.00,32.808
11158,4,5552,9460.195371842967,6309.532922297207,2019-07-22T14:52:40Z,46.22550000,13.28856667,966.00,32.792
11159,4,5553,9461.195371842967,6310.532922297207,2019-07-22T14:52:41Z,46.22541667,13.28873333,966.00,32.778
11160,4,5554,9462.195371842967,6311.532922297207,2019-07-22T14:52:42Z,46.22533333,13.28890000,967.00,32.763
11161,4,5555,9463.195371842967,6312.532922297207,2019-07-22T14:52:43Z,46.22526667,13.28908333,969.00,32.75
11162,4,5556,9464.195371842967,6313.532922297207,2019-07-22T14:52:44Z,46.22518333,13.28925000,969.00,32.735
11163,4,5557,9465.195371842967,6314.532922297207,2019-07-22T14:52:45Z,46.22511667,13.28943333,968.00,32.722
11164,4,5558,9466.195371842967,6315.532922297207,2019-07-22T14:52:46Z,46.22505000,13.28960000,968.00,32.709
11165,4,5559,9467.195371842967,6316.532922297207,2019-07-22T14:52:47Z,46.22496667,13.28976667,968.00,32.694
11166,4,5560,9468.195371842967,6317.532922297207,2019-07-22T14:52:48Z,46.22490000,13.28995000,967.00,32.681
11167,4,5561,9469.195371842967,6318.532922297207,2019-07-22T14:52:49Z,46.22481667,13.29013333,966.00,32.665
11168,4,5562,9470.195371842967,6319.532922297207,2019-07-22T14:52:50Z,46.22475000,13.29030000,965.00,32.653
11169,4,5563,9471.195371842967,6320.532922297207,2019-07-22T14:52:51Z,46.22468333,13.29048333,965.00,32.639
11170,4,5564,9472.195371842967,6321.532922297207,2019-07-22T14:52:52Z,46.22461667,13.29066667,966.00,32.625
11171,4,5565,9473.195371842967,6322.532922297207,2019-07-22T14:52:53Z,46.22455000,13.29085000,965.00,32.612
11172,4,5566,9474.195371842967,6323.532922297207,2019-07-22T14:52:54Z,46.22448333,13.29103333,963.00,32.598
11173,4,5567,9475.195371842967,6324.532922297207,2019-07-22T14:52:55Z,46.22441667,13.29123333,961.00,32.584
11174,4,5568,9476.195371842967,6325.532922297207,2019-07-22T14:52:56Z,46.22435000,13.29143333,958.00,32.57
11175,4,5569,9477.195371842967,6326.532922297207,2019-07-22T14:52:57Z,46.22430000,13.29161667,955.00,32.558
11176,4,5570,9478.195371842967,6327.532922297207,2019-07-22T14:52:58Z,46.22423333,13.29181667,953.00,32.544
11177,4,5571,9479.195371842967,6328.532922297207,2019-07-22T14:52:59Z,46.22416667,13.29201667,950.00,32.53
11178,4,5572,9480.195371842967,6329.532922297207,2019-07-22T14:53:00Z,46.22410000,13.29221667,949.00,32.516
11179,4,5573,9481.195371842967,6330.532922297207,2019-07-22T14:53:01Z,46.22403333,13.29241667,947.00,32.502
11180,4,5574,9482.195371842967,6331.532922297207,2019-07-22T14:53:02Z,46.22396667,13.29263333,944.00,32.487
11181,4,5575,9483.195371842967,6332.532922297207,2019-07-22T14:53:03Z,46.22390000,13.29283333,943.00,32.473
11182,4,5576,9484.195371842967,6333.532922297207,2019-07-22T14:53:04Z,46.22383333,13.29305000,941.00,32.458
11183,4,5577,9485.195371842967,6334.532922297207,2019-07-22T14:53:05Z,46.22378333,13.29325000,940.00,32.446
11184,4,5578,9486.195371842967,6335.532922297207,2019-07-22T14:53:06Z,46.22373333,13.29346667,940.00,32.433
11185,4,5579,9487.195371842967,6336.532922297207,2019-07-22T14:53:07Z,46.22366667,13.29368333,938.00,32.418
11186,4,5580,9488.195371842967,6337.532922297207,2019-07-22T14:53:08Z,46.22363333,13.29390000,936.00,32.407
11187,4,5581,9489.195371842967,6338.532922297207,2019-07-22T14:53:09Z,46.22358333,13.29411667,934.00,32.394
11188,4,5582,9490.195371842967,6339.532922297207,2019-07-22T14:53:10Z,46.22353333,13.29430000,934.00,32.382
11189,4,5583,9491.195371842967,6340.532922297207,2019-07-22T14:53:11Z,46.22348333,13.29448333,933.00,32.37
11190,4,5584,9492.195371842967,6341.532922297207,2019-07-22T14:53:12Z,46.22343333,13.29468333,931.00,32.358
11191,4,5585,9493.195371842967,6342.532922297207,2019-07-22T14:53:13Z,46.22336667,13.29486667,928.00,32.344
11192,4,5586,9494.195371842967,6343.532922297207,2019-07-22T14:53:14Z,46.22330000,13.29506667,928.00,32.33
11193,4,5587,9495.195371842967,6344.532922297207,2019-07-22T14:53:15Z,46.22325000,13.29525000,926.00,32.319
11194,4,5588,9496.195371842967,6345.532922297207,2019-07-22T14:53:16Z,46.22318333,13.29545000,925.00,32.305
11195,4,5589,9497.195371842967,6346.532922297207,2019-07-22T14:53:17Z,46.22313333,13.29565000,924.00,32.293
11196,4,5590,9498.195371842967,6347.532922297207,2019-07-22T14:53:18Z,46.22308333,13.29583333,924.00,32.281
11197,4,5591,9499.195371842967,6348.532922297207,2019-07-22T14:53:19Z,46.22303333,13.29603333,923.00,32.269
11198,4,5592,9500.195371842967,6349.532922297207,2019-07-22T14:53:20Z,46.22298333,13.29625000,922.00,32.256
11199,4,5593,9501.195371842967,6350.532922297207,2019-07-22T14:53:21Z,46.22291667,13.29645000,921.00,32.242
11200,4,5594,9502.195371842967,6351.532922297207,2019-07-22T14:53:22Z,46.22285000,13.29666667,920.00,32.227
11201,4,5595,9503.195371842967,6352.532922297207,2019-07-22T14:53:23Z,46.22278333,13.29688333,920.00,32.213
11202,4,5596,9504.195371842967,6353.532922297207,2019-07-22T14:53:24Z,46.22273333,13.29710000,919.00,32.2
11203,4,5597,9505.195371842967,6354.532922297207,2019-07-22T14:53:25Z,46.22266667,13.29731667,918.00,32.186
11204,4,5598,9506.195371842967,6355.532922297207,2019-07-22T14:53:26Z,46.22261667,13.29751667,918.00,32.174
11205,4,5599,9507.195371842967,6356.532922297207,2019-07-22T14:53:27Z,46.22256667,13.29771667,917.00,32.162
11206,4,5600,9508.195371842967,6357.532922297207,2019-07-22T14:53:28Z,46.22250000,13.29790000,916.00,32.148
11207,4,5601,9509.195371842967,6358.532922297207,2019-07-22T14:53:29Z,46.22245000,13.29810000,915.00,32.136
11208,4,5602,9510.195371842967,6359.532922297207,2019-07-22T14:53:30Z,46.22238333,13.29828333,914.00,32.123
11209,4,5603,9511.195371842967,6360.532922297207,2019-07-22T14:53:31Z,46.22233333,13.29848333,914.00,32.111
11210,4,5604,9512.195371842967,6361.532922297207,2019-07-22T14:53:32Z,46.22226667,13.29868333,913.00,32.097
11211,4,5605,9513.195371842967,6362.532922297207,2019-07-22T14:53:33Z,46.22221667,13.29888333,912.00,32.085
11212,4,5606,9514.195371842967,6363.532922297207,2019-07-22T14:53:34Z,46.22216667,13.29906667,911.00,32.074
11213,4,5607,9515.195371842967,6364.532922297207,2019-07-22T14:53:35Z,46.22211667,13.29926667,911.00,32.062
11214,4,5608,9516.195371842967,6365.532922297207,2019-07-22T14:53:36Z,46.22206667,13.29945000,909.00,32.051
11215,4,5609,9517.195371842967,6366.532922297207,2019-07-22T14:53:37Z,46.22201667,13.29965000,908.00,32.039
11216,4,5610,9518.195371842967,6367.532922297207,2019-07-22T14:53:38Z,46.22196667,13.29986667,905.00,32.026
11217,4,5611,9519.195371842967,6368.532922297207,2019-07-22T14:53:39Z,46.22191667,13.30006667,903.00,32.014
11218,4,5612,9520.195371842967,6369.532922297207,2019-07-22T14:53:40Z,46.22186667,13.30026667,902.00,32.002
11219,4,5613,9521.195371842967,6370.532922297207,2019-07-22T14:53:41Z,46.22180000,13.30045000,901.00,31.989
11220,4,5614,9522.195371842967,6371.532922297207,2019-07-22T14:53:42Z,46.22173333,13.30065000,899.00,31.976
11221,4,5615,9523.195371842967,6372.532922297207,2019-07-22T14:53:43Z,46.22165000,13.30083333,898.00,31.961
11222,4,5616,9524.195371842967,6373.532922297207,2019-07-22T14:53:44Z,46.22158333,13.30101667,897.00,31.948
11223,4,5617,9525.195371842967,6374.532922297207,2019-07-22T14:53:45Z,46.22151667,13.30121667,896.00,31.934
11224,4,5618,9526.195371842967,6375.532922297207,2019-07-22T14:53:46Z,46.22145000,13.30140000,894.00,31.922
11225,4,5619,9527.195371842967,6376.532922297207,2019-07-22T14:53:47Z,46.22136667,13.30160000,893.00,31.906
11226,4,5620,9528.195371842967,6377.532922297207,2019-07-22T14:53:48Z,46.22130000,13.30178333,891.00,31.893
11227,4,5621,9529.195371842967,6378.532922297207,2019-07-22T14:53:49Z,46.22121667,13.30196667,889.00,31.879
11228,4,5622,9530.195371842967,6379.532922297207,2019-07-22T14:53:50Z,46.22115000,13.30215000,887.00,31.866
11229,4,5623,9531.195371842967,6380.532922297207,2019-07-22T14:53:51Z,46.22106667,13.30233333,886.00,31.851
11230,4,5624,9532.195371842967,6381.532922297207,2019-07-22T14:53:52Z,46.22098333,13.30250000,885.00,31.837
11231,4,5625,9533.195371842967,6382.532922297207,2019-07-22T14:53:53Z,46.22090000,13.30268333,884.00,31.823
11232,4,5626,9534.195371842967,6383.532922297207,2019-07-22T14:53:54Z,46.22081667,13.30285000,883.00,31.809
11233,4,5627,9535.195371842967,6384.532922297207,2019-07-22T14:53:55Z,46.22073333,13.30303333,883.00,31.795
11234,4,5628,9536.195371842967,6385.532922297207,2019-07-22T14:53:56Z,46.22065000,13.30321667,883.00,31.78
11235,4,5629,9537.195371842967,6386.532922297207,2019-07-22T14:53:57Z,46.22058333,13.30338333,882.00,31.768
11236,4,5630,9538.195371842967,6387.532922297207,2019-07-22T14:53:58Z,46.22050000,13.30356667,881.00,31.753
11237,4,5631,9539.195371842967,6388.532922297207,2019-07-22T14:53:59Z,46.22043333,13.30375000,879.00,31.74
11238,4,5632,9540.195371842967,6389.532922297207,2019-07-22T14:54:00Z,46.22036667,13.30395000,877.00,31.727
11239,4,5633,9541.195371842967,6390.532922297207,2019-07-22T14:54:01Z,46.22028333,13.30413333,875.00,31.713
11240,4,5634,9542.195371842967,6391.532922297207,2019-07-22T14:54:02Z,46.22020000,13.30433333,872.00,31.698
11241,4,5635,9543.195371842967,6392.532922297207,2019-07-22T14:54:03Z,46.22013333,13.30451667,870.00,31.685
11242,4,5636,9544.195371842967,6393.532922297207,2019-07-22T14:54:04Z,46.22005000,13.30471667,868.00,31.67
11243,4,5637,9545.195371842967,6394.532922297207,2019-07-22T14:54:05Z,46.21996667,13.30490000,867.00,31.656
11244,4,5638,9546.195371842967,6395.532922297207,2019-07-22T14:54:06Z,46.21990000,13.30506667,866.00,31.643
11245,4,5639,9547.195371842967,6396.532922297207,2019-07-22T14:54:07Z,46.21981667,13.30525000,865.00,31.629
11246,4,5640,9548.195371842967,6397.532922297207,2019-07-22T14:54:08Z,46.21975000,13.30541667,864.00,31.617
11247,4,5641,9549.195371842967,6398.532922297207,2019-07-22T14:54:09Z,46.21966667,13.30558333,862.00,31.603
11248,4,5642,9550.195371842967,6399.532922297207,2019-07-22T14:54:10Z,46.21960000,13.30575000,860.00,31.591
11249,4,5643,9551.195371842967,6400.532922297207,2019-07-22T14:54:11Z,46.21951667,13.30591667,858.00,31.577
11250,4,5644,9552.195371842967,6401.532922297207,2019-07-22T14:54:12Z,46.21941667,13.30608333,855.00,31.562
11251,4,5645,9553.195371842967,6402.532922297207,2019-07-22T14:54:13Z,46.21931667,13.30626667,853.00,31.546
11252,4,5646,9554.195371842967,6403.532922297207,2019-07-22T14:54:14Z,46.21921667,13.30643333,851.00,31.53
11253,4,5647,9555.195371842967,6404.532922297207,2019-07-22T14:54:15Z,46.21911667,13.30660000,849.00,31.515
11254,4,5648,9556.195371842967,6405.532922297207,2019-07-22T14:54:16Z,46.21900000,13.30675000,846.00,31.498
11255,4,5649,9557.195371842967,6406.532922297207,2019-07-22T14:54:17Z,46.21888333,13.30690000,844.00,31.482
11256,4,5650,9558.195371842967,6407.532922297207,2019-07-22T14:54:18Z,46.21876667,13.30705000,844.00,31.465
11257,4,5651,9559.195371842967,6408.532922297207,2019-07-22T14:54:19Z,46.21865000,13.30720000,843.00,31.448
11258,4,5652,9560.195371842967,6409.532922297207,2019-07-22T14:54:20Z,46.21853333,13.30735000,842.00,31.432
11259,4,5653,9561.195371842967,6410.532922297207,2019-07-22T14:54:21Z,46.21841667,13.30750000,841.00,31.415
11260,4,5654,9562.195371842967,6411.532922297207,2019-07-22T14:54:22Z,46.21830000,13.30765000,840.00,31.399
11261,4,5655,9563.195371842967,6412.532922297207,2019-07-22T14:54:23Z,46.21818333,13.30780000,839.00,31.382
11262,4,5656,9564.195371842967,6413.532922297207,2019-07-22T14:54:24Z,46.21808333,13.30795000,837.00,31.367
11263,4,5657,9565.195371842967,6414.532922297207,2019-07-22T14:54:25Z,46.21796667,13.30811667,835.00,31.35
11264,4,5658,9566.195371842967,6415.532922297207,2019-07-22T14:54:26Z,46.21785000,13.30826667,834.00,31.334
11265,4,5659,9567.195371842967,6416.532922297207,2019-07-22T14:54:27Z,46.21773333,13.30841667,832.00,31.317
11266,4,5660,9568.195371842967,6417.532922297207,2019-07-22T14:54:28Z,46.21761667,13.30858333,832.00,31.3
11267,4,5661,9569.195371842967,6418.532922297207,2019-07-22T14:54:29Z,46.21750000,13.30875000,830.00,31.283
11268,4,5662,9570.195371842967,6419.532922297207,2019-07-22T14:54:30Z,46.21738333,13.30891667,828.00,31.266
11269,4,5663,9571.195371842967,6420.532922297207,2019-07-22T14:54:31Z,46.21728333,13.30908333,826.00,31.25
11270,4,5664,9572.195371842967,6421.532922297207,2019-07-22T14:54:32Z,46.21716667,13.30923333,825.00,31.234
11271,4,5665,9573.195371842967,6422.532922297207,2019-07-22T14:54:33Z,46.21705000,13.30938333,824.00,31.217
11272,4,5666,9574.195371842967,6423.532922297207,2019-07-22T14:54:34Z,46.21695000,13.30953333,822.00,31.203
11273,4,5667,9575.195371842967,6424.532922297207,2019-07-22T14:54:35Z,46.21683333,13.30968333,821.00,31.186
11274,4,5668,9576.195371842967,6425.532922297207,2019-07-22T14:54:36Z,46.21673333,13.30985000,820.00,31.171
11275,4,5669,9577.195371842967,6426.532922297207,2019-07-22T14:54:37Z,46.21661667,13.31000000,817.00,31.154
11276,4,5670,9578.195371842967,6427.532922297207,2019-07-22T14:54:38Z,46.21650000,13.31015000,815.00,31.138
11277,4,5671,9579.195371842967,6428.532922297207,2019-07-22T14:54:39Z,46.21640000,13.31030000,815.00,31.123
11278,4,5672,9580.195371842967,6429.532922297207,2019-07-22T14:54:40Z,46.21628333,13.31045000,814.00,31.106
11279,4,5673,9581.195371842967,6430.532922297207,2019-07-22T14:54:41Z,46.21616667,13.31060000,812.00,31.09
11280,4,5674,9582.195371842967,6431.532922297207,2019-07-22T14:54:42Z,46.21606667,13.31075000,811.00,31.075
11281,4,5675,9583.195371842967,6432.532922297207,2019-07-22T14:54:43Z,46.21595000,13.31088333,810.00,31.059
11282,4,5676,9584.195371842967,6433.532922297207,2019-07-22T14:54:44Z,46.21585000,13.31103333,808.00,31.044
11283,4,5677,9585.195371842967,6434.532922297207,2019-07-22T14:54:45Z,46.21573333,13.31116667,807.00,31.028
11284,4,5678,9586.195371842967,6435.532922297207,2019-07-22T14:54:46Z,46.21563333,13.31130000,805.00,31.014
11285,4,5679,9587.195371842967,6436.532922297207,2019-07-22T14:54:47Z,46.21551667,13.31143333,803.00,30.998
11286,4,5680,9588.195371842967,6437.532922297207,2019-07-22T14:54:48Z,46.21540000,13.31158333,800.00,30.982
11287,4,5681,9589.195371842967,6438.532922297207,2019-07-22T14:54:49Z,46.21528333,13.31171667,799.00,30.966
11288,4,5682,9590.195371842967,6439.532922297207,2019-07-22T14:54:50Z,46.21516667,13.31185000,798.00,30.95
11289,4,5683,9591.195371842967,6440.532922297207,2019-07-22T14:54:51Z,46.21503333,13.31198333,795.00,30.932
11290,4,5684,9592.195371842967,6441.532922297207,2019-07-22T14:54:52Z,46.21493333,13.31210000,795.00,30.918
11291,4,5685,9593.195371842967,6442.532922297207,2019-07-22T14:54:53Z,46.21481667,13.31223333,795.00,30.903
11292,4,5686,9594.195371842967,6443.532922297207,2019-07-22T14:54:54Z,46.21471667,13.31235000,794.00,30.889
11293,4,5687,9595.195371842967,6444.532922297207,2019-07-22T14:54:55Z,46.21460000,13.31248333,794.00,30.873
11294,4,5688,9596.195371842967,6445.532922297207,2019-07-22T14:54:56Z,46.21450000,13.31260000,792.00,30.859
11295,4,5689,9597.195371842967,6446.532922297207,2019-07-22T14:54:57Z,46.21438333,13.31273333,791.00,30.843
11296,4,5690,9598.195371842967,6447.532922297207,2019-07-22T14:54:58Z,46.21428333,13.31286667,790.00,30.828
11297,4,5691,9599.195371842967,6448.532922297207,2019-07-22T14:54:59Z,46.21416667,13.31300000,789.00,30.812
11298,4,5692,9600.195371842967,6449.532922297207,2019-07-22T14:55:00Z,46.21405000,13.31315000,788.00,30.795
11299,4,5693,9601.195371842967,6450.532922297207,2019-07-22T14:55:01Z,46.21395000,13.31330000,786.00,30.78
11300,4,5694,9602.195371842967,6451.532922297207,2019-07-22T14:55:02Z,46.21385000,13.31345000,785.00,30.765
11301,4,5695,9603.195371842967,6452.532922297207,2019-07-22T14:55:03Z,46.21373333,13.31361667,783.00,30.747
11302,4,5696,9604.195371842967,6453.532922297207,2019-07-22T14:55:04Z,46.21363333,13.31376667,782.00,30.732
11303,4,5697,9605.195371842967,6454.532922297207,2019-07-22T14:55:05Z,46.21351667,13.31390000,781.00,30.716
11304,4,5698,9606.195371842967,6455.532922297207,2019-07-22T14:55:06Z,46.21341667,13.31405000,779.00,30.7
11305,4,5699,9607.195371842967,6456.532922297207,2019-07-22T14:55:07Z,46.21331667,13.31420000,779.00,30.685
11306,4,5700,9608.195371842967,6457.532922297207,2019-07-22T14:55:08Z,46.21320000,13.31433333,778.00,30.669
11307,4,5701,9609.195371842967,6458.532922297207,2019-07-22T14:55:09Z,46.21310000,13.31448333,777.00,30.654
11308,4,5702,9610.195371842967,6459.532922297207,2019-07-22T14:55:10Z,46.21298333,13.31463333,776.00,30.637
11309,4,5703,9611.195371842967,6460.532922297207,2019-07-22T14:55:11Z,46.21288333,13.31478333,775.00,30.622
11310,4,5704,9612.195371842967,6461.532922297207,2019-07-22T14:55:12Z,46.21278333,13.31495000,775.00,30.606
11311,4,5705,9613.195371842967,6462.532922297207,2019-07-22T14:55:13Z,46.21268333,13.31511667,774.00,30.59
11312,4,5706,9614.195371842967,6463.532922297207,2019-07-22T14:55:14Z,46.21258333,13.31528333,773.00,30.574
11313,4,5707,9615.195371842967,6464.532922297207,2019-07-22T14:55:15Z,46.21248333,13.31546667,771.00,30.558
11314,4,5708,9616.195371842967,6465.532922297207,2019-07-22T14:55:16Z,46.21240000,13.31565000,768.00,30.543
11315,4,5709,9617.195371842967,6466.532922297207,2019-07-22T14:55:17Z,46.21230000,13.31583333,766.00,30.527
11316,4,5710,9618.195371842967,6467.532922297207,2019-07-22T14:55:18Z,46.21221667,13.31603333,764.00,30.511
11317,4,5711,9619.195371842967,6468.532922297207,2019-07-22T14:55:19Z,46.21211667,13.31623333,763.00,30.494
11318,4,5712,9620.195371842967,6469.532922297207,2019-07-22T14:55:20Z,46.21203333,13.31641667,762.00,30.48
11319,4,5713,9621.195371842967,6470.532922297207,2019-07-22T14:55:21Z,46.21193333,13.31660000,761.00,30.463
11320,4,5714,9622.195371842967,6471.532922297207,2019-07-22T14:55:22Z,46.21185000,13.31676667,759.00,30.449
11321,4,5715,9623.195371842967,6472.532922297207,2019-07-22T14:55:23Z,46.21175000,13.31693333,759.00,30.434
11322,4,5716,9624.195371842967,6473.532922297207,2019-07-22T14:55:24Z,46.21165000,13.31711667,758.00,30.417
11323,4,5717,9625.195371842967,6474.532922297207,2019-07-22T14:55:25Z,46.21155000,13.31728333,756.00,30.401
11324,4,5718,9626.195371842967,6475.532922297207,2019-07-22T14:55:26Z,46.21146667,13.31746667,756.00,30.387
11325,4,5719,9627.195371842967,6476.532922297207,2019-07-22T14:55:27Z,46.21136667,13.31763333,756.00,30.371
11326,4,5720,9628.195371842967,6477.532922297207,2019-07-22T14:55:28Z,46.21128333,13.31781667,756.00,30.357
11327,4,5721,9629.195371842967,6478.532922297207,2019-07-22T14:55:29Z,46.21121667,13.31800000,755.00,30.344
11328,4,5722,9630.195371842967,6479.532922297207,2019-07-22T14:55:30Z,46.21113333,13.31816667,754.00,30.33
11329,4,5723,9631.195371842967,6480.532922297207,2019-07-22T14:55:31Z,46.21105000,13.31835000,753.00,30.315
11330,4,5724,9632.195371842967,6481.532922297207,2019-07-22T14:55:32Z,46.21096667,13.31853333,752.00,30.3
11331,4,5725,9633.195371842967,6482.532922297207,2019-07-22T14:55:33Z,46.21086667,13.31870000,751.00,30.285
11332,4,5726,9634.195371842967,6483.532922297207,2019-07-22T14:55:34Z,46.21076667,13.31888333,750.00,30.269
11333,4,5727,9635.195371842967,6484.532922297207,2019-07-22T14:55:35Z,46.21068333,13.31906667,749.00,30.254
11334,4,5728,9636.195371842967,6485.532922297207,2019-07-22T14:55:36Z,46.21058333,13.31923333,749.00,30.238
11335,4,5729,9637.195371842967,6486.532922297207,2019-07-22T14:55:37Z,46.21048333,13.31940000,748.00,30.223
11336,4,5730,9638.195371842967,6487.532922297207,2019-07-22T14:55:38Z,46.21038333,13.31955000,748.00,30.208
11337,4,5731,9639.195371842967,6488.532922297207,2019-07-22T14:55:39Z,46.21028333,13.31971667,746.00,30.192
11338,4,5732,9640.195371842967,6489.532922297207,2019-07-22T14:55:40Z,46.21018333,13.31990000,745.00,30.176
11339,4,5733,9641.195371842967,6490.532922297207,2019-07-22T14:55:41Z,46.21008333,13.32006667,744.00,30.16
11340,4,5734,9642.195371842967,6491.532922297207,2019-07-22T14:55:42Z,46.20998333,13.32025000,743.00,30.144
11341,4,5735,9643.195371842967,6492.532922297207,2019-07-22T14:55:43Z,46.20990000,13.32043333,742.00,30.13
11342,4,5736,9644.195371842967,6493.532922297207,2019-07-22T14:55:44Z,46.20980000,13.32060000,741.00,30.114
11343,4,5737,9645.195371842967,6494.532922297207,2019-07-22T14:55:45Z,46.20971667,13.32078333,741.00,30.1
11344,4,5738,9646.195371842967,6495.532922297207,2019-07-22T14:55:46Z,46.20961667,13.32095000,740.00,30.084
11345,4,5739,9647.195371842967,6496.532922297207,2019-07-22T14:55:47Z,46.20953333,13.32113333,740.00,30.07
11346,4,5740,9648.195371842967,6497.532922297207,2019-07-22T14:55:48Z,46.20945000,13.32130000,739.00,30.056
11347,4,5741,9649.195371842967,6498.532922297207,2019-07-22T14:55:49Z,46.20936667,13.32148333,738.00,30.042
11348,4,5742,9650.195371842967,6499.532922297207,2019-07-22T14:55:50Z,46.20928333,13.32165000,738.00,30.028
11349,4,5743,9651.195371842967,6500.532922297207,2019-07-22T14:55:51Z,46.20920000,13.32183333,737.00,30.014
11350,4,5744,9652.195371842967,6501.532922297207,2019-07-22T14:55:52Z,46.20911667,13.32201667,737.00,29.999
11351,4,5745,9653.195371842967,6502.532922297207,2019-07-22T14:55:53Z,46.20903333,13.32220000,737.00,29.985
11352,4,5746,9654.195371842967,6503.532922297207,2019-07-22T14:55:54Z,46.20893333,13.32236667,736.00,29.97
11353,4,5747,9655.195371842967,6504.532922297207,2019-07-22T14:55:55Z,46.20885000,13.32255000,735.00,29.955
11354,4,5748,9656.195371842967,6505.532922297207,2019-07-22T14:55:56Z,46.20875000,13.32273333,734.00,29.939
11355,4,5749,9657.195371842967,6506.532922297207,2019-07-22T14:55:57Z,46.20866667,13.32291667,734.00,29.925
11356,4,5750,9658.195371842967,6507.532922297207,2019-07-22T14:55:58Z,46.20858333,13.32310000,732.00,29.911
11357,4,5751,9659.195371842967,6508.532922297207,2019-07-22T14:55:59Z,46.20848333,13.32326667,731.00,29.895
11358,4,5752,9660.195371842967,6509.532922297207,2019-07-22T14:56:00Z,46.20840000,13.32345000,730.00,29.881
11359,4,5753,9661.195371842967,6510.532922297207,2019-07-22T14:56:01Z,46.20831667,13.32361667,729.00,29.867
11360,4,5754,9662.195371842967,6511.532922297207,2019-07-22T14:56:02Z,46.20823333,13.32380000,729.00,29.853
11361,4,5755,9663.195371842967,6512.532922297207,2019-07-22T14:56:03Z,46.20816667,13.32396667,729.00,29.841
11362,4,5756,9664.195371842967,6513.532922297207,2019-07-22T14:56:04Z,46.20808333,13.32415000,729.00,29.827
11363,4,5757,9665.195371842967,6514.532922297207,2019-07-22T14:56:05Z,46.20801667,13.32431667,728.00,29.815
11364,4,5758,9666.195371842967,6515.532922297207,2019-07-22T14:56:06Z,46.20795000,13.32450000,728.00,29.803
11365,4,5759,9667.195371842967,6516.532922297207,2019-07-22T14:56:07Z,46.20786667,13.32466667,727.00,29.789
11366,4,5760,9668.195371842967,6517.532922297207,2019-07-22T14:56:08Z,46.20780000,13.32485000,728.00,29.777
11367,4,5761,9669.195371842967,6518.532922297207,2019-07-22T14:56:09Z,46.20773333,13.32501667,728.00,29.765
11368,4,5762,9670.195371842967,6519.532922297207,2019-07-22T14:56:10Z,46.20766667,13.32520000,728.00,29.753
11369,4,5763,9671.195371842967,6520.532922297207,2019-07-22T14:56:11Z,46.20761667,13.32538333,727.00,29.742
11370,4,5764,9672.195371842967,6521.532922297207,2019-07-22T14:56:12Z,46.20755000,13.32556667,726.00,29.73
11371,4,5765,9673.195371842967,6522.532922297207,2019-07-22T14:56:13Z,46.20748333,13.32575000,724.00,29.717
11372,4,5766,9674.195371842967,6523.532922297207,2019-07-22T14:56:14Z,46.20741667,13.32593333,723.00,29.705
11373,4,5767,9675.195371842967,6524.532922297207,2019-07-22T14:56:15Z,46.20735000,13.32613333,721.00,29.692
11374,4,5768,9676.195371842967,6525.532922297207,2019-07-22T14:56:16Z,46.20726667,13.32631667,720.00,29.678
11375,4,5769,9677.195371842967,6526.532922297207,2019-07-22T14:56:17Z,46.20716667,13.32648333,718.00,29.663
11376,4,5770,9678.195371842967,6527.532922297207,2019-07-22T14:56:18Z,46.20706667,13.32663333,716.00,29.648
11377,4,5771,9679.195371842967,6528.532922297207,2019-07-22T14:56:19Z,46.20693333,13.32676667,714.00,29.631
11378,4,5772,9680.195371842967,6529.532922297207,2019-07-22T14:56:20Z,46.20680000,13.32688333,713.00,29.614
11379,4,5773,9681.195371842967,6530.532922297207,2019-07-22T14:56:21Z,46.20666667,13.32696667,711.00,29.598
11380,4,5774,9682.195371842967,6531.532922297207,2019-07-22T14:56:22Z,46.20651667,13.32701667,709.00,29.581
11381,4,5775,9683.195371842967,6532.532922297207,2019-07-22T14:56:23Z,46.20636667,13.32705000,708.00,29.564
11382,4,5776,9684.195371842967,6533.532922297207,2019-07-22T14:56:24Z,46.20621667,13.32708333,707.00,29.548
11383,4,5777,9685.195371842967,6534.532922297207,2019-07-22T14:56:25Z,46.20608333,13.32710000,707.00,29.534
11384,4,5778,9686.195371842967,6535.532922297207,2019-07-22T14:56:26Z,46.20593333,13.32711667,707.00,29.518
11385,4,5779,9687.195371842967,6536.532922297207,2019-07-22T14:56:27Z,46.20580000,13.32713333,707.00,29.504
11386,4,5780,9688.195371842967,6537.532922297207,2019-07-22T14:56:28Z,46.20565000,13.32713333,706.00,29.488
11387,4,5781,9689.195371842967,6538.532922297207,2019-07-22T14:56:29Z,46.20551667,13.32715000,706.00,29.474
11388,4,5782,9690.195371842967,6539.532922297207,2019-07-22T14:56:30Z,46.20536667,13.32713333,705.00,29.459
11389,4,5783,9691.195371842967,6540.532922297207,2019-07-22T14:56:31Z,46.20523333,13.32713333,705.00,29.445
11390,4,5784,9692.195371842967,6541.532922297207,2019-07-22T14:56:32Z,46.20508333,13.32713333,705.00,29.43
11391,4,5785,9693.195371842967,6542.532922297207,2019-07-22T14:56:33Z,46.20493333,13.32711667,704.00,29.415
11392,4,5786,9694.195371842967,6543.532922297207,2019-07-22T14:56:34Z,46.20478333,13.32706667,704.00,29.401
11393,4,5787,9695.195371842967,6544.532922297207,2019-07-22T14:56:35Z,46.20465000,13.32703333,703.00,29.389
11394,4,5788,9696.195371842967,6545.532922297207,2019-07-22T14:56:36Z,46.20451667,13.32698333,702.00,29.376
11395,4,5789,9697.195371842967,6546.532922297207,2019-07-22T14:56:37Z,46.20438333,13.32691667,702.00,29.365
11396,4,5790,9698.195371842967,6547.532922297207,2019-07-22T14:56:38Z,46.20425000,13.32688333,702.00,29.352
11397,4,5791,9699.195371842967,6548.532922297207,2019-07-22T14:56:39Z,46.20413333,13.32683333,701.00,29.342
11398,4,5792,9700.195371842967,6549.532922297207,2019-07-22T14:56:40Z,46.20400000,13.32678333,701.00,29.33
11399,4,5793,9701.195371842967,6550.532922297207,2019-07-22T14:56:41Z,46.20386667,13.32673333,701.00,29.318
11400,4,5794,9702.195371842967,6551.532922297207,2019-07-22T14:56:42Z,46.20373333,13.32668333,700.00,29.306
11401,4,5795,9703.195371842967,6552.532922297207,2019-07-22T14:56:43Z,46.20361667,13.32665000,699.00,29.295
11402,4,5796,9704.195371842967,6553.532922297207,2019-07-22T14:56:44Z,46.20348333,13.32661667,697.00,29.283
11403,4,5797,9705.195371842967,6554.532922297207,2019-07-22T14:56:45Z,46.20335000,13.32656667,696.00,29.271
11404,4,5798,9706.195371842967,6555.532922297207,2019-07-22T14:56:46Z,46.20321667,13.32653333,696.00,29.258
11405,4,5799,9707.195371842967,6556.532922297207,2019-07-22T14:56:47Z,46.20308333,13.32650000,694.00,29.246
11406,4,5800,9708.195371842967,6557.532922297207,2019-07-22T14:56:48Z,46.20296667,13.32646667,693.00,29.235
11407,4,5801,9709.195371842967,6558.532922297207,2019-07-22T14:56:49Z,46.20283333,13.32641667,691.00,29.223
11408,4,5802,9710.195371842967,6559.532922297207,2019-07-22T14:56:50Z,46.20270000,13.32636667,690.00,29.211
11409,4,5803,9711.195371842967,6560.532922297207,2019-07-22T14:56:51Z,46.20256667,13.32631667,689.00,29.199
11410,4,5804,9712.195371842967,6561.532922297207,2019-07-22T14:56:52Z,46.20245000,13.32626667,688.00,29.189
11411,4,5805,9713.195371842967,6562.532922297207,2019-07-22T14:56:53Z,46.20231667,13.32621667,687.00,29.177
11412,4,5806,9714.195371842967,6563.532922297207,2019-07-22T14:56:54Z,46.20218333,13.32616667,685.00,29.166
11413,4,5807,9715.195371842967,6564.532922297207,2019-07-22T14:56:55Z,46.20206667,13.32611667,684.00,29.155
11414,4,5808,9716.195371842967,6565.532922297207,2019-07-22T14:56:56Z,46.20193333,13.32606667,682.00,29.144
11415,4,5809,9717.195371842967,6566.532922297207,2019-07-22T14:56:57Z,46.20180000,13.32601667,680.00,29.132
11416,4,5810,9718.195371842967,6567.532922297207,2019-07-22T14:56:58Z,46.20166667,13.32596667,678.00,29.12
11417,4,5811,9719.195371842967,6568.532922297207,2019-07-22T14:56:59Z,46.20155000,13.32591667,676.00,29.11
11418,4,5812,9720.195371842967,6569.532922297207,2019-07-22T14:57:00Z,46.20141667,13.32586667,674.00,29.099
11419,4,5813,9721.195371842967,6570.532922297207,2019-07-22T14:57:01Z,46.20128333,13.32581667,672.00,29.087
11420,4,5814,9722.195371842967,6571.532922297207,2019-07-22T14:57:02Z,46.20115000,13.32578333,670.00,29.075
11421,4,5815,9723.195371842967,6572.532922297207,2019-07-22T14:57:03Z,46.20101667,13.32573333,668.00,29.063
11422,4,5816,9724.195371842967,6573.532922297207,2019-07-22T14:57:04Z,46.20088333,13.32568333,667.00,29.052
11423,4,5817,9725.195371842967,6574.532922297207,2019-07-22T14:57:05Z,46.20075000,13.32561667,665.00,29.041
11424,4,5818,9726.195371842967,6575.532922297207,2019-07-22T14:57:06Z,46.20061667,13.32556667,663.00,29.029
11425,4,5819,9727.195371842967,6576.532922297207,2019-07-22T14:57:07Z,46.20048333,13.32550000,662.00,29.018
11426,4,5820,9728.195371842967,6577.532922297207,2019-07-22T14:57:08Z,46.20035000,13.32543333,659.00,29.007
11427,4,5821,9729.195371842967,6578.532922297207,2019-07-22T14:57:09Z,46.20023333,13.32536667,657.00,28.998
11428,4,5822,9730.195371842967,6579.532922297207,2019-07-22T14:57:10Z,46.20010000,13.32530000,656.00,28.987
11429,4,5823,9731.195371842967,6580.532922297207,2019-07-22T14:57:11Z,46.19998333,13.32523333,655.00,28.978
11430,4,5824,9732.195371842967,6581.532922297207,2019-07-22T14:57:12Z,46.19985000,13.32516667,655.00,28.967
11431,4,5825,9733.195371842967,6582.532922297207,2019-07-22T14:57:13Z,46.19971667,13.32510000,654.00,28.956
11432,4,5826,9734.195371842967,6583.532922297207,2019-07-22T14:57:14Z,46.19960000,13.32505000,653.00,28.946
11433,4,5827,9735.195371842967,6584.532922297207,2019-07-22T14:57:15Z,46.19948333,13.32498333,651.00,28.937
11434,4,5828,9736.195371842967,6585.532922297207,2019-07-22T14:57:16Z,46.19935000,13.32493333,650.00,28.926
11435,4,5829,9737.195371842967,6586.532922297207,2019-07-22T14:57:17Z,46.19923333,13.32486667,649.00,28.917
11436,4,5830,9738.195371842967,6587.532922297207,2019-07-22T14:57:18Z,46.19911667,13.32480000,648.00,28.908
11437,4,5831,9739.195371842967,6588.532922297207,2019-07-22T14:57:19Z,46.19900000,13.32471667,648.00,28.9
11438,4,5832,9740.195371842967,6589.532922297207,2019-07-22T14:57:20Z,46.19886667,13.32466667,648.00,28.888
11439,4,5833,9741.195371842967,6590.532922297207,2019-07-22T14:57:21Z,46.19873333,13.32460000,647.00,28.878
11440,4,5834,9742.195371842967,6591.532922297207,2019-07-22T14:57:22Z,46.19861667,13.32453333,647.00,28.869
11441,4,5835,9743.195371842967,6592.532922297207,2019-07-22T14:57:23Z,46.19848333,13.32446667,646.00,28.858
11442,4,5836,9744.195371842967,6593.532922297207,2019-07-22T14:57:24Z,46.19836667,13.32441667,645.00,28.849
11443,4,5837,9745.195371842967,6594.532922297207,2019-07-22T14:57:25Z,46.19823333,13.32435000,644.00,28.839
11444,4,5838,9746.195371842967,6595.532922297207,2019-07-22T14:57:26Z,46.19811667,13.32430000,643.00,28.829
11445,4,5839,9747.195371842967,6596.532922297207,2019-07-22T14:57:27Z,46.19800000,13.32423333,643.00,28.82
11446,4,5840,9748.195371842967,6597.532922297207,2019-07-22T14:57:28Z,46.19788333,13.32416667,642.00,28.812
11447,4,5841,9749.195371842967,6598.532922297207,2019-07-22T14:57:29Z,46.19776667,13.32408333,641.00,28.802
11448,4,5842,9750.195371842967,6599.532922297207,2019-07-22T14:57:30Z,46.19765000,13.32401667,641.00,28.792
11449,4,5843,9751.195371842967,6600.532922297207,2019-07-22T14:57:31Z,46.19753333,13.32393333,641.00,28.782
11450,4,5844,9752.195371842967,6601.532922297207,2019-07-22T14:57:32Z,46.19741667,13.32386667,640.00,28.772
11451,4,5845,9753.195371842967,6602.532922297207,2019-07-22T14:57:33Z,46.19730000,13.32380000,640.00,28.762
11452,4,5846,9754.195371842967,6603.532922297207,2019-07-22T14:57:34Z,46.19718333,13.32375000,640.00,28.752
11453,4,5847,9755.195371842967,6604.532922297207,2019-07-22T14:57:35Z,46.19706667,13.32371667,640.00,28.741
11454,4,5848,9756.195371842967,6605.532922297207,2019-07-22T14:57:36Z,46.19693333,13.32368333,639.00,28.728
11455,4,5849,9757.195371842967,6606.532922297207,2019-07-22T14:57:37Z,46.19681667,13.32365000,638.00,28.717
11456,4,5850,9758.195371842967,6607.532922297207,2019-07-22T14:57:38Z,46.19668333,13.32361667,636.00,28.704
11457,4,5851,9759.195371842967,6608.532922297207,2019-07-22T14:57:39Z,46.19655000,13.32361667,636.00,28.691
11458,4,5852,9760.195371842967,6609.532922297207,2019-07-22T14:57:40Z,46.19641667,13.32360000,635.00,28.677
11459,4,5853,9761.195371842967,6610.532922297207,2019-07-22T14:57:41Z,46.19628333,13.32360000,634.00,28.664
11460,4,5854,9762.195371842967,6611.532922297207,2019-07-22T14:57:42Z,46.19615000,13.32360000,633.00,28.65
11461,4,5855,9763.195371842967,6612.532922297207,2019-07-22T14:57:43Z,46.19601667,13.32360000,633.00,28.636
11462,4,5856,9764.195371842967,6613.532922297207,2019-07-22T14:57:44Z,46.19590000,13.32360000,632.00,28.624
11463,4,5857,9765.195371842967,6614.532922297207,2019-07-22T14:57:45Z,46.19576667,13.32358333,633.00,28.611
11464,4,5858,9766.195371842967,6615.532922297207,2019-07-22T14:57:46Z,46.19565000,13.32358333,632.00,28.599
11465,4,5859,9767.195371842967,6616.532922297207,2019-07-22T14:57:47Z,46.19551667,13.32360000,631.00,28.585
11466,4,5860,9768.195371842967,6617.532922297207,2019-07-22T14:57:48Z,46.19538333,13.32360000,630.00,28.572
11467,4,5861,9769.195371842967,6618.532922297207,2019-07-22T14:57:49Z,46.19525000,13.32361667,628.00,28.558
11468,4,5862,9770.195371842967,6619.532922297207,2019-07-22T14:57:50Z,46.19511667,13.32363333,626.00,28.543
11469,4,5863,9771.195371842967,6620.532922297207,2019-07-22T14:57:51Z,46.19498333,13.32365000,624.00,28.529
11470,4,5864,9772.195371842967,6621.532922297207,2019-07-22T14:57:52Z,46.19485000,13.32366667,621.00,28.515
11471,4,5865,9773.195371842967,6622.532922297207,2019-07-22T14:57:53Z,46.19471667,13.32366667,620.00,28.502
11472,4,5866,9774.195371842967,6623.532922297207,2019-07-22T14:57:54Z,46.19458333,13.32368333,619.00,28.488
11473,4,5867,9775.195371842967,6624.532922297207,2019-07-22T14:57:55Z,46.19445000,13.32370000,618.00,28.474
11474,4,5868,9776.195371842967,6625.532922297207,2019-07-22T14:57:56Z,46.19431667,13.32373333,617.00,28.459
11475,4,5869,9777.195371842967,6626.532922297207,2019-07-22T14:57:57Z,46.19418333,13.32376667,616.00,28.444
11476,4,5870,9778.195371842967,6627.532922297207,2019-07-22T14:57:58Z,46.19405000,13.32380000,615.00,28.43
11477,4,5871,9779.195371842967,6628.532922297207,2019-07-22T14:57:59Z,46.19391667,13.32383333,614.00,28.415
11478,4,5872,9780.195371842967,6629.532922297207,2019-07-22T14:58:00Z,46.19378333,13.32388333,613.00,28.4
11479,4,5873,9781.195371842967,6630.532922297207,2019-07-22T14:58:01Z,46.19365000,13.32393333,611.00,28.385
11480,4,5874,9782.195371842967,6631.532922297207,2019-07-22T14:58:02Z,46.19351667,13.32396667,610.00,28.37
11481,4,5875,9783.195371842967,6632.532922297207,2019-07-22T14:58:03Z,46.19340000,13.32400000,608.00,28.357
11482,4,5876,9784.195371842967,6633.532922297207,2019-07-22T14:58:04Z,46.19326667,13.32403333,607.00,28.343
11483,4,5877,9785.195371842967,6634.532922297207,2019-07-22T14:58:05Z,46.19313333,13.32406667,605.00,28.328
11484,4,5878,9786.195371842967,6635.532922297207,2019-07-22T14:58:06Z,46.19300000,13.32410000,604.00,28.314
11485,4,5879,9787.195371842967,6636.532922297207,2019-07-22T14:58:07Z,46.19286667,13.32413333,602.00,28.299
11486,4,5880,9788.195371842967,6637.532922297207,2019-07-22T14:58:08Z,46.19273333,13.32418333,601.00,28.284
11487,4,5881,9789.195371842967,6638.532922297207,2019-07-22T14:58:09Z,46.19260000,13.32421667,601.00,28.27
11488,4,5882,9790.195371842967,6639.532922297207,2019-07-22T14:58:10Z,46.19248333,13.32425000,600.00,28.257
11489,4,5883,9791.195371842967,6640.532922297207,2019-07-22T14:58:11Z,46.19235000,13.32430000,600.00,28.242
11490,4,5884,9792.195371842967,6641.532922297207,2019-07-22T14:58:12Z,46.19223333,13.32433333,598.00,28.229
11491,4,5885,9793.195371842967,6642.532922297207,2019-07-22T14:58:13Z,46.19210000,13.32438333,597.00,28.214
11492,4,5886,9794.195371842967,6643.532922297207,2019-07-22T14:58:14Z,46.19196667,13.32443333,595.00,28.199
11493,4,5887,9795.195371842967,6644.532922297207,2019-07-22T14:58:15Z,46.19183333,13.32448333,594.00,28.184
11494,4,5888,9796.195371842967,6645.532922297207,2019-07-22T14:58:16Z,46.19170000,13.32455000,592.00,28.168
11495,4,5889,9797.195371842967,6646.532922297207,2019-07-22T14:58:17Z,46.19156667,13.32460000,591.00,28.153
11496,4,5890,9798.195371842967,6647.532922297207,2019-07-22T14:58:18Z,46.19141667,13.32466667,590.00,28.136
11497,4,5891,9799.195371842967,6648.532922297207,2019-07-22T14:58:19Z,46.19128333,13.32473333,590.00,28.12
11498,4,5892,9800.195371842967,6649.532922297207,2019-07-22T14:58:20Z,46.19115000,13.32478333,589.00,28.105
11499,4,5893,9801.195371842967,6650.532922297207,2019-07-22T14:58:21Z,46.19101667,13.32483333,589.00,28.09
11500,4,5894,9802.195371842967,6651.532922297207,2019-07-22T14:58:22Z,46.19088333,13.32490000,589.00,28.074
11501,4,5895,9803.195371842967,6652.532922297207,2019-07-22T14:58:23Z,46.19075000,13.32493333,588.00,28.06
11502,4,5896,9804.195371842967,6653.532922297207,2019-07-22T14:58:24Z,46.19061667,13.32498333,588.00,28.045
11503,4,5897,9805.195371842967,6654.532922297207,2019-07-22T14:58:25Z,46.19050000,13.32503333,588.00,28.031
11504,4,5898,9806.195371842967,6655.532922297207,2019-07-22T14:58:26Z,46.19036667,13.32510000,588.00,28.016
11505,4,5899,9807.195371842967,6656.532922297207,2019-07-22T14:58:27Z,46.19025000,13.32515000,587.00,28.002
11506,4,5900,9808.195371842967,6657.532922297207,2019-07-22T14:58:28Z,46.19011667,13.32520000,586.00,27.987
11507,4,5901,9809.195371842967,6658.532922297207,2019-07-22T14:58:29Z,46.19000000,13.32526667,585.00,27.973
11508,4,5902,9810.195371842967,6659.532922297207,2019-07-22T14:58:30Z,46.18986667,13.32531667,583.00,27.958
11509,4,5903,9811.195371842967,6660.532922297207,2019-07-22T14:58:31Z,46.18975000,13.32536667,581.00,27.945
11510,4,5904,9812.195371842967,6661.532922297207,2019-07-22T14:58:32Z,46.18961667,13.32543333,580.00,27.929
11511,4,5905,9813.195371842967,6662.532922297207,2019-07-22T14:58:33Z,46.18948333,13.32548333,579.00,27.914
11512,4,5906,9814.195371842967,6663.532922297207,2019-07-22T14:58:34Z,46.18936667,13.32551667,578.00,27.901
11513,4,5907,9815.195371842967,6664.532922297207,2019-07-22T14:58:35Z,46.18923333,13.32555000,576.00,27.887
11514,4,5908,9816.195371842967,6665.532922297207,2019-07-22T14:58:36Z,46.18910000,13.32560000,576.00,27.872
11515,4,5909,9817.195371842967,6666.532922297207,2019-07-22T14:58:37Z,46.18896667,13.32563333,575.00,27.857
11516,4,5910,9818.195371842967,6667.532922297207,2019-07-22T14:58:38Z,46.18883333,13.32568333,574.00,27.842
11517,4,5911,9819.195371842967,6668.532922297207,2019-07-22T14:58:39Z,46.18871667,13.32571667,573.00,27.83
11518,4,5912,9820.195371842967,6669.532922297207,2019-07-22T14:58:40Z,46.18858333,13.32576667,572.00,27.815
11519,4,5913,9821.195371842967,6670.532922297207,2019-07-22T14:58:41Z,46.18846667,13.32580000,571.00,27.802
11520,4,5914,9822.195371842967,6671.532922297207,2019-07-22T14:58:42Z,46.18833333,13.32581667,571.00,27.788
11521,4,5915,9823.195371842967,6672.532922297207,2019-07-22T14:58:43Z,46.18821667,13.32585000,570.00,27.775
11522,4,5916,9824.195371842967,6673.532922297207,2019-07-22T14:58:44Z,46.18808333,13.32586667,569.00,27.761
11523,4,5917,9825.195371842967,6674.532922297207,2019-07-22T14:58:45Z,46.18795000,13.32588333,568.00,27.747
11524,4,5918,9826.195371842967,6675.532922297207,2019-07-22T14:58:46Z,46.18781667,13.32591667,567.00,27.733
11525,4,5919,9827.195371842967,6676.532922297207,2019-07-22T14:58:47Z,46.18770000,13.32593333,567.00,27.721
11526,4,5920,9828.195371842967,6677.532922297207,2019-07-22T14:58:48Z,46.18756667,13.32595000,566.00,27.707
11527,4,5921,9829.195371842967,6678.532922297207,2019-07-22T14:58:49Z,46.18743333,13.32596667,565.00,27.693
11528,4,5922,9830.195371842967,6679.532922297207,2019-07-22T14:58:50Z,46.18730000,13.32600000,565.00,27.678
11529,4,5923,9831.195371842967,6680.532922297207,2019-07-22T14:58:51Z,46.18718333,13.32600000,565.00,27.667
11530,4,5924,9832.195371842967,6681.532922297207,2019-07-22T14:58:52Z,46.18705000,13.32601667,564.00,27.653
11531,4,5925,9833.195371842967,6682.532922297207,2019-07-22T14:58:53Z,46.18693333,13.32605000,564.00,27.64
11532,4,5926,9834.195371842967,6683.532922297207,2019-07-22T14:58:54Z,46.18680000,13.32608333,564.00,27.626
11533,4,5927,9835.195371842967,6684.532922297207,2019-07-22T14:58:55Z,46.18666667,13.32611667,563.00,27.612
11534,4,5928,9836.195371842967,6685.532922297207,2019-07-22T14:58:56Z,46.18653333,13.32615000,562.00,27.597
11535,4,5929,9837.195371842967,6686.532922297207,2019-07-22T14:58:57Z,46.18641667,13.32616667,562.00,27.585
11536,4,5930,9838.195371842967,6687.532922297207,2019-07-22T14:58:58Z,46.18628333,13.32616667,561.00,27.572
11537,4,5931,9839.195371842967,6688.532922297207,2019-07-22T14:58:59Z,46.18615000,13.32616667,562.00,27.559
11538,4,5932,9840.195371842967,6689.532922297207,2019-07-22T14:59:00Z,46.18603333,13.32618333,562.00,27.547
11539,4,5933,9841.195371842967,6690.532922297207,2019-07-22T14:59:01Z,46.18590000,13.32618333,562.00,27.533
11540,4,5934,9842.195371842967,6691.532922297207,2019-07-22T14:59:02Z,46.18575000,13.32618333,561.00,27.519
11541,4,5935,9843.195371842967,6692.532922297207,2019-07-22T14:59:03Z,46.18563333,13.32620000,561.00,27.506
11542,4,5936,9844.195371842967,6693.532922297207,2019-07-22T14:59:04Z,46.18550000,13.32621667,562.00,27.493
11543,4,5937,9845.195371842967,6694.532922297207,2019-07-22T14:59:05Z,46.18536667,13.32623333,562.00,27.479
11544,4,5938,9846.195371842967,6695.532922297207,2019-07-22T14:59:06Z,46.18523333,13.32623333,563.00,27.466
11545,4,5939,9847.195371842967,6696.532922297207,2019-07-22T14:59:07Z,46.18511667,13.32621667,564.00,27.455
11546,4,5940,9848.195371842967,6697.532922297207,2019-07-22T14:59:08Z,46.18500000,13.32616667,565.00,27.446
11547,4,5941,9849.195371842967,6698.532922297207,2019-07-22T14:59:09Z,46.18490000,13.32608333,566.00,27.439
11548,4,5942,9850.195371842967,6699.532922297207,2019-07-22T14:59:10Z,46.18485000,13.32593333,565.00,27.439
11549,4,5943,9851.195371842967,6700.532922297207,2019-07-22T14:59:11Z,46.18485000,13.32578333,564.00,27.445
11550,4,5944,9852.195371842967,6701.532922297207,2019-07-22T14:59:12Z,46.18490000,13.32565000,563.00,27.455
11551,4,5945,9853.195371842967,6702.532922297207,2019-07-22T14:59:13Z,46.18500000,13.32558333,562.00,27.467
11552,4,5946,9854.195371842967,6703.532922297207,2019-07-22T14:59:14Z,46.18513333,13.32558333,562.00,27.48
11553,4,5947,9855.195371842967,6704.532922297207,2019-07-22T14:59:15Z,46.18525000,13.32570000,561.00,27.487
11554,4,5948,9856.195371842967,6705.532922297207,2019-07-22T14:59:16Z,46.18535000,13.32588333,560.00,27.49
11555,4,5949,9857.195371842967,6706.532922297207,2019-07-22T14:59:17Z,46.18540000,13.32608333,560.00,27.488
11556,4,5950,9858.195371842967,6707.532922297207,2019-07-22T14:59:18Z,46.18541667,13.32628333,562.00,27.482
11557,4,5951,9859.195371842967,6708.532922297207,2019-07-22T14:59:19Z,46.18540000,13.32648333,563.00,27.473
11558,4,5952,9860.195371842967,6709.532922297207,2019-07-22T14:59:20Z,46.18538333,13.32666667,566.00,27.465
11559,4,5953,9861.195371842967,6710.532922297207,2019-07-22T14:59:21Z,46.18535000,13.32683333,567.00,27.456
11560,4,5954,9862.195371842967,6711.532922297207,2019-07-22T14:59:22Z,46.18526667,13.32700000,568.00,27.442
11561,4,5955,9863.195371842967,6712.532922297207,2019-07-22T14:59:23Z,46.18516667,13.32715000,569.00,27.427
11562,4,5956,9864.195371842967,6713.532922297207,2019-07-22T14:59:24Z,46.18508333,13.32725000,569.00,27.415
11563,4,5957,9865.195371842967,6714.532922297207,2019-07-22T14:59:25Z,46.18495000,13.32733333,568.00,27.399
11564,4,5958,9866.195371842967,6715.532922297207,2019-07-22T14:59:26Z,46.18483333,13.32738333,567.00,27.386
11565,4,5959,9867.195371842967,6716.532922297207,2019-07-22T14:59:27Z,46.18471667,13.32738333,567.00,27.374
11566,4,5960,9868.195371842967,6717.532922297207,2019-07-22T14:59:28Z,46.18460000,13.32736667,567.00,27.363
11567,4,5961,9869.195371842967,6718.532922297207,2019-07-22T14:59:29Z,46.18450000,13.32731667,567.00,27.355
11568,4,5962,9870.195371842967,6719.532922297207,2019-07-22T14:59:30Z,46.18441667,13.32718333,567.00,27.351
11569,4,5963,9871.195371842967,6720.532922297207,2019-07-22T14:59:31Z,46.18435000,13.32708333,567.00,27.349
11570,4,5964,9872.195371842967,6721.532922297207,2019-07-22T14:59:32Z,46.18430000,13.32695000,568.00,27.348
11571,4,5965,9873.195371842967,6722.532922297207,2019-07-22T14:59:33Z,46.18426667,13.32681667,568.00,27.35
11572,4,5966,9874.195371842967,6723.532922297207,2019-07-22T14:59:34Z,46.18426667,13.32668333,568.00,27.355
11573,4,5967,9875.195371842967,6724.532922297207,2019-07-22T14:59:35Z,46.18428333,13.32656667,569.00,27.361
11574,4,5968,9876.195371842967,6725.532922297207,2019-07-22T14:59:36Z,46.18433333,13.32646667,569.00,27.369
11575,4,5969,9877.195371842967,6726.532922297207,2019-07-22T14:59:37Z,46.18443333,13.32640000,568.00,27.382
11576,4,5970,9878.195371842967,6727.532922297207,2019-07-22T14:59:38Z,46.18451667,13.32636667,567.00,27.391
11577,4,5971,9879.195371842967,6728.532922297207,2019-07-22T14:59:39Z,46.18465000,13.32640000,564.00,27.403
11578,4,5972,9880.195371842967,6729.532922297207,2019-07-22T14:59:40Z,46.18476667,13.32651667,562.00,27.41
11579,4,5973,9881.195371842967,6730.532922297207,2019-07-22T14:59:41Z,46.18486667,13.32658333,562.00,27.417
11580,4,5974,9882.195371842967,6731.532922297207,2019-07-22T14:59:42Z,46.18495000,13.32670000,562.00,27.421
11581,4,5975,9883.195371842967,6732.532922297207,2019-07-22T14:59:43Z,46.18503333,13.32685000,562.00,27.424
11582,4,5976,9884.195371842967,6733.532922297207,2019-07-22T14:59:44Z,46.18510000,13.32701667,563.00,27.425
11583,4,5977,9885.195371842967,6734.532922297207,2019-07-22T14:59:45Z,46.18516667,13.32721667,563.00,27.424
11584,4,5978,9886.195371842967,6735.532922297207,2019-07-22T14:59:46Z,46.18520000,13.32741667,563.00,27.421
11585,4,5979,9887.195371842967,6736.532922297207,2019-07-22T14:59:47Z,46.18520000,13.32761667,564.00,27.414
11586,4,5980,9888.195371842967,6737.532922297207,2019-07-22T14:59:48Z,46.18520000,13.32783333,565.00,27.407
11587,4,5981,9889.195371842967,6738.532922297207,2019-07-22T14:59:49Z,46.18516667,13.32801667,565.00,27.397
11588,4,5982,9890.195371842967,6739.532922297207,2019-07-22T14:59:50Z,46.18511667,13.32821667,565.00,27.385
11589,4,5983,9891.195371842967,6740.532922297207,2019-07-22T14:59:51Z,46.18503333,13.32838333,565.00,27.371
11590,4,5984,9892.195371842967,6741.532922297207,2019-07-22T14:59:52Z,46.18496667,13.32855000,565.00,27.359
11591,4,5985,9893.195371842967,6742.532922297207,2019-07-22T14:59:53Z,46.18488333,13.32868333,565.00,27.346
11592,4,5986,9894.195371842967,6743.532922297207,2019-07-22T14:59:54Z,46.18478333,13.32880000,565.00,27.333
11593,4,5987,9895.195371842967,6744.532922297207,2019-07-22T14:59:55Z,46.18468333,13.32888333,565.00,27.32
11594,4,5988,9896.195371842967,6745.532922297207,2019-07-22T14:59:56Z,46.18456667,13.32896667,564.00,27.305
11595,4,5989,9897.195371842967,6746.532922297207,2019-07-22T14:59:57Z,46.18446667,13.32901667,564.00,27.294
11596,4,5990,9898.195371842967,6747.532922297207,2019-07-22T14:59:58Z,46.18435000,13.32906667,563.00,27.28
11597,4,5991,9899.195371842967,6748.532922297207,2019-07-22T14:59:59Z,46.18423333,13.32910000,562.00,27.267
11598,4,5992,9900.195371842967,6749.532922297207,2019-07-22T15:00:00Z,46.18411667,13.32910000,562.00,27.256
11599,4,5993,9901.195371842967,6750.532922297207,2019-07-22T15:00:01Z,46.18400000,13.32911667,561.00,27.243
11600,4,5994,9902.195371842967,6751.532922297207,2019-07-22T15:00:02Z,46.18388333,13.32911667,561.00,27.232
11601,4,5995,9903.195371842967,6752.532922297207,2019-07-22T15:00:03Z,46.18375000,13.32913333,559.00,27.218
11602,4,5996,9904.195371842967,6753.532922297207,2019-07-22T15:00:04Z,46.18361667,13.32915000,558.00,27.204
11603,4,5997,9905.195371842967,6754.532922297207,2019-07-22T15:00:05Z,46.18350000,13.32916667,557.00,27.192
11604,4,5998,9906.195371842967,6755.532922297207,2019-07-22T15:00:06Z,46.18336667,13.32918333,556.00,27.178
11605,4,5999,9907.195371842967,6756.532922297207,2019-07-22T15:00:07Z,46.18323333,13.32918333,556.00,27.164
11606,4,6000,9908.195371842967,6757.532922297207,2019-07-22T15:00:08Z,46.18311667,13.32921667,556.00,27.152
11607,4,6001,9909.195371842967,6758.532922297207,2019-07-22T15:00:09Z,46.18298333,13.32925000,556.00,27.137
11608,4,6002,9910.195371842967,6759.532922297207,2019-07-22T15:00:10Z,46.18286667,13.32930000,557.00,27.124
11609,4,6003,9911.195371842967,6760.532922297207,2019-07-22T15:00:11Z,46.18273333,13.32935000,557.00,27.109
11610,4,6004,9912.195371842967,6761.532922297207,2019-07-22T15:00:12Z,46.18261667,13.32940000,557.00,27.096
11611,4,6005,9913.195371842967,6762.532922297207,2019-07-22T15:00:13Z,46.18248333,13.32945000,556.00,27.081
11612,4,6006,9914.195371842967,6763.532922297207,2019-07-22T15:00:14Z,46.18235000,13.32948333,555.00,27.066
11613,4,6007,9915.195371842967,6764.532922297207,2019-07-22T15:00:15Z,46.18221667,13.32951667,554.00,27.052
11614,4,6008,9916.195371842967,6765.532922297207,2019-07-22T15:00:16Z,46.18208333,13.32953333,553.00,27.038
11615,4,6009,9917.195371842967,6766.532922297207,2019-07-22T15:00:17Z,46.18195000,13.32953333,552.00,27.025
11616,4,6010,9918.195371842967,6767.532922297207,2019-07-22T15:00:18Z,46.18181667,13.32950000,551.00,27.013
11617,4,6011,9919.195371842967,6768.532922297207,2019-07-22T15:00:19Z,46.18170000,13.32945000,549.00,27.003
11618,4,6012,9920.195371842967,6769.532922297207,2019-07-22T15:00:20Z,46.18156667,13.32938333,549.00,26.992
11619,4,6013,9921.195371842967,6770.532922297207,2019-07-22T15:00:21Z,46.18145000,13.32931667,549.00,26.983
11620,4,6014,9922.195371842967,6771.532922297207,2019-07-22T15:00:22Z,46.18133333,13.32923333,550.00,26.975
11621,4,6015,9923.195371842967,6772.532922297207,2019-07-22T15:00:23Z,46.18121667,13.32915000,549.00,26.966
11622,4,6016,9924.195371842967,6773.532922297207,2019-07-22T15:00:24Z,46.18111667,13.32908333,549.00,26.959
11623,4,6017,9925.195371842967,6774.532922297207,2019-07-22T15:00:25Z,46.18101667,13.32898333,549.00,26.953
11624,4,6018,9926.195371842967,6775.532922297207,2019-07-22T15:00:26Z,46.18093333,13.32886667,548.00,26.949
11625,4,6019,9927.195371842967,6776.532922297207,2019-07-22T15:00:27Z,46.18083333,13.32875000,548.00,26.944
11626,4,6020,9928.195371842967,6777.532922297207,2019-07-22T15:00:28Z,46.18075000,13.32861667,547.00,26.941
11627,4,6021,9929.195371842967,6778.532922297207,2019-07-22T15:00:29Z,46.18068333,13.32846667,547.00,26.94
11628,4,6022,9930.195371842967,6779.532922297207,2019-07-22T15:00:30Z,46.18063333,13.32831667,547.00,26.941
11629,4,6023,9931.195371842967,6780.532922297207,2019-07-22T15:00:31Z,46.18058333,13.32815000,546.00,26.943
11630,4,6024,9932.195371842967,6781.532922297207,2019-07-22T15:00:32Z,46.18055000,13.32800000,545.00,26.945
11631,4,6025,9933.195371842967,6782.532922297207,2019-07-22T15:00:33Z,46.18055000,13.32783333,544.00,26.952
11632,4,6026,9934.195371842967,6783.532922297207,2019-07-22T15:00:34Z,46.18055000,13.32766667,542.00,26.958
11633,4,6027,9935.195371842967,6784.532922297207,2019-07-22T15:00:35Z,46.18056667,13.32750000,541.00,26.967
11634,4,6028,9936.195371842967,6785.532922297207,2019-07-22T15:00:36Z,46.18061667,13.32735000,540.00,26.977
11635,4,6029,9937.195371842967,6786.532922297207,2019-07-22T15:00:37Z,46.18068333,13.32721667,540.00,26.989
11636,4,6030,9938.195371842967,6787.532922297207,2019-07-22T15:00:38Z,46.18075000,13.32708333,539.00,27.001
11637,4,6031,9939.195371842967,6788.532922297207,2019-07-22T15:00:39Z,46.18081667,13.32695000,540.00,27.012
11638,4,6032,9940.195371842967,6789.532922297207,2019-07-22T15:00:40Z,46.18090000,13.32683333,541.00,27.025
11639,4,6033,9941.195371842967,6790.532922297207,2019-07-22T15:00:41Z,46.18096667,13.32671667,542.00,27.036
11640,4,6034,9942.195371842967,6791.532922297207,2019-07-22T15:00:42Z,46.18103333,13.32660000,541.00,27.047
11641,4,6035,9943.195371842967,6792.532922297207,2019-07-22T15:00:43Z,46.18111667,13.32650000,539.00,27.059
11642,4,6036,9944.195371842967,6793.532922297207,2019-07-22T15:00:44Z,46.18120000,13.32638333,537.00,27.072
11643,4,6037,9945.195371842967,6794.532922297207,2019-07-22T15:00:45Z,46.18130000,13.32626667,534.00,27.086
11644,4,6038,9946.195371842967,6795.532922297207,2019-07-22T15:00:46Z,46.18138333,13.32611667,531.00,27.1
11645,4,6039,9947.195371842967,6796.532922297207,2019-07-22T15:00:47Z,46.18145000,13.32595000,528.00,27.113
11646,4,6040,9948.195371842967,6797.532922297207,2019-07-22T15:00:48Z,46.18151667,13.32576667,526.00,27.127
11647,4,6041,9949.195371842967,6798.532922297207,2019-07-22T15:00:49Z,46.18156667,13.32560000,524.00,27.138
11648,4,6042,9950.195371842967,6799.532922297207,2019-07-22T15:00:50Z,46.18161667,13.32543333,523.00,27.15
11649,4,6043,9951.195371842967,6800.532922297207,2019-07-22T15:00:51Z,46.18166667,13.32525000,523.00,27.162
11650,4,6044,9952.195371842967,6801.532922297207,2019-07-22T15:00:52Z,46.18171667,13.32508333,522.00,27.174
11651,4,6045,9953.195371842967,6802.532922297207,2019-07-22T15:00:53Z,46.18175000,13.32491667,522.00,27.184
11652,4,6046,9954.195371842967,6803.532922297207,2019-07-22T15:00:54Z,46.18178333,13.32475000,521.00,27.194
11653,4,6047,9955.195371842967,6804.532922297207,2019-07-22T15:00:55Z,46.18183333,13.32460000,521.00,27.205
11654,4,6048,9956.195371842967,6805.532922297207,2019-07-22T15:00:56Z,46.18188333,13.32443333,520.00,27.217
11655,4,6049,9957.195371842967,6806.532922297207,2019-07-22T15:00:57Z,46.18193333,13.32430000,519.00,27.227
11656,4,6050,9958.195371842967,6807.532922297207,2019-07-22T15:00:58Z,46.18200000,13.32415000,519.00,27.24
11657,4,6051,9959.195371842967,6808.532922297207,2019-07-22T15:00:59Z,46.18205000,13.32400000,519.00,27.251
11658,4,6052,9960.195371842967,6809.532922297207,2019-07-22T15:01:00Z,46.18210000,13.32385000,518.00,27.262
11659,4,6053,9961.195371842967,6810.532922297207,2019-07-22T15:01:01Z,46.18215000,13.32370000,517.00,27.273
11660,4,6054,9962.195371842967,6811.532922297207,2019-07-22T15:01:02Z,46.18220000,13.32355000,517.00,27.284
11661,4,6055,9963.195371842967,6812.532922297207,2019-07-22T15:01:03Z,46.18225000,13.32340000,515.00,27.296
11662,4,6056,9964.195371842967,6813.532922297207,2019-07-22T15:01:04Z,46.18228333,13.32325000,514.00,27.305
11663,4,6057,9965.195371842967,6814.532922297207,2019-07-22T15:01:05Z,46.18231667,13.32308333,512.00,27.316
11664,4,6058,9966.195371842967,6815.532922297207,2019-07-22T15:01:06Z,46.18236667,13.32293333,511.00,27.327
11665,4,6059,9967.195371842967,6816.532922297207,2019-07-22T15:01:07Z,46.18240000,13.32278333,510.00,27.336
11666,4,6060,9968.195371842967,6817.532922297207,2019-07-22T15:01:08Z,46.18245000,13.32263333,509.00,27.348
11667,4,6061,9969.195371842967,6818.532922297207,2019-07-22T15:01:09Z,46.18250000,13.32248333,508.00,27.359
11668,4,6062,9970.195371842967,6819.532922297207,2019-07-22T15:01:10Z,46.18255000,13.32235000,507.00,27.369
11669,4,6063,9971.195371842967,6820.532922297207,2019-07-22T15:01:11Z,46.18261667,13.32220000,506.00,27.382
11670,4,6064,9972.195371842967,6821.532922297207,2019-07-22T15:01:12Z,46.18266667,13.32205000,505.00,27.393
11671,4,6065,9973.195371842967,6822.532922297207,2019-07-22T15:01:13Z,46.18271667,13.32191667,504.00,27.404
11672,4,6066,9974.195371842967,6823.532922297207,2019-07-22T15:01:14Z,46.18278333,13.32176667,504.00,27.416
11673,4,6067,9975.195371842967,6824.532922297207,2019-07-22T15:01:15Z,46.18283333,13.32161667,504.00,27.428
11674,4,6068,9976.195371842967,6825.532922297207,2019-07-22T15:01:16Z,46.18290000,13.32145000,504.00,27.441
11675,4,6069,9977.195371842967,6826.532922297207,2019-07-22T15:01:17Z,46.18293333,13.32130000,504.00,27.451
11676,4,6070,9978.195371842967,6827.532922297207,2019-07-22T15:01:18Z,46.18298333,13.32113333,505.00,27.463
11677,4,6071,9979.195371842967,6828.532922297207,2019-07-22T15:01:19Z,46.18301667,13.32096667,505.00,27.474
11678,4,6072,9980.195371842967,6829.532922297207,2019-07-22T15:01:20Z,46.18305000,13.32081667,505.00,27.484
11679,4,6073,9981.195371842967,6830.532922297207,2019-07-22T15:01:21Z,46.18308333,13.32065000,506.00,27.494
11680,4,6074,9982.195371842967,6831.532922297207,2019-07-22T15:01:22Z,46.18310000,13.32046667,506.00,27.504
11681,4,6075,9983.195371842967,6832.532922297207,2019-07-22T15:01:23Z,46.18310000,13.32030000,506.00,27.512
11682,4,6076,9984.195371842967,6833.532922297207,2019-07-22T15:01:24Z,46.18310000,13.32011667,506.00,27.52
11683,4,6077,9985.195371842967,6834.532922297207,2019-07-22T15:01:25Z,46.18308333,13.31995000,505.00,27.527
11684,4,6078,9986.195371842967,6835.532922297207,2019-07-22T15:01:26Z,46.18306667,13.31976667,504.00,27.534
11685,4,6079,9987.195371842967,6836.532922297207,2019-07-22T15:01:27Z,46.18305000,13.31960000,504.00,27.54
11686,4,6080,9988.195371842967,6837.532922297207,2019-07-22T15:01:28Z,46.18303333,13.31941667,504.00,27.547
11687,4,6081,9989.195371842967,6838.532922297207,2019-07-22T15:01:29Z,46.18303333,13.31923333,504.00,27.556
11688,4,6082,9990.195371842967,6839.532922297207,2019-07-22T15:01:30Z,46.18306667,13.31905000,504.00,27.568
11689,4,6083,9991.195371842967,6840.532922297207,2019-07-22T15:01:31Z,46.18311667,13.31890000,503.00,27.579
11690,4,6084,9992.195371842967,6841.532922297207,2019-07-22T15:01:32Z,46.18315000,13.31875000,504.00,27.589
11691,4,6085,9993.195371842967,6842.532922297207,2019-07-22T15:01:33Z,46.18321667,13.31860000,505.00,27.602
11692,4,6086,9994.195371842967,6843.532922297207,2019-07-22T15:01:34Z,46.18326667,13.31846667,504.00,27.613
11693,4,6087,9995.195371842967,6844.532922297207,2019-07-22T15:01:35Z,46.18335000,13.31835000,503.00,27.626
11694,4,6088,9996.195371842967,6845.532922297207,2019-07-22T15:01:36Z,46.18343333,13.31823333,503.00,27.639
11695,4,6089,9997.195371842967,6846.532922297207,2019-07-22T15:01:37Z,46.18351667,13.31813333,503.00,27.651
11696,4,6090,9998.195371842967,6847.532922297207,2019-07-22T15:01:38Z,46.18360000,13.31803333,501.00,27.663
11697,4,6091,9999.195371842967,6848.532922297207,2019-07-22T15:01:39Z,46.18370000,13.31795000,500.00,27.676
11698,4,6092,10000.195371842967,6849.532922297207,2019-07-22T15:01:40Z,46.18380000,13.31786667,499.00,27.688
11699,4,6093,10001.195371842967,6850.532922297207,2019-07-22T15:01:41Z,46.18388333,13.31778333,498.00,27.7
11700,4,6094,10002.195371842967,6851.532922297207,2019-07-22T15:01:42Z,46.18398333,13.31770000,497.00,27.712
11701,4,6095,10003.195371842967,6852.532922297207,2019-07-22T15:01:43Z,46.18408333,13.31761667,496.00,27.725
11702,4,6096,10004.195371842967,6853.532922297207,2019-07-22T15:01:44Z,46.18418333,13.31755000,495.00,27.737
11703,4,6097,10005.195371842967,6854.532922297207,2019-07-22T15:01:45Z,46.18428333,13.31748333,494.00,27.749
11704,4,6098,10006.195371842967,6855.532922297207,2019-07-22T15:01:46Z,46.18438333,13.31741667,493.00,27.761
11705,4,6099,10007.195371842967,6856.532922297207,2019-07-22T15:01:47Z,46.18448333,13.31736667,493.00,27.772
11706,4,6100,10008.195371842967,6857.532922297207,2019-07-22T15:01:48Z,46.18456667,13.31730000,492.00,27.782
11707,4,6101,10009.195371842967,6858.532922297207,2019-07-22T15:01:49Z,46.18468333,13.31723333,489.00,27.796
11708,4,6102,10010.195371842967,6859.532922297207,2019-07-22T15:01:50Z,46.18478333,13.31716667,487.00,27.808
11709,4,6103,10011.195371842967,6860.532922297207,2019-07-22T15:01:51Z,46.18490000,13.31710000,486.00,27.821
11710,4,6104,10012.195371842967,6861.532922297207,2019-07-22T15:01:52Z,46.18501667,13.31705000,485.00,27.833
11711,4,6105,10013.195371842967,6862.532922297207,2019-07-22T15:01:53Z,46.18515000,13.31705000,483.00,27.845
11712,4,6106,10014.195371842967,6863.532922297207,2019-07-22T15:01:54Z,46.18528333,13.31706667,482.00,27.856
11713,4,6107,10015.195371842967,6864.532922297207,2019-07-22T15:01:55Z,46.18541667,13.31713333,481.00,27.865
11714,4,6108,10016.195371842967,6865.532922297207,2019-07-22T15:01:56Z,46.18553333,13.31721667,479.00,27.871
11715,4,6109,10017.195371842967,6866.532922297207,2019-07-22T15:01:57Z,46.18566667,13.31730000,479.00,27.879
11716,4,6110,10018.195371842967,6867.532922297207,2019-07-22T15:01:58Z,46.18580000,13.31741667,478.00,27.885
11717,4,6111,10019.195371842967,6868.532922297207,2019-07-22T15:01:59Z,46.18590000,13.31755000,478.00,27.888
11718,4,6112,10020.195371842967,6869.532922297207,2019-07-22T15:02:00Z,46.18601667,13.31771667,477.00,27.891
11719,4,6113,10021.195371842967,6870.532922297207,2019-07-22T15:02:01Z,46.18610000,13.31791667,477.00,27.889
11720,4,6114,10022.195371842967,6871.532922297207,2019-07-22T15:02:02Z,46.18620000,13.31810000,477.00,27.89
11721,4,6115,10023.195371842967,6872.532922297207,2019-07-22T15:02:03Z,46.18626667,13.31828333,478.00,27.887
11722,4,6116,10024.195371842967,6873.532922297207,2019-07-22T15:02:04Z,46.18633333,13.31848333,479.00,27.885
11723,4,6117,10025.195371842967,6874.532922297207,2019-07-22T15:02:05Z,46.18635000,13.31868333,481.00,27.877
11724,4,6118,10026.195371842967,6875.532922297207,2019-07-22T15:02:06Z,46.18635000,13.31886667,483.00,27.869
11725,4,6119,10027.195371842967,6876.532922297207,2019-07-22T15:02:07Z,46.18633333,13.31905000,484.00,27.859
11726,4,6120,10028.195371842967,6877.532922297207,2019-07-22T15:02:08Z,46.18628333,13.31923333,485.00,27.847
11727,4,6121,10029.195371842967,6878.532922297207,2019-07-22T15:02:09Z,46.18620000,13.31940000,485.00,27.832
11728,4,6122,10030.195371842967,6879.532922297207,2019-07-22T15:02:10Z,46.18611667,13.31956667,485.00,27.817
11729,4,6123,10031.195371842967,6880.532922297207,2019-07-22T15:02:11Z,46.18598333,13.31966667,484.00,27.8
11730,4,6124,10032.195371842967,6881.532922297207,2019-07-22T15:02:12Z,46.18585000,13.31975000,485.00,27.785
11731,4,6125,10033.195371842967,6882.532922297207,2019-07-22T15:02:13Z,46.18573333,13.31978333,485.00,27.772
11732,4,6126,10034.195371842967,6883.532922297207,2019-07-22T15:02:14Z,46.18561667,13.31978333,485.00,27.762
11733,4,6127,10035.195371842967,6884.532922297207,2019-07-22T15:02:15Z,46.18551667,13.31971667,485.00,27.756
11734,4,6128,10036.195371842967,6885.532922297207,2019-07-22T15:02:16Z,46.18543333,13.31956667,484.00,27.755
11735,4,6129,10037.195371842967,6886.532922297207,2019-07-22T15:02:17Z,46.18536667,13.31941667,483.00,27.755
11736,4,6130,10038.195371842967,6887.532922297207,2019-07-22T15:02:18Z,46.18533333,13.31926667,484.00,27.759
11737,4,6131,10039.195371842967,6888.532922297207,2019-07-22T15:02:19Z,46.18533333,13.31911667,484.00,27.766
11738,4,6132,10040.195371842967,6889.532922297207,2019-07-22T15:02:20Z,46.18535000,13.31898333,484.00,27.773
11739,4,6133,10041.195371842967,6890.532922297207,2019-07-22T15:02:21Z,46.18540000,13.31885000,485.00,27.784
11740,4,6134,10042.195371842967,6891.532922297207,2019-07-22T15:02:22Z,46.18548333,13.31875000,485.00,27.796
11741,4,6135,10043.195371842967,6892.532922297207,2019-07-22T15:02:23Z,46.18560000,13.31871667,484.00,27.808
11742,4,6136,10044.195371842967,6893.532922297207,2019-07-22T15:02:24Z,46.18571667,13.31870000,483.00,27.819
11743,4,6137,10045.195371842967,6894.532922297207,2019-07-22T15:02:25Z,46.18586667,13.31873333,483.00,27.831
11744,4,6138,10046.195371842967,6895.532922297207,2019-07-22T15:02:26Z,46.18600000,13.31881667,483.00,27.839
11745,4,6139,10047.195371842967,6896.532922297207,2019-07-22T15:02:27Z,46.18611667,13.31891667,483.00,27.846
11746,4,6140,10048.195371842967,6897.532922297207,2019-07-22T15:02:28Z,46.18621667,13.31903333,484.00,27.85
11747,4,6141,10049.195371842967,6898.532922297207,2019-07-22T15:02:29Z,46.18630000,13.31916667,485.00,27.851
11748,4,6142,10050.195371842967,6899.532922297207,2019-07-22T15:02:30Z,46.18636667,13.31931667,487.00,27.851
11749,4,6143,10051.195371842967,6900.532922297207,2019-07-22T15:02:31Z,46.18641667,13.31948333,488.00,27.848
11750,4,6144,10052.195371842967,6901.532922297207,2019-07-22T15:02:32Z,46.18648333,13.31965000,489.00,27.847
11751,4,6145,10053.195371842967,6902.532922297207,2019-07-22T15:02:33Z,46.18653333,13.31983333,488.00,27.844
11752,4,6146,10054.195371842967,6903.532922297207,2019-07-22T15:02:34Z,46.18656667,13.32001667,487.00,27.839
11753,4,6147,10055.195371842967,6904.532922297207,2019-07-22T15:02:35Z,46.18660000,13.32021667,486.00,27.834
11754,4,6148,10056.195371842967,6905.532922297207,2019-07-22T15:02:36Z,46.18660000,13.32040000,485.00,27.826
11755,4,6149,10057.195371842967,6906.532922297207,2019-07-22T15:02:37Z,46.18656667,13.32061667,485.00,27.814
11756,4,6150,10058.195371842967,6907.532922297207,2019-07-22T15:02:38Z,46.18648333,13.32080000,486.00,27.798
11757,4,6151,10059.195371842967,6908.532922297207,2019-07-22T15:02:39Z,46.18638333,13.32098333,485.00,27.781
11758,4,6152,10060.195371842967,6909.532922297207,2019-07-22T15:02:40Z,46.18623333,13.32111667,485.00,27.762
11759,4,6153,10061.195371842967,6910.532922297207,2019-07-22T15:02:41Z,46.18611667,13.32118333,484.00,27.748
11760,4,6154,10062.195371842967,6911.532922297207,2019-07-22T15:02:42Z,46.18596667,13.32120000,484.00,27.733
11761,4,6155,10063.195371842967,6912.532922297207,2019-07-22T15:02:43Z,46.18583333,13.32113333,485.00,27.724
11762,4,6156,10064.195371842967,6913.532922297207,2019-07-22T15:02:44Z,46.18571667,13.32100000,486.00,27.718
11763,4,6157,10065.195371842967,6914.532922297207,2019-07-22T15:02:45Z,46.18563333,13.32085000,487.00,27.717
11764,4,6158,10066.195371842967,6915.532922297207,2019-07-22T15:02:46Z,46.18555000,13.32068333,488.00,27.717
11765,4,6159,10067.195371842967,6916.532922297207,2019-07-22T15:02:47Z,46.18551667,13.32051667,489.00,27.721
11766,4,6160,10068.195371842967,6917.532922297207,2019-07-22T15:02:48Z,46.18548333,13.32036667,490.00,27.724
11767,4,6161,10069.195371842967,6918.532922297207,2019-07-22T15:02:49Z,46.18548333,13.32021667,491.00,27.731
11768,4,6162,10070.195371842967,6919.532922297207,2019-07-22T15:02:50Z,46.18548333,13.32006667,492.00,27.737
11769,4,6163,10071.195371842967,6920.532922297207,2019-07-22T15:02:51Z,46.18553333,13.31993333,492.00,27.748
11770,4,6164,10072.195371842967,6921.532922297207,2019-07-22T15:02:52Z,46.18560000,13.31983333,492.00,27.758
11771,4,6165,10073.195371842967,6922.532922297207,2019-07-22T15:02:53Z,46.18568333,13.31976667,492.00,27.769
11772,4,6166,10074.195371842967,6923.532922297207,2019-07-22T15:02:54Z,46.18580000,13.31975000,491.00,27.78
11773,4,6167,10075.195371842967,6924.532922297207,2019-07-22T15:02:55Z,46.18593333,13.31981667,491.00,27.789
11774,4,6168,10076.195371842967,6925.532922297207,2019-07-22T15:02:56Z,46.18605000,13.31993333,491.00,27.795
11775,4,6169,10077.195371842967,6926.532922297207,2019-07-22T15:02:57Z,46.18613333,13.32013333,491.00,27.794
11776,4,6170,10078.195371842967,6927.532922297207,2019-07-22T15:02:58Z,46.18616667,13.32033333,491.00,27.788
11777,4,6171,10079.195371842967,6928.532922297207,2019-07-22T15:02:59Z,46.18616667,13.32053333,492.00,27.78
11778,4,6172,10080.195371842967,6929.532922297207,2019-07-22T15:03:00Z,46.18611667,13.32073333,494.00,27.767
11779,4,6173,10081.195371842967,6930.532922297207,2019-07-22T15:03:01Z,46.18603333,13.32090000,495.00,27.752
11780,4,6174,10082.195371842967,6931.532922297207,2019-07-22T15:03:02Z,46.18595000,13.32103333,497.00,27.739
11781,4,6175,10083.195371842967,6932.532922297207,2019-07-22T15:03:03Z,46.18583333,13.32113333,497.00,27.724
11782,4,6176,10084.195371842967,6933.532922297207,2019-07-22T15:03:04Z,46.18568333,13.32121667,497.00,27.706
11783,4,6177,10085.195371842967,6934.532922297207,2019-07-22T15:03:05Z,46.18555000,13.32123333,497.00,27.693
11784,4,6178,10086.195371842967,6935.532922297207,2019-07-22T15:03:06Z,46.18540000,13.32121667,497.00,27.68
11785,4,6179,10087.195371842967,6936.532922297207,2019-07-22T15:03:07Z,46.18528333,13.32115000,498.00,27.672
11786,4,6180,10088.195371842967,6937.532922297207,2019-07-22T15:03:08Z,46.18520000,13.32098333,498.00,27.671
11787,4,6181,10089.195371842967,6938.532922297207,2019-07-22T15:03:09Z,46.18515000,13.32085000,499.00,27.673
11788,4,6182,10090.195371842967,6939.532922297207,2019-07-22T15:03:10Z,46.18513333,13.32070000,500.00,27.677
11789,4,6183,10091.195371842967,6940.532922297207,2019-07-22T15:03:11Z,46.18511667,13.32056667,500.00,27.682
11790,4,6184,10092.195371842967,6941.532922297207,2019-07-22T15:03:12Z,46.18513333,13.32045000,500.00,27.688
11791,4,6185,10093.195371842967,6942.532922297207,2019-07-22T15:03:13Z,46.18516667,13.32031667,500.00,27.697
11792,4,6186,10094.195371842967,6943.532922297207,2019-07-22T15:03:14Z,46.18523333,13.32021667,501.00,27.708
11793,4,6187,10095.195371842967,6944.532922297207,2019-07-22T15:03:15Z,46.18531667,13.32015000,501.00,27.718
11794,4,6188,10096.195371842967,6945.532922297207,2019-07-22T15:03:16Z,46.18541667,13.32011667,501.00,27.729
11795,4,6189,10097.195371842967,6946.532922297207,2019-07-22T15:03:17Z,46.18553333,13.32008333,501.00,27.741
11796,4,6190,10098.195371842967,6947.532922297207,2019-07-22T15:03:18Z,46.18563333,13.32010000,501.00,27.749
11797,4,6191,10099.195371842967,6948.532922297207,2019-07-22T15:03:19Z,46.18575000,13.32013333,502.00,27.759
11798,4,6192,10100.195371842967,6949.532922297207,2019-07-22T15:03:20Z,46.18586667,13.32020000,503.00,27.767
11799,4,6193,10101.195371842967,6950.532922297207,2019-07-22T15:03:21Z,46.18596667,13.32028333,503.00,27.772
11800,4,6194,10102.195371842967,6951.532922297207,2019-07-22T15:03:22Z,46.18606667,13.32038333,503.00,27.777
11801,4,6195,10103.195371842967,6952.532922297207,2019-07-22T15:03:23Z,46.18615000,13.32055000,501.00,27.778
11802,4,6196,10104.195371842967,6953.532922297207,2019-07-22T15:03:24Z,46.18618333,13.32076667,501.00,27.772
11803,4,6197,10105.195371842967,6954.532922297207,2019-07-22T15:03:25Z,46.18620000,13.32096667,500.00,27.765
11804,4,6198,10106.195371842967,6955.532922297207,2019-07-22T15:03:26Z,46.18616667,13.32115000,501.00,27.754
11805,4,6199,10107.195371842967,6956.532922297207,2019-07-22T15:03:27Z,46.18608333,13.32130000,501.00,27.74
11806,4,6200,10108.195371842967,6957.532922297207,2019-07-22T15:03:28Z,46.18598333,13.32145000,501.00,27.724
11807,4,6201,10109.195371842967,6958.532922297207,2019-07-22T15:03:29Z,46.18576667,13.32146667,501.00,27.703
11808,4,6202,10110.195371842967,6959.532922297207,2019-07-22T15:03:30Z,46.18565000,13.32140000,503.00,27.695
11809,4,6203,10111.195371842967,6960.532922297207,2019-07-22T15:03:31Z,46.18555000,13.32131667,504.00,27.69
11810,4,6204,10112.195371842967,6961.532922297207,2019-07-22T15:03:32Z,46.18550000,13.32116667,505.00,27.691
11811,4,6205,10113.195371842967,6962.532922297207,2019-07-22T15:03:33Z,46.18546667,13.32103333,507.00,27.694
11812,4,6206,10114.195371842967,6963.532922297207,2019-07-22T15:03:34Z,46.18550000,13.32088333,508.00,27.703
11813,4,6207,10115.195371842967,6964.532922297207,2019-07-22T15:03:35Z,46.18553333,13.32076667,507.00,27.711
11814,4,6208,10116.195371842967,6965.532922297207,2019-07-22T15:03:36Z,46.18561667,13.32065000,506.00,27.724
11815,4,6209,10117.195371842967,6966.532922297207,2019-07-22T15:03:37Z,46.18571667,13.32063333,506.00,27.734
11816,4,6210,10118.195371842967,6967.532922297207,2019-07-22T15:03:38Z,46.18583333,13.32065000,506.00,27.744
11817,4,6211,10119.195371842967,6968.532922297207,2019-07-22T15:03:39Z,46.18595000,13.32068333,506.00,27.754
11818,4,6212,10120.195371842967,6969.532922297207,2019-07-22T15:03:40Z,46.18605000,13.32078333,506.00,27.759
11819,4,6213,10121.195371842967,6970.532922297207,2019-07-22T15:03:41Z,46.18615000,13.32093333,507.00,27.762
11820,4,6214,10122.195371842967,6971.532922297207,2019-07-22T15:03:42Z,46.18618333,13.32111667,509.00,27.757
11821,4,6215,10123.195371842967,6972.532922297207,2019-07-22T15:03:43Z,46.18618333,13.32128333,511.00,27.75
11822,4,6216,10124.195371842967,6973.532922297207,2019-07-22T15:03:44Z,46.18611667,13.32145000,513.00,27.737
11823,4,6217,10125.195371842967,6974.532922297207,2019-07-22T15:03:45Z,46.18601667,13.32161667,514.00,27.721
11824,4,6218,10126.195371842967,6975.532922297207,2019-07-22T15:03:46Z,46.18593333,13.32173333,515.00,27.708
11825,4,6219,10127.195371842967,6976.532922297207,2019-07-22T15:03:47Z,46.18581667,13.32180000,516.00,27.694
11826,4,6220,10128.195371842967,6977.532922297207,2019-07-22T15:03:48Z,46.18568333,13.32181667,516.00,27.681
11827,4,6221,10129.195371842967,6978.532922297207,2019-07-22T15:03:49Z,46.18556667,13.32173333,515.00,27.674
11828,4,6222,10130.195371842967,6979.532922297207,2019-07-22T15:03:50Z,46.18546667,13.32163333,514.00,27.668
11829,4,6223,10131.195371842967,6980.532922297207,2019-07-22T15:03:51Z,46.18540000,13.32150000,516.00,27.668
11830,4,6224,10132.195371842967,6981.532922297207,2019-07-22T15:03:52Z,46.18536667,13.32136667,518.00,27.67
11831,4,6225,10133.195371842967,6982.532922297207,2019-07-22T15:03:53Z,46.18533333,13.32125000,519.00,27.672
11832,4,6226,10134.195371842967,6983.532922297207,2019-07-22T15:03:54Z,46.18533333,13.32111667,520.00,27.678
11833,4,6227,10135.195371842967,6984.532922297207,2019-07-22T15:03:55Z,46.18536667,13.32098333,520.00,27.687
11834,4,6228,10136.195371842967,6985.532922297207,2019-07-22T15:03:56Z,46.18543333,13.32088333,520.00,27.697
11835,4,6229,10137.195371842967,6986.532922297207,2019-07-22T15:03:57Z,46.18550000,13.32080000,521.00,27.707
11836,4,6230,10138.195371842967,6987.532922297207,2019-07-22T15:03:58Z,46.18560000,13.32073333,521.00,27.719
11837,4,6231,10139.195371842967,6988.532922297207,2019-07-22T15:03:59Z,46.18568333,13.32070000,520.00,27.728
11838,4,6232,10140.195371842967,6989.532922297207,2019-07-22T15:04:00Z,46.18580000,13.32070000,520.00,27.739
11839,4,6233,10141.195371842967,6990.532922297207,2019-07-22T15:04:01Z,46.18590000,13.32071667,520.00,27.747
11840,4,6234,10142.195371842967,6991.532922297207,2019-07-22T15:04:02Z,46.18601667,13.32076667,519.00,27.756
11841,4,6235,10143.195371842967,6992.532922297207,2019-07-22T15:04:03Z,46.18613333,13.32086667,519.00,27.763
11842,4,6236,10144.195371842967,6993.532922297207,2019-07-22T15:04:04Z,46.18621667,13.32100000,519.00,27.765
11843,4,6237,10145.195371842967,6994.532922297207,2019-07-22T15:04:05Z,46.18626667,13.32120000,520.00,27.761
11844,4,6238,10146.195371842967,6995.532922297207,2019-07-22T15:04:06Z,46.18626667,13.32140000,520.00,27.753
11845,4,6239,10147.195371842967,6996.532922297207,2019-07-22T15:04:07Z,46.18618333,13.32161667,521.00,27.736
11846,4,6240,10148.195371842967,6997.532922297207,2019-07-22T15:04:08Z,46.18611667,13.32176667,522.00,27.724
11847,4,6241,10149.195371842967,6998.532922297207,2019-07-22T15:04:09Z,46.18601667,13.32188333,524.00,27.71
11848,4,6242,10150.195371842967,6999.532922297207,2019-07-22T15:04:10Z,46.18591667,13.32196667,526.00,27.697
11849,4,6243,10151.195371842967,7000.532922297207,2019-07-22T15:04:11Z,46.18578333,13.32200000,526.00,27.683
11850,4,6244,10152.195371842967,7001.532922297207,2019-07-22T15:04:12Z,46.18565000,13.32195000,526.00,27.672
11851,4,6245,10153.195371842967,7002.532922297207,2019-07-22T15:04:13Z,46.18553333,13.32185000,526.00,27.666
11852,4,6246,10154.195371842967,7003.532922297207,2019-07-22T15:04:14Z,46.18546667,13.32168333,525.00,27.666
11853,4,6247,10155.195371842967,7004.532922297207,2019-07-22T15:04:15Z,46.18543333,13.32153333,525.00,27.67
11854,4,6248,10156.195371842967,7005.532922297207,2019-07-22T15:04:16Z,46.18541667,13.32140000,526.00,27.674
11855,4,6249,10157.195371842967,7006.532922297207,2019-07-22T15:04:17Z,46.18545000,13.32128333,527.00,27.682
11856,4,6250,10158.195371842967,7007.532922297207,2019-07-22T15:04:18Z,46.18550000,13.32116667,527.00,27.691
11857,4,6251,10159.195371842967,7008.532922297207,2019-07-22T15:04:19Z,46.18556667,13.32108333,527.00,27.701
11858,4,6252,10160.195371842967,7009.532922297207,2019-07-22T15:04:20Z,46.18568333,13.32105000,527.00,27.713
11859,4,6253,10161.195371842967,7010.532922297207,2019-07-22T15:04:21Z,46.18583333,13.32105000,526.00,27.727
11860,4,6254,10162.195371842967,7011.532922297207,2019-07-22T15:04:22Z,46.18596667,13.32113333,524.00,27.736
11861,4,6255,10163.195371842967,7012.532922297207,2019-07-22T15:04:23Z,46.18608333,13.32120000,525.00,27.744
11862,4,6256,10164.195371842967,7013.532922297207,2019-07-22T15:04:24Z,46.18618333,13.32130000,526.00,27.749
11863,4,6257,10165.195371842967,7014.532922297207,2019-07-22T15:04:25Z,46.18628333,13.32141667,527.00,27.754
11864,4,6258,10166.195371842967,7015.532922297207,2019-07-22T15:04:26Z,46.18638333,13.32155000,529.00,27.758
11865,4,6259,10167.195371842967,7016.532922297207,2019-07-22T15:04:27Z,46.18645000,13.32171667,530.00,27.757
11866,4,6260,10168.195371842967,7017.532922297207,2019-07-22T15:04:28Z,46.18650000,13.32188333,531.00,27.755
11867,4,6261,10169.195371842967,7018.532922297207,2019-07-22T15:04:29Z,46.18653333,13.32206667,531.00,27.751
11868,4,6262,10170.195371842967,7019.532922297207,2019-07-22T15:04:30Z,46.18655000,13.32226667,532.00,27.744
11869,4,6263,10171.195371842967,7020.532922297207,2019-07-22T15:04:31Z,46.18653333,13.32245000,533.00,27.736
11870,4,6264,10172.195371842967,7021.532922297207,2019-07-22T15:04:32Z,46.18650000,13.32261667,534.00,27.726
11871,4,6265,10173.195371842967,7022.532922297207,2019-07-22T15:04:33Z,46.18643333,13.32276667,536.00,27.713
11872,4,6266,10174.195371842967,7023.532922297207,2019-07-22T15:04:34Z,46.18626667,13.32291667,535.00,27.692
11873,4,6267,10175.195371842967,7024.532922297207,2019-07-22T15:04:35Z,46.18615000,13.32301667,534.00,27.677
11874,4,6268,10176.195371842967,7025.532922297207,2019-07-22T15:04:36Z,46.18603333,13.32305000,534.00,27.664
11875,4,6269,10177.195371842967,7026.532922297207,2019-07-22T15:04:37Z,46.18588333,13.32301667,534.00,27.651
11876,4,6270,10178.195371842967,7027.532922297207,2019-07-22T15:04:38Z,46.18576667,13.32291667,535.00,27.644
11877,4,6271,10179.195371842967,7028.532922297207,2019-07-22T15:04:39Z,46.18568333,13.32280000,537.00,27.641
11878,4,6272,10180.195371842967,7029.532922297207,2019-07-22T15:04:40Z,46.18560000,13.32270000,539.00,27.637
11879,4,6273,10181.195371842967,7030.532922297207,2019-07-22T15:04:41Z,46.18551667,13.32258333,542.00,27.634
11880,4,6274,10182.195371842967,7031.532922297207,2019-07-22T15:04:42Z,46.18546667,13.32248333,543.00,27.633
11881,4,6275,10183.195371842967,7032.532922297207,2019-07-22T15:04:43Z,46.18545000,13.32235000,543.00,27.637
11882,4,6276,10184.195371842967,7033.532922297207,2019-07-22T15:04:44Z,46.18545000,13.32221667,543.00,27.643
11883,4,6277,10185.195371842967,7034.532922297207,2019-07-22T15:04:45Z,46.18548333,13.32210000,543.00,27.651
11884,4,6278,10186.195371842967,7035.532922297207,2019-07-22T15:04:46Z,46.18555000,13.32200000,542.00,27.661
11885,4,6279,10187.195371842967,7036.532922297207,2019-07-22T15:04:47Z,46.18565000,13.32196667,541.00,27.672
11886,4,6280,10188.195371842967,7037.532922297207,2019-07-22T15:04:48Z,46.18578333,13.32196667,541.00,27.684
11887,4,6281,10189.195371842967,7038.532922297207,2019-07-22T15:04:49Z,46.18590000,13.32200000,540.00,27.694
11888,4,6282,10190.195371842967,7039.532922297207,2019-07-22T15:04:50Z,46.18603333,13.32206667,540.00,27.704
11889,4,6283,10191.195371842967,7040.532922297207,2019-07-22T15:04:51Z,46.18615000,13.32218333,541.00,27.71
11890,4,6284,10192.195371842967,7041.532922297207,2019-07-22T15:04:52Z,46.18625000,13.32235000,541.00,27.713
11891,4,6285,10193.195371842967,7042.532922297207,2019-07-22T15:04:53Z,46.18633333,13.32251667,542.00,27.714
11892,4,6286,10194.195371842967,7043.532922297207,2019-07-22T15:04:54Z,46.18638333,13.32268333,544.00,27.712
11893,4,6287,10195.195371842967,7044.532922297207,2019-07-22T15:04:55Z,46.18638333,13.32286667,547.00,27.705
11894,4,6288,10196.195371842967,7045.532922297207,2019-07-22T15:04:56Z,46.18635000,13.32303333,548.00,27.695
11895,4,6289,10197.195371842967,7046.532922297207,2019-07-22T15:04:57Z,46.18625000,13.32318333,548.00,27.68
11896,4,6290,10198.195371842967,7047.532922297207,2019-07-22T15:04:58Z,46.18616667,13.32331667,548.00,27.666
11897,4,6291,10199.195371842967,7048.532922297207,2019-07-22T15:04:59Z,46.18603333,13.32340000,548.00,27.65
11898,4,6292,10200.195371842967,7049.532922297207,2019-07-22T15:05:00Z,46.18590000,13.32341667,549.00,27.637
11899,4,6293,10201.195371842967,7050.532922297207,2019-07-22T15:05:01Z,46.18576667,13.32341667,551.00,27.624
11900,4,6294,10202.195371842967,7051.532922297207,2019-07-22T15:05:02Z,46.18565000,13.32340000,553.00,27.614
11901,4,6295,10203.195371842967,7052.532922297207,2019-07-22T15:05:03Z,46.18553333,13.32336667,555.00,27.604
11902,4,6296,10204.195371842967,7053.532922297207,2019-07-22T15:05:04Z,46.18546667,13.32326667,557.00,27.602
11903,4,6297,10205.195371842967,7054.532922297207,2019-07-22T15:05:05Z,46.18541667,13.32313333,557.00,27.602
11904,4,6298,10206.195371842967,7055.532922297207,2019-07-22T15:05:06Z,46.18543333,13.32296667,557.00,27.61
11905,4,6299,10207.195371842967,7056.532922297207,2019-07-22T15:05:07Z,46.18543333,13.32285000,557.00,27.615
11906,4,6300,10208.195371842967,7057.532922297207,2019-07-22T15:05:08Z,46.18546667,13.32273333,557.00,27.623
11907,4,6301,10209.195371842967,7058.532922297207,2019-07-22T15:05:09Z,46.18553333,13.32265000,556.00,27.633
11908,4,6302,10210.195371842967,7059.532922297207,2019-07-22T15:05:10Z,46.18561667,13.32263333,556.00,27.641
11909,4,6303,10211.195371842967,7060.532922297207,2019-07-22T15:05:11Z,46.18576667,13.32268333,557.00,27.653
11910,4,6304,10212.195371842967,7061.532922297207,2019-07-22T15:05:12Z,46.18590000,13.32280000,556.00,27.661
11911,4,6305,10213.195371842967,7062.532922297207,2019-07-22T15:05:13Z,46.18598333,13.32300000,557.00,27.661
11912,4,6306,10214.195371842967,7063.532922297207,2019-07-22T15:05:14Z,46.18603333,13.32318333,559.00,27.659
11913,4,6307,10215.195371842967,7064.532922297207,2019-07-22T15:05:15Z,46.18605000,13.32335000,561.00,27.654
11914,4,6308,10216.195371842967,7065.532922297207,2019-07-22T15:05:16Z,46.18600000,13.32351667,564.00,27.643
11915,4,6309,10217.195371842967,7066.532922297207,2019-07-22T15:05:17Z,46.18590000,13.32370000,565.00,27.626
11916,4,6310,10218.195371842967,7067.532922297207,2019-07-22T15:05:18Z,46.18580000,13.32383333,567.00,27.611
11917,4,6311,10219.195371842967,7068.532922297207,2019-07-22T15:05:19Z,46.18570000,13.32391667,568.00,27.598
11918,4,6312,10220.195371842967,7069.532922297207,2019-07-22T15:05:20Z,46.18558333,13.32395000,569.00,27.586
11919,4,6313,10221.195371842967,7070.532922297207,2019-07-22T15:05:21Z,46.18545000,13.32396667,570.00,27.572
11920,4,6314,10222.195371842967,7071.532922297207,2019-07-22T15:05:22Z,46.18533333,13.32391667,571.00,27.563
11921,4,6315,10223.195371842967,7072.532922297207,2019-07-22T15:05:23Z,46.18525000,13.32380000,572.00,27.56
11922,4,6316,10224.195371842967,7073.532922297207,2019-07-22T15:05:24Z,46.18520000,13.32366667,571.00,27.56
11923,4,6317,10225.195371842967,7074.532922297207,2019-07-22T15:05:25Z,46.18521667,13.32348333,573.00,27.569
11924,4,6318,10226.195371842967,7075.532922297207,2019-07-22T15:05:26Z,46.18520000,13.32335000,575.00,27.573
11925,4,6319,10227.195371842967,7076.532922297207,2019-07-22T15:05:27Z,46.18521667,13.32323333,576.00,27.579
11926,4,6320,10228.195371842967,7077.532922297207,2019-07-22T15:05:28Z,46.18525000,13.32313333,577.00,27.586
11927,4,6321,10229.195371842967,7078.532922297207,2019-07-22T15:05:29Z,46.18531667,13.32306667,578.00,27.595
11928,4,6322,10230.195371842967,7079.532922297207,2019-07-22T15:05:30Z,46.18545000,13.32306667,579.00,27.608
11929,4,6323,10231.195371842967,7080.532922297207,2019-07-22T15:05:31Z,46.18556667,13.32308333,579.00,27.618
11930,4,6324,10232.195371842967,7081.532922297207,2019-07-22T15:05:32Z,46.18568333,13.32316667,578.00,27.626
11931,4,6325,10233.195371842967,7082.532922297207,2019-07-22T15:05:33Z,46.18578333,13.32328333,578.00,27.631
11932,4,6326,10234.195371842967,7083.532922297207,2019-07-22T15:05:34Z,46.18585000,13.32346667,579.00,27.63
11933,4,6327,10235.195371842967,7084.532922297207,2019-07-22T15:05:35Z,46.18590000,13.32365000,579.00,27.628
11934,4,6328,10236.195371842967,7085.532922297207,2019-07-22T15:05:36Z,46.18591667,13.32381667,581.00,27.623
11935,4,6329,10237.195371842967,7086.532922297207,2019-07-22T15:05:37Z,46.18590000,13.32400000,583.00,27.614
11936,4,6330,10238.195371842967,7087.532922297207,2019-07-22T15:05:38Z,46.18586667,13.32415000,586.00,27.605
11937,4,6331,10239.195371842967,7088.532922297207,2019-07-22T15:05:39Z,46.18578333,13.32430000,588.00,27.591
11938,4,6332,10240.195371842967,7089.532922297207,2019-07-22T15:05:40Z,46.18566667,13.32443333,590.00,27.575
11939,4,6333,10241.195371842967,7090.532922297207,2019-07-22T15:05:41Z,46.18556667,13.32445000,591.00,27.565
11940,4,6334,10242.195371842967,7091.532922297207,2019-07-22T15:05:42Z,46.18545000,13.32440000,592.00,27.555
11941,4,6335,10243.195371842967,7092.532922297207,2019-07-22T15:05:43Z,46.18536667,13.32430000,591.00,27.551
11942,4,6336,10244.195371842967,7093.532922297207,2019-07-22T15:05:44Z,46.18528333,13.32418333,592.00,27.548
11943,4,6337,10245.195371842967,7094.532922297207,2019-07-22T15:05:45Z,46.18525000,13.32405000,592.00,27.55
11944,4,6338,10246.195371842967,7095.532922297207,2019-07-22T15:05:46Z,46.18526667,13.32391667,593.00,27.557
11945,4,6339,10247.195371842967,7096.532922297207,2019-07-22T15:05:47Z,46.18533333,13.32380000,594.00,27.568
11946,4,6340,10248.195371842967,7097.532922297207,2019-07-22T15:05:48Z,46.18541667,13.32373333,595.00,27.578
11947,4,6341,10249.195371842967,7098.532922297207,2019-07-22T15:05:49Z,46.18550000,13.32368333,596.00,27.588
11948,4,6342,10250.195371842967,7099.532922297207,2019-07-22T15:05:50Z,46.18561667,13.32370000,597.00,27.599
11949,4,6343,10251.195371842967,7100.532922297207,2019-07-22T15:05:51Z,46.18573333,13.32371667,598.00,27.609
11950,4,6344,10252.195371842967,7101.532922297207,2019-07-22T15:05:52Z,46.18583333,13.32378333,599.00,27.616
11951,4,6345,10253.195371842967,7102.532922297207,2019-07-22T15:05:53Z,46.18591667,13.32390000,600.00,27.62
11952,4,6346,10254.195371842967,7103.532922297207,2019-07-22T15:05:54Z,46.18598333,13.32406667,601.00,27.62
11953,4,6347,10255.195371842967,7104.532922297207,2019-07-22T15:05:55Z,46.18601667,13.32423333,604.00,27.617
11954,4,6348,10256.195371842967,7105.532922297207,2019-07-22T15:05:56Z,46.18603333,13.32440000,605.00,27.612
11955,4,6349,10257.195371842967,7106.532922297207,2019-07-22T15:05:57Z,46.18600000,13.32456667,607.00,27.602
11956,4,6350,10258.195371842967,7107.532922297207,2019-07-22T15:05:58Z,46.18590000,13.32470000,608.00,27.588
11957,4,6351,10259.195371842967,7108.532922297207,2019-07-22T15:05:59Z,46.18578333,13.32481667,609.00,27.572
11958,4,6352,10260.195371842967,7109.532922297207,2019-07-22T15:06:00Z,46.18566667,13.32488333,610.00,27.558
11959,4,6353,10261.195371842967,7110.532922297207,2019-07-22T15:06:01Z,46.18555000,13.32490000,611.00,27.546
11960,4,6354,10262.195371842967,7111.532922297207,2019-07-22T15:06:02Z,46.18545000,13.32490000,614.00,27.536
11961,4,6355,10263.195371842967,7112.532922297207,2019-07-22T15:06:03Z,46.18535000,13.32490000,617.00,27.527
11962,4,6356,10264.195371842967,7113.532922297207,2019-07-22T15:06:04Z,46.18525000,13.32486667,618.00,27.518
11963,4,6357,10265.195371842967,7114.532922297207,2019-07-22T15:06:05Z,46.18518333,13.32480000,619.00,27.514
11964,4,6358,10266.195371842967,7115.532922297207,2019-07-22T15:06:06Z,46.18511667,13.32468333,619.00,27.512
11965,4,6359,10267.195371842967,7116.532922297207,2019-07-22T15:06:07Z,46.18508333,13.32455000,619.00,27.514
11966,4,6360,10268.195371842967,7117.532922297207,2019-07-22T15:06:08Z,46.18508333,13.32440000,619.00,27.52
11967,4,6361,10269.195371842967,7118.532922297207,2019-07-22T15:06:09Z,46.18513333,13.32426667,619.00,27.53
11968,4,6362,10270.195371842967,7119.532922297207,2019-07-22T15:06:10Z,46.18523333,13.32418333,619.00,27.543
11969,4,6363,10271.195371842967,7120.532922297207,2019-07-22T15:06:11Z,46.18533333,13.32418333,619.00,27.553
11970,4,6364,10272.195371842967,7121.532922297207,2019-07-22T15:06:12Z,46.18546667,13.32420000,621.00,27.565
11971,4,6365,10273.195371842967,7122.532922297207,2019-07-22T15:06:13Z,46.18558333,13.32430000,623.00,27.572
11972,4,6366,10274.195371842967,7123.532922297207,2019-07-22T15:06:14Z,46.18568333,13.32446667,624.00,27.575
11973,4,6367,10275.195371842967,7124.532922297207,2019-07-22T15:06:15Z,46.18575000,13.32466667,626.00,27.574
11974,4,6368,10276.195371842967,7125.532922297207,2019-07-22T15:06:16Z,46.18578333,13.32483333,628.00,27.571
11975,4,6369,10277.195371842967,7126.532922297207,2019-07-22T15:06:17Z,46.18576667,13.32500000,631.00,27.563
11976,4,6370,10278.195371842967,7127.532922297207,2019-07-22T15:06:18Z,46.18570000,13.32520000,633.00,27.549
11977,4,6371,10279.195371842967,7128.532922297207,2019-07-22T15:06:19Z,46.18561667,13.32535000,636.00,27.536
11978,4,6372,10280.195371842967,7129.532922297207,2019-07-22T15:06:20Z,46.18550000,13.32546667,638.00,27.52
11979,4,6373,10281.195371842967,7130.532922297207,2019-07-22T15:06:21Z,46.18540000,13.32555000,640.00,27.507
11980,4,6374,10282.195371842967,7131.532922297207,2019-07-22T15:06:22Z,46.18528333,13.32561667,640.00,27.493
11981,4,6375,10283.195371842967,7132.532922297207,2019-07-22T15:06:23Z,46.18518333,13.32555000,642.00,27.486
11982,4,6376,10284.195371842967,7133.532922297207,2019-07-22T15:06:24Z,46.18508333,13.32550000,641.00,27.478
11983,4,6377,10285.195371842967,7134.532922297207,2019-07-22T15:06:25Z,46.18500000,13.32538333,640.00,27.475
11984,4,6378,10286.195371842967,7135.532922297207,2019-07-22T15:06:26Z,46.18503333,13.32526667,641.00,27.482
11985,4,6379,10287.195371842967,7136.532922297207,2019-07-22T15:06:27Z,46.18505000,13.32513333,643.00,27.489
11986,4,6380,10288.195371842967,7137.532922297207,2019-07-22T15:06:28Z,46.18508333,13.32503333,645.00,27.496
11987,4,6381,10289.195371842967,7138.532922297207,2019-07-22T15:06:29Z,46.18513333,13.32495000,646.00,27.504
11988,4,6382,10290.195371842967,7139.532922297207,2019-07-22T15:06:30Z,46.18521667,13.32500000,647.00,27.51
11989,4,6383,10291.195371842967,7140.532922297207,2019-07-22T15:06:31Z,46.18533333,13.32501667,648.00,27.521
11990,4,6384,10292.195371842967,7141.532922297207,2019-07-22T15:06:32Z,46.18543333,13.32508333,649.00,27.528
11991,4,6385,10293.195371842967,7142.532922297207,2019-07-22T15:06:33Z,46.18553333,13.32520000,652.00,27.533
11992,4,6386,10294.195371842967,7143.532922297207,2019-07-22T15:06:34Z,46.18560000,13.32535000,654.00,27.534
11993,4,6387,10295.195371842967,7144.532922297207,2019-07-22T15:06:35Z,46.18563333,13.32551667,657.00,27.531
11994,4,6388,10296.195371842967,7145.532922297207,2019-07-22T15:06:36Z,46.18561667,13.32570000,658.00,27.523
11995,4,6389,10297.195371842967,7146.532922297207,2019-07-22T15:06:37Z,46.18558333,13.32585000,660.00,27.514
11996,4,6390,10298.195371842967,7147.532922297207,2019-07-22T15:06:38Z,46.18550000,13.32596667,662.00,27.502
11997,4,6391,10299.195371842967,7148.532922297207,2019-07-22T15:06:39Z,46.18536667,13.32608333,663.00,27.484
11998,4,6392,10300.195371842967,7149.532922297207,2019-07-22T15:06:40Z,46.18523333,13.32616667,664.00,27.468
11999,4,6393,10301.195371842967,7150.532922297207,2019-07-22T15:06:41Z,46.18513333,13.32620000,665.00,27.457
12000,4,6394,10302.195371842967,7151.532922297207,2019-07-22T15:06:42Z,46.18501667,13.32620000,665.00,27.446
12001,4,6395,10303.195371842967,7152.532922297207,2019-07-22T15:06:43Z,46.18491667,13.32613333,663.00,27.439
12002,4,6396,10304.195371842967,7153.532922297207,2019-07-22T15:06:44Z,46.18481667,13.32603333,664.00,27.432
12003,4,6397,10305.195371842967,7154.532922297207,2019-07-22T15:06:45Z,46.18476667,13.32595000,666.00,27.431
12004,4,6398,10306.195371842967,7155.532922297207,2019-07-22T15:06:46Z,46.18471667,13.32588333,667.00,27.428
12005,4,6399,10307.195371842967,7156.532922297207,2019-07-22T15:06:47Z,46.18466667,13.32576667,669.00,27.428
12006,4,6400,10308.195371842967,7157.532922297207,2019-07-22T15:06:48Z,46.18466667,13.32565000,668.00,27.432
12007,4,6401,10309.195371842967,7158.532922297207,2019-07-22T15:06:49Z,46.18470000,13.32550000,666.00,27.441
12008,4,6402,10310.195371842967,7159.532922297207,2019-07-22T15:06:50Z,46.18475000,13.32536667,665.00,27.451
12009,4,6403,10311.195371842967,7160.532922297207,2019-07-22T15:06:51Z,46.18483333,13.32526667,666.00,27.463
12010,4,6404,10312.195371842967,7161.532922297207,2019-07-22T15:06:52Z,46.18495000,13.32523333,665.00,27.475
12011,4,6405,10313.195371842967,7162.532922297207,2019-07-22T15:06:53Z,46.18508333,13.32520000,665.00,27.49
12012,4,6406,10314.195371842967,7163.532922297207,2019-07-22T15:06:54Z,46.18521667,13.32523333,666.00,27.501
12013,4,6407,10315.195371842967,7164.532922297207,2019-07-22T15:06:55Z,46.18535000,13.32531667,667.00,27.511
12014,4,6408,10316.195371842967,7165.532922297207,2019-07-22T15:06:56Z,46.18548333,13.32541667,668.00,27.52
12015,4,6409,10317.195371842967,7166.532922297207,2019-07-22T15:06:57Z,46.18558333,13.32558333,671.00,27.524
12016,4,6410,10318.195371842967,7167.532922297207,2019-07-22T15:06:58Z,46.18566667,13.32575000,674.00,27.526
12017,4,6411,10319.195371842967,7168.532922297207,2019-07-22T15:06:59Z,46.18570000,13.32593333,677.00,27.523
12018,4,6412,10320.195371842967,7169.532922297207,2019-07-22T15:07:00Z,46.18570000,13.32610000,679.00,27.517
12019,4,6413,10321.195371842967,7170.532922297207,2019-07-22T15:07:01Z,46.18565000,13.32626667,681.00,27.506
12020,4,6414,10322.195371842967,7171.532922297207,2019-07-22T15:07:02Z,46.18551667,13.32641667,681.00,27.487
12021,4,6415,10323.195371842967,7172.532922297207,2019-07-22T15:07:03Z,46.18540000,13.32651667,681.00,27.472
12022,4,6416,10324.195371842967,7173.532922297207,2019-07-22T15:07:04Z,46.18526667,13.32656667,681.00,27.457
12023,4,6417,10325.195371842967,7174.532922297207,2019-07-22T15:07:05Z,46.18516667,13.32656667,682.00,27.447
12024,4,6418,10326.195371842967,7175.532922297207,2019-07-22T15:07:06Z,46.18506667,13.32653333,683.00,27.439
12025,4,6419,10327.195371842967,7176.532922297207,2019-07-22T15:07:07Z,46.18500000,13.32645000,684.00,27.435
12026,4,6420,10328.195371842967,7177.532922297207,2019-07-22T15:07:08Z,46.18491667,13.32636667,685.00,27.43
12027,4,6421,10329.195371842967,7178.532922297207,2019-07-22T15:07:09Z,46.18486667,13.32626667,687.00,27.429
12028,4,6422,10330.195371842967,7179.532922297207,2019-07-22T15:07:10Z,46.18481667,13.32616667,688.00,27.428
12029,4,6423,10331.195371842967,7180.532922297207,2019-07-22T15:07:11Z,46.18478333,13.32605000,689.00,27.429
12030,4,6424,10332.195371842967,7181.532922297207,2019-07-22T15:07:12Z,46.18478333,13.32591667,689.00,27.434
12031,4,6425,10333.195371842967,7182.532922297207,2019-07-22T15:07:13Z,46.18478333,13.32578333,689.00,27.439
12032,4,6426,10334.195371842967,7183.532922297207,2019-07-22T15:07:14Z,46.18480000,13.32565000,688.00,27.445
12033,4,6427,10335.195371842967,7184.532922297207,2019-07-22T15:07:15Z,46.18481667,13.32553333,690.00,27.451
12034,4,6428,10336.195371842967,7185.532922297207,2019-07-22T15:07:16Z,46.18488333,13.32543333,691.00,27.461
12035,4,6429,10337.195371842967,7186.532922297207,2019-07-22T15:07:17Z,46.18498333,13.32535000,693.00,27.474
12036,4,6430,10338.195371842967,7187.532922297207,2019-07-22T15:07:18Z,46.18508333,13.32528333,695.00,27.486
12037,4,6431,10339.195371842967,7188.532922297207,2019-07-22T15:07:19Z,46.18518333,13.32525000,696.00,27.497
12038,4,6432,10340.195371842967,7189.532922297207,2019-07-22T15:07:20Z,46.18531667,13.32528333,696.00,27.509
12039,4,6433,10341.195371842967,7190.532922297207,2019-07-22T15:07:21Z,46.18546667,13.32538333,696.00,27.52
12040,4,6434,10342.195371842967,7191.532922297207,2019-07-22T15:07:22Z,46.18558333,13.32551667,695.00,27.526
12041,4,6435,10343.195371842967,7192.532922297207,2019-07-22T15:07:23Z,46.18568333,13.32571667,695.00,27.529
12042,4,6436,10344.195371842967,7193.532922297207,2019-07-22T15:07:24Z,46.18575000,13.32595000,695.00,27.527
12043,4,6437,10345.195371842967,7194.532922297207,2019-07-22T15:07:25Z,46.18576667,13.32616667,696.00,27.521
12044,4,6438,10346.195371842967,7195.532922297207,2019-07-22T15:07:26Z,46.18570000,13.32640000,698.00,27.506
12045,4,6439,10347.195371842967,7196.532922297207,2019-07-22T15:07:27Z,46.18556667,13.32660000,700.00,27.486
12046,4,6440,10348.195371842967,7197.532922297207,2019-07-22T15:07:28Z,46.18546667,13.32676667,703.00,27.47
12047,4,6441,10349.195371842967,7198.532922297207,2019-07-22T15:07:29Z,46.18533333,13.32685000,707.00,27.454
12048,4,6442,10350.195371842967,7199.532922297207,2019-07-22T15:07:30Z,46.18520000,13.32688333,708.00,27.439
12049,4,6443,10351.195371842967,7200.532922297207,2019-07-22T15:07:31Z,46.18511667,13.32686667,710.00,27.432
12050,4,6444,10352.195371842967,7201.532922297207,2019-07-22T15:07:32Z,46.18503333,13.32678333,710.00,27.427
12051,4,6445,10353.195371842967,7202.532922297207,2019-07-22T15:07:33Z,46.18498333,13.32666667,711.00,27.426
12052,4,6446,10354.195371842967,7203.532922297207,2019-07-22T15:07:34Z,46.18500000,13.32648333,711.00,27.434
12053,4,6447,10355.195371842967,7204.532922297207,2019-07-22T15:07:35Z,46.18498333,13.32635000,711.00,27.437
12054,4,6448,10356.195371842967,7205.532922297207,2019-07-22T15:07:36Z,46.18500000,13.32621667,712.00,27.444
12055,4,6449,10357.195371842967,7206.532922297207,2019-07-22T15:07:37Z,46.18506667,13.32613333,712.00,27.453
12056,4,6450,10358.195371842967,7207.532922297207,2019-07-22T15:07:38Z,46.18518333,13.32610000,712.00,27.466
12057,4,6451,10359.195371842967,7208.532922297207,2019-07-22T15:07:39Z,46.18531667,13.32615000,712.00,27.477
12058,4,6452,10360.195371842967,7209.532922297207,2019-07-22T15:07:40Z,46.18543333,13.32620000,713.00,27.487
12059,4,6453,10361.195371842967,7210.532922297207,2019-07-22T15:07:41Z,46.18553333,13.32630000,713.00,27.493
12060,4,6454,10362.195371842967,7211.532922297207,2019-07-22T15:07:42Z,46.18561667,13.32643333,714.00,27.497
12061,4,6455,10363.195371842967,7212.532922297207,2019-07-22T15:07:43Z,46.18571667,13.32656667,715.00,27.502
12062,4,6456,10364.195371842967,7213.532922297207,2019-07-22T15:07:44Z,46.18581667,13.32671667,715.00,27.506
12063,4,6457,10365.195371842967,7214.532922297207,2019-07-22T15:07:45Z,46.18588333,13.32690000,716.00,27.507
12064,4,6458,10366.195371842967,7215.532922297207,2019-07-22T15:07:46Z,46.18593333,13.32710000,717.00,27.505
12065,4,6459,10367.195371842967,7216.532922297207,2019-07-22T15:07:47Z,46.18595000,13.32730000,718.00,27.5
12066,4,6460,10368.195371842967,7217.532922297207,2019-07-22T15:07:48Z,46.18593333,13.32750000,719.00,27.491
12067,4,6461,10369.195371842967,7218.532922297207,2019-07-22T15:07:49Z,46.18583333,13.32770000,721.00,27.474
12068,4,6462,10370.195371842967,7219.532922297207,2019-07-22T15:07:50Z,46.18575000,13.32786667,722.00,27.461
12069,4,6463,10371.195371842967,7220.532922297207,2019-07-22T15:07:51Z,46.18566667,13.32803333,724.00,27.447
12070,4,6464,10372.195371842967,7221.532922297207,2019-07-22T15:07:52Z,46.18556667,13.32816667,725.00,27.432
12071,4,6465,10373.195371842967,7222.532922297207,2019-07-22T15:07:53Z,46.18545000,13.32828333,727.00,27.417
12072,4,6466,10374.195371842967,7223.532922297207,2019-07-22T15:07:54Z,46.18531667,13.32836667,727.00,27.4
12073,4,6467,10375.195371842967,7224.532922297207,2019-07-22T15:07:55Z,46.18518333,13.32835000,727.00,27.388
12074,4,6468,10376.195371842967,7225.532922297207,2019-07-22T15:07:56Z,46.18505000,13.32835000,728.00,27.374
12075,4,6469,10377.195371842967,7226.532922297207,2019-07-22T15:07:57Z,46.18493333,13.32830000,729.00,27.364
12076,4,6470,10378.195371842967,7227.532922297207,2019-07-22T15:07:58Z,46.18481667,13.32821667,728.00,27.355
12077,4,6471,10379.195371842967,7228.532922297207,2019-07-22T15:07:59Z,46.18475000,13.32811667,729.00,27.352
12078,4,6472,10380.195371842967,7229.532922297207,2019-07-22T15:08:00Z,46.18470000,13.32795000,730.00,27.353
12079,4,6473,10381.195371842967,7230.532922297207,2019-07-22T15:08:01Z,46.18466667,13.32781667,731.00,27.354
12080,4,6474,10382.195371842967,7231.532922297207,2019-07-22T15:08:02Z,46.18466667,13.32770000,734.00,27.358
12081,4,6475,10383.195371842967,7232.532922297207,2019-07-22T15:08:03Z,46.18466667,13.32755000,736.00,27.363
12082,4,6476,10384.195371842967,7233.532922297207,2019-07-22T15:08:04Z,46.18468333,13.32741667,738.00,27.37
12083,4,6477,10385.195371842967,7234.532922297207,2019-07-22T15:08:05Z,46.18473333,13.32730000,739.00,27.379
12084,4,6478,10386.195371842967,7235.532922297207,2019-07-22T15:08:06Z,46.18480000,13.32718333,741.00,27.389
12085,4,6479,10387.195371842967,7236.532922297207,2019-07-22T15:08:07Z,46.18488333,13.32713333,741.00,27.399
12086,4,6480,10388.195371842967,7237.532922297207,2019-07-22T15:08:08Z,46.18505000,13.32713333,741.00,27.416
12087,4,6481,10389.195371842967,7238.532922297207,2019-07-22T15:08:09Z,46.18520000,13.32718333,742.00,27.429
12088,4,6482,10390.195371842967,7239.532922297207,2019-07-22T15:08:10Z,46.18533333,13.32726667,742.00,27.439
12089,4,6483,10391.195371842967,7240.532922297207,2019-07-22T15:08:11Z,46.18543333,13.32738333,743.00,27.445
12090,4,6484,10392.195371842967,7241.532922297207,2019-07-22T15:08:12Z,46.18551667,13.32751667,744.00,27.449
12091,4,6485,10393.195371842967,7242.532922297207,2019-07-22T15:08:13Z,46.18560000,13.32770000,746.00,27.451
12092,4,6486,10394.195371842967,7243.532922297207,2019-07-22T15:08:14Z,46.18565000,13.32790000,747.00,27.449
12093,4,6487,10395.195371842967,7244.532922297207,2019-07-22T15:08:15Z,46.18566667,13.32808333,748.00,27.445
12094,4,6488,10396.195371842967,7245.532922297207,2019-07-22T15:08:16Z,46.18565000,13.32826667,750.00,27.437
12095,4,6489,10397.195371842967,7246.532922297207,2019-07-22T15:08:17Z,46.18561667,13.32846667,751.00,27.427
12096,4,6490,10398.195371842967,7247.532922297207,2019-07-22T15:08:18Z,46.18555000,13.32861667,753.00,27.416
12097,4,6491,10399.195371842967,7248.532922297207,2019-07-22T15:08:19Z,46.18536667,13.32871667,755.00,27.394
12098,4,6492,10400.195371842967,7249.532922297207,2019-07-22T15:08:20Z,46.18520000,13.32876667,756.00,27.376
12099,4,6493,10401.195371842967,7250.532922297207,2019-07-22T15:08:21Z,46.18506667,13.32873333,758.00,27.363
12100,4,6494,10402.195371842967,7251.532922297207,2019-07-22T15:08:22Z,46.18495000,13.32865000,761.00,27.354
12101,4,6495,10403.195371842967,7252.532922297207,2019-07-22T15:08:23Z,46.18488333,13.32856667,762.00,27.35
12102,4,6496,10404.195371842967,7253.532922297207,2019-07-22T15:08:24Z,46.18485000,13.32841667,764.00,27.352
12103,4,6497,10405.195371842967,7254.532922297207,2019-07-22T15:08:25Z,46.18485000,13.32830000,765.00,27.356
12104,4,6498,10406.195371842967,7255.532922297207,2019-07-22T15:08:26Z,46.18486667,13.32815000,766.00,27.363
12105,4,6499,10407.195371842967,7256.532922297207,2019-07-22T15:08:27Z,46.18491667,13.32801667,766.00,27.372
12106,4,6500,10408.195371842967,7257.532922297207,2019-07-22T15:08:28Z,46.18500000,13.32795000,767.00,27.383
12107,4,6501,10409.195371842967,7258.532922297207,2019-07-22T15:08:29Z,46.18510000,13.32791667,769.00,27.394
12108,4,6502,10410.195371842967,7259.532922297207,2019-07-22T15:08:30Z,46.18523333,13.32791667,771.00,27.407
12109,4,6503,10411.195371842967,7260.532922297207,2019-07-22T15:08:31Z,46.18533333,13.32800000,772.00,27.414
12110,4,6504,10412.195371842967,7261.532922297207,2019-07-22T15:08:32Z,46.18543333,13.32808333,774.00,27.422
12111,4,6505,10413.195371842967,7262.532922297207,2019-07-22T15:08:33Z,46.18551667,13.32820000,775.00,27.426
12112,4,6506,10414.195371842967,7263.532922297207,2019-07-22T15:08:34Z,46.18558333,13.32836667,776.00,27.427
12113,4,6507,10415.195371842967,7264.532922297207,2019-07-22T15:08:35Z,46.18563333,13.32855000,777.00,27.426
12114,4,6508,10416.195371842967,7265.532922297207,2019-07-22T15:08:36Z,46.18563333,13.32875000,778.00,27.42
12115,4,6509,10417.195371842967,7266.532922297207,2019-07-22T15:08:37Z,46.18560000,13.32895000,779.00,27.41
12116,4,6510,10418.195371842967,7267.532922297207,2019-07-22T15:08:38Z,46.18553333,13.32913333,782.00,27.398
12117,4,6511,10419.195371842967,7268.532922297207,2019-07-22T15:08:39Z,46.18543333,13.32928333,785.00,27.383
12118,4,6512,10420.195371842967,7269.532922297207,2019-07-22T15:08:40Z,46.18531667,13.32936667,787.00,27.368
12119,4,6513,10421.195371842967,7270.532922297207,2019-07-22T15:08:41Z,46.18518333,13.32941667,790.00,27.353
12120,4,6514,10422.195371842967,7271.532922297207,2019-07-22T15:08:42Z,46.18506667,13.32940000,792.00,27.342
12121,4,6515,10423.195371842967,7272.532922297207,2019-07-22T15:08:43Z,46.18498333,13.32933333,793.00,27.336
12122,4,6516,10424.195371842967,7273.532922297207,2019-07-22T15:08:44Z,46.18490000,13.32921667,795.00,27.331
12123,4,6517,10425.195371842967,7274.532922297207,2019-07-22T15:08:45Z,46.18488333,13.32908333,796.00,27.333
12124,4,6518,10426.195371842967,7275.532922297207,2019-07-22T15:08:46Z,46.18486667,13.32895000,797.00,27.336
12125,4,6519,10427.195371842967,7276.532922297207,2019-07-22T15:08:47Z,46.18490000,13.32880000,798.00,27.344
12126,4,6520,10428.195371842967,7277.532922297207,2019-07-22T15:08:48Z,46.18496667,13.32866667,798.00,27.355
12127,4,6521,10429.195371842967,7278.532922297207,2019-07-22T15:08:49Z,46.18505000,13.32860000,800.00,27.366
12128,4,6522,10430.195371842967,7279.532922297207,2019-07-22T15:08:50Z,46.18515000,13.32861667,802.00,27.376
12129,4,6523,10431.195371842967,7280.532922297207,2019-07-22T15:08:51Z,46.18526667,13.32860000,803.00,27.388
12130,4,6524,10432.195371842967,7281.532922297207,2019-07-22T15:08:52Z,46.18540000,13.32865000,804.00,27.4
12131,4,6525,10433.195371842967,7282.532922297207,2019-07-22T15:08:53Z,46.18550000,13.32873333,806.00,27.407
12132,4,6526,10434.195371842967,7283.532922297207,2019-07-22T15:08:54Z,46.18558333,13.32881667,808.00,27.413
12133,4,6527,10435.195371842967,7284.532922297207,2019-07-22T15:08:55Z,46.18566667,13.32895000,810.00,27.417
12134,4,6528,10436.195371842967,7285.532922297207,2019-07-22T15:08:56Z,46.18570000,13.32911667,811.00,27.415
12135,4,6529,10437.195371842967,7286.532922297207,2019-07-22T15:08:57Z,46.18570000,13.32931667,812.00,27.409
12136,4,6530,10438.195371842967,7287.532922297207,2019-07-22T15:08:58Z,46.18563333,13.32951667,813.00,27.396
12137,4,6531,10439.195371842967,7288.532922297207,2019-07-22T15:08:59Z,46.18555000,13.32973333,815.00,27.381
12138,4,6532,10440.195371842967,7289.532922297207,2019-07-22T15:09:00Z,46.18546667,13.32988333,817.00,27.368
12139,4,6533,10441.195371842967,7290.532922297207,2019-07-22T15:09:01Z,46.18535000,13.33000000,820.00,27.352
12140,4,6534,10442.195371842967,7291.532922297207,2019-07-22T15:09:02Z,46.18523333,13.33008333,823.00,27.338
12141,4,6535,10443.195371842967,7292.532922297207,2019-07-22T15:09:03Z,46.18513333,13.33011667,824.00,27.326
12142,4,6536,10444.195371842967,7293.532922297207,2019-07-22T15:09:04Z,46.18501667,13.33015000,826.00,27.314
12143,4,6537,10445.195371842967,7294.532922297207,2019-07-22T15:09:05Z,46.18490000,13.33015000,826.00,27.302
12144,4,6538,10446.195371842967,7295.532922297207,2019-07-22T15:09:06Z,46.18480000,13.33003333,826.00,27.295
12145,4,6539,10447.195371842967,7296.532922297207,2019-07-22T15:09:07Z,46.18475000,13.32990000,826.00,27.294
12146,4,6540,10448.195371842967,7297.532922297207,2019-07-22T15:09:08Z,46.18471667,13.32975000,827.00,27.295
12147,4,6541,10449.195371842967,7298.532922297207,2019-07-22T15:09:09Z,46.18473333,13.32961667,827.00,27.301
12148,4,6542,10450.195371842967,7299.532922297207,2019-07-22T15:09:10Z,46.18478333,13.32948333,828.00,27.311
12149,4,6543,10451.195371842967,7300.532922297207,2019-07-22T15:09:11Z,46.18488333,13.32935000,829.00,27.325
12150,4,6544,10452.195371842967,7301.532922297207,2019-07-22T15:09:12Z,46.18496667,13.32930000,832.00,27.335
12151,4,6545,10453.195371842967,7302.532922297207,2019-07-22T15:09:13Z,46.18508333,13.32931667,835.00,27.346
12152,4,6546,10454.195371842967,7303.532922297207,2019-07-22T15:09:14Z,46.18521667,13.32938333,838.00,27.358
12153,4,6547,10455.195371842967,7304.532922297207,2019-07-22T15:09:15Z,46.18531667,13.32951667,841.00,27.364
12154,4,6548,10456.195371842967,7305.532922297207,2019-07-22T15:09:16Z,46.18540000,13.32965000,843.00,27.368
12155,4,6549,10457.195371842967,7306.532922297207,2019-07-22T15:09:17Z,46.18548333,13.32981667,845.00,27.371
12156,4,6550,10458.195371842967,7307.532922297207,2019-07-22T15:09:18Z,46.18553333,13.33001667,846.00,27.37
12157,4,6551,10459.195371842967,7308.532922297207,2019-07-22T15:09:19Z,46.18555000,13.33023333,846.00,27.366
12158,4,6552,10460.195371842967,7309.532922297207,2019-07-22T15:09:20Z,46.18548333,13.33045000,845.00,27.352
12159,4,6553,10461.195371842967,7310.532922297207,2019-07-22T15:09:21Z,46.18538333,13.33066667,845.00,27.336
12160,4,6554,10462.195371842967,7311.532922297207,2019-07-22T15:09:22Z,46.18525000,13.33080000,846.00,27.318
12161,4,6555,10463.195371842967,7312.532922297207,2019-07-22T15:09:23Z,46.18510000,13.33088333,849.00,27.3
12162,4,6556,10464.195371842967,7313.532922297207,2019-07-22T15:09:24Z,46.18498333,13.33088333,852.00,27.288
12163,4,6557,10465.195371842967,7314.532922297207,2019-07-22T15:09:25Z,46.18486667,13.33083333,853.00,27.278
12164,4,6558,10466.195371842967,7315.532922297207,2019-07-22T15:09:26Z,46.18480000,13.33071667,855.00,27.274
12165,4,6559,10467.195371842967,7316.532922297207,2019-07-22T15:09:27Z,46.18476667,13.33060000,857.00,27.274
12166,4,6560,10468.195371842967,7317.532922297207,2019-07-22T15:09:28Z,46.18473333,13.33051667,861.00,27.273
12167,4,6561,10469.195371842967,7318.532922297207,2019-07-22T15:09:29Z,46.18473333,13.33035000,862.00,27.279
12168,4,6562,10470.195371842967,7319.532922297207,2019-07-22T15:09:30Z,46.18475000,13.33021667,864.00,27.284
12169,4,6563,10471.195371842967,7320.532922297207,2019-07-22T15:09:31Z,46.18481667,13.33010000,866.00,27.295
12170,4,6564,10472.195371842967,7321.532922297207,2019-07-22T15:09:32Z,46.18490000,13.33005000,867.00,27.305
12171,4,6565,10473.195371842967,7322.532922297207,2019-07-22T15:09:33Z,46.18503333,13.33001667,869.00,27.319
12172,4,6566,10474.195371842967,7323.532922297207,2019-07-22T15:09:34Z,46.18516667,13.33006667,871.00,27.331
12173,4,6567,10475.195371842967,7324.532922297207,2019-07-22T15:09:35Z,46.18526667,13.33015000,873.00,27.339
12174,4,6568,10476.195371842967,7325.532922297207,2019-07-22T15:09:36Z,46.18535000,13.33033333,876.00,27.342
12175,4,6569,10477.195371842967,7326.532922297207,2019-07-22T15:09:37Z,46.18541667,13.33053333,878.00,27.343
12176,4,6570,10478.195371842967,7327.532922297207,2019-07-22T15:09:38Z,46.18545000,13.33071667,881.00,27.341
12177,4,6571,10479.195371842967,7328.532922297207,2019-07-22T15:09:39Z,46.18541667,13.33091667,883.00,27.332
12178,4,6572,10480.195371842967,7329.532922297207,2019-07-22T15:09:40Z,46.18536667,13.33110000,885.00,27.322
12179,4,6573,10481.195371842967,7330.532922297207,2019-07-22T15:09:41Z,46.18525000,13.33126667,887.00,27.305
12180,4,6574,10482.195371842967,7331.532922297207,2019-07-22T15:09:42Z,46.18510000,13.33138333,889.00,27.286
12181,4,6575,10483.195371842967,7332.532922297207,2019-07-22T15:09:43Z,46.18495000,13.33145000,891.00,27.268
12182,4,6576,10484.195371842967,7333.532922297207,2019-07-22T15:09:44Z,46.18481667,13.33145000,893.00,27.255
12183,4,6577,10485.195371842967,7334.532922297207,2019-07-22T15:09:45Z,46.18470000,13.33138333,896.00,27.245
12184,4,6578,10486.195371842967,7335.532922297207,2019-07-22T15:09:46Z,46.18460000,13.33128333,898.00,27.237
12185,4,6579,10487.195371842967,7336.532922297207,2019-07-22T15:09:47Z,46.18453333,13.33116667,900.00,27.234
12186,4,6580,10488.195371842967,7337.532922297207,2019-07-22T15:09:48Z,46.18451667,13.33101667,902.00,27.236
12187,4,6581,10489.195371842967,7338.532922297207,2019-07-22T15:09:49Z,46.18450000,13.33091667,903.00,27.238
12188,4,6582,10490.195371842967,7339.532922297207,2019-07-22T15:09:50Z,46.18451667,13.33080000,905.00,27.243
12189,4,6583,10491.195371842967,7340.532922297207,2019-07-22T15:09:51Z,46.18456667,13.33065000,906.00,27.252
12190,4,6584,10492.195371842967,7341.532922297207,2019-07-22T15:09:52Z,46.18466667,13.33056667,906.00,27.265
12191,4,6585,10493.195371842967,7342.532922297207,2019-07-22T15:09:53Z,46.18478333,13.33051667,908.00,27.279
12192,4,6586,10494.195371842967,7343.532922297207,2019-07-22T15:09:54Z,46.18493333,13.33055000,910.00,27.293
12193,4,6587,10495.195371842967,7344.532922297207,2019-07-22T15:09:55Z,46.18503333,13.33066667,913.00,27.3
12194,4,6588,10496.195371842967,7345.532922297207,2019-07-22T15:09:56Z,46.18511667,13.33080000,917.00,27.304
12195,4,6589,10497.195371842967,7346.532922297207,2019-07-22T15:09:57Z,46.18515000,13.33101667,921.00,27.302
12196,4,6590,10498.195371842967,7347.532922297207,2019-07-22T15:09:58Z,46.18515000,13.33126667,924.00,27.294
12197,4,6591,10499.195371842967,7348.532922297207,2019-07-22T15:09:59Z,46.18513333,13.33143333,927.00,27.288
12198,4,6592,10500.195371842967,7349.532922297207,2019-07-22T15:10:00Z,46.18506667,13.33161667,929.00,27.276
12199,4,6593,10501.195371842967,7350.532922297207,2019-07-22T15:10:01Z,46.18493333,13.33178333,931.00,27.257
12200,4,6594,10502.195371842967,7351.532922297207,2019-07-22T15:10:02Z,46.18478333,13.33186667,933.00,27.24
12201,4,6595,10503.195371842967,7352.532922297207,2019-07-22T15:10:03Z,46.18465000,13.33190000,936.00,27.225
12202,4,6596,10504.195371842967,7353.532922297207,2019-07-22T15:10:04Z,46.18451667,13.33186667,938.00,27.212
12203,4,6597,10505.195371842967,7354.532922297207,2019-07-22T15:10:05Z,46.18445000,13.33173333,940.00,27.209
12204,4,6598,10506.195371842967,7355.532922297207,2019-07-22T15:10:06Z,46.18438333,13.33161667,941.00,27.205
12205,4,6599,10507.195371842967,7356.532922297207,2019-07-22T15:10:07Z,46.18435000,13.33151667,942.00,27.205
12206,4,6600,10508.195371842967,7357.532922297207,2019-07-22T15:10:08Z,46.18433333,13.33141667,943.00,27.206
12207,4,6601,10509.195371842967,7358.532922297207,2019-07-22T15:10:09Z,46.18436667,13.33131667,944.00,27.212
12208,4,6602,10510.195371842967,7359.532922297207,2019-07-22T15:10:10Z,46.18441667,13.33120000,945.00,27.221
12209,4,6603,10511.195371842967,7360.532922297207,2019-07-22T15:10:11Z,46.18451667,13.33118333,947.00,27.231
12210,4,6604,10512.195371842967,7361.532922297207,2019-07-22T15:10:12Z,46.18461667,13.33120000,949.00,27.241
12211,4,6605,10513.195371842967,7362.532922297207,2019-07-22T15:10:13Z,46.18475000,13.33125000,952.00,27.254
12212,4,6606,10514.195371842967,7363.532922297207,2019-07-22T15:10:14Z,46.18486667,13.33130000,955.00,27.264
12213,4,6607,10515.195371842967,7364.532922297207,2019-07-22T15:10:15Z,46.18498333,13.33140000,957.00,27.273
12214,4,6608,10516.195371842967,7365.532922297207,2019-07-22T15:10:16Z,46.18506667,13.33155000,959.00,27.278
12215,4,6609,10517.195371842967,7366.532922297207,2019-07-22T15:10:17Z,46.18515000,13.33171667,962.00,27.282
12216,4,6610,10518.195371842967,7367.532922297207,2019-07-22T15:10:18Z,46.18520000,13.33195000,963.00,27.281
12217,4,6611,10519.195371842967,7368.532922297207,2019-07-22T15:10:19Z,46.18520000,13.33216667,965.00,27.275
12218,4,6612,10520.195371842967,7369.532922297207,2019-07-22T15:10:20Z,46.18515000,13.33236667,968.00,27.264
12219,4,6613,10521.195371842967,7370.532922297207,2019-07-22T15:10:21Z,46.18501667,13.33256667,972.00,27.245
12220,4,6614,10522.195371842967,7371.532922297207,2019-07-22T15:10:22Z,46.18490000,13.33270000,975.00,27.229
12221,4,6615,10523.195371842967,7372.532922297207,2019-07-22T15:10:23Z,46.18475000,13.33280000,978.00,27.211
12222,4,6616,10524.195371842967,7373.532922297207,2019-07-22T15:10:24Z,46.18460000,13.33281667,980.00,27.195
12223,4,6617,10525.195371842967,7374.532922297207,2019-07-22T15:10:25Z,46.18448333,13.33280000,981.00,27.183
12224,4,6618,10526.195371842967,7375.532922297207,2019-07-22T15:10:26Z,46.18438333,13.33273333,982.00,27.174
12225,4,6619,10527.195371842967,7376.532922297207,2019-07-22T15:10:27Z,46.18430000,13.33261667,983.00,27.169
12226,4,6620,10528.195371842967,7377.532922297207,2019-07-22T15:10:28Z,46.18428333,13.33248333,984.00,27.171
12227,4,6621,10529.195371842967,7378.532922297207,2019-07-22T15:10:29Z,46.18425000,13.33233333,985.00,27.171
12228,4,6622,10530.195371842967,7379.532922297207,2019-07-22T15:10:30Z,46.18428333,13.33218333,987.00,27.179
12229,4,6623,10531.195371842967,7380.532922297207,2019-07-22T15:10:31Z,46.18435000,13.33205000,987.00,27.19
12230,4,6624,10532.195371842967,7381.532922297207,2019-07-22T15:10:32Z,46.18446667,13.33198333,989.00,27.203
12231,4,6625,10533.195371842967,7382.532922297207,2019-07-22T15:10:33Z,46.18456667,13.33200000,991.00,27.213
12232,4,6626,10534.195371842967,7383.532922297207,2019-07-22T15:10:34Z,46.18468333,13.33203333,994.00,27.225
12233,4,6627,10535.195371842967,7384.532922297207,2019-07-22T15:10:35Z,46.18480000,13.33210000,997.00,27.235
12234,4,6628,10536.195371842967,7385.532922297207,2019-07-22T15:10:36Z,46.18488333,13.33223333,1001.00,27.24
12235,4,6629,10537.195371842967,7386.532922297207,2019-07-22T15:10:37Z,46.18496667,13.33240000,1002.00,27.244
12236,4,6630,10538.195371842967,7387.532922297207,2019-07-22T15:10:38Z,46.18498333,13.33260000,1004.00,27.241
12237,4,6631,10539.195371842967,7388.532922297207,2019-07-22T15:10:39Z,46.18496667,13.33278333,1005.00,27.234
12238,4,6632,10540.195371842967,7389.532922297207,2019-07-22T15:10:40Z,46.18490000,13.33295000,1007.00,27.223
12239,4,6633,10541.195371842967,7390.532922297207,2019-07-22T15:10:41Z,46.18481667,13.33308333,1008.00,27.211
12240,4,6634,10542.195371842967,7391.532922297207,2019-07-22T15:10:42Z,46.18468333,13.33316667,1010.00,27.194
12241,4,6635,10543.195371842967,7392.532922297207,2019-07-22T15:10:43Z,46.18453333,13.33318333,1014.00,27.178
12242,4,6636,10544.195371842967,7393.532922297207,2019-07-22T15:10:44Z,46.18441667,13.33313333,1018.00,27.167
12243,4,6637,10545.195371842967,7394.532922297207,2019-07-22T15:10:45Z,46.18433333,13.33308333,1021.00,27.16
12244,4,6638,10546.195371842967,7395.532922297207,2019-07-22T15:10:46Z,46.18425000,13.33300000,1023.00,27.153
12245,4,6639,10547.195371842967,7396.532922297207,2019-07-22T15:10:47Z,46.18416667,13.33291667,1025.00,27.147
12246,4,6640,10548.195371842967,7397.532922297207,2019-07-22T15:10:48Z,46.18413333,13.33278333,1027.00,27.147
12247,4,6641,10549.195371842967,7398.532922297207,2019-07-22T15:10:49Z,46.18410000,13.33263333,1027.00,27.148
12248,4,6642,10550.195371842967,7399.532922297207,2019-07-22T15:10:50Z,46.18410000,13.33250000,1027.00,27.151
12249,4,6643,10551.195371842967,7400.532922297207,2019-07-22T15:10:51Z,46.18413333,13.33235000,1028.00,27.159
12250,4,6644,10552.195371842967,7401.532922297207,2019-07-22T15:10:52Z,46.18418333,13.33223333,1028.00,27.167
12251,4,6645,10553.195371842967,7402.532922297207,2019-07-22T15:10:53Z,46.18425000,13.33211667,1030.00,27.177
12252,4,6646,10554.195371842967,7403.532922297207,2019-07-22T15:10:54Z,46.18433333,13.33201667,1032.00,27.189
12253,4,6647,10555.195371842967,7404.532922297207,2019-07-22T15:10:55Z,46.18441667,13.33195000,1034.00,27.199
12254,4,6648,10556.195371842967,7405.532922297207,2019-07-22T15:10:56Z,46.18451667,13.33188333,1035.00,27.211
12255,4,6649,10557.195371842967,7406.532922297207,2019-07-22T15:10:57Z,46.18461667,13.33185000,1036.00,27.223
12256,4,6650,10558.195371842967,7407.532922297207,2019-07-22T15:10:58Z,46.18471667,13.33183333,1038.00,27.234
12257,4,6651,10559.195371842967,7408.532922297207,2019-07-22T15:10:59Z,46.18483333,13.33188333,1039.00,27.244
12258,4,6652,10560.195371842967,7409.532922297207,2019-07-22T15:11:00Z,46.18495000,13.33198333,1041.00,27.254
12259,4,6653,10561.195371842967,7410.532922297207,2019-07-22T15:11:01Z,46.18505000,13.33216667,1043.00,27.259
12260,4,6654,10562.195371842967,7411.532922297207,2019-07-22T15:11:02Z,46.18513333,13.33235000,1044.00,27.263
12261,4,6655,10563.195371842967,7412.532922297207,2019-07-22T15:11:03Z,46.18518333,13.33255000,1045.00,27.263
12262,4,6656,10564.195371842967,7413.532922297207,2019-07-22T15:11:04Z,46.18518333,13.33278333,1046.00,27.257
12263,4,6657,10565.195371842967,7414.532922297207,2019-07-22T15:11:05Z,46.18515000,13.33301667,1048.00,27.246
12264,4,6658,10566.195371842967,7415.532922297207,2019-07-22T15:11:06Z,46.18508333,13.33321667,1048.00,27.232
12265,4,6659,10567.195371842967,7416.532922297207,2019-07-22T15:11:07Z,46.18496667,13.33343333,1050.00,27.212
12266,4,6660,10568.195371842967,7417.532922297207,2019-07-22T15:11:08Z,46.18483333,13.33361667,1053.00,27.192
12267,4,6661,10569.195371842967,7418.532922297207,2019-07-22T15:11:09Z,46.18470000,13.33375000,1055.00,27.174
12268,4,6662,10570.195371842967,7419.532922297207,2019-07-22T15:11:10Z,46.18453333,13.33385000,1057.00,27.154
12269,4,6663,10571.195371842967,7420.532922297207,2019-07-22T15:11:11Z,46.18438333,13.33388333,1060.00,27.138
12270,4,6664,10572.195371842967,7421.532922297207,2019-07-22T15:11:12Z,46.18425000,13.33388333,1063.00,27.126
12271,4,6665,10573.195371842967,7422.532922297207,2019-07-22T15:11:13Z,46.18413333,13.33385000,1065.00,27.116
12272,4,6666,10574.195371842967,7423.532922297207,2019-07-22T15:11:14Z,46.18403333,13.33371667,1067.00,27.112
12273,4,6667,10575.195371842967,7424.532922297207,2019-07-22T15:11:15Z,46.18400000,13.33361667,1067.00,27.111
12274,4,6668,10576.195371842967,7425.532922297207,2019-07-22T15:11:16Z,46.18396667,13.33343333,1068.00,27.112
12275,4,6669,10577.195371842967,7426.532922297207,2019-07-22T15:11:17Z,46.18396667,13.33328333,1069.00,27.116
12276,4,6670,10578.195371842967,7427.532922297207,2019-07-22T15:11:18Z,46.18400000,13.33315000,1070.00,27.123
12277,4,6671,10579.195371842967,7428.532922297207,2019-07-22T15:11:19Z,46.18408333,13.33306667,1072.00,27.134
12278,4,6672,10580.195371842967,7429.532922297207,2019-07-22T15:11:20Z,46.18418333,13.33308333,1074.00,27.144
12279,4,6673,10581.195371842967,7430.532922297207,2019-07-22T15:11:21Z,46.18430000,13.33311667,1077.00,27.156
12280,4,6674,10582.195371842967,7431.532922297207,2019-07-22T15:11:22Z,46.18440000,13.33316667,1080.00,27.165
12281,4,6675,10583.195371842967,7432.532922297207,2019-07-22T15:11:23Z,46.18450000,13.33326667,1081.00,27.173
12282,4,6676,10584.195371842967,7433.532922297207,2019-07-22T15:11:24Z,46.18458333,13.33341667,1082.00,27.176
12283,4,6677,10585.195371842967,7434.532922297207,2019-07-22T15:11:25Z,46.18463333,13.33361667,1085.00,27.173
12284,4,6678,10586.195371842967,7435.532922297207,2019-07-22T15:11:26Z,46.18463333,13.33383333,1087.00,27.164
12285,4,6679,10587.195371842967,7436.532922297207,2019-07-22T15:11:27Z,46.18460000,13.33405000,1090.00,27.152
12286,4,6680,10588.195371842967,7437.532922297207,2019-07-22T15:11:28Z,46.18453333,13.33426667,1093.00,27.137
12287,4,6681,10589.195371842967,7438.532922297207,2019-07-22T15:11:29Z,46.18440000,13.33443333,1095.00,27.118
12288,4,6682,10590.195371842967,7439.532922297207,2019-07-22T15:11:30Z,46.18428333,13.33456667,1098.00,27.102
12289,4,6683,10591.195371842967,7440.532922297207,2019-07-22T15:11:31Z,46.18415000,13.33465000,1100.00,27.086
12290,4,6684,10592.195371842967,7441.532922297207,2019-07-22T15:11:32Z,46.18403333,13.33465000,1102.00,27.075
12291,4,6685,10593.195371842967,7442.532922297207,2019-07-22T15:11:33Z,46.18391667,13.33460000,1104.00,27.065
12292,4,6686,10594.195371842967,7443.532922297207,2019-07-22T15:11:34Z,46.18383333,13.33448333,1105.00,27.062
12293,4,6687,10595.195371842967,7444.532922297207,2019-07-22T15:11:35Z,46.18380000,13.33431667,1106.00,27.066
12294,4,6688,10596.195371842967,7445.532922297207,2019-07-22T15:11:36Z,46.18378333,13.33416667,1107.00,27.07
12295,4,6689,10597.195371842967,7446.532922297207,2019-07-22T15:11:37Z,46.18378333,13.33403333,1109.00,27.076
12296,4,6690,10598.195371842967,7447.532922297207,2019-07-22T15:11:38Z,46.18381667,13.33388333,1109.00,27.085
12297,4,6691,10599.195371842967,7448.532922297207,2019-07-22T15:11:39Z,46.18388333,13.33376667,1111.00,27.095
12298,4,6692,10600.195371842967,7449.532922297207,2019-07-22T15:11:40Z,46.18398333,13.33371667,1112.00,27.107
12299,4,6693,10601.195371842967,7450.532922297207,2019-07-22T15:11:41Z,46.18406667,13.33371667,1113.00,27.115
12300,4,6694,10602.195371842967,7451.532922297207,2019-07-22T15:11:42Z,46.18418333,13.33375000,1116.00,27.125
12301,4,6695,10603.195371842967,7452.532922297207,2019-07-22T15:11:43Z,46.18426667,13.33378333,1118.00,27.131
12302,4,6696,10604.195371842967,7453.532922297207,2019-07-22T15:11:44Z,46.18435000,13.33386667,1120.00,27.136
12303,4,6697,10605.195371842967,7454.532922297207,2019-07-22T15:11:45Z,46.18440000,13.33400000,1122.00,27.135
12304,4,6698,10606.195371842967,7455.532922297207,2019-07-22T15:11:46Z,46.18441667,13.33418333,1124.00,27.13
12305,4,6699,10607.195371842967,7456.532922297207,2019-07-22T15:11:47Z,46.18441667,13.33438333,1126.00,27.122
12306,4,6700,10608.195371842967,7457.532922297207,2019-07-22T15:11:48Z,46.18438333,13.33458333,1129.00,27.111
12307,4,6701,10609.195371842967,7458.532922297207,2019-07-22T15:11:49Z,46.18433333,13.33475000,1131.00,27.099
12308,4,6702,10610.195371842967,7459.532922297207,2019-07-22T15:11:50Z,46.18425000,13.33490000,1134.00,27.085
12309,4,6703,10611.195371842967,7460.532922297207,2019-07-22T15:11:51Z,46.18410000,13.33500000,1136.00,27.067
12310,4,6704,10612.195371842967,7461.532922297207,2019-07-22T15:11:52Z,46.18398333,13.33503333,1139.00,27.055
12311,4,6705,10613.195371842967,7462.532922297207,2019-07-22T15:11:53Z,46.18383333,13.33498333,1140.00,27.042
12312,4,6706,10614.195371842967,7463.532922297207,2019-07-22T15:11:54Z,46.18373333,13.33490000,1140.00,27.036
12313,4,6707,10615.195371842967,7464.532922297207,2019-07-22T15:11:55Z,46.18365000,13.33481667,1141.00,27.031
12314,4,6708,10616.195371842967,7465.532922297207,2019-07-22T15:11:56Z,46.18363333,13.33466667,1142.00,27.036
12315,4,6709,10617.195371842967,7466.532922297207,2019-07-22T15:11:57Z,46.18365000,13.33451667,1142.00,27.043
12316,4,6710,10618.195371842967,7467.532922297207,2019-07-22T15:11:58Z,46.18368333,13.33438333,1142.00,27.052
12317,4,6711,10619.195371842967,7468.532922297207,2019-07-22T15:11:59Z,46.18375000,13.33430000,1142.00,27.062
12318,4,6712,10620.195371842967,7469.532922297207,2019-07-22T15:12:00Z,46.18383333,13.33426667,1142.00,27.071
12319,4,6713,10621.195371842967,7470.532922297207,2019-07-22T15:12:01Z,46.18393333,13.33426667,1144.00,27.08
12320,4,6714,10622.195371842967,7471.532922297207,2019-07-22T15:12:02Z,46.18403333,13.33430000,1147.00,27.088
12321,4,6715,10623.195371842967,7472.532922297207,2019-07-22T15:12:03Z,46.18413333,13.33433333,1149.00,27.097
12322,4,6716,10624.195371842967,7473.532922297207,2019-07-22T15:12:04Z,46.18423333,13.33440000,1152.00,27.103
12323,4,6717,10625.195371842967,7474.532922297207,2019-07-22T15:12:05Z,46.18433333,13.33450000,1153.00,27.109
12324,4,6718,10626.195371842967,7475.532922297207,2019-07-22T15:12:06Z,46.18443333,13.33463333,1154.00,27.113
12325,4,6719,10627.195371842967,7476.532922297207,2019-07-22T15:12:07Z,46.18451667,13.33480000,1154.00,27.115
12326,4,6720,10628.195371842967,7477.532922297207,2019-07-22T15:12:08Z,46.18456667,13.33500000,1156.00,27.112
12327,4,6721,10629.195371842967,7478.532922297207,2019-07-22T15:12:09Z,46.18456667,13.33521667,1159.00,27.104
12328,4,6722,10630.195371842967,7479.532922297207,2019-07-22T15:12:10Z,46.18456667,13.33540000,1161.00,27.097
12329,4,6723,10631.195371842967,7480.532922297207,2019-07-22T15:12:11Z,46.18448333,13.33558333,1165.00,27.082
12330,4,6724,10632.195371842967,7481.532922297207,2019-07-22T15:12:12Z,46.18436667,13.33575000,1167.00,27.064
12331,4,6725,10633.195371842967,7482.532922297207,2019-07-22T15:12:13Z,46.18425000,13.33585000,1169.00,27.049
12332,4,6726,10634.195371842967,7483.532922297207,2019-07-22T15:12:14Z,46.18413333,13.33588333,1171.00,27.037
12333,4,6727,10635.195371842967,7484.532922297207,2019-07-22T15:12:15Z,46.18400000,13.33588333,1173.00,27.024
12334,4,6728,10636.195371842967,7485.532922297207,2019-07-22T15:12:16Z,46.18390000,13.33585000,1173.00,27.015
12335,4,6729,10637.195371842967,7486.532922297207,2019-07-22T15:12:17Z,46.18380000,13.33576667,1173.00,27.009
12336,4,6730,10638.195371842967,7487.532922297207,2019-07-22T15:12:18Z,46.18371667,13.33566667,1174.00,27.005
12337,4,6731,10639.195371842967,7488.532922297207,2019-07-22T15:12:19Z,46.18366667,13.33553333,1175.00,27.005
12338,4,6732,10640.195371842967,7489.532922297207,2019-07-22T15:12:20Z,46.18363333,13.33540000,1176.00,27.007
12339,4,6733,10641.195371842967,7490.532922297207,2019-07-22T15:12:21Z,46.18361667,13.33526667,1178.00,27.01
12340,4,6734,10642.195371842967,7491.532922297207,2019-07-22T15:12:22Z,46.18360000,13.33513333,1178.00,27.014
12341,4,6735,10643.195371842967,7492.532922297207,2019-07-22T15:12:23Z,46.18358333,13.33498333,1179.00,27.018
12342,4,6736,10644.195371842967,7493.532922297207,2019-07-22T15:12:24Z,46.18360000,13.33483333,1179.00,27.026
12343,4,6737,10645.195371842967,7494.532922297207,2019-07-22T15:12:25Z,46.18365000,13.33465000,1179.00,27.038
12344,4,6738,10646.195371842967,7495.532922297207,2019-07-22T15:12:26Z,46.18368333,13.33450000,1178.00,27.047
12345,4,6739,10647.195371842967,7496.532922297207,2019-07-22T15:12:27Z,46.18371667,13.33433333,1178.00,27.057
12346,4,6740,10648.195371842967,7497.532922297207,2019-07-22T15:12:28Z,46.18373333,13.33416667,1177.00,27.065
12347,4,6741,10649.195371842967,7498.532922297207,2019-07-22T15:12:29Z,46.18376667,13.33400000,1175.00,27.075
12348,4,6742,10650.195371842967,7499.532922297207,2019-07-22T15:12:30Z,46.18378333,13.33383333,1175.00,27.083
12349,4,6743,10651.195371842967,7500.532922297207,2019-07-22T15:12:31Z,46.18385000,13.33366667,1174.00,27.094
12350,4,6744,10652.195371842967,7501.532922297207,2019-07-22T15:12:32Z,46.18395000,13.33351667,1172.00,27.109
12351,4,6745,10653.195371842967,7502.532922297207,2019-07-22T15:12:33Z,46.18405000,13.33343333,1171.00,27.121
12352,4,6746,10654.195371842967,7503.532922297207,2019-07-22T15:12:34Z,46.18416667,13.33335000,1170.00,27.136
12353,4,6747,10655.195371842967,7504.532922297207,2019-07-22T15:12:35Z,46.18428333,13.33328333,1171.00,27.149
12354,4,6748,10656.195371842967,7505.532922297207,2019-07-22T15:12:36Z,46.18440000,13.33323333,1172.00,27.163
12355,4,6749,10657.195371842967,7506.532922297207,2019-07-22T15:12:37Z,46.18453333,13.33320000,1172.00,27.178
12356,4,6750,10658.195371842967,7507.532922297207,2019-07-22T15:12:38Z,46.18465000,13.33316667,1172.00,27.191
12357,4,6751,10659.195371842967,7508.532922297207,2019-07-22T15:12:39Z,46.18478333,13.33316667,1173.00,27.205
12358,4,6752,10660.195371842967,7509.532922297207,2019-07-22T15:12:40Z,46.18493333,13.33320000,1172.00,27.218
12359,4,6753,10661.195371842967,7510.532922297207,2019-07-22T15:12:41Z,46.18506667,13.33323333,1172.00,27.229
12360,4,6754,10662.195371842967,7511.532922297207,2019-07-22T15:12:42Z,46.18520000,13.33331667,1172.00,27.239
12361,4,6755,10663.195371842967,7512.532922297207,2019-07-22T15:12:43Z,46.18531667,13.33343333,1173.00,27.245
12362,4,6756,10664.195371842967,7513.532922297207,2019-07-22T15:12:44Z,46.18545000,13.33358333,1173.00,27.252
12363,4,6757,10665.195371842967,7514.532922297207,2019-07-22T15:12:45Z,46.18555000,13.33376667,1173.00,27.254
12364,4,6758,10666.195371842967,7515.532922297207,2019-07-22T15:12:46Z,46.18560000,13.33398333,1173.00,27.251
12365,4,6759,10667.195371842967,7516.532922297207,2019-07-22T15:12:47Z,46.18561667,13.33420000,1174.00,27.244
12366,4,6760,10668.195371842967,7517.532922297207,2019-07-22T15:12:48Z,46.18561667,13.33441667,1176.00,27.236
12367,4,6761,10669.195371842967,7518.532922297207,2019-07-22T15:12:49Z,46.18560000,13.33461667,1177.00,27.227
12368,4,6762,10670.195371842967,7519.532922297207,2019-07-22T15:12:50Z,46.18556667,13.33480000,1180.00,27.217
12369,4,6763,10671.195371842967,7520.532922297207,2019-07-22T15:12:51Z,46.18550000,13.33498333,1182.00,27.203
12370,4,6764,10672.195371842967,7521.532922297207,2019-07-22T15:12:52Z,46.18540000,13.33515000,1184.00,27.187
12371,4,6765,10673.195371842967,7522.532922297207,2019-07-22T15:12:53Z,46.18530000,13.33528333,1184.00,27.173
12372,4,6766,10674.195371842967,7523.532922297207,2019-07-22T15:12:54Z,46.18515000,13.33533333,1184.00,27.156
12373,4,6767,10675.195371842967,7524.532922297207,2019-07-22T15:12:55Z,46.18498333,13.33531667,1184.00,27.141
12374,4,6768,10676.195371842967,7525.532922297207,2019-07-22T15:12:56Z,46.18483333,13.33523333,1184.00,27.129
12375,4,6769,10677.195371842967,7526.532922297207,2019-07-22T15:12:57Z,46.18473333,13.33508333,1186.00,27.125
12376,4,6770,10678.195371842967,7527.532922297207,2019-07-22T15:12:58Z,46.18465000,13.33493333,1186.00,27.123
12377,4,6771,10679.195371842967,7528.532922297207,2019-07-22T15:12:59Z,46.18458333,13.33478333,1187.00,27.122
12378,4,6772,10680.195371842967,7529.532922297207,2019-07-22T15:13:00Z,46.18456667,13.33463333,1189.00,27.126
12379,4,6773,10681.195371842967,7530.532922297207,2019-07-22T15:13:01Z,46.18461667,13.33450000,1190.00,27.136
12380,4,6774,10682.195371842967,7531.532922297207,2019-07-22T15:13:02Z,46.18470000,13.33443333,1191.00,27.147
12381,4,6775,10683.195371842967,7532.532922297207,2019-07-22T15:13:03Z,46.18481667,13.33436667,1194.00,27.161
12382,4,6776,10684.195371842967,7533.532922297207,2019-07-22T15:13:04Z,46.18491667,13.33433333,1197.00,27.172
12383,4,6777,10685.195371842967,7534.532922297207,2019-07-22T15:13:05Z,46.18505000,13.33431667,1199.00,27.185
12384,4,6778,10686.195371842967,7535.532922297207,2019-07-22T15:13:06Z,46.18516667,13.33435000,1200.00,27.195
12385,4,6779,10687.195371842967,7536.532922297207,2019-07-22T15:13:07Z,46.18528333,13.33446667,1201.00,27.202
12386,4,6780,10688.195371842967,7537.532922297207,2019-07-22T15:13:08Z,46.18540000,13.33456667,1201.00,27.209
12387,4,6781,10689.195371842967,7538.532922297207,2019-07-22T15:13:09Z,46.18550000,13.33471667,1201.00,27.213
12388,4,6782,10690.195371842967,7539.532922297207,2019-07-22T15:13:10Z,46.18560000,13.33490000,1201.00,27.216
12389,4,6783,10691.195371842967,7540.532922297207,2019-07-22T15:13:11Z,46.18566667,13.33511667,1200.00,27.215
12390,4,6784,10692.195371842967,7541.532922297207,2019-07-22T15:13:12Z,46.18570000,13.33535000,1201.00,27.21
12391,4,6785,10693.195371842967,7542.532922297207,2019-07-22T15:13:13Z,46.18565000,13.33560000,1202.00,27.196
12392,4,6786,10694.195371842967,7543.532922297207,2019-07-22T15:13:14Z,46.18561667,13.33581667,1203.00,27.185
12393,4,6787,10695.195371842967,7544.532922297207,2019-07-22T15:13:15Z,46.18558333,13.33601667,1205.00,27.174
12394,4,6788,10696.195371842967,7545.532922297207,2019-07-22T15:13:16Z,46.18551667,13.33621667,1207.00,27.161
12395,4,6789,10697.195371842967,7546.532922297207,2019-07-22T15:13:17Z,46.18545000,13.33641667,1209.00,27.147
12396,4,6790,10698.195371842967,7547.532922297207,2019-07-22T15:13:18Z,46.18538333,13.33660000,1210.00,27.134
12397,4,6791,10699.195371842967,7548.532922297207,2019-07-22T15:13:19Z,46.18530000,13.33676667,1212.00,27.12
12398,4,6792,10700.195371842967,7549.532922297207,2019-07-22T15:13:20Z,46.18520000,13.33693333,1212.00,27.104
12399,4,6793,10701.195371842967,7550.532922297207,2019-07-22T15:13:21Z,46.18510000,13.33706667,1213.00,27.09
12400,4,6794,10702.195371842967,7551.532922297207,2019-07-22T15:13:22Z,46.18496667,13.33718333,1215.00,27.073
12401,4,6795,10703.195371842967,7552.532922297207,2019-07-22T15:13:23Z,46.18485000,13.33726667,1215.00,27.058
12402,4,6796,10704.195371842967,7553.532922297207,2019-07-22T15:13:24Z,46.18470000,13.33730000,1217.00,27.042
12403,4,6797,10705.195371842967,7554.532922297207,2019-07-22T15:13:25Z,46.18456667,13.33728333,1218.00,27.029
12404,4,6798,10706.195371842967,7555.532922297207,2019-07-22T15:13:26Z,46.18441667,13.33723333,1219.00,27.016
12405,4,6799,10707.195371842967,7556.532922297207,2019-07-22T15:13:27Z,46.18428333,13.33716667,1221.00,27.005
12406,4,6800,10708.195371842967,7557.532922297207,2019-07-22T15:13:28Z,46.18415000,13.33710000,1222.00,26.994
12407,4,6801,10709.195371842967,7558.532922297207,2019-07-22T15:13:29Z,46.18400000,13.33708333,1224.00,26.98
12408,4,6802,10710.195371842967,7559.532922297207,2019-07-22T15:13:30Z,46.18385000,13.33711667,1226.00,26.964
12409,4,6803,10711.195371842967,7560.532922297207,2019-07-22T15:13:31Z,46.18373333,13.33721667,1228.00,26.949
12410,4,6804,10712.195371842967,7561.532922297207,2019-07-22T15:13:32Z,46.18365000,13.33736667,1230.00,26.936
12411,4,6805,10713.195371842967,7562.532922297207,2019-07-22T15:13:33Z,46.18360000,13.33758333,1230.00,26.923
12412,4,6806,10714.195371842967,7563.532922297207,2019-07-22T15:13:34Z,46.18360000,13.33780000,1231.00,26.915
12413,4,6807,10715.195371842967,7564.532922297207,2019-07-22T15:13:35Z,46.18363333,13.33803333,1232.00,26.911
12414,4,6808,10716.195371842967,7565.532922297207,2019-07-22T15:13:36Z,46.18370000,13.33823333,1233.00,26.911
12415,4,6809,10717.195371842967,7566.532922297207,2019-07-22T15:13:37Z,46.18380000,13.33838333,1236.00,26.916
12416,4,6810,10718.195371842967,7567.532922297207,2019-07-22T15:13:38Z,46.18391667,13.33848333,1238.00,26.924
12417,4,6811,10719.195371842967,7568.532922297207,2019-07-22T15:13:39Z,46.18405000,13.33851667,1241.00,26.936
12418,4,6812,10720.195371842967,7569.532922297207,2019-07-22T15:13:40Z,46.18416667,13.33848333,1244.00,26.949
12419,4,6813,10721.195371842967,7570.532922297207,2019-07-22T15:13:41Z,46.18426667,13.33840000,1246.00,26.962
12420,4,6814,10722.195371842967,7571.532922297207,2019-07-22T15:13:42Z,46.18433333,13.33826667,1248.00,26.973
12421,4,6815,10723.195371842967,7572.532922297207,2019-07-22T15:13:43Z,46.18435000,13.33813333,1249.00,26.979
12422,4,6816,10724.195371842967,7573.532922297207,2019-07-22T15:13:44Z,46.18431667,13.33795000,1251.00,26.982
12423,4,6817,10725.195371842967,7574.532922297207,2019-07-22T15:13:45Z,46.18421667,13.33780000,1252.00,26.977
12424,4,6818,10726.195371842967,7575.532922297207,2019-07-22T15:13:46Z,46.18410000,13.33770000,1253.00,26.969
12425,4,6819,10727.195371842967,7576.532922297207,2019-07-22T15:13:47Z,46.18396667,13.33766667,1255.00,26.957
12426,4,6820,10728.195371842967,7577.532922297207,2019-07-22T15:13:48Z,46.18383333,13.33768333,1256.00,26.943
12427,4,6821,10729.195371842967,7578.532922297207,2019-07-22T15:13:49Z,46.18370000,13.33778333,1259.00,26.926
12428,4,6822,10730.195371842967,7579.532922297207,2019-07-22T15:13:50Z,46.18363333,13.33796667,1261.00,26.913
12429,4,6823,10731.195371842967,7580.532922297207,2019-07-22T15:13:51Z,46.18358333,13.33816667,1262.00,26.901
12430,4,6824,10732.195371842967,7581.532922297207,2019-07-22T15:13:52Z,46.18355000,13.33838333,1264.00,26.891
12431,4,6825,10733.195371842967,7582.532922297207,2019-07-22T15:13:53Z,46.18356667,13.33861667,1266.00,26.885
12432,4,6826,10734.195371842967,7583.532922297207,2019-07-22T15:13:54Z,46.18360000,13.33881667,1268.00,26.881
12433,4,6827,10735.195371842967,7584.532922297207,2019-07-22T15:13:55Z,46.18365000,13.33901667,1270.00,26.88
12434,4,6828,10736.195371842967,7585.532922297207,2019-07-22T15:13:56Z,46.18375000,13.33916667,1272.00,26.885
12435,4,6829,10737.195371842967,7586.532922297207,2019-07-22T15:13:57Z,46.18386667,13.33926667,1274.00,26.894
12436,4,6830,10738.195371842967,7587.532922297207,2019-07-22T15:13:58Z,46.18398333,13.33930000,1276.00,26.905
12437,4,6831,10739.195371842967,7588.532922297207,2019-07-22T15:13:59Z,46.18411667,13.33928333,1277.00,26.919
12438,4,6832,10740.195371842967,7589.532922297207,2019-07-22T15:14:00Z,46.18420000,13.33920000,1278.00,26.93
12439,4,6833,10741.195371842967,7590.532922297207,2019-07-22T15:14:01Z,46.18428333,13.33908333,1280.00,26.942
12440,4,6834,10742.195371842967,7591.532922297207,2019-07-22T15:14:02Z,46.18433333,13.33891667,1282.00,26.952
12441,4,6835,10743.195371842967,7592.532922297207,2019-07-22T15:14:03Z,46.18433333,13.33873333,1284.00,26.958
12442,4,6836,10744.195371842967,7593.532922297207,2019-07-22T15:14:04Z,46.18426667,13.33860000,1287.00,26.956
12443,4,6837,10745.195371842967,7594.532922297207,2019-07-22T15:14:05Z,46.18410000,13.33853333,1289.00,26.941
12444,4,6838,10746.195371842967,7595.532922297207,2019-07-22T15:14:06Z,46.18395000,13.33853333,1292.00,26.926
12445,4,6839,10747.195371842967,7596.532922297207,2019-07-22T15:14:07Z,46.18383333,13.33866667,1293.00,26.91
12446,4,6840,10748.195371842967,7597.532922297207,2019-07-22T15:14:08Z,46.18376667,13.33886667,1295.00,26.896
12447,4,6841,10749.195371842967,7598.532922297207,2019-07-22T15:14:09Z,46.18376667,13.33908333,1297.00,26.89
12448,4,6842,10750.195371842967,7599.532922297207,2019-07-22T15:14:10Z,46.18378333,13.33930000,1298.00,26.884
12449,4,6843,10751.195371842967,7600.532922297207,2019-07-22T15:14:11Z,46.18386667,13.33948333,1299.00,26.887
12450,4,6844,10752.195371842967,7601.532922297207,2019-07-22T15:14:12Z,46.18396667,13.33963333,1300.00,26.893
12451,4,6845,10753.195371842967,7602.532922297207,2019-07-22T15:14:13Z,46.18410000,13.33971667,1301.00,26.904
12452,4,6846,10754.195371842967,7603.532922297207,2019-07-22T15:14:14Z,46.18423333,13.33976667,1303.00,26.916
12453,4,6847,10755.195371842967,7604.532922297207,2019-07-22T15:14:15Z,46.18436667,13.33976667,1305.00,26.93
12454,4,6848,10756.195371842967,7605.532922297207,2019-07-22T15:14:16Z,46.18450000,13.33971667,1307.00,26.945
12455,4,6849,10757.195371842967,7606.532922297207,2019-07-22T15:14:17Z,46.18461667,13.33965000,1310.00,26.959
12456,4,6850,10758.195371842967,7607.532922297207,2019-07-22T15:14:18Z,46.18471667,13.33953333,1312.00,26.972
12457,4,6851,10759.195371842967,7608.532922297207,2019-07-22T15:14:19Z,46.18478333,13.33938333,1315.00,26.984
12458,4,6852,10760.195371842967,7609.532922297207,2019-07-22T15:14:20Z,46.18481667,13.33921667,1318.00,26.992
12459,4,6853,10761.195371842967,7610.532922297207,2019-07-22T15:14:21Z,46.18485000,13.33903333,1321.00,27.001
12460,4,6854,10762.195371842967,7611.532922297207,2019-07-22T15:14:22Z,46.18481667,13.33885000,1324.00,27.003
12461,4,6855,10763.195371842967,7612.532922297207,2019-07-22T15:14:23Z,46.18473333,13.33866667,1326.00,27.001
12462,4,6856,10764.195371842967,7613.532922297207,2019-07-22T15:14:24Z,46.18461667,13.33856667,1327.00,26.992
12463,4,6857,10765.195371842967,7614.532922297207,2019-07-22T15:14:25Z,46.18446667,13.33853333,1328.00,26.978
12464,4,6858,10766.195371842967,7615.532922297207,2019-07-22T15:14:26Z,46.18431667,13.33861667,1329.00,26.96
12465,4,6859,10767.195371842967,7616.532922297207,2019-07-22T15:14:27Z,46.18423333,13.33876667,1330.00,26.947
12466,4,6860,10768.195371842967,7617.532922297207,2019-07-22T15:14:28Z,46.18421667,13.33896667,1333.00,26.939
12467,4,6861,10769.195371842967,7618.532922297207,2019-07-22T15:14:29Z,46.18428333,13.33918333,1334.00,26.939
12468,4,6862,10770.195371842967,7619.532922297207,2019-07-22T15:14:30Z,46.18436667,13.33930000,1334.00,26.944
12469,4,6863,10771.195371842967,7620.532922297207,2019-07-22T15:14:31Z,46.18448333,13.33938333,1334.00,26.953
12470,4,6864,10772.195371842967,7621.532922297207,2019-07-22T15:14:32Z,46.18458333,13.33936667,1336.00,26.964
12471,4,6865,10773.195371842967,7622.532922297207,2019-07-22T15:14:33Z,46.18468333,13.33928333,1339.00,26.977
12472,4,6866,10774.195371842967,7623.532922297207,2019-07-22T15:14:34Z,46.18476667,13.33916667,1343.00,26.989
12473,4,6867,10775.195371842967,7624.532922297207,2019-07-22T15:14:35Z,46.18481667,13.33903333,1347.00,26.998
12474,4,6868,10776.195371842967,7625.532922297207,2019-07-22T15:14:36Z,46.18486667,13.33888333,1349.00,27.007
12475,4,6869,10777.195371842967,7626.532922297207,2019-07-22T15:14:37Z,46.18488333,13.33873333,1349.00,27.014
12476,4,6870,10778.195371842967,7627.532922297207,2019-07-22T15:14:38Z,46.18486667,13.33856667,1351.00,27.017
12477,4,6871,10779.195371842967,7628.532922297207,2019-07-22T15:14:39Z,46.18480000,13.33841667,1352.00,27.015
12478,4,6872,10780.195371842967,7629.532922297207,2019-07-22T15:14:40Z,46.18471667,13.33825000,1353.00,27.012
12479,4,6873,10781.195371842967,7630.532922297207,2019-07-22T15:14:41Z,46.18460000,13.33816667,1354.00,27.003
12480,4,6874,10782.195371842967,7631.532922297207,2019-07-22T15:14:42Z,46.18446667,13.33815000,1355.00,26.99
12481,4,6875,10783.195371842967,7632.532922297207,2019-07-22T15:14:43Z,46.18431667,13.33818333,1356.00,26.974
12482,4,6876,10784.195371842967,7633.532922297207,2019-07-22T15:14:44Z,46.18416667,13.33825000,1357.00,26.957
12483,4,6877,10785.195371842967,7634.532922297207,2019-07-22T15:14:45Z,46.18405000,13.33836667,1358.00,26.941
12484,4,6878,10786.195371842967,7635.532922297207,2019-07-22T15:14:46Z,46.18395000,13.33850000,1360.00,26.927
12485,4,6879,10787.195371842967,7636.532922297207,2019-07-22T15:14:47Z,46.18390000,13.33870000,1362.00,26.915
12486,4,6880,10788.195371842967,7637.532922297207,2019-07-22T15:14:48Z,46.18388333,13.33893333,1362.00,26.906
12487,4,6881,10789.195371842967,7638.532922297207,2019-07-22T15:14:49Z,46.18391667,13.33915000,1364.00,26.903
12488,4,6882,10790.195371842967,7639.532922297207,2019-07-22T15:14:50Z,46.18401667,13.33930000,1364.00,26.908
12489,4,6883,10791.195371842967,7640.532922297207,2019-07-22T15:14:51Z,46.18413333,13.33940000,1364.00,26.917
12490,4,6884,10792.195371842967,7641.532922297207,2019-07-22T15:14:52Z,46.18426667,13.33946667,1365.00,26.928
12491,4,6885,10793.195371842967,7642.532922297207,2019-07-22T15:14:53Z,46.18440000,13.33946667,1364.00,26.942
12492,4,6886,10794.195371842967,7643.532922297207,2019-07-22T15:14:54Z,46.18451667,13.33941667,1365.00,26.955
12493,4,6887,10795.195371842967,7644.532922297207,2019-07-22T15:14:55Z,46.18465000,13.33933333,1366.00,26.972
12494,4,6888,10796.195371842967,7645.532922297207,2019-07-22T15:14:56Z,46.18475000,13.33923333,1367.00,26.985
12495,4,6889,10797.195371842967,7646.532922297207,2019-07-22T15:14:57Z,46.18483333,13.33910000,1367.00,26.997
12496,4,6890,10798.195371842967,7647.532922297207,2019-07-22T15:14:58Z,46.18490000,13.33893333,1369.00,27.009
12497,4,6891,10799.195371842967,7648.532922297207,2019-07-22T15:14:59Z,46.18495000,13.33876667,1368.00,27.02
12498,4,6892,10800.195371842967,7649.532922297207,2019-07-22T15:15:00Z,46.18498333,13.33858333,1370.00,27.029
12499,4,6893,10801.195371842967,7650.532922297207,2019-07-22T15:15:01Z,46.18501667,13.33840000,1371.00,27.038
12500,4,6894,10802.195371842967,7651.532922297207,2019-07-22T15:15:02Z,46.18503333,13.33823333,1372.00,27.045
12501,4,6895,10803.195371842967,7652.532922297207,2019-07-22T15:15:03Z,46.18505000,13.33806667,1372.00,27.052
12502,4,6896,10804.195371842967,7653.532922297207,2019-07-22T15:15:04Z,46.18506667,13.33788333,1374.00,27.059
12503,4,6897,10805.195371842967,7654.532922297207,2019-07-22T15:15:05Z,46.18506667,13.33770000,1375.00,27.065
12504,4,6898,10806.195371842967,7655.532922297207,2019-07-22T15:15:06Z,46.18501667,13.33751667,1376.00,27.066
12505,4,6899,10807.195371842967,7656.532922297207,2019-07-22T15:15:07Z,46.18496667,13.33733333,1376.00,27.068
12506,4,6900,10808.195371842967,7657.532922297207,2019-07-22T15:15:08Z,46.18490000,13.33718333,1377.00,27.066
12507,4,6901,10809.195371842967,7658.532922297207,2019-07-22T15:15:09Z,46.18480000,13.33705000,1378.00,27.061
12508,4,6902,10810.195371842967,7659.532922297207,2019-07-22T15:15:10Z,46.18468333,13.33693333,1379.00,27.053
12509,4,6903,10811.195371842967,7660.532922297207,2019-07-22T15:15:11Z,46.18456667,13.33686667,1379.00,27.044
12510,4,6904,10812.195371842967,7661.532922297207,2019-07-22T15:15:12Z,46.18441667,13.33683333,1379.00,27.03
12511,4,6905,10813.195371842967,7662.532922297207,2019-07-22T15:15:13Z,46.18426667,13.33688333,1379.00,27.014
12512,4,6906,10814.195371842967,7663.532922297207,2019-07-22T15:15:14Z,46.18413333,13.33696667,1379.00,26.997
12513,4,6907,10815.195371842967,7664.532922297207,2019-07-22T15:15:15Z,46.18400000,13.33710000,1379.00,26.98
12514,4,6908,10816.195371842967,7665.532922297207,2019-07-22T15:15:16Z,46.18390000,13.33726667,1379.00,26.964
12515,4,6909,10817.195371842967,7666.532922297207,2019-07-22T15:15:17Z,46.18381667,13.33746667,1379.00,26.949
12516,4,6910,10818.195371842967,7667.532922297207,2019-07-22T15:15:18Z,46.18376667,13.33768333,1379.00,26.936
12517,4,6911,10819.195371842967,7668.532922297207,2019-07-22T15:15:19Z,46.18371667,13.33793333,1378.00,26.922
12518,4,6912,10820.195371842967,7669.532922297207,2019-07-22T15:15:20Z,46.18370000,13.33816667,1377.00,26.913
12519,4,6913,10821.195371842967,7670.532922297207,2019-07-22T15:15:21Z,46.18370000,13.33841667,1378.00,26.905
12520,4,6914,10822.195371842967,7671.532922297207,2019-07-22T15:15:22Z,46.18370000,13.33865000,1378.00,26.897
12521,4,6915,10823.195371842967,7672.532922297207,2019-07-22T15:15:23Z,46.18370000,13.33886667,1378.00,26.89
12522,4,6916,10824.195371842967,7673.532922297207,2019-07-22T15:15:24Z,46.18368333,13.33910000,1380.00,26.881
12523,4,6917,10825.195371842967,7674.532922297207,2019-07-22T15:15:25Z,46.18368333,13.33933333,1381.00,26.873
12524,4,6918,10826.195371842967,7675.532922297207,2019-07-22T15:15:26Z,46.18366667,13.33955000,1382.00,26.865
12525,4,6919,10827.195371842967,7676.532922297207,2019-07-22T15:15:27Z,46.18366667,13.33976667,1383.00,26.858
12526,4,6920,10828.195371842967,7677.532922297207,2019-07-22T15:15:28Z,46.18365000,13.33998333,1384.00,26.85
12527,4,6921,10829.195371842967,7678.532922297207,2019-07-22T15:15:29Z,46.18365000,13.34020000,1384.00,26.843
12528,4,6922,10830.195371842967,7679.532922297207,2019-07-22T15:15:30Z,46.18365000,13.34043333,1386.00,26.836
12529,4,6923,10831.195371842967,7680.532922297207,2019-07-22T15:15:31Z,46.18366667,13.34065000,1386.00,26.832
12530,4,6924,10832.195371842967,7681.532922297207,2019-07-22T15:15:32Z,46.18368333,13.34088333,1387.00,26.827
12531,4,6925,10833.195371842967,7682.532922297207,2019-07-22T15:15:33Z,46.18368333,13.34111667,1386.00,26.82
12532,4,6926,10834.195371842967,7683.532922297207,2019-07-22T15:15:34Z,46.18370000,13.34135000,1385.00,26.815
12533,4,6927,10835.195371842967,7684.532922297207,2019-07-22T15:15:35Z,46.18370000,13.34160000,1387.00,26.809
12534,4,6928,10836.195371842967,7685.532922297207,2019-07-22T15:15:36Z,46.18370000,13.34183333,1388.00,26.803
12535,4,6929,10837.195371842967,7686.532922297207,2019-07-22T15:15:37Z,46.18370000,13.34206667,1389.00,26.796
12536,4,6930,10838.195371842967,7687.532922297207,2019-07-22T15:15:38Z,46.18370000,13.34230000,1391.00,26.79
12537,4,6931,10839.195371842967,7688.532922297207,2019-07-22T15:15:39Z,46.18368333,13.34253333,1394.00,26.783
12538,4,6932,10840.195371842967,7689.532922297207,2019-07-22T15:15:40Z,46.18365000,13.34278333,1395.00,26.773
12539,4,6933,10841.195371842967,7690.532922297207,2019-07-22T15:15:41Z,46.18361667,13.34300000,1395.00,26.765
12540,4,6934,10842.195371842967,7691.532922297207,2019-07-22T15:15:42Z,46.18355000,13.34321667,1398.00,26.752
12541,4,6935,10843.195371842967,7692.532922297207,2019-07-22T15:15:43Z,46.18345000,13.34341667,1399.00,26.737
12542,4,6936,10844.195371842967,7693.532922297207,2019-07-22T15:15:44Z,46.18336667,13.34356667,1401.00,26.725
12543,4,6937,10845.195371842967,7694.532922297207,2019-07-22T15:15:45Z,46.18323333,13.34371667,1400.00,26.707
12544,4,6938,10846.195371842967,7695.532922297207,2019-07-22T15:15:46Z,46.18310000,13.34378333,1399.00,26.692
12545,4,6939,10847.195371842967,7696.532922297207,2019-07-22T15:15:47Z,46.18295000,13.34383333,1399.00,26.675
12546,4,6940,10848.195371842967,7697.532922297207,2019-07-22T15:15:48Z,46.18280000,13.34385000,1397.00,26.658
12547,4,6941,10849.195371842967,7698.532922297207,2019-07-22T15:15:49Z,46.18266667,13.34376667,1396.00,26.646
12548,4,6942,10850.195371842967,7699.532922297207,2019-07-22T15:15:50Z,46.18253333,13.34365000,1397.00,26.635
12549,4,6943,10851.195371842967,7700.532922297207,2019-07-22T15:15:51Z,46.18243333,13.34346667,1398.00,26.628
12550,4,6944,10852.195371842967,7701.532922297207,2019-07-22T15:15:52Z,46.18241667,13.34326667,1399.00,26.631
12551,4,6945,10853.195371842967,7702.532922297207,2019-07-22T15:15:53Z,46.18238333,13.34306667,1402.00,26.633
12552,4,6946,10854.195371842967,7703.532922297207,2019-07-22T15:15:54Z,46.18236667,13.34286667,1405.00,26.636
12553,4,6947,10855.195371842967,7704.532922297207,2019-07-22T15:15:55Z,46.18235000,13.34268333,1407.00,26.639
12554,4,6948,10856.195371842967,7705.532922297207,2019-07-22T15:15:56Z,46.18236667,13.34250000,1408.00,26.646
12555,4,6949,10857.195371842967,7706.532922297207,2019-07-22T15:15:57Z,46.18238333,13.34233333,1408.00,26.652
12556,4,6950,10858.195371842967,7707.532922297207,2019-07-22T15:15:58Z,46.18241667,13.34215000,1407.00,26.66
12557,4,6951,10859.195371842967,7708.532922297207,2019-07-22T15:15:59Z,46.18248333,13.34198333,1407.00,26.672
12558,4,6952,10860.195371842967,7709.532922297207,2019-07-22T15:16:00Z,46.18255000,13.34181667,1406.00,26.683
12559,4,6953,10861.195371842967,7710.532922297207,2019-07-22T15:16:01Z,46.18265000,13.34171667,1405.00,26.696
12560,4,6954,10862.195371842967,7711.532922297207,2019-07-22T15:16:02Z,46.18278333,13.34166667,1405.00,26.712
12561,4,6955,10863.195371842967,7712.532922297207,2019-07-22T15:16:03Z,46.18293333,13.34163333,1407.00,26.728
12562,4,6956,10864.195371842967,7713.532922297207,2019-07-22T15:16:04Z,46.18306667,13.34165000,1410.00,26.741
12563,4,6957,10865.195371842967,7714.532922297207,2019-07-22T15:16:05Z,46.18318333,13.34168333,1413.00,26.753
12564,4,6958,10866.195371842967,7715.532922297207,2019-07-22T15:16:06Z,46.18328333,13.34173333,1416.00,26.762
12565,4,6959,10867.195371842967,7716.532922297207,2019-07-22T15:16:07Z,46.18336667,13.34181667,1419.00,26.768
12566,4,6960,10868.195371842967,7717.532922297207,2019-07-22T15:16:08Z,46.18346667,13.34191667,1421.00,26.776
12567,4,6961,10869.195371842967,7718.532922297207,2019-07-22T15:16:09Z,46.18355000,13.34205000,1421.00,26.781
12568,4,6962,10870.195371842967,7719.532922297207,2019-07-22T15:16:10Z,46.18363333,13.34221667,1421.00,26.786
12569,4,6963,10871.195371842967,7720.532922297207,2019-07-22T15:16:11Z,46.18370000,13.34241667,1421.00,26.788
12570,4,6964,10872.195371842967,7721.532922297207,2019-07-22T15:16:12Z,46.18373333,13.34263333,1422.00,26.786
12571,4,6965,10873.195371842967,7722.532922297207,2019-07-22T15:16:13Z,46.18376667,13.34285000,1424.00,26.784
12572,4,6966,10874.195371842967,7723.532922297207,2019-07-22T15:16:14Z,46.18378333,13.34306667,1426.00,26.781
12573,4,6967,10875.195371842967,7724.532922297207,2019-07-22T15:16:15Z,46.18375000,13.34325000,1430.00,26.773
12574,4,6968,10876.195371842967,7725.532922297207,2019-07-22T15:16:16Z,46.18366667,13.34345000,1433.00,26.759
12575,4,6969,10877.195371842967,7726.532922297207,2019-07-22T15:16:17Z,46.18356667,13.34360000,1434.00,26.745
12576,4,6970,10878.195371842967,7727.532922297207,2019-07-22T15:16:18Z,46.18346667,13.34370000,1437.00,26.732
12577,4,6971,10879.195371842967,7728.532922297207,2019-07-22T15:16:19Z,46.18335000,13.34375000,1440.00,26.719
12578,4,6972,10880.195371842967,7729.532922297207,2019-07-22T15:16:20Z,46.18323333,13.34373333,1443.00,26.707
12579,4,6973,10881.195371842967,7730.532922297207,2019-07-22T15:16:21Z,46.18311667,13.34371667,1445.00,26.695
12580,4,6974,10882.195371842967,7731.532922297207,2019-07-22T15:16:22Z,46.18303333,13.34360000,1447.00,26.689
12581,4,6975,10883.195371842967,7732.532922297207,2019-07-22T15:16:23Z,46.18296667,13.34348333,1448.00,26.684
12582,4,6976,10884.195371842967,7733.532922297207,2019-07-22T15:16:24Z,46.18290000,13.34331667,1448.00,26.681
12583,4,6977,10885.195371842967,7734.532922297207,2019-07-22T15:16:25Z,46.18286667,13.34315000,1448.00,26.682
12584,4,6978,10886.195371842967,7735.532922297207,2019-07-22T15:16:26Z,46.18286667,13.34298333,1449.00,26.686
12585,4,6979,10887.195371842967,7736.532922297207,2019-07-22T15:16:27Z,46.18288333,13.34281667,1451.00,26.692
12586,4,6980,10888.195371842967,7737.532922297207,2019-07-22T15:16:28Z,46.18293333,13.34266667,1452.00,26.701
12587,4,6981,10889.195371842967,7738.532922297207,2019-07-22T15:16:29Z,46.18298333,13.34258333,1455.00,26.708
12588,4,6982,10890.195371842967,7739.532922297207,2019-07-22T15:16:30Z,46.18306667,13.34251667,1457.00,26.719
12589,4,6983,10891.195371842967,7740.532922297207,2019-07-22T15:16:31Z,46.18316667,13.34251667,1459.00,26.729
12590,4,6984,10892.195371842967,7741.532922297207,2019-07-22T15:16:32Z,46.18328333,13.34251667,1461.00,26.741
12591,4,6985,10893.195371842967,7742.532922297207,2019-07-22T15:16:33Z,46.18340000,13.34258333,1462.00,26.752
12592,4,6986,10894.195371842967,7743.532922297207,2019-07-22T15:16:34Z,46.18350000,13.34266667,1464.00,26.76
12593,4,6987,10895.195371842967,7744.532922297207,2019-07-22T15:16:35Z,46.18360000,13.34281667,1465.00,26.767
12594,4,6988,10896.195371842967,7745.532922297207,2019-07-22T15:16:36Z,46.18366667,13.34298333,1466.00,26.77
12595,4,6989,10897.195371842967,7746.532922297207,2019-07-22T15:16:37Z,46.18370000,13.34318333,1468.00,26.769
12596,4,6990,10898.195371842967,7747.532922297207,2019-07-22T15:16:38Z,46.18370000,13.34336667,1470.00,26.765
12597,4,6991,10899.195371842967,7748.532922297207,2019-07-22T15:16:39Z,46.18368333,13.34353333,1472.00,26.759
12598,4,6992,10900.195371842967,7749.532922297207,2019-07-22T15:16:40Z,46.18363333,13.34371667,1475.00,26.75
12599,4,6993,10901.195371842967,7750.532922297207,2019-07-22T15:16:41Z,46.18356667,13.34386667,1477.00,26.739
12600,4,6994,10902.195371842967,7751.532922297207,2019-07-22T15:16:42Z,46.18346667,13.34401667,1478.00,26.726
12601,4,6995,10903.195371842967,7752.532922297207,2019-07-22T15:16:43Z,46.18330000,13.34415000,1479.00,26.705
12602,4,6996,10904.195371842967,7753.532922297207,2019-07-22T15:16:44Z,46.18315000,13.34418333,1481.00,26.688
12603,4,6997,10905.195371842967,7754.532922297207,2019-07-22T15:16:45Z,46.18300000,13.34421667,1483.00,26.671
12604,4,6998,10906.195371842967,7755.532922297207,2019-07-22T15:16:46Z,46.18286667,13.34420000,1486.00,26.658
12605,4,6999,10907.195371842967,7756.532922297207,2019-07-22T15:16:47Z,46.18275000,13.34413333,1487.00,26.647
12606,4,7000,10908.195371842967,7757.532922297207,2019-07-22T15:16:48Z,46.18265000,13.34401667,1490.00,26.639
12607,4,7001,10909.195371842967,7758.532922297207,2019-07-22T15:16:49Z,46.18258333,13.34388333,1491.00,26.634
12608,4,7002,10910.195371842967,7759.532922297207,2019-07-22T15:16:50Z,46.18253333,13.34371667,1492.00,26.633
12609,4,7003,10911.195371842967,7760.532922297207,2019-07-22T15:16:51Z,46.18250000,13.34353333,1493.00,26.634
12610,4,7004,10912.195371842967,7761.532922297207,2019-07-22T15:16:52Z,46.18250000,13.34335000,1494.00,26.638
12611,4,7005,10913.195371842967,7762.532922297207,2019-07-22T15:16:53Z,46.18253333,13.34316667,1494.00,26.646
12612,4,7006,10914.195371842967,7763.532922297207,2019-07-22T15:16:54Z,46.18260000,13.34301667,1496.00,26.657
12613,4,7007,10915.195371842967,7764.532922297207,2019-07-22T15:16:55Z,46.18268333,13.34288333,1497.00,26.669
12614,4,7008,10916.195371842967,7765.532922297207,2019-07-22T15:16:56Z,46.18278333,13.34276667,1498.00,26.682
12615,4,7009,10917.195371842967,7766.532922297207,2019-07-22T15:16:57Z,46.18291667,13.34268333,1499.00,26.699
12616,4,7010,10918.195371842967,7767.532922297207,2019-07-22T15:16:58Z,46.18303333,13.34265000,1500.00,26.712
12617,4,7011,10919.195371842967,7768.532922297207,2019-07-22T15:16:59Z,46.18318333,13.34263333,1502.00,26.728
12618,4,7012,10920.195371842967,7769.532922297207,2019-07-22T15:17:00Z,46.18330000,13.34265000,1503.00,26.74
12619,4,7013,10921.195371842967,7770.532922297207,2019-07-22T15:17:01Z,46.18343333,13.34271667,1505.00,26.752
12620,4,7014,10922.195371842967,7771.532922297207,2019-07-22T15:17:02Z,46.18356667,13.34281667,1507.00,26.764
12621,4,7015,10923.195371842967,7772.532922297207,2019-07-22T15:17:03Z,46.18366667,13.34295000,1509.00,26.771
12622,4,7016,10924.195371842967,7773.532922297207,2019-07-22T15:17:04Z,46.18376667,13.34310000,1511.00,26.778
12623,4,7017,10925.195371842967,7774.532922297207,2019-07-22T15:17:05Z,46.18383333,13.34326667,1512.00,26.781
12624,4,7018,10926.195371842967,7775.532922297207,2019-07-22T15:17:06Z,46.18388333,13.34346667,1513.00,26.782
12625,4,7019,10927.195371842967,7776.532922297207,2019-07-22T15:17:07Z,46.18391667,13.34366667,1513.00,26.781
12626,4,7020,10928.195371842967,7777.532922297207,2019-07-22T15:17:08Z,46.18391667,13.34386667,1514.00,26.777
12627,4,7021,10929.195371842967,7778.532922297207,2019-07-22T15:17:09Z,46.18390000,13.34406667,1516.00,26.771
12628,4,7022,10930.195371842967,7779.532922297207,2019-07-22T15:17:10Z,46.18385000,13.34425000,1518.00,26.762
12629,4,7023,10931.195371842967,7780.532922297207,2019-07-22T15:17:11Z,46.18378333,13.34445000,1520.00,26.75
12630,4,7024,10932.195371842967,7781.532922297207,2019-07-22T15:17:12Z,46.18371667,13.34461667,1521.00,26.74
12631,4,7025,10933.195371842967,7782.532922297207,2019-07-22T15:17:13Z,46.18361667,13.34478333,1522.00,26.726
12632,4,7026,10934.195371842967,7783.532922297207,2019-07-22T15:17:14Z,46.18351667,13.34491667,1525.00,26.712
12633,4,7027,10935.195371842967,7784.532922297207,2019-07-22T15:17:15Z,46.18340000,13.34503333,1527.00,26.698
12634,4,7028,10936.195371842967,7785.532922297207,2019-07-22T15:17:16Z,46.18326667,13.34510000,1530.00,26.682
12635,4,7029,10937.195371842967,7786.532922297207,2019-07-22T15:17:17Z,46.18313333,13.34511667,1531.00,26.667
12636,4,7030,10938.195371842967,7787.532922297207,2019-07-22T15:17:18Z,46.18300000,13.34511667,1530.00,26.653
12637,4,7031,10939.195371842967,7788.532922297207,2019-07-22T15:17:19Z,46.18288333,13.34505000,1530.00,26.642
12638,4,7032,10940.195371842967,7789.532922297207,2019-07-22T15:17:20Z,46.18276667,13.34493333,1530.00,26.631
12639,4,7033,10941.195371842967,7790.532922297207,2019-07-22T15:17:21Z,46.18268333,13.34478333,1529.00,26.626
12640,4,7034,10942.195371842967,7791.532922297207,2019-07-22T15:17:22Z,46.18263333,13.34460000,1530.00,26.624
12641,4,7035,10943.195371842967,7792.532922297207,2019-07-22T15:17:23Z,46.18260000,13.34438333,1530.00,26.625
12642,4,7036,10944.195371842967,7793.532922297207,2019-07-22T15:17:24Z,46.18260000,13.34420000,1532.00,26.629
12643,4,7037,10945.195371842967,7794.532922297207,2019-07-22T15:17:25Z,46.18260000,13.34400000,1534.00,26.634
12644,4,7038,10946.195371842967,7795.532922297207,2019-07-22T15:17:26Z,46.18263333,13.34383333,1536.00,26.641
12645,4,7039,10947.195371842967,7796.532922297207,2019-07-22T15:17:27Z,46.18268333,13.34368333,1537.00,26.65
12646,4,7040,10948.195371842967,7797.532922297207,2019-07-22T15:17:28Z,46.18273333,13.34353333,1537.00,26.658
12647,4,7041,10949.195371842967,7798.532922297207,2019-07-22T15:17:29Z,46.18283333,13.34341667,1538.00,26.672
12648,4,7042,10950.195371842967,7799.532922297207,2019-07-22T15:17:30Z,46.18295000,13.34330000,1538.00,26.687
12649,4,7043,10951.195371842967,7800.532922297207,2019-07-22T15:17:31Z,46.18306667,13.34321667,1539.00,26.701
12650,4,7044,10952.195371842967,7801.532922297207,2019-07-22T15:17:32Z,46.18320000,13.34316667,1540.00,26.717
12651,4,7045,10953.195371842967,7802.532922297207,2019-07-22T15:17:33Z,46.18333333,13.34313333,1540.00,26.731
12652,4,7046,10954.195371842967,7803.532922297207,2019-07-22T15:17:34Z,46.18345000,13.34313333,1542.00,26.744
12653,4,7047,10955.195371842967,7804.532922297207,2019-07-22T15:17:35Z,46.18358333,13.34313333,1545.00,26.758
12654,4,7048,10956.195371842967,7805.532922297207,2019-07-22T15:17:36Z,46.18370000,13.34313333,1547.00,26.77
12655,4,7049,10957.195371842967,7806.532922297207,2019-07-22T15:17:37Z,46.18383333,13.34315000,1548.00,26.784
12656,4,7050,10958.195371842967,7807.532922297207,2019-07-22T15:17:38Z,46.18396667,13.34320000,1548.00,26.797
12657,4,7051,10959.195371842967,7808.532922297207,2019-07-22T15:17:39Z,46.18410000,13.34326667,1548.00,26.81
12658,4,7052,10960.195371842967,7809.532922297207,2019-07-22T15:17:40Z,46.18421667,13.34338333,1548.00,26.819
12659,4,7053,10961.195371842967,7810.532922297207,2019-07-22T15:17:41Z,46.18433333,13.34353333,1550.00,26.828
12660,4,7054,10962.195371842967,7811.532922297207,2019-07-22T15:17:42Z,46.18440000,13.34373333,1551.00,26.831
12661,4,7055,10963.195371842967,7812.532922297207,2019-07-22T15:17:43Z,46.18441667,13.34396667,1551.00,26.828
12662,4,7056,10964.195371842967,7813.532922297207,2019-07-22T15:17:44Z,46.18440000,13.34418333,1552.00,26.822
12663,4,7057,10965.195371842967,7814.532922297207,2019-07-22T15:17:45Z,46.18435000,13.34440000,1552.00,26.812
12664,4,7058,10966.195371842967,7815.532922297207,2019-07-22T15:17:46Z,46.18426667,13.34458333,1553.00,26.8
12665,4,7059,10967.195371842967,7816.532922297207,2019-07-22T15:17:47Z,46.18416667,13.34471667,1554.00,26.786
12666,4,7060,10968.195371842967,7817.532922297207,2019-07-22T15:17:48Z,46.18405000,13.34483333,1556.00,26.771
12667,4,7061,10969.195371842967,7818.532922297207,2019-07-22T15:17:49Z,46.18393333,13.34490000,1557.00,26.758
12668,4,7062,10970.195371842967,7819.532922297207,2019-07-22T15:17:50Z,46.18380000,13.34491667,1558.00,26.743
12669,4,7063,10971.195371842967,7820.532922297207,2019-07-22T15:17:51Z,46.18366667,13.34488333,1559.00,26.729
12670,4,7064,10972.195371842967,7821.532922297207,2019-07-22T15:17:52Z,46.18355000,13.34480000,1560.00,26.718
12671,4,7065,10973.195371842967,7822.532922297207,2019-07-22T15:17:53Z,46.18343333,13.34468333,1561.00,26.708
12672,4,7066,10974.195371842967,7823.532922297207,2019-07-22T15:17:54Z,46.18335000,13.34455000,1562.00,26.702
12673,4,7067,10975.195371842967,7824.532922297207,2019-07-22T15:17:55Z,46.18328333,13.34438333,1563.00,26.698
12674,4,7068,10976.195371842967,7825.532922297207,2019-07-22T15:17:56Z,46.18325000,13.34420000,1565.00,26.698
12675,4,7069,10977.195371842967,7826.532922297207,2019-07-22T15:17:57Z,46.18323333,13.34403333,1567.00,26.7
12676,4,7070,10978.195371842967,7827.532922297207,2019-07-22T15:17:58Z,46.18323333,13.34385000,1567.00,26.704
12677,4,7071,10979.195371842967,7828.532922297207,2019-07-22T15:17:59Z,46.18326667,13.34366667,1566.00,26.712
12678,4,7072,10980.195371842967,7829.532922297207,2019-07-22T15:18:00Z,46.18333333,13.34348333,1567.00,26.723
12679,4,7073,10981.195371842967,7830.532922297207,2019-07-22T15:18:01Z,46.18341667,13.34333333,1567.00,26.736
12680,4,7074,10982.195371842967,7831.532922297207,2019-07-22T15:18:02Z,46.18351667,13.34320000,1569.00,26.749
12681,4,7075,10983.195371842967,7832.532922297207,2019-07-22T15:18:03Z,46.18363333,13.34310000,1570.00,26.764
12682,4,7076,10984.195371842967,7833.532922297207,2019-07-22T15:18:04Z,46.18375000,13.34303333,1572.00,26.778
12683,4,7077,10985.195371842967,7834.532922297207,2019-07-22T15:18:05Z,46.18386667,13.34296667,1574.00,26.792
12684,4,7078,10986.195371842967,7835.532922297207,2019-07-22T15:18:06Z,46.18398333,13.34293333,1575.00,26.805
12685,4,7079,10987.195371842967,7836.532922297207,2019-07-22T15:18:07Z,46.18410000,13.34295000,1576.00,26.817
12686,4,7080,10988.195371842967,7837.532922297207,2019-07-22T15:18:08Z,46.18421667,13.34298333,1578.00,26.828
12687,4,7081,10989.195371842967,7838.532922297207,2019-07-22T15:18:09Z,46.18433333,13.34306667,1577.00,26.839
12688,4,7082,10990.195371842967,7839.532922297207,2019-07-22T15:18:10Z,46.18443333,13.34320000,1578.00,26.847
12689,4,7083,10991.195371842967,7840.532922297207,2019-07-22T15:18:11Z,46.18451667,13.34336667,1579.00,26.852
12690,4,7084,10992.195371842967,7841.532922297207,2019-07-22T15:18:12Z,46.18456667,13.34356667,1581.00,26.853
12691,4,7085,10993.195371842967,7842.532922297207,2019-07-22T15:18:13Z,46.18458333,13.34376667,1584.00,26.85
12692,4,7086,10994.195371842967,7843.532922297207,2019-07-22T15:18:14Z,46.18458333,13.34396667,1586.00,26.846
12693,4,7087,10995.195371842967,7844.532922297207,2019-07-22T15:18:15Z,46.18455000,13.34416667,1587.00,26.838
12694,4,7088,10996.195371842967,7845.532922297207,2019-07-22T15:18:16Z,46.18448333,13.34435000,1587.00,26.827
12695,4,7089,10997.195371842967,7846.532922297207,2019-07-22T15:18:17Z,46.18440000,13.34451667,1588.00,26.815
12696,4,7090,10998.195371842967,7847.532922297207,2019-07-22T15:18:18Z,46.18428333,13.34463333,1588.00,26.8
12697,4,7091,10999.195371842967,7848.532922297207,2019-07-22T15:18:19Z,46.18418333,13.34473333,1589.00,26.788
12698,4,7092,11000.195371842967,7849.532922297207,2019-07-22T15:18:20Z,46.18405000,13.34480000,1591.00,26.772
12699,4,7093,11001.195371842967,7850.532922297207,2019-07-22T15:18:21Z,46.18391667,13.34483333,1591.00,26.757
12700,4,7094,11002.195371842967,7851.532922297207,2019-07-22T15:18:22Z,46.18378333,13.34483333,1590.00,26.743
12701,4,7095,11003.195371842967,7852.532922297207,2019-07-22T15:18:23Z,46.18365000,13.34480000,1589.00,26.729
12702,4,7096,11004.195371842967,7853.532922297207,2019-07-22T15:18:24Z,46.18353333,13.34473333,1591.00,26.718
12703,4,7097,11005.195371842967,7854.532922297207,2019-07-22T15:18:25Z,46.18341667,13.34465000,1592.00,26.707
12704,4,7098,11006.195371842967,7855.532922297207,2019-07-22T15:18:26Z,46.18331667,13.34453333,1594.00,26.699
12705,4,7099,11007.195371842967,7856.532922297207,2019-07-22T15:18:27Z,46.18321667,13.34443333,1596.00,26.69
12706,4,7100,11008.195371842967,7857.532922297207,2019-07-22T15:18:28Z,46.18313333,13.34430000,1597.00,26.684
12707,4,7101,11009.195371842967,7858.532922297207,2019-07-22T15:18:29Z,46.18306667,13.34416667,1597.00,26.68
12708,4,7102,11010.195371842967,7859.532922297207,2019-07-22T15:18:30Z,46.18300000,13.34400000,1597.00,26.676
12709,4,7103,11011.195371842967,7860.532922297207,2019-07-22T15:18:31Z,46.18296667,13.34383333,1596.00,26.676
12710,4,7104,11012.195371842967,7861.532922297207,2019-07-22T15:18:32Z,46.18295000,13.34365000,1597.00,26.679
12711,4,7105,11013.195371842967,7862.532922297207,2019-07-22T15:18:33Z,46.18296667,13.34345000,1599.00,26.685
12712,4,7106,11014.195371842967,7863.532922297207,2019-07-22T15:18:34Z,46.18298333,13.34326667,1599.00,26.691
12713,4,7107,11015.195371842967,7864.532922297207,2019-07-22T15:18:35Z,46.18301667,13.34308333,1599.00,26.699
12714,4,7108,11016.195371842967,7865.532922297207,2019-07-22T15:18:36Z,46.18308333,13.34290000,1600.00,26.711
12715,4,7109,11017.195371842967,7866.532922297207,2019-07-22T15:18:37Z,46.18315000,13.34275000,1601.00,26.721
12716,4,7110,11018.195371842967,7867.532922297207,2019-07-22T15:18:38Z,46.18321667,13.34261667,1603.00,26.732
12717,4,7111,11019.195371842967,7868.532922297207,2019-07-22T15:18:39Z,46.18330000,13.34246667,1604.00,26.744
12718,4,7112,11020.195371842967,7869.532922297207,2019-07-22T15:18:40Z,46.18340000,13.34235000,1604.00,26.758
12719,4,7113,11021.195371842967,7870.532922297207,2019-07-22T15:18:41Z,46.18350000,13.34225000,1604.00,26.771
12720,4,7114,11022.195371842967,7871.532922297207,2019-07-22T15:18:42Z,46.18361667,13.34216667,1604.00,26.785
12721,4,7115,11023.195371842967,7872.532922297207,2019-07-22T15:18:43Z,46.18375000,13.34210000,1605.00,26.801
12722,4,7116,11024.195371842967,7873.532922297207,2019-07-22T15:18:44Z,46.18388333,13.34205000,1604.00,26.816
12723,4,7117,11025.195371842967,7874.532922297207,2019-07-22T15:18:45Z,46.18401667,13.34203333,1604.00,26.831
12724,4,7118,11026.195371842967,7875.532922297207,2019-07-22T15:18:46Z,46.18413333,13.34208333,1605.00,26.841
12725,4,7119,11027.195371842967,7876.532922297207,2019-07-22T15:18:47Z,46.18426667,13.34215000,1605.00,26.854
12726,4,7120,11028.195371842967,7877.532922297207,2019-07-22T15:18:48Z,46.18440000,13.34221667,1606.00,26.866
12727,4,7121,11029.195371842967,7878.532922297207,2019-07-22T15:18:49Z,46.18453333,13.34231667,1607.00,26.878
12728,4,7122,11030.195371842967,7879.532922297207,2019-07-22T15:18:50Z,46.18463333,13.34245000,1608.00,26.885
12729,4,7123,11031.195371842967,7880.532922297207,2019-07-22T15:18:51Z,46.18471667,13.34260000,1609.00,26.89
12730,4,7124,11032.195371842967,7881.532922297207,2019-07-22T15:18:52Z,46.18478333,13.34276667,1612.00,26.894
12731,4,7125,11033.195371842967,7882.532922297207,2019-07-22T15:18:53Z,46.18486667,13.34293333,1613.00,26.899
12732,4,7126,11034.195371842967,7883.532922297207,2019-07-22T15:18:54Z,46.18493333,13.34311667,1613.00,26.902
12733,4,7127,11035.195371842967,7884.532922297207,2019-07-22T15:18:55Z,46.18498333,13.34331667,1613.00,26.903
12734,4,7128,11036.195371842967,7885.532922297207,2019-07-22T15:18:56Z,46.18503333,13.34351667,1614.00,26.904
12735,4,7129,11037.195371842967,7886.532922297207,2019-07-22T15:18:57Z,46.18506667,13.34373333,1615.00,26.903
12736,4,7130,11038.195371842967,7887.532922297207,2019-07-22T15:18:58Z,46.18510000,13.34395000,1615.00,26.902
12737,4,7131,11039.195371842967,7888.532922297207,2019-07-22T15:18:59Z,46.18513333,13.34416667,1616.00,26.901
12738,4,7132,11040.195371842967,7889.532922297207,2019-07-22T15:19:00Z,46.18515000,13.34438333,1616.00,26.899
12739,4,7133,11041.195371842967,7890.532922297207,2019-07-22T15:19:01Z,46.18516667,13.34458333,1615.00,26.897
12740,4,7134,11042.195371842967,7891.532922297207,2019-07-22T15:19:02Z,46.18516667,13.34480000,1616.00,26.892
12741,4,7135,11043.195371842967,7892.532922297207,2019-07-22T15:19:03Z,46.18515000,13.34500000,1618.00,26.887
12742,4,7136,11044.195371842967,7893.532922297207,2019-07-22T15:19:04Z,46.18515000,13.34521667,1619.00,26.883
12743,4,7137,11045.195371842967,7894.532922297207,2019-07-22T15:19:05Z,46.18511667,13.34543333,1620.00,26.876
12744,4,7138,11046.195371842967,7895.532922297207,2019-07-22T15:19:06Z,46.18508333,13.34565000,1621.00,26.869
12745,4,7139,11047.195371842967,7896.532922297207,2019-07-22T15:19:07Z,46.18505000,13.34586667,1622.00,26.862
12746,4,7140,11048.195371842967,7897.532922297207,2019-07-22T15:19:08Z,46.18501667,13.34608333,1623.00,26.855
12747,4,7141,11049.195371842967,7898.532922297207,2019-07-22T15:19:09Z,46.18498333,13.34630000,1624.00,26.848
12748,4,7142,11050.195371842967,7899.532922297207,2019-07-22T15:19:10Z,46.18495000,13.34650000,1626.00,26.841
12749,4,7143,11051.195371842967,7900.532922297207,2019-07-22T15:19:11Z,46.18490000,13.34671667,1626.00,26.832
12750,4,7144,11052.195371842967,7901.532922297207,2019-07-22T15:19:12Z,46.18483333,13.34691667,1629.00,26.822
12751,4,7145,11053.195371842967,7902.532922297207,2019-07-22T15:19:13Z,46.18476667,13.34708333,1632.00,26.813
12752,4,7146,11054.195371842967,7903.532922297207,2019-07-22T15:19:14Z,46.18466667,13.34725000,1633.00,26.8
12753,4,7147,11055.195371842967,7904.532922297207,2019-07-22T15:19:15Z,46.18453333,13.34735000,1634.00,26.784
12754,4,7148,11056.195371842967,7905.532922297207,2019-07-22T15:19:16Z,46.18440000,13.34740000,1633.00,26.768
12755,4,7149,11057.195371842967,7906.532922297207,2019-07-22T15:19:17Z,46.18426667,13.34741667,1632.00,26.754
12756,4,7150,11058.195371842967,7907.532922297207,2019-07-22T15:19:18Z,46.18415000,13.34730000,1630.00,26.742
12757,4,7151,11059.195371842967,7908.532922297207,2019-07-22T15:19:19Z,46.18403333,13.34713333,1628.00,26.732
12758,4,7152,11060.195371842967,7909.532922297207,2019-07-22T15:19:20Z,46.18396667,13.34691667,1629.00,26.728
12759,4,7153,11061.195371842967,7910.532922297207,2019-07-22T15:19:21Z,46.18393333,13.34671667,1629.00,26.727
12760,4,7154,11062.195371842967,7911.532922297207,2019-07-22T15:19:22Z,46.18398333,13.34651667,1631.00,26.735
12761,4,7155,11063.195371842967,7912.532922297207,2019-07-22T15:19:23Z,46.18405000,13.34631667,1633.00,26.746
12762,4,7156,11064.195371842967,7913.532922297207,2019-07-22T15:19:24Z,46.18415000,13.34615000,1636.00,26.759
12763,4,7157,11065.195371842967,7914.532922297207,2019-07-22T15:19:25Z,46.18425000,13.34601667,1641.00,26.772
12764,4,7158,11066.195371842967,7915.532922297207,2019-07-22T15:19:26Z,46.18436667,13.34590000,1643.00,26.787
12765,4,7159,11067.195371842967,7916.532922297207,2019-07-22T15:19:27Z,46.18448333,13.34580000,1645.00,26.801
12766,4,7160,11068.195371842967,7917.532922297207,2019-07-22T15:19:28Z,46.18461667,13.34573333,1646.00,26.817
12767,4,7161,11069.195371842967,7918.532922297207,2019-07-22T15:19:29Z,46.18475000,13.34570000,1646.00,26.832
12768,4,7162,11070.195371842967,7919.532922297207,2019-07-22T15:19:30Z,46.18491667,13.34570000,1646.00,26.85
12769,4,7163,11071.195371842967,7920.532922297207,2019-07-22T15:19:31Z,46.18505000,13.34576667,1645.00,26.863
12770,4,7164,11072.195371842967,7921.532922297207,2019-07-22T15:19:32Z,46.18518333,13.34591667,1645.00,26.875
12771,4,7165,11073.195371842967,7922.532922297207,2019-07-22T15:19:33Z,46.18531667,13.34606667,1645.00,26.887
12772,4,7166,11074.195371842967,7923.532922297207,2019-07-22T15:19:34Z,46.18543333,13.34623333,1647.00,26.898
12773,4,7167,11075.195371842967,7924.532922297207,2019-07-22T15:19:35Z,46.18553333,13.34640000,1649.00,26.906
12774,4,7168,11076.195371842967,7925.532922297207,2019-07-22T15:19:36Z,46.18561667,13.34658333,1651.00,26.913
12775,4,7169,11077.195371842967,7926.532922297207,2019-07-22T15:19:37Z,46.18568333,13.34676667,1653.00,26.917
12776,4,7170,11078.195371842967,7927.532922297207,2019-07-22T15:19:38Z,46.18571667,13.34695000,1656.00,26.919
12777,4,7171,11079.195371842967,7928.532922297207,2019-07-22T15:19:39Z,46.18575000,13.34715000,1660.00,26.92
12778,4,7172,11080.195371842967,7929.532922297207,2019-07-22T15:19:40Z,46.18578333,13.34733333,1663.00,26.919
12779,4,7173,11081.195371842967,7930.532922297207,2019-07-22T15:19:41Z,46.18578333,13.34751667,1664.00,26.913
12780,4,7174,11082.195371842967,7931.532922297207,2019-07-22T15:19:42Z,46.18578333,13.34771667,1665.00,26.907
12781,4,7175,11083.195371842967,7932.532922297207,2019-07-22T15:19:43Z,46.18578333,13.34791667,1666.00,26.901
12782,4,7176,11084.195371842967,7933.532922297207,2019-07-22T15:19:44Z,46.18575000,13.34810000,1666.00,26.892
12783,4,7177,11085.195371842967,7934.532922297207,2019-07-22T15:19:45Z,46.18570000,13.34830000,1665.00,26.881
12784,4,7178,11086.195371842967,7935.532922297207,2019-07-22T15:19:46Z,46.18563333,13.34848333,1665.00,26.869
12785,4,7179,11087.195371842967,7936.532922297207,2019-07-22T15:19:47Z,46.18556667,13.34866667,1667.00,26.857
12786,4,7180,11088.195371842967,7937.532922297207,2019-07-22T15:19:48Z,46.18548333,13.34880000,1668.00,26.845
12787,4,7181,11089.195371842967,7938.532922297207,2019-07-22T15:19:49Z,46.18538333,13.34891667,1669.00,26.831
12788,4,7182,11090.195371842967,7939.532922297207,2019-07-22T15:19:50Z,46.18528333,13.34900000,1672.00,26.818
12789,4,7183,11091.195371842967,7940.532922297207,2019-07-22T15:19:51Z,46.18516667,13.34905000,1671.00,26.805
12790,4,7184,11092.195371842967,7941.532922297207,2019-07-22T15:19:52Z,46.18506667,13.34908333,1670.00,26.793
12791,4,7185,11093.195371842967,7942.532922297207,2019-07-22T15:19:53Z,46.18495000,13.34901667,1670.00,26.783
12792,4,7186,11094.195371842967,7943.532922297207,2019-07-22T15:19:54Z,46.18483333,13.34891667,1669.00,26.774
12793,4,7187,11095.195371842967,7944.532922297207,2019-07-22T15:19:55Z,46.18475000,13.34880000,1670.00,26.769
12794,4,7188,11096.195371842967,7945.532922297207,2019-07-22T15:19:56Z,46.18468333,13.34863333,1671.00,26.767
12795,4,7189,11097.195371842967,7946.532922297207,2019-07-22T15:19:57Z,46.18465000,13.34846667,1671.00,26.768
12796,4,7190,11098.195371842967,7947.532922297207,2019-07-22T15:19:58Z,46.18461667,13.34826667,1673.00,26.771
12797,4,7191,11099.195371842967,7948.532922297207,2019-07-22T15:19:59Z,46.18463333,13.34808333,1675.00,26.778
12798,4,7192,11100.195371842967,7949.532922297207,2019-07-22T15:20:00Z,46.18463333,13.34788333,1676.00,26.785
12799,4,7193,11101.195371842967,7950.532922297207,2019-07-22T15:20:01Z,46.18466667,13.34768333,1677.00,26.794
12800,4,7194,11102.195371842967,7951.532922297207,2019-07-22T15:20:02Z,46.18475000,13.34751667,1681.00,26.805
12801,4,7195,11103.195371842967,7952.532922297207,2019-07-22T15:20:03Z,46.18485000,13.34736667,1681.00,26.818
12802,4,7196,11104.195371842967,7953.532922297207,2019-07-22T15:20:04Z,46.18495000,13.34723333,1683.00,26.831
12803,4,7197,11105.195371842967,7954.532922297207,2019-07-22T15:20:05Z,46.18508333,13.34711667,1684.00,26.847
12804,4,7198,11106.195371842967,7955.532922297207,2019-07-22T15:20:06Z,46.18525000,13.34703333,1683.00,26.866
12805,4,7199,11107.195371842967,7956.532922297207,2019-07-22T15:20:07Z,46.18541667,13.34698333,1682.00,26.885
12806,4,7200,11108.195371842967,7957.532922297207,2019-07-22T15:20:08Z,46.18556667,13.34705000,1681.00,26.901
12807,4,7201,11109.195371842967,7958.532922297207,2019-07-22T15:20:09Z,46.18570000,13.34720000,1682.00,26.914
12808,4,7202,11110.195371842967,7959.532922297207,2019-07-22T15:20:10Z,46.18583333,13.34733333,1684.00,26.924
12809,4,7203,11111.195371842967,7960.532922297207,2019-07-22T15:20:11Z,46.18596667,13.34748333,1686.00,26.933
12810,4,7204,11112.195371842967,7961.532922297207,2019-07-22T15:20:12Z,46.18606667,13.34765000,1687.00,26.938
12811,4,7205,11113.195371842967,7962.532922297207,2019-07-22T15:20:13Z,46.18616667,13.34783333,1689.00,26.943
12812,4,7206,11114.195371842967,7963.532922297207,2019-07-22T15:20:14Z,46.18625000,13.34801667,1691.00,26.946
12813,4,7207,11115.195371842967,7964.532922297207,2019-07-22T15:20:15Z,46.18630000,13.34820000,1692.00,26.946
12814,4,7208,11116.195371842967,7965.532922297207,2019-07-22T15:20:16Z,46.18635000,13.34840000,1694.00,26.946
12815,4,7209,11117.195371842967,7966.532922297207,2019-07-22T15:20:17Z,46.18638333,13.34860000,1697.00,26.943
12816,4,7210,11118.195371842967,7967.532922297207,2019-07-22T15:20:18Z,46.18641667,13.34878333,1699.00,26.942
12817,4,7211,11119.195371842967,7968.532922297207,2019-07-22T15:20:19Z,46.18645000,13.34896667,1699.00,26.94
12818,4,7212,11120.195371842967,7969.532922297207,2019-07-22T15:20:20Z,46.18650000,13.34916667,1698.00,26.94
12819,4,7213,11121.195371842967,7970.532922297207,2019-07-22T15:20:21Z,46.18653333,13.34935000,1695.00,26.939
12820,4,7214,11122.195371842967,7971.532922297207,2019-07-22T15:20:22Z,46.18655000,13.34956667,1692.00,26.935
12821,4,7215,11123.195371842967,7972.532922297207,2019-07-22T15:20:23Z,46.18656667,13.34978333,1691.00,26.932
12822,4,7216,11124.195371842967,7973.532922297207,2019-07-22T15:20:24Z,46.18656667,13.35001667,1690.00,26.926
12823,4,7217,11125.195371842967,7974.532922297207,2019-07-22T15:20:25Z,46.18653333,13.35023333,1689.00,26.917
12824,4,7218,11126.195371842967,7975.532922297207,2019-07-22T15:20:26Z,46.18651667,13.35043333,1688.00,26.911
12825,4,7219,11127.195371842967,7976.532922297207,2019-07-22T15:20:27Z,46.18651667,13.35063333,1687.00,26.906
12826,4,7220,11128.195371842967,7977.532922297207,2019-07-22T15:20:28Z,46.18650000,13.35083333,1687.00,26.9
12827,4,7221,11129.195371842967,7978.532922297207,2019-07-22T15:20:29Z,46.18648333,13.35101667,1686.00,26.894
12828,4,7222,11130.195371842967,7979.532922297207,2019-07-22T15:20:30Z,46.18646667,13.35123333,1682.00,26.888
12829,4,7223,11131.195371842967,7980.532922297207,2019-07-22T15:20:31Z,46.18645000,13.35145000,1680.00,26.882
12830,4,7224,11132.195371842967,7981.532922297207,2019-07-22T15:20:32Z,46.18643333,13.35170000,1678.00,26.875
12831,4,7225,11133.195371842967,7982.532922297207,2019-07-22T15:20:33Z,46.18641667,13.35193333,1675.00,26.868
12832,4,7226,11134.195371842967,7983.532922297207,2019-07-22T15:20:34Z,46.18640000,13.35218333,1674.00,26.862
12833,4,7227,11135.195371842967,7984.532922297207,2019-07-22T15:20:35Z,46.18636667,13.35245000,1674.00,26.853
12834,4,7228,11136.195371842967,7985.532922297207,2019-07-22T15:20:36Z,46.18635000,13.35270000,1673.00,26.847
12835,4,7229,11137.195371842967,7986.532922297207,2019-07-22T15:20:37Z,46.18635000,13.35296667,1671.00,26.842
12836,4,7230,11138.195371842967,7987.532922297207,2019-07-22T15:20:38Z,46.18633333,13.35323333,1671.00,26.836
12837,4,7231,11139.195371842967,7988.532922297207,2019-07-22T15:20:39Z,46.18631667,13.35350000,1670.00,26.83
12838,4,7232,11140.195371842967,7989.532922297207,2019-07-22T15:20:40Z,46.18630000,13.35373333,1670.00,26.824
12839,4,7233,11141.195371842967,7990.532922297207,2019-07-22T15:20:41Z,46.18626667,13.35398333,1670.00,26.817
12840,4,7234,11142.195371842967,7991.532922297207,2019-07-22T15:20:42Z,46.18625000,13.35420000,1670.00,26.812
12841,4,7235,11143.195371842967,7992.532922297207,2019-07-22T15:20:43Z,46.18623333,13.35441667,1670.00,26.807
12842,4,7236,11144.195371842967,7993.532922297207,2019-07-22T15:20:44Z,46.18621667,13.35463333,1671.00,26.802
12843,4,7237,11145.195371842967,7994.532922297207,2019-07-22T15:20:45Z,46.18620000,13.35486667,1670.00,26.797
12844,4,7238,11146.195371842967,7995.532922297207,2019-07-22T15:20:46Z,46.18618333,13.35508333,1669.00,26.793
12845,4,7239,11147.195371842967,7996.532922297207,2019-07-22T15:20:47Z,46.18618333,13.35531667,1667.00,26.79
12846,4,7240,11148.195371842967,7997.532922297207,2019-07-22T15:20:48Z,46.18616667,13.35555000,1664.00,26.786
12847,4,7241,11149.195371842967,7998.532922297207,2019-07-22T15:20:49Z,46.18616667,13.35578333,1662.00,26.784
12848,4,7242,11150.195371842967,7999.532922297207,2019-07-22T15:20:50Z,46.18616667,13.35603333,1659.00,26.781
12849,4,7243,11151.195371842967,8000.532922297207,2019-07-22T15:20:51Z,46.18616667,13.35626667,1658.00,26.779
12850,4,7244,11152.195371842967,8001.532922297207,2019-07-22T15:20:52Z,46.18618333,13.35650000,1656.00,26.779
12851,4,7245,11153.195371842967,8002.532922297207,2019-07-22T15:20:53Z,46.18618333,13.35675000,1654.00,26.777
12852,4,7246,11154.195371842967,8003.532922297207,2019-07-22T15:20:54Z,46.18618333,13.35698333,1651.00,26.775
12853,4,7247,11155.195371842967,8004.532922297207,2019-07-22T15:20:55Z,46.18616667,13.35721667,1649.00,26.772
12854,4,7248,11156.195371842967,8005.532922297207,2019-07-22T15:20:56Z,46.18616667,13.35745000,1648.00,26.771
12855,4,7249,11157.195371842967,8006.532922297207,2019-07-22T15:20:57Z,46.18616667,13.35766667,1648.00,26.77
12856,4,7250,11158.195371842967,8007.532922297207,2019-07-22T15:20:58Z,46.18616667,13.35790000,1646.00,26.769
12857,4,7251,11159.195371842967,8008.532922297207,2019-07-22T15:20:59Z,46.18616667,13.35813333,1645.00,26.768
12858,4,7252,11160.195371842967,8009.532922297207,2019-07-22T15:21:00Z,46.18616667,13.35835000,1643.00,26.767
12859,4,7253,11161.195371842967,8010.532922297207,2019-07-22T15:21:01Z,46.18618333,13.35858333,1642.00,26.768
12860,4,7254,11162.195371842967,8011.532922297207,2019-07-22T15:21:02Z,46.18618333,13.35881667,1640.00,26.768
12861,4,7255,11163.195371842967,8012.532922297207,2019-07-22T15:21:03Z,46.18620000,13.35905000,1637.00,26.769
12862,4,7256,11164.195371842967,8013.532922297207,2019-07-22T15:21:04Z,46.18620000,13.35928333,1635.00,26.769
12863,4,7257,11165.195371842967,8014.532922297207,2019-07-22T15:21:05Z,46.18621667,13.35953333,1633.00,26.771
12864,4,7258,11166.195371842967,8015.532922297207,2019-07-22T15:21:06Z,46.18623333,13.35978333,1631.00,26.773
12865,4,7259,11167.195371842967,8016.532922297207,2019-07-22T15:21:07Z,46.18625000,13.36003333,1627.00,26.77
12866,4,7260,11168.195371842967,8017.532922297207,2019-07-22T15:21:08Z,46.18625000,13.36028333,1623.00,26.764
12867,4,7261,11169.195371842967,8018.532922297207,2019-07-22T15:21:09Z,46.18626667,13.36053333,1622.00,26.761
12868,4,7262,11170.195371842967,8019.532922297207,2019-07-22T15:21:10Z,46.18628333,13.36078333,1622.00,26.758
12869,4,7263,11171.195371842967,8020.532922297207,2019-07-22T15:21:11Z,46.18628333,13.36105000,1620.00,26.754
12870,4,7264,11172.195371842967,8021.532922297207,2019-07-22T15:21:12Z,46.18631667,13.36130000,1620.00,26.753
12871,4,7265,11173.195371842967,8022.532922297207,2019-07-22T15:21:13Z,46.18633333,13.36155000,1619.00,26.751
12872,4,7266,11174.195371842967,8023.532922297207,2019-07-22T15:21:14Z,46.18635000,13.36181667,1616.00,26.748
12873,4,7267,11175.195371842967,8024.532922297207,2019-07-22T15:21:15Z,46.18636667,13.36206667,1615.00,26.746
12874,4,7268,11176.195371842967,8025.532922297207,2019-07-22T15:21:16Z,46.18638333,13.36231667,1614.00,26.745
12875,4,7269,11177.195371842967,8026.532922297207,2019-07-22T15:21:17Z,46.18640000,13.36255000,1613.00,26.743
12876,4,7270,11178.195371842967,8027.532922297207,2019-07-22T15:21:18Z,46.18641667,13.36276667,1612.00,26.742
12877,4,7271,11179.195371842967,8028.532922297207,2019-07-22T15:21:19Z,46.18643333,13.36301667,1610.00,26.741
12878,4,7272,11180.195371842967,8029.532922297207,2019-07-22T15:21:20Z,46.18645000,13.36325000,1609.00,26.74
12879,4,7273,11181.195371842967,8030.532922297207,2019-07-22T15:21:21Z,46.18645000,13.36350000,1607.00,26.738
12880,4,7274,11182.195371842967,8031.532922297207,2019-07-22T15:21:22Z,46.18646667,13.36375000,1605.00,26.737
12881,4,7275,11183.195371842967,8032.532922297207,2019-07-22T15:21:23Z,46.18646667,13.36400000,1603.00,26.735
12882,4,7276,11184.195371842967,8033.532922297207,2019-07-22T15:21:24Z,46.18648333,13.36425000,1601.00,26.735
12883,4,7277,11185.195371842967,8034.532922297207,2019-07-22T15:21:25Z,46.18648333,13.36450000,1599.00,26.733
12884,4,7278,11186.195371842967,8035.532922297207,2019-07-22T15:21:26Z,46.18650000,13.36475000,1598.00,26.733
12885,4,7279,11187.195371842967,8036.532922297207,2019-07-22T15:21:27Z,46.18650000,13.36498333,1596.00,26.732
12886,4,7280,11188.195371842967,8037.532922297207,2019-07-22T15:21:28Z,46.18651667,13.36523333,1595.00,26.732
12887,4,7281,11189.195371842967,8038.532922297207,2019-07-22T15:21:29Z,46.18651667,13.36546667,1594.00,26.732
12888,4,7282,11190.195371842967,8039.532922297207,2019-07-22T15:21:30Z,46.18655000,13.36570000,1591.00,26.734
12889,4,7283,11191.195371842967,8040.532922297207,2019-07-22T15:21:31Z,46.18656667,13.36595000,1588.00,26.736
12890,4,7284,11192.195371842967,8041.532922297207,2019-07-22T15:21:32Z,46.18658333,13.36618333,1588.00,26.737
12891,4,7285,11193.195371842967,8042.532922297207,2019-07-22T15:21:33Z,46.18660000,13.36643333,1586.00,26.739
12892,4,7286,11194.195371842967,8043.532922297207,2019-07-22T15:21:34Z,46.18661667,13.36668333,1585.00,26.74
12893,4,7287,11195.195371842967,8044.532922297207,2019-07-22T15:21:35Z,46.18663333,13.36693333,1583.00,26.742
12894,4,7288,11196.195371842967,8045.532922297207,2019-07-22T15:21:36Z,46.18665000,13.36718333,1582.00,26.745
12895,4,7289,11197.195371842967,8046.532922297207,2019-07-22T15:21:37Z,46.18666667,13.36743333,1582.00,26.747
12896,4,7290,11198.195371842967,8047.532922297207,2019-07-22T15:21:38Z,46.18668333,13.36768333,1580.00,26.749
12897,4,7291,11199.195371842967,8048.532922297207,2019-07-22T15:21:39Z,46.18670000,13.36795000,1577.00,26.752
12898,4,7292,11200.195371842967,8049.532922297207,2019-07-22T15:21:40Z,46.18673333,13.36821667,1577.00,26.757
12899,4,7293,11201.195371842967,8050.532922297207,2019-07-22T15:21:41Z,46.18675000,13.36846667,1578.00,26.76
12900,4,7294,11202.195371842967,8051.532922297207,2019-07-22T15:21:42Z,46.18678333,13.36873333,1578.00,26.766
12901,4,7295,11203.195371842967,8052.532922297207,2019-07-22T15:21:43Z,46.18680000,13.36900000,1579.00,26.769
12902,4,7296,11204.195371842967,8053.532922297207,2019-07-22T15:21:44Z,46.18683333,13.36925000,1579.00,26.775
12903,4,7297,11205.195371842967,8054.532922297207,2019-07-22T15:21:45Z,46.18685000,13.36950000,1579.00,26.779
12904,4,7298,11206.195371842967,8055.532922297207,2019-07-22T15:21:46Z,46.18688333,13.36975000,1578.00,26.785
12905,4,7299,11207.195371842967,8056.532922297207,2019-07-22T15:21:47Z,46.18693333,13.37000000,1579.00,26.793
12906,4,7300,11208.195371842967,8057.532922297207,2019-07-22T15:21:48Z,46.18696667,13.37025000,1579.00,26.799
12907,4,7301,11209.195371842967,8058.532922297207,2019-07-22T15:21:49Z,46.18700000,13.37051667,1577.00,26.806
12908,4,7302,11210.195371842967,8059.532922297207,2019-07-22T15:21:50Z,46.18705000,13.37078333,1574.00,26.815
12909,4,7303,11211.195371842967,8060.532922297207,2019-07-22T15:21:51Z,46.18708333,13.37103333,1573.00,26.822
12910,4,7304,11212.195371842967,8061.532922297207,2019-07-22T15:21:52Z,46.18713333,13.37130000,1572.00,26.828
12911,4,7305,11213.195371842967,8062.532922297207,2019-07-22T15:21:53Z,46.18720000,13.37155000,1571.00,26.833
12912,4,7306,11214.195371842967,8063.532922297207,2019-07-22T15:21:54Z,46.18725000,13.37180000,1572.00,26.836
12913,4,7307,11215.195371842967,8064.532922297207,2019-07-22T15:21:55Z,46.18731667,13.37205000,1572.00,26.841
12914,4,7308,11216.195371842967,8065.532922297207,2019-07-22T15:21:56Z,46.18736667,13.37230000,1571.00,26.845
12915,4,7309,11217.195371842967,8066.532922297207,2019-07-22T15:21:57Z,46.18741667,13.37255000,1569.00,26.849
12916,4,7310,11218.195371842967,8067.532922297207,2019-07-22T15:21:58Z,46.18746667,13.37281667,1568.00,26.853
12917,4,7311,11219.195371842967,8068.532922297207,2019-07-22T15:21:59Z,46.18750000,13.37306667,1567.00,26.856
12918,4,7312,11220.195371842967,8069.532922297207,2019-07-22T15:22:00Z,46.18755000,13.37333333,1567.00,26.86
12919,4,7313,11221.195371842967,8070.532922297207,2019-07-22T15:22:01Z,46.18760000,13.37358333,1566.00,26.865
12920,4,7314,11222.195371842967,8071.532922297207,2019-07-22T15:22:02Z,46.18765000,13.37383333,1566.00,26.87
12921,4,7315,11223.195371842967,8072.532922297207,2019-07-22T15:22:03Z,46.18770000,13.37410000,1565.00,26.876
12922,4,7316,11224.195371842967,8073.532922297207,2019-07-22T15:22:04Z,46.18775000,13.37435000,1565.00,26.881
12923,4,7317,11225.195371842967,8074.532922297207,2019-07-22T15:22:05Z,46.18780000,13.37461667,1565.00,26.887
12924,4,7318,11226.195371842967,8075.532922297207,2019-07-22T15:22:06Z,46.18785000,13.37488333,1564.00,26.893
12925,4,7319,11227.195371842967,8076.532922297207,2019-07-22T15:22:07Z,46.18791667,13.37513333,1563.00,26.902
12926,4,7320,11228.195371842967,8077.532922297207,2019-07-22T15:22:08Z,46.18795000,13.37540000,1561.00,26.906
12927,4,7321,11229.195371842967,8078.532922297207,2019-07-22T15:22:09Z,46.18800000,13.37565000,1561.00,26.913
12928,4,7322,11230.195371842967,8079.532922297207,2019-07-22T15:22:10Z,46.18805000,13.37590000,1561.00,26.92
12929,4,7323,11231.195371842967,8080.532922297207,2019-07-22T15:22:11Z,46.18808333,13.37615000,1560.00,26.925
12930,4,7324,11232.195371842967,8081.532922297207,2019-07-22T15:22:12Z,46.18813333,13.37641667,1557.00,26.933
12931,4,7325,11233.195371842967,8082.532922297207,2019-07-22T15:22:13Z,46.18816667,13.37666667,1555.00,26.938
12932,4,7326,11234.195371842967,8083.532922297207,2019-07-22T15:22:14Z,46.18821667,13.37691667,1555.00,26.946
12933,4,7327,11235.195371842967,8084.532922297207,2019-07-22T15:22:15Z,46.18826667,13.37716667,1553.00,26.954
12934,4,7328,11236.195371842967,8085.532922297207,2019-07-22T15:22:16Z,46.18831667,13.37741667,1552.00,26.962
12935,4,7329,11237.195371842967,8086.532922297207,2019-07-22T15:22:17Z,46.18838333,13.37765000,1551.00,26.972
12936,4,7330,11238.195371842967,8087.532922297207,2019-07-22T15:22:18Z,46.18845000,13.37790000,1550.00,26.983
12937,4,7331,11239.195371842967,8088.532922297207,2019-07-22T15:22:19Z,46.18851667,13.37813333,1548.00,26.993
12938,4,7332,11240.195371842967,8089.532922297207,2019-07-22T15:22:20Z,46.18860000,13.37836667,1547.00,27.005
12939,4,7333,11241.195371842967,8090.532922297207,2019-07-22T15:22:21Z,46.18868333,13.37860000,1547.00,27.018
12940,4,7334,11242.195371842967,8091.532922297207,2019-07-22T15:22:22Z,46.18876667,13.37883333,1545.00,27.03
12941,4,7335,11243.195371842967,8092.532922297207,2019-07-22T15:22:23Z,46.18886667,13.37908333,1544.00,27.045
12942,4,7336,11244.195371842967,8093.532922297207,2019-07-22T15:22:24Z,46.18895000,13.37931667,1543.00,27.058
12943,4,7337,11245.195371842967,8094.532922297207,2019-07-22T15:22:25Z,46.18905000,13.37956667,1540.00,27.073
12944,4,7338,11246.195371842967,8095.532922297207,2019-07-22T15:22:26Z,46.18915000,13.37981667,1538.00,27.088
12945,4,7339,11247.195371842967,8096.532922297207,2019-07-22T15:22:27Z,46.18923333,13.38006667,1537.00,27.102
12946,4,7340,11248.195371842967,8097.532922297207,2019-07-22T15:22:28Z,46.18933333,13.38031667,1534.00,27.117
12947,4,7341,11249.195371842967,8098.532922297207,2019-07-22T15:22:29Z,46.18943333,13.38056667,1532.00,27.133
12948,4,7342,11250.195371842967,8099.532922297207,2019-07-22T15:22:30Z,46.18953333,13.38081667,1531.00,27.148
12949,4,7343,11251.195371842967,8100.532922297207,2019-07-22T15:22:31Z,46.18965000,13.38105000,1531.00,27.166
12950,4,7344,11252.195371842967,8101.532922297207,2019-07-22T15:22:32Z,46.18976667,13.38128333,1529.00,27.183
12951,4,7345,11253.195371842967,8102.532922297207,2019-07-22T15:22:33Z,46.18988333,13.38150000,1527.00,27.2
12952,4,7346,11254.195371842967,8103.532922297207,2019-07-22T15:22:34Z,46.19000000,13.38171667,1525.00,27.217
12953,4,7347,11255.195371842967,8104.532922297207,2019-07-22T15:22:35Z,46.19013333,13.38191667,1523.00,27.236
12954,4,7348,11256.195371842967,8105.532922297207,2019-07-22T15:22:36Z,46.19025000,13.38211667,1522.00,27.253
12955,4,7349,11257.195371842967,8106.532922297207,2019-07-22T15:22:37Z,46.19038333,13.38228333,1521.00,27.271
12956,4,7350,11258.195371842967,8107.532922297207,2019-07-22T15:22:38Z,46.19051667,13.38246667,1521.00,27.29
12957,4,7351,11259.195371842967,8108.532922297207,2019-07-22T15:22:39Z,46.19065000,13.38265000,1522.00,27.308
12958,4,7352,11260.195371842967,8109.532922297207,2019-07-22T15:22:40Z,46.19078333,13.38283333,1520.00,27.323
12959,4,7353,11261.195371842967,8110.532922297207,2019-07-22T15:22:41Z,46.19093333,13.38301667,1519.00,27.34
12960,4,7354,11262.195371842967,8111.532922297207,2019-07-22T15:22:42Z,46.19108333,13.38320000,1520.00,27.358
12961,4,7355,11263.195371842967,8112.532922297207,2019-07-22T15:22:43Z,46.19123333,13.38338333,1518.00,27.375
12962,4,7356,11264.195371842967,8113.532922297207,2019-07-22T15:22:44Z,46.19138333,13.38356667,1518.00,27.393
12963,4,7357,11265.195371842967,8114.532922297207,2019-07-22T15:22:45Z,46.19151667,13.38373333,1520.00,27.408
12964,4,7358,11266.195371842967,8115.532922297207,2019-07-22T15:22:46Z,46.19166667,13.38390000,1519.00,27.426
12965,4,7359,11267.195371842967,8116.532922297207,2019-07-22T15:22:47Z,46.19181667,13.38405000,1518.00,27.444
12966,4,7360,11268.195371842967,8117.532922297207,2019-07-22T15:22:48Z,46.19196667,13.38420000,1518.00,27.461
12967,4,7361,11269.195371842967,8118.532922297207,2019-07-22T15:22:49Z,46.19210000,13.38438333,1518.00,27.477
12968,4,7362,11270.195371842967,8119.532922297207,2019-07-22T15:22:50Z,46.19221667,13.38456667,1520.00,27.492
12969,4,7363,11271.195371842967,8120.532922297207,2019-07-22T15:22:51Z,46.19235000,13.38476667,1521.00,27.508
12970,4,7364,11272.195371842967,8121.532922297207,2019-07-22T15:22:52Z,46.19246667,13.38496667,1523.00,27.523
12971,4,7365,11273.195371842967,8122.532922297207,2019-07-22T15:22:53Z,46.19258333,13.38516667,1526.00,27.538
12972,4,7366,11274.195371842967,8123.532922297207,2019-07-22T15:22:54Z,46.19268333,13.38536667,1529.00,27.551
12973,4,7367,11275.195371842967,8124.532922297207,2019-07-22T15:22:55Z,46.19275000,13.38558333,1532.00,27.56
12974,4,7368,11276.195371842967,8125.532922297207,2019-07-22T15:22:56Z,46.19280000,13.38580000,1534.00,27.568
12975,4,7369,11277.195371842967,8126.532922297207,2019-07-22T15:22:57Z,46.19280000,13.38601667,1537.00,27.571
12976,4,7370,11278.195371842967,8127.532922297207,2019-07-22T15:22:58Z,46.19276667,13.38621667,1539.00,27.57
12977,4,7371,11279.195371842967,8128.532922297207,2019-07-22T15:22:59Z,46.19270000,13.38638333,1540.00,27.565
12978,4,7372,11280.195371842967,8129.532922297207,2019-07-22T15:23:00Z,46.19260000,13.38650000,1541.00,27.555
12979,4,7373,11281.195371842967,8130.532922297207,2019-07-22T15:23:01Z,46.19246667,13.38656667,1542.00,27.542
12980,4,7374,11282.195371842967,8131.532922297207,2019-07-22T15:23:02Z,46.19235000,13.38656667,1543.00,27.529
12981,4,7375,11283.195371842967,8132.532922297207,2019-07-22T15:23:03Z,46.19223333,13.38650000,1546.00,27.515
12982,4,7376,11284.195371842967,8133.532922297207,2019-07-22T15:23:04Z,46.19213333,13.38640000,1548.00,27.503
12983,4,7377,11285.195371842967,8134.532922297207,2019-07-22T15:23:05Z,46.19206667,13.38628333,1552.00,27.494
12984,4,7378,11286.195371842967,8135.532922297207,2019-07-22T15:23:06Z,46.19203333,13.38615000,1556.00,27.489
12985,4,7379,11287.195371842967,8136.532922297207,2019-07-22T15:23:07Z,46.19203333,13.38600000,1559.00,27.487
12986,4,7380,11288.195371842967,8137.532922297207,2019-07-22T15:23:08Z,46.19205000,13.38585000,1562.00,27.487
12987,4,7381,11289.195371842967,8138.532922297207,2019-07-22T15:23:09Z,46.19211667,13.38568333,1564.00,27.492
12988,4,7382,11290.195371842967,8139.532922297207,2019-07-22T15:23:10Z,46.19221667,13.38553333,1565.00,27.501
12989,4,7383,11291.195371842967,8140.532922297207,2019-07-22T15:23:11Z,46.19235000,13.38545000,1566.00,27.515
12990,4,7384,11292.195371842967,8141.532922297207,2019-07-22T15:23:12Z,46.19248333,13.38545000,1569.00,27.53
12991,4,7385,11293.195371842967,8142.532922297207,2019-07-22T15:23:13Z,46.19263333,13.38550000,1574.00,27.547
12992,4,7386,11294.195371842967,8143.532922297207,2019-07-22T15:23:14Z,46.19276667,13.38563333,1577.00,27.563
12993,4,7387,11295.195371842967,8144.532922297207,2019-07-22T15:23:15Z,46.19286667,13.38581667,1577.00,27.576
12994,4,7388,11296.195371842967,8145.532922297207,2019-07-22T15:23:16Z,46.19293333,13.38600000,1579.00,27.585
12995,4,7389,11297.195371842967,8146.532922297207,2019-07-22T15:23:17Z,46.19295000,13.38620000,1580.00,27.59
12996,4,7390,11298.195371842967,8147.532922297207,2019-07-22T15:23:18Z,46.19295000,13.38640000,1582.00,27.592
12997,4,7391,11299.195371842967,8148.532922297207,2019-07-22T15:23:19Z,46.19291667,13.38656667,1584.00,27.591
12998,4,7392,11300.195371842967,8149.532922297207,2019-07-22T15:23:20Z,46.19285000,13.38671667,1584.00,27.586
12999,4,7393,11301.195371842967,8150.532922297207,2019-07-22T15:23:21Z,46.19276667,13.38681667,1584.00,27.578
13000,4,7394,11302.195371842967,8151.532922297207,2019-07-22T15:23:22Z,46.19266667,13.38691667,1586.00,27.569
13001,4,7395,11303.195371842967,8152.532922297207,2019-07-22T15:23:23Z,46.19255000,13.38696667,1588.00,27.557
13002,4,7396,11304.195371842967,8153.532922297207,2019-07-22T15:23:24Z,46.19243333,13.38700000,1590.00,27.544
13003,4,7397,11305.195371842967,8154.532922297207,2019-07-22T15:23:25Z,46.19233333,13.38701667,1593.00,27.534
13004,4,7398,11306.195371842967,8155.532922297207,2019-07-22T15:23:26Z,46.19221667,13.38701667,1595.00,27.521
13005,4,7399,11307.195371842967,8156.532922297207,2019-07-22T15:23:27Z,46.19210000,13.38701667,1597.00,27.508
13006,4,7400,11308.195371842967,8157.532922297207,2019-07-22T15:23:28Z,46.19200000,13.38696667,1599.00,27.497
13007,4,7401,11309.195371842967,8158.532922297207,2019-07-22T15:23:29Z,46.19190000,13.38686667,1601.00,27.484
13008,4,7402,11310.195371842967,8159.532922297207,2019-07-22T15:23:30Z,46.19183333,13.38675000,1604.00,27.475
13009,4,7403,11311.195371842967,8160.532922297207,2019-07-22T15:23:31Z,46.19176667,13.38661667,1607.00,27.466
13010,4,7404,11312.195371842967,8161.532922297207,2019-07-22T15:23:32Z,46.19175000,13.38645000,1609.00,27.462
13011,4,7405,11313.195371842967,8162.532922297207,2019-07-22T15:23:33Z,46.19178333,13.38628333,1611.00,27.463
13012,4,7406,11314.195371842967,8163.532922297207,2019-07-22T15:23:34Z,46.19183333,13.38611667,1612.00,27.466
13013,4,7407,11315.195371842967,8164.532922297207,2019-07-22T15:23:35Z,46.19191667,13.38598333,1616.00,27.474
13014,4,7408,11316.195371842967,8165.532922297207,2019-07-22T15:23:36Z,46.19203333,13.38590000,1619.00,27.485
13015,4,7409,11317.195371842967,8166.532922297207,2019-07-22T15:23:37Z,46.19216667,13.38586667,1620.00,27.5
13016,4,7410,11318.195371842967,8167.532922297207,2019-07-22T15:23:38Z,46.19231667,13.38588333,1621.00,27.516
13017,4,7411,11319.195371842967,8168.532922297207,2019-07-22T15:23:39Z,46.19246667,13.38596667,1623.00,27.534
13018,4,7412,11320.195371842967,8169.532922297207,2019-07-22T15:23:40Z,46.19258333,13.38611667,1624.00,27.548
13019,4,7413,11321.195371842967,8170.532922297207,2019-07-22T15:23:41Z,46.19266667,13.38633333,1624.00,27.56
13020,4,7414,11322.195371842967,8171.532922297207,2019-07-22T15:23:42Z,46.19271667,13.38658333,1625.00,27.569
13021,4,7415,11323.195371842967,8172.532922297207,2019-07-22T15:23:43Z,46.19270000,13.38683333,1627.00,27.571
13022,4,7416,11324.195371842967,8173.532922297207,2019-07-22T15:23:44Z,46.19266667,13.38706667,1630.00,27.571
13023,4,7417,11325.195371842967,8174.532922297207,2019-07-22T15:23:45Z,46.19258333,13.38726667,1633.00,27.565
13024,4,7418,11326.195371842967,8175.532922297207,2019-07-22T15:23:46Z,46.19250000,13.38741667,1637.00,27.558
13025,4,7419,11327.195371842967,8176.532922297207,2019-07-22T15:23:47Z,46.19240000,13.38751667,1640.00,27.549
13026,4,7420,11328.195371842967,8177.532922297207,2019-07-22T15:23:48Z,46.19230000,13.38760000,1642.00,27.54
13027,4,7421,11329.195371842967,8178.532922297207,2019-07-22T15:23:49Z,46.19218333,13.38758333,1644.00,27.527
13028,4,7422,11330.195371842967,8179.532922297207,2019-07-22T15:23:50Z,46.19206667,13.38753333,1645.00,27.513
13029,4,7423,11331.195371842967,8180.532922297207,2019-07-22T15:23:51Z,46.19198333,13.38743333,1646.00,27.503
13030,4,7424,11332.195371842967,8181.532922297207,2019-07-22T15:23:52Z,46.19190000,13.38731667,1648.00,27.492
13031,4,7425,11333.195371842967,8182.532922297207,2019-07-22T15:23:53Z,46.19185000,13.38716667,1651.00,27.484
13032,4,7426,11334.195371842967,8183.532922297207,2019-07-22T15:23:54Z,46.19185000,13.38700000,1654.00,27.481
13033,4,7427,11335.195371842967,8184.532922297207,2019-07-22T15:23:55Z,46.19188333,13.38681667,1657.00,27.482
13034,4,7428,11336.195371842967,8185.532922297207,2019-07-22T15:23:56Z,46.19195000,13.38666667,1658.00,27.487
13035,4,7429,11337.195371842967,8186.532922297207,2019-07-22T15:23:57Z,46.19206667,13.38655000,1660.00,27.498
13036,4,7430,11338.195371842967,8187.532922297207,2019-07-22T15:23:58Z,46.19220000,13.38646667,1662.00,27.511
13037,4,7431,11339.195371842967,8188.532922297207,2019-07-22T15:23:59Z,46.19231667,13.38643333,1664.00,27.523
13038,4,7432,11340.195371842967,8189.532922297207,2019-07-22T15:24:00Z,46.19246667,13.38645000,1667.00,27.54
13039,4,7433,11341.195371842967,8190.532922297207,2019-07-22T15:24:01Z,46.19260000,13.38651667,1670.00,27.556
13040,4,7434,11342.195371842967,8191.532922297207,2019-07-22T15:24:02Z,46.19271667,13.38665000,1673.00,27.57
13041,4,7435,11343.195371842967,8192.532922297207,2019-07-22T15:24:03Z,46.19281667,13.38683333,1675.00,27.584
13042,4,7436,11344.195371842967,8193.532922297207,2019-07-22T15:24:04Z,46.19286667,13.38706667,1676.00,27.593
13043,4,7437,11345.195371842967,8194.532922297207,2019-07-22T15:24:05Z,46.19288333,13.38730000,1677.00,27.598
13044,4,7438,11346.195371842967,8195.532922297207,2019-07-22T15:24:06Z,46.19285000,13.38753333,1677.00,27.598
13045,4,7439,11347.195371842967,8196.532922297207,2019-07-22T15:24:07Z,46.19278333,13.38773333,1679.00,27.594
13046,4,7440,11348.195371842967,8197.532922297207,2019-07-22T15:24:08Z,46.19270000,13.38790000,1683.00,27.588
13047,4,7441,11349.195371842967,8198.532922297207,2019-07-22T15:24:09Z,46.19261667,13.38800000,1686.00,27.581
13048,4,7442,11350.195371842967,8199.532922297207,2019-07-22T15:24:10Z,46.19251667,13.38806667,1689.00,27.571
13049,4,7443,11351.195371842967,8200.532922297207,2019-07-22T15:24:11Z,46.19241667,13.38810000,1691.00,27.561
13050,4,7444,11352.195371842967,8201.532922297207,2019-07-22T15:24:12Z,46.19230000,13.38808333,1692.00,27.548
13051,4,7445,11353.195371842967,8202.532922297207,2019-07-22T15:24:13Z,46.19220000,13.38800000,1692.00,27.536
13052,4,7446,11354.195371842967,8203.532922297207,2019-07-22T15:24:14Z,46.19210000,13.38788333,1692.00,27.523
13053,4,7447,11355.195371842967,8204.532922297207,2019-07-22T15:24:15Z,46.19200000,13.38775000,1694.00,27.51
13054,4,7448,11356.195371842967,8205.532922297207,2019-07-22T15:24:16Z,46.19193333,13.38758333,1697.00,27.5
13055,4,7449,11357.195371842967,8206.532922297207,2019-07-22T15:24:17Z,46.19188333,13.38741667,1699.00,27.491
13056,4,7450,11358.195371842967,8207.532922297207,2019-07-22T15:24:18Z,46.19183333,13.38726667,1701.00,27.483
13057,4,7451,11359.195371842967,8208.532922297207,2019-07-22T15:24:19Z,46.19178333,13.38711667,1703.00,27.476
13058,4,7452,11360.195371842967,8209.532922297207,2019-07-22T15:24:20Z,46.19175000,13.38695000,1705.00,27.469
13059,4,7453,11361.195371842967,8210.532922297207,2019-07-22T15:24:21Z,46.19175000,13.38678333,1706.00,27.467
13060,4,7454,11362.195371842967,8211.532922297207,2019-07-22T15:24:22Z,46.19180000,13.38661667,1706.00,27.47
13061,4,7455,11363.195371842967,8212.532922297207,2019-07-22T15:24:23Z,46.19188333,13.38648333,1705.00,27.477
13062,4,7456,11364.195371842967,8213.532922297207,2019-07-22T15:24:24Z,46.19201667,13.38641667,1704.00,27.49
13063,4,7457,11365.195371842967,8214.532922297207,2019-07-22T15:24:25Z,46.19218333,13.38640000,1705.00,27.508
13064,4,7458,11366.195371842967,8215.532922297207,2019-07-22T15:24:26Z,46.19235000,13.38646667,1704.00,27.528
13065,4,7459,11367.195371842967,8216.532922297207,2019-07-22T15:24:27Z,46.19250000,13.38658333,1705.00,27.546
13066,4,7460,11368.195371842967,8217.532922297207,2019-07-22T15:24:28Z,46.19261667,13.38675000,1705.00,27.561
13067,4,7461,11369.195371842967,8218.532922297207,2019-07-22T15:24:29Z,46.19271667,13.38693333,1707.00,27.574
13068,4,7462,11370.195371842967,8219.532922297207,2019-07-22T15:24:30Z,46.19280000,13.38713333,1708.00,27.586
13069,4,7463,11371.195371842967,8220.532922297207,2019-07-22T15:24:31Z,46.19285000,13.38735000,1709.00,27.595
13070,4,7464,11372.195371842967,8221.532922297207,2019-07-22T15:24:32Z,46.19288333,13.38758333,1708.00,27.603
13071,4,7465,11373.195371842967,8222.532922297207,2019-07-22T15:24:33Z,46.19288333,13.38781667,1709.00,27.607
13072,4,7466,11374.195371842967,8223.532922297207,2019-07-22T15:24:34Z,46.19285000,13.38805000,1712.00,27.607
13073,4,7467,11375.195371842967,8224.532922297207,2019-07-22T15:24:35Z,46.19280000,13.38825000,1714.00,27.605
13074,4,7468,11376.195371842967,8225.532922297207,2019-07-22T15:24:36Z,46.19273333,13.38841667,1717.00,27.601
13075,4,7469,11377.195371842967,8226.532922297207,2019-07-22T15:24:37Z,46.19266667,13.38856667,1721.00,27.597
13076,4,7470,11378.195371842967,8227.532922297207,2019-07-22T15:24:38Z,46.19260000,13.38871667,1722.00,27.593
13077,4,7471,11379.195371842967,8228.532922297207,2019-07-22T15:24:39Z,46.19251667,13.38885000,1723.00,27.587
13078,4,7472,11380.195371842967,8229.532922297207,2019-07-22T15:24:40Z,46.19243333,13.38896667,1725.00,27.58
13079,4,7473,11381.195371842967,8230.532922297207,2019-07-22T15:24:41Z,46.19231667,13.38906667,1726.00,27.57
13080,4,7474,11382.195371842967,8231.532922297207,2019-07-22T15:24:42Z,46.19220000,13.38913333,1727.00,27.559
13081,4,7475,11383.195371842967,8232.532922297207,2019-07-22T15:24:43Z,46.19208333,13.38916667,1728.00,27.547
13082,4,7476,11384.195371842967,8233.532922297207,2019-07-22T15:24:44Z,46.19195000,13.38916667,1727.00,27.533
13083,4,7477,11385.195371842967,8234.532922297207,2019-07-22T15:24:45Z,46.19181667,13.38913333,1726.00,27.518
13084,4,7478,11386.195371842967,8235.532922297207,2019-07-22T15:24:46Z,46.19170000,13.38903333,1726.00,27.503
13085,4,7479,11387.195371842967,8236.532922297207,2019-07-22T15:24:47Z,46.19158333,13.38890000,1727.00,27.488
13086,4,7480,11388.195371842967,8237.532922297207,2019-07-22T15:24:48Z,46.19150000,13.38875000,1729.00,27.476
13087,4,7481,11389.195371842967,8238.532922297207,2019-07-22T15:24:49Z,46.19143333,13.38856667,1731.00,27.465
13088,4,7482,11390.195371842967,8239.532922297207,2019-07-22T15:24:50Z,46.19141667,13.38835000,1734.00,27.458
13089,4,7483,11391.195371842967,8240.532922297207,2019-07-22T15:24:51Z,46.19141667,13.38815000,1737.00,27.454
13090,4,7484,11392.195371842967,8241.532922297207,2019-07-22T15:24:52Z,46.19146667,13.38798333,1739.00,27.457
13091,4,7485,11393.195371842967,8242.532922297207,2019-07-22T15:24:53Z,46.19155000,13.38786667,1742.00,27.463
13092,4,7486,11394.195371842967,8243.532922297207,2019-07-22T15:24:54Z,46.19168333,13.38781667,1745.00,27.477
13093,4,7487,11395.195371842967,8244.532922297207,2019-07-22T15:24:55Z,46.19180000,13.38783333,1746.00,27.49
13094,4,7488,11396.195371842967,8245.532922297207,2019-07-22T15:24:56Z,46.19193333,13.38793333,1747.00,27.506
13095,4,7489,11397.195371842967,8246.532922297207,2019-07-22T15:24:57Z,46.19205000,13.38808333,1746.00,27.521
13096,4,7490,11398.195371842967,8247.532922297207,2019-07-22T15:24:58Z,46.19211667,13.38830000,1747.00,27.533
13097,4,7491,11399.195371842967,8248.532922297207,2019-07-22T15:24:59Z,46.19216667,13.38851667,1749.00,27.542
13098,4,7492,11400.195371842967,8249.532922297207,2019-07-22T15:25:00Z,46.19218333,13.38871667,1751.00,27.548
13099,4,7493,11401.195371842967,8250.532922297207,2019-07-22T15:25:01Z,46.19216667,13.38890000,1754.00,27.55
13100,4,7494,11402.195371842967,8251.532922297207,2019-07-22T15:25:02Z,46.19213333,13.38908333,1756.00,27.551
13101,4,7495,11403.195371842967,8252.532922297207,2019-07-22T15:25:03Z,46.19208333,13.38925000,1758.00,27.549
13102,4,7496,11404.195371842967,8253.532922297207,2019-07-22T15:25:04Z,46.19203333,13.38940000,1759.00,27.547
13103,4,7497,11405.195371842967,8254.532922297207,2019-07-22T15:25:05Z,46.19195000,13.38955000,1759.00,27.541
13104,4,7498,11406.195371842967,8255.532922297207,2019-07-22T15:25:06Z,46.19185000,13.38966667,1759.00,27.534
13105,4,7499,11407.195371842967,8256.532922297207,2019-07-22T15:25:07Z,46.19171667,13.38975000,1760.00,27.521
13106,4,7500,11408.195371842967,8257.532922297207,2019-07-22T15:25:08Z,46.19158333,13.38978333,1761.00,27.508
13107,4,7501,11409.195371842967,8258.532922297207,2019-07-22T15:25:09Z,46.19143333,13.38978333,1762.00,27.492
13108,4,7502,11410.195371842967,8259.532922297207,2019-07-22T15:25:10Z,46.19131667,13.38971667,1764.00,27.478
13109,4,7503,11411.195371842967,8260.532922297207,2019-07-22T15:25:11Z,46.19121667,13.38961667,1767.00,27.465
13110,4,7504,11412.195371842967,8261.532922297207,2019-07-22T15:25:12Z,46.19113333,13.38948333,1770.00,27.453
13111,4,7505,11413.195371842967,8262.532922297207,2019-07-22T15:25:13Z,46.19108333,13.38933333,1773.00,27.445
13112,4,7506,11414.195371842967,8263.532922297207,2019-07-22T15:25:14Z,46.19106667,13.38920000,1775.00,27.44
13113,4,7507,11415.195371842967,8264.532922297207,2019-07-22T15:25:15Z,46.19106667,13.38903333,1777.00,27.436
13114,4,7508,11416.195371842967,8265.532922297207,2019-07-22T15:25:16Z,46.19111667,13.38888333,1778.00,27.438
13115,4,7509,11417.195371842967,8266.532922297207,2019-07-22T15:25:17Z,46.19120000,13.38875000,1780.00,27.444
13116,4,7510,11418.195371842967,8267.532922297207,2019-07-22T15:25:18Z,46.19128333,13.38863333,1781.00,27.45
13117,4,7511,11419.195371842967,8268.532922297207,2019-07-22T15:25:19Z,46.19138333,13.38853333,1782.00,27.459
13118,4,7512,11420.195371842967,8269.532922297207,2019-07-22T15:25:20Z,46.19150000,13.38845000,1782.00,27.469
13119,4,7513,11421.195371842967,8270.532922297207,2019-07-22T15:25:21Z,46.19161667,13.38840000,1781.00,27.481
13120,4,7514,11422.195371842967,8271.532922297207,2019-07-22T15:25:22Z,46.19176667,13.38838333,1781.00,27.497
13121,4,7515,11423.195371842967,8272.532922297207,2019-07-22T15:25:23Z,46.19190000,13.38841667,1780.00,27.512
13122,4,7516,11424.195371842967,8273.532922297207,2019-07-22T15:25:24Z,46.19205000,13.38846667,1779.00,27.529
13123,4,7517,11425.195371842967,8274.532922297207,2019-07-22T15:25:25Z,46.19218333,13.38856667,1779.00,27.545
13124,4,7518,11426.195371842967,8275.532922297207,2019-07-22T15:25:26Z,46.19231667,13.38868333,1781.00,27.562
13125,4,7519,11427.195371842967,8276.532922297207,2019-07-22T15:25:27Z,46.19245000,13.38881667,1783.00,27.579
13126,4,7520,11428.195371842967,8277.532922297207,2019-07-22T15:25:28Z,46.19255000,13.38895000,1786.00,27.592
13127,4,7521,11429.195371842967,8278.532922297207,2019-07-22T15:25:29Z,46.19266667,13.38908333,1788.00,27.608
13128,4,7522,11430.195371842967,8279.532922297207,2019-07-22T15:25:30Z,46.19276667,13.38925000,1789.00,27.622
13129,4,7523,11431.195371842967,8280.532922297207,2019-07-22T15:25:31Z,46.19286667,13.38943333,1790.00,27.636
13130,4,7524,11432.195371842967,8281.532922297207,2019-07-22T15:25:32Z,46.19298333,13.38963333,1790.00,27.653
13131,4,7525,11433.195371842967,8282.532922297207,2019-07-22T15:25:33Z,46.19311667,13.38980000,1790.00,27.671
13132,4,7526,11434.195371842967,8283.532922297207,2019-07-22T15:25:34Z,46.19328333,13.38988333,1791.00,27.691
13133,4,7527,11435.195371842967,8284.532922297207,2019-07-22T15:25:35Z,46.19345000,13.38991667,1790.00,27.709
13134,4,7528,11436.195371842967,8285.532922297207,2019-07-22T15:25:36Z,46.19361667,13.38988333,1792.00,27.726
13135,4,7529,11437.195371842967,8286.532922297207,2019-07-22T15:25:37Z,46.19376667,13.38983333,1793.00,27.741
13136,4,7530,11438.195371842967,8287.532922297207,2019-07-22T15:25:38Z,46.19391667,13.38978333,1795.00,27.756
13137,4,7531,11439.195371842967,8288.532922297207,2019-07-22T15:25:39Z,46.19406667,13.38970000,1797.00,27.77
13138,4,7532,11440.195371842967,8289.532922297207,2019-07-22T15:25:40Z,46.19421667,13.38963333,1800.00,27.785
13139,4,7533,11441.195371842967,8290.532922297207,2019-07-22T15:25:41Z,46.19435000,13.38955000,1800.00,27.797
13140,4,7534,11442.195371842967,8291.532922297207,2019-07-22T15:25:42Z,46.19450000,13.38946667,1800.00,27.812
13141,4,7535,11443.195371842967,8292.532922297207,2019-07-22T15:25:43Z,46.19461667,13.38933333,1800.00,27.822
13142,4,7536,11444.195371842967,8293.532922297207,2019-07-22T15:25:44Z,46.19471667,13.38916667,1800.00,27.829
13143,4,7537,11445.195371842967,8294.532922297207,2019-07-22T15:25:45Z,46.19480000,13.38900000,1802.00,27.835
13144,4,7538,11446.195371842967,8295.532922297207,2019-07-22T15:25:46Z,46.19483333,13.38881667,1804.00,27.835
13145,4,7539,11447.195371842967,8296.532922297207,2019-07-22T15:25:47Z,46.19483333,13.38866667,1805.00,27.833
13146,4,7540,11448.195371842967,8297.532922297207,2019-07-22T15:25:48Z,46.19480000,13.38853333,1807.00,27.827
13147,4,7541,11449.195371842967,8298.532922297207,2019-07-22T15:25:49Z,46.19473333,13.38841667,1807.00,27.817
13148,4,7542,11450.195371842967,8299.532922297207,2019-07-22T15:25:50Z,46.19465000,13.38830000,1807.00,27.806
13149,4,7543,11451.195371842967,8300.532922297207,2019-07-22T15:25:51Z,46.19455000,13.38821667,1806.00,27.794
13150,4,7544,11452.195371842967,8301.532922297207,2019-07-22T15:25:52Z,46.19445000,13.38816667,1807.00,27.783
13151,4,7545,11453.195371842967,8302.532922297207,2019-07-22T15:25:53Z,46.19433333,13.38813333,1807.00,27.769
13152,4,7546,11454.195371842967,8303.532922297207,2019-07-22T15:25:54Z,46.19421667,13.38811667,1806.00,27.756
13153,4,7547,11455.195371842967,8304.532922297207,2019-07-22T15:25:55Z,46.19410000,13.38811667,1805.00,27.744
13154,4,7548,11456.195371842967,8305.532922297207,2019-07-22T15:25:56Z,46.19396667,13.38815000,1805.00,27.73
13155,4,7549,11457.195371842967,8306.532922297207,2019-07-22T15:25:57Z,46.19383333,13.38818333,1805.00,27.716
13156,4,7550,11458.195371842967,8307.532922297207,2019-07-22T15:25:58Z,46.19371667,13.38823333,1803.00,27.704
13157,4,7551,11459.195371842967,8308.532922297207,2019-07-22T15:25:59Z,46.19358333,13.38830000,1802.00,27.691
13158,4,7552,11460.195371842967,8309.532922297207,2019-07-22T15:26:00Z,46.19345000,13.38838333,1801.00,27.678
13159,4,7553,11461.195371842967,8310.532922297207,2019-07-22T15:26:01Z,46.19331667,13.38848333,1800.00,27.665
13160,4,7554,11462.195371842967,8311.532922297207,2019-07-22T15:26:02Z,46.19318333,13.38858333,1799.00,27.653
13161,4,7555,11463.195371842967,8312.532922297207,2019-07-22T15:26:03Z,46.19305000,13.38866667,1799.00,27.64
13162,4,7556,11464.195371842967,8313.532922297207,2019-07-22T15:26:04Z,46.19291667,13.38875000,1799.00,27.628
13163,4,7557,11465.195371842967,8314.532922297207,2019-07-22T15:26:05Z,46.19278333,13.38883333,1798.00,27.615
13164,4,7558,11466.195371842967,8315.532922297207,2019-07-22T15:26:06Z,46.19263333,13.38888333,1797.00,27.6
13165,4,7559,11467.195371842967,8316.532922297207,2019-07-22T15:26:07Z,46.19246667,13.38896667,1796.00,27.584
13166,4,7560,11468.195371842967,8317.532922297207,2019-07-22T15:26:08Z,46.19231667,13.38905000,1793.00,27.569
13167,4,7561,11469.195371842967,8318.532922297207,2019-07-22T15:26:09Z,46.19218333,13.38913333,1792.00,27.557
13168,4,7562,11470.195371842967,8319.532922297207,2019-07-22T15:26:10Z,46.19205000,13.38921667,1794.00,27.545
13169,4,7563,11471.195371842967,8320.532922297207,2019-07-22T15:26:11Z,46.19191667,13.38930000,1796.00,27.532
13170,4,7564,11472.195371842967,8321.532922297207,2019-07-22T15:26:12Z,46.19178333,13.38938333,1796.00,27.52
13171,4,7565,11473.195371842967,8322.532922297207,2019-07-22T15:26:13Z,46.19165000,13.38945000,1796.00,27.507
13172,4,7566,11474.195371842967,8323.532922297207,2019-07-22T15:26:14Z,46.19150000,13.38955000,1797.00,27.494
13173,4,7567,11475.195371842967,8324.532922297207,2019-07-22T15:26:15Z,46.19136667,13.38963333,1797.00,27.482
13174,4,7568,11476.195371842967,8325.532922297207,2019-07-22T15:26:16Z,46.19121667,13.38973333,1797.00,27.468
13175,4,7569,11477.195371842967,8326.532922297207,2019-07-22T15:26:17Z,46.19108333,13.38981667,1796.00,27.456
13176,4,7570,11478.195371842967,8327.532922297207,2019-07-22T15:26:18Z,46.19093333,13.38991667,1795.00,27.443
13177,4,7571,11479.195371842967,8328.532922297207,2019-07-22T15:26:19Z,46.19076667,13.39003333,1793.00,27.429
13178,4,7572,11480.195371842967,8329.532922297207,2019-07-22T15:26:20Z,46.19061667,13.39013333,1793.00,27.416
13179,4,7573,11481.195371842967,8330.532922297207,2019-07-22T15:26:21Z,46.19048333,13.39023333,1794.00,27.404
13180,4,7574,11482.195371842967,8331.532922297207,2019-07-22T15:26:22Z,46.19033333,13.39033333,1793.00,27.391
13181,4,7575,11483.195371842967,8332.532922297207,2019-07-22T15:26:23Z,46.19020000,13.39043333,1790.00,27.38
13182,4,7576,11484.195371842967,8333.532922297207,2019-07-22T15:26:24Z,46.19005000,13.39053333,1789.00,27.368
13183,4,7577,11485.195371842967,8334.532922297207,2019-07-22T15:26:25Z,46.18990000,13.39061667,1788.00,27.355
13184,4,7578,11486.195371842967,8335.532922297207,2019-07-22T15:26:26Z,46.18975000,13.39071667,1788.00,27.342
13185,4,7579,11487.195371842967,8336.532922297207,2019-07-22T15:26:27Z,46.18960000,13.39080000,1787.00,27.329
13186,4,7580,11488.195371842967,8337.532922297207,2019-07-22T15:26:28Z,46.18945000,13.39090000,1785.00,27.317
13187,4,7581,11489.195371842967,8338.532922297207,2019-07-22T15:26:29Z,46.18930000,13.39098333,1783.00,27.304
13188,4,7582,11490.195371842967,8339.532922297207,2019-07-22T15:26:30Z,46.18915000,13.39108333,1783.00,27.292
13189,4,7583,11491.195371842967,8340.532922297207,2019-07-22T15:26:31Z,46.18900000,13.39116667,1783.00,27.28
13190,4,7584,11492.195371842967,8341.532922297207,2019-07-22T15:26:32Z,46.18886667,13.39125000,1784.00,27.269
13191,4,7585,11493.195371842967,8342.532922297207,2019-07-22T15:26:33Z,46.18871667,13.39133333,1784.00,27.257
13192,4,7586,11494.195371842967,8343.532922297207,2019-07-22T15:26:34Z,46.18858333,13.39141667,1784.00,27.246
13193,4,7587,11495.195371842967,8344.532922297207,2019-07-22T15:26:35Z,46.18846667,13.39150000,1783.00,27.237
13194,4,7588,11496.195371842967,8345.532922297207,2019-07-22T15:26:36Z,46.18833333,13.39158333,1782.00,27.227
13195,4,7589,11497.195371842967,8346.532922297207,2019-07-22T15:26:37Z,46.18821667,13.39170000,1782.00,27.219
13196,4,7590,11498.195371842967,8347.532922297207,2019-07-22T15:26:38Z,46.18808333,13.39180000,1782.00,27.21
13197,4,7591,11499.195371842967,8348.532922297207,2019-07-22T15:26:39Z,46.18795000,13.39191667,1778.00,27.201
13198,4,7592,11500.195371842967,8349.532922297207,2019-07-22T15:26:40Z,46.18780000,13.39203333,1776.00,27.189
13199,4,7593,11501.195371842967,8350.532922297207,2019-07-22T15:26:41Z,46.18765000,13.39211667,1775.00,27.174
13200,4,7594,11502.195371842967,8351.532922297207,2019-07-22T15:26:42Z,46.18751667,13.39218333,1775.00,27.16
13201,4,7595,11503.195371842967,8352.532922297207,2019-07-22T15:26:43Z,46.18736667,13.39225000,1775.00,27.144
13202,4,7596,11504.195371842967,8353.532922297207,2019-07-22T15:26:44Z,46.18723333,13.39233333,1775.00,27.131
13203,4,7597,11505.195371842967,8354.532922297207,2019-07-22T15:26:45Z,46.18708333,13.39241667,1774.00,27.115
13204,4,7598,11506.195371842967,8355.532922297207,2019-07-22T15:26:46Z,46.18693333,13.39251667,1772.00,27.1
13205,4,7599,11507.195371842967,8356.532922297207,2019-07-22T15:26:47Z,46.18678333,13.39261667,1769.00,27.085
13206,4,7600,11508.195371842967,8357.532922297207,2019-07-22T15:26:48Z,46.18663333,13.39273333,1767.00,27.071
13207,4,7601,11509.195371842967,8358.532922297207,2019-07-22T15:26:49Z,46.18646667,13.39281667,1766.00,27.054
13208,4,7602,11510.195371842967,8359.532922297207,2019-07-22T15:26:50Z,46.18631667,13.39290000,1766.00,27.039
13209,4,7603,11511.195371842967,8360.532922297207,2019-07-22T15:26:51Z,46.18616667,13.39300000,1766.00,27.025
13210,4,7604,11512.195371842967,8361.532922297207,2019-07-22T15:26:52Z,46.18603333,13.39308333,1765.00,27.012
13211,4,7605,11513.195371842967,8362.532922297207,2019-07-22T15:26:53Z,46.18590000,13.39316667,1766.00,26.999
13212,4,7606,11514.195371842967,8363.532922297207,2019-07-22T15:26:54Z,46.18576667,13.39326667,1766.00,26.987
13213,4,7607,11515.195371842967,8364.532922297207,2019-07-22T15:26:55Z,46.18563333,13.39335000,1764.00,26.974
13214,4,7608,11516.195371842967,8365.532922297207,2019-07-22T15:26:56Z,46.18548333,13.39345000,1762.00,26.96
13215,4,7609,11517.195371842967,8366.532922297207,2019-07-22T15:26:57Z,46.18533333,13.39353333,1760.00,26.946
13216,4,7610,11518.195371842967,8367.532922297207,2019-07-22T15:26:58Z,46.18518333,13.39363333,1758.00,26.933
13217,4,7611,11519.195371842967,8368.532922297207,2019-07-22T15:26:59Z,46.18503333,13.39371667,1755.00,26.919
13218,4,7612,11520.195371842967,8369.532922297207,2019-07-22T15:27:00Z,46.18486667,13.39380000,1753.00,26.904
13219,4,7613,11521.195371842967,8370.532922297207,2019-07-22T15:27:01Z,46.18471667,13.39386667,1751.00,26.89
13220,4,7614,11522.195371842967,8371.532922297207,2019-07-22T15:27:02Z,46.18455000,13.39393333,1749.00,26.874
13221,4,7615,11523.195371842967,8372.532922297207,2019-07-22T15:27:03Z,46.18440000,13.39400000,1747.00,26.86
13222,4,7616,11524.195371842967,8373.532922297207,2019-07-22T15:27:04Z,46.18425000,13.39408333,1746.00,26.847
13223,4,7617,11525.195371842967,8374.532922297207,2019-07-22T15:27:05Z,46.18410000,13.39415000,1744.00,26.834
13224,4,7618,11526.195371842967,8375.532922297207,2019-07-22T15:27:06Z,46.18395000,13.39425000,1741.00,26.822
13225,4,7619,11527.195371842967,8376.532922297207,2019-07-22T15:27:07Z,46.18378333,13.39435000,1738.00,26.808
13226,4,7620,11528.195371842967,8377.532922297207,2019-07-22T15:27:08Z,46.18363333,13.39446667,1735.00,26.797
13227,4,7621,11529.195371842967,8378.532922297207,2019-07-22T15:27:09Z,46.18346667,13.39456667,1732.00,26.784
13228,4,7622,11530.195371842967,8379.532922297207,2019-07-22T15:27:10Z,46.18331667,13.39468333,1730.00,26.773
13229,4,7623,11531.195371842967,8380.532922297207,2019-07-22T15:27:11Z,46.18315000,13.39480000,1727.00,26.761
13230,4,7624,11532.195371842967,8381.532922297207,2019-07-22T15:27:12Z,46.18300000,13.39491667,1724.00,26.752
13231,4,7625,11533.195371842967,8382.532922297207,2019-07-22T15:27:13Z,46.18285000,13.39503333,1722.00,26.742
13232,4,7626,11534.195371842967,8383.532922297207,2019-07-22T15:27:14Z,46.18270000,13.39516667,1719.00,26.734
13233,4,7627,11535.195371842967,8384.532922297207,2019-07-22T15:27:15Z,46.18255000,13.39531667,1716.00,26.726
13234,4,7628,11536.195371842967,8385.532922297207,2019-07-22T15:27:16Z,46.18238333,13.39545000,1713.00,26.717
13235,4,7629,11537.195371842967,8386.532922297207,2019-07-22T15:27:17Z,46.18223333,13.39560000,1710.00,26.711
13236,4,7630,11538.195371842967,8387.532922297207,2019-07-22T15:27:18Z,46.18206667,13.39573333,1706.00,26.703
13237,4,7631,11539.195371842967,8388.532922297207,2019-07-22T15:27:19Z,46.18188333,13.39588333,1702.00,26.695
13238,4,7632,11540.195371842967,8389.532922297207,2019-07-22T15:27:20Z,46.18171667,13.39601667,1702.00,26.688
13239,4,7633,11541.195371842967,8390.532922297207,2019-07-22T15:27:21Z,46.18156667,13.39615000,1702.00,26.683
13240,4,7634,11542.195371842967,8391.532922297207,2019-07-22T15:27:22Z,46.18140000,13.39628333,1703.00,26.678
13241,4,7635,11543.195371842967,8392.532922297207,2019-07-22T15:27:23Z,46.18125000,13.39643333,1702.00,26.675
13242,4,7636,11544.195371842967,8393.532922297207,2019-07-22T15:27:24Z,46.18110000,13.39656667,1701.00,26.672
13243,4,7637,11545.195371842967,8394.532922297207,2019-07-22T15:27:25Z,46.18093333,13.39668333,1700.00,26.667
13244,4,7638,11546.195371842967,8395.532922297207,2019-07-22T15:27:26Z,46.18078333,13.39681667,1699.00,26.665
13245,4,7639,11547.195371842967,8396.532922297207,2019-07-22T15:27:27Z,46.18061667,13.39695000,1699.00,26.662
13246,4,7640,11548.195371842967,8397.532922297207,2019-07-22T15:27:28Z,46.18046667,13.39708333,1697.00,26.646
13247,4,7641,11549.195371842967,8398.532922297207,2019-07-22T15:27:29Z,46.18031667,13.39721667,1695.00,26.626
13248,4,7642,11550.195371842967,8399.532922297207,2019-07-22T15:27:30Z,46.18015000,13.39733333,1694.00,26.606
13249,4,7643,11551.195371842967,8400.532922297207,2019-07-22T15:27:31Z,46.18000000,13.39745000,1692.00,26.587
13250,4,7644,11552.195371842967,8401.532922297207,2019-07-22T15:27:32Z,46.17983333,13.39756667,1690.00,26.567
13251,4,7645,11553.195371842967,8402.532922297207,2019-07-22T15:27:33Z,46.17966667,13.39766667,1689.00,26.547
13252,4,7646,11554.195371842967,8403.532922297207,2019-07-22T15:27:34Z,46.17950000,13.39776667,1688.00,26.527
13253,4,7647,11555.195371842967,8404.532922297207,2019-07-22T15:27:35Z,46.17933333,13.39786667,1684.00,26.507
13254,4,7648,11556.195371842967,8405.532922297207,2019-07-22T15:27:36Z,46.17918333,13.39796667,1684.00,26.49
13255,4,7649,11557.195371842967,8406.532922297207,2019-07-22T15:27:37Z,46.17901667,13.39806667,1683.00,26.472
13256,5,1,11558.195371842967,8407.532922297207,2019-07-22T15:27:38Z,46.17885000,13.39816667,1681.00,26.467
13257,5,2,11559.195371842967,8408.532922297207,2019-07-22T15:27:39Z,46.17870000,13.39826667,1679.00,26.482
13258,5,3,11560.195371842967,8409.532922297207,2019-07-22T15:27:40Z,46.17855000,13.39836667,1678.00,26.496
13259,5,4,11561.195371842967,8410.532922297207,2019-07-22T15:27:41Z,46.17838333,13.39848333,1676.00,26.513
13260,5,5,11562.195371842967,8411.532922297207,2019-07-22T15:27:42Z,46.17823333,13.39858333,1674.00,26.527
13261,5,6,11563.195371842967,8412.532922297207,2019-07-22T15:27:43Z,46.17808333,13.39868333,1671.00,26.542
13262,5,7,11564.195371842967,8413.532922297207,2019-07-22T15:27:44Z,46.17793333,13.39878333,1669.00,26.557
13263,5,8,11565.195371842967,8414.532922297207,2019-07-22T15:27:45Z,46.17780000,13.39888333,1668.00,26.57
13264,5,9,11566.195371842967,8415.532922297207,2019-07-22T15:27:46Z,46.17766667,13.39900000,1667.00,26.585
13265,5,10,11567.195371842967,8416.532922297207,2019-07-22T15:27:47Z,46.17753333,13.39911667,1666.00,26.6
13266,5,11,11568.195371842967,8417.532922297207,2019-07-22T15:27:48Z,46.17741667,13.39923333,1665.00,26.614
13267,5,12,11569.195371842967,8418.532922297207,2019-07-22T15:27:49Z,46.17728333,13.39936667,1662.00,26.63
13268,5,13,11570.195371842967,8419.532922297207,2019-07-22T15:27:50Z,46.17715000,13.39948333,1660.00,26.645
13269,5,14,11571.195371842967,8420.532922297207,2019-07-22T15:27:51Z,46.17701667,13.39961667,1658.00,26.661
13270,5,15,11572.195371842967,8421.532922297207,2019-07-22T15:27:52Z,46.17686667,13.39973333,1656.00,26.677
13271,5,16,11573.195371842967,8422.532922297207,2019-07-22T15:27:53Z,46.17673333,13.39986667,1656.00,26.693
13272,5,17,11574.195371842967,8423.532922297207,2019-07-22T15:27:54Z,46.17658333,13.39996667,1654.00,26.708
13273,5,18,11575.195371842967,8424.532922297207,2019-07-22T15:27:55Z,46.17643333,13.40008333,1654.00,26.724
13274,5,19,11576.195371842967,8425.532922297207,2019-07-22T15:27:56Z,46.17628333,13.40018333,1654.00,26.738
13275,5,20,11577.195371842967,8426.532922297207,2019-07-22T15:27:57Z,46.17613333,13.40026667,1652.00,26.752
13276,5,21,11578.195371842967,8427.532922297207,2019-07-22T15:27:58Z,46.17598333,13.40036667,1650.00,26.767
13277,5,22,11579.195371842967,8428.532922297207,2019-07-22T15:27:59Z,46.17583333,13.40046667,1648.00,26.781
13278,5,23,11580.195371842967,8429.532922297207,2019-07-22T15:28:00Z,46.17568333,13.40058333,1647.00,26.797
13279,5,24,11581.195371842967,8430.532922297207,2019-07-22T15:28:01Z,46.17553333,13.40068333,1645.00,26.812
13280,5,25,11582.195371842967,8431.532922297207,2019-07-22T15:28:02Z,46.17538333,13.40078333,1643.00,26.827
13281,5,26,11583.195371842967,8432.532922297207,2019-07-22T15:28:03Z,46.17521667,13.40088333,1639.00,26.842
13282,5,27,11584.195371842967,8433.532922297207,2019-07-22T15:28:04Z,46.17505000,13.40095000,1638.00,26.856
13283,5,28,11585.195371842967,8434.532922297207,2019-07-22T15:28:05Z,46.17488333,13.40103333,1639.00,26.87
13284,5,29,11586.195371842967,8435.532922297207,2019-07-22T15:28:06Z,46.17471667,13.40111667,1638.00,26.884
13285,5,30,11587.195371842967,8436.532922297207,2019-07-22T15:28:07Z,46.17456667,13.40120000,1636.00,26.898
13286,5,31,11588.195371842967,8437.532922297207,2019-07-22T15:28:08Z,46.17440000,13.40128333,1636.00,26.913
13287,5,32,11589.195371842967,8438.532922297207,2019-07-22T15:28:09Z,46.17423333,13.40136667,1634.00,26.927
13288,5,33,11590.195371842967,8439.532922297207,2019-07-22T15:28:10Z,46.17408333,13.40146667,1633.00,26.942
13289,5,34,11591.195371842967,8440.532922297207,2019-07-22T15:28:11Z,46.17391667,13.40155000,1632.00,26.956
13290,5,35,11592.195371842967,8441.532922297207,2019-07-22T15:28:12Z,46.17375000,13.40163333,1631.00,26.971
13291,5,36,11593.195371842967,8442.532922297207,2019-07-22T15:28:13Z,46.17356667,13.40171667,1631.00,26.986
13292,5,37,11594.195371842967,8443.532922297207,2019-07-22T15:28:14Z,46.17340000,13.40178333,1629.00,27.0
13293,5,38,11595.195371842967,8444.532922297207,2019-07-22T15:28:15Z,46.17323333,13.40186667,1628.00,27.014
13294,5,39,11596.195371842967,8445.532922297207,2019-07-22T15:28:16Z,46.17306667,13.40195000,1626.00,27.029
13295,5,40,11597.195371842967,8446.532922297207,2019-07-22T15:28:17Z,46.17290000,13.40203333,1625.00,27.044
13296,5,41,11598.195371842967,8447.532922297207,2019-07-22T15:28:18Z,46.17273333,13.40213333,1625.00,27.059
13297,5,42,11599.195371842967,8448.532922297207,2019-07-22T15:28:19Z,46.17256667,13.40220000,1624.00,27.073
13298,5,43,11600.195371842967,8449.532922297207,2019-07-22T15:28:20Z,46.17241667,13.40230000,1622.00,27.087
13299,5,44,11601.195371842967,8450.532922297207,2019-07-22T15:28:21Z,46.17226667,13.40238333,1620.00,27.101
13300,5,45,11602.195371842967,8451.532922297207,2019-07-22T15:28:22Z,46.17210000,13.40248333,1619.00,27.117
13301,5,46,11603.195371842967,8452.532922297207,2019-07-22T15:28:23Z,46.17195000,13.40256667,1617.00,27.131
13302,5,47,11604.195371842967,8453.532922297207,2019-07-22T15:28:24Z,46.17180000,13.40265000,1615.00,27.144
13303,5,48,11605.195371842967,8454.532922297207,2019-07-22T15:28:25Z,46.17165000,13.40273333,1611.00,27.158
13304,5,49,11606.195371842967,8455.532922297207,2019-07-22T15:28:26Z,46.17151667,13.40280000,1609.00,27.17
13305,5,50,11607.195371842967,8456.532922297207,2019-07-22T15:28:27Z,46.17136667,13.40285000,1608.00,27.181
13306,5,51,11608.195371842967,8457.532922297207,2019-07-22T15:28:28Z,46.17123333,13.40286667,1608.00,27.19
13307,5,52,11609.195371842967,8458.532922297207,2019-07-22T15:28:29Z,46.17110000,13.40286667,1607.00,27.197
13308,5,53,11610.195371842967,8459.532922297207,2019-07-22T15:28:30Z,46.17096667,13.40283333,1605.00,27.202
13309,5,54,11611.195371842967,8460.532922297207,2019-07-22T15:28:31Z,46.17085000,13.40278333,1602.00,27.205
13310,5,55,11612.195371842967,8461.532922297207,2019-07-22T15:28:32Z,46.17073333,13.40270000,1600.00,27.206
13311,5,56,11613.195371842967,8462.532922297207,2019-07-22T15:28:33Z,46.17063333,13.40256667,1596.00,27.202
13312,5,57,11614.195371842967,8463.532922297207,2019-07-22T15:28:34Z,46.17053333,13.40240000,1594.00,27.196
13313,5,58,11615.195371842967,8464.532922297207,2019-07-22T15:28:35Z,46.17048333,13.40220000,1591.00,27.186
13314,5,59,11616.195371842967,8465.532922297207,2019-07-22T15:28:36Z,46.17046667,13.40196667,1586.00,27.171
13315,5,60,11617.195371842967,8466.532922297207,2019-07-22T15:28:37Z,46.17048333,13.40173333,1583.00,27.154
13316,5,61,11618.195371842967,8467.532922297207,2019-07-22T15:28:38Z,46.17055000,13.40151667,1579.00,27.136
13317,5,62,11619.195371842967,8468.532922297207,2019-07-22T15:28:39Z,46.17061667,13.40130000,1576.00,27.118
13318,5,63,11620.195371842967,8469.532922297207,2019-07-22T15:28:40Z,46.17070000,13.40110000,1575.00,27.1
13319,5,64,11621.195371842967,8470.532922297207,2019-07-22T15:28:41Z,46.17078333,13.40091667,1572.00,27.083
13320,5,65,11622.195371842967,8471.532922297207,2019-07-22T15:28:42Z,46.17086667,13.40073333,1571.00,27.066
13321,5,66,11623.195371842967,8472.532922297207,2019-07-22T15:28:43Z,46.17096667,13.40056667,1569.00,27.05
13322,5,67,11624.195371842967,8473.532922297207,2019-07-22T15:28:44Z,46.17106667,13.40041667,1567.00,27.034
13323,5,68,11625.195371842967,8474.532922297207,2019-07-22T15:28:45Z,46.17115000,13.40023333,1566.00,27.017
13324,5,69,11626.195371842967,8475.532922297207,2019-07-22T15:28:46Z,46.17123333,13.40006667,1564.00,27.002
13325,5,70,11627.195371842967,8476.532922297207,2019-07-22T15:28:47Z,46.17133333,13.39990000,1562.00,26.985
13326,5,71,11628.195371842967,8477.532922297207,2019-07-22T15:28:48Z,46.17141667,13.39975000,1560.00,26.97
13327,5,72,11629.195371842967,8478.532922297207,2019-07-22T15:28:49Z,46.17150000,13.39958333,1559.00,26.955
13328,5,73,11630.195371842967,8479.532922297207,2019-07-22T15:28:50Z,46.17158333,13.39945000,1556.00,26.941
13329,5,74,11631.195371842967,8480.532922297207,2019-07-22T15:28:51Z,46.17168333,13.39930000,1555.00,26.926
13330,5,75,11632.195371842967,8481.532922297207,2019-07-22T15:28:52Z,46.17178333,13.39915000,1554.00,26.91
13331,5,76,11633.195371842967,8482.532922297207,2019-07-22T15:28:53Z,46.17188333,13.39900000,1549.00,26.895
13332,5,77,11634.195371842967,8483.532922297207,2019-07-22T15:28:54Z,46.17198333,13.39885000,1546.00,26.879
13333,5,78,11635.195371842967,8484.532922297207,2019-07-22T15:28:55Z,46.17210000,13.39870000,1545.00,26.863
13334,5,79,11636.195371842967,8485.532922297207,2019-07-22T15:28:56Z,46.17220000,13.39853333,1544.00,26.846
13335,5,80,11637.195371842967,8486.532922297207,2019-07-22T15:28:57Z,46.17231667,13.39838333,1542.00,26.83
13336,5,81,11638.195371842967,8487.532922297207,2019-07-22T15:28:58Z,46.17243333,13.39821667,1541.00,26.812
13337,5,82,11639.195371842967,8488.532922297207,2019-07-22T15:28:59Z,46.17253333,13.39806667,1539.00,26.796
13338,5,83,11640.195371842967,8489.532922297207,2019-07-22T15:29:00Z,46.17265000,13.39790000,1535.00,26.779
13339,5,84,11641.195371842967,8490.532922297207,2019-07-22T15:29:01Z,46.17275000,13.39773333,1533.00,26.762
13340,5,85,11642.195371842967,8491.532922297207,2019-07-22T15:29:02Z,46.17286667,13.39758333,1531.00,26.746
13341,5,86,11643.195371842967,8492.532922297207,2019-07-22T15:29:03Z,46.17296667,13.39741667,1530.00,26.729
13342,5,87,11644.195371842967,8493.532922297207,2019-07-22T15:29:04Z,46.17308333,13.39725000,1527.00,26.712
13343,5,88,11645.195371842967,8494.532922297207,2019-07-22T15:29:05Z,46.17320000,13.39710000,1523.00,26.695
13344,5,89,11646.195371842967,8495.532922297207,2019-07-22T15:29:06Z,46.17331667,13.39695000,1521.00,26.679
13345,5,90,11647.195371842967,8496.532922297207,2019-07-22T15:29:07Z,46.17343333,13.39681667,1520.00,26.664
13346,5,91,11648.195371842967,8497.532922297207,2019-07-22T15:29:08Z,46.17355000,13.39668333,1520.00,26.648
13347,5,92,11649.195371842967,8498.532922297207,2019-07-22T15:29:09Z,46.17366667,13.39655000,1520.00,26.633
13348,5,93,11650.195371842967,8499.532922297207,2019-07-22T15:29:10Z,46.17376667,13.39640000,1520.00,26.617
13349,5,94,11651.195371842967,8500.532922297207,2019-07-22T15:29:11Z,46.17386667,13.39625000,1518.00,26.602
13350,5,95,11652.195371842967,8501.532922297207,2019-07-22T15:29:12Z,46.17396667,13.39610000,1516.00,26.586
13351,5,96,11653.195371842967,8502.532922297207,2019-07-22T15:29:13Z,46.17406667,13.39593333,1514.00,26.57
13352,5,97,11654.195371842967,8503.532922297207,2019-07-22T15:29:14Z,46.17418333,13.39575000,1510.00,26.551
13353,5,98,11655.195371842967,8504.532922297207,2019-07-22T15:29:15Z,46.17428333,13.39558333,1507.00,26.535
13354,5,99,11656.195371842967,8505.532922297207,2019-07-22T15:29:16Z,46.17438333,13.39540000,1504.00,26.517
13355,5,100,11657.195371842967,8506.532922297207,2019-07-22T15:29:17Z,46.17448333,13.39520000,1504.00,26.498
13356,5,101,11658.195371842967,8507.532922297207,2019-07-22T15:29:18Z,46.17458333,13.39501667,1502.00,26.48
13357,5,102,11659.195371842967,8508.532922297207,2019-07-22T15:29:19Z,46.17468333,13.39485000,1501.00,26.464
13358,5,103,11660.195371842967,8509.532922297207,2019-07-22T15:29:20Z,46.17480000,13.39466667,1499.00,26.445
13359,5,104,11661.195371842967,8510.532922297207,2019-07-22T15:29:21Z,46.17490000,13.39450000,1497.00,26.428
13360,5,105,11662.195371842967,8511.532922297207,2019-07-22T15:29:22Z,46.17501667,13.39433333,1493.00,26.411
13361,5,106,11663.195371842967,8512.532922297207,2019-07-22T15:29:23Z,46.17511667,13.39415000,1492.00,26.393
13362,5,107,11664.195371842967,8513.532922297207,2019-07-22T15:29:24Z,46.17521667,13.39398333,1492.00,26.376
13363,5,108,11665.195371842967,8514.532922297207,2019-07-22T15:29:25Z,46.17533333,13.39381667,1491.00,26.359
13364,5,109,11666.195371842967,8515.532922297207,2019-07-22T15:29:26Z,46.17545000,13.39365000,1489.00,26.341
13365,5,110,11667.195371842967,8516.532922297207,2019-07-22T15:29:27Z,46.17555000,13.39348333,1486.00,26.325
13366,5,111,11668.195371842967,8517.532922297207,2019-07-22T15:29:28Z,46.17566667,13.39331667,1484.00,26.307
13367,5,112,11669.195371842967,8518.532922297207,2019-07-22T15:29:29Z,46.17578333,13.39315000,1484.00,26.29
13368,5,113,11670.195371842967,8519.532922297207,2019-07-22T15:29:30Z,46.17588333,13.39298333,1482.00,26.273
13369,5,114,11671.195371842967,8520.532922297207,2019-07-22T15:29:31Z,46.17600000,13.39283333,1480.00,26.257
13370,5,115,11672.195371842967,8521.532922297207,2019-07-22T15:29:32Z,46.17610000,13.39266667,1479.00,26.24
13371,5,116,11673.195371842967,8522.532922297207,2019-07-22T15:29:33Z,46.17618333,13.39250000,1479.00,26.224
13372,5,117,11674.195371842967,8523.532922297207,2019-07-22T15:29:34Z,46.17626667,13.39235000,1479.00,26.21
13373,5,118,11675.195371842967,8524.532922297207,2019-07-22T15:29:35Z,46.17636667,13.39220000,1477.00,26.194
13374,5,119,11676.195371842967,8525.532922297207,2019-07-22T15:29:36Z,46.17645000,13.39203333,1475.00,26.179
13375,5,120,11677.195371842967,8526.532922297207,2019-07-22T15:29:37Z,46.17655000,13.39186667,1474.00,26.162
13376,5,121,11678.195371842967,8527.532922297207,2019-07-22T15:29:38Z,46.17666667,13.39170000,1471.00,26.145
13377,5,122,11679.195371842967,8528.532922297207,2019-07-22T15:29:39Z,46.17676667,13.39151667,1470.00,26.127
13378,5,123,11680.195371842967,8529.532922297207,2019-07-22T15:29:40Z,46.17686667,13.39135000,1468.00,26.11
13379,5,124,11681.195371842967,8530.532922297207,2019-07-22T15:29:41Z,46.17695000,13.39116667,1466.00,26.093
13380,5,125,11682.195371842967,8531.532922297207,2019-07-22T15:29:42Z,46.17705000,13.39098333,1464.00,26.076
13381,5,126,11683.195371842967,8532.532922297207,2019-07-22T15:29:43Z,46.17715000,13.39080000,1463.00,26.058
13382,5,127,11684.195371842967,8533.532922297207,2019-07-22T15:29:44Z,46.17723333,13.39061667,1463.00,26.041
13383,5,128,11685.195371842967,8534.532922297207,2019-07-22T15:29:45Z,46.17733333,13.39045000,1462.00,26.024
13384,5,129,11686.195371842967,8535.532922297207,2019-07-22T15:29:46Z,46.17741667,13.39028333,1461.00,26.009
13385,5,130,11687.195371842967,8536.532922297207,2019-07-22T15:29:47Z,46.17751667,13.39011667,1460.00,25.992
13386,5,131,11688.195371842967,8537.532922297207,2019-07-22T15:29:48Z,46.17760000,13.38995000,1460.00,25.976
13387,5,132,11689.195371842967,8538.532922297207,2019-07-22T15:29:49Z,46.17770000,13.38978333,1457.00,25.96
13388,5,133,11690.195371842967,8539.532922297207,2019-07-22T15:29:50Z,46.17780000,13.38960000,1455.00,25.942
13389,5,134,11691.195371842967,8540.532922297207,2019-07-22T15:29:51Z,46.17791667,13.38941667,1453.00,25.923
13390,5,135,11692.195371842967,8541.532922297207,2019-07-22T15:29:52Z,46.17801667,13.38921667,1451.00,25.905
13391,5,136,11693.195371842967,8542.532922297207,2019-07-22T15:29:53Z,46.17811667,13.38901667,1448.00,25.886
13392,5,137,11694.195371842967,8543.532922297207,2019-07-22T15:29:54Z,46.17821667,13.38883333,1447.00,25.868
13393,5,138,11695.195371842967,8544.532922297207,2019-07-22T15:29:55Z,46.17831667,13.38863333,1446.00,25.849
13394,5,139,11696.195371842967,8545.532922297207,2019-07-22T15:29:56Z,46.17843333,13.38845000,1445.00,25.831
13395,5,140,11697.195371842967,8546.532922297207,2019-07-22T15:29:57Z,46.17853333,13.38825000,1445.00,25.812
13396,5,141,11698.195371842967,8547.532922297207,2019-07-22T15:29:58Z,46.17863333,13.38806667,1444.00,25.794
13397,5,142,11699.195371842967,8548.532922297207,2019-07-22T15:29:59Z,46.17873333,13.38788333,1441.00,25.776
13398,5,143,11700.195371842967,8549.532922297207,2019-07-22T15:30:00Z,46.17883333,13.38770000,1441.00,25.759
13399,5,144,11701.195371842967,8550.532922297207,2019-07-22T15:30:01Z,46.17895000,13.38751667,1441.00,25.74
13400,5,145,11702.195371842967,8551.532922297207,2019-07-22T15:30:02Z,46.17905000,13.38733333,1441.00,25.722
13401,5,146,11703.195371842967,8552.532922297207,2019-07-22T15:30:03Z,46.17915000,13.38713333,1439.00,25.703
13402,5,147,11704.195371842967,8553.532922297207,2019-07-22T15:30:04Z,46.17926667,13.38695000,1438.00,25.685
13403,5,148,11705.195371842967,8554.532922297207,2019-07-22T15:30:05Z,46.17938333,13.38675000,1434.00,25.665
13404,5,149,11706.195371842967,8555.532922297207,2019-07-22T15:30:06Z,46.17948333,13.38655000,1431.00,25.646
13405,5,150,11707.195371842967,8556.532922297207,2019-07-22T15:30:07Z,46.17958333,13.38636667,1429.00,25.628
13406,5,151,11708.195371842967,8557.532922297207,2019-07-22T15:30:08Z,46.17968333,13.38618333,1429.00,25.611
13407,5,152,11709.195371842967,8558.532922297207,2019-07-22T15:30:09Z,46.17978333,13.38600000,1427.00,25.593
13408,5,153,11710.195371842967,8559.532922297207,2019-07-22T15:30:10Z,46.17988333,13.38580000,1426.00,25.574
13409,5,154,11711.195371842967,8560.532922297207,2019-07-22T15:30:11Z,46.17998333,13.38561667,1422.00,25.556
13410,5,155,11712.195371842967,8561.532922297207,2019-07-22T15:30:12Z,46.18006667,13.38541667,1420.00,25.538
13411,5,156,11713.195371842967,8562.532922297207,2019-07-22T15:30:13Z,46.18016667,13.38521667,1418.00,25.52
13412,5,157,11714.195371842967,8563.532922297207,2019-07-22T15:30:14Z,46.18026667,13.38501667,1417.00,25.501
13413,5,158,11715.195371842967,8564.532922297207,2019-07-22T15:30:15Z,46.18036667,13.38480000,1415.00,25.481
13414,5,159,11716.195371842967,8565.532922297207,2019-07-22T15:30:16Z,46.18046667,13.38460000,1414.00,25.462
13415,5,160,11717.195371842967,8566.532922297207,2019-07-22T15:30:17Z,46.18056667,13.38440000,1413.00,25.443
13416,5,161,11718.195371842967,8567.532922297207,2019-07-22T15:30:18Z,46.18066667,13.38420000,1410.00,25.424
13417,5,162,11719.195371842967,8568.532922297207,2019-07-22T15:30:19Z,46.18075000,13.38401667,1409.00,25.407
13418,5,163,11720.195371842967,8569.532922297207,2019-07-22T15:30:20Z,46.18083333,13.38381667,1407.00,25.389
13419,5,164,11721.195371842967,8570.532922297207,2019-07-22T15:30:21Z,46.18093333,13.38363333,1405.00,25.372
13420,5,165,11722.195371842967,8571.532922297207,2019-07-22T15:30:22Z,46.18101667,13.38343333,1404.00,25.354
13421,5,166,11723.195371842967,8572.532922297207,2019-07-22T15:30:23Z,46.18110000,13.38323333,1402.00,25.336
13422,5,167,11724.195371842967,8573.532922297207,2019-07-22T15:30:24Z,46.18120000,13.38301667,1399.00,25.316
13423,5,168,11725.195371842967,8574.532922297207,2019-07-22T15:30:25Z,46.18128333,13.38280000,1397.00,25.297
13424,5,169,11726.195371842967,8575.532922297207,2019-07-22T15:30:26Z,46.18135000,13.38258333,1394.00,25.279
13425,5,170,11727.195371842967,8576.532922297207,2019-07-22T15:30:27Z,46.18143333,13.38236667,1394.00,25.26
13426,5,171,11728.195371842967,8577.532922297207,2019-07-22T15:30:28Z,46.18150000,13.38215000,1394.00,25.241
13427,5,172,11729.195371842967,8578.532922297207,2019-07-22T15:30:29Z,46.18156667,13.38195000,1393.00,25.224
13428,5,173,11730.195371842967,8579.532922297207,2019-07-22T15:30:30Z,46.18165000,13.38173333,1392.00,25.205
13429,5,174,11731.195371842967,8580.532922297207,2019-07-22T15:30:31Z,46.18173333,13.38151667,1392.00,25.186
13430,5,175,11732.195371842967,8581.532922297207,2019-07-22T15:30:32Z,46.18181667,13.38131667,1390.00,25.168
13431,5,176,11733.195371842967,8582.532922297207,2019-07-22T15:30:33Z,46.18190000,13.38111667,1389.00,25.15
13432,5,177,11734.195371842967,8583.532922297207,2019-07-22T15:30:34Z,46.18198333,13.38090000,1388.00,25.131
13433,5,178,11735.195371842967,8584.532922297207,2019-07-22T15:30:35Z,46.18206667,13.38070000,1388.00,25.113
13434,5,179,11736.195371842967,8585.532922297207,2019-07-22T15:30:36Z,46.18215000,13.38050000,1387.00,25.095
13435,5,180,11737.195371842967,8586.532922297207,2019-07-22T15:30:37Z,46.18223333,13.38030000,1385.00,25.077
13436,5,181,11738.195371842967,8587.532922297207,2019-07-22T15:30:38Z,46.18230000,13.38010000,1384.00,25.06
13437,5,182,11739.195371842967,8588.532922297207,2019-07-22T15:30:39Z,46.18238333,13.37990000,1381.00,25.042
13438,5,183,11740.195371842967,8589.532922297207,2019-07-22T15:30:40Z,46.18246667,13.37968333,1380.00,25.023
13439,5,184,11741.195371842967,8590.532922297207,2019-07-22T15:30:41Z,46.18253333,13.37948333,1378.00,25.006
13440,5,185,11742.195371842967,8591.532922297207,2019-07-22T15:30:42Z,46.18261667,13.37926667,1377.00,24.987
13441,5,186,11743.195371842967,8592.532922297207,2019-07-22T15:30:43Z,46.18268333,13.37906667,1374.00,24.97
13442,5,187,11744.195371842967,8593.532922297207,2019-07-22T15:30:44Z,46.18276667,13.37888333,1373.00,24.953
13443,5,188,11745.195371842967,8594.532922297207,2019-07-22T15:30:45Z,46.18285000,13.37868333,1372.00,24.935
13444,5,189,11746.195371842967,8595.532922297207,2019-07-22T15:30:46Z,46.18291667,13.37851667,1372.00,24.92
13445,5,190,11747.195371842967,8596.532922297207,2019-07-22T15:30:47Z,46.18298333,13.37833333,1371.00,24.904
13446,5,191,11748.195371842967,8597.532922297207,2019-07-22T15:30:48Z,46.18305000,13.37816667,1370.00,24.89
13447,5,192,11749.195371842967,8598.532922297207,2019-07-22T15:30:49Z,46.18310000,13.37798333,1370.00,24.875
13448,5,193,11750.195371842967,8599.532922297207,2019-07-22T15:30:50Z,46.18318333,13.37780000,1369.00,24.858
13449,5,194,11751.195371842967,8600.532922297207,2019-07-22T15:30:51Z,46.18325000,13.37761667,1367.00,24.842
13450,5,195,11752.195371842967,8601.532922297207,2019-07-22T15:30:52Z,46.18331667,13.37741667,1366.00,24.825
13451,5,196,11753.195371842967,8602.532922297207,2019-07-22T15:30:53Z,46.18340000,13.37723333,1363.00,24.808
13452,5,197,11754.195371842967,8603.532922297207,2019-07-22T15:30:54Z,46.18348333,13.37706667,1359.00,24.792
13453,5,198,11755.195371842967,8604.532922297207,2019-07-22T15:30:55Z,46.18356667,13.37690000,1357.00,24.776
13454,5,199,11756.195371842967,8605.532922297207,2019-07-22T15:30:56Z,46.18365000,13.37675000,1355.00,24.762
13455,5,200,11757.195371842967,8606.532922297207,2019-07-22T15:30:57Z,46.18373333,13.37658333,1354.00,24.746
13456,5,201,11758.195371842967,8607.532922297207,2019-07-22T15:30:58Z,46.18381667,13.37643333,1353.00,24.732
13457,5,202,11759.195371842967,8608.532922297207,2019-07-22T15:30:59Z,46.18391667,13.37626667,1350.00,24.715
13458,5,203,11760.195371842967,8609.532922297207,2019-07-22T15:31:00Z,46.18401667,13.37611667,1348.00,24.7
13459,5,204,11761.195371842967,8610.532922297207,2019-07-22T15:31:01Z,46.18410000,13.37596667,1347.00,24.685
13460,5,205,11762.195371842967,8611.532922297207,2019-07-22T15:31:02Z,46.18418333,13.37581667,1347.00,24.67
13461,5,206,11763.195371842967,8612.532922297207,2019-07-22T15:31:03Z,46.18426667,13.37566667,1347.00,24.656
13462,5,207,11764.195371842967,8613.532922297207,2019-07-22T15:31:04Z,46.18433333,13.37553333,1346.00,24.643
13463,5,208,11765.195371842967,8614.532922297207,2019-07-22T15:31:05Z,46.18440000,13.37538333,1345.00,24.63
13464,5,209,11766.195371842967,8615.532922297207,2019-07-22T15:31:06Z,46.18446667,13.37523333,1344.00,24.616
13465,5,210,11767.195371842967,8616.532922297207,2019-07-22T15:31:07Z,46.18453333,13.37510000,1342.00,24.603
13466,5,211,11768.195371842967,8617.532922297207,2019-07-22T15:31:08Z,46.18458333,13.37495000,1339.00,24.591
13467,5,212,11769.195371842967,8618.532922297207,2019-07-22T15:31:09Z,46.18463333,13.37480000,1337.00,24.578
13468,5,213,11770.195371842967,8619.532922297207,2019-07-22T15:31:10Z,46.18468333,13.37466667,1335.00,24.566
13469,5,214,11771.195371842967,8620.532922297207,2019-07-22T15:31:11Z,46.18473333,13.37451667,1335.00,24.553
13470,5,215,11772.195371842967,8621.532922297207,2019-07-22T15:31:12Z,46.18478333,13.37438333,1334.00,24.542
13471,5,216,11773.195371842967,8622.532922297207,2019-07-22T15:31:13Z,46.18483333,13.37423333,1332.00,24.529
13472,5,217,11774.195371842967,8623.532922297207,2019-07-22T15:31:14Z,46.18490000,13.37408333,1328.00,24.515
13473,5,218,11775.195371842967,8624.532922297207,2019-07-22T15:31:15Z,46.18498333,13.37393333,1327.00,24.501
13474,5,219,11776.195371842967,8625.532922297207,2019-07-22T15:31:16Z,46.18505000,13.37380000,1326.00,24.488
13475,5,220,11777.195371842967,8626.532922297207,2019-07-22T15:31:17Z,46.18511667,13.37366667,1325.00,24.475
13476,5,221,11778.195371842967,8627.532922297207,2019-07-22T15:31:18Z,46.18518333,13.37353333,1325.00,24.463
13477,5,222,11779.195371842967,8628.532922297207,2019-07-22T15:31:19Z,46.18523333,13.37340000,1327.00,24.451
13478,5,223,11780.195371842967,8629.532922297207,2019-07-22T15:31:20Z,46.18530000,13.37328333,1328.00,24.44
13479,5,224,11781.195371842967,8630.532922297207,2019-07-22T15:31:21Z,46.18535000,13.37315000,1328.00,24.428
13480,5,225,11782.195371842967,8631.532922297207,2019-07-22T15:31:22Z,46.18541667,13.37300000,1330.00,24.414
13481,5,226,11783.195371842967,8632.532922297207,2019-07-22T15:31:23Z,46.18548333,13.37286667,1331.00,24.402
13482,5,227,11784.195371842967,8633.532922297207,2019-07-22T15:31:24Z,46.18556667,13.37275000,1332.00,24.39
13483,5,228,11785.195371842967,8634.532922297207,2019-07-22T15:31:25Z,46.18566667,13.37265000,1333.00,24.377
13484,5,229,11786.195371842967,8635.532922297207,2019-07-22T15:31:26Z,46.18580000,13.37258333,1334.00,24.366
13485,5,230,11787.195371842967,8636.532922297207,2019-07-22T15:31:27Z,46.18593333,13.37256667,1336.00,24.358
13486,5,231,11788.195371842967,8637.532922297207,2019-07-22T15:31:28Z,46.18606667,13.37258333,1336.00,24.352
13487,5,232,11789.195371842967,8638.532922297207,2019-07-22T15:31:29Z,46.18620000,13.37263333,1338.00,24.348
13488,5,233,11790.195371842967,8639.532922297207,2019-07-22T15:31:30Z,46.18631667,13.37273333,1340.00,24.349
13489,5,234,11791.195371842967,8640.532922297207,2019-07-22T15:31:31Z,46.18641667,13.37288333,1342.00,24.354
13490,5,235,11792.195371842967,8641.532922297207,2019-07-22T15:31:32Z,46.18650000,13.37305000,1345.00,24.36
13491,5,236,11793.195371842967,8642.532922297207,2019-07-22T15:31:33Z,46.18656667,13.37323333,1347.00,24.369
13492,5,237,11794.195371842967,8643.532922297207,2019-07-22T15:31:34Z,46.18658333,13.37346667,1348.00,24.384
13493,5,238,11795.195371842967,8644.532922297207,2019-07-22T15:31:35Z,46.18658333,13.37368333,1349.00,24.399
13494,5,239,11796.195371842967,8645.532922297207,2019-07-22T15:31:36Z,46.18653333,13.37390000,1350.00,24.416
13495,5,240,11797.195371842967,8646.532922297207,2019-07-22T15:31:37Z,46.18645000,13.37410000,1352.00,24.434
13496,5,241,11798.195371842967,8647.532922297207,2019-07-22T15:31:38Z,46.18633333,13.37426667,1354.00,24.452
13497,5,242,11799.195371842967,8648.532922297207,2019-07-22T15:31:39Z,46.18621667,13.37436667,1355.00,24.465
13498,5,243,11800.195371842967,8649.532922297207,2019-07-22T15:31:40Z,46.18608333,13.37443333,1357.00,24.476
13499,5,244,11801.195371842967,8650.532922297207,2019-07-22T15:31:41Z,46.18595000,13.37445000,1358.00,24.484
13500,5,245,11802.195371842967,8651.532922297207,2019-07-22T15:31:42Z,46.18583333,13.37443333,1358.00,24.489
13501,5,246,11803.195371842967,8652.532922297207,2019-07-22T15:31:43Z,46.18573333,13.37438333,1360.00,24.491
13502,5,247,11804.195371842967,8653.532922297207,2019-07-22T15:31:44Z,46.18563333,13.37430000,1361.00,24.491
13503,5,248,11805.195371842967,8654.532922297207,2019-07-22T15:31:45Z,46.18558333,13.37418333,1362.00,24.486
13504,5,249,11806.195371842967,8655.532922297207,2019-07-22T15:31:46Z,46.18553333,13.37405000,1362.00,24.479
13505,5,250,11807.195371842967,8656.532922297207,2019-07-22T15:31:47Z,46.18553333,13.37390000,1362.00,24.469
13506,5,251,11808.195371842967,8657.532922297207,2019-07-22T15:31:48Z,46.18555000,13.37376667,1363.00,24.459
13507,5,252,11809.195371842967,8658.532922297207,2019-07-22T15:31:49Z,46.18560000,13.37363333,1363.00,24.448
13508,5,253,11810.195371842967,8659.532922297207,2019-07-22T15:31:50Z,46.18566667,13.37353333,1364.00,24.437
13509,5,254,11811.195371842967,8660.532922297207,2019-07-22T15:31:51Z,46.18573333,13.37346667,1365.00,24.429
13510,5,255,11812.195371842967,8661.532922297207,2019-07-22T15:31:52Z,46.18583333,13.37343333,1367.00,24.422
13511,5,256,11813.195371842967,8662.532922297207,2019-07-22T15:31:53Z,46.18593333,13.37341667,1369.00,24.415
13512,5,257,11814.195371842967,8663.532922297207,2019-07-22T15:31:54Z,46.18605000,13.37343333,1370.00,24.41
13513,5,258,11815.195371842967,8664.532922297207,2019-07-22T15:31:55Z,46.18616667,13.37348333,1371.00,24.407
13514,5,259,11816.195371842967,8665.532922297207,2019-07-22T15:31:56Z,46.18626667,13.37358333,1372.00,24.409
13515,5,260,11817.195371842967,8666.532922297207,2019-07-22T15:31:57Z,46.18636667,13.37370000,1374.00,24.412
13516,5,261,11818.195371842967,8667.532922297207,2019-07-22T15:31:58Z,46.18645000,13.37386667,1377.00,24.419
13517,5,262,11819.195371842967,8668.532922297207,2019-07-22T15:31:59Z,46.18648333,13.37406667,1378.00,24.43
13518,5,263,11820.195371842967,8669.532922297207,2019-07-22T15:32:00Z,46.18648333,13.37430000,1380.00,24.446
13519,5,264,11821.195371842967,8670.532922297207,2019-07-22T15:32:01Z,46.18643333,13.37451667,1382.00,24.464
13520,5,265,11822.195371842967,8671.532922297207,2019-07-22T15:32:02Z,46.18633333,13.37470000,1384.00,24.481
13521,5,266,11823.195371842967,8672.532922297207,2019-07-22T15:32:03Z,46.18621667,13.37485000,1386.00,24.497
13522,5,267,11824.195371842967,8673.532922297207,2019-07-22T15:32:04Z,46.18610000,13.37495000,1388.00,24.51
13523,5,268,11825.195371842967,8674.532922297207,2019-07-22T15:32:05Z,46.18596667,13.37501667,1389.00,24.522
13524,5,269,11826.195371842967,8675.532922297207,2019-07-22T15:32:06Z,46.18583333,13.37503333,1390.00,24.53
13525,5,270,11827.195371842967,8676.532922297207,2019-07-22T15:32:07Z,46.18571667,13.37501667,1391.00,24.535
13526,5,271,11828.195371842967,8677.532922297207,2019-07-22T15:32:08Z,46.18560000,13.37495000,1392.00,24.537
13527,5,272,11829.195371842967,8678.532922297207,2019-07-22T15:32:09Z,46.18550000,13.37485000,1392.00,24.535
13528,5,273,11830.195371842967,8679.532922297207,2019-07-22T15:32:10Z,46.18543333,13.37471667,1393.00,24.53
13529,5,274,11831.195371842967,8680.532922297207,2019-07-22T15:32:11Z,46.18541667,13.37458333,1394.00,24.522
13530,5,275,11832.195371842967,8681.532922297207,2019-07-22T15:32:12Z,46.18543333,13.37443333,1394.00,24.511
13531,5,276,11833.195371842967,8682.532922297207,2019-07-22T15:32:13Z,46.18546667,13.37431667,1395.00,24.501
13532,5,277,11834.195371842967,8683.532922297207,2019-07-22T15:32:14Z,46.18553333,13.37420000,1396.00,24.489
13533,5,278,11835.195371842967,8684.532922297207,2019-07-22T15:32:15Z,46.18561667,13.37415000,1396.00,24.482
13534,5,279,11836.195371842967,8685.532922297207,2019-07-22T15:32:16Z,46.18571667,13.37413333,1397.00,24.475
13535,5,280,11837.195371842967,8686.532922297207,2019-07-22T15:32:17Z,46.18581667,13.37415000,1398.00,24.471
13536,5,281,11838.195371842967,8687.532922297207,2019-07-22T15:32:18Z,46.18591667,13.37420000,1400.00,24.469
13537,5,282,11839.195371842967,8688.532922297207,2019-07-22T15:32:19Z,46.18601667,13.37426667,1401.00,24.468
13538,5,283,11840.195371842967,8689.532922297207,2019-07-22T15:32:20Z,46.18613333,13.37438333,1403.00,24.47
13539,5,284,11841.195371842967,8690.532922297207,2019-07-22T15:32:21Z,46.18621667,13.37451667,1404.00,24.475
13540,5,285,11842.195371842967,8691.532922297207,2019-07-22T15:32:22Z,46.18630000,13.37468333,1404.00,24.482
13541,5,286,11843.195371842967,8692.532922297207,2019-07-22T15:32:23Z,46.18636667,13.37488333,1405.00,24.492
13542,5,287,11844.195371842967,8693.532922297207,2019-07-22T15:32:24Z,46.18640000,13.37510000,1407.00,24.505
13543,5,288,11845.195371842967,8694.532922297207,2019-07-22T15:32:25Z,46.18641667,13.37531667,1409.00,24.519
13544,5,289,11846.195371842967,8695.532922297207,2019-07-22T15:32:26Z,46.18640000,13.37551667,1411.00,24.533
13545,5,290,11847.195371842967,8696.532922297207,2019-07-22T15:32:27Z,46.18635000,13.37573333,1414.00,24.55
13546,5,291,11848.195371842967,8697.532922297207,2019-07-22T15:32:28Z,46.18628333,13.37591667,1415.00,24.566
13547,5,292,11849.195371842967,8698.532922297207,2019-07-22T15:32:29Z,46.18620000,13.37610000,1415.00,24.583
13548,5,293,11850.195371842967,8699.532922297207,2019-07-22T15:32:30Z,46.18610000,13.37623333,1416.00,24.598
13549,5,294,11851.195371842967,8700.532922297207,2019-07-22T15:32:31Z,46.18596667,13.37633333,1417.00,24.611
13550,5,295,11852.195371842967,8701.532922297207,2019-07-22T15:32:32Z,46.18585000,13.37641667,1417.00,24.623
13551,5,296,11853.195371842967,8702.532922297207,2019-07-22T15:32:33Z,46.18573333,13.37645000,1418.00,24.631
13552,5,297,11854.195371842967,8703.532922297207,2019-07-22T15:32:34Z,46.18561667,13.37645000,1418.00,24.638
13553,5,298,11855.195371842967,8704.532922297207,2019-07-22T15:32:35Z,46.18550000,13.37643333,1419.00,24.643
13554,5,299,11856.195371842967,8705.532922297207,2019-07-22T15:32:36Z,46.18538333,13.37638333,1419.00,24.645
13555,5,300,11857.195371842967,8706.532922297207,2019-07-22T15:32:37Z,46.18528333,13.37630000,1418.00,24.645
13556,5,301,11858.195371842967,8707.532922297207,2019-07-22T15:32:38Z,46.18518333,13.37620000,1416.00,24.643
13557,5,302,11859.195371842967,8708.532922297207,2019-07-22T15:32:39Z,46.18511667,13.37605000,1414.00,24.637
13558,5,303,11860.195371842967,8709.532922297207,2019-07-22T15:32:40Z,46.18505000,13.37588333,1412.00,24.629
13559,5,304,11861.195371842967,8710.532922297207,2019-07-22T15:32:41Z,46.18501667,13.37570000,1410.00,24.618
13560,5,305,11862.195371842967,8711.532922297207,2019-07-22T15:32:42Z,46.18498333,13.37551667,1411.00,24.608
13561,5,306,11863.195371842967,8712.532922297207,2019-07-22T15:32:43Z,46.18496667,13.37536667,1413.00,24.598
13562,5,307,11864.195371842967,8713.532922297207,2019-07-22T15:32:44Z,46.18495000,13.37521667,1416.00,24.589
13563,5,308,11865.195371842967,8714.532922297207,2019-07-22T15:32:45Z,46.18493333,13.37508333,1418.00,24.581
13564,5,309,11866.195371842967,8715.532922297207,2019-07-22T15:32:46Z,46.18490000,13.37495000,1420.00,24.574
13565,5,310,11867.195371842967,8716.532922297207,2019-07-22T15:32:47Z,46.18488333,13.37480000,1421.00,24.564
13566,5,311,11868.195371842967,8717.532922297207,2019-07-22T15:32:48Z,46.18488333,13.37465000,1421.00,24.554
13567,5,312,11869.195371842967,8718.532922297207,2019-07-22T15:32:49Z,46.18488333,13.37450000,1421.00,24.544
13568,5,313,11870.195371842967,8719.532922297207,2019-07-22T15:32:50Z,46.18493333,13.37433333,1421.00,24.53
13569,5,314,11871.195371842967,8720.532922297207,2019-07-22T15:32:51Z,46.18498333,13.37420000,1422.00,24.519
13570,5,315,11872.195371842967,8721.532922297207,2019-07-22T15:32:52Z,46.18506667,13.37411667,1422.00,24.508
13571,5,316,11873.195371842967,8722.532922297207,2019-07-22T15:32:53Z,46.18518333,13.37405000,1423.00,24.498
13572,5,317,11874.195371842967,8723.532922297207,2019-07-22T15:32:54Z,46.18531667,13.37405000,1424.00,24.491
13573,5,318,11875.195371842967,8724.532922297207,2019-07-22T15:32:55Z,46.18545000,13.37408333,1424.00,24.486
13574,5,319,11876.195371842967,8725.532922297207,2019-07-22T15:32:56Z,46.18558333,13.37415000,1425.00,24.483
13575,5,320,11877.195371842967,8726.532922297207,2019-07-22T15:32:57Z,46.18571667,13.37425000,1427.00,24.483
13576,5,321,11878.195371842967,8727.532922297207,2019-07-22T15:32:58Z,46.18581667,13.37435000,1429.00,24.485
13577,5,322,11879.195371842967,8728.532922297207,2019-07-22T15:32:59Z,46.18591667,13.37446667,1430.00,24.487
13578,5,323,11880.195371842967,8729.532922297207,2019-07-22T15:33:00Z,46.18601667,13.37460000,1432.00,24.491
13579,5,324,11881.195371842967,8730.532922297207,2019-07-22T15:33:01Z,46.18610000,13.37475000,1434.00,24.497
13580,5,325,11882.195371842967,8731.532922297207,2019-07-22T15:33:02Z,46.18620000,13.37490000,1436.00,24.502
13581,5,326,11883.195371842967,8732.532922297207,2019-07-22T15:33:03Z,46.18628333,13.37508333,1437.00,24.51
13582,5,327,11884.195371842967,8733.532922297207,2019-07-22T15:33:04Z,46.18635000,13.37526667,1437.00,24.519
13583,5,328,11885.195371842967,8734.532922297207,2019-07-22T15:33:05Z,46.18641667,13.37548333,1437.00,24.53
13584,5,329,11886.195371842967,8735.532922297207,2019-07-22T15:33:06Z,46.18646667,13.37571667,1438.00,24.543
13585,5,330,11887.195371842967,8736.532922297207,2019-07-22T15:33:07Z,46.18650000,13.37593333,1439.00,24.556
13586,5,331,11888.195371842967,8737.532922297207,2019-07-22T15:33:08Z,46.18651667,13.37616667,1440.00,24.571
13587,5,332,11889.195371842967,8738.532922297207,2019-07-22T15:33:09Z,46.18651667,13.37640000,1442.00,24.587
13588,5,333,11890.195371842967,8739.532922297207,2019-07-22T15:33:10Z,46.18648333,13.37661667,1442.00,24.604
13589,5,334,11891.195371842967,8740.532922297207,2019-07-22T15:33:11Z,46.18643333,13.37683333,1443.00,24.621
13590,5,335,11892.195371842967,8741.532922297207,2019-07-22T15:33:12Z,46.18636667,13.37701667,1444.00,24.637
13591,5,336,11893.195371842967,8742.532922297207,2019-07-22T15:33:13Z,46.18625000,13.37718333,1445.00,24.654
13592,5,337,11894.195371842967,8743.532922297207,2019-07-22T15:33:14Z,46.18613333,13.37726667,1447.00,24.666
13593,5,338,11895.195371842967,8744.532922297207,2019-07-22T15:33:15Z,46.18600000,13.37728333,1447.00,24.674
13594,5,339,11896.195371842967,8745.532922297207,2019-07-22T15:33:16Z,46.18586667,13.37723333,1446.00,24.678
13595,5,340,11897.195371842967,8746.532922297207,2019-07-22T15:33:17Z,46.18578333,13.37711667,1446.00,24.674
13596,5,341,11898.195371842967,8747.532922297207,2019-07-22T15:33:18Z,46.18573333,13.37695000,1447.00,24.665
13597,5,342,11899.195371842967,8748.532922297207,2019-07-22T15:33:19Z,46.18571667,13.37678333,1448.00,24.655
13598,5,343,11900.195371842967,8749.532922297207,2019-07-22T15:33:20Z,46.18573333,13.37663333,1449.00,24.644
13599,5,344,11901.195371842967,8750.532922297207,2019-07-22T15:33:21Z,46.18578333,13.37650000,1449.00,24.632
13600,5,345,11902.195371842967,8751.532922297207,2019-07-22T15:33:22Z,46.18583333,13.37638333,1450.00,24.622
13601,5,346,11903.195371842967,8752.532922297207,2019-07-22T15:33:23Z,46.18593333,13.37628333,1451.00,24.61
13602,5,347,11904.195371842967,8753.532922297207,2019-07-22T15:33:24Z,46.18605000,13.37623333,1450.00,24.6
13603,5,348,11905.195371842967,8754.532922297207,2019-07-22T15:33:25Z,46.18616667,13.37620000,1451.00,24.592
13604,5,349,11906.195371842967,8755.532922297207,2019-07-22T15:33:26Z,46.18630000,13.37618333,1452.00,24.584
13605,5,350,11907.195371842967,8756.532922297207,2019-07-22T15:33:27Z,46.18643333,13.37618333,1452.00,24.577
13606,5,351,11908.195371842967,8757.532922297207,2019-07-22T15:33:28Z,46.18656667,13.37616667,1452.00,24.569
13607,5,352,11909.195371842967,8758.532922297207,2019-07-22T15:33:29Z,46.18670000,13.37615000,1454.00,24.561
13608,5,353,11910.195371842967,8759.532922297207,2019-07-22T15:33:30Z,46.18681667,13.37610000,1454.00,24.551
13609,5,354,11911.195371842967,8760.532922297207,2019-07-22T15:33:31Z,46.18693333,13.37603333,1455.00,24.54
13610,5,355,11912.195371842967,8761.532922297207,2019-07-22T15:33:32Z,46.18705000,13.37596667,1456.00,24.53
13611,5,356,11913.195371842967,8762.532922297207,2019-07-22T15:33:33Z,46.18715000,13.37590000,1457.00,24.52
13612,5,357,11914.195371842967,8763.532922297207,2019-07-22T15:33:34Z,46.18726667,13.37583333,1457.00,24.51
13613,5,358,11915.195371842967,8764.532922297207,2019-07-22T15:33:35Z,46.18738333,13.37578333,1458.00,24.5
13614,5,359,11916.195371842967,8765.532922297207,2019-07-22T15:33:36Z,46.18750000,13.37576667,1460.00,24.493
13615,5,360,11917.195371842967,8766.532922297207,2019-07-22T15:33:37Z,46.18765000,13.37580000,1461.00,24.487
13616,5,361,11918.195371842967,8767.532922297207,2019-07-22T15:33:38Z,46.18778333,13.37590000,1461.00,24.487
13617,5,362,11919.195371842967,8768.532922297207,2019-07-22T15:33:39Z,46.18788333,13.37608333,1462.00,24.495
13618,5,363,11920.195371842967,8769.532922297207,2019-07-22T15:33:40Z,46.18793333,13.37631667,1463.00,24.508
13619,5,364,11921.195371842967,8770.532922297207,2019-07-22T15:33:41Z,46.18791667,13.37656667,1465.00,24.526
13620,5,365,11922.195371842967,8771.532922297207,2019-07-22T15:33:42Z,46.18786667,13.37678333,1467.00,24.543
13621,5,366,11923.195371842967,8772.532922297207,2019-07-22T15:33:43Z,46.18776667,13.37696667,1469.00,24.561
13622,5,367,11924.195371842967,8773.532922297207,2019-07-22T15:33:44Z,46.18766667,13.37711667,1470.00,24.576
13623,5,368,11925.195371842967,8774.532922297207,2019-07-22T15:33:45Z,46.18755000,13.37720000,1472.00,24.588
13624,5,369,11926.195371842967,8775.532922297207,2019-07-22T15:33:46Z,46.18741667,13.37726667,1474.00,24.599
13625,5,370,11927.195371842967,8776.532922297207,2019-07-22T15:33:47Z,46.18730000,13.37730000,1475.00,24.608
13626,5,371,11928.195371842967,8777.532922297207,2019-07-22T15:33:48Z,46.18718333,13.37731667,1477.00,24.615
13627,5,372,11929.195371842967,8778.532922297207,2019-07-22T15:33:49Z,46.18705000,13.37730000,1477.00,24.621
13628,5,373,11930.195371842967,8779.532922297207,2019-07-22T15:33:50Z,46.18693333,13.37725000,1478.00,24.623
13629,5,374,11931.195371842967,8780.532922297207,2019-07-22T15:33:51Z,46.18681667,13.37720000,1479.00,24.626
13630,5,375,11932.195371842967,8781.532922297207,2019-07-22T15:33:52Z,46.18671667,13.37710000,1480.00,24.624
13631,5,376,11933.195371842967,8782.532922297207,2019-07-22T15:33:53Z,46.18663333,13.37700000,1481.00,24.622
13632,5,377,11934.195371842967,8783.532922297207,2019-07-22T15:33:54Z,46.18656667,13.37686667,1483.00,24.616
13633,5,378,11935.195371842967,8784.532922297207,2019-07-22T15:33:55Z,46.18651667,13.37671667,1483.00,24.609
13634,5,379,11936.195371842967,8785.532922297207,2019-07-22T15:33:56Z,46.18650000,13.37656667,1485.00,24.599
13635,5,380,11937.195371842967,8786.532922297207,2019-07-22T15:33:57Z,46.18650000,13.37641667,1487.00,24.589
13636,5,381,11938.195371842967,8787.532922297207,2019-07-22T15:33:58Z,46.18651667,13.37626667,1488.00,24.578
13637,5,382,11939.195371842967,8788.532922297207,2019-07-22T15:33:59Z,46.18655000,13.37611667,1489.00,24.566
13638,5,383,11940.195371842967,8789.532922297207,2019-07-22T15:34:00Z,46.18660000,13.37598333,1492.00,24.554
13639,5,384,11941.195371842967,8790.532922297207,2019-07-22T15:34:01Z,46.18663333,13.37588333,1495.00,24.546
13640,5,385,11942.195371842967,8791.532922297207,2019-07-22T15:34:02Z,46.18668333,13.37578333,1496.00,24.536
13641,5,386,11943.195371842967,8792.532922297207,2019-07-22T15:34:03Z,46.18673333,13.37566667,1497.00,24.526
13642,5,387,11944.195371842967,8793.532922297207,2019-07-22T15:34:04Z,46.18683333,13.37558333,1498.00,24.515
13643,5,388,11945.195371842967,8794.532922297207,2019-07-22T15:34:05Z,46.18695000,13.37553333,1498.00,24.506
13644,5,389,11946.195371842967,8795.532922297207,2019-07-22T15:34:06Z,46.18706667,13.37556667,1498.00,24.502
13645,5,390,11947.195371842967,8796.532922297207,2019-07-22T15:34:07Z,46.18720000,13.37565000,1498.00,24.501
13646,5,391,11948.195371842967,8797.532922297207,2019-07-22T15:34:08Z,46.18731667,13.37581667,1499.00,24.506
13647,5,392,11949.195371842967,8798.532922297207,2019-07-22T15:34:09Z,46.18740000,13.37603333,1499.00,24.516
13648,5,393,11950.195371842967,8799.532922297207,2019-07-22T15:34:10Z,46.18745000,13.37628333,1500.00,24.531
13649,5,394,11951.195371842967,8800.532922297207,2019-07-22T15:34:11Z,46.18746667,13.37653333,1502.00,24.547
13650,5,395,11952.195371842967,8801.532922297207,2019-07-22T15:34:12Z,46.18748333,13.37676667,1504.00,24.562
13651,5,396,11953.195371842967,8802.532922297207,2019-07-22T15:34:13Z,46.18746667,13.37698333,1508.00,24.578
13652,5,397,11954.195371842967,8803.532922297207,2019-07-22T15:34:14Z,46.18743333,13.37720000,1511.00,24.594
13653,5,398,11955.195371842967,8804.532922297207,2019-07-22T15:34:15Z,46.18740000,13.37740000,1514.00,24.609
13654,5,399,11956.195371842967,8805.532922297207,2019-07-22T15:34:16Z,46.18735000,13.37760000,1516.00,24.626
13655,5,400,11957.195371842967,8806.532922297207,2019-07-22T15:34:17Z,46.18730000,13.37778333,1517.00,24.641
13656,5,401,11958.195371842967,8807.532922297207,2019-07-22T15:34:18Z,46.18721667,13.37798333,1518.00,24.659
13657,5,402,11959.195371842967,8808.532922297207,2019-07-22T15:34:19Z,46.18715000,13.37816667,1519.00,24.675
13658,5,403,11960.195371842967,8809.532922297207,2019-07-22T15:34:20Z,46.18706667,13.37835000,1520.00,24.691
13659,5,404,11961.195371842967,8810.532922297207,2019-07-22T15:34:21Z,46.18696667,13.37853333,1521.00,24.709
13660,5,405,11962.195371842967,8811.532922297207,2019-07-22T15:34:22Z,46.18686667,13.37871667,1522.00,24.727
13661,5,406,11963.195371842967,8812.532922297207,2019-07-22T15:34:23Z,46.18676667,13.37888333,1523.00,24.743
13662,5,407,11964.195371842967,8813.532922297207,2019-07-22T15:34:24Z,46.18665000,13.37901667,1525.00,24.758
13663,5,408,11965.195371842967,8814.532922297207,2019-07-22T15:34:25Z,46.18651667,13.37910000,1527.00,24.771
13664,5,409,11966.195371842967,8815.532922297207,2019-07-22T15:34:26Z,46.18636667,13.37915000,1527.00,24.782
13665,5,410,11967.195371842967,8816.532922297207,2019-07-22T15:34:27Z,46.18623333,13.37915000,1528.00,24.789
13666,5,411,11968.195371842967,8817.532922297207,2019-07-22T15:34:28Z,46.18611667,13.37910000,1528.00,24.792
13667,5,412,11969.195371842967,8818.532922297207,2019-07-22T15:34:29Z,46.18600000,13.37903333,1529.00,24.793
13668,5,413,11970.195371842967,8819.532922297207,2019-07-22T15:34:30Z,46.18591667,13.37891667,1531.00,24.79
13669,5,414,11971.195371842967,8820.532922297207,2019-07-22T15:34:31Z,46.18586667,13.37880000,1532.00,24.784
13670,5,415,11972.195371842967,8821.532922297207,2019-07-22T15:34:32Z,46.18581667,13.37865000,1533.00,24.777
13671,5,416,11973.195371842967,8822.532922297207,2019-07-22T15:34:33Z,46.18578333,13.37850000,1535.00,24.768
13672,5,417,11974.195371842967,8823.532922297207,2019-07-22T15:34:34Z,46.18578333,13.37835000,1535.00,24.758
13673,5,418,11975.195371842967,8824.532922297207,2019-07-22T15:34:35Z,46.18578333,13.37820000,1537.00,24.748
13674,5,419,11976.195371842967,8825.532922297207,2019-07-22T15:34:36Z,46.18581667,13.37805000,1538.00,24.736
13675,5,420,11977.195371842967,8826.532922297207,2019-07-22T15:34:37Z,46.18585000,13.37791667,1541.00,24.725
13676,5,421,11978.195371842967,8827.532922297207,2019-07-22T15:34:38Z,46.18588333,13.37778333,1543.00,24.714
13677,5,422,11979.195371842967,8828.532922297207,2019-07-22T15:34:39Z,46.18593333,13.37766667,1545.00,24.704
13678,5,423,11980.195371842967,8829.532922297207,2019-07-22T15:34:40Z,46.18600000,13.37755000,1547.00,24.692
13679,5,424,11981.195371842967,8830.532922297207,2019-07-22T15:34:41Z,46.18608333,13.37746667,1548.00,24.682
13680,5,425,11982.195371842967,8831.532922297207,2019-07-22T15:34:42Z,46.18616667,13.37740000,1549.00,24.673
13681,5,426,11983.195371842967,8832.532922297207,2019-07-22T15:34:43Z,46.18626667,13.37735000,1549.00,24.665
13682,5,427,11984.195371842967,8833.532922297207,2019-07-22T15:34:44Z,46.18638333,13.37735000,1549.00,24.659
13683,5,428,11985.195371842967,8834.532922297207,2019-07-22T15:34:45Z,46.18650000,13.37736667,1549.00,24.654
13684,5,429,11986.195371842967,8835.532922297207,2019-07-22T15:34:46Z,46.18663333,13.37745000,1548.00,24.652
13685,5,430,11987.195371842967,8836.532922297207,2019-07-22T15:34:47Z,46.18676667,13.37756667,1548.00,24.654
13686,5,431,11988.195371842967,8837.532922297207,2019-07-22T15:34:48Z,46.18688333,13.37770000,1548.00,24.657
13687,5,432,11989.195371842967,8838.532922297207,2019-07-22T15:34:49Z,46.18700000,13.37783333,1549.00,24.66
13688,5,433,11990.195371842967,8839.532922297207,2019-07-22T15:34:50Z,46.18710000,13.37801667,1551.00,24.667
13689,5,434,11991.195371842967,8840.532922297207,2019-07-22T15:34:51Z,46.18718333,13.37818333,1553.00,24.674
13690,5,435,11992.195371842967,8841.532922297207,2019-07-22T15:34:52Z,46.18726667,13.37838333,1554.00,24.683
13691,5,436,11993.195371842967,8842.532922297207,2019-07-22T15:34:53Z,46.18733333,13.37860000,1555.00,24.695
13692,5,437,11994.195371842967,8843.532922297207,2019-07-22T15:34:54Z,46.18736667,13.37883333,1557.00,24.709
13693,5,438,11995.195371842967,8844.532922297207,2019-07-22T15:34:55Z,46.18736667,13.37906667,1561.00,24.725
13694,5,439,11996.195371842967,8845.532922297207,2019-07-22T15:34:56Z,46.18736667,13.37930000,1564.00,24.741
13695,5,440,11997.195371842967,8846.532922297207,2019-07-22T15:34:57Z,46.18733333,13.37950000,1566.00,24.756
13696,5,441,11998.195371842967,8847.532922297207,2019-07-22T15:34:58Z,46.18726667,13.37970000,1567.00,24.773
13697,5,442,11999.195371842967,8848.532922297207,2019-07-22T15:34:59Z,46.18718333,13.37988333,1569.00,24.79
13698,5,443,12000.195371842967,8849.532922297207,2019-07-22T15:35:00Z,46.18708333,13.38003333,1570.00,24.805
13699,5,444,12001.195371842967,8850.532922297207,2019-07-22T15:35:01Z,46.18696667,13.38015000,1570.00,24.819
13700,5,445,12002.195371842967,8851.532922297207,2019-07-22T15:35:02Z,46.18683333,13.38025000,1571.00,24.833
13701,5,446,12003.195371842967,8852.532922297207,2019-07-22T15:35:03Z,46.18670000,13.38030000,1572.00,24.843
13702,5,447,12004.195371842967,8853.532922297207,2019-07-22T15:35:04Z,46.18656667,13.38031667,1573.00,24.851
13703,5,448,12005.195371842967,8854.532922297207,2019-07-22T15:35:05Z,46.18643333,13.38033333,1573.00,24.859
13704,5,449,12006.195371842967,8855.532922297207,2019-07-22T15:35:06Z,46.18630000,13.38028333,1573.00,24.863
13705,5,450,12007.195371842967,8856.532922297207,2019-07-22T15:35:07Z,46.18618333,13.38021667,1574.00,24.864
13706,5,451,12008.195371842967,8857.532922297207,2019-07-22T15:35:08Z,46.18610000,13.38011667,1576.00,24.862
13707,5,452,12009.195371842967,8858.532922297207,2019-07-22T15:35:09Z,46.18601667,13.38000000,1576.00,24.858
13708,5,453,12010.195371842967,8859.532922297207,2019-07-22T15:35:10Z,46.18596667,13.37985000,1578.00,24.85
13709,5,454,12011.195371842967,8860.532922297207,2019-07-22T15:35:11Z,46.18595000,13.37971667,1578.00,24.842
13710,5,455,12012.195371842967,8861.532922297207,2019-07-22T15:35:12Z,46.18595000,13.37956667,1579.00,24.832
13711,5,456,12013.195371842967,8862.532922297207,2019-07-22T15:35:13Z,46.18598333,13.37943333,1581.00,24.821
13712,5,457,12014.195371842967,8863.532922297207,2019-07-22T15:35:14Z,46.18603333,13.37930000,1582.00,24.81
13713,5,458,12015.195371842967,8864.532922297207,2019-07-22T15:35:15Z,46.18611667,13.37921667,1584.00,24.8
13714,5,459,12016.195371842967,8865.532922297207,2019-07-22T15:35:16Z,46.18621667,13.37915000,1584.00,24.79
13715,5,460,12017.195371842967,8866.532922297207,2019-07-22T15:35:17Z,46.18631667,13.37910000,1585.00,24.781
13716,5,461,12018.195371842967,8867.532922297207,2019-07-22T15:35:18Z,46.18643333,13.37911667,1586.00,24.776
13717,5,462,12019.195371842967,8868.532922297207,2019-07-22T15:35:19Z,46.18656667,13.37918333,1586.00,24.774
13718,5,463,12020.195371842967,8869.532922297207,2019-07-22T15:35:20Z,46.18668333,13.37930000,1587.00,24.776
13719,5,464,12021.195371842967,8870.532922297207,2019-07-22T15:35:21Z,46.18678333,13.37951667,1588.00,24.786
13720,5,465,12022.195371842967,8871.532922297207,2019-07-22T15:35:22Z,46.18678333,13.37976667,1589.00,24.803
13721,5,466,12023.195371842967,8872.532922297207,2019-07-22T15:35:23Z,46.18676667,13.38000000,1589.00,24.819
13722,5,467,12024.195371842967,8873.532922297207,2019-07-22T15:35:24Z,46.18670000,13.38021667,1592.00,24.838
13723,5,468,12025.195371842967,8874.532922297207,2019-07-22T15:35:25Z,46.18660000,13.38040000,1595.00,24.855
13724,5,469,12026.195371842967,8875.532922297207,2019-07-22T15:35:26Z,46.18650000,13.38053333,1596.00,24.87
13725,5,470,12027.195371842967,8876.532922297207,2019-07-22T15:35:27Z,46.18638333,13.38060000,1598.00,24.88
13726,5,471,12028.195371842967,8877.532922297207,2019-07-22T15:35:28Z,46.18625000,13.38061667,1599.00,24.888
13727,5,472,12029.195371842967,8878.532922297207,2019-07-22T15:35:29Z,46.18613333,13.38058333,1599.00,24.892
13728,5,473,12030.195371842967,8879.532922297207,2019-07-22T15:35:30Z,46.18603333,13.38051667,1599.00,24.892
13729,5,474,12031.195371842967,8880.532922297207,2019-07-22T15:35:31Z,46.18596667,13.38041667,1600.00,24.889
13730,5,475,12032.195371842967,8881.532922297207,2019-07-22T15:35:32Z,46.18590000,13.38031667,1601.00,24.886
13731,5,476,12033.195371842967,8882.532922297207,2019-07-22T15:35:33Z,46.18586667,13.38018333,1602.00,24.878
13732,5,477,12034.195371842967,8883.532922297207,2019-07-22T15:35:34Z,46.18585000,13.38006667,1604.00,24.871
13733,5,478,12035.195371842967,8884.532922297207,2019-07-22T15:35:35Z,46.18585000,13.37991667,1604.00,24.861
13734,5,479,12036.195371842967,8885.532922297207,2019-07-22T15:35:36Z,46.18586667,13.37978333,1605.00,24.851
13735,5,480,12037.195371842967,8886.532922297207,2019-07-22T15:35:37Z,46.18590000,13.37963333,1605.00,24.839
13736,5,481,12038.195371842967,8887.532922297207,2019-07-22T15:35:38Z,46.18596667,13.37951667,1606.00,24.828
13737,5,482,12039.195371842967,8888.532922297207,2019-07-22T15:35:39Z,46.18605000,13.37940000,1606.00,24.816
13738,5,483,12040.195371842967,8889.532922297207,2019-07-22T15:35:40Z,46.18613333,13.37930000,1608.00,24.804
13739,5,484,12041.195371842967,8890.532922297207,2019-07-22T15:35:41Z,46.18623333,13.37923333,1610.00,24.795
13740,5,485,12042.195371842967,8891.532922297207,2019-07-22T15:35:42Z,46.18636667,13.37921667,1613.00,24.787
13741,5,486,12043.195371842967,8892.532922297207,2019-07-22T15:35:43Z,46.18648333,13.37923333,1617.00,24.782
13742,5,487,12044.195371842967,8893.532922297207,2019-07-22T15:35:44Z,46.18660000,13.37930000,1619.00,24.78
13743,5,488,12045.195371842967,8894.532922297207,2019-07-22T15:35:45Z,46.18671667,13.37943333,1621.00,24.783
13744,5,489,12046.195371842967,8895.532922297207,2019-07-22T15:35:46Z,46.18678333,13.37961667,1622.00,24.792
13745,5,490,12047.195371842967,8896.532922297207,2019-07-22T15:35:47Z,46.18680000,13.37983333,1623.00,24.806
13746,5,491,12048.195371842967,8897.532922297207,2019-07-22T15:35:48Z,46.18680000,13.38006667,1622.00,24.822
13747,5,492,12049.195371842967,8898.532922297207,2019-07-22T15:35:49Z,46.18675000,13.38026667,1622.00,24.838
13748,5,493,12050.195371842967,8899.532922297207,2019-07-22T15:35:50Z,46.18666667,13.38045000,1624.00,24.855
13749,5,494,12051.195371842967,8900.532922297207,2019-07-22T15:35:51Z,46.18656667,13.38060000,1626.00,24.871
13750,5,495,12052.195371842967,8901.532922297207,2019-07-22T15:35:52Z,46.18645000,13.38070000,1627.00,24.883
13751,5,496,12053.195371842967,8902.532922297207,2019-07-22T15:35:53Z,46.18630000,13.38073333,1627.00,24.893
13752,5,497,12054.195371842967,8903.532922297207,2019-07-22T15:35:54Z,46.18616667,13.38071667,1627.00,24.899
13753,5,498,12055.195371842967,8904.532922297207,2019-07-22T15:35:55Z,46.18605000,13.38065000,1627.00,24.901
13754,5,499,12056.195371842967,8905.532922297207,2019-07-22T15:35:56Z,46.18596667,13.38051667,1626.00,24.896
13755,5,500,12057.195371842967,8906.532922297207,2019-07-22T15:35:57Z,46.18590000,13.38035000,1627.00,24.888
13756,5,501,12058.195371842967,8907.532922297207,2019-07-22T15:35:58Z,46.18586667,13.38018333,1627.00,24.878
13757,5,502,12059.195371842967,8908.532922297207,2019-07-22T15:35:59Z,46.18586667,13.38001667,1630.00,24.867
13758,5,503,12060.195371842967,8909.532922297207,2019-07-22T15:36:00Z,46.18588333,13.37986667,1633.00,24.856
13759,5,504,12061.195371842967,8910.532922297207,2019-07-22T15:36:01Z,46.18591667,13.37971667,1636.00,24.844
13760,5,505,12062.195371842967,8911.532922297207,2019-07-22T15:36:02Z,46.18596667,13.37960000,1638.00,24.833
13761,5,506,12063.195371842967,8912.532922297207,2019-07-22T15:36:03Z,46.18603333,13.37948333,1640.00,24.822
13762,5,507,12064.195371842967,8913.532922297207,2019-07-22T15:36:04Z,46.18613333,13.37940000,1641.00,24.811
13763,5,508,12065.195371842967,8914.532922297207,2019-07-22T15:36:05Z,46.18625000,13.37936667,1642.00,24.803
13764,5,509,12066.195371842967,8915.532922297207,2019-07-22T15:36:06Z,46.18636667,13.37940000,1644.00,24.799
13765,5,510,12067.195371842967,8916.532922297207,2019-07-22T15:36:07Z,46.18650000,13.37946667,1646.00,24.797
13766,5,511,12068.195371842967,8917.532922297207,2019-07-22T15:36:08Z,46.18660000,13.37961667,1647.00,24.802
13767,5,512,12069.195371842967,8918.532922297207,2019-07-22T15:36:09Z,46.18666667,13.37981667,1649.00,24.812
13768,5,513,12070.195371842967,8919.532922297207,2019-07-22T15:36:10Z,46.18666667,13.38005000,1651.00,24.828
13769,5,514,12071.195371842967,8920.532922297207,2019-07-22T15:36:11Z,46.18663333,13.38028333,1652.00,24.846
13770,5,515,12072.195371842967,8921.532922297207,2019-07-22T15:36:12Z,46.18653333,13.38048333,1653.00,24.864
13771,5,516,12073.195371842967,8922.532922297207,2019-07-22T15:36:13Z,46.18641667,13.38061667,1654.00,24.88
13772,5,517,12074.195371842967,8923.532922297207,2019-07-22T15:36:14Z,46.18626667,13.38070000,1656.00,24.893
13773,5,518,12075.195371842967,8924.532922297207,2019-07-22T15:36:15Z,46.18611667,13.38070000,1657.00,24.901
13774,5,519,12076.195371842967,8925.532922297207,2019-07-22T15:36:16Z,46.18598333,13.38063333,1659.00,24.903
13775,5,520,12077.195371842967,8926.532922297207,2019-07-22T15:36:17Z,46.18590000,13.38051667,1660.00,24.899
13776,5,521,12078.195371842967,8927.532922297207,2019-07-22T15:36:18Z,46.18585000,13.38036667,1661.00,24.892
13777,5,522,12079.195371842967,8928.532922297207,2019-07-22T15:36:19Z,46.18581667,13.38021667,1664.00,24.883
13778,5,523,12080.195371842967,8929.532922297207,2019-07-22T15:36:20Z,46.18585000,13.38006667,1665.00,24.871
13779,5,524,12081.195371842967,8930.532922297207,2019-07-22T15:36:21Z,46.18588333,13.37995000,1667.00,24.862
13780,5,525,12082.195371842967,8931.532922297207,2019-07-22T15:36:22Z,46.18598333,13.37985000,1668.00,24.85
13781,5,526,12083.195371842967,8932.532922297207,2019-07-22T15:36:23Z,46.18608333,13.37981667,1670.00,24.842
13782,5,527,12084.195371842967,8933.532922297207,2019-07-22T15:36:24Z,46.18620000,13.37981667,1671.00,24.836
13783,5,528,12085.195371842967,8934.532922297207,2019-07-22T15:36:25Z,46.18631667,13.37988333,1673.00,24.835
13784,5,529,12086.195371842967,8935.532922297207,2019-07-22T15:36:26Z,46.18643333,13.37996667,1674.00,24.834
13785,5,530,12087.195371842967,8936.532922297207,2019-07-22T15:36:27Z,46.18653333,13.38010000,1675.00,24.838
13786,5,531,12088.195371842967,8937.532922297207,2019-07-22T15:36:28Z,46.18663333,13.38026667,1676.00,24.844
13787,5,532,12089.195371842967,8938.532922297207,2019-07-22T15:36:29Z,46.18668333,13.38046667,1677.00,24.856
13788,5,533,12090.195371842967,8939.532922297207,2019-07-22T15:36:30Z,46.18670000,13.38068333,1679.00,24.869
13789,5,534,12091.195371842967,8940.532922297207,2019-07-22T15:36:31Z,46.18668333,13.38091667,1681.00,24.886
13790,5,535,12092.195371842967,8941.532922297207,2019-07-22T15:36:32Z,46.18661667,13.38111667,1683.00,24.903
13791,5,536,12093.195371842967,8942.532922297207,2019-07-22T15:36:33Z,46.18651667,13.38128333,1684.00,24.92
13792,5,537,12094.195371842967,8943.532922297207,2019-07-22T15:36:34Z,46.18636667,13.38140000,1685.00,24.936
13793,5,538,12095.195371842967,8944.532922297207,2019-07-22T15:36:35Z,46.18623333,13.38143333,1686.00,24.945
13794,5,539,12096.195371842967,8945.532922297207,2019-07-22T15:36:36Z,46.18608333,13.38140000,1687.00,24.95
13795,5,540,12097.195371842967,8946.532922297207,2019-07-22T15:36:37Z,46.18596667,13.38130000,1687.00,24.949
13796,5,541,12098.195371842967,8947.532922297207,2019-07-22T15:36:38Z,46.18586667,13.38118333,1688.00,24.947
13797,5,542,12099.195371842967,8948.532922297207,2019-07-22T15:36:39Z,46.18581667,13.38105000,1689.00,24.94
13798,5,543,12100.195371842967,8949.532922297207,2019-07-22T15:36:40Z,46.18576667,13.38090000,1691.00,24.932
13799,5,544,12101.195371842967,8950.532922297207,2019-07-22T15:36:41Z,46.18575000,13.38076667,1693.00,24.924
13800,5,545,12102.195371842967,8951.532922297207,2019-07-22T15:36:42Z,46.18576667,13.38061667,1694.00,24.913
13801,5,546,12103.195371842967,8952.532922297207,2019-07-22T15:36:43Z,46.18581667,13.38048333,1695.00,24.901
13802,5,547,12104.195371842967,8953.532922297207,2019-07-22T15:36:44Z,46.18588333,13.38036667,1697.00,24.89
13803,5,548,12105.195371842967,8954.532922297207,2019-07-22T15:36:45Z,46.18595000,13.38025000,1698.00,24.879
13804,5,549,12106.195371842967,8955.532922297207,2019-07-22T15:36:46Z,46.18605000,13.38015000,1699.00,24.867
13805,5,550,12107.195371842967,8956.532922297207,2019-07-22T15:36:47Z,46.18615000,13.38006667,1700.00,24.856
13806,5,551,12108.195371842967,8957.532922297207,2019-07-22T15:36:48Z,46.18626667,13.38000000,1702.00,24.845
13807,5,552,12109.195371842967,8958.532922297207,2019-07-22T15:36:49Z,46.18638333,13.37998333,1703.00,24.838
13808,5,553,12110.195371842967,8959.532922297207,2019-07-22T15:36:50Z,46.18651667,13.37998333,1706.00,24.831
13809,5,554,12111.195371842967,8960.532922297207,2019-07-22T15:36:51Z,46.18665000,13.38005000,1707.00,24.829
13810,5,555,12112.195371842967,8961.532922297207,2019-07-22T15:36:52Z,46.18676667,13.38018333,1709.00,24.832
13811,5,556,12113.195371842967,8962.532922297207,2019-07-22T15:36:53Z,46.18685000,13.38036667,1710.00,24.84
13812,5,557,12114.195371842967,8963.532922297207,2019-07-22T15:36:54Z,46.18691667,13.38058333,1711.00,24.852
13813,5,558,12115.195371842967,8964.532922297207,2019-07-22T15:36:55Z,46.18693333,13.38081667,1713.00,24.867
13814,5,559,12116.195371842967,8965.532922297207,2019-07-22T15:36:56Z,46.18695000,13.38105000,1714.00,24.882
13815,5,560,12117.195371842967,8966.532922297207,2019-07-22T15:36:57Z,46.18691667,13.38128333,1715.00,24.899
13816,5,561,12118.195371842967,8967.532922297207,2019-07-22T15:36:58Z,46.18686667,13.38150000,1717.00,24.917
13817,5,562,12119.195371842967,8968.532922297207,2019-07-22T15:36:59Z,46.18678333,13.38168333,1718.00,24.933
13818,5,563,12120.195371842967,8969.532922297207,2019-07-22T15:37:00Z,46.18665000,13.38183333,1719.00,24.951
13819,5,564,12121.195371842967,8970.532922297207,2019-07-22T15:37:01Z,46.18651667,13.38191667,1720.00,24.963
13820,5,565,12122.195371842967,8971.532922297207,2019-07-22T15:37:02Z,46.18636667,13.38191667,1720.00,24.971
13821,5,566,12123.195371842967,8972.532922297207,2019-07-22T15:37:03Z,46.18625000,13.38185000,1720.00,24.972
13822,5,567,12124.195371842967,8973.532922297207,2019-07-22T15:37:04Z,46.18615000,13.38171667,1720.00,24.968
13823,5,568,12125.195371842967,8974.532922297207,2019-07-22T15:37:05Z,46.18608333,13.38155000,1721.00,24.96
13824,5,569,12126.195371842967,8975.532922297207,2019-07-22T15:37:06Z,46.18606667,13.38138333,1723.00,24.95
13825,5,570,12127.195371842967,8976.532922297207,2019-07-22T15:37:07Z,46.18606667,13.38120000,1726.00,24.937
13826,5,571,12128.195371842967,8977.532922297207,2019-07-22T15:37:08Z,46.18608333,13.38105000,1728.00,24.926
13827,5,572,12129.195371842967,8978.532922297207,2019-07-22T15:37:09Z,46.18611667,13.38090000,1729.00,24.914
13828,5,573,12130.195371842967,8979.532922297207,2019-07-22T15:37:10Z,46.18618333,13.38076667,1730.00,24.902
13829,5,574,12131.195371842967,8980.532922297207,2019-07-22T15:37:11Z,46.18628333,13.38066667,1731.00,24.89
13830,5,575,12132.195371842967,8981.532922297207,2019-07-22T15:37:12Z,46.18638333,13.38058333,1733.00,24.879
13831,5,576,12133.195371842967,8982.532922297207,2019-07-22T15:37:13Z,46.18648333,13.38053333,1735.00,24.87
13832,5,577,12134.195371842967,8983.532922297207,2019-07-22T15:37:14Z,46.18660000,13.38050000,1736.00,24.862
13833,5,578,12135.195371842967,8984.532922297207,2019-07-22T15:37:15Z,46.18673333,13.38048333,1739.00,24.854
13834,5,579,12136.195371842967,8985.532922297207,2019-07-22T15:37:16Z,46.18685000,13.38048333,1741.00,24.848
13835,5,580,12137.195371842967,8986.532922297207,2019-07-22T15:37:17Z,46.18696667,13.38048333,1742.00,24.842
13836,5,581,12138.195371842967,8987.532922297207,2019-07-22T15:37:18Z,46.18710000,13.38050000,1743.00,24.836
13837,5,582,12139.195371842967,8988.532922297207,2019-07-22T15:37:19Z,46.18723333,13.38056667,1744.00,24.834
13838,5,583,12140.195371842967,8989.532922297207,2019-07-22T15:37:20Z,46.18738333,13.38066667,1745.00,24.833
13839,5,584,12141.195371842967,8990.532922297207,2019-07-22T15:37:21Z,46.18750000,13.38081667,1747.00,24.838
13840,5,585,12142.195371842967,8991.532922297207,2019-07-22T15:37:22Z,46.18756667,13.38100000,1747.00,24.847
13841,5,586,12143.195371842967,8992.532922297207,2019-07-22T15:37:23Z,46.18760000,13.38123333,1748.00,24.861
13842,5,587,12144.195371842967,8993.532922297207,2019-07-22T15:37:24Z,46.18755000,13.38146667,1749.00,24.88
13843,5,588,12145.195371842967,8994.532922297207,2019-07-22T15:37:25Z,46.18745000,13.38165000,1750.00,24.897
13844,5,589,12146.195371842967,8995.532922297207,2019-07-22T15:37:26Z,46.18731667,13.38176667,1750.00,24.912
13845,5,590,12147.195371842967,8996.532922297207,2019-07-22T15:37:27Z,46.18716667,13.38181667,1750.00,24.923
13846,5,591,12148.195371842967,8997.532922297207,2019-07-22T15:37:28Z,46.18701667,13.38178333,1752.00,24.928
13847,5,592,12149.195371842967,8998.532922297207,2019-07-22T15:37:29Z,46.18690000,13.38171667,1755.00,24.93
13848,5,593,12150.195371842967,8999.532922297207,2019-07-22T15:37:30Z,46.18680000,13.38161667,1756.00,24.928
13849,5,594,12151.195371842967,9000.532922297207,2019-07-22T15:37:31Z,46.18671667,13.38146667,1757.00,24.922
13850,5,595,12152.195371842967,9001.532922297207,2019-07-22T15:37:32Z,46.18668333,13.38128333,1756.00,24.911
13851,5,596,12153.195371842967,9002.532922297207,2019-07-22T15:37:33Z,46.18666667,13.38108333,1756.00,24.899
13852,5,597,12154.195371842967,9003.532922297207,2019-07-22T15:37:34Z,46.18668333,13.38090000,1757.00,24.885
13853,5,598,12155.195371842967,9004.532922297207,2019-07-22T15:37:35Z,46.18671667,13.38070000,1758.00,24.87
13854,5,599,12156.195371842967,9005.532922297207,2019-07-22T15:37:36Z,46.18676667,13.38051667,1760.00,24.855
13855,5,600,12157.195371842967,9006.532922297207,2019-07-22T15:37:37Z,46.18683333,13.38035000,1761.00,24.84
13856,5,601,12158.195371842967,9007.532922297207,2019-07-22T15:37:38Z,46.18690000,13.38020000,1764.00,24.826
13857,5,602,12159.195371842967,9008.532922297207,2019-07-22T15:37:39Z,46.18696667,13.38005000,1766.00,24.813
13858,5,603,12160.195371842967,9009.532922297207,2019-07-22T15:37:40Z,46.18706667,13.37993333,1768.00,24.799
13859,5,604,12161.195371842967,9010.532922297207,2019-07-22T15:37:41Z,46.18716667,13.37983333,1770.00,24.787
13860,5,605,12162.195371842967,9011.532922297207,2019-07-22T15:37:42Z,46.18730000,13.37976667,1772.00,24.776
13861,5,606,12163.195371842967,9012.532922297207,2019-07-22T15:37:43Z,46.18741667,13.37975000,1773.00,24.769
13862,5,607,12164.195371842967,9013.532922297207,2019-07-22T15:37:44Z,46.18756667,13.37978333,1774.00,24.764
13863,5,608,12165.195371842967,9014.532922297207,2019-07-22T15:37:45Z,46.18770000,13.37985000,1776.00,24.761
13864,5,609,12166.195371842967,9015.532922297207,2019-07-22T15:37:46Z,46.18780000,13.38000000,1776.00,24.766
13865,5,610,12167.195371842967,9016.532922297207,2019-07-22T15:37:47Z,46.18786667,13.38018333,1776.00,24.776
13866,5,611,12168.195371842967,9017.532922297207,2019-07-22T15:37:48Z,46.18788333,13.38040000,1775.00,24.79
13867,5,612,12169.195371842967,9018.532922297207,2019-07-22T15:37:49Z,46.18783333,13.38061667,1775.00,24.807
13868,5,613,12170.195371842967,9019.532922297207,2019-07-22T15:37:50Z,46.18773333,13.38080000,1776.00,24.825
13869,5,614,12171.195371842967,9020.532922297207,2019-07-22T15:37:51Z,46.18760000,13.38091667,1776.00,24.839
13870,5,615,12172.195371842967,9021.532922297207,2019-07-22T15:37:52Z,46.18743333,13.38098333,1777.00,24.852
13871,5,616,12173.195371842967,9022.532922297207,2019-07-22T15:37:53Z,46.18728333,13.38096667,1779.00,24.859
13872,5,617,12174.195371842967,9023.532922297207,2019-07-22T15:37:54Z,46.18716667,13.38088333,1782.00,24.859
13873,5,618,12175.195371842967,9024.532922297207,2019-07-22T15:37:55Z,46.18706667,13.38078333,1783.00,24.857
13874,5,619,12176.195371842967,9025.532922297207,2019-07-22T15:37:56Z,46.18698333,13.38065000,1785.00,24.853
13875,5,620,12177.195371842967,9026.532922297207,2019-07-22T15:37:57Z,46.18695000,13.38046667,1786.00,24.842
13876,5,621,12178.195371842967,9027.532922297207,2019-07-22T15:37:58Z,46.18691667,13.38028333,1787.00,24.831
13877,5,622,12179.195371842967,9028.532922297207,2019-07-22T15:37:59Z,46.18693333,13.38011667,1788.00,24.819
13878,5,623,12180.195371842967,9029.532922297207,2019-07-22T15:38:00Z,46.18696667,13.37995000,1791.00,24.806
13879,5,624,12181.195371842967,9030.532922297207,2019-07-22T15:38:01Z,46.18700000,13.37980000,1794.00,24.794
13880,5,625,12182.195371842967,9031.532922297207,2019-07-22T15:38:02Z,46.18706667,13.37968333,1796.00,24.782
13881,5,626,12183.195371842967,9032.532922297207,2019-07-22T15:38:03Z,46.18716667,13.37958333,1796.00,24.77
13882,5,627,12184.195371842967,9033.532922297207,2019-07-22T15:38:04Z,46.18728333,13.37951667,1795.00,24.76
13883,5,628,12185.195371842967,9034.532922297207,2019-07-22T15:38:05Z,46.18741667,13.37951667,1794.00,24.753
13884,5,629,12186.195371842967,9035.532922297207,2019-07-22T15:38:06Z,46.18755000,13.37958333,1795.00,24.751
13885,5,630,12187.195371842967,9036.532922297207,2019-07-22T15:38:07Z,46.18768333,13.37971667,1795.00,24.753
13886,5,631,12188.195371842967,9037.532922297207,2019-07-22T15:38:08Z,46.18775000,13.37993333,1794.00,24.764
13887,5,632,12189.195371842967,9038.532922297207,2019-07-22T15:38:09Z,46.18778333,13.38016667,1795.00,24.779
13888,5,633,12190.195371842967,9039.532922297207,2019-07-22T15:38:10Z,46.18775000,13.38038333,1796.00,24.795
13889,5,634,12191.195371842967,9040.532922297207,2019-07-22T15:38:11Z,46.18770000,13.38058333,1797.00,24.811
13890,5,635,12192.195371842967,9041.532922297207,2019-07-22T15:38:12Z,46.18761667,13.38076667,1797.00,24.828
13891,5,636,12193.195371842967,9042.532922297207,2019-07-22T15:38:13Z,46.18750000,13.38088333,1799.00,24.842
13892,5,637,12194.195371842967,9043.532922297207,2019-07-22T15:38:14Z,46.18738333,13.38098333,1800.00,24.855
13893,5,638,12195.195371842967,9044.532922297207,2019-07-22T15:38:15Z,46.18725000,13.38103333,1801.00,24.865
13894,5,639,12196.195371842967,9045.532922297207,2019-07-22T15:38:16Z,46.18710000,13.38105000,1800.00,24.874
13895,5,640,12197.195371842967,9046.532922297207,2019-07-22T15:38:17Z,46.18695000,13.38103333,1801.00,24.881
13896,5,641,12198.195371842967,9047.532922297207,2019-07-22T15:38:18Z,46.18681667,13.38098333,1801.00,24.884
13897,5,642,12199.195371842967,9048.532922297207,2019-07-22T15:38:19Z,46.18670000,13.38088333,1800.00,24.883
13898,5,643,12200.195371842967,9049.532922297207,2019-07-22T15:38:20Z,46.18660000,13.38076667,1801.00,24.88
13899,5,644,12201.195371842967,9050.532922297207,2019-07-22T15:38:21Z,46.18651667,13.38061667,1803.00,24.874
13900,5,645,12202.195371842967,9051.532922297207,2019-07-22T15:38:22Z,46.18645000,13.38046667,1804.00,24.868
13901,5,646,12203.195371842967,9052.532922297207,2019-07-22T15:38:23Z,46.18640000,13.38030000,1805.00,24.859
13902,5,647,12204.195371842967,9053.532922297207,2019-07-22T15:38:24Z,46.18638333,13.38011667,1805.00,24.847
13903,5,648,12205.195371842967,9054.532922297207,2019-07-22T15:38:25Z,46.18638333,13.37995000,1806.00,24.836
13904,5,649,12206.195371842967,9055.532922297207,2019-07-22T15:38:26Z,46.18640000,13.37976667,1806.00,24.822
13905,5,650,12207.195371842967,9056.532922297207,2019-07-22T15:38:27Z,46.18641667,13.37960000,1807.00,24.81
13906,5,651,12208.195371842967,9057.532922297207,2019-07-22T15:38:28Z,46.18646667,13.37941667,1806.00,24.795
13907,5,652,12209.195371842967,9058.532922297207,2019-07-22T15:38:29Z,46.18650000,13.37925000,1805.00,24.782
13908,5,653,12210.195371842967,9059.532922297207,2019-07-22T15:38:30Z,46.18655000,13.37906667,1805.00,24.767
13909,5,654,12211.195371842967,9060.532922297207,2019-07-22T15:38:31Z,46.18661667,13.37890000,1805.00,24.752
13910,5,655,12212.195371842967,9061.532922297207,2019-07-22T15:38:32Z,46.18666667,13.37870000,1805.00,24.736
13911,5,656,12213.195371842967,9062.532922297207,2019-07-22T15:38:33Z,46.18673333,13.37853333,1805.00,24.721
13912,5,657,12214.195371842967,9063.532922297207,2019-07-22T15:38:34Z,46.18676667,13.37835000,1804.00,24.707
13913,5,658,12215.195371842967,9064.532922297207,2019-07-22T15:38:35Z,46.18681667,13.37816667,1803.00,24.692
13914,5,659,12216.195371842967,9065.532922297207,2019-07-22T15:38:36Z,46.18686667,13.37798333,1802.00,24.677
13915,5,660,12217.195371842967,9066.532922297207,2019-07-22T15:38:37Z,46.18690000,13.37781667,1802.00,24.664
13916,5,661,12218.195371842967,9067.532922297207,2019-07-22T15:38:38Z,46.18695000,13.37763333,1801.00,24.649
13917,5,662,12219.195371842967,9068.532922297207,2019-07-22T15:38:39Z,46.18698333,13.37743333,1801.00,24.633
13918,5,663,12220.195371842967,9069.532922297207,2019-07-22T15:38:40Z,46.18700000,13.37725000,1799.00,24.62
13919,5,664,12221.195371842967,9070.532922297207,2019-07-22T15:38:41Z,46.18703333,13.37705000,1797.00,24.605
13920,5,665,12222.195371842967,9071.532922297207,2019-07-22T15:38:42Z,46.18705000,13.37686667,1794.00,24.591
13921,5,666,12223.195371842967,9072.532922297207,2019-07-22T15:38:43Z,46.18708333,13.37666667,1791.00,24.576
13922,5,667,12224.195371842967,9073.532922297207,2019-07-22T15:38:44Z,46.18711667,13.37646667,1789.00,24.56
13923,5,668,12225.195371842967,9074.532922297207,2019-07-22T15:38:45Z,46.18715000,13.37626667,1787.00,24.545
13924,5,669,12226.195371842967,9075.532922297207,2019-07-22T15:38:46Z,46.18718333,13.37605000,1783.00,24.529
13925,5,670,12227.195371842967,9076.532922297207,2019-07-22T15:38:47Z,46.18721667,13.37585000,1779.00,24.513
13926,5,671,12228.195371842967,9077.532922297207,2019-07-22T15:38:48Z,46.18726667,13.37561667,1776.00,24.495
13927,5,672,12229.195371842967,9078.532922297207,2019-07-22T15:38:49Z,46.18731667,13.37540000,1775.00,24.477
13928,5,673,12230.195371842967,9079.532922297207,2019-07-22T15:38:50Z,46.18736667,13.37516667,1771.00,24.459
13929,5,674,12231.195371842967,9080.532922297207,2019-07-22T15:38:51Z,46.18743333,13.37495000,1767.00,24.441
13930,5,675,12232.195371842967,9081.532922297207,2019-07-22T15:38:52Z,46.18748333,13.37473333,1765.00,24.423
13931,5,676,12233.195371842967,9082.532922297207,2019-07-22T15:38:53Z,46.18753333,13.37451667,1766.00,24.406
13932,5,677,12234.195371842967,9083.532922297207,2019-07-22T15:38:54Z,46.18756667,13.37430000,1766.00,24.39
13933,5,678,12235.195371842967,9084.532922297207,2019-07-22T15:38:55Z,46.18760000,13.37408333,1765.00,24.373
13934,5,679,12236.195371842967,9085.532922297207,2019-07-22T15:38:56Z,46.18763333,13.37388333,1764.00,24.358
13935,5,680,12237.195371842967,9086.532922297207,2019-07-22T15:38:57Z,46.18766667,13.37365000,1762.00,24.34
13936,5,681,12238.195371842967,9087.532922297207,2019-07-22T15:38:58Z,46.18768333,13.37343333,1758.00,24.325
13937,5,682,12239.195371842967,9088.532922297207,2019-07-22T15:38:59Z,46.18771667,13.37320000,1754.00,24.307
13938,5,683,12240.195371842967,9089.532922297207,2019-07-22T15:39:00Z,46.18773333,13.37296667,1751.00,24.29
13939,5,684,12241.195371842967,9090.532922297207,2019-07-22T15:39:01Z,46.18776667,13.37273333,1748.00,24.273
13940,5,685,12242.195371842967,9091.532922297207,2019-07-22T15:39:02Z,46.18781667,13.37250000,1747.00,24.254
13941,5,686,12243.195371842967,9092.532922297207,2019-07-22T15:39:03Z,46.18785000,13.37226667,1745.00,24.237
13942,5,687,12244.195371842967,9093.532922297207,2019-07-22T15:39:04Z,46.18790000,13.37205000,1742.00,24.219
13943,5,688,12245.195371842967,9094.532922297207,2019-07-22T15:39:05Z,46.18795000,13.37181667,1740.00,24.201
13944,5,689,12246.195371842967,9095.532922297207,2019-07-22T15:39:06Z,46.18800000,13.37160000,1739.00,24.183
13945,5,690,12247.195371842967,9096.532922297207,2019-07-22T15:39:07Z,46.18803333,13.37136667,1736.00,24.166
13946,5,691,12248.195371842967,9097.532922297207,2019-07-22T15:39:08Z,46.18808333,13.37115000,1734.00,24.148
13947,5,692,12249.195371842967,9098.532922297207,2019-07-22T15:39:09Z,46.18811667,13.37091667,1732.00,24.131
13948,5,693,12250.195371842967,9099.532922297207,2019-07-22T15:39:10Z,46.18813333,13.37068333,1729.00,24.114
13949,5,694,12251.195371842967,9100.532922297207,2019-07-22T15:39:11Z,46.18815000,13.37046667,1725.00,24.099
13950,5,695,12252.195371842967,9101.532922297207,2019-07-22T15:39:12Z,46.18816667,13.37023333,1720.00,24.082
13951,5,696,12253.195371842967,9102.532922297207,2019-07-22T15:39:13Z,46.18816667,13.36998333,1719.00,24.065
13952,5,697,12254.195371842967,9103.532922297207,2019-07-22T15:39:14Z,46.18818333,13.36976667,1719.00,24.049
13953,5,698,12255.195371842967,9104.532922297207,2019-07-22T15:39:15Z,46.18816667,13.36955000,1717.00,24.035
13954,5,699,12256.195371842967,9105.532922297207,2019-07-22T15:39:16Z,46.18815000,13.36933333,1716.00,24.022
13955,5,700,12257.195371842967,9106.532922297207,2019-07-22T15:39:17Z,46.18815000,13.36911667,1714.00,24.007
13956,5,701,12258.195371842967,9107.532922297207,2019-07-22T15:39:18Z,46.18815000,13.36891667,1712.00,23.993
13957,5,702,12259.195371842967,9108.532922297207,2019-07-22T15:39:19Z,46.18813333,13.36870000,1711.00,23.98
13958,5,703,12260.195371842967,9109.532922297207,2019-07-22T15:39:20Z,46.18813333,13.36850000,1712.00,23.966
13959,5,704,12261.195371842967,9110.532922297207,2019-07-22T15:39:21Z,46.18815000,13.36830000,1711.00,23.952
13960,5,705,12262.195371842967,9111.532922297207,2019-07-22T15:39:22Z,46.18813333,13.36810000,1709.00,23.939
13961,5,706,12263.195371842967,9112.532922297207,2019-07-22T15:39:23Z,46.18813333,13.36790000,1708.00,23.925
13962,5,707,12264.195371842967,9113.532922297207,2019-07-22T15:39:24Z,46.18815000,13.36770000,1706.00,23.911
13963,5,708,12265.195371842967,9114.532922297207,2019-07-22T15:39:25Z,46.18815000,13.36750000,1703.00,23.897
13964,5,709,12266.195371842967,9115.532922297207,2019-07-22T15:39:26Z,46.18818333,13.36730000,1700.00,23.882
13965,5,710,12267.195371842967,9116.532922297207,2019-07-22T15:39:27Z,46.18820000,13.36708333,1699.00,23.866
13966,5,711,12268.195371842967,9117.532922297207,2019-07-22T15:39:28Z,46.18821667,13.36690000,1697.00,23.853
13967,5,712,12269.195371842967,9118.532922297207,2019-07-22T15:39:29Z,46.18823333,13.36670000,1694.00,23.839
13968,5,713,12270.195371842967,9119.532922297207,2019-07-22T15:39:30Z,46.18825000,13.36650000,1691.00,23.824
13969,5,714,12271.195371842967,9120.532922297207,2019-07-22T15:39:31Z,46.18826667,13.36630000,1688.00,23.81
13970,5,715,12272.195371842967,9121.532922297207,2019-07-22T15:39:32Z,46.18828333,13.36608333,1687.00,23.794
13971,5,716,12273.195371842967,9122.532922297207,2019-07-22T15:39:33Z,46.18830000,13.36586667,1685.00,23.779
13972,5,717,12274.195371842967,9123.532922297207,2019-07-22T15:39:34Z,46.18831667,13.36566667,1684.00,23.764
13973,5,718,12275.195371842967,9124.532922297207,2019-07-22T15:39:35Z,46.18833333,13.36546667,1684.00,23.75
13974,5,719,12276.195371842967,9125.532922297207,2019-07-22T15:39:36Z,46.18833333,13.36530000,1684.00,23.739
13975,5,720,12277.195371842967,9126.532922297207,2019-07-22T15:39:37Z,46.18833333,13.36511667,1685.00,23.726
13976,5,721,12278.195371842967,9127.532922297207,2019-07-22T15:39:38Z,46.18833333,13.36495000,1685.00,23.715
13977,5,722,12279.195371842967,9128.532922297207,2019-07-22T15:39:39Z,46.18833333,13.36476667,1684.00,23.703
13978,5,723,12280.195371842967,9129.532922297207,2019-07-22T15:39:40Z,46.18833333,13.36458333,1682.00,23.69
13979,5,724,12281.195371842967,9130.532922297207,2019-07-22T15:39:41Z,46.18831667,13.36438333,1680.00,23.678
13980,5,725,12282.195371842967,9131.532922297207,2019-07-22T15:39:42Z,46.18833333,13.36418333,1677.00,23.663
13981,5,726,12283.195371842967,9132.532922297207,2019-07-22T15:39:43Z,46.18833333,13.36396667,1675.00,23.649
13982,5,727,12284.195371842967,9133.532922297207,2019-07-22T15:39:44Z,46.18833333,13.36375000,1672.00,23.634
13983,5,728,12285.195371842967,9134.532922297207,2019-07-22T15:39:45Z,46.18833333,13.36355000,1670.00,23.62
13984,5,729,12286.195371842967,9135.532922297207,2019-07-22T15:39:46Z,46.18833333,13.36333333,1667.00,23.606
13985,5,730,12287.195371842967,9136.532922297207,2019-07-22T15:39:47Z,46.18831667,13.36313333,1666.00,23.593
13986,5,731,12288.195371842967,9137.532922297207,2019-07-22T15:39:48Z,46.18831667,13.36293333,1665.00,23.58
13987,5,732,12289.195371842967,9138.532922297207,2019-07-22T15:39:49Z,46.18830000,13.36273333,1663.00,23.567
13988,5,733,12290.195371842967,9139.532922297207,2019-07-22T15:39:50Z,46.18830000,13.36253333,1662.00,23.554
13989,5,734,12291.195371842967,9140.532922297207,2019-07-22T15:39:51Z,46.18828333,13.36233333,1660.00,23.541
13990,5,735,12292.195371842967,9141.532922297207,2019-07-22T15:39:52Z,46.18826667,13.36213333,1658.00,23.528
13991,5,736,12293.195371842967,9142.532922297207,2019-07-22T15:39:53Z,46.18826667,13.36191667,1657.00,23.514
13992,5,737,12294.195371842967,9143.532922297207,2019-07-22T15:39:54Z,46.18825000,13.36171667,1657.00,23.501
13993,5,738,12295.195371842967,9144.532922297207,2019-07-22T15:39:55Z,46.18823333,13.36151667,1655.00,23.489
13994,5,739,12296.195371842967,9145.532922297207,2019-07-22T15:39:56Z,46.18821667,13.36131667,1655.00,23.476
13995,5,740,12297.195371842967,9146.532922297207,2019-07-22T15:39:57Z,46.18818333,13.36111667,1654.00,23.464
13996,5,741,12298.195371842967,9147.532922297207,2019-07-22T15:39:58Z,46.18815000,13.36091667,1654.00,23.453
13997,5,742,12299.195371842967,9148.532922297207,2019-07-22T15:39:59Z,46.18811667,13.36071667,1654.00,23.441
13998,5,743,12300.195371842967,9149.532922297207,2019-07-22T15:40:00Z,46.18808333,13.36050000,1653.00,23.428
13999,5,744,12301.195371842967,9150.532922297207,2019-07-22T15:40:01Z,46.18803333,13.36030000,1652.00,23.417
14000,5,745,12302.195371842967,9151.532922297207,2019-07-22T15:40:02Z,46.18801667,13.36011667,1652.00,23.406
14001,5,746,12303.195371842967,9152.532922297207,2019-07-22T15:40:03Z,46.18796667,13.35991667,1651.00,23.395
14002,5,747,12304.195371842967,9153.532922297207,2019-07-22T15:40:04Z,46.18795000,13.35973333,1650.00,23.384
14003,5,748,12305.195371842967,9154.532922297207,2019-07-22T15:40:05Z,46.18791667,13.35953333,1650.00,23.372
14004,5,749,12306.195371842967,9155.532922297207,2019-07-22T15:40:06Z,46.18788333,13.35935000,1651.00,23.362
14005,5,750,12307.195371842967,9156.532922297207,2019-07-22T15:40:07Z,46.18785000,13.35916667,1650.00,23.351
14006,5,751,12308.195371842967,9157.532922297207,2019-07-22T15:40:08Z,46.18783333,13.35900000,1649.00,23.341
14007,5,752,12309.195371842967,9158.532922297207,2019-07-22T15:40:09Z,46.18781667,13.35881667,1649.00,23.33
14008,5,753,12310.195371842967,9159.532922297207,2019-07-22T15:40:10Z,46.18778333,13.35863333,1650.00,23.319
14009,5,754,12311.195371842967,9160.532922297207,2019-07-22T15:40:11Z,46.18776667,13.35846667,1650.00,23.309
14010,5,755,12312.195371842967,9161.532922297207,2019-07-22T15:40:12Z,46.18775000,13.35830000,1650.00,23.298
14011,5,756,12313.195371842967,9162.532922297207,2019-07-22T15:40:13Z,46.18773333,13.35813333,1649.00,23.288
14012,5,757,12314.195371842967,9163.532922297207,2019-07-22T15:40:14Z,46.18770000,13.35795000,1648.00,23.278
14013,5,758,12315.195371842967,9164.532922297207,2019-07-22T15:40:15Z,46.18766667,13.35776667,1646.00,23.267
14014,5,759,12316.195371842967,9165.532922297207,2019-07-22T15:40:16Z,46.18763333,13.35758333,1644.00,23.257
14015,5,760,12317.195371842967,9166.532922297207,2019-07-22T15:40:17Z,46.18761667,13.35740000,1643.00,23.245
14016,5,761,12318.195371842967,9167.532922297207,2019-07-22T15:40:18Z,46.18758333,13.35721667,1642.00,23.235
14017,5,762,12319.195371842967,9168.532922297207,2019-07-22T15:40:19Z,46.18756667,13.35703333,1640.00,23.224
14018,5,763,12320.195371842967,9169.532922297207,2019-07-22T15:40:20Z,46.18753333,13.35683333,1639.00,23.212
14019,5,764,12321.195371842967,9170.532922297207,2019-07-22T15:40:21Z,46.18751667,13.35665000,1636.00,23.201
14020,5,765,12322.195371842967,9171.532922297207,2019-07-22T15:40:22Z,46.18750000,13.35645000,1634.00,23.188
14021,5,766,12323.195371842967,9172.532922297207,2019-07-22T15:40:23Z,46.18748333,13.35625000,1633.00,23.176
14022,5,767,12324.195371842967,9173.532922297207,2019-07-22T15:40:24Z,46.18746667,13.35603333,1632.00,23.162
14023,5,768,12325.195371842967,9174.532922297207,2019-07-22T15:40:25Z,46.18743333,13.35583333,1631.00,23.151
14024,5,769,12326.195371842967,9175.532922297207,2019-07-22T15:40:26Z,46.18741667,13.35563333,1630.00,23.138
14025,5,770,12327.195371842967,9176.532922297207,2019-07-22T15:40:27Z,46.18738333,13.35543333,1627.00,23.127
14026,5,771,12328.195371842967,9177.532922297207,2019-07-22T15:40:28Z,46.18736667,13.35523333,1626.00,23.114
14027,5,772,12329.195371842967,9178.532922297207,2019-07-22T15:40:29Z,46.18733333,13.35501667,1626.00,23.101
14028,5,773,12330.195371842967,9179.532922297207,2019-07-22T15:40:30Z,46.18730000,13.35481667,1624.00,23.09
14029,5,774,12331.195371842967,9180.532922297207,2019-07-22T15:40:31Z,46.18726667,13.35461667,1622.00,23.078
14030,5,775,12332.195371842967,9181.532922297207,2019-07-22T15:40:32Z,46.18723333,13.35441667,1620.00,23.067
14031,5,776,12333.195371842967,9182.532922297207,2019-07-22T15:40:33Z,46.18720000,13.35421667,1619.00,23.055
14032,5,777,12334.195371842967,9183.532922297207,2019-07-22T15:40:34Z,46.18716667,13.35401667,1616.00,23.044
14033,5,778,12335.195371842967,9184.532922297207,2019-07-22T15:40:35Z,46.18713333,13.35381667,1612.00,23.032
14034,5,779,12336.195371842967,9185.532922297207,2019-07-22T15:40:36Z,46.18711667,13.35361667,1609.00,23.02
14035,5,780,12337.195371842967,9186.532922297207,2019-07-22T15:40:37Z,46.18710000,13.35341667,1607.00,23.008
14036,5,781,12338.195371842967,9187.532922297207,2019-07-22T15:40:38Z,46.18708333,13.35321667,1605.00,22.995
14037,5,782,12339.195371842967,9188.532922297207,2019-07-22T15:40:39Z,46.18705000,13.35301667,1605.00,22.984
14038,5,783,12340.195371842967,9189.532922297207,2019-07-22T15:40:40Z,46.18701667,13.35281667,1603.00,22.972
14039,5,784,12341.195371842967,9190.532922297207,2019-07-22T15:40:41Z,46.18700000,13.35260000,1601.00,22.959
14040,5,785,12342.195371842967,9191.532922297207,2019-07-22T15:40:42Z,46.18696667,13.35240000,1598.00,22.947
14041,5,786,12343.195371842967,9192.532922297207,2019-07-22T15:40:43Z,46.18693333,13.35218333,1596.00,22.935
14042,5,787,12344.195371842967,9193.532922297207,2019-07-22T15:40:44Z,46.18690000,13.35198333,1594.00,22.923
14043,5,788,12345.195371842967,9194.532922297207,2019-07-22T15:40:45Z,46.18685000,13.35176667,1591.00,22.912
14044,5,789,12346.195371842967,9195.532922297207,2019-07-22T15:40:46Z,46.18681667,13.35155000,1588.00,22.899
14045,5,790,12347.195371842967,9196.532922297207,2019-07-22T15:40:47Z,46.18678333,13.35133333,1587.00,22.887
14046,5,791,12348.195371842967,9197.532922297207,2019-07-22T15:40:48Z,46.18675000,13.35111667,1585.00,22.874
14047,5,792,12349.195371842967,9198.532922297207,2019-07-22T15:40:49Z,46.18671667,13.35091667,1583.00,22.863
14048,5,793,12350.195371842967,9199.532922297207,2019-07-22T15:40:50Z,46.18668333,13.35070000,1582.00,22.85
14049,5,794,12351.195371842967,9200.532922297207,2019-07-22T15:40:51Z,46.18665000,13.35050000,1582.00,22.839
14050,5,795,12352.195371842967,9201.532922297207,2019-07-22T15:40:52Z,46.18660000,13.35030000,1581.00,22.828
14051,5,796,12353.195371842967,9202.532922297207,2019-07-22T15:40:53Z,46.18658333,13.35010000,1579.00,22.816
14052,5,797,12354.195371842967,9203.532922297207,2019-07-22T15:40:54Z,46.18653333,13.34990000,1576.00,22.806
14053,5,798,12355.195371842967,9204.532922297207,2019-07-22T15:40:55Z,46.18650000,13.34968333,1575.00,22.793
14054,5,799,12356.195371842967,9205.532922297207,2019-07-22T15:40:56Z,46.18646667,13.34948333,1575.00,22.782
14055,5,800,12357.195371842967,9206.532922297207,2019-07-22T15:40:57Z,46.18643333,13.34926667,1573.00,22.769
14056,5,801,12358.195371842967,9207.532922297207,2019-07-22T15:40:58Z,46.18640000,13.34906667,1571.00,22.758
14057,5,802,12359.195371842967,9208.532922297207,2019-07-22T15:40:59Z,46.18638333,13.34885000,1570.00,22.744
14058,5,803,12360.195371842967,9209.532922297207,2019-07-22T15:41:00Z,46.18636667,13.34865000,1569.00,22.732
14059,5,804,12361.195371842967,9210.532922297207,2019-07-22T15:41:01Z,46.18635000,13.34843333,1570.00,22.719
14060,5,805,12362.195371842967,9211.532922297207,2019-07-22T15:41:02Z,46.18633333,13.34823333,1569.00,22.706
14061,5,806,12363.195371842967,9212.532922297207,2019-07-22T15:41:03Z,46.18631667,13.34805000,1570.00,22.695
14062,5,807,12364.195371842967,9213.532922297207,2019-07-22T15:41:04Z,46.18631667,13.34786667,1570.00,22.683
14063,5,808,12365.195371842967,9214.532922297207,2019-07-22T15:41:05Z,46.18630000,13.34768333,1569.00,22.672
14064,5,809,12366.195371842967,9215.532922297207,2019-07-22T15:41:06Z,46.18626667,13.34751667,1568.00,22.663
14065,5,810,12367.195371842967,9216.532922297207,2019-07-22T15:41:07Z,46.18625000,13.34733333,1567.00,22.652
14066,5,811,12368.195371842967,9217.532922297207,2019-07-22T15:41:08Z,46.18621667,13.34713333,1565.00,22.64
14067,5,812,12369.195371842967,9218.532922297207,2019-07-22T15:41:09Z,46.18620000,13.34693333,1563.00,22.628
14068,5,813,12370.195371842967,9219.532922297207,2019-07-22T15:41:10Z,46.18615000,13.34673333,1562.00,22.618
14069,5,814,12371.195371842967,9220.532922297207,2019-07-22T15:41:11Z,46.18613333,13.34653333,1559.00,22.606
14070,5,815,12372.195371842967,9221.532922297207,2019-07-22T15:41:12Z,46.18610000,13.34633333,1558.00,22.594
14071,5,816,12373.195371842967,9222.532922297207,2019-07-22T15:41:13Z,46.18608333,13.34613333,1556.00,22.582
14072,5,817,12374.195371842967,9223.532922297207,2019-07-22T15:41:14Z,46.18608333,13.34591667,1554.00,22.568
14073,5,818,12375.195371842967,9224.532922297207,2019-07-22T15:41:15Z,46.18606667,13.34570000,1553.00,22.554
14074,5,819,12376.195371842967,9225.532922297207,2019-07-22T15:41:16Z,46.18606667,13.34548333,1550.00,22.54
14075,5,820,12377.195371842967,9226.532922297207,2019-07-22T15:41:17Z,46.18608333,13.34526667,1548.00,22.525
14076,5,821,12378.195371842967,9227.532922297207,2019-07-22T15:41:18Z,46.18608333,13.34506667,1547.00,22.512
14077,5,822,12379.195371842967,9228.532922297207,2019-07-22T15:41:19Z,46.18608333,13.34486667,1547.00,22.499
14078,5,823,12380.195371842967,9229.532922297207,2019-07-22T15:41:20Z,46.18608333,13.34466667,1546.00,22.485
14079,5,824,12381.195371842967,9230.532922297207,2019-07-22T15:41:21Z,46.18608333,13.34446667,1544.00,22.472
14080,5,825,12382.195371842967,9231.532922297207,2019-07-22T15:41:22Z,46.18608333,13.34426667,1542.00,22.459
14081,5,826,12383.195371842967,9232.532922297207,2019-07-22T15:41:23Z,46.18610000,13.34406667,1540.00,22.445
14082,5,827,12384.195371842967,9233.532922297207,2019-07-22T15:41:24Z,46.18610000,13.34386667,1540.00,22.432
14083,5,828,12385.195371842967,9234.532922297207,2019-07-22T15:41:25Z,46.18611667,13.34365000,1541.00,22.417
14084,5,829,12386.195371842967,9235.532922297207,2019-07-22T15:41:26Z,46.18613333,13.34345000,1540.00,22.402
14085,5,830,12387.195371842967,9236.532922297207,2019-07-22T15:41:27Z,46.18615000,13.34325000,1539.00,22.388
14086,5,831,12388.195371842967,9237.532922297207,2019-07-22T15:41:28Z,46.18615000,13.34305000,1537.00,22.375
14087,5,832,12389.195371842967,9238.532922297207,2019-07-22T15:41:29Z,46.18616667,13.34285000,1536.00,22.361
14088,5,833,12390.195371842967,9239.532922297207,2019-07-22T15:41:30Z,46.18618333,13.34265000,1536.00,22.347
14089,5,834,12391.195371842967,9240.532922297207,2019-07-22T15:41:31Z,46.18618333,13.34243333,1536.00,22.333
14090,5,835,12392.195371842967,9241.532922297207,2019-07-22T15:41:32Z,46.18620000,13.34223333,1536.00,22.319
14091,5,836,12393.195371842967,9242.532922297207,2019-07-22T15:41:33Z,46.18621667,13.34205000,1535.00,22.306
14092,5,837,12394.195371842967,9243.532922297207,2019-07-22T15:41:34Z,46.18621667,13.34185000,1535.00,22.292
14093,5,838,12395.195371842967,9244.532922297207,2019-07-22T15:41:35Z,46.18623333,13.34165000,1534.00,22.278
14094,5,839,12396.195371842967,9245.532922297207,2019-07-22T15:41:36Z,46.18626667,13.34143333,1533.00,22.262
14095,5,840,12397.195371842967,9246.532922297207,2019-07-22T15:41:37Z,46.18628333,13.34123333,1531.00,22.248
14096,5,841,12398.195371842967,9247.532922297207,2019-07-22T15:41:38Z,46.18631667,13.34101667,1529.00,22.232
14097,5,842,12399.195371842967,9248.532922297207,2019-07-22T15:41:39Z,46.18635000,13.34080000,1529.00,22.216
14098,5,843,12400.195371842967,9249.532922297207,2019-07-22T15:41:40Z,46.18638333,13.34058333,1527.00,22.2
14099,5,844,12401.195371842967,9250.532922297207,2019-07-22T15:41:41Z,46.18641667,13.34036667,1527.00,22.184
14100,5,845,12402.195371842967,9251.532922297207,2019-07-22T15:41:42Z,46.18646667,13.34015000,1525.00,22.166
14101,5,846,12403.195371842967,9252.532922297207,2019-07-22T15:41:43Z,46.18650000,13.33995000,1523.00,22.151
14102,5,847,12404.195371842967,9253.532922297207,2019-07-22T15:41:44Z,46.18653333,13.33975000,1522.00,22.136
14103,5,848,12405.195371842967,9254.532922297207,2019-07-22T15:41:45Z,46.18656667,13.33956667,1521.00,22.122
14104,5,849,12406.195371842967,9255.532922297207,2019-07-22T15:41:46Z,46.18660000,13.33936667,1521.00,22.107
14105,5,850,12407.195371842967,9256.532922297207,2019-07-22T15:41:47Z,46.18663333,13.33916667,1519.00,22.092
14106,5,851,12408.195371842967,9257.532922297207,2019-07-22T15:41:48Z,46.18666667,13.33898333,1517.00,22.078
14107,5,852,12409.195371842967,9258.532922297207,2019-07-22T15:41:49Z,46.18670000,13.33878333,1515.00,22.063
14108,5,853,12410.195371842967,9259.532922297207,2019-07-22T15:41:50Z,46.18675000,13.33858333,1513.00,22.047
14109,5,854,12411.195371842967,9260.532922297207,2019-07-22T15:41:51Z,46.18678333,13.33838333,1511.00,22.032
14110,5,855,12412.195371842967,9261.532922297207,2019-07-22T15:41:52Z,46.18683333,13.33820000,1509.00,22.017
14111,5,856,12413.195371842967,9262.532922297207,2019-07-22T15:41:53Z,46.18688333,13.33801667,1509.00,22.002
14112,5,857,12414.195371842967,9263.532922297207,2019-07-22T15:41:54Z,46.18695000,13.33783333,1509.00,21.986
14113,5,858,12415.195371842967,9264.532922297207,2019-07-22T15:41:55Z,46.18700000,13.33765000,1508.00,21.971
14114,5,859,12416.195371842967,9265.532922297207,2019-07-22T15:41:56Z,46.18706667,13.33746667,1507.00,21.956
14115,5,860,12417.195371842967,9266.532922297207,2019-07-22T15:41:57Z,46.18711667,13.33726667,1506.00,21.94
14116,5,861,12418.195371842967,9267.532922297207,2019-07-22T15:41:58Z,46.18718333,13.33708333,1505.00,21.924
14117,5,862,12419.195371842967,9268.532922297207,2019-07-22T15:41:59Z,46.18723333,13.33688333,1504.00,21.908
14118,5,863,12420.195371842967,9269.532922297207,2019-07-22T15:42:00Z,46.18730000,13.33670000,1502.00,21.892
14119,5,864,12421.195371842967,9270.532922297207,2019-07-22T15:42:01Z,46.18736667,13.33651667,1502.00,21.876
14120,5,865,12422.195371842967,9271.532922297207,2019-07-22T15:42:02Z,46.18741667,13.33633333,1501.00,21.861
14121,5,866,12423.195371842967,9272.532922297207,2019-07-22T15:42:03Z,46.18748333,13.33613333,1502.00,21.844
14122,5,867,12424.195371842967,9273.532922297207,2019-07-22T15:42:04Z,46.18755000,13.33596667,1501.00,21.829
14123,5,868,12425.195371842967,9274.532922297207,2019-07-22T15:42:05Z,46.18761667,13.33578333,1501.00,21.813
14124,5,869,12426.195371842967,9275.532922297207,2019-07-22T15:42:06Z,46.18768333,13.33560000,1499.00,21.797
14125,5,870,12427.195371842967,9276.532922297207,2019-07-22T15:42:07Z,46.18773333,13.33540000,1498.00,21.781
14126,5,871,12428.195371842967,9277.532922297207,2019-07-22T15:42:08Z,46.18780000,13.33521667,1498.00,21.765
14127,5,872,12429.195371842967,9278.532922297207,2019-07-22T15:42:09Z,46.18788333,13.33503333,1496.00,21.749
14128,5,873,12430.195371842967,9279.532922297207,2019-07-22T15:42:10Z,46.18795000,13.33486667,1495.00,21.734
14129,5,874,12431.195371842967,9280.532922297207,2019-07-22T15:42:11Z,46.18803333,13.33468333,1494.00,21.717
14130,5,875,12432.195371842967,9281.532922297207,2019-07-22T15:42:12Z,46.18813333,13.33451667,1493.00,21.7
14131,5,876,12433.195371842967,9282.532922297207,2019-07-22T15:42:13Z,46.18821667,13.33435000,1491.00,21.684
14132,5,877,12434.195371842967,9283.532922297207,2019-07-22T15:42:14Z,46.18830000,13.33418333,1489.00,21.668
14133,5,878,12435.195371842967,9284.532922297207,2019-07-22T15:42:15Z,46.18838333,13.33401667,1487.00,21.653
14134,5,879,12436.195371842967,9285.532922297207,2019-07-22T15:42:16Z,46.18846667,13.33385000,1486.00,21.637
14135,5,880,12437.195371842967,9286.532922297207,2019-07-22T15:42:17Z,46.18855000,13.33368333,1483.00,21.621
14136,5,881,12438.195371842967,9287.532922297207,2019-07-22T15:42:18Z,46.18863333,13.33350000,1481.00,21.604
14137,5,882,12439.195371842967,9288.532922297207,2019-07-22T15:42:19Z,46.18870000,13.33331667,1479.00,21.588
14138,5,883,12440.195371842967,9289.532922297207,2019-07-22T15:42:20Z,46.18878333,13.33311667,1477.00,21.57
14139,5,884,12441.195371842967,9290.532922297207,2019-07-22T15:42:21Z,46.18885000,13.33293333,1476.00,21.554
14140,5,885,12442.195371842967,9291.532922297207,2019-07-22T15:42:22Z,46.18891667,13.33275000,1476.00,21.539
14141,5,886,12443.195371842967,9292.532922297207,2019-07-22T15:42:23Z,46.18898333,13.33256667,1475.00,21.523
14142,5,887,12444.195371842967,9293.532922297207,2019-07-22T15:42:24Z,46.18905000,13.33238333,1474.00,21.507
14143,5,888,12445.195371842967,9294.532922297207,2019-07-22T15:42:25Z,46.18911667,13.33221667,1473.00,21.492
14144,5,889,12446.195371842967,9295.532922297207,2019-07-22T15:42:26Z,46.18920000,13.33203333,1472.00,21.475
14145,5,890,12447.195371842967,9296.532922297207,2019-07-22T15:42:27Z,46.18926667,13.33185000,1471.00,21.459
14146,5,891,12448.195371842967,9297.532922297207,2019-07-22T15:42:28Z,46.18935000,13.33166667,1469.00,21.442
14147,5,892,12449.195371842967,9298.532922297207,2019-07-22T15:42:29Z,46.18941667,13.33148333,1468.00,21.426
14148,5,893,12450.195371842967,9299.532922297207,2019-07-22T15:42:30Z,46.18948333,13.33130000,1468.00,21.411
14149,5,894,12451.195371842967,9300.532922297207,2019-07-22T15:42:31Z,46.18956667,13.33111667,1467.00,21.394
14150,5,895,12452.195371842967,9301.532922297207,2019-07-22T15:42:32Z,46.18963333,13.33093333,1466.00,21.378
14151,5,896,12453.195371842967,9302.532922297207,2019-07-22T15:42:33Z,46.18970000,13.33075000,1465.00,21.362
14152,5,897,12454.195371842967,9303.532922297207,2019-07-22T15:42:34Z,46.18976667,13.33058333,1465.00,21.347
14153,5,898,12455.195371842967,9304.532922297207,2019-07-22T15:42:35Z,46.18983333,13.33040000,1464.00,21.331
14154,5,899,12456.195371842967,9305.532922297207,2019-07-22T15:42:36Z,46.18990000,13.33021667,1463.00,21.315
14155,5,900,12457.195371842967,9306.532922297207,2019-07-22T15:42:37Z,46.18995000,13.33003333,1462.00,21.3
14156,5,901,12458.195371842967,9307.532922297207,2019-07-22T15:42:38Z,46.19001667,13.32983333,1461.00,21.283
14157,5,902,12459.195371842967,9308.532922297207,2019-07-22T15:42:39Z,46.19008333,13.32963333,1460.00,21.266
14158,5,903,12460.195371842967,9309.532922297207,2019-07-22T15:42:40Z,46.19015000,13.32943333,1460.00,21.249
14159,5,904,12461.195371842967,9310.532922297207,2019-07-22T15:42:41Z,46.19021667,13.32923333,1459.00,21.232
14160,5,905,12462.195371842967,9311.532922297207,2019-07-22T15:42:42Z,46.19028333,13.32903333,1458.00,21.215
14161,5,906,12463.195371842967,9312.532922297207,2019-07-22T15:42:43Z,46.19035000,13.32883333,1456.00,21.198
14162,5,907,12464.195371842967,9313.532922297207,2019-07-22T15:42:44Z,46.19040000,13.32863333,1455.00,21.182
14163,5,908,12465.195371842967,9314.532922297207,2019-07-22T15:42:45Z,46.19046667,13.32843333,1454.00,21.165
14164,5,909,12466.195371842967,9315.532922297207,2019-07-22T15:42:46Z,46.19051667,13.32823333,1453.00,21.149
14165,5,910,12467.195371842967,9316.532922297207,2019-07-22T15:42:47Z,46.19056667,13.32803333,1452.00,21.133
14166,5,911,12468.195371842967,9317.532922297207,2019-07-22T15:42:48Z,46.19061667,13.32783333,1450.00,21.117
14167,5,912,12469.195371842967,9318.532922297207,2019-07-22T15:42:49Z,46.19066667,13.32763333,1450.00,21.101
14168,5,913,12470.195371842967,9319.532922297207,2019-07-22T15:42:50Z,46.19070000,13.32743333,1449.00,21.086
14169,5,914,12471.195371842967,9320.532922297207,2019-07-22T15:42:51Z,46.19075000,13.32723333,1449.00,21.07
14170,5,915,12472.195371842967,9321.532922297207,2019-07-22T15:42:52Z,46.19078333,13.32705000,1448.00,21.056
14171,5,916,12473.195371842967,9322.532922297207,2019-07-22T15:42:53Z,46.19083333,13.32683333,1446.00,21.039
14172,5,917,12474.195371842967,9323.532922297207,2019-07-22T15:42:54Z,46.19088333,13.32663333,1445.00,21.023
14173,5,918,12475.195371842967,9324.532922297207,2019-07-22T15:42:55Z,46.19093333,13.32645000,1444.00,21.008
14174,5,919,12476.195371842967,9325.532922297207,2019-07-22T15:42:56Z,46.19098333,13.32625000,1442.00,20.992
14175,5,920,12477.195371842967,9326.532922297207,2019-07-22T15:42:57Z,46.19103333,13.32605000,1441.00,20.976
14176,5,921,12478.195371842967,9327.532922297207,2019-07-22T15:42:58Z,46.19108333,13.32586667,1440.00,20.961
14177,5,922,12479.195371842967,9328.532922297207,2019-07-22T15:42:59Z,46.19113333,13.32566667,1439.00,20.945
14178,5,923,12480.195371842967,9329.532922297207,2019-07-22T15:43:00Z,46.19116667,13.32548333,1438.00,20.931
14179,5,924,12481.195371842967,9330.532922297207,2019-07-22T15:43:01Z,46.19120000,13.32530000,1438.00,20.918
14180,5,925,12482.195371842967,9331.532922297207,2019-07-22T15:43:02Z,46.19125000,13.32511667,1437.00,20.903
14181,5,926,12483.195371842967,9332.532922297207,2019-07-22T15:43:03Z,46.19128333,13.32491667,1436.00,20.888
14182,5,927,12484.195371842967,9333.532922297207,2019-07-22T15:43:04Z,46.19133333,13.32473333,1434.00,20.873
14183,5,928,12485.195371842967,9334.532922297207,2019-07-22T15:43:05Z,46.19136667,13.32453333,1433.00,20.858
14184,5,929,12486.195371842967,9335.532922297207,2019-07-22T15:43:06Z,46.19140000,13.32435000,1432.00,20.844
14185,5,930,12487.195371842967,9336.532922297207,2019-07-22T15:43:07Z,46.19143333,13.32415000,1431.00,20.829
14186,5,931,12488.195371842967,9337.532922297207,2019-07-22T15:43:08Z,46.19148333,13.32396667,1430.00,20.814
14187,5,932,12489.195371842967,9338.532922297207,2019-07-22T15:43:09Z,46.19151667,13.32378333,1428.00,20.8
14188,5,933,12490.195371842967,9339.532922297207,2019-07-22T15:43:10Z,46.19156667,13.32358333,1427.00,20.784
14189,5,934,12491.195371842967,9340.532922297207,2019-07-22T15:43:11Z,46.19161667,13.32340000,1425.00,20.769
14190,5,935,12492.195371842967,9341.532922297207,2019-07-22T15:43:12Z,46.19166667,13.32321667,1424.00,20.754
14191,5,936,12493.195371842967,9342.532922297207,2019-07-22T15:43:13Z,46.19171667,13.32303333,1423.00,20.739
14192,5,937,12494.195371842967,9343.532922297207,2019-07-22T15:43:14Z,46.19176667,13.32283333,1422.00,20.723
14193,5,938,12495.195371842967,9344.532922297207,2019-07-22T15:43:15Z,46.19180000,13.32265000,1421.00,20.709
14194,5,939,12496.195371842967,9345.532922297207,2019-07-22T15:43:16Z,46.19185000,13.32246667,1420.00,20.694
14195,5,940,12497.195371842967,9346.532922297207,2019-07-22T15:43:17Z,46.19190000,13.32228333,1420.00,20.68
14196,5,941,12498.195371842967,9347.532922297207,2019-07-22T15:43:18Z,46.19196667,13.32208333,1417.00,20.663
14197,5,942,12499.195371842967,9348.532922297207,2019-07-22T15:43:19Z,46.19201667,13.32190000,1416.00,20.648
14198,5,943,12500.195371842967,9349.532922297207,2019-07-22T15:43:20Z,46.19208333,13.32171667,1415.00,20.632
14199,5,944,12501.195371842967,9350.532922297207,2019-07-22T15:43:21Z,46.19215000,13.32153333,1415.00,20.616
14200,5,945,12502.195371842967,9351.532922297207,2019-07-22T15:43:22Z,46.19220000,13.32135000,1416.00,20.601
14201,5,946,12503.195371842967,9352.532922297207,2019-07-22T15:43:23Z,46.19226667,13.32116667,1414.00,20.585
14202,5,947,12504.195371842967,9353.532922297207,2019-07-22T15:43:24Z,46.19233333,13.32098333,1414.00,20.569
14203,5,948,12505.195371842967,9354.532922297207,2019-07-22T15:43:25Z,46.19238333,13.32081667,1413.00,20.555
14204,5,949,12506.195371842967,9355.532922297207,2019-07-22T15:43:26Z,46.19245000,13.32063333,1412.00,20.539
14205,5,950,12507.195371842967,9356.532922297207,2019-07-22T15:43:27Z,46.19250000,13.32046667,1411.00,20.526
14206,5,951,12508.195371842967,9357.532922297207,2019-07-22T15:43:28Z,46.19258333,13.32028333,1410.00,20.509
14207,5,952,12509.195371842967,9358.532922297207,2019-07-22T15:43:29Z,46.19265000,13.32010000,1408.00,20.493
14208,5,953,12510.195371842967,9359.532922297207,2019-07-22T15:43:30Z,46.19271667,13.31991667,1407.00,20.477
14209,5,954,12511.195371842967,9360.532922297207,2019-07-22T15:43:31Z,46.19280000,13.31975000,1405.00,20.461
14210,5,955,12512.195371842967,9361.532922297207,2019-07-22T15:43:32Z,46.19286667,13.31958333,1403.00,20.446
14211,5,956,12513.195371842967,9362.532922297207,2019-07-22T15:43:33Z,46.19293333,13.31941667,1401.00,20.432
14212,5,957,12514.195371842967,9363.532922297207,2019-07-22T15:43:34Z,46.19300000,13.31923333,1400.00,20.416
14213,5,958,12515.195371842967,9364.532922297207,2019-07-22T15:43:35Z,46.19306667,13.31906667,1399.00,20.401
14214,5,959,12516.195371842967,9365.532922297207,2019-07-22T15:43:36Z,46.19315000,13.31888333,1397.00,20.384
14215,5,960,12517.195371842967,9366.532922297207,2019-07-22T15:43:37Z,46.19320000,13.31871667,1396.00,20.37
14216,5,961,12518.195371842967,9367.532922297207,2019-07-22T15:43:38Z,46.19326667,13.31855000,1394.00,20.355
14217,5,962,12519.195371842967,9368.532922297207,2019-07-22T15:43:39Z,46.19331667,13.31836667,1393.00,20.34
14218,5,963,12520.195371842967,9369.532922297207,2019-07-22T15:43:40Z,46.19340000,13.31818333,1391.00,20.324
14219,5,964,12521.195371842967,9370.532922297207,2019-07-22T15:43:41Z,46.19346667,13.31801667,1389.00,20.309
14220,5,965,12522.195371842967,9371.532922297207,2019-07-22T15:43:42Z,46.19353333,13.31783333,1388.00,20.293
14221,5,966,12523.195371842967,9372.532922297207,2019-07-22T15:43:43Z,46.19360000,13.31763333,1386.00,20.276
14222,5,967,12524.195371842967,9373.532922297207,2019-07-22T15:43:44Z,46.19366667,13.31745000,1384.00,20.26
14223,5,968,12525.195371842967,9374.532922297207,2019-07-22T15:43:45Z,46.19375000,13.31728333,1382.00,20.244
14224,5,969,12526.195371842967,9375.532922297207,2019-07-22T15:43:46Z,46.19383333,13.31711667,1381.00,20.228
14225,5,970,12527.195371842967,9376.532922297207,2019-07-22T15:43:47Z,46.19390000,13.31693333,1380.00,20.213
14226,5,971,12528.195371842967,9377.532922297207,2019-07-22T15:43:48Z,46.19396667,13.31675000,1380.00,20.197
14227,5,972,12529.195371842967,9378.532922297207,2019-07-22T15:43:49Z,46.19405000,13.31656667,1380.00,20.18
14228,5,973,12530.195371842967,9379.532922297207,2019-07-22T15:43:50Z,46.19411667,13.31638333,1378.00,20.164
14229,5,974,12531.195371842967,9380.532922297207,2019-07-22T15:43:51Z,46.19420000,13.31620000,1377.00,20.147
14230,5,975,12532.195371842967,9381.532922297207,2019-07-22T15:43:52Z,46.19426667,13.31601667,1376.00,20.131
14231,5,976,12533.195371842967,9382.532922297207,2019-07-22T15:43:53Z,46.19433333,13.31583333,1374.00,20.115
14232,5,977,12534.195371842967,9383.532922297207,2019-07-22T15:43:54Z,46.19441667,13.31565000,1372.00,20.098
14233,5,978,12535.195371842967,9384.532922297207,2019-07-22T15:43:55Z,46.19448333,13.31545000,1371.00,20.081
14234,5,979,12536.195371842967,9385.532922297207,2019-07-22T15:43:56Z,46.19455000,13.31526667,1370.00,20.066
14235,5,980,12537.195371842967,9386.532922297207,2019-07-22T15:43:57Z,46.19461667,13.31508333,1369.00,20.05
14236,5,981,12538.195371842967,9387.532922297207,2019-07-22T15:43:58Z,46.19468333,13.31488333,1368.00,20.033
14237,5,982,12539.195371842967,9388.532922297207,2019-07-22T15:43:59Z,46.19473333,13.31470000,1367.00,20.018
14238,5,983,12540.195371842967,9389.532922297207,2019-07-22T15:44:00Z,46.19480000,13.31451667,1366.00,20.002
14239,5,984,12541.195371842967,9390.532922297207,2019-07-22T15:44:01Z,46.19486667,13.31433333,1364.00,19.986
14240,5,985,12542.195371842967,9391.532922297207,2019-07-22T15:44:02Z,46.19491667,13.31415000,1361.00,19.971
14241,5,986,12543.195371842967,9392.532922297207,2019-07-22T15:44:03Z,46.19496667,13.31395000,1359.00,19.955
14242,5,987,12544.195371842967,9393.532922297207,2019-07-22T15:44:04Z,46.19501667,13.31376667,1359.00,19.94
14243,5,988,12545.195371842967,9394.532922297207,2019-07-22T15:44:05Z,46.19506667,13.31356667,1358.00,19.924
14244,5,989,12546.195371842967,9395.532922297207,2019-07-22T15:44:06Z,46.19513333,13.31336667,1356.00,19.907
14245,5,990,12547.195371842967,9396.532922297207,2019-07-22T15:44:07Z,46.19518333,13.31316667,1355.00,19.891
14246,5,991,12548.195371842967,9397.532922297207,2019-07-22T15:44:08Z,46.19525000,13.31296667,1353.00,19.874
14247,5,992,12549.195371842967,9398.532922297207,2019-07-22T15:44:09Z,46.19533333,13.31276667,1353.00,19.856
14248,5,993,12550.195371842967,9399.532922297207,2019-07-22T15:44:10Z,46.19540000,13.31258333,1352.00,19.84
14249,5,994,12551.195371842967,9400.532922297207,2019-07-22T15:44:11Z,46.19546667,13.31238333,1351.00,19.824
14250,5,995,12552.195371842967,9401.532922297207,2019-07-22T15:44:12Z,46.19553333,13.31220000,1350.00,19.808
14251,5,996,12553.195371842967,9402.532922297207,2019-07-22T15:44:13Z,46.19560000,13.31200000,1349.00,19.791
14252,5,997,12554.195371842967,9403.532922297207,2019-07-22T15:44:14Z,46.19565000,13.31181667,1349.00,19.776
14253,5,998,12555.195371842967,9404.532922297207,2019-07-22T15:44:15Z,46.19571667,13.31163333,1348.00,19.76
14254,5,999,12556.195371842967,9405.532922297207,2019-07-22T15:44:16Z,46.19576667,13.31143333,1347.00,19.744
14255,5,1000,12557.195371842967,9406.532922297207,2019-07-22T15:44:17Z,46.19581667,13.31123333,1345.00,19.728
14256,5,1001,12558.195371842967,9407.532922297207,2019-07-22T15:44:18Z,46.19588333,13.31103333,1345.00,19.711
14257,5,1002,12559.195371842967,9408.532922297207,2019-07-22T15:44:19Z,46.19593333,13.31083333,1343.00,19.695
14258,5,1003,12560.195371842967,9409.532922297207,2019-07-22T15:44:20Z,46.19600000,13.31063333,1343.00,19.678
14259,5,1004,12561.195371842967,9410.532922297207,2019-07-22T15:44:21Z,46.19605000,13.31045000,1342.00,19.663
14260,5,1005,12562.195371842967,9411.532922297207,2019-07-22T15:44:22Z,46.19611667,13.31025000,1342.00,19.646
14261,5,1006,12563.195371842967,9412.532922297207,2019-07-22T15:44:23Z,46.19618333,13.31005000,1340.00,19.629
14262,5,1007,12564.195371842967,9413.532922297207,2019-07-22T15:44:24Z,46.19623333,13.30985000,1340.00,19.613
14263,5,1008,12565.195371842967,9414.532922297207,2019-07-22T15:44:25Z,46.19628333,13.30963333,1338.00,19.596
14264,5,1009,12566.195371842967,9415.532922297207,2019-07-22T15:44:26Z,46.19635000,13.30943333,1337.00,19.579
14265,5,1010,12567.195371842967,9416.532922297207,2019-07-22T15:44:27Z,46.19640000,13.30923333,1337.00,19.563
14266,5,1011,12568.195371842967,9417.532922297207,2019-07-22T15:44:28Z,46.19645000,13.30905000,1336.00,19.548
14267,5,1012,12569.195371842967,9418.532922297207,2019-07-22T15:44:29Z,46.19650000,13.30886667,1335.00,19.534
14268,5,1013,12570.195371842967,9419.532922297207,2019-07-22T15:44:30Z,46.19655000,13.30868333,1335.00,19.519
14269,5,1014,12571.195371842967,9420.532922297207,2019-07-22T15:44:31Z,46.19660000,13.30848333,1334.00,19.503
14270,5,1015,12572.195371842967,9421.532922297207,2019-07-22T15:44:32Z,46.19665000,13.30830000,1333.00,19.488
14271,5,1016,12573.195371842967,9422.532922297207,2019-07-22T15:44:33Z,46.19671667,13.30811667,1332.00,19.472
14272,5,1017,12574.195371842967,9423.532922297207,2019-07-22T15:44:34Z,46.19675000,13.30791667,1330.00,19.457
14273,5,1018,12575.195371842967,9424.532922297207,2019-07-22T15:44:35Z,46.19680000,13.30773333,1328.00,19.442
14274,5,1019,12576.195371842967,9425.532922297207,2019-07-22T15:44:36Z,46.19685000,13.30753333,1327.00,19.426
14275,5,1020,12577.195371842967,9426.532922297207,2019-07-22T15:44:37Z,46.19690000,13.30733333,1325.00,19.41
14276,5,1021,12578.195371842967,9427.532922297207,2019-07-22T15:44:38Z,46.19693333,13.30715000,1325.00,19.396
14277,5,1022,12579.195371842967,9428.532922297207,2019-07-22T15:44:39Z,46.19698333,13.30695000,1323.00,19.38
14278,5,1023,12580.195371842967,9429.532922297207,2019-07-22T15:44:40Z,46.19705000,13.30675000,1322.00,19.363
14279,5,1024,12581.195371842967,9430.532922297207,2019-07-22T15:44:41Z,46.19710000,13.30655000,1321.00,19.347
14280,5,1025,12582.195371842967,9431.532922297207,2019-07-22T15:44:42Z,46.19715000,13.30633333,1319.00,19.33
14281,5,1026,12583.195371842967,9432.532922297207,2019-07-22T15:44:43Z,46.19720000,13.30613333,1318.00,19.314
14282,5,1027,12584.195371842967,9433.532922297207,2019-07-22T15:44:44Z,46.19725000,13.30593333,1317.00,19.298
14283,5,1028,12585.195371842967,9434.532922297207,2019-07-22T15:44:45Z,46.19731667,13.30573333,1315.00,19.281
14284,5,1029,12586.195371842967,9435.532922297207,2019-07-22T15:44:46Z,46.19738333,13.30553333,1314.00,19.265
14285,5,1030,12587.195371842967,9436.532922297207,2019-07-22T15:44:47Z,46.19746667,13.30533333,1315.00,19.247
14286,5,1031,12588.195371842967,9437.532922297207,2019-07-22T15:44:48Z,46.19753333,13.30513333,1315.00,19.23
14287,5,1032,12589.195371842967,9438.532922297207,2019-07-22T15:44:49Z,46.19760000,13.30493333,1315.00,19.213
14288,5,1033,12590.195371842967,9439.532922297207,2019-07-22T15:44:50Z,46.19768333,13.30475000,1315.00,19.196
14289,5,1034,12591.195371842967,9440.532922297207,2019-07-22T15:44:51Z,46.19775000,13.30456667,1314.00,19.18
14290,5,1035,12592.195371842967,9441.532922297207,2019-07-22T15:44:52Z,46.19783333,13.30436667,1313.00,19.162
14291,5,1036,12593.195371842967,9442.532922297207,2019-07-22T15:44:53Z,46.19790000,13.30418333,1312.00,19.146
14292,5,1037,12594.195371842967,9443.532922297207,2019-07-22T15:44:54Z,46.19798333,13.30400000,1312.00,19.129
14293,5,1038,12595.195371842967,9444.532922297207,2019-07-22T15:44:55Z,46.19805000,13.30381667,1311.00,19.113
14294,5,1039,12596.195371842967,9445.532922297207,2019-07-22T15:44:56Z,46.19813333,13.30363333,1309.00,19.096
14295,5,1040,12597.195371842967,9446.532922297207,2019-07-22T15:44:57Z,46.19821667,13.30343333,1308.00,19.078
14296,5,1041,12598.195371842967,9447.532922297207,2019-07-22T15:44:58Z,46.19828333,13.30325000,1307.00,19.063
14297,5,1042,12599.195371842967,9448.532922297207,2019-07-22T15:44:59Z,46.19836667,13.30306667,1304.00,19.046
14298,5,1043,12600.195371842967,9449.532922297207,2019-07-22T15:45:00Z,46.19843333,13.30288333,1302.00,19.03
14299,5,1044,12601.195371842967,9450.532922297207,2019-07-22T15:45:01Z,46.19850000,13.30271667,1300.00,19.015
14300,5,1045,12602.195371842967,9451.532922297207,2019-07-22T15:45:02Z,46.19856667,13.30253333,1298.00,18.999
14301,5,1046,12603.195371842967,9452.532922297207,2019-07-22T15:45:03Z,46.19863333,13.30235000,1297.00,18.983
14302,5,1047,12604.195371842967,9453.532922297207,2019-07-22T15:45:04Z,46.19868333,13.30215000,1296.00,18.967
14303,5,1048,12605.195371842967,9454.532922297207,2019-07-22T15:45:05Z,46.19873333,13.30196667,1294.00,18.952
14304,5,1049,12606.195371842967,9455.532922297207,2019-07-22T15:45:06Z,46.19880000,13.30176667,1292.00,18.936
14305,5,1050,12607.195371842967,9456.532922297207,2019-07-22T15:45:07Z,46.19885000,13.30156667,1290.00,18.92
14306,5,1051,12608.195371842967,9457.532922297207,2019-07-22T15:45:08Z,46.19890000,13.30136667,1288.00,18.904
14307,5,1052,12609.195371842967,9458.532922297207,2019-07-22T15:45:09Z,46.19895000,13.30116667,1286.00,18.888
14308,5,1053,12610.195371842967,9459.532922297207,2019-07-22T15:45:10Z,46.19901667,13.30096667,1284.00,18.871
14309,5,1054,12611.195371842967,9460.532922297207,2019-07-22T15:45:11Z,46.19906667,13.30076667,1282.00,18.855
14310,5,1055,12612.195371842967,9461.532922297207,2019-07-22T15:45:12Z,46.19913333,13.30056667,1281.00,18.838
14311,5,1056,12613.195371842967,9462.532922297207,2019-07-22T15:45:13Z,46.19920000,13.30036667,1280.00,18.821
14312,5,1057,12614.195371842967,9463.532922297207,2019-07-22T15:45:14Z,46.19926667,13.30016667,1277.00,18.804
14313,5,1058,12615.195371842967,9464.532922297207,2019-07-22T15:45:15Z,46.19935000,13.29995000,1277.00,18.785
14314,5,1059,12616.195371842967,9465.532922297207,2019-07-22T15:45:16Z,46.19943333,13.29975000,1276.00,18.767
14315,5,1060,12617.195371842967,9466.532922297207,2019-07-22T15:45:17Z,46.19950000,13.29955000,1275.00,18.75
14316,5,1061,12618.195371842967,9467.532922297207,2019-07-22T15:45:18Z,46.19958333,13.29935000,1275.00,18.732
14317,5,1062,12619.195371842967,9468.532922297207,2019-07-22T15:45:19Z,46.19966667,13.29916667,1272.00,18.715
14318,5,1063,12620.195371842967,9469.532922297207,2019-07-22T15:45:20Z,46.19976667,13.29898333,1271.00,18.697
14319,5,1064,12621.195371842967,9470.532922297207,2019-07-22T15:45:21Z,46.19985000,13.29881667,1272.00,18.681
14320,5,1065,12622.195371842967,9471.532922297207,2019-07-22T15:45:22Z,46.19993333,13.29863333,1273.00,18.665
14321,5,1066,12623.195371842967,9472.532922297207,2019-07-22T15:45:23Z,46.20001667,13.29846667,1274.00,18.649
14322,5,1067,12624.195371842967,9473.532922297207,2019-07-22T15:45:24Z,46.20006667,13.29830000,1274.00,18.635
14323,5,1068,12625.195371842967,9474.532922297207,2019-07-22T15:45:25Z,46.20013333,13.29811667,1274.00,18.619
14324,5,1069,12626.195371842967,9475.532922297207,2019-07-22T15:45:26Z,46.20018333,13.29795000,1275.00,18.605
14325,5,1070,12627.195371842967,9476.532922297207,2019-07-22T15:45:27Z,46.20021667,13.29776667,1274.00,18.591
14326,5,1071,12628.195371842967,9477.532922297207,2019-07-22T15:45:28Z,46.20025000,13.29760000,1273.00,18.579
14327,5,1072,12629.195371842967,9478.532922297207,2019-07-22T15:45:29Z,46.20030000,13.29741667,1272.00,18.564
14328,5,1073,12630.195371842967,9479.532922297207,2019-07-22T15:45:30Z,46.20033333,13.29721667,1271.00,18.549
14329,5,1074,12631.195371842967,9480.532922297207,2019-07-22T15:45:31Z,46.20038333,13.29703333,1270.00,18.534
14330,5,1075,12632.195371842967,9481.532922297207,2019-07-22T15:45:32Z,46.20043333,13.29685000,1269.00,18.519
14331,5,1076,12633.195371842967,9482.532922297207,2019-07-22T15:45:33Z,46.20048333,13.29668333,1269.00,18.505
14332,5,1077,12634.195371842967,9483.532922297207,2019-07-22T15:45:34Z,46.20053333,13.29650000,1267.00,18.491
14333,5,1078,12635.195371842967,9484.532922297207,2019-07-22T15:45:35Z,46.20060000,13.29631667,1265.00,18.475
14334,5,1079,12636.195371842967,9485.532922297207,2019-07-22T15:45:36Z,46.20066667,13.29615000,1265.00,18.46
14335,5,1080,12637.195371842967,9486.532922297207,2019-07-22T15:45:37Z,46.20071667,13.29596667,1263.00,18.445
14336,5,1081,12638.195371842967,9487.532922297207,2019-07-22T15:45:38Z,46.20078333,13.29580000,1262.00,18.43
14337,5,1082,12639.195371842967,9488.532922297207,2019-07-22T15:45:39Z,46.20083333,13.29561667,1262.00,18.415
14338,5,1083,12640.195371842967,9489.532922297207,2019-07-22T15:45:40Z,46.20090000,13.29543333,1262.00,18.399
14339,5,1084,12641.195371842967,9490.532922297207,2019-07-22T15:45:41Z,46.20096667,13.29525000,1261.00,18.384
14340,5,1085,12642.195371842967,9491.532922297207,2019-07-22T15:45:42Z,46.20103333,13.29508333,1260.00,18.369
14341,5,1086,12643.195371842967,9492.532922297207,2019-07-22T15:45:43Z,46.20111667,13.29491667,1258.00,18.353
14342,5,1087,12644.195371842967,9493.532922297207,2019-07-22T15:45:44Z,46.20120000,13.29473333,1257.00,18.336
14343,5,1088,12645.195371842967,9494.532922297207,2019-07-22T15:45:45Z,46.20130000,13.29456667,1257.00,18.319
14344,5,1089,12646.195371842967,9495.532922297207,2019-07-22T15:45:46Z,46.20138333,13.29441667,1256.00,18.305
14345,5,1090,12647.195371842967,9496.532922297207,2019-07-22T15:45:47Z,46.20146667,13.29426667,1256.00,18.29
14346,5,1091,12648.195371842967,9497.532922297207,2019-07-22T15:45:48Z,46.20155000,13.29411667,1256.00,18.275
14347,5,1092,12649.195371842967,9498.532922297207,2019-07-22T15:45:49Z,46.20165000,13.29398333,1256.00,18.26
14348,5,1093,12650.195371842967,9499.532922297207,2019-07-22T15:45:50Z,46.20173333,13.29385000,1254.00,18.247
14349,5,1094,12651.195371842967,9500.532922297207,2019-07-22T15:45:51Z,46.20183333,13.29370000,1253.00,18.231
14350,5,1095,12652.195371842967,9501.532922297207,2019-07-22T15:45:52Z,46.20193333,13.29356667,1251.00,18.216
14351,5,1096,12653.195371842967,9502.532922297207,2019-07-22T15:45:53Z,46.20203333,13.29343333,1250.00,18.202
14352,5,1097,12654.195371842967,9503.532922297207,2019-07-22T15:45:54Z,46.20215000,13.29328333,1248.00,18.185
14353,5,1098,12655.195371842967,9504.532922297207,2019-07-22T15:45:55Z,46.20225000,13.29315000,1247.00,18.17
14354,5,1099,12656.195371842967,9505.532922297207,2019-07-22T15:45:56Z,46.20235000,13.29300000,1246.00,18.155
14355,5,1100,12657.195371842967,9506.532922297207,2019-07-22T15:45:57Z,46.20245000,13.29286667,1245.00,18.14
14356,5,1101,12658.195371842967,9507.532922297207,2019-07-22T15:45:58Z,46.20255000,13.29273333,1244.00,18.125
14357,5,1102,12659.195371842967,9508.532922297207,2019-07-22T15:45:59Z,46.20266667,13.29260000,1243.00,18.11
14358,5,1103,12660.195371842967,9509.532922297207,2019-07-22T15:46:00Z,46.20276667,13.29248333,1242.00,18.096
14359,5,1104,12661.195371842967,9510.532922297207,2019-07-22T15:46:01Z,46.20288333,13.29235000,1241.00,18.08
14360,5,1105,12662.195371842967,9511.532922297207,2019-07-22T15:46:02Z,46.20300000,13.29223333,1240.00,18.066
14361,5,1106,12663.195371842967,9512.532922297207,2019-07-22T15:46:03Z,46.20310000,13.29210000,1238.00,18.051
14362,5,1107,12664.195371842967,9513.532922297207,2019-07-22T15:46:04Z,46.20321667,13.29198333,1237.00,18.037
14363,5,1108,12665.195371842967,9514.532922297207,2019-07-22T15:46:05Z,46.20333333,13.29185000,1235.00,18.021
14364,5,1109,12666.195371842967,9515.532922297207,2019-07-22T15:46:06Z,46.20343333,13.29171667,1234.00,18.006
14365,5,1110,12667.195371842967,9516.532922297207,2019-07-22T15:46:07Z,46.20355000,13.29158333,1232.00,17.991
14366,5,1111,12668.195371842967,9517.532922297207,2019-07-22T15:46:08Z,46.20365000,13.29145000,1231.00,17.976
14367,5,1112,12669.195371842967,9518.532922297207,2019-07-22T15:46:09Z,46.20376667,13.29131667,1229.00,17.96
14368,5,1113,12670.195371842967,9519.532922297207,2019-07-22T15:46:10Z,46.20388333,13.29118333,1227.00,17.945
14369,5,1114,12671.195371842967,9520.532922297207,2019-07-22T15:46:11Z,46.20400000,13.29105000,1224.00,17.929
14370,5,1115,12672.195371842967,9521.532922297207,2019-07-22T15:46:12Z,46.20411667,13.29093333,1222.00,17.914
14371,5,1116,12673.195371842967,9522.532922297207,2019-07-22T15:46:13Z,46.20425000,13.29081667,1220.00,17.899
14372,5,1117,12674.195371842967,9523.532922297207,2019-07-22T15:46:14Z,46.20438333,13.29070000,1217.00,17.883
14373,5,1118,12675.195371842967,9524.532922297207,2019-07-22T15:46:15Z,46.20451667,13.29056667,1216.00,17.867
14374,5,1119,12676.195371842967,9525.532922297207,2019-07-22T15:46:16Z,46.20463333,13.29043333,1215.00,17.851
14375,5,1120,12677.195371842967,9526.532922297207,2019-07-22T15:46:17Z,46.20475000,13.29030000,1213.00,17.835
14376,5,1121,12678.195371842967,9527.532922297207,2019-07-22T15:46:18Z,46.20486667,13.29016667,1211.00,17.82
14377,5,1122,12679.195371842967,9528.532922297207,2019-07-22T15:46:19Z,46.20498333,13.29003333,1209.00,17.804
14378,5,1123,12680.195371842967,9529.532922297207,2019-07-22T15:46:20Z,46.20510000,13.28990000,1207.00,17.789
14379,5,1124,12681.195371842967,9530.532922297207,2019-07-22T15:46:21Z,46.20521667,13.28976667,1205.00,17.773
14380,5,1125,12682.195371842967,9531.532922297207,2019-07-22T15:46:22Z,46.20533333,13.28963333,1205.00,17.757
14381,5,1126,12683.195371842967,9532.532922297207,2019-07-22T15:46:23Z,46.20545000,13.28950000,1204.00,17.742
14382,5,1127,12684.195371842967,9533.532922297207,2019-07-22T15:46:24Z,46.20556667,13.28935000,1201.00,17.725
14383,5,1128,12685.195371842967,9534.532922297207,2019-07-22T15:46:25Z,46.20568333,13.28920000,1198.00,17.708
14384,5,1129,12686.195371842967,9535.532922297207,2019-07-22T15:46:26Z,46.20581667,13.28906667,1197.00,17.692
14385,5,1130,12687.195371842967,9536.532922297207,2019-07-22T15:46:27Z,46.20593333,13.28893333,1196.00,17.676
14386,5,1131,12688.195371842967,9537.532922297207,2019-07-22T15:46:28Z,46.20603333,13.28878333,1194.00,17.66
14387,5,1132,12689.195371842967,9538.532922297207,2019-07-22T15:46:29Z,46.20615000,13.28863333,1193.00,17.644
14388,5,1133,12690.195371842967,9539.532922297207,2019-07-22T15:46:30Z,46.20626667,13.28846667,1191.00,17.626
14389,5,1134,12691.195371842967,9540.532922297207,2019-07-22T15:46:31Z,46.20636667,13.28830000,1189.00,17.609
14390,5,1135,12692.195371842967,9541.532922297207,2019-07-22T15:46:32Z,46.20646667,13.28813333,1188.00,17.592
14391,5,1136,12693.195371842967,9542.532922297207,2019-07-22T15:46:33Z,46.20656667,13.28796667,1186.00,17.576
14392,5,1137,12694.195371842967,9543.532922297207,2019-07-22T15:46:34Z,46.20666667,13.28780000,1184.00,17.559
14393,5,1138,12695.195371842967,9544.532922297207,2019-07-22T15:46:35Z,46.20676667,13.28761667,1182.00,17.541
14394,5,1139,12696.195371842967,9545.532922297207,2019-07-22T15:46:36Z,46.20685000,13.28743333,1180.00,17.524
14395,5,1140,12697.195371842967,9546.532922297207,2019-07-22T15:46:37Z,46.20693333,13.28725000,1180.00,17.507
14396,5,1141,12698.195371842967,9547.532922297207,2019-07-22T15:46:38Z,46.20701667,13.28708333,1179.00,17.491
14397,5,1142,12699.195371842967,9548.532922297207,2019-07-22T15:46:39Z,46.20710000,13.28690000,1179.00,17.475
14398,5,1143,12700.195371842967,9549.532922297207,2019-07-22T15:46:40Z,46.20718333,13.28673333,1177.00,17.459
14399,5,1144,12701.195371842967,9550.532922297207,2019-07-22T15:46:41Z,46.20725000,13.28656667,1175.00,17.444
14400,5,1145,12702.195371842967,9551.532922297207,2019-07-22T15:46:42Z,46.20733333,13.28638333,1173.00,17.427
14401,5,1146,12703.195371842967,9552.532922297207,2019-07-22T15:46:43Z,46.20741667,13.28621667,1170.00,17.411
14402,5,1147,12704.195371842967,9553.532922297207,2019-07-22T15:46:44Z,46.20750000,13.28605000,1168.00,17.395
14403,5,1148,12705.195371842967,9554.532922297207,2019-07-22T15:46:45Z,46.20756667,13.28588333,1167.00,17.381
14404,5,1149,12706.195371842967,9555.532922297207,2019-07-22T15:46:46Z,46.20765000,13.28573333,1166.00,17.366
14405,5,1150,12707.195371842967,9556.532922297207,2019-07-22T15:46:47Z,46.20771667,13.28556667,1165.00,17.351
14406,5,1151,12708.195371842967,9557.532922297207,2019-07-22T15:46:48Z,46.20778333,13.28541667,1165.00,17.337
14407,5,1152,12709.195371842967,9558.532922297207,2019-07-22T15:46:49Z,46.20786667,13.28525000,1165.00,17.322
14408,5,1153,12710.195371842967,9559.532922297207,2019-07-22T15:46:50Z,46.20793333,13.28510000,1163.00,17.308
14409,5,1154,12711.195371842967,9560.532922297207,2019-07-22T15:46:51Z,46.20801667,13.28496667,1162.00,17.294
14410,5,1155,12712.195371842967,9561.532922297207,2019-07-22T15:46:52Z,46.20808333,13.28483333,1162.00,17.282
14411,5,1156,12713.195371842967,9562.532922297207,2019-07-22T15:46:53Z,46.20816667,13.28470000,1161.00,17.268
14412,5,1157,12714.195371842967,9563.532922297207,2019-07-22T15:46:54Z,46.20825000,13.28458333,1160.00,17.256
14413,5,1158,12715.195371842967,9564.532922297207,2019-07-22T15:46:55Z,46.20833333,13.28446667,1160.00,17.243
14414,5,1159,12716.195371842967,9565.532922297207,2019-07-22T15:46:56Z,46.20841667,13.28435000,1159.00,17.23
14415,5,1160,12717.195371842967,9566.532922297207,2019-07-22T15:46:57Z,46.20848333,13.28423333,1158.00,17.219
14416,5,1161,12718.195371842967,9567.532922297207,2019-07-22T15:46:58Z,46.20856667,13.28410000,1156.00,17.205
14417,5,1162,12719.195371842967,9568.532922297207,2019-07-22T15:46:59Z,46.20865000,13.28398333,1155.00,17.193
14418,5,1163,12720.195371842967,9569.532922297207,2019-07-22T15:47:00Z,46.20871667,13.28385000,1154.00,17.18
14419,5,1164,12721.195371842967,9570.532922297207,2019-07-22T15:47:01Z,46.20880000,13.28373333,1152.00,17.168
14420,5,1165,12722.195371842967,9571.532922297207,2019-07-22T15:47:02Z,46.20886667,13.28360000,1150.00,17.155
14421,5,1166,12723.195371842967,9572.532922297207,2019-07-22T15:47:03Z,46.20893333,13.28346667,1148.00,17.142
14422,5,1167,12724.195371842967,9573.532922297207,2019-07-22T15:47:04Z,46.20901667,13.28333333,1147.00,17.129
14423,5,1168,12725.195371842967,9574.532922297207,2019-07-22T15:47:05Z,46.20908333,13.28320000,1146.00,17.116
14424,5,1169,12726.195371842967,9575.532922297207,2019-07-22T15:47:06Z,46.20916667,13.28308333,1143.00,17.104
14425,5,1170,12727.195371842967,9576.532922297207,2019-07-22T15:47:07Z,46.20925000,13.28295000,1142.00,17.09
14426,5,1171,12728.195371842967,9577.532922297207,2019-07-22T15:47:08Z,46.20933333,13.28281667,1140.00,17.076
14427,5,1172,12729.195371842967,9578.532922297207,2019-07-22T15:47:09Z,46.20941667,13.28268333,1138.00,17.063
14428,5,1173,12730.195371842967,9579.532922297207,2019-07-22T15:47:10Z,46.20950000,13.28255000,1137.00,17.049
14429,5,1174,12731.195371842967,9580.532922297207,2019-07-22T15:47:11Z,46.20958333,13.28241667,1134.00,17.035
14430,5,1175,12732.195371842967,9581.532922297207,2019-07-22T15:47:12Z,46.20966667,13.28226667,1132.00,17.021
14431,5,1176,12733.195371842967,9582.532922297207,2019-07-22T15:47:13Z,46.20975000,13.28213333,1130.00,17.007
14432,5,1177,12734.195371842967,9583.532922297207,2019-07-22T15:47:14Z,46.20983333,13.28198333,1128.00,16.992
14433,5,1178,12735.195371842967,9584.532922297207,2019-07-22T15:47:15Z,46.20991667,13.28183333,1126.00,16.978
14434,5,1179,12736.195371842967,9585.532922297207,2019-07-22T15:47:16Z,46.21001667,13.28168333,1125.00,16.962
14435,5,1180,12737.195371842967,9586.532922297207,2019-07-22T15:47:17Z,46.21010000,13.28153333,1122.00,16.947
14436,5,1181,12738.195371842967,9587.532922297207,2019-07-22T15:47:18Z,46.21020000,13.28140000,1121.00,16.933
14437,5,1182,12739.195371842967,9588.532922297207,2019-07-22T15:47:19Z,46.21030000,13.28126667,1120.00,16.918
14438,5,1183,12740.195371842967,9589.532922297207,2019-07-22T15:47:20Z,46.21040000,13.28113333,1119.00,16.904
14439,5,1184,12741.195371842967,9590.532922297207,2019-07-22T15:47:21Z,46.21050000,13.28100000,1117.00,16.889
14440,5,1185,12742.195371842967,9591.532922297207,2019-07-22T15:47:22Z,46.21061667,13.28088333,1115.00,16.875
14441,5,1186,12743.195371842967,9592.532922297207,2019-07-22T15:47:23Z,46.21073333,13.28075000,1113.00,16.859
14442,5,1187,12744.195371842967,9593.532922297207,2019-07-22T15:47:24Z,46.21085000,13.28063333,1112.00,16.844
14443,5,1188,12745.195371842967,9594.532922297207,2019-07-22T15:47:25Z,46.21096667,13.28051667,1111.00,16.83
14444,5,1189,12746.195371842967,9595.532922297207,2019-07-22T15:47:26Z,46.21108333,13.28040000,1110.00,16.816
14445,5,1190,12747.195371842967,9596.532922297207,2019-07-22T15:47:27Z,46.21121667,13.28028333,1111.00,16.8
14446,5,1191,12748.195371842967,9597.532922297207,2019-07-22T15:47:28Z,46.21133333,13.28016667,1112.00,16.786
14447,5,1192,12749.195371842967,9598.532922297207,2019-07-22T15:47:29Z,46.21145000,13.28006667,1111.00,16.772
14448,5,1193,12750.195371842967,9599.532922297207,2019-07-22T15:47:30Z,46.21156667,13.27995000,1109.00,16.758
14449,5,1194,12751.195371842967,9600.532922297207,2019-07-22T15:47:31Z,46.21170000,13.27985000,1109.00,16.743
14450,5,1195,12752.195371842967,9601.532922297207,2019-07-22T15:47:32Z,46.21181667,13.27975000,1109.00,16.73
14451,5,1196,12753.195371842967,9602.532922297207,2019-07-22T15:47:33Z,46.21193333,13.27965000,1108.00,16.717
14452,5,1197,12754.195371842967,9603.532922297207,2019-07-22T15:47:34Z,46.21205000,13.27956667,1108.00,16.704
14453,5,1198,12755.195371842967,9604.532922297207,2019-07-22T15:47:35Z,46.21218333,13.27948333,1108.00,16.691
14454,5,1199,12756.195371842967,9605.532922297207,2019-07-22T15:47:36Z,46.21230000,13.27938333,1109.00,16.678
14455,5,1200,12757.195371842967,9606.532922297207,2019-07-22T15:47:37Z,46.21241667,13.27930000,1110.00,16.666
14456,5,1201,12758.195371842967,9607.532922297207,2019-07-22T15:47:38Z,46.21253333,13.27920000,1109.00,16.652
14457,5,1202,12759.195371842967,9608.532922297207,2019-07-22T15:47:39Z,46.21263333,13.27910000,1108.00,16.64
14458,5,1203,12760.195371842967,9609.532922297207,2019-07-22T15:47:40Z,46.21275000,13.27900000,1107.00,16.627
14459,5,1204,12761.195371842967,9610.532922297207,2019-07-22T15:47:41Z,46.21286667,13.27888333,1106.00,16.612
14460,5,1205,12762.195371842967,9611.532922297207,2019-07-22T15:47:42Z,46.21298333,13.27878333,1105.00,16.599
14461,5,1206,12763.195371842967,9612.532922297207,2019-07-22T15:47:43Z,46.21310000,13.27870000,1105.00,16.587
14462,5,1207,12764.195371842967,9613.532922297207,2019-07-22T15:47:44Z,46.21321667,13.27861667,1104.00,16.574
14463,5,1208,12765.195371842967,9614.532922297207,2019-07-22T15:47:45Z,46.21333333,13.27853333,1105.00,16.562
14464,5,1209,12766.195371842967,9615.532922297207,2019-07-22T15:47:46Z,46.21346667,13.27845000,1105.00,16.549
14465,5,1210,12767.195371842967,9616.532922297207,2019-07-22T15:47:47Z,46.21358333,13.27838333,1105.00,16.538
14466,5,1211,12768.195371842967,9617.532922297207,2019-07-22T15:47:48Z,46.21368333,13.27830000,1105.00,16.527
14467,5,1212,12769.195371842967,9618.532922297207,2019-07-22T15:47:49Z,46.21380000,13.27821667,1104.00,16.514
14468,5,1213,12770.195371842967,9619.532922297207,2019-07-22T15:47:50Z,46.21391667,13.27813333,1103.00,16.502
14469,5,1214,12771.195371842967,9620.532922297207,2019-07-22T15:47:51Z,46.21403333,13.27805000,1102.00,16.49
14470,5,1215,12772.195371842967,9621.532922297207,2019-07-22T15:47:52Z,46.21415000,13.27796667,1101.00,16.478
14471,5,1216,12773.195371842967,9622.532922297207,2019-07-22T15:47:53Z,46.21426667,13.27786667,1099.00,16.464
14472,5,1217,12774.195371842967,9623.532922297207,2019-07-22T15:47:54Z,46.21438333,13.27778333,1097.00,16.452
14473,5,1218,12775.195371842967,9624.532922297207,2019-07-22T15:47:55Z,46.21450000,13.27770000,1096.00,16.44
14474,5,1219,12776.195371842967,9625.532922297207,2019-07-22T15:47:56Z,46.21461667,13.27760000,1095.00,16.427
14475,5,1220,12777.195371842967,9626.532922297207,2019-07-22T15:47:57Z,46.21473333,13.27750000,1093.00,16.414
14476,5,1221,12778.195371842967,9627.532922297207,2019-07-22T15:47:58Z,46.21485000,13.27740000,1092.00,16.4
14477,5,1222,12779.195371842967,9628.532922297207,2019-07-22T15:47:59Z,46.21496667,13.27731667,1091.00,16.388
14478,5,1223,12780.195371842967,9629.532922297207,2019-07-22T15:48:00Z,46.21508333,13.27721667,1090.00,16.375
14479,5,1224,12781.195371842967,9630.532922297207,2019-07-22T15:48:01Z,46.21518333,13.27711667,1088.00,16.363
14480,5,1225,12782.195371842967,9631.532922297207,2019-07-22T15:48:02Z,46.21530000,13.27703333,1085.00,16.35
14481,5,1226,12783.195371842967,9632.532922297207,2019-07-22T15:48:03Z,46.21541667,13.27693333,1083.00,16.337
14482,5,1227,12784.195371842967,9633.532922297207,2019-07-22T15:48:04Z,46.21553333,13.27683333,1083.00,16.324
14483,5,1228,12785.195371842967,9634.532922297207,2019-07-22T15:48:05Z,46.21565000,13.27671667,1083.00,16.31
14484,5,1229,12786.195371842967,9635.532922297207,2019-07-22T15:48:06Z,46.21575000,13.27660000,1082.00,16.296
14485,5,1230,12787.195371842967,9636.532922297207,2019-07-22T15:48:07Z,46.21586667,13.27648333,1080.00,16.282
14486,5,1231,12788.195371842967,9637.532922297207,2019-07-22T15:48:08Z,46.21598333,13.27636667,1077.00,16.267
14487,5,1232,12789.195371842967,9638.532922297207,2019-07-22T15:48:09Z,46.21610000,13.27623333,1075.00,16.252
14488,5,1233,12790.195371842967,9639.532922297207,2019-07-22T15:48:10Z,46.21621667,13.27611667,1072.00,16.238
14489,5,1234,12791.195371842967,9640.532922297207,2019-07-22T15:48:11Z,46.21633333,13.27600000,1070.00,16.223
14490,5,1235,12792.195371842967,9641.532922297207,2019-07-22T15:48:12Z,46.21645000,13.27588333,1069.00,16.209
14491,5,1236,12793.195371842967,9642.532922297207,2019-07-22T15:48:13Z,46.21655000,13.27576667,1067.00,16.196
14492,5,1237,12794.195371842967,9643.532922297207,2019-07-22T15:48:14Z,46.21666667,13.27565000,1065.00,16.181
14493,5,1238,12795.195371842967,9644.532922297207,2019-07-22T15:48:15Z,46.21676667,13.27551667,1064.00,16.167
14494,5,1239,12796.195371842967,9645.532922297207,2019-07-22T15:48:16Z,46.21688333,13.27540000,1063.00,16.153
14495,5,1240,12797.195371842967,9646.532922297207,2019-07-22T15:48:17Z,46.21698333,13.27526667,1061.00,16.138
14496,5,1241,12798.195371842967,9647.532922297207,2019-07-22T15:48:18Z,46.21710000,13.27511667,1059.00,16.122
14497,5,1242,12799.195371842967,9648.532922297207,2019-07-22T15:48:19Z,46.21720000,13.27498333,1057.00,16.107
14498,5,1243,12800.195371842967,9649.532922297207,2019-07-22T15:48:20Z,46.21730000,13.27486667,1055.00,16.094
14499,5,1244,12801.195371842967,9650.532922297207,2019-07-22T15:48:21Z,46.21741667,13.27471667,1055.00,16.077
14500,5,1245,12802.195371842967,9651.532922297207,2019-07-22T15:48:22Z,46.21751667,13.27458333,1054.00,16.063
14501,5,1246,12803.195371842967,9652.532922297207,2019-07-22T15:48:23Z,46.21761667,13.27445000,1053.00,16.048
14502,5,1247,12804.195371842967,9653.532922297207,2019-07-22T15:48:24Z,46.21771667,13.27431667,1051.00,16.034
14503,5,1248,12805.195371842967,9654.532922297207,2019-07-22T15:48:25Z,46.21783333,13.27418333,1050.00,16.018
14504,5,1249,12806.195371842967,9655.532922297207,2019-07-22T15:48:26Z,46.21795000,13.27406667,1048.00,16.004
14505,5,1250,12807.195371842967,9656.532922297207,2019-07-22T15:48:27Z,46.21806667,13.27395000,1047.00,15.99
14506,5,1251,12808.195371842967,9657.532922297207,2019-07-22T15:48:28Z,46.21820000,13.27383333,1046.00,15.975
14507,5,1252,12809.195371842967,9658.532922297207,2019-07-22T15:48:29Z,46.21831667,13.27373333,1044.00,15.961
14508,5,1253,12810.195371842967,9659.532922297207,2019-07-22T15:48:30Z,46.21845000,13.27361667,1043.00,15.946
14509,5,1254,12811.195371842967,9660.532922297207,2019-07-22T15:48:31Z,46.21856667,13.27351667,1041.00,15.933
14510,5,1255,12812.195371842967,9661.532922297207,2019-07-22T15:48:32Z,46.21870000,13.27338333,1039.00,15.917
14511,5,1256,12813.195371842967,9662.532922297207,2019-07-22T15:48:33Z,46.21881667,13.27326667,1038.00,15.902
14512,5,1257,12814.195371842967,9663.532922297207,2019-07-22T15:48:34Z,46.21891667,13.27313333,1037.00,15.888
14513,5,1258,12815.195371842967,9664.532922297207,2019-07-22T15:48:35Z,46.21900000,13.27300000,1037.00,15.874
14514,5,1259,12816.195371842967,9665.532922297207,2019-07-22T15:48:36Z,46.21910000,13.27286667,1035.00,15.86
14515,5,1260,12817.195371842967,9666.532922297207,2019-07-22T15:48:37Z,46.21920000,13.27273333,1034.00,15.846
14516,5,1261,12818.195371842967,9667.532922297207,2019-07-22T15:48:38Z,46.21930000,13.27260000,1032.00,15.831
14517,5,1262,12819.195371842967,9668.532922297207,2019-07-22T15:48:39Z,46.21938333,13.27245000,1030.00,15.816
14518,5,1263,12820.195371842967,9669.532922297207,2019-07-22T15:48:40Z,46.21948333,13.27231667,1029.00,15.802
14519,5,1264,12821.195371842967,9670.532922297207,2019-07-22T15:48:41Z,46.21958333,13.27218333,1027.00,15.788
14520,5,1265,12822.195371842967,9671.532922297207,2019-07-22T15:48:42Z,46.21970000,13.27203333,1025.00,15.771
14521,5,1266,12823.195371842967,9672.532922297207,2019-07-22T15:48:43Z,46.21980000,13.27188333,1023.00,15.756
14522,5,1267,12824.195371842967,9673.532922297207,2019-07-22T15:48:44Z,46.21991667,13.27173333,1022.00,15.739
14523,5,1268,12825.195371842967,9674.532922297207,2019-07-22T15:48:45Z,46.22001667,13.27158333,1020.00,15.724
14524,5,1269,12826.195371842967,9675.532922297207,2019-07-22T15:48:46Z,46.22011667,13.27143333,1018.00,15.708
14525,5,1270,12827.195371842967,9676.532922297207,2019-07-22T15:48:47Z,46.22021667,13.27128333,1016.00,15.692
14526,5,1271,12828.195371842967,9677.532922297207,2019-07-22T15:48:48Z,46.22031667,13.27115000,1017.00,15.678
14527,5,1272,12829.195371842967,9678.532922297207,2019-07-22T15:48:49Z,46.22041667,13.27101667,1018.00,15.664
14528,5,1273,12830.195371842967,9679.532922297207,2019-07-22T15:48:50Z,46.22050000,13.27090000,1018.00,15.651
14529,5,1274,12831.195371842967,9680.532922297207,2019-07-22T15:48:51Z,46.22058333,13.27078333,1018.00,15.639
14530,5,1275,12832.195371842967,9681.532922297207,2019-07-22T15:48:52Z,46.22066667,13.27065000,1018.00,15.625
14531,5,1276,12833.195371842967,9682.532922297207,2019-07-22T15:48:53Z,46.22075000,13.27053333,1016.00,15.613
14532,5,1277,12834.195371842967,9683.532922297207,2019-07-22T15:48:54Z,46.22083333,13.27041667,1015.00,15.601
14533,5,1278,12835.195371842967,9684.532922297207,2019-07-22T15:48:55Z,46.22091667,13.27028333,1013.00,15.587
14534,5,1279,12836.195371842967,9685.532922297207,2019-07-22T15:48:56Z,46.22101667,13.27016667,1013.00,15.574
14535,5,1280,12837.195371842967,9686.532922297207,2019-07-22T15:48:57Z,46.22110000,13.27003333,1012.00,15.56
14536,5,1281,12838.195371842967,9687.532922297207,2019-07-22T15:48:58Z,46.22118333,13.26990000,1010.00,15.547
14537,5,1282,12839.195371842967,9688.532922297207,2019-07-22T15:48:59Z,46.22126667,13.26975000,1009.00,15.532
14538,5,1283,12840.195371842967,9689.532922297207,2019-07-22T15:49:00Z,46.22135000,13.26961667,1009.00,15.519
14539,5,1284,12841.195371842967,9690.532922297207,2019-07-22T15:49:01Z,46.22143333,13.26948333,1008.00,15.505
14540,5,1285,12842.195371842967,9691.532922297207,2019-07-22T15:49:02Z,46.22153333,13.26935000,1008.00,15.491
14541,5,1286,12843.195371842967,9692.532922297207,2019-07-22T15:49:03Z,46.22160000,13.26921667,1007.00,15.478
14542,5,1287,12844.195371842967,9693.532922297207,2019-07-22T15:49:04Z,46.22168333,13.26910000,1008.00,15.466
14543,5,1288,12845.195371842967,9694.532922297207,2019-07-22T15:49:05Z,46.22176667,13.26898333,1009.00,15.453
14544,5,1289,12846.195371842967,9695.532922297207,2019-07-22T15:49:06Z,46.22183333,13.26885000,1009.00,15.441
14545,5,1290,12847.195371842967,9696.532922297207,2019-07-22T15:49:07Z,46.22191667,13.26871667,1009.00,15.427
14546,5,1291,12848.195371842967,9697.532922297207,2019-07-22T15:49:08Z,46.22200000,13.26858333,1010.00,15.414
14547,5,1292,12849.195371842967,9698.532922297207,2019-07-22T15:49:09Z,46.22206667,13.26845000,1010.00,15.401
14548,5,1293,12850.195371842967,9699.532922297207,2019-07-22T15:49:10Z,46.19790000,13.29898333,1010.00,18.811
14549,5,1294,12851.195371842967,9700.532922297207,2019-07-22T15:49:11Z,46.22223333,13.26816667,1011.00,15.373
14550,5,1295,12852.195371842967,9701.532922297207,2019-07-22T15:49:12Z,46.22230000,13.26803333,1012.00,15.361
14551,5,1296,12853.195371842967,9702.532922297207,2019-07-22T15:49:13Z,46.22236667,13.26788333,1013.00,15.347
14552,5,1297,12854.195371842967,9703.532922297207,2019-07-22T15:49:14Z,46.22241667,13.26773333,1014.00,15.334
14553,5,1298,12855.195371842967,9704.532922297207,2019-07-22T15:49:15Z,46.22246667,13.26756667,1013.00,15.32
14554,5,1299,12856.195371842967,9705.532922297207,2019-07-22T15:49:16Z,46.22250000,13.26740000,1012.00,15.307
14555,5,1300,12857.195371842967,9706.532922297207,2019-07-22T15:49:17Z,46.22253333,13.26725000,1012.00,15.295
14556,5,1301,12858.195371842967,9707.532922297207,2019-07-22T15:49:18Z,46.22255000,13.26706667,1012.00,15.282
14557,5,1302,12859.195371842967,9708.532922297207,2019-07-22T15:49:19Z,46.22256667,13.26690000,1012.00,15.27
14558,5,1303,12860.195371842967,9709.532922297207,2019-07-22T15:49:20Z,46.22258333,13.26673333,1013.00,15.258
14559,5,1304,12861.195371842967,9710.532922297207,2019-07-22T15:49:21Z,46.22261667,13.26655000,1013.00,15.244
14560,5,1305,12862.195371842967,9711.532922297207,2019-07-22T15:49:22Z,46.22268333,13.26640000,1013.00,15.23
14561,5,1306,12863.195371842967,9712.532922297207,2019-07-22T15:49:23Z,46.22276667,13.26626667,1015.00,15.217
14562,5,1307,12864.195371842967,9713.532922297207,2019-07-22T15:49:24Z,46.22286667,13.26616667,1016.00,15.205
14563,5,1308,12865.195371842967,9714.532922297207,2019-07-22T15:49:25Z,46.22296667,13.26608333,1017.00,15.194
14564,5,1309,12866.195371842967,9715.532922297207,2019-07-22T15:49:26Z,46.22310000,13.26605000,1018.00,15.184
14565,5,1310,12867.195371842967,9716.532922297207,2019-07-22T15:49:27Z,46.22323333,13.26606667,1019.00,15.178
14566,5,1311,12868.195371842967,9717.532922297207,2019-07-22T15:49:28Z,46.22336667,13.26611667,1020.00,15.174
14567,5,1312,12869.195371842967,9718.532922297207,2019-07-22T15:49:29Z,46.22350000,13.26623333,1020.00,15.174
14568,5,1313,12870.195371842967,9719.532922297207,2019-07-22T15:49:30Z,46.22361667,13.26640000,1020.00,15.179
14569,5,1314,12871.195371842967,9720.532922297207,2019-07-22T15:49:31Z,46.22371667,13.26661667,1020.00,15.188
14570,5,1315,12872.195371842967,9721.532922297207,2019-07-22T15:49:32Z,46.22380000,13.26683333,1020.00,15.198
14571,5,1316,12873.195371842967,9722.532922297207,2019-07-22T15:49:33Z,46.22385000,13.26706667,1020.00,15.211
14572,5,1317,12874.195371842967,9723.532922297207,2019-07-22T15:49:34Z,46.22386667,13.26731667,1019.00,15.227
14573,5,1318,12875.195371842967,9724.532922297207,2019-07-22T15:49:35Z,46.22385000,13.26758333,1019.00,15.246
14574,5,1319,12876.195371842967,9725.532922297207,2019-07-22T15:49:36Z,46.22380000,13.26781667,1020.00,15.265
14575,5,1320,12877.195371842967,9726.532922297207,2019-07-22T15:49:37Z,46.22371667,13.26803333,1020.00,15.284
14576,5,1321,12878.195371842967,9727.532922297207,2019-07-22T15:49:38Z,46.22361667,13.26820000,1020.00,15.3
14577,5,1322,12879.195371842967,9728.532922297207,2019-07-22T15:49:39Z,46.22350000,13.26831667,1021.00,15.314
14578,5,1323,12880.195371842967,9729.532922297207,2019-07-22T15:49:40Z,46.22336667,13.26841667,1022.00,15.328
14579,5,1324,12881.195371842967,9730.532922297207,2019-07-22T15:49:41Z,46.22325000,13.26848333,1023.00,15.339
14580,5,1325,12882.195371842967,9731.532922297207,2019-07-22T15:49:42Z,46.22311667,13.26851667,1024.00,15.349
14581,5,1326,12883.195371842967,9732.532922297207,2019-07-22T15:49:43Z,46.22301667,13.26848333,1025.00,15.352
14582,5,1327,12884.195371842967,9733.532922297207,2019-07-22T15:49:44Z,46.22290000,13.26846667,1026.00,15.357
14583,5,1328,12885.195371842967,9734.532922297207,2019-07-22T15:49:45Z,46.22280000,13.26840000,1026.00,15.358
14584,5,1329,12886.195371842967,9735.532922297207,2019-07-22T15:49:46Z,46.22270000,13.26833333,1027.00,15.359
14585,5,1330,12887.195371842967,9736.532922297207,2019-07-22T15:49:47Z,46.22263333,13.26823333,1027.00,15.356
14586,5,1331,12888.195371842967,9737.532922297207,2019-07-22T15:49:48Z,46.22256667,13.26811667,1027.00,15.352
14587,5,1332,12889.195371842967,9738.532922297207,2019-07-22T15:49:49Z,46.22251667,13.26798333,1026.00,15.345
14588,5,1333,12890.195371842967,9739.532922297207,2019-07-22T15:49:50Z,46.22248333,13.26783333,1026.00,15.337
14589,5,1334,12891.195371842967,9740.532922297207,2019-07-22T15:49:51Z,46.22246667,13.26768333,1027.00,15.328
14590,5,1335,12892.195371842967,9741.532922297207,2019-07-22T15:49:52Z,46.22246667,13.26755000,1027.00,15.319
14591,5,1336,12893.195371842967,9742.532922297207,2019-07-22T15:49:53Z,46.22245000,13.26740000,1029.00,15.31
14592,5,1337,12894.195371842967,9743.532922297207,2019-07-22T15:49:54Z,46.22246667,13.26728333,1031.00,15.301
14593,5,1338,12895.195371842967,9744.532922297207,2019-07-22T15:49:55Z,46.22246667,13.26716667,1032.00,15.293
14594,5,1339,12896.195371842967,9745.532922297207,2019-07-22T15:49:56Z,46.22246667,13.26705000,1034.00,15.286
14595,5,1340,12897.195371842967,9746.532922297207,2019-07-22T15:49:57Z,46.22248333,13.26693333,1035.00,15.277
14596,5,1341,12898.195371842967,9747.532922297207,2019-07-22T15:49:58Z,46.22250000,13.26681667,1035.00,15.268
14597,5,1342,12899.195371842967,9748.532922297207,2019-07-22T15:49:59Z,46.22253333,13.26668333,1035.00,15.257
14598,5,1343,12900.195371842967,9749.532922297207,2019-07-22T15:50:00Z,46.22256667,13.26656667,1034.00,15.248
14599,5,1344,12901.195371842967,9750.532922297207,2019-07-22T15:50:01Z,46.22261667,13.26643333,1034.00,15.236
14600,5,1345,12902.195371842967,9751.532922297207,2019-07-22T15:50:02Z,46.22270000,13.26631667,1035.00,15.224
14601,5,1346,12903.195371842967,9752.532922297207,2019-07-22T15:50:03Z,46.22278333,13.26623333,1036.00,15.214
14602,5,1347,12904.195371842967,9753.532922297207,2019-07-22T15:50:04Z,46.22288333,13.26618333,1037.00,15.205
14603,5,1348,12905.195371842967,9754.532922297207,2019-07-22T15:50:05Z,46.22300000,13.26615000,1039.00,15.196
14604,5,1349,12906.195371842967,9755.532922297207,2019-07-22T15:50:06Z,46.22311667,13.26618333,1039.00,15.192
14605,5,1350,12907.195371842967,9756.532922297207,2019-07-22T15:50:07Z,46.22323333,13.26625000,1040.00,15.19
14606,5,1351,12908.195371842967,9757.532922297207,2019-07-22T15:50:08Z,46.22333333,13.26638333,1040.00,15.194
14607,5,1352,12909.195371842967,9758.532922297207,2019-07-22T15:50:09Z,46.22343333,13.26653333,1039.00,15.198
14608,5,1353,12910.195371842967,9759.532922297207,2019-07-22T15:50:10Z,46.22353333,13.26670000,1039.00,15.204
14609,5,1354,12911.195371842967,9760.532922297207,2019-07-22T15:50:11Z,46.22358333,13.26690000,1038.00,15.215
14610,5,1355,12912.195371842967,9761.532922297207,2019-07-22T15:50:12Z,46.22363333,13.26711667,1038.00,15.227
14611,5,1356,12913.195371842967,9762.532922297207,2019-07-22T15:50:13Z,46.22365000,13.26735000,1037.00,15.241
14612,5,1357,12914.195371842967,9763.532922297207,2019-07-22T15:50:14Z,46.22363333,13.26758333,1037.00,15.258
14613,5,1358,12915.195371842967,9764.532922297207,2019-07-22T15:50:15Z,46.22360000,13.26781667,1035.00,15.275
14614,5,1359,12916.195371842967,9765.532922297207,2019-07-22T15:50:16Z,46.22353333,13.26803333,1036.00,15.294
14615,5,1360,12917.195371842967,9766.532922297207,2019-07-22T15:50:17Z,46.22343333,13.26821667,1036.00,15.311
14616,5,1361,12918.195371842967,9767.532922297207,2019-07-22T15:50:18Z,46.22331667,13.26835000,1037.00,15.327
14617,5,1362,12919.195371842967,9768.532922297207,2019-07-22T15:50:19Z,46.22320000,13.26846667,1037.00,15.341
14618,5,1363,12920.195371842967,9769.532922297207,2019-07-22T15:50:20Z,46.22308333,13.26853333,1039.00,15.352
14619,5,1364,12921.195371842967,9770.532922297207,2019-07-22T15:50:21Z,46.22296667,13.26855000,1040.00,15.359
14620,5,1365,12922.195371842967,9771.532922297207,2019-07-22T15:50:22Z,46.22286667,13.26855000,1041.00,15.364
14621,5,1366,12923.195371842967,9772.532922297207,2019-07-22T15:50:23Z,46.22276667,13.26851667,1041.00,15.368
14622,5,1367,12924.195371842967,9773.532922297207,2019-07-22T15:50:24Z,46.22268333,13.26843333,1040.00,15.366
14623,5,1368,12925.195371842967,9774.532922297207,2019-07-22T15:50:25Z,46.22261667,13.26831667,1039.00,15.362
14624,5,1369,12926.195371842967,9775.532922297207,2019-07-22T15:50:26Z,46.22258333,13.26818333,1038.00,15.355
14625,5,1370,12927.195371842967,9776.532922297207,2019-07-22T15:50:27Z,46.22256667,13.26803333,1038.00,15.346
14626,5,1371,12928.195371842967,9777.532922297207,2019-07-22T15:50:28Z,46.22256667,13.26790000,1038.00,15.337
14627,5,1372,12929.195371842967,9778.532922297207,2019-07-22T15:50:29Z,46.22258333,13.26776667,1039.00,15.327
14628,5,1373,12930.195371842967,9779.532922297207,2019-07-22T15:50:30Z,46.22260000,13.26763333,1041.00,15.317
14629,5,1374,12931.195371842967,9780.532922297207,2019-07-22T15:50:31Z,46.22263333,13.26750000,1043.00,15.307
14630,5,1375,12932.195371842967,9781.532922297207,2019-07-22T15:50:32Z,46.22266667,13.26738333,1044.00,15.297
14631,5,1376,12933.195371842967,9782.532922297207,2019-07-22T15:50:33Z,46.22270000,13.26726667,1046.00,15.287
14632,5,1377,12934.195371842967,9783.532922297207,2019-07-22T15:50:34Z,46.22273333,13.26715000,1046.00,15.278
14633,5,1378,12935.195371842967,9784.532922297207,2019-07-22T15:50:35Z,46.22278333,13.26701667,1046.00,15.266
14634,5,1379,12936.195371842967,9785.532922297207,2019-07-22T15:50:36Z,46.22285000,13.26690000,1046.00,15.255
14635,5,1380,12937.195371842967,9786.532922297207,2019-07-22T15:50:37Z,46.22291667,13.26678333,1047.00,15.243
14636,5,1381,12938.195371842967,9787.532922297207,2019-07-22T15:50:38Z,46.22298333,13.26670000,1047.00,15.234
14637,5,1382,12939.195371842967,9788.532922297207,2019-07-22T15:50:39Z,46.22308333,13.26665000,1047.00,15.225
14638,5,1383,12940.195371842967,9789.532922297207,2019-07-22T15:50:40Z,46.22318333,13.26661667,1047.00,15.217
14639,5,1384,12941.195371842967,9790.532922297207,2019-07-22T15:50:41Z,46.22328333,13.26663333,1045.00,15.213
14640,5,1385,12942.195371842967,9791.532922297207,2019-07-22T15:50:42Z,46.22341667,13.26668333,1042.00,15.209
14641,5,1386,12943.195371842967,9792.532922297207,2019-07-22T15:50:43Z,46.22353333,13.26678333,1040.00,15.21
14642,5,1387,12944.195371842967,9793.532922297207,2019-07-22T15:50:44Z,46.22365000,13.26691667,1038.00,15.212
14643,5,1388,12945.195371842967,9794.532922297207,2019-07-22T15:50:45Z,46.22376667,13.26710000,1036.00,15.218
14644,5,1389,12946.195371842967,9795.532922297207,2019-07-22T15:50:46Z,46.22385000,13.26730000,1035.00,15.227
14645,5,1390,12947.195371842967,9796.532922297207,2019-07-22T15:50:47Z,46.22390000,13.26751667,1035.00,15.239
14646,5,1391,12948.195371842967,9797.532922297207,2019-07-22T15:50:48Z,46.22393333,13.26773333,1035.00,15.252
14647,5,1392,12949.195371842967,9798.532922297207,2019-07-22T15:50:49Z,46.22395000,13.26796667,1035.00,15.267
14648,5,1393,12950.195371842967,9799.532922297207,2019-07-22T15:50:50Z,46.22395000,13.26820000,1034.00,15.282
14649,5,1394,12951.195371842967,9800.532922297207,2019-07-22T15:50:51Z,46.22391667,13.26843333,1033.00,15.3
14650,5,1395,12952.195371842967,9801.532922297207,2019-07-22T15:50:52Z,46.22386667,13.26866667,1034.00,15.318
14651,5,1396,12953.195371842967,9802.532922297207,2019-07-22T15:50:53Z,46.22380000,13.26888333,1034.00,15.337
14652,5,1397,12954.195371842967,9803.532922297207,2019-07-22T15:50:54Z,46.22371667,13.26908333,1033.00,15.354
14653,5,1398,12955.195371842967,9804.532922297207,2019-07-22T15:50:55Z,46.22361667,13.26925000,1033.00,15.371
14654,5,1399,12956.195371842967,9805.532922297207,2019-07-22T15:50:56Z,46.22350000,13.26941667,1032.00,15.389
14655,5,1400,12957.195371842967,9806.532922297207,2019-07-22T15:50:57Z,46.22338333,13.26953333,1033.00,15.403
14656,5,1401,12958.195371842967,9807.532922297207,2019-07-22T15:50:58Z,46.22325000,13.26963333,1034.00,15.417
14657,5,1402,12959.195371842967,9808.532922297207,2019-07-22T15:50:59Z,46.22313333,13.26971667,1035.00,15.428
14658,5,1403,12960.195371842967,9809.532922297207,2019-07-22T15:51:00Z,46.22301667,13.26978333,1036.00,15.439
14659,5,1404,12961.195371842967,9810.532922297207,2019-07-22T15:51:01Z,46.22290000,13.26983333,1037.00,15.449
14660,5,1405,12962.195371842967,9811.532922297207,2019-07-22T15:51:02Z,46.22278333,13.26986667,1039.00,15.457
14661,5,1406,12963.195371842967,9812.532922297207,2019-07-22T15:51:03Z,46.22268333,13.26988333,1040.00,15.464
14662,5,1407,12964.195371842967,9813.532922297207,2019-07-22T15:51:04Z,46.22256667,13.26988333,1040.00,15.47
14663,5,1408,12965.195371842967,9814.532922297207,2019-07-22T15:51:05Z,46.22245000,13.26985000,1040.00,15.474
14664,5,1409,12966.195371842967,9815.532922297207,2019-07-22T15:51:06Z,46.22235000,13.26980000,1039.00,15.476
14665,5,1410,12967.195371842967,9816.532922297207,2019-07-22T15:51:07Z,46.22225000,13.26971667,1039.00,15.476
14666,5,1411,12968.195371842967,9817.532922297207,2019-07-22T15:51:08Z,46.22216667,13.26960000,1038.00,15.473
14667,5,1412,12969.195371842967,9818.532922297207,2019-07-22T15:51:09Z,46.22210000,13.26946667,1038.00,15.468
14668,5,1413,12970.195371842967,9819.532922297207,2019-07-22T15:51:10Z,46.22206667,13.26933333,1038.00,15.46
14669,5,1414,12971.195371842967,9820.532922297207,2019-07-22T15:51:11Z,46.22203333,13.26920000,1038.00,15.453
14670,5,1415,12972.195371842967,9821.532922297207,2019-07-22T15:51:12Z,46.22201667,13.26905000,1038.00,15.444
14671,5,1416,12973.195371842967,9822.532922297207,2019-07-22T15:51:13Z,46.22203333,13.26890000,1039.00,15.433
14672,5,1417,12974.195371842967,9823.532922297207,2019-07-22T15:51:14Z,46.22205000,13.26875000,1039.00,15.422
14673,5,1418,12975.195371842967,9824.532922297207,2019-07-22T15:51:15Z,46.22208333,13.26860000,1040.00,15.41
14674,5,1419,12976.195371842967,9825.532922297207,2019-07-22T15:51:16Z,46.22211667,13.26845000,1040.00,15.399
14675,5,1420,12977.195371842967,9826.532922297207,2019-07-22T15:51:17Z,46.22215000,13.26833333,1041.00,15.389
14676,5,1421,12978.195371842967,9827.532922297207,2019-07-22T15:51:18Z,46.22220000,13.26820000,1042.00,15.377
14677,5,1422,12979.195371842967,9828.532922297207,2019-07-22T15:51:19Z,46.22223333,13.26808333,1042.00,15.368
14678,5,1423,12980.195371842967,9829.532922297207,2019-07-22T15:51:20Z,46.22228333,13.26798333,1043.00,15.358
14679,5,1424,12981.195371842967,9830.532922297207,2019-07-22T15:51:21Z,46.22233333,13.26786667,1044.00,15.348
14680,5,1425,12982.195371842967,9831.532922297207,2019-07-22T15:51:22Z,46.22241667,13.26776667,1044.00,15.336
14681,5,1426,12983.195371842967,9832.532922297207,2019-07-22T15:51:23Z,46.22250000,13.26768333,1044.00,15.326
14682,5,1427,12984.195371842967,9833.532922297207,2019-07-22T15:51:24Z,46.22258333,13.26765000,1043.00,15.319
14683,5,1428,12985.195371842967,9834.532922297207,2019-07-22T15:51:25Z,46.22270000,13.26765000,1041.00,15.313
14684,5,1429,12986.195371842967,9835.532922297207,2019-07-22T15:51:26Z,46.22283333,13.26771667,1038.00,15.31
14685,5,1430,12987.195371842967,9836.532922297207,2019-07-22T15:51:27Z,46.22295000,13.26783333,1035.00,15.312
14686,5,1431,12988.195371842967,9837.532922297207,2019-07-22T15:51:28Z,46.22308333,13.26798333,1032.00,15.315
14687,5,1432,12989.195371842967,9838.532922297207,2019-07-22T15:51:29Z,46.22318333,13.26815000,1031.00,15.32
14688,5,1433,12990.195371842967,9839.532922297207,2019-07-22T15:51:30Z,46.22328333,13.26831667,1031.00,15.326
14689,5,1434,12991.195371842967,9840.532922297207,2019-07-22T15:51:31Z,46.22338333,13.26848333,1031.00,15.332
14690,5,1435,12992.195371842967,9841.532922297207,2019-07-22T15:51:32Z,46.22346667,13.26865000,1033.00,15.339
14691,5,1436,12993.195371842967,9842.532922297207,2019-07-22T15:51:33Z,46.22355000,13.26881667,1033.00,15.345
14692,5,1437,12994.195371842967,9843.532922297207,2019-07-22T15:51:34Z,46.22365000,13.26900000,1032.00,15.352
14693,5,1438,12995.195371842967,9844.532922297207,2019-07-22T15:51:35Z,46.22373333,13.26920000,1030.00,15.361
14694,5,1439,12996.195371842967,9845.532922297207,2019-07-22T15:51:36Z,46.22380000,13.26941667,1029.00,15.373
14695,5,1440,12997.195371842967,9846.532922297207,2019-07-22T15:51:37Z,46.22386667,13.26963333,1028.00,15.384
14696,5,1441,12998.195371842967,9847.532922297207,2019-07-22T15:51:38Z,46.22393333,13.26983333,1028.00,15.394
14697,5,1442,12999.195371842967,9848.532922297207,2019-07-22T15:51:39Z,46.22396667,13.27006667,1027.00,15.408
14698,5,1443,13000.195371842967,9849.532922297207,2019-07-22T15:51:40Z,46.22401667,13.27030000,1028.00,15.421
14699,5,1444,13001.195371842967,9850.532922297207,2019-07-22T15:51:41Z,46.22405000,13.27053333,1027.00,15.435
14700,5,1445,13002.195371842967,9851.532922297207,2019-07-22T15:51:42Z,46.22406667,13.27078333,1026.00,15.451
14701,5,1446,13003.195371842967,9852.532922297207,2019-07-22T15:51:43Z,46.22408333,13.27103333,1025.00,15.467
14702,5,1447,13004.195371842967,9853.532922297207,2019-07-22T15:51:44Z,46.22406667,13.27130000,1025.00,15.486
14703,5,1448,13005.195371842967,9854.532922297207,2019-07-22T15:51:45Z,46.22405000,13.27153333,1025.00,15.502
14704,5,1449,13006.195371842967,9855.532922297207,2019-07-22T15:51:46Z,46.22401667,13.27176667,1025.00,15.52
14705,5,1450,13007.195371842967,9856.532922297207,2019-07-22T15:51:47Z,46.22398333,13.27200000,1025.00,15.538
14706,5,1451,13008.195371842967,9857.532922297207,2019-07-22T15:51:48Z,46.22391667,13.27221667,1025.00,15.556
14707,5,1452,13009.195371842967,9858.532922297207,2019-07-22T15:51:49Z,46.22385000,13.27241667,1024.00,15.573
14708,5,1453,13010.195371842967,9859.532922297207,2019-07-22T15:51:50Z,46.22378333,13.27258333,1025.00,15.588
14709,5,1454,13011.195371842967,9860.532922297207,2019-07-22T15:51:51Z,46.22370000,13.27275000,1025.00,15.603
14710,5,1455,13012.195371842967,9861.532922297207,2019-07-22T15:51:52Z,46.22360000,13.27290000,1025.00,15.619
14711,5,1456,13013.195371842967,9862.532922297207,2019-07-22T15:51:53Z,46.22351667,13.27305000,1025.00,15.633
14712,5,1457,13014.195371842967,9863.532922297207,2019-07-22T15:51:54Z,46.22341667,13.27318333,1024.00,15.648
14713,5,1458,13015.195371842967,9864.532922297207,2019-07-22T15:51:55Z,46.22331667,13.27331667,1023.00,15.662
14714,5,1459,13016.195371842967,9865.532922297207,2019-07-22T15:51:56Z,46.22320000,13.27345000,1023.00,15.677
14715,5,1460,13017.195371842967,9866.532922297207,2019-07-22T15:51:57Z,46.22310000,13.27358333,1024.00,15.691
14716,5,1461,13018.195371842967,9867.532922297207,2019-07-22T15:51:58Z,46.22298333,13.27371667,1024.00,15.707
14717,5,1462,13019.195371842967,9868.532922297207,2019-07-22T15:51:59Z,46.22288333,13.27385000,1024.00,15.721
14718,5,1463,13020.195371842967,9869.532922297207,2019-07-22T15:52:00Z,46.22278333,13.27401667,1025.00,15.737
14719,5,1464,13021.195371842967,9870.532922297207,2019-07-22T15:52:01Z,46.22270000,13.27418333,1025.00,15.753
14720,5,1465,13022.195371842967,9871.532922297207,2019-07-22T15:52:02Z,46.22261667,13.27438333,1025.00,15.771
14721,5,1466,13023.195371842967,9872.532922297207,2019-07-22T15:52:03Z,46.22256667,13.27458333,1025.00,15.787
14722,5,1467,13024.195371842967,9873.532922297207,2019-07-22T15:52:04Z,46.22251667,13.27480000,1025.00,15.805
14723,5,1468,13025.195371842967,9874.532922297207,2019-07-22T15:52:05Z,46.22246667,13.27501667,1024.00,15.822
14724,5,1469,13026.195371842967,9875.532922297207,2019-07-22T15:52:06Z,46.22243333,13.27523333,1024.00,15.838
14725,5,1470,13027.195371842967,9876.532922297207,2019-07-22T15:52:07Z,46.22240000,13.27545000,1024.00,15.855
14726,5,1471,13028.195371842967,9877.532922297207,2019-07-22T15:52:08Z,46.22236667,13.27565000,1024.00,15.87
14727,5,1472,13029.195371842967,9878.532922297207,2019-07-22T15:52:09Z,46.22236667,13.27586667,1023.00,15.885
14728,5,1473,13030.195371842967,9879.532922297207,2019-07-22T15:52:10Z,46.22236667,13.27608333,1023.00,15.899
14729,5,1474,13031.195371842967,9880.532922297207,2019-07-22T15:52:11Z,46.22238333,13.27630000,1021.00,15.913
14730,5,1475,13032.195371842967,9881.532922297207,2019-07-22T15:52:12Z,46.22241667,13.27651667,1021.00,15.926
14731,5,1476,13033.195371842967,9882.532922297207,2019-07-22T15:52:13Z,46.22248333,13.27670000,1020.00,15.935
14732,5,1477,13034.195371842967,9883.532922297207,2019-07-22T15:52:14Z,46.22256667,13.27685000,1020.00,15.941
14733,5,1478,13035.195371842967,9884.532922297207,2019-07-22T15:52:15Z,46.22268333,13.27696667,1019.00,15.943
14734,5,1479,13036.195371842967,9885.532922297207,2019-07-22T15:52:16Z,46.22280000,13.27703333,1018.00,15.941
14735,5,1480,13037.195371842967,9886.532922297207,2019-07-22T15:52:17Z,46.22295000,13.27703333,1016.00,15.933
14736,5,1481,13038.195371842967,9887.532922297207,2019-07-22T15:52:18Z,46.22310000,13.27700000,1014.00,15.923
14737,5,1482,13039.195371842967,9888.532922297207,2019-07-22T15:52:19Z,46.22323333,13.27691667,1013.00,15.911
14738,5,1483,13040.195371842967,9889.532922297207,2019-07-22T15:52:20Z,46.22333333,13.27681667,1012.00,15.899
14739,5,1484,13041.195371842967,9890.532922297207,2019-07-22T15:52:21Z,46.22343333,13.27670000,1012.00,15.886
14740,5,1485,13042.195371842967,9891.532922297207,2019-07-22T15:52:22Z,46.22351667,13.27655000,1012.00,15.871
14741,5,1486,13043.195371842967,9892.532922297207,2019-07-22T15:52:23Z,46.22356667,13.27640000,1012.00,15.858
14742,5,1487,13044.195371842967,9893.532922297207,2019-07-22T15:52:24Z,46.22361667,13.27625000,1011.00,15.846
14743,5,1488,13045.195371842967,9894.532922297207,2019-07-22T15:52:25Z,46.22365000,13.27608333,1011.00,15.832
14744,5,1489,13046.195371842967,9895.532922297207,2019-07-22T15:52:26Z,46.22366667,13.27593333,1011.00,15.821
14745,5,1490,13047.195371842967,9896.532922297207,2019-07-22T15:52:27Z,46.22368333,13.27578333,1012.00,15.81
14746,5,1491,13048.195371842967,9897.532922297207,2019-07-22T15:52:28Z,46.22370000,13.27565000,1011.00,15.8
14747,5,1492,13049.195371842967,9898.532922297207,2019-07-22T15:52:29Z,46.22371667,13.27551667,1011.00,15.79
14748,5,1493,13050.195371842967,9899.532922297207,2019-07-22T15:52:30Z,46.22373333,13.27538333,1009.00,15.78
14749,5,1494,13051.195371842967,9900.532922297207,2019-07-22T15:52:31Z,46.22375000,13.27525000,1009.00,15.771
14750,5,1495,13052.195371842967,9901.532922297207,2019-07-22T15:52:32Z,46.22375000,13.27511667,1009.00,15.761
14751,5,1496,13053.195371842967,9902.532922297207,2019-07-22T15:52:33Z,46.22376667,13.27498333,1009.00,15.752
14752,5,1497,13054.195371842967,9903.532922297207,2019-07-22T15:52:34Z,46.22378333,13.27485000,1010.00,15.742
14753,5,1498,13055.195371842967,9904.532922297207,2019-07-22T15:52:35Z,46.22380000,13.27473333,1010.00,15.733
14754,5,1499,13056.195371842967,9905.532922297207,2019-07-22T15:52:36Z,46.22381667,13.27460000,1009.00,15.723
14755,5,1500,13057.195371842967,9906.532922297207,2019-07-22T15:52:37Z,46.22383333,13.27446667,1008.00,15.713
14756,5,1501,13058.195371842967,9907.532922297207,2019-07-22T15:52:38Z,46.22386667,13.27433333,1007.00,15.702
14757,5,1502,13059.195371842967,9908.532922297207,2019-07-22T15:52:39Z,46.22390000,13.27418333,1008.00,15.69
14758,5,1503,13060.195371842967,9909.532922297207,2019-07-22T15:52:40Z,46.22391667,13.27403333,1008.00,15.679
14759,5,1504,13061.195371842967,9910.532922297207,2019-07-22T15:52:41Z,46.22393333,13.27390000,1009.00,15.669
14760,5,1505,13062.195371842967,9911.532922297207,2019-07-22T15:52:42Z,46.22393333,13.27375000,1010.00,15.659
14761,5,1506,13063.195371842967,9912.532922297207,2019-07-22T15:52:43Z,46.22393333,13.27361667,1009.00,15.65
14762,5,1507,13064.195371842967,9913.532922297207,2019-07-22T15:52:44Z,46.22395000,13.27348333,1008.00,15.64
14763,5,1508,13065.195371842967,9914.532922297207,2019-07-22T15:52:45Z,46.22395000,13.27335000,1007.00,15.631
14764,5,1509,13066.195371842967,9915.532922297207,2019-07-22T15:52:46Z,46.22396667,13.27321667,1005.00,15.621
14765,5,1510,13067.195371842967,9916.532922297207,2019-07-22T15:52:47Z,46.22398333,13.27306667,1005.00,15.61
14766,5,1511,13068.195371842967,9917.532922297207,2019-07-22T15:52:48Z,46.22398333,13.27291667,1005.00,15.6
14767,5,1512,13069.195371842967,9918.532922297207,2019-07-22T15:52:49Z,46.22400000,13.27275000,1004.00,15.588
14768,5,1513,13070.195371842967,9919.532922297207,2019-07-22T15:52:50Z,46.22400000,13.27258333,1003.00,15.576
14769,5,1514,13071.195371842967,9920.532922297207,2019-07-22T15:52:51Z,46.22400000,13.27243333,1004.00,15.566
14770,5,1515,13072.195371842967,9921.532922297207,2019-07-22T15:52:52Z,46.22400000,13.27228333,1005.00,15.556
14771,5,1516,13073.195371842967,9922.532922297207,2019-07-22T15:52:53Z,46.22400000,13.27213333,1006.00,15.546
14772,5,1517,13074.195371842967,9923.532922297207,2019-07-22T15:52:54Z,46.22401667,13.27200000,1005.00,15.536
14773,5,1518,13075.195371842967,9924.532922297207,2019-07-22T15:52:55Z,46.22401667,13.27185000,1005.00,15.526
14774,5,1519,13076.195371842967,9925.532922297207,2019-07-22T15:52:56Z,46.22403333,13.27171667,1005.00,15.516
14775,5,1520,13077.195371842967,9926.532922297207,2019-07-22T15:52:57Z,46.22406667,13.27158333,1005.00,15.505
14776,5,1521,13078.195371842967,9927.532922297207,2019-07-22T15:52:58Z,46.22408333,13.27143333,1005.00,15.494
14777,5,1522,13079.195371842967,9928.532922297207,2019-07-22T15:52:59Z,46.22410000,13.27128333,1005.00,15.483
14778,5,1523,13080.195371842967,9929.532922297207,2019-07-22T15:53:00Z,46.22411667,13.27115000,1005.00,15.473
14779,5,1524,13081.195371842967,9930.532922297207,2019-07-22T15:53:01Z,46.22413333,13.27098333,1005.00,15.461
14780,5,1525,13082.195371842967,9931.532922297207,2019-07-22T15:53:02Z,46.22413333,13.27083333,1004.00,15.451
14781,5,1526,13083.195371842967,9932.532922297207,2019-07-22T15:53:03Z,46.22415000,13.27068333,1003.00,15.44
14782,5,1527,13084.195371842967,9933.532922297207,2019-07-22T15:53:04Z,46.22416667,13.27051667,1003.00,15.427
14783,5,1528,13085.195371842967,9934.532922297207,2019-07-22T15:53:05Z,46.22416667,13.27036667,1001.00,15.417
14784,5,1529,13086.195371842967,9935.532922297207,2019-07-22T15:53:06Z,46.22416667,13.27021667,999.00,15.407
14785,5,1530,13087.195371842967,9936.532922297207,2019-07-22T15:53:07Z,46.22416667,13.27006667,999.00,15.397
14786,5,1531,13088.195371842967,9937.532922297207,2019-07-22T15:53:08Z,46.22416667,13.26991667,998.00,15.387
14787,5,1532,13089.195371842967,9938.532922297207,2019-07-22T15:53:09Z,46.22416667,13.26975000,995.00,15.376
14788,5,1533,13090.195371842967,9939.532922297207,2019-07-22T15:53:10Z,46.22416667,13.26958333,995.00,15.364
14789,5,1534,13091.195371842967,9940.532922297207,2019-07-22T15:53:11Z,46.22416667,13.26941667,994.00,15.353
14790,5,1535,13092.195371842967,9941.532922297207,2019-07-22T15:53:12Z,46.22418333,13.26926667,993.00,15.342
14791,5,1536,13093.195371842967,9942.532922297207,2019-07-22T15:53:13Z,46.22421667,13.26910000,992.00,15.329
14792,5,1537,13094.195371842967,9943.532922297207,2019-07-22T15:53:14Z,46.22423333,13.26893333,991.00,15.317
14793,5,1538,13095.195371842967,9944.532922297207,2019-07-22T15:53:15Z,46.22426667,13.26878333,990.00,15.305
14794,5,1539,13096.195371842967,9945.532922297207,2019-07-22T15:53:16Z,46.22430000,13.26861667,989.00,15.292
14795,5,1540,13097.195371842967,9946.532922297207,2019-07-22T15:53:17Z,46.22435000,13.26845000,987.00,15.278
14796,5,1541,13098.195371842967,9947.532922297207,2019-07-22T15:53:18Z,46.22440000,13.26828333,986.00,15.264
14797,5,1542,13099.195371842967,9948.532922297207,2019-07-22T15:53:19Z,46.22445000,13.26810000,985.00,15.249
14798,5,1543,13100.195371842967,9949.532922297207,2019-07-22T15:53:20Z,46.22448333,13.26793333,983.00,15.236
14799,5,1544,13101.195371842967,9950.532922297207,2019-07-22T15:53:21Z,46.22453333,13.26776667,983.00,15.222
14800,5,1545,13102.195371842967,9951.532922297207,2019-07-22T15:53:22Z,46.22458333,13.26761667,982.00,15.209
14801,5,1546,13103.195371842967,9952.532922297207,2019-07-22T15:53:23Z,46.22463333,13.26745000,981.00,15.195
14802,5,1547,13104.195371842967,9953.532922297207,2019-07-22T15:53:24Z,46.22470000,13.26730000,980.00,15.182
14803,5,1548,13105.195371842967,9954.532922297207,2019-07-22T15:53:25Z,46.22476667,13.26713333,980.00,15.167
14804,5,1549,13106.195371842967,9955.532922297207,2019-07-22T15:53:26Z,46.22481667,13.26698333,979.00,15.154
14805,5,1550,13107.195371842967,9956.532922297207,2019-07-22T15:53:27Z,46.22488333,13.26683333,977.00,15.14
14806,5,1551,13108.195371842967,9957.532922297207,2019-07-22T15:53:28Z,46.22493333,13.26666667,976.00,15.126
14807,5,1552,13109.195371842967,9958.532922297207,2019-07-22T15:53:29Z,46.22498333,13.26650000,976.00,15.113
14808,5,1553,13110.195371842967,9959.532922297207,2019-07-22T15:53:30Z,46.22503333,13.26633333,975.00,15.099
14809,5,1554,13111.195371842967,9960.532922297207,2019-07-22T15:53:31Z,46.22510000,13.26618333,974.00,15.085
14810,5,1555,13112.195371842967,9961.532922297207,2019-07-22T15:53:32Z,46.22516667,13.26601667,973.00,15.07
14811,5,1556,13113.195371842967,9962.532922297207,2019-07-22T15:53:33Z,46.22523333,13.26586667,972.00,15.056
14812,5,1557,13114.195371842967,9963.532922297207,2019-07-22T15:53:34Z,46.22528333,13.26571667,971.00,15.044
14813,5,1558,13115.195371842967,9964.532922297207,2019-07-22T15:53:35Z,46.22535000,13.26556667,970.00,15.03
14814,5,1559,13116.195371842967,9965.532922297207,2019-07-22T15:53:36Z,46.22543333,13.26541667,969.00,15.015
14815,5,1560,13117.195371842967,9966.532922297207,2019-07-22T15:53:37Z,46.22550000,13.26526667,968.00,15.002
14816,5,1561,13118.195371842967,9967.532922297207,2019-07-22T15:53:38Z,46.22558333,13.26511667,967.00,14.987
14817,5,1562,13119.195371842967,9968.532922297207,2019-07-22T15:53:39Z,46.22565000,13.26496667,966.00,14.973
14818,5,1563,13120.195371842967,9969.532922297207,2019-07-22T15:53:40Z,46.22571667,13.26481667,966.00,14.96
14819,5,1564,13121.195371842967,9970.532922297207,2019-07-22T15:53:41Z,46.22580000,13.26466667,966.00,14.945
14820,5,1565,13122.195371842967,9971.532922297207,2019-07-22T15:53:42Z,46.22586667,13.26453333,965.00,14.933
14821,5,1566,13123.195371842967,9972.532922297207,2019-07-22T15:53:43Z,46.22595000,13.26438333,964.00,14.918
14822,5,1567,13124.195371842967,9973.532922297207,2019-07-22T15:53:44Z,46.22603333,13.26423333,962.00,14.904
14823,5,1568,13125.195371842967,9974.532922297207,2019-07-22T15:53:45Z,46.22611667,13.26410000,960.00,14.89
14824,5,1569,13126.195371842967,9975.532922297207,2019-07-22T15:53:46Z,46.22618333,13.26395000,959.00,14.876
14825,5,1570,13127.195371842967,9976.532922297207,2019-07-22T15:53:47Z,46.22628333,13.26380000,957.00,14.861
14826,5,1571,13128.195371842967,9977.532922297207,2019-07-22T15:53:48Z,46.22636667,13.26366667,956.00,14.848
14827,5,1572,13129.195371842967,9978.532922297207,2019-07-22T15:53:49Z,46.22643333,13.26351667,955.00,14.834
14828,5,1573,13130.195371842967,9979.532922297207,2019-07-22T15:53:50Z,46.22651667,13.26336667,952.00,14.819
14829,5,1574,13131.195371842967,9980.532922297207,2019-07-22T15:53:51Z,46.22658333,13.26323333,949.00,14.807
14830,5,1575,13132.195371842967,9981.532922297207,2019-07-22T15:53:52Z,46.22666667,13.26310000,948.00,14.793
14831,5,1576,13133.195371842967,9982.532922297207,2019-07-22T15:53:53Z,46.22675000,13.26295000,947.00,14.779
14832,5,1577,13134.195371842967,9983.532922297207,2019-07-22T15:53:54Z,46.22681667,13.26280000,945.00,14.765
14833,5,1578,13135.195371842967,9984.532922297207,2019-07-22T15:53:55Z,46.22690000,13.26266667,944.00,14.752
14834,5,1579,13136.195371842967,9985.532922297207,2019-07-22T15:53:56Z,46.22696667,13.26251667,942.00,14.738
14835,5,1580,13137.195371842967,9986.532922297207,2019-07-22T15:53:57Z,46.22705000,13.26238333,940.00,14.725
14836,5,1581,13138.195371842967,9987.532922297207,2019-07-22T15:53:58Z,46.22713333,13.26223333,938.00,14.71
14837,5,1582,13139.195371842967,9988.532922297207,2019-07-22T15:53:59Z,46.22721667,13.26208333,934.00,14.695
14838,5,1583,13140.195371842967,9989.532922297207,2019-07-22T15:54:00Z,46.22730000,13.26193333,931.00,14.681
14839,5,1584,13141.195371842967,9990.532922297207,2019-07-22T15:54:01Z,46.22738333,13.26180000,929.00,14.667
14840,5,1585,13142.195371842967,9991.532922297207,2019-07-22T15:54:02Z,46.22746667,13.26165000,928.00,14.653
14841,5,1586,13143.195371842967,9992.532922297207,2019-07-22T15:54:03Z,46.22755000,13.26150000,926.00,14.638
14842,5,1587,13144.195371842967,9993.532922297207,2019-07-22T15:54:04Z,46.22763333,13.26135000,925.00,14.624
14843,5,1588,13145.195371842967,9994.532922297207,2019-07-22T15:54:05Z,46.22770000,13.26121667,925.00,14.611
14844,5,1589,13146.195371842967,9995.532922297207,2019-07-22T15:54:06Z,46.22778333,13.26108333,923.00,14.598
14845,5,1590,13147.195371842967,9996.532922297207,2019-07-22T15:54:07Z,46.22785000,13.26095000,923.00,14.585
14846,5,1591,13148.195371842967,9997.532922297207,2019-07-22T15:54:08Z,46.22793333,13.26080000,923.00,14.571
14847,5,1592,13149.195371842967,9998.532922297207,2019-07-22T15:54:09Z,46.22800000,13.26066667,921.00,14.558
14848,5,1593,13150.195371842967,9999.532922297207,2019-07-22T15:54:10Z,46.22808333,13.26051667,920.00,14.544
14849,5,1594,13151.195371842967,10000.532922297207,2019-07-22T15:54:11Z,46.22815000,13.26035000,918.00,14.529
14850,5,1595,13152.195371842967,10001.532922297207,2019-07-22T15:54:12Z,46.22821667,13.26021667,916.00,14.516
14851,5,1596,13153.195371842967,10002.532922297207,2019-07-22T15:54:13Z,46.22828333,13.26006667,915.00,14.503
14852,5,1597,13154.195371842967,10003.532922297207,2019-07-22T15:54:14Z,46.22835000,13.25991667,915.00,14.489
14853,5,1598,13155.195371842967,10004.532922297207,2019-07-22T15:54:15Z,46.22841667,13.25976667,914.00,14.475
14854,5,1599,13156.195371842967,10005.532922297207,2019-07-22T15:54:16Z,46.22846667,13.25963333,913.00,14.464
14855,5,1600,13157.195371842967,10006.532922297207,2019-07-22T15:54:17Z,46.22853333,13.25948333,911.00,14.45
14856,5,1601,13158.195371842967,10007.532922297207,2019-07-22T15:54:18Z,46.22860000,13.25935000,910.00,14.437
14857,5,1602,13159.195371842967,10008.532922297207,2019-07-22T15:54:19Z,46.22868333,13.25920000,908.00,14.423
14858,5,1603,13160.195371842967,10009.532922297207,2019-07-22T15:54:20Z,46.22875000,13.25906667,907.00,14.41
14859,5,1604,13161.195371842967,10010.532922297207,2019-07-22T15:54:21Z,46.22883333,13.25893333,906.00,14.397
14860,5,1605,13162.195371842967,10011.532922297207,2019-07-22T15:54:22Z,46.22891667,13.25880000,904.00,14.383
14861,5,1606,13163.195371842967,10012.532922297207,2019-07-22T15:54:23Z,46.22900000,13.25866667,903.00,14.37
14862,5,1607,13164.195371842967,10013.532922297207,2019-07-22T15:54:24Z,46.22908333,13.25851667,902.00,14.356
14863,5,1608,13165.195371842967,10014.532922297207,2019-07-22T15:54:25Z,46.22916667,13.25838333,901.00,14.342
14864,5,1609,13166.195371842967,10015.532922297207,2019-07-22T15:54:26Z,46.22925000,13.25825000,900.00,14.329
14865,5,1610,13167.195371842967,10016.532922297207,2019-07-22T15:54:27Z,46.22933333,13.25811667,899.00,14.315
14866,5,1611,13168.195371842967,10017.532922297207,2019-07-22T15:54:28Z,46.22941667,13.25796667,897.00,14.301
14867,5,1612,13169.195371842967,10018.532922297207,2019-07-22T15:54:29Z,46.22950000,13.25783333,897.00,14.287
14868,5,1613,13170.195371842967,10019.532922297207,2019-07-22T15:54:30Z,46.22958333,13.25770000,895.00,14.274
14869,5,1614,13171.195371842967,10020.532922297207,2019-07-22T15:54:31Z,46.22966667,13.25756667,894.00,14.261
14870,5,1615,13172.195371842967,10021.532922297207,2019-07-22T15:54:32Z,46.22973333,13.25743333,893.00,14.248
14871,5,1616,13173.195371842967,10022.532922297207,2019-07-22T15:54:33Z,46.22981667,13.25728333,891.00,14.233
14872,5,1617,13174.195371842967,10023.532922297207,2019-07-22T15:54:34Z,46.22990000,13.25715000,890.00,14.22
14873,5,1618,13175.195371842967,10024.532922297207,2019-07-22T15:54:35Z,46.22998333,13.25700000,888.00,14.205
14874,5,1619,13176.195371842967,10025.532922297207,2019-07-22T15:54:36Z,46.23006667,13.25683333,886.00,14.19
14875,5,1620,13177.195371842967,10026.532922297207,2019-07-22T15:54:37Z,46.23015000,13.25668333,885.00,14.175
14876,5,1621,13178.195371842967,10027.532922297207,2019-07-22T15:54:38Z,46.23023333,13.25653333,885.00,14.161
14877,5,1622,13179.195371842967,10028.532922297207,2019-07-22T15:54:39Z,46.23031667,13.25638333,883.00,14.146
14878,5,1623,13180.195371842967,10029.532922297207,2019-07-22T15:54:40Z,46.23040000,13.25625000,883.00,14.133
14879,5,1624,13181.195371842967,10030.532922297207,2019-07-22T15:54:41Z,46.23048333,13.25611667,883.00,14.119
14880,5,1625,13182.195371842967,10031.532922297207,2019-07-22T15:54:42Z,46.23056667,13.25598333,882.00,14.106
14881,5,1626,13183.195371842967,10032.532922297207,2019-07-22T15:54:43Z,46.23066667,13.25585000,881.00,14.092
14882,5,1627,13184.195371842967,10033.532922297207,2019-07-22T15:54:44Z,46.23076667,13.25573333,880.00,14.079
14883,5,1628,13185.195371842967,10034.532922297207,2019-07-22T15:54:45Z,46.23088333,13.25561667,879.00,14.065
14884,5,1629,13186.195371842967,10035.532922297207,2019-07-22T15:54:46Z,46.23098333,13.25548333,878.00,14.05
14885,5,1630,13187.195371842967,10036.532922297207,2019-07-22T15:54:47Z,46.23110000,13.25536667,878.00,14.036
14886,5,1631,13188.195371842967,10037.532922297207,2019-07-22T15:54:48Z,46.23121667,13.25526667,878.00,14.024
14887,5,1632,13189.195371842967,10038.532922297207,2019-07-22T15:54:49Z,46.23131667,13.25516667,878.00,14.012
14888,5,1633,13190.195371842967,10039.532922297207,2019-07-22T15:54:50Z,46.23141667,13.25506667,879.00,14.0
14889,5,1634,13191.195371842967,10040.532922297207,2019-07-22T15:54:51Z,46.23153333,13.25496667,879.00,13.987
14890,5,1635,13192.195371842967,10041.532922297207,2019-07-22T15:54:52Z,46.23163333,13.25486667,878.00,13.975
14891,5,1636,13193.195371842967,10042.532922297207,2019-07-22T15:54:53Z,46.23173333,13.25476667,878.00,13.963
14892,5,1637,13194.195371842967,10043.532922297207,2019-07-22T15:54:54Z,46.23185000,13.25466667,876.00,13.95
14893,5,1638,13195.195371842967,10044.532922297207,2019-07-22T15:54:55Z,46.23195000,13.25456667,876.00,13.938
14894,5,1639,13196.195371842967,10045.532922297207,2019-07-22T15:54:56Z,46.23206667,13.25446667,876.00,13.925
14895,5,1640,13197.195371842967,10046.532922297207,2019-07-22T15:54:57Z,46.23216667,13.25436667,876.00,13.913
14896,5,1641,13198.195371842967,10047.532922297207,2019-07-22T15:54:58Z,46.23228333,13.25426667,877.00,13.9
14897,5,1642,13199.195371842967,10048.532922297207,2019-07-22T15:54:59Z,46.23238333,13.25416667,878.00,13.889
14898,5,1643,13200.195371842967,10049.532922297207,2019-07-22T15:55:00Z,46.23250000,13.25406667,878.00,13.876
14899,5,1644,13201.195371842967,10050.532922297207,2019-07-22T15:55:01Z,46.23261667,13.25396667,878.00,13.863
14900,5,1645,13202.195371842967,10051.532922297207,2019-07-22T15:55:02Z,46.23273333,13.25386667,878.00,13.85
14901,5,1646,13203.195371842967,10052.532922297207,2019-07-22T15:55:03Z,46.23283333,13.25378333,877.00,13.839
14902,5,1647,13204.195371842967,10053.532922297207,2019-07-22T15:55:04Z,46.23295000,13.25370000,877.00,13.828
14903,5,1648,13205.195371842967,10054.532922297207,2019-07-22T15:55:05Z,46.23305000,13.25360000,875.00,13.816
14904,5,1649,13206.195371842967,10055.532922297207,2019-07-22T15:55:06Z,46.23316667,13.25351667,874.00,13.804
14905,5,1650,13207.195371842967,10056.532922297207,2019-07-22T15:55:07Z,46.23328333,13.25343333,873.00,13.793
14906,5,1651,13208.195371842967,10057.532922297207,2019-07-22T15:55:08Z,46.23340000,13.25335000,872.00,13.781
14907,5,1652,13209.195371842967,10058.532922297207,2019-07-22T15:55:09Z,46.23351667,13.25325000,871.00,13.768
14908,5,1653,13210.195371842967,10059.532922297207,2019-07-22T15:55:10Z,46.23363333,13.25316667,870.00,13.757
14909,5,1654,13211.195371842967,10060.532922297207,2019-07-22T15:55:11Z,46.23375000,13.25308333,868.00,13.745
14910,5,1655,13212.195371842967,10061.532922297207,2019-07-22T15:55:12Z,46.23386667,13.25300000,867.00,13.733
14911,5,1656,13213.195371842967,10062.532922297207,2019-07-22T15:55:13Z,46.23398333,13.25290000,867.00,13.721
14912,5,1657,13214.195371842967,10063.532922297207,2019-07-22T15:55:14Z,46.23410000,13.25281667,866.00,13.709
14913,5,1658,13215.195371842967,10064.532922297207,2019-07-22T15:55:15Z,46.23421667,13.25273333,865.00,13.698
14914,5,1659,13216.195371842967,10065.532922297207,2019-07-22T15:55:16Z,46.23433333,13.25265000,864.00,13.686
14915,5,1660,13217.195371842967,10066.532922297207,2019-07-22T15:55:17Z,46.23445000,13.25255000,863.00,13.673
14916,5,1661,13218.195371842967,10067.532922297207,2019-07-22T15:55:18Z,46.23456667,13.25246667,861.00,13.662
14917,5,1662,13219.195371842967,10068.532922297207,2019-07-22T15:55:19Z,46.23468333,13.25238333,860.00,13.65
14918,5,1663,13220.195371842967,10069.532922297207,2019-07-22T15:55:20Z,46.23481667,13.25230000,859.00,13.638
14919,5,1664,13221.195371842967,10070.532922297207,2019-07-22T15:55:21Z,46.23493333,13.25221667,857.00,13.626
14920,5,1665,13222.195371842967,10071.532922297207,2019-07-22T15:55:22Z,46.23506667,13.25213333,857.00,13.614
14921,5,1666,13223.195371842967,10072.532922297207,2019-07-22T15:55:23Z,46.23518333,13.25205000,857.00,13.602
14922,5,1667,13224.195371842967,10073.532922297207,2019-07-22T15:55:24Z,46.23530000,13.25195000,857.00,13.59
14923,5,1668,13225.195371842967,10074.532922297207,2019-07-22T15:55:25Z,46.23543333,13.25186667,855.00,13.577
14924,5,1669,13226.195371842967,10075.532922297207,2019-07-22T15:55:26Z,46.23555000,13.25176667,854.00,13.565
14925,5,1670,13227.195371842967,10076.532922297207,2019-07-22T15:55:27Z,46.23566667,13.25166667,854.00,13.552
14926,5,1671,13228.195371842967,10077.532922297207,2019-07-22T15:55:28Z,46.23578333,13.25156667,854.00,13.539
14927,5,1672,13229.195371842967,10078.532922297207,2019-07-22T15:55:29Z,46.23590000,13.25148333,854.00,13.528
14928,5,1673,13230.195371842967,10079.532922297207,2019-07-22T15:55:30Z,46.23603333,13.25140000,853.00,13.516
14929,5,1674,13231.195371842967,10080.532922297207,2019-07-22T15:55:31Z,46.23615000,13.25135000,852.00,13.506
14930,5,1675,13232.195371842967,10081.532922297207,2019-07-22T15:55:32Z,46.23628333,13.25128333,852.00,13.495
14931,5,1676,13233.195371842967,10082.532922297207,2019-07-22T15:55:33Z,46.23641667,13.25125000,853.00,13.487
14932,5,1677,13234.195371842967,10083.532922297207,2019-07-22T15:55:34Z,46.23655000,13.25118333,853.00,13.475
14933,5,1678,13235.195371842967,10084.532922297207,2019-07-22T15:55:35Z,46.23666667,13.25111667,852.00,13.465
14934,5,1679,13236.195371842967,10085.532922297207,2019-07-22T15:55:36Z,46.23680000,13.25105000,852.00,13.454
14935,5,1680,13237.195371842967,10086.532922297207,2019-07-22T15:55:37Z,46.23691667,13.25098333,851.00,13.444
14936,5,1681,13238.195371842967,10087.532922297207,2019-07-22T15:55:38Z,46.23703333,13.25090000,851.00,13.432
14937,5,1682,13239.195371842967,10088.532922297207,2019-07-22T15:55:39Z,46.23715000,13.25083333,850.00,13.422
14938,5,1683,13240.195371842967,10089.532922297207,2019-07-22T15:55:40Z,46.23728333,13.25076667,849.00,13.411
14939,5,1684,13241.195371842967,10090.532922297207,2019-07-22T15:55:41Z,46.23741667,13.25071667,848.00,13.401
14940,5,1685,13242.195371842967,10091.532922297207,2019-07-22T15:55:42Z,46.23755000,13.25070000,846.00,13.394
14941,5,1686,13243.195371842967,10092.532922297207,2019-07-22T15:55:43Z,46.23768333,13.25068333,845.00,13.386
14942,5,1687,13244.195371842967,10093.532922297207,2019-07-22T15:55:44Z,46.23783333,13.25070000,843.00,13.38
14943,5,1688,13245.195371842967,10094.532922297207,2019-07-22T15:55:45Z,46.23796667,13.25073333,841.00,13.376
14944,5,1689,13246.195371842967,10095.532922297207,2019-07-22T15:55:46Z,46.23811667,13.25081667,839.00,13.375
14945,5,1690,13247.195371842967,10096.532922297207,2019-07-22T15:55:47Z,46.23825000,13.25091667,837.00,13.375
14946,5,1691,13248.195371842967,10097.532922297207,2019-07-22T15:55:48Z,46.23840000,13.25105000,836.00,13.378
14947,5,1692,13249.195371842967,10098.532922297207,2019-07-22T15:55:49Z,46.23853333,13.25116667,835.00,13.38
14948,5,1693,13250.195371842967,10099.532922297207,2019-07-22T15:55:50Z,46.23866667,13.25130000,834.00,13.383
14949,5,1694,13251.195371842967,10100.532922297207,2019-07-22T15:55:51Z,46.23880000,13.25140000,833.00,13.383
14950,5,1695,13252.195371842967,10101.532922297207,2019-07-22T15:55:52Z,46.23893333,13.25150000,832.00,13.384
14951,5,1696,13253.195371842967,10102.532922297207,2019-07-22T15:55:53Z,46.23908333,13.25158333,831.00,13.383
14952,5,1697,13254.195371842967,10103.532922297207,2019-07-22T15:55:54Z,46.23923333,13.25163333,830.00,13.38
14953,5,1698,13255.195371842967,10104.532922297207,2019-07-22T15:55:55Z,46.23938333,13.25166667,828.00,13.375
14954,5,1699,13256.195371842967,10105.532922297207,2019-07-22T15:55:56Z,46.23953333,13.25166667,828.00,13.368
14955,5,1700,13257.195371842967,10106.532922297207,2019-07-22T15:55:57Z,46.23966667,13.25165000,826.00,13.361
14956,5,1701,13258.195371842967,10107.532922297207,2019-07-22T15:55:58Z,46.23980000,13.25163333,826.00,13.354
14957,5,1702,13259.195371842967,10108.532922297207,2019-07-22T15:55:59Z,46.23993333,13.25161667,825.00,13.346
14958,5,1703,13260.195371842967,10109.532922297207,2019-07-22T15:56:00Z,46.24006667,13.25160000,825.00,13.339
14959,5,1704,13261.195371842967,10110.532922297207,2019-07-22T15:56:01Z,46.24020000,13.25156667,824.00,13.331
14960,5,1705,13262.195371842967,10111.532922297207,2019-07-22T15:56:02Z,46.24035000,13.25150000,824.00,13.319
14961,5,1706,13263.195371842967,10112.532922297207,2019-07-22T15:56:03Z,46.24048333,13.25141667,823.00,13.307
14962,5,1707,13264.195371842967,10113.532922297207,2019-07-22T15:56:04Z,46.24058333,13.25128333,824.00,13.293
14963,5,1708,13265.195371842967,10114.532922297207,2019-07-22T15:56:05Z,46.24066667,13.25115000,825.00,13.28
14964,5,1709,13266.195371842967,10115.532922297207,2019-07-22T15:56:06Z,46.24073333,13.25101667,826.00,13.268
14965,5,1710,13267.195371842967,10116.532922297207,2019-07-22T15:56:07Z,46.24076667,13.25086667,825.00,13.256
14966,5,1711,13268.195371842967,10117.532922297207,2019-07-22T15:56:08Z,46.24078333,13.25071667,823.00,13.245
14967,5,1712,13269.195371842967,10118.532922297207,2019-07-22T15:56:09Z,46.24078333,13.25055000,822.00,13.233
14968,5,1713,13270.195371842967,10119.532922297207,2019-07-22T15:56:10Z,46.24073333,13.25041667,821.00,13.226
14969,5,1714,13271.195371842967,10120.532922297207,2019-07-22T15:56:11Z,46.24063333,13.25031667,821.00,13.223
14970,5,1715,13272.195371842967,10121.532922297207,2019-07-22T15:56:12Z,46.24053333,13.25023333,820.00,13.222
14971,5,1716,13273.195371842967,10122.532922297207,2019-07-22T15:56:13Z,46.24043333,13.25015000,822.00,13.221
14972,5,1717,13274.195371842967,10123.532922297207,2019-07-22T15:56:14Z,46.24035000,13.25006667,823.00,13.219
14973,5,1718,13275.195371842967,10124.532922297207,2019-07-22T15:56:15Z,46.24028333,13.24996667,824.00,13.215
14974,5,1719,13276.195371842967,10125.532922297207,2019-07-22T15:56:16Z,46.24023333,13.24985000,824.00,13.209
14975,5,1720,13277.195371842967,10126.532922297207,2019-07-22T15:56:17Z,46.24018333,13.24970000,824.00,13.201
14976,5,1721,13278.195371842967,10127.532922297207,2019-07-22T15:56:18Z,46.24018333,13.24955000,824.00,13.19
14977,5,1722,13279.195371842967,10128.532922297207,2019-07-22T15:56:19Z,46.24023333,13.24938333,824.00,13.176
14978,5,1723,13280.195371842967,10129.532922297207,2019-07-22T15:56:20Z,46.24030000,13.24926667,825.00,13.165
14979,5,1724,13281.195371842967,10130.532922297207,2019-07-22T15:56:21Z,46.24040000,13.24918333,826.00,13.154
14980,5,1725,13282.195371842967,10131.532922297207,2019-07-22T15:56:22Z,46.24051667,13.24911667,826.00,13.144
14981,5,1726,13283.195371842967,10132.532922297207,2019-07-22T15:56:23Z,46.24065000,13.24906667,825.00,13.135
14982,5,1727,13284.195371842967,10133.532922297207,2019-07-22T15:56:24Z,46.24080000,13.24905000,822.00,13.127
14983,5,1728,13285.195371842967,10134.532922297207,2019-07-22T15:56:25Z,46.24095000,13.24908333,818.00,13.122
14984,5,1729,13286.195371842967,10135.532922297207,2019-07-22T15:56:26Z,46.24108333,13.24920000,816.00,13.124
14985,5,1730,13287.195371842967,10136.532922297207,2019-07-22T15:56:27Z,46.24123333,13.24936667,813.00,13.129
14986,5,1731,13288.195371842967,10137.532922297207,2019-07-22T15:56:28Z,46.24135000,13.24958333,813.00,13.139
14987,5,1732,13289.195371842967,10138.532922297207,2019-07-22T15:56:29Z,46.24141667,13.24980000,812.00,13.152
14988,5,1733,13290.195371842967,10139.532922297207,2019-07-22T15:56:30Z,46.24146667,13.25005000,812.00,13.167
14989,5,1734,13291.195371842967,10140.532922297207,2019-07-22T15:56:31Z,46.24146667,13.25031667,810.00,13.186
14990,5,1735,13292.195371842967,10141.532922297207,2019-07-22T15:56:32Z,46.24143333,13.25056667,808.00,13.205
14991,5,1736,13293.195371842967,10142.532922297207,2019-07-22T15:56:33Z,46.24136667,13.25075000,803.00,13.221
14992,5,1737,13294.195371842967,10143.532922297207,2019-07-22T15:56:34Z,46.24126667,13.25091667,799.00,13.237
14993,5,1738,13295.195371842967,10144.532922297207,2019-07-22T15:56:35Z,46.24110000,13.25098333,797.00,13.249
14994,5,1739,13296.195371842967,10145.532922297207,2019-07-22T15:56:36Z,46.24093333,13.25096667,796.00,13.255
14995,5,1740,13297.195371842967,10146.532922297207,2019-07-22T15:56:37Z,46.24080000,13.25091667,796.00,13.258
14996,5,1741,13298.195371842967,10147.532922297207,2019-07-22T15:56:38Z,46.24070000,13.25085000,798.00,13.258
14997,5,1742,13299.195371842967,10148.532922297207,2019-07-22T15:56:39Z,46.24061667,13.25075000,799.00,13.254
14998,5,1743,13300.195371842967,10149.532922297207,2019-07-22T15:56:40Z,46.24053333,13.25066667,800.00,13.252
14999,5,1744,13301.195371842967,10150.532922297207,2019-07-22T15:56:41Z,46.24046667,13.25055000,802.00,13.247
15000,5,1745,13302.195371842967,10151.532922297207,2019-07-22T15:56:42Z,46.24040000,13.25045000,802.00,13.243
15001,5,1746,13303.195371842967,10152.532922297207,2019-07-22T15:56:43Z,46.24031667,13.25035000,801.00,13.24
15002,5,1747,13304.195371842967,10153.532922297207,2019-07-22T15:56:44Z,46.24026667,13.25025000,800.00,13.235
15003,5,1748,13305.195371842967,10154.532922297207,2019-07-22T15:56:45Z,46.24020000,13.25013333,801.00,13.23
15004,5,1749,13306.195371842967,10155.532922297207,2019-07-22T15:56:46Z,46.24013333,13.25000000,800.00,13.224
15005,5,1750,13307.195371842967,10156.532922297207,2019-07-22T15:56:47Z,46.24008333,13.24985000,800.00,13.216
15006,5,1751,13308.195371842967,10157.532922297207,2019-07-22T15:56:48Z,46.24000000,13.24971667,797.00,13.21
15007,5,1752,13309.195371842967,10158.532922297207,2019-07-22T15:56:49Z,46.23991667,13.24958333,795.00,13.205
15008,5,1753,13310.195371842967,10159.532922297207,2019-07-22T15:56:50Z,46.23981667,13.24945000,796.00,13.2
15009,5,1754,13311.195371842967,10160.532922297207,2019-07-22T15:56:51Z,46.23975000,13.24928333,799.00,13.191
15010,5,1755,13312.195371842967,10161.532922297207,2019-07-22T15:56:52Z,46.23970000,13.24911667,801.00,13.182
15011,5,1756,13313.195371842967,10162.532922297207,2019-07-22T15:56:53Z,46.23970000,13.24895000,802.00,13.17
15012,5,1757,13314.195371842967,10163.532922297207,2019-07-22T15:56:54Z,46.23971667,13.24876667,803.00,13.157
15013,5,1758,13315.195371842967,10164.532922297207,2019-07-22T15:56:55Z,46.23976667,13.24860000,803.00,13.143
15014,5,1759,13316.195371842967,10165.532922297207,2019-07-22T15:56:56Z,46.23985000,13.24843333,805.00,13.127
15015,5,1760,13317.195371842967,10166.532922297207,2019-07-22T15:56:57Z,46.23995000,13.24830000,808.00,13.113
15016,5,1761,13318.195371842967,10167.532922297207,2019-07-22T15:56:58Z,46.24003333,13.24811667,809.00,13.097
15017,5,1762,13319.195371842967,10168.532922297207,2019-07-22T15:56:59Z,46.24006667,13.24793333,808.00,13.082
15018,5,1763,13320.195371842967,10169.532922297207,2019-07-22T15:57:00Z,46.24006667,13.24776667,807.00,13.071
15019,5,1764,13321.195371842967,10170.532922297207,2019-07-22T15:57:01Z,46.24001667,13.24763333,805.00,13.064
15020,5,1765,13322.195371842967,10171.532922297207,2019-07-22T15:57:02Z,46.23991667,13.24755000,803.00,13.063
15021,5,1766,13323.195371842967,10172.532922297207,2019-07-22T15:57:03Z,46.23978333,13.24751667,801.00,13.066
15022,5,1767,13324.195371842967,10173.532922297207,2019-07-22T15:57:04Z,46.23965000,13.24755000,799.00,13.075
15023,5,1768,13325.195371842967,10174.532922297207,2019-07-22T15:57:05Z,46.23953333,13.24763333,797.00,13.086
15024,5,1769,13326.195371842967,10175.532922297207,2019-07-22T15:57:06Z,46.23943333,13.24773333,796.00,13.098
15025,5,1770,13327.195371842967,10176.532922297207,2019-07-22T15:57:07Z,46.23931667,13.24781667,797.00,13.109
15026,5,1771,13328.195371842967,10177.532922297207,2019-07-22T15:57:08Z,46.23920000,13.24785000,798.00,13.117
15027,5,1772,13329.195371842967,10178.532922297207,2019-07-22T15:57:09Z,46.23908333,13.24783333,798.00,13.121
15028,5,1773,13330.195371842967,10179.532922297207,2019-07-22T15:57:10Z,46.23896667,13.24776667,797.00,13.122
15029,5,1774,13331.195371842967,10180.532922297207,2019-07-22T15:57:11Z,46.23885000,13.24768333,797.00,13.122
15030,5,1775,13332.195371842967,10181.532922297207,2019-07-22T15:57:12Z,46.23875000,13.24758333,797.00,13.12
15031,5,1776,13333.195371842967,10182.532922297207,2019-07-22T15:57:13Z,46.23866667,13.24746667,798.00,13.116
15032,5,1777,13334.195371842967,10183.532922297207,2019-07-22T15:57:14Z,46.23861667,13.24731667,799.00,13.108
15033,5,1778,13335.195371842967,10184.532922297207,2019-07-22T15:57:15Z,46.23856667,13.24716667,800.00,13.1
15034,5,1779,13336.195371842967,10185.532922297207,2019-07-22T15:57:16Z,46.23851667,13.24701667,801.00,13.092
15035,5,1780,13337.195371842967,10186.532922297207,2019-07-22T15:57:17Z,46.23848333,13.24688333,801.00,13.084
15036,5,1781,13338.195371842967,10187.532922297207,2019-07-22T15:57:18Z,46.23846667,13.24673333,801.00,13.075
15037,5,1782,13339.195371842967,10188.532922297207,2019-07-22T15:57:19Z,46.23845000,13.24658333,801.00,13.065
15038,5,1783,13340.195371842967,10189.532922297207,2019-07-22T15:57:20Z,46.23846667,13.24640000,802.00,13.051
15039,5,1784,13341.195371842967,10190.532922297207,2019-07-22T15:57:21Z,46.23851667,13.24625000,801.00,13.039
15040,5,1785,13342.195371842967,10191.532922297207,2019-07-22T15:57:22Z,46.23861667,13.24611667,801.00,13.025
15041,5,1786,13343.195371842967,10192.532922297207,2019-07-22T15:57:23Z,46.23876667,13.24606667,800.00,13.014
15042,5,1787,13344.195371842967,10193.532922297207,2019-07-22T15:57:24Z,46.23895000,13.24608333,799.00,13.006
15043,5,1788,13345.195371842967,10194.532922297207,2019-07-22T15:57:25Z,46.23910000,13.24616667,798.00,13.005
15044,5,1789,13346.195371842967,10195.532922297207,2019-07-22T15:57:26Z,46.23923333,13.24630000,798.00,13.008
15045,5,1790,13347.195371842967,10196.532922297207,2019-07-22T15:57:27Z,46.23931667,13.24646667,797.00,13.015
15046,5,1791,13348.195371842967,10197.532922297207,2019-07-22T15:57:28Z,46.23936667,13.24666667,798.00,13.027
15047,5,1792,13349.195371842967,10198.532922297207,2019-07-22T15:57:29Z,46.23935000,13.24688333,800.00,13.043
15048,5,1793,13350.195371842967,10199.532922297207,2019-07-22T15:57:30Z,46.23933333,13.24703333,801.00,13.054
15049,5,1794,13351.195371842967,10200.532922297207,2019-07-22T15:57:31Z,46.23925000,13.24713333,802.00,13.065
15050,5,1795,13352.195371842967,10201.532922297207,2019-07-22T15:57:32Z,46.23910000,13.24711667,802.00,13.071
15051,5,1796,13353.195371842967,10202.532922297207,2019-07-22T15:57:33Z,46.23896667,13.24711667,803.00,13.077
15052,5,1797,13354.195371842967,10203.532922297207,2019-07-22T15:57:34Z,46.23886667,13.24708333,803.00,13.08
15053,5,1798,13355.195371842967,10204.532922297207,2019-07-22T15:57:35Z,46.23878333,13.24698333,802.00,13.077
15054,5,1799,13356.195371842967,10205.532922297207,2019-07-22T15:57:36Z,46.23875000,13.24683333,802.00,13.068
15055,5,1800,13357.195371842967,10206.532922297207,2019-07-22T15:57:37Z,46.23876667,13.24670000,803.00,13.058
15056,5,1801,13358.195371842967,10207.532922297207,2019-07-22T15:57:38Z,46.23881667,13.24663333,803.00,13.051
15057,5,1802,13359.195371842967,10208.532922297207,2019-07-22T15:57:39Z,46.23896667,13.24655000,803.00,13.038
15058,5,1803,13360.195371842967,10209.532922297207,2019-07-22T15:57:40Z,46.23911667,13.24650000,804.00,13.027
15059,5,1804,13361.195371842967,10210.532922297207,2019-07-22T15:57:41Z,46.23925000,13.24655000,804.00,13.024
15060,5,1805,13362.195371842967,10211.532922297207,2019-07-22T15:57:42Z,46.23940000,13.24665000,803.00,13.024
15061,5,1806,13363.195371842967,10212.532922297207,2019-07-22T15:57:43Z,46.23950000,13.24678333,802.00,13.029
15062,5,1807,13364.195371842967,10213.532922297207,2019-07-22T15:57:44Z,46.23960000,13.24696667,803.00,13.037
15063,5,1808,13365.195371842967,10214.532922297207,2019-07-22T15:57:45Z,46.23963333,13.24718333,804.00,13.05
15064,5,1809,13366.195371842967,10215.532922297207,2019-07-22T15:57:46Z,46.23963333,13.24741667,804.00,13.066
15065,5,1810,13367.195371842967,10216.532922297207,2019-07-22T15:57:47Z,46.23963333,13.24760000,804.00,13.079
15066,5,1811,13368.195371842967,10217.532922297207,2019-07-22T15:57:48Z,46.23958333,13.24776667,805.00,13.093
15067,5,1812,13369.195371842967,10218.532922297207,2019-07-22T15:57:49Z,46.23950000,13.24788333,805.00,13.105
15068,5,1813,13370.195371842967,10219.532922297207,2019-07-22T15:57:50Z,46.23938333,13.24798333,806.00,13.118
15069,5,1814,13371.195371842967,10220.532922297207,2019-07-22T15:57:51Z,46.23928333,13.24803333,808.00,13.126
15070,5,1815,13372.195371842967,10221.532922297207,2019-07-22T15:57:52Z,46.23918333,13.24803333,809.00,13.131
15071,5,1816,13373.195371842967,10222.532922297207,2019-07-22T15:57:53Z,46.23908333,13.24801667,809.00,13.134
15072,5,1817,13374.195371842967,10223.532922297207,2019-07-22T15:57:54Z,46.23898333,13.24795000,810.00,13.134
15073,5,1818,13375.195371842967,10224.532922297207,2019-07-22T15:57:55Z,46.23895000,13.24783333,810.00,13.128
15074,5,1819,13376.195371842967,10225.532922297207,2019-07-22T15:57:56Z,46.23891667,13.24770000,809.00,13.12
15075,5,1820,13377.195371842967,10226.532922297207,2019-07-22T15:57:57Z,46.23891667,13.24766667,809.00,13.118
15076,5,1821,13378.195371842967,10227.532922297207,2019-07-22T15:57:58Z,46.23900000,13.24770000,810.00,13.116
15077,5,1822,13379.195371842967,10228.532922297207,2019-07-22T15:57:59Z,46.23913333,13.24783333,809.00,13.119
15078,5,1823,13380.195371842967,10229.532922297207,2019-07-22T15:58:00Z,46.23921667,13.24798333,808.00,13.126
15079,5,1824,13381.195371842967,10230.532922297207,2019-07-22T15:58:01Z,46.23928333,13.24815000,809.00,13.134
15080,5,1825,13382.195371842967,10231.532922297207,2019-07-22T15:58:02Z,46.23928333,13.24835000,811.00,13.148
15081,5,1826,13383.195371842967,10232.532922297207,2019-07-22T15:58:03Z,46.23930000,13.24850000,811.00,13.158
15082,5,1827,13384.195371842967,10233.532922297207,2019-07-22T15:58:04Z,46.23930000,13.24863333,813.00,13.167
15083,5,1828,13385.195371842967,10234.532922297207,2019-07-22T15:58:05Z,46.23923333,13.24878333,816.00,13.181
15084,5,1829,13386.195371842967,10235.532922297207,2019-07-22T15:58:06Z,46.23915000,13.24885000,817.00,13.189
15085,5,1830,13387.195371842967,10236.532922297207,2019-07-22T15:58:07Z,46.23905000,13.24891667,818.00,13.198
15086,5,1831,13388.195371842967,10237.532922297207,2019-07-22T15:58:08Z,46.23893333,13.24893333,819.00,13.205
15087,5,1832,13389.195371842967,10238.532922297207,2019-07-22T15:58:09Z,46.23881667,13.24891667,819.00,13.209
15088,5,1833,13390.195371842967,10239.532922297207,2019-07-22T15:58:10Z,46.23870000,13.24883333,818.00,13.209
15089,5,1834,13391.195371842967,10240.532922297207,2019-07-22T15:58:11Z,46.23861667,13.24870000,817.00,13.204
15090,5,1835,13392.195371842967,10241.532922297207,2019-07-22T15:58:12Z,46.23853333,13.24858333,818.00,13.2
15091,5,1836,13393.195371842967,10242.532922297207,2019-07-22T15:58:13Z,46.23853333,13.24845000,818.00,13.19
15092,5,1837,13394.195371842967,10243.532922297207,2019-07-22T15:58:14Z,46.23853333,13.24833333,820.00,13.182
15093,5,1838,13395.195371842967,10244.532922297207,2019-07-22T15:58:15Z,46.23866667,13.24820000,820.00,13.167
15094,5,1839,13396.195371842967,10245.532922297207,2019-07-22T15:58:16Z,46.23883333,13.24813333,819.00,13.154
15095,5,1840,13397.195371842967,10246.532922297207,2019-07-22T15:58:17Z,46.23905000,13.24815000,819.00,13.145
15096,5,1841,13398.195371842967,10247.532922297207,2019-07-22T15:58:18Z,46.23918333,13.24821667,822.00,13.143
15097,5,1842,13399.195371842967,10248.532922297207,2019-07-22T15:58:19Z,46.23921667,13.24840000,823.00,13.155
15098,5,1843,13400.195371842967,10249.532922297207,2019-07-22T15:58:20Z,46.23930000,13.24855000,824.00,13.161
15099,5,1844,13401.195371842967,10250.532922297207,2019-07-22T15:58:21Z,46.23936667,13.24866667,826.00,13.166
15100,5,1845,13402.195371842967,10251.532922297207,2019-07-22T15:58:22Z,46.23936667,13.24878333,827.00,13.174
15101,5,1846,13403.195371842967,10252.532922297207,2019-07-22T15:58:23Z,46.23926667,13.24893333,829.00,13.189
15102,5,1847,13404.195371842967,10253.532922297207,2019-07-22T15:58:24Z,46.23916667,13.24893333,829.00,13.194
15103,5,1848,13405.195371842967,10254.532922297207,2019-07-22T15:58:25Z,46.23908333,13.24880000,829.00,13.189
15104,5,1849,13406.195371842967,10255.532922297207,2019-07-22T15:58:26Z,46.23901667,13.24873333,829.00,13.187
15105,5,1850,13407.195371842967,10256.532922297207,2019-07-22T15:58:27Z,46.23901667,13.24860000,830.00,13.178
15106,5,1851,13408.195371842967,10257.532922297207,2019-07-22T15:58:28Z,46.23905000,13.24846667,830.00,13.167
15107,5,1852,13409.195371842967,10258.532922297207,2019-07-22T15:58:29Z,46.23913333,13.24831667,829.00,13.153
15108,5,1853,13410.195371842967,10259.532922297207,2019-07-22T15:58:30Z,46.23926667,13.24826667,829.00,13.143
15109,5,1854,13411.195371842967,10260.532922297207,2019-07-22T15:58:31Z,46.23943333,13.24838333,829.00,13.143
15110,5,1855,13412.195371842967,10261.532922297207,2019-07-22T15:58:32Z,46.23958333,13.24841667,831.00,13.139
15111,5,1856,13413.195371842967,10262.532922297207,2019-07-22T15:58:33Z,46.23971667,13.24850000,833.00,13.138
15112,5,1857,13414.195371842967,10263.532922297207,2019-07-22T15:58:34Z,46.23981667,13.24861667,834.00,13.142
15113,5,1858,13415.195371842967,10264.532922297207,2019-07-22T15:58:35Z,46.23983333,13.24883333,836.00,13.156
15114,5,1859,13416.195371842967,10265.532922297207,2019-07-22T15:58:36Z,46.23986667,13.24906667,836.00,13.171
15115,5,1860,13417.195371842967,10266.532922297207,2019-07-22T15:58:37Z,46.23983333,13.24926667,836.00,13.186
15116,5,1861,13418.195371842967,10267.532922297207,2019-07-22T15:58:38Z,46.23976667,13.24941667,836.00,13.2
15117,5,1862,13419.195371842967,10268.532922297207,2019-07-22T15:58:39Z,46.23966667,13.24953333,837.00,13.213
15118,5,1863,13420.195371842967,10269.532922297207,2019-07-22T15:58:40Z,46.23955000,13.24961667,838.00,13.224
15119,5,1864,13421.195371842967,10270.532922297207,2019-07-22T15:58:41Z,46.23943333,13.24966667,839.00,13.233
15120,5,1865,13422.195371842967,10271.532922297207,2019-07-22T15:58:42Z,46.23931667,13.24970000,841.00,13.241
15121,5,1866,13423.195371842967,10272.532922297207,2019-07-22T15:58:43Z,46.23921667,13.24963333,843.00,13.241
15122,5,1867,13424.195371842967,10273.532922297207,2019-07-22T15:58:44Z,46.23915000,13.24953333,843.00,13.237
15123,5,1868,13425.195371842967,10274.532922297207,2019-07-22T15:58:45Z,46.23908333,13.24943333,843.00,13.233
15124,5,1869,13426.195371842967,10275.532922297207,2019-07-22T15:58:46Z,46.23906667,13.24928333,845.00,13.223
15125,5,1870,13427.195371842967,10276.532922297207,2019-07-22T15:58:47Z,46.23908333,13.24913333,845.00,13.212
15126,5,1871,13428.195371842967,10277.532922297207,2019-07-22T15:58:48Z,46.23911667,13.24898333,846.00,13.2
15127,5,1872,13429.195371842967,10278.532922297207,2019-07-22T15:58:49Z,46.23918333,13.24885000,846.00,13.188
15128,5,1873,13430.195371842967,10279.532922297207,2019-07-22T15:58:50Z,46.23928333,13.24875000,846.00,13.176
15129,5,1874,13431.195371842967,10280.532922297207,2019-07-22T15:58:51Z,46.23941667,13.24870000,847.00,13.166
15130,5,1875,13432.195371842967,10281.532922297207,2019-07-22T15:58:52Z,46.23955000,13.24866667,848.00,13.158
15131,5,1876,13433.195371842967,10282.532922297207,2019-07-22T15:58:53Z,46.23968333,13.24868333,849.00,13.153
15132,5,1877,13434.195371842967,10283.532922297207,2019-07-22T15:58:54Z,46.23980000,13.24875000,851.00,13.152
15133,5,1878,13435.195371842967,10284.532922297207,2019-07-22T15:58:55Z,46.23990000,13.24888333,850.00,13.156
15134,5,1879,13436.195371842967,10285.532922297207,2019-07-22T15:58:56Z,46.23998333,13.24905000,850.00,13.164
15135,5,1880,13437.195371842967,10286.532922297207,2019-07-22T15:58:57Z,46.24001667,13.24925000,851.00,13.177
15136,5,1881,13438.195371842967,10287.532922297207,2019-07-22T15:58:58Z,46.24001667,13.24943333,852.00,13.19
15137,5,1882,13439.195371842967,10288.532922297207,2019-07-22T15:58:59Z,46.23996667,13.24961667,853.00,13.205
15138,5,1883,13440.195371842967,10289.532922297207,2019-07-22T15:59:00Z,46.23988333,13.24975000,854.00,13.218
15139,5,1884,13441.195371842967,10290.532922297207,2019-07-22T15:59:01Z,46.23978333,13.24985000,855.00,13.229
15140,5,1885,13442.195371842967,10291.532922297207,2019-07-22T15:59:02Z,46.23966667,13.24990000,855.00,13.238
15141,5,1886,13443.195371842967,10292.532922297207,2019-07-22T15:59:03Z,46.23955000,13.24985000,856.00,13.24
15142,5,1887,13444.195371842967,10293.532922297207,2019-07-22T15:59:04Z,46.23945000,13.24980000,856.00,13.241
15143,5,1888,13445.195371842967,10294.532922297207,2019-07-22T15:59:05Z,46.23935000,13.24970000,857.00,13.239
15144,5,1889,13446.195371842967,10295.532922297207,2019-07-22T15:59:06Z,46.23928333,13.24960000,859.00,13.235
15145,5,1890,13447.195371842967,10296.532922297207,2019-07-22T15:59:07Z,46.23923333,13.24948333,861.00,13.229
15146,5,1891,13448.195371842967,10297.532922297207,2019-07-22T15:59:08Z,46.23920000,13.24938333,861.00,13.224
15147,5,1892,13449.195371842967,10298.532922297207,2019-07-22T15:59:09Z,46.23918333,13.24925000,861.00,13.215
15148,5,1893,13450.195371842967,10299.532922297207,2019-07-22T15:59:10Z,46.23918333,13.24911667,861.00,13.206
15149,5,1894,13451.195371842967,10300.532922297207,2019-07-22T15:59:11Z,46.23920000,13.24898333,861.00,13.196
15150,5,1895,13452.195371842967,10301.532922297207,2019-07-22T15:59:12Z,46.23926667,13.24883333,861.00,13.182
15151,5,1896,13453.195371842967,10302.532922297207,2019-07-22T15:59:13Z,46.23938333,13.24873333,859.00,13.17
15152,5,1897,13454.195371842967,10303.532922297207,2019-07-22T15:59:14Z,46.23950000,13.24865000,859.00,13.159
15153,5,1898,13455.195371842967,10304.532922297207,2019-07-22T15:59:15Z,46.23965000,13.24861667,857.00,13.149
15154,5,1899,13456.195371842967,10305.532922297207,2019-07-22T15:59:16Z,46.23978333,13.24863333,858.00,13.144
15155,5,1900,13457.195371842967,10306.532922297207,2019-07-22T15:59:17Z,46.23991667,13.24868333,859.00,13.142
15156,5,1901,13458.195371842967,10307.532922297207,2019-07-22T15:59:18Z,46.24001667,13.24881667,862.00,13.146
15157,5,1902,13459.195371842967,10308.532922297207,2019-07-22T15:59:19Z,46.24011667,13.24898333,864.00,13.153
15158,5,1903,13460.195371842967,10309.532922297207,2019-07-22T15:59:20Z,46.24018333,13.24915000,866.00,13.162
15159,5,1904,13461.195371842967,10310.532922297207,2019-07-22T15:59:21Z,46.24021667,13.24936667,867.00,13.176
15160,5,1905,13462.195371842967,10311.532922297207,2019-07-22T15:59:22Z,46.24020000,13.24956667,868.00,13.19
15161,5,1906,13463.195371842967,10312.532922297207,2019-07-22T15:59:23Z,46.24016667,13.24978333,868.00,13.207
15162,5,1907,13464.195371842967,10313.532922297207,2019-07-22T15:59:24Z,46.24010000,13.24995000,869.00,13.222
15163,5,1908,13465.195371842967,10314.532922297207,2019-07-22T15:59:25Z,46.24000000,13.25010000,870.00,13.237
15164,5,1909,13466.195371842967,10315.532922297207,2019-07-22T15:59:26Z,46.23990000,13.25020000,871.00,13.249
15165,5,1910,13467.195371842967,10316.532922297207,2019-07-22T15:59:27Z,46.23978333,13.25030000,872.00,13.261
15166,5,1911,13468.195371842967,10317.532922297207,2019-07-22T15:59:28Z,46.23965000,13.25033333,874.00,13.269
15167,5,1912,13469.195371842967,10318.532922297207,2019-07-22T15:59:29Z,46.23955000,13.25031667,875.00,13.273
15168,5,1913,13470.195371842967,10319.532922297207,2019-07-22T15:59:30Z,46.23945000,13.25023333,874.00,13.272
15169,5,1914,13471.195371842967,10320.532922297207,2019-07-22T15:59:31Z,46.23940000,13.25013333,875.00,13.267
15170,5,1915,13472.195371842967,10321.532922297207,2019-07-22T15:59:32Z,46.23938333,13.24998333,874.00,13.257
15171,5,1916,13473.195371842967,10322.532922297207,2019-07-22T15:59:33Z,46.23940000,13.24985000,874.00,13.247
15172,5,1917,13474.195371842967,10323.532922297207,2019-07-22T15:59:34Z,46.23946667,13.24971667,874.00,13.235
15173,5,1918,13475.195371842967,10324.532922297207,2019-07-22T15:59:35Z,46.23955000,13.24960000,872.00,13.223
15174,5,1919,13476.195371842967,10325.532922297207,2019-07-22T15:59:36Z,46.23966667,13.24948333,872.00,13.209
15175,5,1920,13477.195371842967,10326.532922297207,2019-07-22T15:59:37Z,46.23980000,13.24938333,874.00,13.196
15176,5,1921,13478.195371842967,10327.532922297207,2019-07-22T15:59:38Z,46.23995000,13.24933333,875.00,13.186
15177,5,1922,13479.195371842967,10328.532922297207,2019-07-22T15:59:39Z,46.24010000,13.24935000,875.00,13.18
15178,5,1923,13480.195371842967,10329.532922297207,2019-07-22T15:59:40Z,46.24023333,13.24946667,874.00,13.182
15179,5,1924,13481.195371842967,10330.532922297207,2019-07-22T15:59:41Z,46.24035000,13.24963333,874.00,13.188
15180,5,1925,13482.195371842967,10331.532922297207,2019-07-22T15:59:42Z,46.24045000,13.24981667,874.00,13.196
15181,5,1926,13483.195371842967,10332.532922297207,2019-07-22T15:59:43Z,46.24051667,13.25003333,875.00,13.209
15182,5,1927,13484.195371842967,10333.532922297207,2019-07-22T15:59:44Z,46.24050000,13.25021667,877.00,13.222
15183,5,1928,13485.195371842967,10334.532922297207,2019-07-22T15:59:45Z,46.24048333,13.25043333,879.00,13.238
15184,5,1929,13486.195371842967,10335.532922297207,2019-07-22T15:59:46Z,46.24043333,13.25061667,880.00,13.253
15185,5,1930,13487.195371842967,10336.532922297207,2019-07-22T15:59:47Z,46.24036667,13.25078333,881.00,13.268
15186,5,1931,13488.195371842967,10337.532922297207,2019-07-22T15:59:48Z,46.24023333,13.25090000,882.00,13.282
15187,5,1932,13489.195371842967,10338.532922297207,2019-07-22T15:59:49Z,46.24008333,13.25096667,883.00,13.294
15188,5,1933,13490.195371842967,10339.532922297207,2019-07-22T15:59:50Z,46.23996667,13.25095000,884.00,13.298
15189,5,1934,13491.195371842967,10340.532922297207,2019-07-22T15:59:51Z,46.23985000,13.25088333,885.00,13.299
15190,5,1935,13492.195371842967,10341.532922297207,2019-07-22T15:59:52Z,46.23975000,13.25076667,886.00,13.295
15191,5,1936,13493.195371842967,10342.532922297207,2019-07-22T15:59:53Z,46.23971667,13.25063333,887.00,13.287
15192,5,1937,13494.195371842967,10343.532922297207,2019-07-22T15:59:54Z,46.23975000,13.25046667,888.00,13.274
15193,5,1938,13495.195371842967,10344.532922297207,2019-07-22T15:59:55Z,46.23983333,13.25033333,888.00,13.261
15194,5,1939,13496.195371842967,10345.532922297207,2019-07-22T15:59:56Z,46.23996667,13.25026667,890.00,13.25
15195,5,1940,13497.195371842967,10346.532922297207,2019-07-22T15:59:57Z,46.24011667,13.25023333,891.00,13.241
15196,5,1941,13498.195371842967,10347.532922297207,2019-07-22T15:59:58Z,46.24028333,13.25026667,892.00,13.236
15197,5,1942,13499.195371842967,10348.532922297207,2019-07-22T15:59:59Z,46.24041667,13.25035000,893.00,13.235
15198,5,1943,13500.195371842967,10349.532922297207,2019-07-22T16:00:00Z,46.24051667,13.25050000,894.00,13.241
15199,5,1944,13501.195371842967,10350.532922297207,2019-07-22T16:00:01Z,46.24056667,13.25068333,895.00,13.252
15200,5,1945,13502.195371842967,10351.532922297207,2019-07-22T16:00:02Z,46.24060000,13.25086667,896.00,13.263
15201,5,1946,13503.195371842967,10352.532922297207,2019-07-22T16:00:03Z,46.24055000,13.25108333,898.00,13.281
15202,5,1947,13504.195371842967,10353.532922297207,2019-07-22T16:00:04Z,46.24048333,13.25126667,899.00,13.297
15203,5,1948,13505.195371842967,10354.532922297207,2019-07-22T16:00:05Z,46.24038333,13.25140000,901.00,13.311
15204,5,1949,13506.195371842967,10355.532922297207,2019-07-22T16:00:06Z,46.24025000,13.25150000,901.00,13.324
15205,5,1950,13507.195371842967,10356.532922297207,2019-07-22T16:00:07Z,46.24011667,13.25150000,902.00,13.33
15206,5,1951,13508.195371842967,10357.532922297207,2019-07-22T16:00:08Z,46.24000000,13.25148333,901.00,13.334
15207,5,1952,13509.195371842967,10358.532922297207,2019-07-22T16:00:09Z,46.23990000,13.25141667,902.00,13.334
15208,5,1953,13510.195371842967,10359.532922297207,2019-07-22T16:00:10Z,46.23985000,13.25130000,903.00,13.328
15209,5,1954,13511.195371842967,10360.532922297207,2019-07-22T16:00:11Z,46.23983333,13.25115000,905.00,13.318
15210,5,1955,13512.195371842967,10361.532922297207,2019-07-22T16:00:12Z,46.23985000,13.25105000,907.00,13.31
15211,5,1956,13513.195371842967,10362.532922297207,2019-07-22T16:00:13Z,46.23995000,13.25096667,908.00,13.3
15212,5,1957,13514.195371842967,10363.532922297207,2019-07-22T16:00:14Z,46.24008333,13.25095000,909.00,13.293
15213,5,1958,13515.195371842967,10364.532922297207,2019-07-22T16:00:15Z,46.24020000,13.25095000,911.00,13.287
15214,5,1959,13516.195371842967,10365.532922297207,2019-07-22T16:00:16Z,46.24033333,13.25101667,912.00,13.286
15215,5,1960,13517.195371842967,10366.532922297207,2019-07-22T16:00:17Z,46.24048333,13.25111667,913.00,13.286
15216,5,1961,13518.195371842967,10367.532922297207,2019-07-22T16:00:18Z,46.24060000,13.25125000,913.00,13.29
15217,5,1962,13519.195371842967,10368.532922297207,2019-07-22T16:00:19Z,46.24068333,13.25141667,913.00,13.298
15218,5,1963,13520.195371842967,10369.532922297207,2019-07-22T16:00:20Z,46.24073333,13.25160000,913.00,13.309
15219,5,1964,13521.195371842967,10370.532922297207,2019-07-22T16:00:21Z,46.24073333,13.25186667,914.00,13.328
15220,5,1965,13522.195371842967,10371.532922297207,2019-07-22T16:00:22Z,46.24066667,13.25203333,915.00,13.342
15221,5,1966,13523.195371842967,10372.532922297207,2019-07-22T16:00:23Z,46.24055000,13.25211667,917.00,13.354
15222,5,1967,13524.195371842967,10373.532922297207,2019-07-22T16:00:24Z,46.24041667,13.25218333,919.00,13.364
15223,5,1968,13525.195371842967,10374.532922297207,2019-07-22T16:00:25Z,46.24030000,13.25221667,920.00,13.372
15224,5,1969,13526.195371842967,10375.532922297207,2019-07-22T16:00:26Z,46.24018333,13.25216667,921.00,13.374
15225,5,1970,13527.195371842967,10376.532922297207,2019-07-22T16:00:27Z,46.24011667,13.25203333,920.00,13.367
15226,5,1971,13528.195371842967,10377.532922297207,2019-07-22T16:00:28Z,46.24006667,13.25190000,920.00,13.36
15227,5,1972,13529.195371842967,10378.532922297207,2019-07-22T16:00:29Z,46.24005000,13.25173333,921.00,13.349
15228,5,1973,13530.195371842967,10379.532922297207,2019-07-22T16:00:30Z,46.24008333,13.25160000,922.00,13.338
15229,5,1974,13531.195371842967,10380.532922297207,2019-07-22T16:00:31Z,46.24016667,13.25150000,923.00,13.328
15230,5,1975,13532.195371842967,10381.532922297207,2019-07-22T16:00:32Z,46.24028333,13.25143333,924.00,13.318
15231,5,1976,13533.195371842967,10382.532922297207,2019-07-22T16:00:33Z,46.24040000,13.25143333,924.00,13.312
15232,5,1977,13534.195371842967,10383.532922297207,2019-07-22T16:00:34Z,46.24053333,13.25148333,924.00,13.31
15233,5,1978,13535.195371842967,10384.532922297207,2019-07-22T16:00:35Z,46.24070000,13.25160000,923.00,13.31
15234,5,1979,13536.195371842967,10385.532922297207,2019-07-22T16:00:36Z,46.24081667,13.25176667,922.00,13.317
15235,5,1980,13537.195371842967,10386.532922297207,2019-07-22T16:00:37Z,46.24091667,13.25200000,922.00,13.329
15236,5,1981,13538.195371842967,10387.532922297207,2019-07-22T16:00:38Z,46.24095000,13.25223333,923.00,13.344
15237,5,1982,13539.195371842967,10388.532922297207,2019-07-22T16:00:39Z,46.24093333,13.25248333,925.00,13.362
15238,5,1983,13540.195371842967,10389.532922297207,2019-07-22T16:00:40Z,46.24086667,13.25268333,926.00,13.379
15239,5,1984,13541.195371842967,10390.532922297207,2019-07-22T16:00:41Z,46.24078333,13.25283333,929.00,13.394
15240,5,1985,13542.195371842967,10391.532922297207,2019-07-22T16:00:42Z,46.24066667,13.25296667,930.00,13.408
15241,5,1986,13543.195371842967,10392.532922297207,2019-07-22T16:00:43Z,46.24055000,13.25303333,931.00,13.418
15242,5,1987,13544.195371842967,10393.532922297207,2019-07-22T16:00:44Z,46.24041667,13.25305000,931.00,13.425
15243,5,1988,13545.195371842967,10394.532922297207,2019-07-22T16:00:45Z,46.24028333,13.25298333,931.00,13.427
15244,5,1989,13546.195371842967,10395.532922297207,2019-07-22T16:00:46Z,46.24020000,13.25286667,931.00,13.422
15245,5,1990,13547.195371842967,10396.532922297207,2019-07-22T16:00:47Z,46.24013333,13.25275000,931.00,13.417
15246,5,1991,13548.195371842967,10397.532922297207,2019-07-22T16:00:48Z,46.24006667,13.25260000,933.00,13.409
15247,5,1992,13549.195371842967,10398.532922297207,2019-07-22T16:00:49Z,46.24006667,13.25243333,934.00,13.398
15248,5,1993,13550.195371842967,10399.532922297207,2019-07-22T16:00:50Z,46.24011667,13.25230000,935.00,13.386
15249,5,1994,13551.195371842967,10400.532922297207,2019-07-22T16:00:51Z,46.24021667,13.25221667,936.00,13.376
15250,5,1995,13552.195371842967,10401.532922297207,2019-07-22T16:00:52Z,46.24035000,13.25213333,934.00,13.364
15251,5,1996,13553.195371842967,10402.532922297207,2019-07-22T16:00:53Z,46.24050000,13.25211667,932.00,13.356
15252,5,1997,13554.195371842967,10403.532922297207,2019-07-22T16:00:54Z,46.24065000,13.25215000,932.00,13.351
15253,5,1998,13555.195371842967,10404.532922297207,2019-07-22T16:00:55Z,46.24078333,13.25221667,931.00,13.35
15254,5,1999,13556.195371842967,10405.532922297207,2019-07-22T16:00:56Z,46.24093333,13.25231667,930.00,13.351
15255,5,2000,13557.195371842967,10406.532922297207,2019-07-22T16:00:57Z,46.24106667,13.25245000,931.00,13.354
15256,5,2001,13558.195371842967,10407.532922297207,2019-07-22T16:00:58Z,46.24118333,13.25263333,932.00,13.362
15257,5,2002,13559.195371842967,10408.532922297207,2019-07-22T16:00:59Z,46.24125000,13.25281667,933.00,13.372
15258,5,2003,13560.195371842967,10409.532922297207,2019-07-22T16:01:00Z,46.24130000,13.25303333,934.00,13.385
15259,5,2004,13561.195371842967,10410.532922297207,2019-07-22T16:01:01Z,46.24130000,13.25326667,936.00,13.401
15260,5,2005,13562.195371842967,10411.532922297207,2019-07-22T16:01:02Z,46.24126667,13.25345000,938.00,13.416
15261,5,2006,13563.195371842967,10412.532922297207,2019-07-22T16:01:03Z,46.24120000,13.25361667,940.00,13.43
15262,5,2007,13564.195371842967,10413.532922297207,2019-07-22T16:01:04Z,46.24111667,13.25376667,941.00,13.445
15263,5,2008,13565.195371842967,10414.532922297207,2019-07-22T16:01:05Z,46.24100000,13.25390000,942.00,13.459
15264,5,2009,13566.195371842967,10415.532922297207,2019-07-22T16:01:06Z,46.24088333,13.25396667,942.00,13.469
15265,5,2010,13567.195371842967,10416.532922297207,2019-07-22T16:01:07Z,46.24075000,13.25400000,942.00,13.477
15266,5,2011,13568.195371842967,10417.532922297207,2019-07-22T16:01:08Z,46.24063333,13.25396667,942.00,13.48
15267,5,2012,13569.195371842967,10418.532922297207,2019-07-22T16:01:09Z,46.24053333,13.25388333,942.00,13.479
15268,5,2013,13570.195371842967,10419.532922297207,2019-07-22T16:01:10Z,46.24045000,13.25373333,941.00,13.472
15269,5,2014,13571.195371842967,10420.532922297207,2019-07-22T16:01:11Z,46.24043333,13.25355000,942.00,13.46
15270,5,2015,13572.195371842967,10421.532922297207,2019-07-22T16:01:12Z,46.24045000,13.25340000,942.00,13.448
15271,5,2016,13573.195371842967,10422.532922297207,2019-07-22T16:01:13Z,46.24053333,13.25330000,943.00,13.438
15272,5,2017,13574.195371842967,10423.532922297207,2019-07-22T16:01:14Z,46.24065000,13.25323333,945.00,13.428
15273,5,2018,13575.195371842967,10424.532922297207,2019-07-22T16:01:15Z,46.24081667,13.25323333,945.00,13.42
15274,5,2019,13576.195371842967,10425.532922297207,2019-07-22T16:01:16Z,46.24093333,13.25331667,946.00,13.421
15275,5,2020,13577.195371842967,10426.532922297207,2019-07-22T16:01:17Z,46.24106667,13.25341667,947.00,13.422
15276,5,2021,13578.195371842967,10427.532922297207,2019-07-22T16:01:18Z,46.24115000,13.25356667,949.00,13.429
15277,5,2022,13579.195371842967,10428.532922297207,2019-07-22T16:01:19Z,46.24121667,13.25375000,949.00,13.439
15278,5,2023,13580.195371842967,10429.532922297207,2019-07-22T16:01:20Z,46.24125000,13.25396667,949.00,13.453
15279,5,2024,13581.195371842967,10430.532922297207,2019-07-22T16:01:21Z,46.24126667,13.25415000,951.00,13.465
15280,5,2025,13582.195371842967,10431.532922297207,2019-07-22T16:01:22Z,46.24125000,13.25433333,954.00,13.479
15281,5,2026,13583.195371842967,10432.532922297207,2019-07-22T16:01:23Z,46.24118333,13.25451667,956.00,13.495
15282,5,2027,13584.195371842967,10433.532922297207,2019-07-22T16:01:24Z,46.24110000,13.25466667,957.00,13.509
15283,5,2028,13585.195371842967,10434.532922297207,2019-07-22T16:01:25Z,46.24100000,13.25478333,957.00,13.522
15284,5,2029,13586.195371842967,10435.532922297207,2019-07-22T16:01:26Z,46.24088333,13.25485000,957.00,13.532
15285,5,2030,13587.195371842967,10436.532922297207,2019-07-22T16:01:27Z,46.24076667,13.25486667,957.00,13.538
15286,5,2031,13588.195371842967,10437.532922297207,2019-07-22T16:01:28Z,46.24065000,13.25478333,957.00,13.537
15287,5,2032,13589.195371842967,10438.532922297207,2019-07-22T16:01:29Z,46.24058333,13.25466667,958.00,13.532
15288,5,2033,13590.195371842967,10439.532922297207,2019-07-22T16:01:30Z,46.24058333,13.25450000,958.00,13.52
15289,5,2034,13591.195371842967,10440.532922297207,2019-07-22T16:01:31Z,46.24061667,13.25433333,958.00,13.507
15290,5,2035,13592.195371842967,10441.532922297207,2019-07-22T16:01:32Z,46.24070000,13.25420000,959.00,13.494
15291,5,2036,13593.195371842967,10442.532922297207,2019-07-22T16:01:33Z,46.24083333,13.25415000,959.00,13.484
15292,5,2037,13594.195371842967,10443.532922297207,2019-07-22T16:01:34Z,46.24096667,13.25420000,961.00,13.482
15293,5,2038,13595.195371842967,10444.532922297207,2019-07-22T16:01:35Z,46.24110000,13.25433333,962.00,13.486
15294,5,2039,13596.195371842967,10445.532922297207,2019-07-22T16:01:36Z,46.24118333,13.25448333,964.00,13.492
15295,5,2040,13597.195371842967,10446.532922297207,2019-07-22T16:01:37Z,46.24121667,13.25468333,964.00,13.505
15296,5,2041,13598.195371842967,10447.532922297207,2019-07-22T16:01:38Z,46.24121667,13.25488333,966.00,13.519
15297,5,2042,13599.195371842967,10448.532922297207,2019-07-22T16:01:39Z,46.24118333,13.25505000,969.00,13.533
15298,5,2043,13600.195371842967,10449.532922297207,2019-07-22T16:01:40Z,46.24111667,13.25521667,971.00,13.547
15299,5,2044,13601.195371842967,10450.532922297207,2019-07-22T16:01:41Z,46.24103333,13.25533333,972.00,13.559
15300,5,2045,13602.195371842967,10451.532922297207,2019-07-22T16:01:42Z,46.24093333,13.25543333,972.00,13.571
15301,5,2046,13603.195371842967,10452.532922297207,2019-07-22T16:01:43Z,46.24080000,13.25546667,971.00,13.579
15302,5,2047,13604.195371842967,10453.532922297207,2019-07-22T16:01:44Z,46.24068333,13.25541667,971.00,13.58
15303,5,2048,13605.195371842967,10454.532922297207,2019-07-22T16:01:45Z,46.24058333,13.25535000,972.00,13.58
15304,5,2049,13606.195371842967,10455.532922297207,2019-07-22T16:01:46Z,46.24051667,13.25523333,972.00,13.575
15305,5,2050,13607.195371842967,10456.532922297207,2019-07-22T16:01:47Z,46.24048333,13.25508333,973.00,13.566
15306,5,2051,13608.195371842967,10457.532922297207,2019-07-22T16:01:48Z,46.24050000,13.25495000,974.00,13.555
15307,5,2052,13609.195371842967,10458.532922297207,2019-07-22T16:01:49Z,46.24058333,13.25488333,975.00,13.547
15308,5,2053,13610.195371842967,10459.532922297207,2019-07-22T16:01:50Z,46.24073333,13.25485000,975.00,13.538
15309,5,2054,13611.195371842967,10460.532922297207,2019-07-22T16:01:51Z,46.24088333,13.25488333,975.00,13.534
15310,5,2055,13612.195371842967,10461.532922297207,2019-07-22T16:01:52Z,46.24105000,13.25500000,976.00,13.535
15311,5,2056,13613.195371842967,10462.532922297207,2019-07-22T16:01:53Z,46.24115000,13.25520000,975.00,13.545
15312,5,2057,13614.195371842967,10463.532922297207,2019-07-22T16:01:54Z,46.24120000,13.25538333,975.00,13.555
15313,5,2058,13615.195371842967,10464.532922297207,2019-07-22T16:01:55Z,46.24125000,13.25558333,975.00,13.567
15314,5,2059,13616.195371842967,10465.532922297207,2019-07-22T16:01:56Z,46.24121667,13.25575000,975.00,13.581
15315,5,2060,13617.195371842967,10466.532922297207,2019-07-22T16:01:57Z,46.24115000,13.25588333,977.00,13.593
15316,5,2061,13618.195371842967,10467.532922297207,2019-07-22T16:01:58Z,46.24103333,13.25598333,978.00,13.605
15317,5,2062,13619.195371842967,10468.532922297207,2019-07-22T16:01:59Z,46.24090000,13.25601667,978.00,13.613
15318,5,2063,13620.195371842967,10469.532922297207,2019-07-22T16:02:00Z,46.24076667,13.25605000,978.00,13.621
15319,5,2064,13621.195371842967,10470.532922297207,2019-07-22T16:02:01Z,46.24065000,13.25603333,977.00,13.625
15320,5,2065,13622.195371842967,10471.532922297207,2019-07-22T16:02:02Z,46.24053333,13.25598333,976.00,13.627
15321,5,2066,13623.195371842967,10472.532922297207,2019-07-22T16:02:03Z,46.24046667,13.25586667,976.00,13.622
15322,5,2067,13624.195371842967,10473.532922297207,2019-07-22T16:02:04Z,46.24041667,13.25570000,976.00,13.612
15323,5,2068,13625.195371842967,10474.532922297207,2019-07-22T16:02:05Z,46.24043333,13.25551667,976.00,13.598
15324,5,2069,13626.195371842967,10475.532922297207,2019-07-22T16:02:06Z,46.24050000,13.25540000,978.00,13.587
15325,5,2070,13627.195371842967,10476.532922297207,2019-07-22T16:02:07Z,46.24061667,13.25535000,978.00,13.579
15326,5,2071,13628.195371842967,10477.532922297207,2019-07-22T16:02:08Z,46.24073333,13.25531667,978.00,13.571
15327,5,2072,13629.195371842967,10478.532922297207,2019-07-22T16:02:09Z,46.24086667,13.25540000,978.00,13.571
15328,5,2073,13630.195371842967,10479.532922297207,2019-07-22T16:02:10Z,46.24100000,13.25551667,976.00,13.574
15329,5,2074,13631.195371842967,10480.532922297207,2019-07-22T16:02:11Z,46.24108333,13.25571667,975.00,13.584
15330,5,2075,13632.195371842967,10481.532922297207,2019-07-22T16:02:12Z,46.24115000,13.25593333,976.00,13.597
15331,5,2076,13633.195371842967,10482.532922297207,2019-07-22T16:02:13Z,46.24118333,13.25613333,977.00,13.609
15332,5,2077,13634.195371842967,10483.532922297207,2019-07-22T16:02:14Z,46.24116667,13.25633333,978.00,13.624
15333,5,2078,13635.195371842967,10484.532922297207,2019-07-22T16:02:15Z,46.24111667,13.25655000,979.00,13.642
15334,5,2079,13636.195371842967,10485.532922297207,2019-07-22T16:02:16Z,46.24103333,13.25675000,978.00,13.659
15335,5,2080,13637.195371842967,10486.532922297207,2019-07-22T16:02:17Z,46.24090000,13.25688333,977.00,13.675
15336,5,2081,13638.195371842967,10487.532922297207,2019-07-22T16:02:18Z,46.24075000,13.25693333,977.00,13.685
15337,5,2082,13639.195371842967,10488.532922297207,2019-07-22T16:02:19Z,46.24060000,13.25690000,976.00,13.689
15338,5,2083,13640.195371842967,10489.532922297207,2019-07-22T16:02:20Z,46.24050000,13.25680000,976.00,13.686
15339,5,2084,13641.195371842967,10490.532922297207,2019-07-22T16:02:21Z,46.24038333,13.25671667,977.00,13.685
15340,5,2085,13642.195371842967,10491.532922297207,2019-07-22T16:02:22Z,46.24030000,13.25660000,977.00,13.681
15341,5,2086,13643.195371842967,10492.532922297207,2019-07-22T16:02:23Z,46.24023333,13.25646667,978.00,13.674
15342,5,2087,13644.195371842967,10493.532922297207,2019-07-22T16:02:24Z,46.24018333,13.25635000,980.00,13.668
15343,5,2088,13645.195371842967,10494.532922297207,2019-07-22T16:02:25Z,46.24013333,13.25620000,981.00,13.66
15344,5,2089,13646.195371842967,10495.532922297207,2019-07-22T16:02:26Z,46.24011667,13.25606667,981.00,13.651
15345,5,2090,13647.195371842967,10496.532922297207,2019-07-22T16:02:27Z,46.24013333,13.25591667,980.00,13.64
15346,5,2091,13648.195371842967,10497.532922297207,2019-07-22T16:02:28Z,46.24011667,13.25575000,979.00,13.629
15347,5,2092,13649.195371842967,10498.532922297207,2019-07-22T16:02:29Z,46.24011667,13.25558333,979.00,13.617
15348,5,2093,13650.195371842967,10499.532922297207,2019-07-22T16:02:30Z,46.24011667,13.25541667,979.00,13.605
15349,5,2094,13651.195371842967,10500.532922297207,2019-07-22T16:02:31Z,46.24011667,13.25525000,979.00,13.594
15350,5,2095,13652.195371842967,10501.532922297207,2019-07-22T16:02:32Z,46.24010000,13.25510000,980.00,13.584
15351,5,2096,13653.195371842967,10502.532922297207,2019-07-22T16:02:33Z,46.24008333,13.25496667,981.00,13.575
15352,5,2097,13654.195371842967,10503.532922297207,2019-07-22T16:02:34Z,46.24006667,13.25483333,981.00,13.566
15353,5,2098,13655.195371842967,10504.532922297207,2019-07-22T16:02:35Z,46.24003333,13.25470000,980.00,13.559
15354,5,2099,13656.195371842967,10505.532922297207,2019-07-22T16:02:36Z,46.24001667,13.25456667,979.00,13.55
15355,5,2100,13657.195371842967,10506.532922297207,2019-07-22T16:02:37Z,46.24000000,13.25443333,980.00,13.541
15356,5,2101,13658.195371842967,10507.532922297207,2019-07-22T16:02:38Z,46.23998333,13.25428333,980.00,13.531
15357,5,2102,13659.195371842967,10508.532922297207,2019-07-22T16:02:39Z,46.23996667,13.25413333,979.00,13.522
15358,5,2103,13660.195371842967,10509.532922297207,2019-07-22T16:02:40Z,46.23996667,13.25396667,977.00,13.51
15359,5,2104,13661.195371842967,10510.532922297207,2019-07-22T16:02:41Z,46.23995000,13.25381667,975.00,13.5
15360,5,2105,13662.195371842967,10511.532922297207,2019-07-22T16:02:42Z,46.23993333,13.25365000,975.00,13.489
15361,5,2106,13663.195371842967,10512.532922297207,2019-07-22T16:02:43Z,46.23991667,13.25348333,974.00,13.478
15362,5,2107,13664.195371842967,10513.532922297207,2019-07-22T16:02:44Z,46.23990000,13.25331667,971.00,13.467
15363,5,2108,13665.195371842967,10514.532922297207,2019-07-22T16:02:45Z,46.23988333,13.25313333,972.00,13.455
15364,5,2109,13666.195371842967,10515.532922297207,2019-07-22T16:02:46Z,46.23985000,13.25296667,972.00,13.445
15365,5,2110,13667.195371842967,10516.532922297207,2019-07-22T16:02:47Z,46.23983333,13.25280000,971.00,13.434
15366,5,2111,13668.195371842967,10517.532922297207,2019-07-22T16:02:48Z,46.23981667,13.25261667,971.00,13.422
15367,5,2112,13669.195371842967,10518.532922297207,2019-07-22T16:02:49Z,46.23978333,13.25243333,970.00,13.41
15368,5,2113,13670.195371842967,10519.532922297207,2019-07-22T16:02:50Z,46.23975000,13.25226667,971.00,13.4
15369,5,2114,13671.195371842967,10520.532922297207,2019-07-22T16:02:51Z,46.23970000,13.25210000,971.00,13.391
15370,5,2115,13672.195371842967,10521.532922297207,2019-07-22T16:02:52Z,46.23965000,13.25195000,969.00,13.383
15371,5,2116,13673.195371842967,10522.532922297207,2019-07-22T16:02:53Z,46.23960000,13.25178333,968.00,13.373
15372,5,2117,13674.195371842967,10523.532922297207,2019-07-22T16:02:54Z,46.23955000,13.25163333,969.00,13.365
15373,5,2118,13675.195371842967,10524.532922297207,2019-07-22T16:02:55Z,46.23953333,13.25145000,968.00,13.353
15374,5,2119,13676.195371842967,10525.532922297207,2019-07-22T16:02:56Z,46.23953333,13.25128333,969.00,13.341
15375,5,2120,13677.195371842967,10526.532922297207,2019-07-22T16:02:57Z,46.23953333,13.25111667,969.00,13.33
15376,5,2121,13678.195371842967,10527.532922297207,2019-07-22T16:02:58Z,46.23953333,13.25095000,969.00,13.318
15377,5,2122,13679.195371842967,10528.532922297207,2019-07-22T16:02:59Z,46.23953333,13.25080000,970.00,13.307
15378,5,2123,13680.195371842967,10529.532922297207,2019-07-22T16:03:00Z,46.23953333,13.25065000,971.00,13.297
15379,5,2124,13681.195371842967,10530.532922297207,2019-07-22T16:03:01Z,46.23953333,13.25050000,971.00,13.286
15380,5,2125,13682.195371842967,10531.532922297207,2019-07-22T16:03:02Z,46.23953333,13.25035000,970.00,13.276
15381,5,2126,13683.195371842967,10532.532922297207,2019-07-22T16:03:03Z,46.23951667,13.25020000,966.00,13.266
15382,5,2127,13684.195371842967,10533.532922297207,2019-07-22T16:03:04Z,46.23950000,13.25003333,964.00,13.255
15383,5,2128,13685.195371842967,10534.532922297207,2019-07-22T16:03:05Z,46.23950000,13.24986667,963.00,13.244
15384,5,2129,13686.195371842967,10535.532922297207,2019-07-22T16:03:06Z,46.23948333,13.24968333,964.00,13.232
15385,5,2130,13687.195371842967,10536.532922297207,2019-07-22T16:03:07Z,46.23946667,13.24951667,965.00,13.221
15386,5,2131,13688.195371842967,10537.532922297207,2019-07-22T16:03:08Z,46.23946667,13.24935000,965.00,13.209
15387,5,2132,13689.195371842967,10538.532922297207,2019-07-22T16:03:09Z,46.23945000,13.24918333,965.00,13.198
15388,5,2133,13690.195371842967,10539.532922297207,2019-07-22T16:03:10Z,46.23945000,13.24901667,964.00,13.187
15389,5,2134,13691.195371842967,10540.532922297207,2019-07-22T16:03:11Z,46.23943333,13.24886667,964.00,13.177
15390,5,2135,13692.195371842967,10541.532922297207,2019-07-22T16:03:12Z,46.23943333,13.24870000,964.00,13.165
15391,5,2136,13693.195371842967,10542.532922297207,2019-07-22T16:03:13Z,46.23943333,13.24853333,963.00,13.154
15392,5,2137,13694.195371842967,10543.532922297207,2019-07-22T16:03:14Z,46.23943333,13.24836667,962.00,13.142
15393,5,2138,13695.195371842967,10544.532922297207,2019-07-22T16:03:15Z,46.23941667,13.24821667,961.00,13.132
15394,5,2139,13696.195371842967,10545.532922297207,2019-07-22T16:03:16Z,46.23941667,13.24803333,959.00,13.12
15395,5,2140,13697.195371842967,10546.532922297207,2019-07-22T16:03:17Z,46.23941667,13.24786667,958.00,13.108
15396,5,2141,13698.195371842967,10547.532922297207,2019-07-22T16:03:18Z,46.23941667,13.24768333,957.00,13.095
15397,5,2142,13699.195371842967,10548.532922297207,2019-07-22T16:03:19Z,46.23941667,13.24751667,957.00,13.084
15398,5,2143,13700.195371842967,10549.532922297207,2019-07-22T16:03:20Z,46.23940000,13.24735000,957.00,13.073
15399,5,2144,13701.195371842967,10550.532922297207,2019-07-22T16:03:21Z,46.23938333,13.24718333,956.00,13.062
15400,5,2145,13702.195371842967,10551.532922297207,2019-07-22T16:03:22Z,46.23935000,13.24700000,955.00,13.051
15401,5,2146,13703.195371842967,10552.532922297207,2019-07-22T16:03:23Z,46.23931667,13.24683333,954.00,13.041
15402,5,2147,13704.195371842967,10553.532922297207,2019-07-22T16:03:24Z,46.23928333,13.24665000,953.00,13.03
15403,5,2148,13705.195371842967,10554.532922297207,2019-07-22T16:03:25Z,46.23925000,13.24648333,952.00,13.02
15404,5,2149,13706.195371842967,10555.532922297207,2019-07-22T16:03:26Z,46.23920000,13.24630000,950.00,13.009
15405,5,2150,13707.195371842967,10556.532922297207,2019-07-22T16:03:27Z,46.23916667,13.24613333,948.00,12.999
15406,5,2151,13708.195371842967,10557.532922297207,2019-07-22T16:03:28Z,46.23913333,13.24596667,946.00,12.989
15407,5,2152,13709.195371842967,10558.532922297207,2019-07-22T16:03:29Z,46.23910000,13.24578333,947.00,12.978
15408,5,2153,13710.195371842967,10559.532922297207,2019-07-22T16:03:30Z,46.23906667,13.24561667,947.00,12.968
15409,5,2154,13711.195371842967,10560.532922297207,2019-07-22T16:03:31Z,46.23903333,13.24545000,947.00,12.958
15410,5,2155,13712.195371842967,10561.532922297207,2019-07-22T16:03:32Z,46.23898333,13.24530000,946.00,12.95
15411,5,2156,13713.195371842967,10562.532922297207,2019-07-22T16:03:33Z,46.23895000,13.24513333,946.00,12.94
15412,5,2157,13714.195371842967,10563.532922297207,2019-07-22T16:03:34Z,46.23891667,13.24498333,945.00,12.932
15413,5,2158,13715.195371842967,10564.532922297207,2019-07-22T16:03:35Z,46.23888333,13.24481667,945.00,12.922
15414,5,2159,13716.195371842967,10565.532922297207,2019-07-22T16:03:36Z,46.23885000,13.24466667,945.00,12.913
15415,5,2160,13717.195371842967,10566.532922297207,2019-07-22T16:03:37Z,46.23881667,13.24451667,944.00,12.904
15416,5,2161,13718.195371842967,10567.532922297207,2019-07-22T16:03:38Z,46.23876667,13.24435000,943.00,12.895
15417,5,2162,13719.195371842967,10568.532922297207,2019-07-22T16:03:39Z,46.23873333,13.24418333,942.00,12.885
15418,5,2163,13720.195371842967,10569.532922297207,2019-07-22T16:03:40Z,46.23870000,13.24400000,941.00,12.874
15419,5,2164,13721.195371842967,10570.532922297207,2019-07-22T16:03:41Z,46.23868333,13.24381667,940.00,12.862
15420,5,2165,13722.195371842967,10571.532922297207,2019-07-22T16:03:42Z,46.23866667,13.24363333,938.00,12.85
15421,5,2166,13723.195371842967,10572.532922297207,2019-07-22T16:03:43Z,46.23865000,13.24346667,936.00,12.84
15422,5,2167,13724.195371842967,10573.532922297207,2019-07-22T16:03:44Z,46.23863333,13.24328333,936.00,12.828
15423,5,2168,13725.195371842967,10574.532922297207,2019-07-22T16:03:45Z,46.23861667,13.24311667,937.00,12.817
15424,5,2169,13726.195371842967,10575.532922297207,2019-07-22T16:03:46Z,46.23858333,13.24295000,936.00,12.807
15425,5,2170,13727.195371842967,10576.532922297207,2019-07-22T16:03:47Z,46.23856667,13.24278333,935.00,12.797
15426,5,2171,13728.195371842967,10577.532922297207,2019-07-22T16:03:48Z,46.23855000,13.24263333,934.00,12.787
15427,5,2172,13729.195371842967,10578.532922297207,2019-07-22T16:03:49Z,46.23853333,13.24246667,933.00,12.777
15428,5,2173,13730.195371842967,10579.532922297207,2019-07-22T16:03:50Z,46.23851667,13.24230000,931.00,12.766
15429,5,2174,13731.195371842967,10580.532922297207,2019-07-22T16:03:51Z,46.23850000,13.24213333,930.00,12.755
15430,5,2175,13732.195371842967,10581.532922297207,2019-07-22T16:03:52Z,46.23850000,13.24195000,929.00,12.743
15431,5,2176,13733.195371842967,10582.532922297207,2019-07-22T16:03:53Z,46.23848333,13.24178333,928.00,12.732
15432,5,2177,13734.195371842967,10583.532922297207,2019-07-22T16:03:54Z,46.23848333,13.24161667,925.00,12.72
15433,5,2178,13735.195371842967,10584.532922297207,2019-07-22T16:03:55Z,46.23846667,13.24143333,923.00,12.709
15434,5,2179,13736.195371842967,10585.532922297207,2019-07-22T16:03:56Z,46.23846667,13.24125000,921.00,12.696
15435,5,2180,13737.195371842967,10586.532922297207,2019-07-22T16:03:57Z,46.23846667,13.24106667,921.00,12.684
15436,5,2181,13738.195371842967,10587.532922297207,2019-07-22T16:03:58Z,46.23845000,13.24088333,921.00,12.672
15437,5,2182,13739.195371842967,10588.532922297207,2019-07-22T16:03:59Z,46.23845000,13.24070000,921.00,12.659
15438,5,2183,13740.195371842967,10589.532922297207,2019-07-22T16:04:00Z,46.23845000,13.24053333,920.00,12.648
15439,5,2184,13741.195371842967,10590.532922297207,2019-07-22T16:04:01Z,46.23845000,13.24036667,918.00,12.636
15440,5,2185,13742.195371842967,10591.532922297207,2019-07-22T16:04:02Z,46.23845000,13.24018333,917.00,12.624
15441,5,2186,13743.195371842967,10592.532922297207,2019-07-22T16:04:03Z,46.23845000,13.24001667,916.00,12.612
15442,5,2187,13744.195371842967,10593.532922297207,2019-07-22T16:04:04Z,46.23845000,13.23983333,916.00,12.6
15443,5,2188,13745.195371842967,10594.532922297207,2019-07-22T16:04:05Z,46.23843333,13.23966667,914.00,12.589
15444,5,2189,13746.195371842967,10595.532922297207,2019-07-22T16:04:06Z,46.23843333,13.23950000,913.00,12.578
15445,5,2190,13747.195371842967,10596.532922297207,2019-07-22T16:04:07Z,46.23843333,13.23931667,912.00,12.565
15446,5,2191,13748.195371842967,10597.532922297207,2019-07-22T16:04:08Z,46.23841667,13.23913333,911.00,12.553
15447,5,2192,13749.195371842967,10598.532922297207,2019-07-22T16:04:09Z,46.23841667,13.23895000,909.00,12.541
15448,5,2193,13750.195371842967,10599.532922297207,2019-07-22T16:04:10Z,46.23840000,13.23878333,907.00,12.53
15449,5,2194,13751.195371842967,10600.532922297207,2019-07-22T16:04:11Z,46.23838333,13.23860000,906.00,12.519
15450,5,2195,13752.195371842967,10601.532922297207,2019-07-22T16:04:12Z,46.23836667,13.23841667,905.00,12.507
15451,5,2196,13753.195371842967,10602.532922297207,2019-07-22T16:04:13Z,46.23833333,13.23823333,902.00,12.496
15452,5,2197,13754.195371842967,10603.532922297207,2019-07-22T16:04:14Z,46.23830000,13.23806667,901.00,12.486
15453,5,2198,13755.195371842967,10604.532922297207,2019-07-22T16:04:15Z,46.23826667,13.23788333,899.00,12.476
15454,5,2199,13756.195371842967,10605.532922297207,2019-07-22T16:04:16Z,46.23825000,13.23770000,897.00,12.464
15455,5,2200,13757.195371842967,10606.532922297207,2019-07-22T16:04:17Z,46.23823333,13.23753333,898.00,12.453
15456,5,2201,13758.195371842967,10607.532922297207,2019-07-22T16:04:18Z,46.23820000,13.23735000,899.00,12.443
15457,5,2202,13759.195371842967,10608.532922297207,2019-07-22T16:04:19Z,46.23818333,13.23720000,899.00,12.433
15458,5,2203,13760.195371842967,10609.532922297207,2019-07-22T16:04:20Z,46.23815000,13.23703333,898.00,12.424
15459,5,2204,13761.195371842967,10610.532922297207,2019-07-22T16:04:21Z,46.23813333,13.23688333,897.00,12.414
15460,5,2205,13762.195371842967,10611.532922297207,2019-07-22T16:04:22Z,46.23811667,13.23671667,896.00,12.404
15461,5,2206,13763.195371842967,10612.532922297207,2019-07-22T16:04:23Z,46.23810000,13.23655000,895.00,12.393
15462,5,2207,13764.195371842967,10613.532922297207,2019-07-22T16:04:24Z,46.23808333,13.23638333,895.00,12.383
15463,5,2208,13765.195371842967,10614.532922297207,2019-07-22T16:04:25Z,46.23806667,13.23623333,895.00,12.373
15464,5,2209,13766.195371842967,10615.532922297207,2019-07-22T16:04:26Z,46.23806667,13.23606667,895.00,12.362
15465,5,2210,13767.195371842967,10616.532922297207,2019-07-22T16:04:27Z,46.23805000,13.23590000,895.00,12.351
15466,5,2211,13768.195371842967,10617.532922297207,2019-07-22T16:04:28Z,46.23805000,13.23573333,894.00,12.34
15467,5,2212,13769.195371842967,10618.532922297207,2019-07-22T16:04:29Z,46.23803333,13.23556667,893.00,12.33
15468,5,2213,13770.195371842967,10619.532922297207,2019-07-22T16:04:30Z,46.23803333,13.23540000,892.00,12.318
15469,5,2214,13771.195371842967,10620.532922297207,2019-07-22T16:04:31Z,46.23801667,13.23521667,892.00,12.307
15470,5,2215,13772.195371842967,10621.532922297207,2019-07-22T16:04:32Z,46.23801667,13.23505000,891.00,12.295
15471,5,2216,13773.195371842967,10622.532922297207,2019-07-22T16:04:33Z,46.23800000,13.23486667,891.00,12.284
15472,5,2217,13774.195371842967,10623.532922297207,2019-07-22T16:04:34Z,46.23798333,13.23470000,890.00,12.273
15473,5,2218,13775.195371842967,10624.532922297207,2019-07-22T16:04:35Z,46.23796667,13.23451667,889.00,12.262
15474,5,2219,13776.195371842967,10625.532922297207,2019-07-22T16:04:36Z,46.23796667,13.23435000,888.00,12.251
15475,5,2220,13777.195371842967,10626.532922297207,2019-07-22T16:04:37Z,46.23795000,13.23416667,887.00,12.239
15476,5,2221,13778.195371842967,10627.532922297207,2019-07-22T16:04:38Z,46.23795000,13.23400000,886.00,12.228
15477,5,2222,13779.195371842967,10628.532922297207,2019-07-22T16:04:39Z,46.23793333,13.23381667,885.00,12.216
15478,5,2223,13780.195371842967,10629.532922297207,2019-07-22T16:04:40Z,46.23793333,13.23365000,884.00,12.205
15479,5,2224,13781.195371842967,10630.532922297207,2019-07-22T16:04:41Z,46.23795000,13.23346667,882.00,12.192
15480,5,2225,13782.195371842967,10631.532922297207,2019-07-22T16:04:42Z,46.23796667,13.23331667,880.00,12.181
15481,5,2226,13783.195371842967,10632.532922297207,2019-07-22T16:04:43Z,46.23796667,13.23313333,879.00,12.168
15482,5,2227,13784.195371842967,10633.532922297207,2019-07-22T16:04:44Z,46.23798333,13.23296667,880.00,12.156
15483,5,2228,13785.195371842967,10634.532922297207,2019-07-22T16:04:45Z,46.23798333,13.23278333,880.00,12.144
15484,5,2229,13786.195371842967,10635.532922297207,2019-07-22T16:04:46Z,46.23798333,13.23261667,880.00,12.132
15485,5,2230,13787.195371842967,10636.532922297207,2019-07-22T16:04:47Z,46.23798333,13.23245000,880.00,12.121
15486,5,2231,13788.195371842967,10637.532922297207,2019-07-22T16:04:48Z,46.23798333,13.23226667,879.00,12.109
15487,5,2232,13789.195371842967,10638.532922297207,2019-07-22T16:04:49Z,46.23796667,13.23210000,877.00,12.098
15488,5,2233,13790.195371842967,10639.532922297207,2019-07-22T16:04:50Z,46.23795000,13.23191667,876.00,12.087
15489,5,2234,13791.195371842967,10640.532922297207,2019-07-22T16:04:51Z,46.23795000,13.23175000,875.00,12.076
15490,5,2235,13792.195371842967,10641.532922297207,2019-07-22T16:04:52Z,46.23793333,13.23156667,875.00,12.064
15491,5,2236,13793.195371842967,10642.532922297207,2019-07-22T16:04:53Z,46.23791667,13.23138333,873.00,12.053
15492,5,2237,13794.195371842967,10643.532922297207,2019-07-22T16:04:54Z,46.23791667,13.23120000,872.00,12.04
15493,5,2238,13795.195371842967,10644.532922297207,2019-07-22T16:04:55Z,46.23790000,13.23103333,870.00,12.03
15494,5,2239,13796.195371842967,10645.532922297207,2019-07-22T16:04:56Z,46.23788333,13.23085000,869.00,12.018
15495,5,2240,13797.195371842967,10646.532922297207,2019-07-22T16:04:57Z,46.23788333,13.23066667,868.00,12.006
15496,5,2241,13798.195371842967,10647.532922297207,2019-07-22T16:04:58Z,46.23786667,13.23048333,867.00,11.995
15497,5,2242,13799.195371842967,10648.532922297207,2019-07-22T16:04:59Z,46.23786667,13.23031667,866.00,11.984
15498,5,2243,13800.195371842967,10649.532922297207,2019-07-22T16:05:00Z,46.23785000,13.23013333,865.00,11.972
15499,5,2244,13801.195371842967,10650.532922297207,2019-07-22T16:05:01Z,46.23785000,13.22996667,863.00,11.961
15500,5,2245,13802.195371842967,10651.532922297207,2019-07-22T16:05:02Z,46.23785000,13.22978333,862.00,11.949
15501,5,2246,13803.195371842967,10652.532922297207,2019-07-22T16:05:03Z,46.23785000,13.22961667,860.00,11.937
15502,5,2247,13804.195371842967,10653.532922297207,2019-07-22T16:05:04Z,46.23786667,13.22943333,859.00,11.924
15503,5,2248,13805.195371842967,10654.532922297207,2019-07-22T16:05:05Z,46.23786667,13.22925000,859.00,11.912
15504,5,2249,13806.195371842967,10655.532922297207,2019-07-22T16:05:06Z,46.23788333,13.22906667,858.00,11.899
15505,5,2250,13807.195371842967,10656.532922297207,2019-07-22T16:05:07Z,46.23790000,13.22888333,858.00,11.885
15506,5,2251,13808.195371842967,10657.532922297207,2019-07-22T16:05:08Z,46.23790000,13.22870000,857.00,11.873
15507,5,2252,13809.195371842967,10658.532922297207,2019-07-22T16:05:09Z,46.23790000,13.22851667,856.00,11.861
15508,5,2253,13810.195371842967,10659.532922297207,2019-07-22T16:05:10Z,46.23791667,13.22833333,855.00,11.848
15509,5,2254,13811.195371842967,10660.532922297207,2019-07-22T16:05:11Z,46.23791667,13.22815000,855.00,11.835
15510,5,2255,13812.195371842967,10661.532922297207,2019-07-22T16:05:12Z,46.23791667,13.22796667,854.00,11.823
15511,5,2256,13813.195371842967,10662.532922297207,2019-07-22T16:05:13Z,46.23791667,13.22780000,853.00,11.812
15512,5,2257,13814.195371842967,10663.532922297207,2019-07-22T16:05:14Z,46.23791667,13.22761667,853.00,11.8
15513,5,2258,13815.195371842967,10664.532922297207,2019-07-22T16:05:15Z,46.23791667,13.22743333,852.00,11.787
15514,5,2259,13816.195371842967,10665.532922297207,2019-07-22T16:05:16Z,46.23791667,13.22725000,850.00,11.775
15515,5,2260,13817.195371842967,10666.532922297207,2019-07-22T16:05:17Z,46.23793333,13.22708333,849.00,11.763
15516,5,2261,13818.195371842967,10667.532922297207,2019-07-22T16:05:18Z,46.23795000,13.22690000,850.00,11.75
15517,5,2262,13819.195371842967,10668.532922297207,2019-07-22T16:05:19Z,46.23796667,13.22673333,850.00,11.738
15518,5,2263,13820.195371842967,10669.532922297207,2019-07-22T16:05:20Z,46.23796667,13.22655000,849.00,11.726
15519,5,2264,13821.195371842967,10670.532922297207,2019-07-22T16:05:21Z,46.23798333,13.22638333,848.00,11.714
15520,5,2265,13822.195371842967,10671.532922297207,2019-07-22T16:05:22Z,46.23798333,13.22621667,847.00,11.702
15521,5,2266,13823.195371842967,10672.532922297207,2019-07-22T16:05:23Z,46.23800000,13.22603333,845.00,11.689
15522,5,2267,13824.195371842967,10673.532922297207,2019-07-22T16:05:24Z,46.23801667,13.22586667,845.00,11.677
15523,5,2268,13825.195371842967,10674.532922297207,2019-07-22T16:05:25Z,46.23801667,13.22568333,843.00,11.665
15524,5,2269,13826.195371842967,10675.532922297207,2019-07-22T16:05:26Z,46.23803333,13.22551667,842.00,11.653
15525,5,2270,13827.195371842967,10676.532922297207,2019-07-22T16:05:27Z,46.23805000,13.22535000,841.00,11.641
15526,5,2271,13828.195371842967,10677.532922297207,2019-07-22T16:05:28Z,46.23806667,13.22518333,839.00,11.629
15527,5,2272,13829.195371842967,10678.532922297207,2019-07-22T16:05:29Z,46.23808333,13.22501667,838.00,11.617
15528,5,2273,13830.195371842967,10679.532922297207,2019-07-22T16:05:30Z,46.23810000,13.22485000,837.00,11.605
15529,5,2274,13831.195371842967,10680.532922297207,2019-07-22T16:05:31Z,46.23811667,13.22468333,836.00,11.593
15530,5,2275,13832.195371842967,10681.532922297207,2019-07-22T16:05:32Z,46.23811667,13.22451667,834.00,11.582
15531,5,2276,13833.195371842967,10682.532922297207,2019-07-22T16:05:33Z,46.23813333,13.22435000,833.00,11.57
15532,5,2277,13834.195371842967,10683.532922297207,2019-07-22T16:05:34Z,46.23815000,13.22418333,833.00,11.558
15533,5,2278,13835.195371842967,10684.532922297207,2019-07-22T16:05:35Z,46.23815000,13.22400000,832.00,11.546
15534,5,2279,13836.195371842967,10685.532922297207,2019-07-22T16:05:36Z,46.23816667,13.22383333,831.00,11.534
15535,5,2280,13837.195371842967,10686.532922297207,2019-07-22T16:05:37Z,46.23816667,13.22366667,830.00,11.523
15536,5,2281,13838.195371842967,10687.532922297207,2019-07-22T16:05:38Z,46.23815000,13.22351667,828.00,11.514
15537,5,2282,13839.195371842967,10688.532922297207,2019-07-22T16:05:39Z,46.23813333,13.22335000,827.00,11.503
15538,5,2283,13840.195371842967,10689.532922297207,2019-07-22T16:05:40Z,46.23811667,13.22318333,826.00,11.493
15539,5,2284,13841.195371842967,10690.532922297207,2019-07-22T16:05:41Z,46.23810000,13.22300000,825.00,11.482
15540,5,2285,13842.195371842967,10691.532922297207,2019-07-22T16:05:42Z,46.23808333,13.22283333,824.00,11.472
15541,5,2286,13843.195371842967,10692.532922297207,2019-07-22T16:05:43Z,46.23806667,13.22266667,822.00,11.462
15542,5,2287,13844.195371842967,10693.532922297207,2019-07-22T16:05:44Z,46.23806667,13.22250000,820.00,11.451
15543,5,2288,13845.195371842967,10694.532922297207,2019-07-22T16:05:45Z,46.23806667,13.22233333,820.00,11.44
15544,5,2289,13846.195371842967,10695.532922297207,2019-07-22T16:05:46Z,46.23805000,13.22215000,819.00,11.429
15545,5,2290,13847.195371842967,10696.532922297207,2019-07-22T16:05:47Z,46.23805000,13.22198333,817.00,11.418
15546,5,2291,13848.195371842967,10697.532922297207,2019-07-22T16:05:48Z,46.23806667,13.22180000,815.00,11.405
15547,5,2292,13849.195371842967,10698.532922297207,2019-07-22T16:05:49Z,46.23805000,13.22161667,815.00,11.393
15548,5,2293,13850.195371842967,10699.532922297207,2019-07-22T16:05:50Z,46.23805000,13.22145000,814.00,11.382
15549,5,2294,13851.195371842967,10700.532922297207,2019-07-22T16:05:51Z,46.23805000,13.22128333,813.00,11.371
15550,5,2295,13852.195371842967,10701.532922297207,2019-07-22T16:05:52Z,46.23805000,13.22110000,812.00,11.359
15551,5,2296,13853.195371842967,10702.532922297207,2019-07-22T16:05:53Z,46.23805000,13.22093333,811.00,11.348
15552,5,2297,13854.195371842967,10703.532922297207,2019-07-22T16:05:54Z,46.23803333,13.22076667,809.00,11.338
15553,5,2298,13855.195371842967,10704.532922297207,2019-07-22T16:05:55Z,46.23803333,13.22058333,808.00,11.326
15554,5,2299,13856.195371842967,10705.532922297207,2019-07-22T16:05:56Z,46.23801667,13.22041667,806.00,11.316
15555,5,2300,13857.195371842967,10706.532922297207,2019-07-22T16:05:57Z,46.23801667,13.22023333,804.00,11.304
15556,5,2301,13858.195371842967,10707.532922297207,2019-07-22T16:05:58Z,46.23800000,13.22005000,802.00,11.293
15557,5,2302,13859.195371842967,10708.532922297207,2019-07-22T16:05:59Z,46.23800000,13.21986667,800.00,11.281
15558,5,2303,13860.195371842967,10709.532922297207,2019-07-22T16:06:00Z,46.23798333,13.21970000,799.00,11.271
15559,5,2304,13861.195371842967,10710.532922297207,2019-07-22T16:06:01Z,46.23796667,13.21953333,798.00,11.261
15560,5,2305,13862.195371842967,10711.532922297207,2019-07-22T16:06:02Z,46.23795000,13.21936667,796.00,11.251
15561,5,2306,13863.195371842967,10712.532922297207,2019-07-22T16:06:03Z,46.23793333,13.21920000,795.00,11.241
15562,5,2307,13864.195371842967,10713.532922297207,2019-07-22T16:06:04Z,46.23790000,13.21903333,795.00,11.232
15563,5,2308,13865.195371842967,10714.532922297207,2019-07-22T16:06:05Z,46.23788333,13.21886667,794.00,11.222
15564,5,2309,13866.195371842967,10715.532922297207,2019-07-22T16:06:06Z,46.23788333,13.21870000,793.00,11.211
15565,5,2310,13867.195371842967,10716.532922297207,2019-07-22T16:06:07Z,46.23786667,13.21853333,792.00,11.201
15566,5,2311,13868.195371842967,10717.532922297207,2019-07-22T16:06:08Z,46.23785000,13.21836667,789.00,11.191
15567,5,2312,13869.195371842967,10718.532922297207,2019-07-22T16:06:09Z,46.23785000,13.21820000,787.00,11.18
15568,5,2313,13870.195371842967,10719.532922297207,2019-07-22T16:06:10Z,46.23785000,13.21803333,785.00,11.17
15569,5,2314,13871.195371842967,10720.532922297207,2019-07-22T16:06:11Z,46.23785000,13.21785000,784.00,11.158
15570,5,2315,13872.195371842967,10721.532922297207,2019-07-22T16:06:12Z,46.23785000,13.21766667,783.00,11.146
15571,5,2316,13873.195371842967,10722.532922297207,2019-07-22T16:06:13Z,46.23783333,13.21748333,783.00,11.135
15572,5,2317,13874.195371842967,10723.532922297207,2019-07-22T16:06:14Z,46.23783333,13.21730000,780.00,11.123
15573,5,2318,13875.195371842967,10724.532922297207,2019-07-22T16:06:15Z,46.23781667,13.21713333,779.00,11.113
15574,5,2319,13876.195371842967,10725.532922297207,2019-07-22T16:06:16Z,46.23781667,13.21695000,778.00,11.101
15575,5,2320,13877.195371842967,10726.532922297207,2019-07-22T16:06:17Z,46.23781667,13.21676667,777.00,11.089
15576,5,2321,13878.195371842967,10727.532922297207,2019-07-22T16:06:18Z,46.23780000,13.21660000,776.00,11.079
15577,5,2322,13879.195371842967,10728.532922297207,2019-07-22T16:06:19Z,46.23780000,13.21641667,775.00,11.067
15578,5,2323,13880.195371842967,10729.532922297207,2019-07-22T16:06:20Z,46.23780000,13.21625000,774.00,11.056
15579,5,2324,13881.195371842967,10730.532922297207,2019-07-22T16:06:21Z,46.23780000,13.21606667,773.00,11.044
15580,5,2325,13882.195371842967,10731.532922297207,2019-07-22T16:06:22Z,46.23780000,13.21590000,771.00,11.033
15581,5,2326,13883.195371842967,10732.532922297207,2019-07-22T16:06:23Z,46.23780000,13.21571667,770.00,11.022
15582,5,2327,13884.195371842967,10733.532922297207,2019-07-22T16:06:24Z,46.23780000,13.21553333,769.00,11.01
15583,5,2328,13885.195371842967,10734.532922297207,2019-07-22T16:06:25Z,46.23781667,13.21536667,767.00,10.998
15584,5,2329,13886.195371842967,10735.532922297207,2019-07-22T16:06:26Z,46.23781667,13.21518333,765.00,10.986
15585,5,2330,13887.195371842967,10736.532922297207,2019-07-22T16:06:27Z,46.23781667,13.21501667,764.00,10.975
15586,5,2331,13888.195371842967,10737.532922297207,2019-07-22T16:06:28Z,46.23781667,13.21485000,763.00,10.964
15587,5,2332,13889.195371842967,10738.532922297207,2019-07-22T16:06:29Z,46.23781667,13.21468333,762.00,10.954
15588,5,2333,13890.195371842967,10739.532922297207,2019-07-22T16:06:30Z,46.23781667,13.21450000,761.00,10.942
15589,5,2334,13891.195371842967,10740.532922297207,2019-07-22T16:06:31Z,46.23781667,13.21433333,759.00,10.931
15590,5,2335,13892.195371842967,10741.532922297207,2019-07-22T16:06:32Z,46.23781667,13.21416667,757.00,10.92
15591,5,2336,13893.195371842967,10742.532922297207,2019-07-22T16:06:33Z,46.23781667,13.21398333,756.00,10.908
15592,5,2337,13894.195371842967,10743.532922297207,2019-07-22T16:06:34Z,46.23781667,13.21381667,753.00,10.898
15593,5,2338,13895.195371842967,10744.532922297207,2019-07-22T16:06:35Z,46.23780000,13.21363333,751.00,10.887
15594,5,2339,13896.195371842967,10745.532922297207,2019-07-22T16:06:36Z,46.23780000,13.21346667,750.00,10.876
15595,5,2340,13897.195371842967,10746.532922297207,2019-07-22T16:06:37Z,46.23780000,13.21328333,749.00,10.864
15596,5,2341,13898.195371842967,10747.532922297207,2019-07-22T16:06:38Z,46.23781667,13.21310000,746.00,10.851
15597,5,2342,13899.195371842967,10748.532922297207,2019-07-22T16:06:39Z,46.23781667,13.21291667,744.00,10.84
15598,5,2343,13900.195371842967,10749.532922297207,2019-07-22T16:06:40Z,46.23783333,13.21273333,741.00,10.827
15599,5,2344,13901.195371842967,10750.532922297207,2019-07-22T16:06:41Z,46.23783333,13.21255000,739.00,10.815
15600,5,2345,13902.195371842967,10751.532922297207,2019-07-22T16:06:42Z,46.23785000,13.21236667,736.00,10.802
15601,5,2346,13903.195371842967,10752.532922297207,2019-07-22T16:06:43Z,46.23785000,13.21218333,734.00,10.79
15602,5,2347,13904.195371842967,10753.532922297207,2019-07-22T16:06:44Z,46.23785000,13.21200000,733.00,10.779
15603,5,2348,13905.195371842967,10754.532922297207,2019-07-22T16:06:45Z,46.23786667,13.21180000,729.00,10.765
15604,5,2349,13906.195371842967,10755.532922297207,2019-07-22T16:06:46Z,46.23786667,13.21161667,728.00,10.753
15605,5,2350,13907.195371842967,10756.532922297207,2019-07-22T16:06:47Z,46.23788333,13.21143333,727.00,10.74
15606,5,2351,13908.195371842967,10757.532922297207,2019-07-22T16:06:48Z,46.23790000,13.21125000,724.00,10.727
15607,5,2352,13909.195371842967,10758.532922297207,2019-07-22T16:06:49Z,46.23791667,13.21106667,724.00,10.715
15608,5,2353,13910.195371842967,10759.532922297207,2019-07-22T16:06:50Z,46.23793333,13.21088333,722.00,10.702
15609,5,2354,13911.195371842967,10760.532922297207,2019-07-22T16:06:51Z,46.23793333,13.21070000,720.00,10.69
15610,5,2355,13912.195371842967,10761.532922297207,2019-07-22T16:06:52Z,46.23795000,13.21051667,719.00,10.677
15611,5,2356,13913.195371842967,10762.532922297207,2019-07-22T16:06:53Z,46.23795000,13.21033333,718.00,10.666
15612,5,2357,13914.195371842967,10763.532922297207,2019-07-22T16:06:54Z,46.23796667,13.21015000,716.00,10.653
15613,5,2358,13915.195371842967,10764.532922297207,2019-07-22T16:06:55Z,46.23798333,13.20996667,714.00,10.64
15614,5,2359,13916.195371842967,10765.532922297207,2019-07-22T16:06:56Z,46.23798333,13.20980000,712.00,10.629
15615,5,2360,13917.195371842967,10766.532922297207,2019-07-22T16:06:57Z,46.23800000,13.20961667,710.00,10.617
15616,5,2361,13918.195371842967,10767.532922297207,2019-07-22T16:06:58Z,46.23800000,13.20945000,707.00,10.606
15617,5,2362,13919.195371842967,10768.532922297207,2019-07-22T16:06:59Z,46.23801667,13.20926667,704.00,10.593
15618,5,2363,13920.195371842967,10769.532922297207,2019-07-22T16:07:00Z,46.23801667,13.20910000,702.00,10.583
15619,5,2364,13921.195371842967,10770.532922297207,2019-07-22T16:07:01Z,46.23803333,13.20891667,700.00,10.57
15620,5,2365,13922.195371842967,10771.532922297207,2019-07-22T16:07:02Z,46.23803333,13.20875000,697.00,10.559
15621,5,2366,13923.195371842967,10772.532922297207,2019-07-22T16:07:03Z,46.23803333,13.20856667,696.00,10.548
15622,5,2367,13924.195371842967,10773.532922297207,2019-07-22T16:07:04Z,46.23805000,13.20838333,693.00,10.535
15623,5,2368,13925.195371842967,10774.532922297207,2019-07-22T16:07:05Z,46.23805000,13.20820000,689.00,10.523
15624,5,2369,13926.195371842967,10775.532922297207,2019-07-22T16:07:06Z,46.23805000,13.20801667,686.00,10.512
15625,5,2370,13927.195371842967,10776.532922297207,2019-07-22T16:07:07Z,46.23805000,13.20783333,684.00,10.5
15626,5,2371,13928.195371842967,10777.532922297207,2019-07-22T16:07:08Z,46.23806667,13.20765000,684.00,10.487
15627,5,2372,13929.195371842967,10778.532922297207,2019-07-22T16:07:09Z,46.23806667,13.20746667,682.00,10.476
15628,5,2373,13930.195371842967,10779.532922297207,2019-07-22T16:07:10Z,46.23806667,13.20730000,679.00,10.465
15629,5,2374,13931.195371842967,10780.532922297207,2019-07-22T16:07:11Z,46.23806667,13.20711667,679.00,10.454
15630,5,2375,13932.195371842967,10781.532922297207,2019-07-22T16:07:12Z,46.23808333,13.20695000,678.00,10.442
15631,5,2376,13933.195371842967,10782.532922297207,2019-07-22T16:07:13Z,46.23808333,13.20676667,674.00,10.43
15632,5,2377,13934.195371842967,10783.532922297207,2019-07-22T16:07:14Z,46.23810000,13.20658333,671.00,10.418
15633,5,2378,13935.195371842967,10784.532922297207,2019-07-22T16:07:15Z,46.23810000,13.20641667,670.00,10.407
15634,5,2379,13936.195371842967,10785.532922297207,2019-07-22T16:07:16Z,46.23810000,13.20623333,669.00,10.396
15635,5,2380,13937.195371842967,10786.532922297207,2019-07-22T16:07:17Z,46.23811667,13.20606667,667.00,10.384
15636,5,2381,13938.195371842967,10787.532922297207,2019-07-22T16:07:18Z,46.23813333,13.20588333,666.00,10.371
15637,5,2382,13939.195371842967,10788.532922297207,2019-07-22T16:07:19Z,46.23815000,13.20570000,664.00,10.359
15638,5,2383,13940.195371842967,10789.532922297207,2019-07-22T16:07:20Z,46.23818333,13.20553333,663.00,10.346
15639,5,2384,13941.195371842967,10790.532922297207,2019-07-22T16:07:21Z,46.23820000,13.20535000,661.00,10.334
15640,5,2385,13942.195371842967,10791.532922297207,2019-07-22T16:07:22Z,46.23823333,13.20516667,660.00,10.32
15641,5,2386,13943.195371842967,10792.532922297207,2019-07-22T16:07:23Z,46.23826667,13.20500000,659.00,10.307
15642,5,2387,13944.195371842967,10793.532922297207,2019-07-22T16:07:24Z,46.23830000,13.20481667,657.00,10.294
15643,5,2388,13945.195371842967,10794.532922297207,2019-07-22T16:07:25Z,46.23833333,13.20463333,655.00,10.28
15644,5,2389,13946.195371842967,10795.532922297207,2019-07-22T16:07:26Z,46.23836667,13.20446667,653.00,10.267
15645,5,2390,13947.195371842967,10796.532922297207,2019-07-22T16:07:27Z,46.23840000,13.20428333,652.00,10.254
15646,5,2391,13948.195371842967,10797.532922297207,2019-07-22T16:07:28Z,46.23843333,13.20411667,651.00,10.241
15647,5,2392,13949.195371842967,10798.532922297207,2019-07-22T16:07:29Z,46.23846667,13.20396667,650.00,10.229
15648,5,2393,13950.195371842967,10799.532922297207,2019-07-22T16:07:30Z,46.23851667,13.20381667,649.00,10.217
15649,5,2394,13951.195371842967,10800.532922297207,2019-07-22T16:07:31Z,46.23855000,13.20366667,648.00,10.205
15650,5,2395,13952.195371842967,10801.532922297207,2019-07-22T16:07:32Z,46.23858333,13.20350000,645.00,10.193
15651,5,2396,13953.195371842967,10802.532922297207,2019-07-22T16:07:33Z,46.23860000,13.20331667,643.00,10.18
15652,5,2397,13954.195371842967,10803.532922297207,2019-07-22T16:07:34Z,46.23863333,13.20313333,641.00,10.166
15653,5,2398,13955.195371842967,10804.532922297207,2019-07-22T16:07:35Z,46.23866667,13.20295000,638.00,10.153
15654,5,2399,13956.195371842967,10805.532922297207,2019-07-22T16:07:36Z,46.23868333,13.20276667,638.00,10.14
15655,5,2400,13957.195371842967,10806.532922297207,2019-07-22T16:07:37Z,46.23870000,13.20258333,637.00,10.128
15656,5,2401,13958.195371842967,10807.532922297207,2019-07-22T16:07:38Z,46.23873333,13.20240000,634.00,10.114
15657,5,2402,13959.195371842967,10808.532922297207,2019-07-22T16:07:39Z,46.23875000,13.20221667,634.00,10.101
15658,5,2403,13960.195371842967,10809.532922297207,2019-07-22T16:07:40Z,46.23878333,13.20205000,633.00,10.089
15659,5,2404,13961.195371842967,10810.532922297207,2019-07-22T16:07:41Z,46.23880000,13.20186667,632.00,10.076
15660,5,2405,13962.195371842967,10811.532922297207,2019-07-22T16:07:42Z,46.23881667,13.20170000,629.00,10.065
15661,5,2406,13963.195371842967,10812.532922297207,2019-07-22T16:07:43Z,46.23885000,13.20151667,626.00,10.051
15662,5,2407,13964.195371842967,10813.532922297207,2019-07-22T16:07:44Z,46.23886667,13.20133333,623.00,10.039
15663,5,2408,13965.195371842967,10814.532922297207,2019-07-22T16:07:45Z,46.23888333,13.20115000,622.00,10.026
15664,5,2409,13966.195371842967,10815.532922297207,2019-07-22T16:07:46Z,46.23888333,13.20096667,620.00,10.015
15665,5,2410,13967.195371842967,10816.532922297207,2019-07-22T16:07:47Z,46.23890000,13.20078333,620.00,10.002
15666,5,2411,13968.195371842967,10817.532922297207,2019-07-22T16:07:48Z,46.23891667,13.20060000,618.00,9.99
15667,5,2412,13969.195371842967,10818.532922297207,2019-07-22T16:07:49Z,46.23893333,13.20041667,616.00,9.977
15668,5,2413,13970.195371842967,10819.532922297207,2019-07-22T16:07:50Z,46.23896667,13.20023333,615.00,9.964
15669,5,2414,13971.195371842967,10820.532922297207,2019-07-22T16:07:51Z,46.23898333,13.20006667,612.00,9.952
15670,5,2415,13972.195371842967,10821.532922297207,2019-07-22T16:07:52Z,46.23901667,13.19990000,610.00,9.94
15671,5,2416,13973.195371842967,10822.532922297207,2019-07-22T16:07:53Z,46.23903333,13.19973333,608.00,9.928
15672,5,2417,13974.195371842967,10823.532922297207,2019-07-22T16:07:54Z,46.23906667,13.19956667,608.00,9.916
15673,5,2418,13975.195371842967,10824.532922297207,2019-07-22T16:07:55Z,46.23908333,13.19940000,607.00,9.904
15674,5,2419,13976.195371842967,10825.532922297207,2019-07-22T16:07:56Z,46.23911667,13.19921667,606.00,9.891
15675,5,2420,13977.195371842967,10826.532922297207,2019-07-22T16:07:57Z,46.23913333,13.19903333,604.00,9.878
15676,5,2421,13978.195371842967,10827.532922297207,2019-07-22T16:07:58Z,46.23915000,13.19885000,603.00,9.866
15677,5,2422,13979.195371842967,10828.532922297207,2019-07-22T16:07:59Z,46.23918333,13.19868333,601.00,9.853
15678,5,2423,13980.195371842967,10829.532922297207,2019-07-22T16:08:00Z,46.23918333,13.19850000,600.00,9.842
15679,5,2424,13981.195371842967,10830.532922297207,2019-07-22T16:08:01Z,46.23921667,13.19831667,597.00,9.828
15680,5,2425,13982.195371842967,10831.532922297207,2019-07-22T16:08:02Z,46.23923333,13.19815000,596.00,9.817
15681,5,2426,13983.195371842967,10832.532922297207,2019-07-22T16:08:03Z,46.23925000,13.19800000,595.00,9.807
15682,5,2427,13984.195371842967,10833.532922297207,2019-07-22T16:08:04Z,46.23926667,13.19783333,594.00,9.795
15683,5,2428,13985.195371842967,10834.532922297207,2019-07-22T16:08:05Z,46.23930000,13.19765000,594.00,9.782
15684,5,2429,13986.195371842967,10835.532922297207,2019-07-22T16:08:06Z,46.23931667,13.19746667,592.00,9.769
15685,5,2430,13987.195371842967,10836.532922297207,2019-07-22T16:08:07Z,46.23933333,13.19728333,590.00,9.757
15686,5,2431,13988.195371842967,10837.532922297207,2019-07-22T16:08:08Z,46.23936667,13.19710000,590.00,9.743
15687,5,2432,13989.195371842967,10838.532922297207,2019-07-22T16:08:09Z,46.23938333,13.19693333,589.00,9.732
15688,5,2433,13990.195371842967,10839.532922297207,2019-07-22T16:08:10Z,46.23940000,13.19675000,590.00,9.72
15689,5,2434,13991.195371842967,10840.532922297207,2019-07-22T16:08:11Z,46.23941667,13.19656667,591.00,9.707
15690,5,2435,13992.195371842967,10841.532922297207,2019-07-22T16:08:12Z,46.23943333,13.19638333,591.00,9.695
15691,5,2436,13993.195371842967,10842.532922297207,2019-07-22T16:08:13Z,46.23945000,13.19620000,591.00,9.682
15692,5,2437,13994.195371842967,10843.532922297207,2019-07-22T16:08:14Z,46.23946667,13.19605000,590.00,9.672
15693,5,2438,13995.195371842967,10844.532922297207,2019-07-22T16:08:15Z,46.23950000,13.19588333,590.00,9.66
15694,5,2439,13996.195371842967,10845.532922297207,2019-07-22T16:08:16Z,46.23951667,13.19573333,588.00,9.649
15695,5,2440,13997.195371842967,10846.532922297207,2019-07-22T16:08:17Z,46.23951667,13.19558333,586.00,9.64
15696,5,2441,13998.195371842967,10847.532922297207,2019-07-22T16:08:18Z,46.23953333,13.19543333,584.00,9.63
15697,5,2442,13999.195371842967,10848.532922297207,2019-07-22T16:08:19Z,46.23955000,13.19526667,582.00,9.618
15698,5,2443,14000.195371842967,10849.532922297207,2019-07-22T16:08:20Z,46.23956667,13.19510000,580.00,9.607
15699,5,2444,14001.195371842967,10850.532922297207,2019-07-22T16:08:21Z,46.23958333,13.19493333,578.00,9.596
15700,5,2445,14002.195371842967,10851.532922297207,2019-07-22T16:08:22Z,46.23958333,13.19478333,577.00,9.587
15701,5,2446,14003.195371842967,10852.532922297207,2019-07-22T16:08:23Z,46.23958333,13.19463333,575.00,9.577
15702,5,2447,14004.195371842967,10853.532922297207,2019-07-22T16:08:24Z,46.23960000,13.19446667,576.00,9.566
15703,5,2448,14005.195371842967,10854.532922297207,2019-07-22T16:08:25Z,46.23960000,13.19430000,575.00,9.556
15704,5,2449,14006.195371842967,10855.532922297207,2019-07-22T16:08:26Z,46.23960000,13.19413333,573.00,9.546
15705,5,2450,14007.195371842967,10856.532922297207,2019-07-22T16:08:27Z,46.23961667,13.19395000,570.00,9.534
15706,5,2451,14008.195371842967,10857.532922297207,2019-07-22T16:08:28Z,46.23963333,13.19376667,567.00,9.521
15707,5,2452,14009.195371842967,10858.532922297207,2019-07-22T16:08:29Z,46.23963333,13.19356667,566.00,9.509
15708,5,2453,14010.195371842967,10859.532922297207,2019-07-22T16:08:30Z,46.23965000,13.19336667,564.00,9.496
15709,5,2454,14011.195371842967,10860.532922297207,2019-07-22T16:08:31Z,46.23966667,13.19316667,563.00,9.483
15710,5,2455,14012.195371842967,10861.532922297207,2019-07-22T16:08:32Z,46.23968333,13.19298333,561.00,9.47
15711,5,2456,14013.195371842967,10862.532922297207,2019-07-22T16:08:33Z,46.23970000,13.19281667,558.00,9.459
15712,5,2457,14014.195371842967,10863.532922297207,2019-07-22T16:08:34Z,46.23971667,13.19263333,556.00,9.447
15713,5,2458,14015.195371842967,10864.532922297207,2019-07-22T16:08:35Z,46.23971667,13.19245000,556.00,9.436
15714,5,2459,14016.195371842967,10865.532922297207,2019-07-22T16:08:36Z,46.23973333,13.19225000,556.00,9.422
15715,5,2460,14017.195371842967,10866.532922297207,2019-07-22T16:08:37Z,46.23973333,13.19206667,554.00,9.411
15716,5,2461,14018.195371842967,10867.532922297207,2019-07-22T16:08:38Z,46.23971667,13.19188333,552.00,9.401
15717,5,2462,14019.195371842967,10868.532922297207,2019-07-22T16:08:39Z,46.23971667,13.19170000,550.00,9.39
15718,5,2463,14020.195371842967,10869.532922297207,2019-07-22T16:08:40Z,46.23971667,13.19151667,549.00,9.379
15719,5,2464,14021.195371842967,10870.532922297207,2019-07-22T16:08:41Z,46.23971667,13.19133333,547.00,9.368
15720,5,2465,14022.195371842967,10871.532922297207,2019-07-22T16:08:42Z,46.23970000,13.19116667,545.00,9.36
15721,5,2466,14023.195371842967,10872.532922297207,2019-07-22T16:08:43Z,46.23970000,13.19098333,544.00,9.348
15722,5,2467,14024.195371842967,10873.532922297207,2019-07-22T16:08:44Z,46.23970000,13.19080000,542.00,9.337
15723,5,2468,14025.195371842967,10874.532922297207,2019-07-22T16:08:45Z,46.23968333,13.19060000,540.00,9.327
15724,5,2469,14026.195371842967,10875.532922297207,2019-07-22T16:08:46Z,46.23966667,13.19040000,537.00,9.316
15725,5,2470,14027.195371842967,10876.532922297207,2019-07-22T16:08:47Z,46.23965000,13.19018333,534.00,9.304
15726,5,2471,14028.195371842967,10877.532922297207,2019-07-22T16:08:48Z,46.23965000,13.19000000,532.00,9.293
15727,5,2472,14029.195371842967,10878.532922297207,2019-07-22T16:08:49Z,46.23965000,13.18980000,530.00,9.281
15728,5,2473,14030.195371842967,10879.532922297207,2019-07-22T16:08:50Z,46.23965000,13.18960000,530.00,9.269
15729,5,2474,14031.195371842967,10880.532922297207,2019-07-22T16:08:51Z,46.23963333,13.18940000,531.00,9.259
15730,5,2475,14032.195371842967,10881.532922297207,2019-07-22T16:08:52Z,46.23961667,13.18921667,530.00,9.249
15731,5,2476,14033.195371842967,10882.532922297207,2019-07-22T16:08:53Z,46.23960000,13.18901667,528.00,9.238
15732,5,2477,14034.195371842967,10883.532922297207,2019-07-22T16:08:54Z,46.23958333,13.18883333,528.00,9.228
15733,5,2478,14035.195371842967,10884.532922297207,2019-07-22T16:08:55Z,46.23955000,13.18865000,528.00,9.22
15734,5,2479,14036.195371842967,10885.532922297207,2019-07-22T16:08:56Z,46.23953333,13.18848333,529.00,9.211
15735,5,2480,14037.195371842967,10886.532922297207,2019-07-22T16:08:57Z,46.23950000,13.18831667,528.00,9.204
15736,5,2481,14038.195371842967,10887.532922297207,2019-07-22T16:08:58Z,46.23948333,13.18813333,526.00,9.194
15737,5,2482,14039.195371842967,10888.532922297207,2019-07-22T16:08:59Z,46.23946667,13.18795000,524.00,9.184
15738,5,2483,14040.195371842967,10889.532922297207,2019-07-22T16:09:00Z,46.23945000,13.18776667,523.00,9.175
15739,5,2484,14041.195371842967,10890.532922297207,2019-07-22T16:09:01Z,46.23943333,13.18758333,521.00,9.165
15740,5,2485,14042.195371842967,10891.532922297207,2019-07-22T16:09:02Z,46.23941667,13.18740000,520.00,9.156
15741,5,2486,14043.195371842967,10892.532922297207,2019-07-22T16:09:03Z,46.23940000,13.18721667,519.00,9.146
15742,5,2487,14044.195371842967,10893.532922297207,2019-07-22T16:09:04Z,46.23938333,13.18703333,517.00,9.137
15743,5,2488,14045.195371842967,10894.532922297207,2019-07-22T16:09:05Z,46.23936667,13.18685000,517.00,9.127
15744,5,2489,14046.195371842967,10895.532922297207,2019-07-22T16:09:06Z,46.23935000,13.18666667,516.00,9.117
15745,5,2490,14047.195371842967,10896.532922297207,2019-07-22T16:09:07Z,46.23933333,13.18648333,517.00,9.108
15746,5,2491,14048.195371842967,10897.532922297207,2019-07-22T16:09:08Z,46.23931667,13.18631667,517.00,9.099
15747,5,2492,14049.195371842967,10898.532922297207,2019-07-22T16:09:09Z,46.23930000,13.18613333,516.00,9.09
15748,5,2493,14050.195371842967,10899.532922297207,2019-07-22T16:09:10Z,46.23928333,13.18595000,516.00,9.081
15749,5,2494,14051.195371842967,10900.532922297207,2019-07-22T16:09:11Z,46.23928333,13.18576667,517.00,9.07
15750,5,2495,14052.195371842967,10901.532922297207,2019-07-22T16:09:12Z,46.23928333,13.18560000,517.00,9.06
15751,5,2496,14053.195371842967,10902.532922297207,2019-07-22T16:09:13Z,46.23928333,13.18540000,515.00,9.049
15752,5,2497,14054.195371842967,10903.532922297207,2019-07-22T16:09:14Z,46.23930000,13.18521667,515.00,9.037
15753,5,2498,14055.195371842967,10904.532922297207,2019-07-22T16:09:15Z,46.23931667,13.18501667,514.00,9.024
15754,5,2499,14056.195371842967,10905.532922297207,2019-07-22T16:09:16Z,46.23933333,13.18483333,513.00,9.012
15755,5,2500,14057.195371842967,10906.532922297207,2019-07-22T16:09:17Z,46.23936667,13.18465000,514.00,8.999
15756,5,2501,14058.195371842967,10907.532922297207,2019-07-22T16:09:18Z,46.23936667,13.18446667,514.00,8.988
15757,5,2502,14059.195371842967,10908.532922297207,2019-07-22T16:09:19Z,46.23938333,13.18430000,514.00,8.978
15758,5,2503,14060.195371842967,10909.532922297207,2019-07-22T16:09:20Z,46.23938333,13.18411667,514.00,8.967
15759,5,2504,14061.195371842967,10910.532922297207,2019-07-22T16:09:21Z,46.23938333,13.18395000,514.00,8.958
15760,5,2505,14062.195371842967,10911.532922297207,2019-07-22T16:09:22Z,46.23940000,13.18376667,514.00,8.946
15761,5,2506,14063.195371842967,10912.532922297207,2019-07-22T16:09:23Z,46.23940000,13.18358333,514.00,8.935
15762,5,2507,14064.195371842967,10913.532922297207,2019-07-22T16:09:24Z,46.23940000,13.18340000,514.00,8.925
15763,5,2508,14065.195371842967,10914.532922297207,2019-07-22T16:09:25Z,46.23940000,13.18321667,514.00,8.914
15764,5,2509,14066.195371842967,10915.532922297207,2019-07-22T16:09:26Z,46.23941667,13.18303333,514.00,8.902
15765,5,2510,14067.195371842967,10916.532922297207,2019-07-22T16:09:27Z,46.23945000,13.18285000,514.00,8.889
15766,5,2511,14068.195371842967,10917.532922297207,2019-07-22T16:09:28Z,46.23948333,13.18266667,515.00,8.877
15767,5,2512,14069.195371842967,10918.532922297207,2019-07-22T16:09:29Z,46.23953333,13.18248333,515.00,8.862
15768,5,2513,14070.195371842967,10919.532922297207,2019-07-22T16:09:30Z,46.23958333,13.18230000,516.00,8.848
15769,5,2514,14071.195371842967,10920.532922297207,2019-07-22T16:09:31Z,46.23963333,13.18211667,517.00,8.834
15770,5,2515,14072.195371842967,10921.532922297207,2019-07-22T16:09:32Z,46.23968333,13.18193333,518.00,8.82
15771,5,2516,14073.195371842967,10922.532922297207,2019-07-22T16:09:33Z,46.23973333,13.18175000,518.00,8.806
15772,5,2517,14074.195371842967,10923.532922297207,2019-07-22T16:09:34Z,46.23976667,13.18158333,519.00,8.794
15773,5,2518,14075.195371842967,10924.532922297207,2019-07-22T16:09:35Z,46.23980000,13.18141667,520.00,8.782
15774,5,2519,14076.195371842967,10925.532922297207,2019-07-22T16:09:36Z,46.23983333,13.18125000,520.00,8.77
15775,5,2520,14077.195371842967,10926.532922297207,2019-07-22T16:09:37Z,46.23986667,13.18106667,520.00,8.757
15776,5,2521,14078.195371842967,10927.532922297207,2019-07-22T16:09:38Z,46.23988333,13.18090000,519.00,8.746
15777,5,2522,14079.195371842967,10928.532922297207,2019-07-22T16:09:39Z,46.23993333,13.18071667,519.00,8.732
15778,5,2523,14080.195371842967,10929.532922297207,2019-07-22T16:09:40Z,46.23996667,13.18055000,518.00,8.72
15779,5,2524,14081.195371842967,10930.532922297207,2019-07-22T16:09:41Z,46.24001667,13.18040000,518.00,8.708
15780,5,2525,14082.195371842967,10931.532922297207,2019-07-22T16:09:42Z,46.24005000,13.18023333,519.00,8.696
15781,5,2526,14083.195371842967,10932.532922297207,2019-07-22T16:09:43Z,46.24010000,13.18006667,519.00,8.683
15782,5,2527,14084.195371842967,10933.532922297207,2019-07-22T16:09:44Z,46.24013333,13.17990000,519.00,8.671
15783,5,2528,14085.195371842967,10934.532922297207,2019-07-22T16:09:45Z,46.24016667,13.17973333,519.00,8.659
15784,5,2529,14086.195371842967,10935.532922297207,2019-07-22T16:09:46Z,46.24018333,13.17956667,519.00,8.648
15785,5,2530,14087.195371842967,10936.532922297207,2019-07-22T16:09:47Z,46.24021667,13.17940000,519.00,8.636
15786,5,2531,14088.195371842967,10937.532922297207,2019-07-22T16:09:48Z,46.24023333,13.17923333,517.00,8.626
15787,5,2532,14089.195371842967,10938.532922297207,2019-07-22T16:09:49Z,46.24026667,13.17906667,519.00,8.614
15788,5,2533,14090.195371842967,10939.532922297207,2019-07-22T16:09:50Z,46.24028333,13.17888333,518.00,8.602
15789,5,2534,14091.195371842967,10940.532922297207,2019-07-22T16:09:51Z,46.24031667,13.17871667,518.00,8.59
15790,5,2535,14092.195371842967,10941.532922297207,2019-07-22T16:09:52Z,46.24035000,13.17856667,518.00,8.579
15791,5,2536,14093.195371842967,10942.532922297207,2019-07-22T16:09:53Z,46.24038333,13.17840000,517.00,8.567
15792,5,2537,14094.195371842967,10943.532922297207,2019-07-22T16:09:54Z,46.24041667,13.17823333,517.00,8.555
15793,5,2538,14095.195371842967,10944.532922297207,2019-07-22T16:09:55Z,46.24045000,13.17806667,517.00,8.544
15794,5,2539,14096.195371842967,10945.532922297207,2019-07-22T16:09:56Z,46.24046667,13.17788333,518.00,8.532
15795,5,2540,14097.195371842967,10946.532922297207,2019-07-22T16:09:57Z,46.24048333,13.17770000,518.00,8.521
15796,5,2541,14098.195371842967,10947.532922297207,2019-07-22T16:09:58Z,46.24050000,13.17751667,517.00,8.509
15797,5,2542,14099.195371842967,10948.532922297207,2019-07-22T16:09:59Z,46.24050000,13.17733333,517.00,8.499
15798,5,2543,14100.195371842967,10949.532922297207,2019-07-22T16:10:00Z,46.24050000,13.17716667,516.00,8.49
15799,5,2544,14101.195371842967,10950.532922297207,2019-07-22T16:10:01Z,46.24050000,13.17698333,516.00,8.479
15800,5,2545,14102.195371842967,10951.532922297207,2019-07-22T16:10:02Z,46.24050000,13.17681667,517.00,8.47
15801,5,2546,14103.195371842967,10952.532922297207,2019-07-22T16:10:03Z,46.24050000,13.17665000,516.00,8.461
15802,5,2547,14104.195371842967,10953.532922297207,2019-07-22T16:10:04Z,46.24050000,13.17646667,517.00,8.451
15803,5,2548,14105.195371842967,10954.532922297207,2019-07-22T16:10:05Z,46.24050000,13.17630000,517.00,8.442
15804,5,2549,14106.195371842967,10955.532922297207,2019-07-22T16:10:06Z,46.24050000,13.17613333,516.00,8.432
15805,5,2550,14107.195371842967,10956.532922297207,2019-07-22T16:10:07Z,46.24050000,13.17595000,515.00,8.422
15806,5,2551,14108.195371842967,10957.532922297207,2019-07-22T16:10:08Z,46.24050000,13.17578333,515.00,8.413
15807,5,2552,14109.195371842967,10958.532922297207,2019-07-22T16:10:09Z,46.24050000,13.17561667,514.00,8.404
15808,5,2553,14110.195371842967,10959.532922297207,2019-07-22T16:10:10Z,46.24050000,13.17543333,514.00,8.394
15809,5,2554,14111.195371842967,10960.532922297207,2019-07-22T16:10:11Z,46.24050000,13.17526667,514.00,8.385
15810,5,2555,14112.195371842967,10961.532922297207,2019-07-22T16:10:12Z,46.24050000,13.17508333,514.00,8.375
15811,5,2556,14113.195371842967,10962.532922297207,2019-07-22T16:10:13Z,46.24050000,13.17491667,513.00,8.365
15812,5,2557,14114.195371842967,10963.532922297207,2019-07-22T16:10:14Z,46.24048333,13.17475000,513.00,8.358
15813,5,2558,14115.195371842967,10964.532922297207,2019-07-22T16:10:15Z,46.24048333,13.17458333,512.00,8.349
15814,5,2559,14116.195371842967,10965.532922297207,2019-07-22T16:10:16Z,46.24048333,13.17441667,512.00,8.34
15815,5,2560,14117.195371842967,10966.532922297207,2019-07-22T16:10:17Z,46.24048333,13.17425000,511.00,8.33
15816,5,2561,14118.195371842967,10967.532922297207,2019-07-22T16:10:18Z,46.24050000,13.17411667,511.00,8.322
15817,5,2562,14119.195371842967,10968.532922297207,2019-07-22T16:10:19Z,46.24050000,13.17395000,511.00,8.313
15818,5,2563,14120.195371842967,10969.532922297207,2019-07-22T16:10:20Z,46.24048333,13.17378333,510.00,8.305
15819,5,2564,14121.195371842967,10970.532922297207,2019-07-22T16:10:21Z,46.24048333,13.17361667,509.00,8.296
15820,5,2565,14122.195371842967,10971.532922297207,2019-07-22T16:10:22Z,46.24046667,13.17343333,509.00,8.288
15821,5,2566,14123.195371842967,10972.532922297207,2019-07-22T16:10:23Z,46.24048333,13.17326667,509.00,8.277
15822,5,2567,14124.195371842967,10973.532922297207,2019-07-22T16:10:24Z,46.24046667,13.17308333,509.00,8.269
15823,5,2568,14125.195371842967,10974.532922297207,2019-07-22T16:10:25Z,46.24048333,13.17290000,508.00,8.257
15824,5,2569,14126.195371842967,10975.532922297207,2019-07-22T16:10:26Z,46.24051667,13.17275000,508.00,8.247
15825,5,2570,14127.195371842967,10976.532922297207,2019-07-22T16:10:27Z,46.24051667,13.17256667,508.00,8.237
15826,5,2571,14128.195371842967,10977.532922297207,2019-07-22T16:10:28Z,46.24051667,13.17236667,507.00,8.226
15827,5,2572,14129.195371842967,10978.532922297207,2019-07-22T16:10:29Z,46.24048333,13.17218333,507.00,8.219
15828,5,2573,14130.195371842967,10979.532922297207,2019-07-22T16:10:30Z,46.24046667,13.17200000,507.00,8.211
15829,5,2574,14131.195371842967,10980.532922297207,2019-07-22T16:10:31Z,46.24043333,13.17183333,507.00,8.204
15830,5,2575,14132.195371842967,10981.532922297207,2019-07-22T16:10:32Z,46.24038333,13.17165000,507.00,8.199
15831,5,2576,14133.195371842967,10982.532922297207,2019-07-22T16:10:33Z,46.24035000,13.17148333,507.00,8.193
15832,5,2577,14134.195371842967,10983.532922297207,2019-07-22T16:10:34Z,46.24030000,13.17130000,506.00,8.187
15833,5,2578,14135.195371842967,10984.532922297207,2019-07-22T16:10:35Z,46.24026667,13.17113333,505.00,8.181
15834,5,2579,14136.195371842967,10985.532922297207,2019-07-22T16:10:36Z,46.24023333,13.17095000,505.00,8.174
15835,5,2580,14137.195371842967,10986.532922297207,2019-07-22T16:10:37Z,46.24020000,13.17076667,504.00,8.167
15836,5,2581,14138.195371842967,10987.532922297207,2019-07-22T16:10:38Z,46.24020000,13.17056667,504.00,8.156
15837,5,2582,14139.195371842967,10988.532922297207,2019-07-22T16:10:39Z,46.24020000,13.17038333,504.00,8.147
15838,5,2583,14140.195371842967,10989.532922297207,2019-07-22T16:10:40Z,46.24021667,13.17018333,504.00,8.135
15839,5,2584,14141.195371842967,10990.532922297207,2019-07-22T16:10:41Z,46.24018333,13.16998333,504.00,8.127
15840,5,2585,14142.195371842967,10991.532922297207,2019-07-22T16:10:42Z,46.24020000,13.16978333,504.00,8.116
15841,5,2586,14143.195371842967,10992.532922297207,2019-07-22T16:10:43Z,46.24023333,13.16961667,506.00,8.104
15842,5,2587,14144.195371842967,10993.532922297207,2019-07-22T16:10:44Z,46.24028333,13.16945000,507.00,8.091
15843,5,2588,14145.195371842967,10994.532922297207,2019-07-22T16:10:45Z,46.24030000,13.16928333,507.00,8.081
15844,5,2589,14146.195371842967,10995.532922297207,2019-07-22T16:10:46Z,46.24031667,13.16911667,506.00,8.071
15845,5,2590,14147.195371842967,10996.532922297207,2019-07-22T16:10:47Z,46.24035000,13.16895000,507.00,8.06
15846,5,2591,14148.195371842967,10997.532922297207,2019-07-22T16:10:48Z,46.24038333,13.16876667,509.00,8.048
15847,5,2592,14149.195371842967,10998.532922297207,2019-07-22T16:10:49Z,46.24045000,13.16860000,510.00,8.034
15848,5,2593,14150.195371842967,10999.532922297207,2019-07-22T16:10:50Z,46.24058333,13.16848333,512.00,8.017
15849,5,2594,14151.195371842967,11000.532922297207,2019-07-22T16:10:51Z,46.24070000,13.16836667,513.00,8.001
15850,5,2595,14152.195371842967,11001.532922297207,2019-07-22T16:10:52Z,46.24083333,13.16831667,512.00,7.987
15851,5,2596,14153.195371842967,11002.532922297207,2019-07-22T16:10:53Z,46.24098333,13.16835000,512.00,7.977
15852,5,2597,14154.195371842967,11003.532922297207,2019-07-22T16:10:54Z,46.24113333,13.16848333,513.00,7.971
15853,5,2598,14155.195371842967,11004.532922297207,2019-07-22T16:10:55Z,46.24126667,13.16863333,513.00,7.968
15854,5,2599,14156.195371842967,11005.532922297207,2019-07-22T16:10:56Z,46.24131667,13.16881667,513.00,7.974
15855,5,2600,14157.195371842967,11006.532922297207,2019-07-22T16:10:57Z,46.24135000,13.16903333,515.00,7.982
15856,5,2601,14158.195371842967,11007.532922297207,2019-07-22T16:10:58Z,46.24135000,13.16923333,516.00,7.993
15857,5,2602,14159.195371842967,11008.532922297207,2019-07-22T16:10:59Z,46.24133333,13.16941667,518.00,8.004
15858,5,2603,14160.195371842967,11009.532922297207,2019-07-22T16:11:00Z,46.24128333,13.16956667,519.00,8.016
15859,5,2604,14161.195371842967,11010.532922297207,2019-07-22T16:11:01Z,46.24116667,13.16968333,519.00,8.031
15860,5,2605,14162.195371842967,11011.532922297207,2019-07-22T16:11:02Z,46.24106667,13.16978333,519.00,8.045
15861,5,2606,14163.195371842967,11012.532922297207,2019-07-22T16:11:03Z,46.24096667,13.16983333,519.00,8.056
15862,5,2607,14164.195371842967,11013.532922297207,2019-07-22T16:11:04Z,46.24085000,13.16985000,520.00,8.066
15863,5,2608,14165.195371842967,11014.532922297207,2019-07-22T16:11:05Z,46.24071667,13.16981667,523.00,8.075
15864,5,2609,14166.195371842967,11015.532922297207,2019-07-22T16:11:06Z,46.24060000,13.16975000,525.00,8.081
15865,5,2610,14167.195371842967,11016.532922297207,2019-07-22T16:11:07Z,46.24050000,13.16968333,526.00,8.086
15866,5,2611,14168.195371842967,11017.532922297207,2019-07-22T16:11:08Z,46.24040000,13.16958333,527.00,8.089
15867,5,2612,14169.195371842967,11018.532922297207,2019-07-22T16:11:09Z,46.24031667,13.16946667,526.00,8.089
15868,5,2613,14170.195371842967,11019.532922297207,2019-07-22T16:11:10Z,46.24026667,13.16930000,524.00,8.085
15869,5,2614,14171.195371842967,11020.532922297207,2019-07-22T16:11:11Z,46.24025000,13.16910000,522.00,8.076
15870,5,2615,14172.195371842967,11021.532922297207,2019-07-22T16:11:12Z,46.24028333,13.16890000,521.00,8.063
15871,5,2616,14173.195371842967,11022.532922297207,2019-07-22T16:11:13Z,46.24036667,13.16875000,521.00,8.048
15872,5,2617,14174.195371842967,11023.532922297207,2019-07-22T16:11:14Z,46.24051667,13.16865000,522.00,8.031
15873,5,2618,14175.195371842967,11024.532922297207,2019-07-22T16:11:15Z,46.24065000,13.16858333,523.00,8.016
15874,5,2619,14176.195371842967,11025.532922297207,2019-07-22T16:11:16Z,46.24078333,13.16860000,524.00,8.006
15875,5,2620,14177.195371842967,11026.532922297207,2019-07-22T16:11:17Z,46.24091667,13.16866667,524.00,7.999
15876,5,2621,14178.195371842967,11027.532922297207,2019-07-22T16:11:18Z,46.24105000,13.16880000,525.00,7.995
15877,5,2622,14179.195371842967,11028.532922297207,2019-07-22T16:11:19Z,46.24110000,13.16893333,527.00,7.998
15878,5,2623,14180.195371842967,11029.532922297207,2019-07-22T16:11:20Z,46.24115000,13.16908333,529.00,8.001
15879,5,2624,14181.195371842967,11030.532922297207,2019-07-22T16:11:21Z,46.24113333,13.16923333,530.00,8.011
15880,5,2625,14182.195371842967,11031.532922297207,2019-07-22T16:11:22Z,46.24106667,13.16935000,532.00,8.022
15881,5,2626,14183.195371842967,11032.532922297207,2019-07-22T16:11:23Z,46.24096667,13.16940000,534.00,8.033
15882,5,2627,14184.195371842967,11033.532922297207,2019-07-22T16:11:24Z,46.24081667,13.16941667,536.00,8.046
15883,5,2628,14185.195371842967,11034.532922297207,2019-07-22T16:11:25Z,46.24070000,13.16941667,537.00,8.056
15884,5,2629,14186.195371842967,11035.532922297207,2019-07-22T16:11:26Z,46.24060000,13.16936667,538.00,8.061
15885,5,2630,14187.195371842967,11036.532922297207,2019-07-22T16:11:27Z,46.24051667,13.16925000,538.00,8.062
15886,5,2631,14188.195371842967,11037.532922297207,2019-07-22T16:11:28Z,46.24050000,13.16906667,537.00,8.054
15887,5,2632,14189.195371842967,11038.532922297207,2019-07-22T16:11:29Z,46.24046667,13.16888333,536.00,8.047
15888,5,2633,14190.195371842967,11039.532922297207,2019-07-22T16:11:30Z,46.24048333,13.16871667,536.00,8.037
15889,5,2634,14191.195371842967,11040.532922297207,2019-07-22T16:11:31Z,46.24055000,13.16860000,535.00,8.025
15890,5,2635,14192.195371842967,11041.532922297207,2019-07-22T16:11:32Z,46.24065000,13.16848333,536.00,8.011
15891,5,2636,14193.195371842967,11042.532922297207,2019-07-22T16:11:33Z,46.24075000,13.16846667,537.00,8.002
15892,5,2637,14194.195371842967,11043.532922297207,2019-07-22T16:11:34Z,46.24088333,13.16851667,537.00,7.994
15893,5,2638,14195.195371842967,11044.532922297207,2019-07-22T16:11:35Z,46.24105000,13.16870000,538.00,7.99
15894,5,2639,14196.195371842967,11045.532922297207,2019-07-22T16:11:36Z,46.24111667,13.16880000,538.00,7.989
15895,5,2640,14197.195371842967,11046.532922297207,2019-07-22T16:11:37Z,46.24116667,13.16893333,540.00,7.992
15896,5,2641,14198.195371842967,11047.532922297207,2019-07-22T16:11:38Z,46.24113333,13.16913333,540.00,8.005
15897,5,2642,14199.195371842967,11048.532922297207,2019-07-22T16:11:39Z,46.24106667,13.16928333,541.00,8.019
15898,5,2643,14200.195371842967,11049.532922297207,2019-07-22T16:11:40Z,46.24093333,13.16940000,542.00,8.036
15899,5,2644,14201.195371842967,11050.532922297207,2019-07-22T16:11:41Z,46.24081667,13.16943333,543.00,8.047
15900,5,2645,14202.195371842967,11051.532922297207,2019-07-22T16:11:42Z,46.24070000,13.16943333,544.00,8.056
15901,5,2646,14203.195371842967,11052.532922297207,2019-07-22T16:11:43Z,46.24058333,13.16936667,545.00,8.062
15902,5,2647,14204.195371842967,11053.532922297207,2019-07-22T16:11:44Z,46.24048333,13.16928333,545.00,8.066
15903,5,2648,14205.195371842967,11054.532922297207,2019-07-22T16:11:45Z,46.24041667,13.16916667,546.00,8.066
15904,5,2649,14206.195371842967,11055.532922297207,2019-07-22T16:11:46Z,46.24040000,13.16900000,546.00,8.058
15905,5,2650,14207.195371842967,11056.532922297207,2019-07-22T16:11:47Z,46.24043333,13.16886667,545.00,8.049
15906,5,2651,14208.195371842967,11057.532922297207,2019-07-22T16:11:48Z,46.24051667,13.16873333,546.00,8.035
15907,5,2652,14209.195371842967,11058.532922297207,2019-07-22T16:11:49Z,46.24061667,13.16868333,548.00,8.024
15908,5,2653,14210.195371842967,11059.532922297207,2019-07-22T16:11:50Z,46.24073333,13.16871667,549.00,8.016
15909,5,2654,14211.195371842967,11060.532922297207,2019-07-22T16:11:51Z,46.24083333,13.16883333,551.00,8.014
15910,5,2655,14212.195371842967,11061.532922297207,2019-07-22T16:11:52Z,46.24096667,13.16901667,552.00,8.013
15911,5,2656,14213.195371842967,11062.532922297207,2019-07-22T16:11:53Z,46.24105000,13.16918333,552.00,8.015
15912,5,2657,14214.195371842967,11063.532922297207,2019-07-22T16:11:54Z,46.24106667,13.16936667,553.00,8.023
15913,5,2658,14215.195371842967,11064.532922297207,2019-07-22T16:11:55Z,46.24103333,13.16960000,554.00,8.038
15914,5,2659,14216.195371842967,11065.532922297207,2019-07-22T16:11:56Z,46.24100000,13.16975000,556.00,8.049
15915,5,2660,14217.195371842967,11066.532922297207,2019-07-22T16:11:57Z,46.24093333,13.16986667,557.00,8.06
15916,5,2661,14218.195371842967,11067.532922297207,2019-07-22T16:11:58Z,46.24083333,13.16996667,557.00,8.073
15917,5,2662,14219.195371842967,11068.532922297207,2019-07-22T16:11:59Z,46.24070000,13.16998333,559.00,8.085
15918,5,2663,14220.195371842967,11069.532922297207,2019-07-22T16:12:00Z,46.24060000,13.16995000,559.00,8.092
15919,5,2664,14221.195371842967,11070.532922297207,2019-07-22T16:12:01Z,46.24051667,13.16986667,559.00,8.094
15920,5,2665,14222.195371842967,11071.532922297207,2019-07-22T16:12:02Z,46.24046667,13.16968333,559.00,8.088
15921,5,2666,14223.195371842967,11072.532922297207,2019-07-22T16:12:03Z,46.24043333,13.16953333,558.00,8.083
15922,5,2667,14224.195371842967,11073.532922297207,2019-07-22T16:12:04Z,46.24043333,13.16936667,559.00,8.075
15923,5,2668,14225.195371842967,11074.532922297207,2019-07-22T16:12:05Z,46.24046667,13.16921667,559.00,8.064
15924,5,2669,14226.195371842967,11075.532922297207,2019-07-22T16:12:06Z,46.24050000,13.16908333,561.00,8.055
15925,5,2670,14227.195371842967,11076.532922297207,2019-07-22T16:12:07Z,46.24060000,13.16900000,563.00,8.042
15926,5,2671,14228.195371842967,11077.532922297207,2019-07-22T16:12:08Z,46.24068333,13.16896667,566.00,8.033
15927,5,2672,14229.195371842967,11078.532922297207,2019-07-22T16:12:09Z,46.24081667,13.16911667,567.00,8.03
15928,5,2673,14230.195371842967,11079.532922297207,2019-07-22T16:12:10Z,46.24095000,13.16923333,568.00,8.026
15929,5,2674,14231.195371842967,11080.532922297207,2019-07-22T16:12:11Z,46.24106667,13.16936667,569.00,8.023
15930,5,2675,14232.195371842967,11081.532922297207,2019-07-22T16:12:12Z,46.24113333,13.16955000,570.00,8.027
15931,5,2676,14233.195371842967,11082.532922297207,2019-07-22T16:12:13Z,46.24115000,13.16975000,571.00,8.036
15932,5,2677,14234.195371842967,11083.532922297207,2019-07-22T16:12:14Z,46.24111667,13.16993333,570.00,8.049
15933,5,2678,14235.195371842967,11084.532922297207,2019-07-22T16:12:15Z,46.24101667,13.17008333,571.00,8.065
15934,5,2679,14236.195371842967,11085.532922297207,2019-07-22T16:12:16Z,46.24088333,13.17016667,571.00,8.08
15935,5,2680,14237.195371842967,11086.532922297207,2019-07-22T16:12:17Z,46.24078333,13.17023333,571.00,8.092
15936,5,2681,14238.195371842967,11087.532922297207,2019-07-22T16:12:18Z,46.24065000,13.17028333,572.00,8.105
15937,5,2682,14239.195371842967,11088.532922297207,2019-07-22T16:12:19Z,46.24053333,13.17026667,573.00,8.114
15938,5,2683,14240.195371842967,11089.532922297207,2019-07-22T16:12:20Z,46.24045000,13.17023333,574.00,8.119
15939,5,2684,14241.195371842967,11090.532922297207,2019-07-22T16:12:21Z,46.24036667,13.17015000,576.00,8.121
15940,5,2685,14242.195371842967,11091.532922297207,2019-07-22T16:12:22Z,46.24031667,13.16998333,577.00,8.116
15941,5,2686,14243.195371842967,11092.532922297207,2019-07-22T16:12:23Z,46.24028333,13.16983333,577.00,8.111
15942,5,2687,14244.195371842967,11093.532922297207,2019-07-22T16:12:24Z,46.24030000,13.16970000,578.00,8.103
15943,5,2688,14245.195371842967,11094.532922297207,2019-07-22T16:12:25Z,46.24035000,13.16955000,576.00,8.091
15944,5,2689,14246.195371842967,11095.532922297207,2019-07-22T16:12:26Z,46.24043333,13.16946667,577.00,8.08
15945,5,2690,14247.195371842967,11096.532922297207,2019-07-22T16:12:27Z,46.24055000,13.16943333,578.00,8.069
15946,5,2691,14248.195371842967,11097.532922297207,2019-07-22T16:12:28Z,46.24070000,13.16948333,580.00,8.059
15947,5,2692,14249.195371842967,11098.532922297207,2019-07-22T16:12:29Z,46.24083333,13.16955000,580.00,8.052
15948,5,2693,14250.195371842967,11099.532922297207,2019-07-22T16:12:30Z,46.24095000,13.16970000,582.00,8.05
15949,5,2694,14251.195371842967,11100.532922297207,2019-07-22T16:12:31Z,46.24101667,13.16985000,583.00,8.052
15950,5,2695,14252.195371842967,11101.532922297207,2019-07-22T16:12:32Z,46.24103333,13.17001667,584.00,8.06
15951,5,2696,14253.195371842967,11102.532922297207,2019-07-22T16:12:33Z,46.24105000,13.17021667,585.00,8.069
15952,5,2697,14254.195371842967,11103.532922297207,2019-07-22T16:12:34Z,46.24098333,13.17036667,587.00,8.082
15953,5,2698,14255.195371842967,11104.532922297207,2019-07-22T16:12:35Z,46.24091667,13.17048333,587.00,8.094
15954,5,2699,14256.195371842967,11105.532922297207,2019-07-22T16:12:36Z,46.24083333,13.17056667,587.00,8.105
15955,5,2700,14257.195371842967,11106.532922297207,2019-07-22T16:12:37Z,46.24068333,13.17058333,587.00,8.118
15956,5,2701,14258.195371842967,11107.532922297207,2019-07-22T16:12:38Z,46.24056667,13.17056667,587.00,8.127
15957,5,2702,14259.195371842967,11108.532922297207,2019-07-22T16:12:39Z,46.24048333,13.17046667,587.00,8.128
15958,5,2703,14260.195371842967,11109.532922297207,2019-07-22T16:12:40Z,46.24043333,13.17033333,589.00,8.125
15959,5,2704,14261.195371842967,11110.532922297207,2019-07-22T16:12:41Z,46.24041667,13.17016667,591.00,8.118
15960,5,2705,14262.195371842967,11111.532922297207,2019-07-22T16:12:42Z,46.24041667,13.17001667,592.00,8.11
15961,5,2706,14263.195371842967,11112.532922297207,2019-07-22T16:12:43Z,46.24046667,13.16990000,594.00,8.1
15962,5,2707,14264.195371842967,11113.532922297207,2019-07-22T16:12:44Z,46.24053333,13.16983333,596.00,8.091
15963,5,2708,14265.195371842967,11114.532922297207,2019-07-22T16:12:45Z,46.24066667,13.16981667,597.00,8.079
15964,5,2709,14266.195371842967,11115.532922297207,2019-07-22T16:12:46Z,46.24078333,13.16990000,596.00,8.074
15965,5,2710,14267.195371842967,11116.532922297207,2019-07-22T16:12:47Z,46.24088333,13.17005000,597.00,8.074
15966,5,2711,14268.195371842967,11117.532922297207,2019-07-22T16:12:48Z,46.24101667,13.17020000,597.00,8.071
15967,5,2712,14269.195371842967,11118.532922297207,2019-07-22T16:12:49Z,46.24108333,13.17036667,599.00,8.074
15968,5,2713,14270.195371842967,11119.532922297207,2019-07-22T16:12:50Z,46.24108333,13.17058333,601.00,8.086
15969,5,2714,14271.195371842967,11120.532922297207,2019-07-22T16:12:51Z,46.24108333,13.17078333,602.00,8.096
15970,5,2715,14272.195371842967,11121.532922297207,2019-07-22T16:12:52Z,46.24105000,13.17098333,603.00,8.11
15971,5,2716,14273.195371842967,11122.532922297207,2019-07-22T16:12:53Z,46.24100000,13.17113333,603.00,8.122
15972,5,2717,14274.195371842967,11123.532922297207,2019-07-22T16:12:54Z,46.24090000,13.17125000,603.00,8.136
15973,5,2718,14275.195371842967,11124.532922297207,2019-07-22T16:12:55Z,46.24076667,13.17128333,602.00,8.148
15974,5,2719,14276.195371842967,11125.532922297207,2019-07-22T16:12:56Z,46.24063333,13.17125000,602.00,8.157
15975,5,2720,14277.195371842967,11126.532922297207,2019-07-22T16:12:57Z,46.24055000,13.17115000,601.00,8.159
15976,5,2721,14278.195371842967,11127.532922297207,2019-07-22T16:12:58Z,46.24048333,13.17105000,601.00,8.159
15977,5,2722,14279.195371842967,11128.532922297207,2019-07-22T16:12:59Z,46.24046667,13.17088333,602.00,8.151
15978,5,2723,14280.195371842967,11129.532922297207,2019-07-22T16:13:00Z,46.24048333,13.17078333,603.00,8.145
15979,5,2724,14281.195371842967,11130.532922297207,2019-07-22T16:13:01Z,46.24051667,13.17068333,606.00,8.137
15980,5,2725,14282.195371842967,11131.532922297207,2019-07-22T16:13:02Z,46.24063333,13.17061667,608.00,8.124
15981,5,2726,14283.195371842967,11132.532922297207,2019-07-22T16:13:03Z,46.24075000,13.17058333,609.00,8.113
15982,5,2727,14284.195371842967,11133.532922297207,2019-07-22T16:13:04Z,46.24091667,13.17061667,611.00,8.101
15983,5,2728,14285.195371842967,11134.532922297207,2019-07-22T16:13:05Z,46.24101667,13.17071667,612.00,8.098
15984,5,2729,14286.195371842967,11135.532922297207,2019-07-22T16:13:06Z,46.24111667,13.17081667,611.00,8.095
15985,5,2730,14287.195371842967,11136.532922297207,2019-07-22T16:13:07Z,46.24118333,13.17098333,612.00,8.099
15986,5,2731,14288.195371842967,11137.532922297207,2019-07-22T16:13:08Z,46.24118333,13.17116667,614.00,8.109
15987,5,2732,14289.195371842967,11138.532922297207,2019-07-22T16:13:09Z,46.24116667,13.17133333,615.00,8.119
15988,5,2733,14290.195371842967,11139.532922297207,2019-07-22T16:13:10Z,46.24111667,13.17145000,616.00,8.129
15989,5,2734,14291.195371842967,11140.532922297207,2019-07-22T16:13:11Z,46.24101667,13.17153333,617.00,8.142
15990,5,2735,14292.195371842967,11141.532922297207,2019-07-22T16:13:12Z,46.24086667,13.17148333,616.00,8.151
15991,5,2736,14293.195371842967,11142.532922297207,2019-07-22T16:13:13Z,46.24075000,13.17148333,616.00,8.16
15992,5,2737,14294.195371842967,11143.532922297207,2019-07-22T16:13:14Z,46.24066667,13.17141667,616.00,8.164
15993,5,2738,14295.195371842967,11144.532922297207,2019-07-22T16:13:15Z,46.24063333,13.17133333,617.00,8.162
15994,5,2739,14296.195371842967,11145.532922297207,2019-07-22T16:13:16Z,46.24058333,13.17128333,618.00,8.163
15995,5,2740,14297.195371842967,11146.532922297207,2019-07-22T16:13:17Z,46.24056667,13.17126667,620.00,8.164
15996,5,2741,14298.195371842967,11147.532922297207,2019-07-22T16:13:18Z,46.24061667,13.17125000,620.00,8.159
15997,5,2742,14299.195371842967,11148.532922297207,2019-07-22T16:13:19Z,46.24070000,13.17133333,621.00,8.156
15998,5,2743,14300.195371842967,11149.532922297207,2019-07-22T16:13:20Z,46.24076667,13.17143333,622.00,8.156
15999,5,2744,14301.195371842967,11150.532922297207,2019-07-22T16:13:21Z,46.24086667,13.17151667,623.00,8.153
16000,5,2745,14302.195371842967,11151.532922297207,2019-07-22T16:13:22Z,46.24090000,13.17163333,625.00,8.156
16001,5,2746,14303.195371842967,11152.532922297207,2019-07-22T16:13:23Z,46.24088333,13.17175000,626.00,8.164
16002,5,2747,14304.195371842967,11153.532922297207,2019-07-22T16:13:24Z,46.24078333,13.17186667,627.00,8.178
16003,5,2748,14305.195371842967,11154.532922297207,2019-07-22T16:13:25Z,46.24075000,13.17191667,627.00,8.184
16004,5,2749,14306.195371842967,11155.532922297207,2019-07-22T16:13:26Z,46.24071667,13.17191667,627.00,8.186
16005,5,2750,14307.195371842967,11156.532922297207,2019-07-22T16:13:27Z,46.24066667,13.17166667,628.00,8.177
16006,5,2751,14308.195371842967,11157.532922297207,2019-07-22T16:13:28Z,46.24065000,13.17145000,629.00,8.167
16007,5,2752,14309.195371842967,11158.532922297207,2019-07-22T16:13:29Z,46.24068333,13.17126667,629.00,8.154
16008,5,2753,14310.195371842967,11159.532922297207,2019-07-22T16:13:30Z,46.24073333,13.17113333,629.00,8.143
16009,5,2754,14311.195371842967,11160.532922297207,2019-07-22T16:13:31Z,46.24086667,13.17100000,629.00,8.125
16010,5,2755,14312.195371842967,11161.532922297207,2019-07-22T16:13:32Z,46.24100000,13.17095000,631.00,8.112
16011,5,2756,14313.195371842967,11162.532922297207,2019-07-22T16:13:33Z,46.24113333,13.17095000,632.00,8.101
16012,5,2757,14314.195371842967,11163.532922297207,2019-07-22T16:13:34Z,46.24130000,13.17100000,633.00,8.091
16013,5,2758,14315.195371842967,11164.532922297207,2019-07-22T16:13:35Z,46.24143333,13.17116667,633.00,8.089
16014,5,2759,14316.195371842967,11165.532922297207,2019-07-22T16:13:36Z,46.24150000,13.17135000,632.00,8.093
16015,5,2760,14317.195371842967,11166.532922297207,2019-07-22T16:13:37Z,46.24150000,13.17156667,633.00,8.105
16016,5,2761,14318.195371842967,11167.532922297207,2019-07-22T16:13:38Z,46.24151667,13.17176667,634.00,8.114
16017,5,2762,14319.195371842967,11168.532922297207,2019-07-22T16:13:39Z,46.24148333,13.17191667,636.00,8.125
16018,5,2763,14320.195371842967,11169.532922297207,2019-07-22T16:13:40Z,46.24138333,13.17203333,637.00,8.139
16019,5,2764,14321.195371842967,11170.532922297207,2019-07-22T16:13:41Z,46.24128333,13.17208333,637.00,8.15
16020,5,2765,14322.195371842967,11171.532922297207,2019-07-22T16:13:42Z,46.24116667,13.17213333,637.00,8.162
16021,5,2766,14323.195371842967,11172.532922297207,2019-07-22T16:13:43Z,46.24105000,13.17213333,636.00,8.171
16022,5,2767,14324.195371842967,11173.532922297207,2019-07-22T16:13:44Z,46.24095000,13.17206667,637.00,8.176
16023,5,2768,14325.195371842967,11174.532922297207,2019-07-22T16:13:45Z,46.24086667,13.17195000,635.00,8.176
16024,5,2769,14326.195371842967,11175.532922297207,2019-07-22T16:13:46Z,46.24083333,13.17181667,636.00,8.172
16025,5,2770,14327.195371842967,11176.532922297207,2019-07-22T16:13:47Z,46.24086667,13.17165000,637.00,8.16
16026,5,2771,14328.195371842967,11177.532922297207,2019-07-22T16:13:48Z,46.24088333,13.17151667,640.00,8.151
16027,5,2772,14329.195371842967,11178.532922297207,2019-07-22T16:13:49Z,46.24098333,13.17143333,641.00,8.139
16028,5,2773,14330.195371842967,11179.532922297207,2019-07-22T16:13:50Z,46.24113333,13.17138333,640.00,8.124
16029,5,2774,14331.195371842967,11180.532922297207,2019-07-22T16:13:51Z,46.24128333,13.17141667,640.00,8.114
16030,5,2775,14332.195371842967,11181.532922297207,2019-07-22T16:13:52Z,46.24143333,13.17151667,641.00,8.108
16031,5,2776,14333.195371842967,11182.532922297207,2019-07-22T16:13:53Z,46.24156667,13.17165000,640.00,8.104
16032,5,2777,14334.195371842967,11183.532922297207,2019-07-22T16:13:54Z,46.24163333,13.17175000,642.00,8.104
16033,5,2778,14335.195371842967,11184.532922297207,2019-07-22T16:13:55Z,46.24166667,13.17193333,643.00,8.112
16034,5,2779,14336.195371842967,11185.532922297207,2019-07-22T16:13:56Z,46.24166667,13.17210000,643.00,8.121
16035,5,2780,14337.195371842967,11186.532922297207,2019-07-22T16:13:57Z,46.24165000,13.17226667,643.00,8.131
16036,5,2781,14338.195371842967,11187.532922297207,2019-07-22T16:13:58Z,46.24155000,13.17226667,643.00,8.139
16037,5,2782,14339.195371842967,11188.532922297207,2019-07-22T16:13:59Z,46.24143333,13.17221667,643.00,8.145
16038,5,2783,14340.195371842967,11189.532922297207,2019-07-22T16:14:00Z,46.24131667,13.17211667,644.00,8.149
16039,5,2784,14341.195371842967,11190.532922297207,2019-07-22T16:14:01Z,46.24128333,13.17195000,646.00,8.143
16040,5,2785,14342.195371842967,11191.532922297207,2019-07-22T16:14:02Z,46.24125000,13.17180000,647.00,8.137
16041,5,2786,14343.195371842967,11192.532922297207,2019-07-22T16:14:03Z,46.24126667,13.17165000,649.00,8.128
16042,5,2787,14344.195371842967,11193.532922297207,2019-07-22T16:14:04Z,46.24133333,13.17155000,651.00,8.117
16043,5,2788,14345.195371842967,11194.532922297207,2019-07-22T16:14:05Z,46.24145000,13.17150000,652.00,8.105
16044,5,2789,14346.195371842967,11195.532922297207,2019-07-22T16:14:06Z,46.24155000,13.17146667,653.00,8.096
16045,5,2790,14347.195371842967,11196.532922297207,2019-07-22T16:14:07Z,46.24168333,13.17148333,653.00,8.086
16046,5,2791,14348.195371842967,11197.532922297207,2019-07-22T16:14:08Z,46.24183333,13.17155000,653.00,8.078
16047,5,2792,14349.195371842967,11198.532922297207,2019-07-22T16:14:09Z,46.24196667,13.17171667,652.00,8.076
16048,5,2793,14350.195371842967,11199.532922297207,2019-07-22T16:14:10Z,46.24203333,13.17191667,652.00,8.082
16049,5,2794,14351.195371842967,11200.532922297207,2019-07-22T16:14:11Z,46.24208333,13.17211667,654.00,8.089
16050,5,2795,14352.195371842967,11201.532922297207,2019-07-22T16:14:12Z,46.24210000,13.17233333,656.00,8.099
16051,5,2796,14353.195371842967,11202.532922297207,2019-07-22T16:14:13Z,46.24208333,13.17253333,658.00,8.111
16052,5,2797,14354.195371842967,11203.532922297207,2019-07-22T16:14:14Z,46.24205000,13.17270000,659.00,8.123
16053,5,2798,14355.195371842967,11204.532922297207,2019-07-22T16:14:15Z,46.24193333,13.17281667,659.00,8.139
16054,5,2799,14356.195371842967,11205.532922297207,2019-07-22T16:14:16Z,46.24181667,13.17291667,658.00,8.153
16055,5,2800,14357.195371842967,11206.532922297207,2019-07-22T16:14:17Z,46.24168333,13.17295000,657.00,8.165
16056,5,2801,14358.195371842967,11207.532922297207,2019-07-22T16:14:18Z,46.24153333,13.17285000,655.00,8.172
16057,5,2802,14359.195371842967,11208.532922297207,2019-07-22T16:14:19Z,46.24145000,13.17276667,655.00,8.174
16058,5,2803,14360.195371842967,11209.532922297207,2019-07-22T16:14:20Z,46.24140000,13.17256667,656.00,8.167
16059,5,2804,14361.195371842967,11210.532922297207,2019-07-22T16:14:21Z,46.24140000,13.17240000,657.00,8.158
16060,5,2805,14362.195371842967,11211.532922297207,2019-07-22T16:14:22Z,46.24146667,13.17225000,659.00,8.144
16061,5,2806,14363.195371842967,11212.532922297207,2019-07-22T16:14:23Z,46.24156667,13.17216667,661.00,8.132
16062,5,2807,14364.195371842967,11213.532922297207,2019-07-22T16:14:24Z,46.24166667,13.17218333,664.00,8.125
16063,5,2808,14365.195371842967,11214.532922297207,2019-07-22T16:14:25Z,46.24180000,13.17233333,665.00,8.123
16064,5,2809,14366.195371842967,11215.532922297207,2019-07-22T16:14:26Z,46.24190000,13.17251667,666.00,8.125
16065,5,2810,14367.195371842967,11216.532922297207,2019-07-22T16:14:27Z,46.24196667,13.17271667,667.00,8.13
16066,5,2811,14368.195371842967,11217.532922297207,2019-07-22T16:14:28Z,46.24196667,13.17291667,669.00,8.141
16067,5,2812,14369.195371842967,11218.532922297207,2019-07-22T16:14:29Z,46.24193333,13.17311667,670.00,8.155
16068,5,2813,14370.195371842967,11219.532922297207,2019-07-22T16:14:30Z,46.24185000,13.17326667,671.00,8.17
16069,5,2814,14371.195371842967,11220.532922297207,2019-07-22T16:14:31Z,46.24176667,13.17336667,672.00,8.182
16070,5,2815,14372.195371842967,11221.532922297207,2019-07-22T16:14:32Z,46.24165000,13.17343333,672.00,8.194
16071,5,2816,14373.195371842967,11222.532922297207,2019-07-22T16:14:33Z,46.24155000,13.17333333,671.00,8.197
16072,5,2817,14374.195371842967,11223.532922297207,2019-07-22T16:14:34Z,46.24145000,13.17326667,672.00,8.201
16073,5,2818,14375.195371842967,11224.532922297207,2019-07-22T16:14:35Z,46.24138333,13.17315000,673.00,8.2
16074,5,2819,14376.195371842967,11225.532922297207,2019-07-22T16:14:36Z,46.24141667,13.17303333,675.00,8.191
16075,5,2820,14377.195371842967,11226.532922297207,2019-07-22T16:14:37Z,46.24150000,13.17295000,677.00,8.18
16076,5,2821,14378.195371842967,11227.532922297207,2019-07-22T16:14:38Z,46.24160000,13.17288333,678.00,8.168
16077,5,2822,14379.195371842967,11228.532922297207,2019-07-22T16:14:39Z,46.24173333,13.17286667,678.00,8.157
16078,5,2823,14380.195371842967,11229.532922297207,2019-07-22T16:14:40Z,46.24185000,13.17293333,680.00,8.151
16079,5,2824,14381.195371842967,11230.532922297207,2019-07-22T16:14:41Z,46.24196667,13.17303333,681.00,8.148
16080,5,2825,14382.195371842967,11231.532922297207,2019-07-22T16:14:42Z,46.24208333,13.17315000,682.00,8.145
16081,5,2826,14383.195371842967,11232.532922297207,2019-07-22T16:14:43Z,46.24215000,13.17331667,684.00,8.149
16082,5,2827,14384.195371842967,11233.532922297207,2019-07-22T16:14:44Z,46.24215000,13.17353333,685.00,8.161
16083,5,2828,14385.195371842967,11234.532922297207,2019-07-22T16:14:45Z,46.24211667,13.17370000,687.00,8.173
16084,5,2829,14386.195371842967,11235.532922297207,2019-07-22T16:14:46Z,46.24205000,13.17385000,688.00,8.186
16085,5,2830,14387.195371842967,11236.532922297207,2019-07-22T16:14:47Z,46.24196667,13.17390000,687.00,8.195
16086,5,2831,14388.195371842967,11237.532922297207,2019-07-22T16:14:48Z,46.24185000,13.17378333,686.00,8.198
16087,5,2832,14389.195371842967,11238.532922297207,2019-07-22T16:14:49Z,46.24178333,13.17365000,686.00,8.196
16088,5,2833,14390.195371842967,11239.532922297207,2019-07-22T16:14:50Z,46.24173333,13.17350000,686.00,8.192
16089,5,2834,14391.195371842967,11240.532922297207,2019-07-22T16:14:51Z,46.24175000,13.17333333,687.00,8.181
16090,5,2835,14392.195371842967,11241.532922297207,2019-07-22T16:14:52Z,46.24178333,13.17321667,689.00,8.172
16091,5,2836,14393.195371842967,11242.532922297207,2019-07-22T16:14:53Z,46.24186667,13.17311667,691.00,8.16
16092,5,2837,14394.195371842967,11243.532922297207,2019-07-22T16:14:54Z,46.24201667,13.17308333,692.00,8.147
16093,5,2838,14395.195371842967,11244.532922297207,2019-07-22T16:14:55Z,46.24213333,13.17306667,693.00,8.137
16094,5,2839,14396.195371842967,11245.532922297207,2019-07-22T16:14:56Z,46.24228333,13.17311667,695.00,8.128
16095,5,2840,14397.195371842967,11246.532922297207,2019-07-22T16:14:57Z,46.24241667,13.17321667,694.00,8.123
16096,5,2841,14398.195371842967,11247.532922297207,2019-07-22T16:14:58Z,46.24253333,13.17331667,694.00,8.119
16097,5,2842,14399.195371842967,11248.532922297207,2019-07-22T16:14:59Z,46.24265000,13.17345000,694.00,8.118
16098,5,2843,14400.195371842967,11249.532922297207,2019-07-22T16:15:00Z,46.24275000,13.17356667,695.00,8.117
16099,5,2844,14401.195371842967,11250.532922297207,2019-07-22T16:15:01Z,46.24283333,13.17368333,695.00,8.117
16100,5,2845,14402.195371842967,11251.532922297207,2019-07-22T16:15:02Z,46.24288333,13.17376667,696.00,8.117
16101,5,2846,14403.195371842967,11252.532922297207,2019-07-22T16:15:03Z,46.24280000,13.17386667,698.00,8.129
16102,5,2847,14404.195371842967,11253.532922297207,2019-07-22T16:15:04Z,46.24263333,13.17395000,699.00,8.147
16103,5,2848,14405.195371842967,11254.532922297207,2019-07-22T16:15:05Z,46.24246667,13.17395000,699.00,8.16
16104,5,2849,14406.195371842967,11255.532922297207,2019-07-22T16:15:06Z,46.24231667,13.17388333,699.00,8.167
16105,5,2850,14407.195371842967,11256.532922297207,2019-07-22T16:15:07Z,46.24230000,13.17370000,698.00,8.159
16106,5,2851,14408.195371842967,11257.532922297207,2019-07-22T16:15:08Z,46.24226667,13.17355000,697.00,8.153
16107,5,2852,14409.195371842967,11258.532922297207,2019-07-22T16:15:09Z,46.24228333,13.17340000,696.00,8.143
16108,5,2853,14410.195371842967,11259.532922297207,2019-07-22T16:15:10Z,46.24231667,13.17325000,696.00,8.132
16109,5,2854,14411.195371842967,11260.532922297207,2019-07-22T16:15:11Z,46.24236667,13.17315000,697.00,8.123
16110,5,2855,14412.195371842967,11261.532922297207,2019-07-22T16:15:12Z,46.24243333,13.17310000,698.00,8.115
16111,5,2856,14413.195371842967,11262.532922297207,2019-07-22T16:15:13Z,46.24260000,13.17306667,699.00,8.1
16112,5,2857,14414.195371842967,11263.532922297207,2019-07-22T16:15:14Z,46.24276667,13.17311667,701.00,8.09
16113,5,2858,14415.195371842967,11264.532922297207,2019-07-22T16:15:15Z,46.24291667,13.17323333,702.00,8.085
16114,5,2859,14416.195371842967,11265.532922297207,2019-07-22T16:15:16Z,46.24301667,13.17338333,703.00,8.086
16115,5,2860,14417.195371842967,11266.532922297207,2019-07-22T16:15:17Z,46.24310000,13.17351667,705.00,8.087
16116,5,2861,14418.195371842967,11267.532922297207,2019-07-22T16:15:18Z,46.24311667,13.17366667,705.00,8.094
16117,5,2862,14419.195371842967,11268.532922297207,2019-07-22T16:15:19Z,46.24308333,13.17393333,705.00,8.111
16118,5,2863,14420.195371842967,11269.532922297207,2019-07-22T16:15:20Z,46.24303333,13.17408333,704.00,8.124
16119,5,2864,14421.195371842967,11270.532922297207,2019-07-22T16:15:21Z,46.24293333,13.17415000,704.00,8.135
16120,5,2865,14422.195371842967,11271.532922297207,2019-07-22T16:15:22Z,46.24278333,13.17420000,704.00,8.149
16121,5,2866,14423.195371842967,11272.532922297207,2019-07-22T16:15:23Z,46.24266667,13.17415000,703.00,8.155
16122,5,2867,14424.195371842967,11273.532922297207,2019-07-22T16:15:24Z,46.24258333,13.17406667,703.00,8.157
16123,5,2868,14425.195371842967,11274.532922297207,2019-07-22T16:15:25Z,46.24253333,13.17393333,704.00,8.154
16124,5,2869,14426.195371842967,11275.532922297207,2019-07-22T16:15:26Z,46.24251667,13.17376667,705.00,8.146
16125,5,2870,14427.195371842967,11276.532922297207,2019-07-22T16:15:27Z,46.24255000,13.17360000,707.00,8.134
16126,5,2871,14428.195371842967,11277.532922297207,2019-07-22T16:15:28Z,46.24258333,13.17348333,707.00,8.125
16127,5,2872,14429.195371842967,11278.532922297207,2019-07-22T16:15:29Z,46.24271667,13.17341667,708.00,8.111
16128,5,2873,14430.195371842967,11279.532922297207,2019-07-22T16:15:30Z,46.24283333,13.17335000,710.00,8.098
16129,5,2874,14431.195371842967,11280.532922297207,2019-07-22T16:15:31Z,46.24295000,13.17328333,711.00,8.085
16130,5,2875,14432.195371842967,11281.532922297207,2019-07-22T16:15:32Z,46.24310000,13.17326667,711.00,8.073
16131,5,2876,14433.195371842967,11282.532922297207,2019-07-22T16:15:33Z,46.24323333,13.17328333,711.00,8.064
16132,5,2877,14434.195371842967,11283.532922297207,2019-07-22T16:15:34Z,46.24336667,13.17336667,712.00,8.058
16133,5,2878,14435.195371842967,11284.532922297207,2019-07-22T16:15:35Z,46.24350000,13.17348333,712.00,8.055
16134,5,2879,14436.195371842967,11285.532922297207,2019-07-22T16:15:36Z,46.24358333,13.17368333,712.00,8.059
16135,5,2880,14437.195371842967,11286.532922297207,2019-07-22T16:15:37Z,46.24366667,13.17388333,712.00,8.064
16136,5,2881,14438.195371842967,11287.532922297207,2019-07-22T16:15:38Z,46.24368333,13.17408333,712.00,8.074
16137,5,2882,14439.195371842967,11288.532922297207,2019-07-22T16:15:39Z,46.24366667,13.17431667,714.00,8.089
16138,5,2883,14440.195371842967,11289.532922297207,2019-07-22T16:15:40Z,46.24366667,13.17451667,714.00,8.1
16139,5,2884,14441.195371842967,11290.532922297207,2019-07-22T16:15:41Z,46.24361667,13.17470000,714.00,8.114
16140,5,2885,14442.195371842967,11291.532922297207,2019-07-22T16:15:42Z,46.24353333,13.17485000,715.00,8.129
16141,5,2886,14443.195371842967,11292.532922297207,2019-07-22T16:15:43Z,46.24346667,13.17498333,716.00,8.141
16142,5,2887,14444.195371842967,11293.532922297207,2019-07-22T16:15:44Z,46.24336667,13.17508333,718.00,8.155
16143,5,2888,14445.195371842967,11294.532922297207,2019-07-22T16:15:45Z,46.24326667,13.17516667,719.00,8.167
16144,5,2889,14446.195371842967,11295.532922297207,2019-07-22T16:15:46Z,46.24315000,13.17521667,720.00,8.179
16145,5,2890,14447.195371842967,11296.532922297207,2019-07-22T16:15:47Z,46.24303333,13.17523333,719.00,8.188
16146,5,2891,14448.195371842967,11297.532922297207,2019-07-22T16:15:48Z,46.24293333,13.17521667,719.00,8.195
16147,5,2892,14449.195371842967,11298.532922297207,2019-07-22T16:15:49Z,46.24281667,13.17516667,718.00,8.201
16148,5,2893,14450.195371842967,11299.532922297207,2019-07-22T16:15:50Z,46.24271667,13.17508333,717.00,8.204
16149,5,2894,14451.195371842967,11300.532922297207,2019-07-22T16:15:51Z,46.24263333,13.17496667,718.00,8.204
16150,5,2895,14452.195371842967,11301.532922297207,2019-07-22T16:15:52Z,46.24258333,13.17483333,718.00,8.2
16151,5,2896,14453.195371842967,11302.532922297207,2019-07-22T16:15:53Z,46.24253333,13.17468333,719.00,8.195
16152,5,2897,14454.195371842967,11303.532922297207,2019-07-22T16:15:54Z,46.24251667,13.17450000,719.00,8.186
16153,5,2898,14455.195371842967,11304.532922297207,2019-07-22T16:15:55Z,46.24253333,13.17433333,721.00,8.176
16154,5,2899,14456.195371842967,11305.532922297207,2019-07-22T16:15:56Z,46.24261667,13.17423333,723.00,8.164
16155,5,2900,14457.195371842967,11306.532922297207,2019-07-22T16:15:57Z,46.24273333,13.17415000,724.00,8.15
16156,5,2901,14458.195371842967,11307.532922297207,2019-07-22T16:15:58Z,46.24286667,13.17410000,725.00,8.137
16157,5,2902,14459.195371842967,11308.532922297207,2019-07-22T16:15:59Z,46.24298333,13.17416667,726.00,8.132
16158,5,2903,14460.195371842967,11309.532922297207,2019-07-22T16:16:00Z,46.24310000,13.17431667,726.00,8.132
16159,5,2904,14461.195371842967,11310.532922297207,2019-07-22T16:16:01Z,46.24318333,13.17446667,725.00,8.134
16160,5,2905,14462.195371842967,11311.532922297207,2019-07-22T16:16:02Z,46.24323333,13.17463333,726.00,8.139
16161,5,2906,14463.195371842967,11312.532922297207,2019-07-22T16:16:03Z,46.24320000,13.17483333,727.00,8.153
16162,5,2907,14464.195371842967,11313.532922297207,2019-07-22T16:16:04Z,46.24315000,13.17500000,728.00,8.166
16163,5,2908,14465.195371842967,11314.532922297207,2019-07-22T16:16:05Z,46.24306667,13.17511667,728.00,8.179
16164,5,2909,14466.195371842967,11315.532922297207,2019-07-22T16:16:06Z,46.24296667,13.17523333,729.00,8.193
16165,5,2910,14467.195371842967,11316.532922297207,2019-07-22T16:16:07Z,46.24288333,13.17528333,729.00,8.202
16166,5,2911,14468.195371842967,11317.532922297207,2019-07-22T16:16:08Z,46.24278333,13.17525000,729.00,8.208
16167,5,2912,14469.195371842967,11318.532922297207,2019-07-22T16:16:09Z,46.24271667,13.17516667,730.00,8.209
16168,5,2913,14470.195371842967,11319.532922297207,2019-07-22T16:16:10Z,46.24266667,13.17505000,731.00,8.206
16169,5,2914,14471.195371842967,11320.532922297207,2019-07-22T16:16:11Z,46.24265000,13.17491667,732.00,8.2
16170,5,2915,14472.195371842967,11321.532922297207,2019-07-22T16:16:12Z,46.24268333,13.17480000,733.00,8.19
16171,5,2916,14473.195371842967,11322.532922297207,2019-07-22T16:16:13Z,46.24273333,13.17468333,733.00,8.18
16172,5,2917,14474.195371842967,11323.532922297207,2019-07-22T16:16:14Z,46.24283333,13.17458333,733.00,8.167
16173,5,2918,14475.195371842967,11324.532922297207,2019-07-22T16:16:15Z,46.24295000,13.17451667,733.00,8.154
16174,5,2919,14476.195371842967,11325.532922297207,2019-07-22T16:16:16Z,46.24306667,13.17448333,733.00,8.144
16175,5,2920,14477.195371842967,11326.532922297207,2019-07-22T16:16:17Z,46.24321667,13.17450000,734.00,8.133
16176,5,2921,14478.195371842967,11327.532922297207,2019-07-22T16:16:18Z,46.24336667,13.17455000,734.00,8.125
16177,5,2922,14479.195371842967,11328.532922297207,2019-07-22T16:16:19Z,46.24348333,13.17463333,735.00,8.12
16178,5,2923,14480.195371842967,11329.532922297207,2019-07-22T16:16:20Z,46.24360000,13.17476667,737.00,8.119
16179,5,2924,14481.195371842967,11330.532922297207,2019-07-22T16:16:21Z,46.24366667,13.17491667,738.00,8.123
16180,5,2925,14482.195371842967,11331.532922297207,2019-07-22T16:16:22Z,46.24368333,13.17511667,739.00,8.133
16181,5,2926,14483.195371842967,11332.532922297207,2019-07-22T16:16:23Z,46.24365000,13.17531667,738.00,8.147
16182,5,2927,14484.195371842967,11333.532922297207,2019-07-22T16:16:24Z,46.24358333,13.17546667,738.00,8.16
16183,5,2928,14485.195371842967,11334.532922297207,2019-07-22T16:16:25Z,46.24351667,13.17561667,738.00,8.174
16184,5,2929,14486.195371842967,11335.532922297207,2019-07-22T16:16:26Z,46.24343333,13.17573333,737.00,8.186
16185,5,2930,14487.195371842967,11336.532922297207,2019-07-22T16:16:27Z,46.24333333,13.17580000,737.00,8.198
16186,5,2931,14488.195371842967,11337.532922297207,2019-07-22T16:16:28Z,46.24321667,13.17581667,736.00,8.207
16187,5,2932,14489.195371842967,11338.532922297207,2019-07-22T16:16:29Z,46.24311667,13.17580000,736.00,8.214
16188,5,2933,14490.195371842967,11339.532922297207,2019-07-22T16:16:30Z,46.24300000,13.17575000,737.00,8.22
16189,5,2934,14491.195371842967,11340.532922297207,2019-07-22T16:16:31Z,46.24293333,13.17565000,737.00,8.219
16190,5,2935,14492.195371842967,11341.532922297207,2019-07-22T16:16:32Z,46.24285000,13.17553333,738.00,8.219
16191,5,2936,14493.195371842967,11342.532922297207,2019-07-22T16:16:33Z,46.24280000,13.17541667,738.00,8.216
16192,5,2937,14494.195371842967,11343.532922297207,2019-07-22T16:16:34Z,46.24275000,13.17526667,739.00,8.212
16193,5,2938,14495.195371842967,11344.532922297207,2019-07-22T16:16:35Z,46.24275000,13.17511667,739.00,8.203
16194,5,2939,14496.195371842967,11345.532922297207,2019-07-22T16:16:36Z,46.24275000,13.17496667,739.00,8.195
16195,5,2940,14497.195371842967,11346.532922297207,2019-07-22T16:16:37Z,46.24276667,13.17480000,738.00,8.184
16196,5,2941,14498.195371842967,11347.532922297207,2019-07-22T16:16:38Z,46.24283333,13.17466667,738.00,8.172
16197,5,2942,14499.195371842967,11348.532922297207,2019-07-22T16:16:39Z,46.24291667,13.17453333,738.00,8.158
16198,5,2943,14500.195371842967,11349.532922297207,2019-07-22T16:16:40Z,46.24301667,13.17443333,737.00,8.145
16199,5,2944,14501.195371842967,11350.532922297207,2019-07-22T16:16:41Z,46.24315000,13.17436667,735.00,8.131
16200,5,2945,14502.195371842967,11351.532922297207,2019-07-22T16:16:42Z,46.24331667,13.17435000,733.00,8.117
16201,5,2946,14503.195371842967,11352.532922297207,2019-07-22T16:16:43Z,46.24345000,13.17440000,732.00,8.11
16202,5,2947,14504.195371842967,11353.532922297207,2019-07-22T16:16:44Z,46.24360000,13.17451667,731.00,8.105
16203,5,2948,14505.195371842967,11354.532922297207,2019-07-22T16:16:45Z,46.24371667,13.17465000,731.00,8.104
16204,5,2949,14506.195371842967,11355.532922297207,2019-07-22T16:16:46Z,46.24375000,13.17488333,731.00,8.114
16205,5,2950,14507.195371842967,11356.532922297207,2019-07-22T16:16:47Z,46.24373333,13.17510000,732.00,8.128
16206,5,2951,14508.195371842967,11357.532922297207,2019-07-22T16:16:48Z,46.24373333,13.17526667,735.00,8.137
16207,5,2952,14509.195371842967,11358.532922297207,2019-07-22T16:16:49Z,46.24370000,13.17543333,738.00,8.149
16208,5,2953,14510.195371842967,11359.532922297207,2019-07-22T16:16:50Z,46.24365000,13.17558333,740.00,8.162
16209,5,2954,14511.195371842967,11360.532922297207,2019-07-22T16:16:51Z,46.24360000,13.17573333,740.00,8.174
16210,5,2955,14512.195371842967,11361.532922297207,2019-07-22T16:16:52Z,46.24351667,13.17583333,740.00,8.186
16211,5,2956,14513.195371842967,11362.532922297207,2019-07-22T16:16:53Z,46.24341667,13.17591667,739.00,8.198
16212,5,2957,14514.195371842967,11363.532922297207,2019-07-22T16:16:54Z,46.24330000,13.17593333,739.00,8.208
16213,5,2958,14515.195371842967,11364.532922297207,2019-07-22T16:16:55Z,46.24318333,13.17590000,738.00,8.215
16214,5,2959,14516.195371842967,11365.532922297207,2019-07-22T16:16:56Z,46.24310000,13.17583333,737.00,8.217
16215,5,2960,14517.195371842967,11366.532922297207,2019-07-22T16:16:57Z,46.24306667,13.17570000,737.00,8.212
16216,5,2961,14518.195371842967,11367.532922297207,2019-07-22T16:16:58Z,46.24301667,13.17556667,736.00,8.208
16217,5,2962,14519.195371842967,11368.532922297207,2019-07-22T16:16:59Z,46.24298333,13.17541667,736.00,8.202
16218,5,2963,14520.195371842967,11369.532922297207,2019-07-22T16:17:00Z,46.24301667,13.17528333,736.00,8.192
16219,5,2964,14521.195371842967,11370.532922297207,2019-07-22T16:17:01Z,46.24308333,13.17516667,736.00,8.181
16220,5,2965,14522.195371842967,11371.532922297207,2019-07-22T16:17:02Z,46.24323333,13.17510000,736.00,8.166
16221,5,2966,14523.195371842967,11372.532922297207,2019-07-22T16:17:03Z,46.24336667,13.17505000,734.00,8.153
16222,5,2967,14524.195371842967,11373.532922297207,2019-07-22T16:17:04Z,46.24351667,13.17510000,733.00,8.144
16223,5,2968,14525.195371842967,11374.532922297207,2019-07-22T16:17:05Z,46.24366667,13.17518333,731.00,8.138
16224,5,2969,14526.195371842967,11375.532922297207,2019-07-22T16:17:06Z,46.24378333,13.17536667,730.00,8.139
16225,5,2970,14527.195371842967,11376.532922297207,2019-07-22T16:17:07Z,46.24383333,13.17556667,730.00,8.147
16226,5,2971,14528.195371842967,11377.532922297207,2019-07-22T16:17:08Z,46.24390000,13.17578333,730.00,8.155
16227,5,2972,14529.195371842967,11378.532922297207,2019-07-22T16:17:09Z,46.24390000,13.17598333,730.00,8.166
16228,5,2973,14530.195371842967,11379.532922297207,2019-07-22T16:17:10Z,46.24388333,13.17618333,732.00,8.179
16229,5,2974,14531.195371842967,11380.532922297207,2019-07-22T16:17:11Z,46.24386667,13.17636667,733.00,8.19
16230,5,2975,14532.195371842967,11381.532922297207,2019-07-22T16:17:12Z,46.24381667,13.17651667,733.00,8.203
16231,5,2976,14533.195371842967,11382.532922297207,2019-07-22T16:17:13Z,46.24375000,13.17666667,733.00,8.216
16232,5,2977,14534.195371842967,11383.532922297207,2019-07-22T16:17:14Z,46.24365000,13.17680000,731.00,8.231
16233,5,2978,14535.195371842967,11384.532922297207,2019-07-22T16:17:15Z,46.24355000,13.17686667,731.00,8.243
16234,5,2979,14536.195371842967,11385.532922297207,2019-07-22T16:17:16Z,46.24343333,13.17691667,730.00,8.254
16235,5,2980,14537.195371842967,11386.532922297207,2019-07-22T16:17:17Z,46.24331667,13.17693333,731.00,8.264
16236,5,2981,14538.195371842967,11387.532922297207,2019-07-22T16:17:18Z,46.24321667,13.17693333,732.00,8.271
16237,5,2982,14539.195371842967,11388.532922297207,2019-07-22T16:17:19Z,46.24310000,13.17690000,732.00,8.278
16238,5,2983,14540.195371842967,11389.532922297207,2019-07-22T16:17:20Z,46.24300000,13.17686667,732.00,8.283
16239,5,2984,14541.195371842967,11390.532922297207,2019-07-22T16:17:21Z,46.24290000,13.17680000,731.00,8.287
16240,5,2985,14542.195371842967,11391.532922297207,2019-07-22T16:17:22Z,46.24283333,13.17671667,731.00,8.287
16241,5,2986,14543.195371842967,11392.532922297207,2019-07-22T16:17:23Z,46.24276667,13.17661667,730.00,8.287
16242,5,2987,14544.195371842967,11393.532922297207,2019-07-22T16:17:24Z,46.24271667,13.17650000,729.00,8.284
16243,5,2988,14545.195371842967,11394.532922297207,2019-07-22T16:17:25Z,46.24268333,13.17635000,728.00,8.278
16244,5,2989,14546.195371842967,11395.532922297207,2019-07-22T16:17:26Z,46.24266667,13.17618333,728.00,8.27
16245,5,2990,14547.195371842967,11396.532922297207,2019-07-22T16:17:27Z,46.24271667,13.17605000,728.00,8.258
16246,5,2991,14548.195371842967,11397.532922297207,2019-07-22T16:17:28Z,46.24276667,13.17588333,728.00,8.245
16247,5,2992,14549.195371842967,11398.532922297207,2019-07-22T16:17:29Z,46.24281667,13.17573333,727.00,8.233
16248,5,2993,14550.195371842967,11399.532922297207,2019-07-22T16:17:30Z,46.24288333,13.17558333,725.00,8.219
16249,5,2994,14551.195371842967,11400.532922297207,2019-07-22T16:17:31Z,46.24295000,13.17545000,723.00,8.207
16250,5,2995,14552.195371842967,11401.532922297207,2019-07-22T16:17:32Z,46.24303333,13.17530000,723.00,8.192
16251,5,2996,14553.195371842967,11402.532922297207,2019-07-22T16:17:33Z,46.24311667,13.17513333,721.00,8.176
16252,5,2997,14554.195371842967,11403.532922297207,2019-07-22T16:17:34Z,46.24320000,13.17496667,721.00,8.161
16253,5,2998,14555.195371842967,11404.532922297207,2019-07-22T16:17:35Z,46.24328333,13.17478333,721.00,8.144
16254,5,2999,14556.195371842967,11405.532922297207,2019-07-22T16:17:36Z,46.24336667,13.17461667,719.00,8.128
16255,5,3000,14557.195371842967,11406.532922297207,2019-07-22T16:17:37Z,46.24343333,13.17446667,718.00,8.115
16256,5,3001,14558.195371842967,11407.532922297207,2019-07-22T16:17:38Z,46.24350000,13.17431667,719.00,8.101
16257,5,3002,14559.195371842967,11408.532922297207,2019-07-22T16:17:39Z,46.24356667,13.17416667,719.00,8.088
16258,5,3003,14560.195371842967,11409.532922297207,2019-07-22T16:17:40Z,46.24363333,13.17401667,720.00,8.074
16259,5,3004,14561.195371842967,11410.532922297207,2019-07-22T16:17:41Z,46.24370000,13.17388333,720.00,8.062
16260,5,3005,14562.195371842967,11411.532922297207,2019-07-22T16:17:42Z,46.24375000,13.17371667,719.00,8.049
16261,5,3006,14563.195371842967,11412.532922297207,2019-07-22T16:17:43Z,46.24381667,13.17356667,719.00,8.035
16262,5,3007,14564.195371842967,11413.532922297207,2019-07-22T16:17:44Z,46.24390000,13.17340000,719.00,8.019
16263,5,3008,14565.195371842967,11414.532922297207,2019-07-22T16:17:45Z,46.24398333,13.17325000,718.00,8.005
16264,5,3009,14566.195371842967,11415.532922297207,2019-07-22T16:17:46Z,46.24406667,13.17310000,718.00,7.99
16265,5,3010,14567.195371842967,11416.532922297207,2019-07-22T16:17:47Z,46.24415000,13.17296667,718.00,7.976
16266,5,3011,14568.195371842967,11417.532922297207,2019-07-22T16:17:48Z,46.24426667,13.17281667,717.00,7.959
16267,5,3012,14569.195371842967,11418.532922297207,2019-07-22T16:17:49Z,46.24436667,13.17268333,716.00,7.944
16268,5,3013,14570.195371842967,11419.532922297207,2019-07-22T16:17:50Z,46.24448333,13.17255000,714.00,7.927
16269,5,3014,14571.195371842967,11420.532922297207,2019-07-22T16:17:51Z,46.24461667,13.17243333,713.00,7.911
16270,5,3015,14572.195371842967,11421.532922297207,2019-07-22T16:17:52Z,46.24475000,13.17230000,711.00,7.893
16271,5,3016,14573.195371842967,11422.532922297207,2019-07-22T16:17:53Z,46.24488333,13.17218333,708.00,7.876
16272,5,3017,14574.195371842967,11423.532922297207,2019-07-22T16:17:54Z,46.24503333,13.17208333,707.00,7.859
16273,5,3018,14575.195371842967,11424.532922297207,2019-07-22T16:17:55Z,46.24516667,13.17200000,705.00,7.845
16274,5,3019,14576.195371842967,11425.532922297207,2019-07-22T16:17:56Z,46.24531667,13.17191667,704.00,7.829
16275,5,3020,14577.195371842967,11426.532922297207,2019-07-22T16:17:57Z,46.24548333,13.17185000,704.00,7.812
16276,5,3021,14578.195371842967,11427.532922297207,2019-07-22T16:17:58Z,46.24563333,13.17178333,703.00,7.797
16277,5,3022,14579.195371842967,11428.532922297207,2019-07-22T16:17:59Z,46.24580000,13.17175000,703.00,7.783
16278,5,3023,14580.195371842967,11429.532922297207,2019-07-22T16:18:00Z,46.24595000,13.17170000,703.00,7.769
16279,5,3024,14581.195371842967,11430.532922297207,2019-07-22T16:18:01Z,46.24611667,13.17166667,701.00,7.754
16280,5,3025,14582.195371842967,11431.532922297207,2019-07-22T16:18:02Z,46.24626667,13.17163333,700.00,7.741
16281,5,3026,14583.195371842967,11432.532922297207,2019-07-22T16:18:03Z,46.24643333,13.17160000,698.00,7.727
16282,5,3027,14584.195371842967,11433.532922297207,2019-07-22T16:18:04Z,46.24658333,13.17156667,697.00,7.714
16283,5,3028,14585.195371842967,11434.532922297207,2019-07-22T16:18:05Z,46.24673333,13.17155000,696.00,7.702
16284,5,3029,14586.195371842967,11435.532922297207,2019-07-22T16:18:06Z,46.24690000,13.17151667,695.00,7.688
16285,5,3030,14587.195371842967,11436.532922297207,2019-07-22T16:18:07Z,46.24705000,13.17150000,694.00,7.676
16286,5,3031,14588.195371842967,11437.532922297207,2019-07-22T16:18:08Z,46.24721667,13.17148333,692.00,7.662
16287,5,3032,14589.195371842967,11438.532922297207,2019-07-22T16:18:09Z,46.24736667,13.17148333,692.00,7.651
16288,5,3033,14590.195371842967,11439.532922297207,2019-07-22T16:18:10Z,46.24751667,13.17146667,691.00,7.639
16289,5,3034,14591.195371842967,11440.532922297207,2019-07-22T16:18:11Z,46.24768333,13.17146667,689.00,7.627
16290,5,3035,14592.195371842967,11441.532922297207,2019-07-22T16:18:12Z,46.24783333,13.17145000,687.00,7.615
16291,5,3036,14593.195371842967,11442.532922297207,2019-07-22T16:18:13Z,46.24798333,13.17145000,685.00,7.604
16292,5,3037,14594.195371842967,11443.532922297207,2019-07-22T16:18:14Z,46.24815000,13.17143333,684.00,7.591
16293,5,3038,14595.195371842967,11444.532922297207,2019-07-22T16:18:15Z,46.24830000,13.17143333,682.00,7.58
16294,5,3039,14596.195371842967,11445.532922297207,2019-07-22T16:18:16Z,46.24845000,13.17145000,680.00,7.571
16295,5,3040,14597.195371842967,11446.532922297207,2019-07-22T16:18:17Z,46.24860000,13.17145000,678.00,7.56
16296,5,3041,14598.195371842967,11447.532922297207,2019-07-22T16:18:18Z,46.24875000,13.17145000,678.00,7.549
16297,5,3042,14599.195371842967,11448.532922297207,2019-07-22T16:18:19Z,46.24890000,13.17146667,678.00,7.539
16298,5,3043,14600.195371842967,11449.532922297207,2019-07-22T16:18:20Z,46.24903333,13.17148333,677.00,7.531
16299,5,3044,14601.195371842967,11450.532922297207,2019-07-22T16:18:21Z,46.24918333,13.17150000,677.00,7.521
16300,5,3045,14602.195371842967,11451.532922297207,2019-07-22T16:18:22Z,46.24931667,13.17151667,676.00,7.512
16301,5,3046,14603.195371842967,11452.532922297207,2019-07-22T16:18:23Z,46.24946667,13.17153333,675.00,7.503
16302,5,3047,14604.195371842967,11453.532922297207,2019-07-22T16:18:24Z,46.24960000,13.17156667,674.00,7.495
16303,5,3048,14605.195371842967,11454.532922297207,2019-07-22T16:18:25Z,46.24976667,13.17161667,672.00,7.487
16304,5,3049,14606.195371842967,11455.532922297207,2019-07-22T16:18:26Z,46.24991667,13.17168333,671.00,7.48
16305,5,3050,14607.195371842967,11456.532922297207,2019-07-22T16:18:27Z,46.25006667,13.17175000,671.00,7.474
16306,5,3051,14608.195371842967,11457.532922297207,2019-07-22T16:18:28Z,46.25021667,13.17181667,673.00,7.467
16307,5,3052,14609.195371842967,11458.532922297207,2019-07-22T16:18:29Z,46.25035000,13.17188333,675.00,7.462
16308,5,3053,14610.195371842967,11459.532922297207,2019-07-22T16:18:30Z,46.25048333,13.17195000,677.00,7.457
16309,5,3054,14611.195371842967,11460.532922297207,2019-07-22T16:18:31Z,46.25063333,13.17200000,678.00,7.449
16310,5,3055,14612.195371842967,11461.532922297207,2019-07-22T16:18:32Z,46.25076667,13.17203333,678.00,7.442
16311,5,3056,14613.195371842967,11462.532922297207,2019-07-22T16:18:33Z,46.25093333,13.17203333,678.00,7.431
16312,5,3057,14614.195371842967,11463.532922297207,2019-07-22T16:18:34Z,46.25108333,13.17200000,677.00,7.418
16313,5,3058,14615.195371842967,11464.532922297207,2019-07-22T16:18:35Z,46.25123333,13.17196667,677.00,7.406
16314,5,3059,14616.195371842967,11465.532922297207,2019-07-22T16:18:36Z,46.25138333,13.17190000,677.00,7.392
16315,5,3060,14617.195371842967,11466.532922297207,2019-07-22T16:18:37Z,46.25150000,13.17178333,678.00,7.377
16316,5,3061,14618.195371842967,11467.532922297207,2019-07-22T16:18:38Z,46.25156667,13.17163333,677.00,7.363
16317,5,3062,14619.195371842967,11468.532922297207,2019-07-22T16:18:39Z,46.25160000,13.17143333,677.00,7.349
16318,5,3063,14620.195371842967,11469.532922297207,2019-07-22T16:18:40Z,46.25153333,13.17131667,676.00,7.346
16319,5,3064,14621.195371842967,11470.532922297207,2019-07-22T16:18:41Z,46.25143333,13.17121667,675.00,7.347
16320,5,3065,14622.195371842967,11471.532922297207,2019-07-22T16:18:42Z,46.25130000,13.17121667,674.00,7.356
16321,5,3066,14623.195371842967,11472.532922297207,2019-07-22T16:18:43Z,46.25116667,13.17131667,673.00,7.371
16322,5,3067,14624.195371842967,11473.532922297207,2019-07-22T16:18:44Z,46.25106667,13.17148333,672.00,7.388
16323,5,3068,14625.195371842967,11474.532922297207,2019-07-22T16:18:45Z,46.25101667,13.17170000,673.00,7.405
16324,5,3069,14626.195371842967,11475.532922297207,2019-07-22T16:18:46Z,46.25103333,13.17191667,673.00,7.417
16325,5,3070,14627.195371842967,11476.532922297207,2019-07-22T16:18:47Z,46.25105000,13.17213333,674.00,7.429
16326,5,3071,14628.195371842967,11477.532922297207,2019-07-22T16:18:48Z,46.25108333,13.17235000,675.00,7.44
16327,5,3072,14629.195371842967,11478.532922297207,2019-07-22T16:18:49Z,46.25115000,13.17253333,676.00,7.446
16328,5,3073,14630.195371842967,11479.532922297207,2019-07-22T16:18:50Z,46.25123333,13.17271667,677.00,7.452
16329,5,3074,14631.195371842967,11480.532922297207,2019-07-22T16:18:51Z,46.25131667,13.17290000,677.00,7.457
16330,5,3075,14632.195371842967,11481.532922297207,2019-07-22T16:18:52Z,46.25141667,13.17306667,677.00,7.461
16331,5,3076,14633.195371842967,11482.532922297207,2019-07-22T16:18:53Z,46.25151667,13.17325000,678.00,7.465
16332,5,3077,14634.195371842967,11483.532922297207,2019-07-22T16:18:54Z,46.25161667,13.17340000,678.00,7.468
16333,5,3078,14635.195371842967,11484.532922297207,2019-07-22T16:18:55Z,46.25173333,13.17355000,678.00,7.47
16334,5,3079,14636.195371842967,11485.532922297207,2019-07-22T16:18:56Z,46.25185000,13.17368333,678.00,7.47
16335,5,3080,14637.195371842967,11486.532922297207,2019-07-22T16:18:57Z,46.25198333,13.17380000,678.00,7.468
16336,5,3081,14638.195371842967,11487.532922297207,2019-07-22T16:18:58Z,46.25211667,13.17388333,678.00,7.465
16337,5,3082,14639.195371842967,11488.532922297207,2019-07-22T16:18:59Z,46.25226667,13.17393333,676.00,7.458
16338,5,3083,14640.195371842967,11489.532922297207,2019-07-22T16:19:00Z,46.25241667,13.17396667,676.00,7.451
16339,5,3084,14641.195371842967,11490.532922297207,2019-07-22T16:19:01Z,46.25256667,13.17395000,675.00,7.44
16340,5,3085,14642.195371842967,11491.532922297207,2019-07-22T16:19:02Z,46.25271667,13.17390000,675.00,7.427
16341,5,3086,14643.195371842967,11492.532922297207,2019-07-22T16:19:03Z,46.25285000,13.17383333,674.00,7.414
16342,5,3087,14644.195371842967,11493.532922297207,2019-07-22T16:19:04Z,46.25298333,13.17375000,674.00,7.4
16343,5,3088,14645.195371842967,11494.532922297207,2019-07-22T16:19:05Z,46.25310000,13.17368333,673.00,7.389
16344,5,3089,14646.195371842967,11495.532922297207,2019-07-22T16:19:06Z,46.25320000,13.17360000,673.00,7.377
16345,5,3090,14647.195371842967,11496.532922297207,2019-07-22T16:19:07Z,46.25331667,13.17351667,672.00,7.364
16346,5,3091,14648.195371842967,11497.532922297207,2019-07-22T16:19:08Z,46.25341667,13.17343333,670.00,7.353
16347,5,3092,14649.195371842967,11498.532922297207,2019-07-22T16:19:09Z,46.25353333,13.17333333,668.00,7.339
16348,5,3093,14650.195371842967,11499.532922297207,2019-07-22T16:19:10Z,46.25363333,13.17320000,666.00,7.324
16349,5,3094,14651.195371842967,11500.532922297207,2019-07-22T16:19:11Z,46.25373333,13.17305000,665.00,7.308
16350,5,3095,14652.195371842967,11501.532922297207,2019-07-22T16:19:12Z,46.25383333,13.17290000,663.00,7.292
16351,5,3096,14653.195371842967,11502.532922297207,2019-07-22T16:19:13Z,46.25391667,13.17276667,659.00,7.279
16352,5,3097,14654.195371842967,11503.532922297207,2019-07-22T16:19:14Z,46.25400000,13.17261667,658.00,7.264
16353,5,3098,14655.195371842967,11504.532922297207,2019-07-22T16:19:15Z,46.25408333,13.17245000,656.00,7.248
16354,5,3099,14656.195371842967,11505.532922297207,2019-07-22T16:19:16Z,46.25416667,13.17230000,655.00,7.233
16355,5,3100,14657.195371842967,11506.532922297207,2019-07-22T16:19:17Z,46.25425000,13.17215000,654.00,7.219
16356,5,3101,14658.195371842967,11507.532922297207,2019-07-22T16:19:18Z,46.25435000,13.17200000,652.00,7.203
16357,5,3102,14659.195371842967,11508.532922297207,2019-07-22T16:19:19Z,46.25446667,13.17186667,650.00,7.187
16358,5,3103,14660.195371842967,11509.532922297207,2019-07-22T16:19:20Z,46.25456667,13.17173333,649.00,7.172
16359,5,3104,14661.195371842967,11510.532922297207,2019-07-22T16:19:21Z,46.25468333,13.17161667,649.00,7.157
16360,5,3105,14662.195371842967,11511.532922297207,2019-07-22T16:19:22Z,46.25478333,13.17148333,647.00,7.143
16361,5,3106,14663.195371842967,11512.532922297207,2019-07-22T16:19:23Z,46.25490000,13.17135000,646.00,7.127
16362,5,3107,14664.195371842967,11513.532922297207,2019-07-22T16:19:24Z,46.25501667,13.17121667,645.00,7.111
16363,5,3108,14665.195371842967,11514.532922297207,2019-07-22T16:19:25Z,46.25511667,13.17110000,644.00,7.097
16364,5,3109,14666.195371842967,11515.532922297207,2019-07-22T16:19:26Z,46.25523333,13.17096667,642.00,7.081
16365,5,3110,14667.195371842967,11516.532922297207,2019-07-22T16:19:27Z,46.25533333,13.17085000,641.00,7.068
16366,5,3111,14668.195371842967,11517.532922297207,2019-07-22T16:19:28Z,46.25545000,13.17071667,640.00,7.052
16367,5,3112,14669.195371842967,11518.532922297207,2019-07-22T16:19:29Z,46.25556667,13.17060000,639.00,7.037
16368,5,3113,14670.195371842967,11519.532922297207,2019-07-22T16:19:30Z,46.25568333,13.17046667,638.00,7.021
16369,5,3114,14671.195371842967,11520.532922297207,2019-07-22T16:19:31Z,46.25580000,13.17033333,636.00,7.006
16370,5,3115,14672.195371842967,11521.532922297207,2019-07-22T16:19:32Z,46.25590000,13.17020000,635.00,6.991
16371,5,3116,14673.195371842967,11522.532922297207,2019-07-22T16:19:33Z,46.25601667,13.17008333,633.00,6.976
16372,5,3117,14674.195371842967,11523.532922297207,2019-07-22T16:19:34Z,46.25613333,13.16993333,632.00,6.959
16373,5,3118,14675.195371842967,11524.532922297207,2019-07-22T16:19:35Z,46.25623333,13.16980000,630.00,6.945
16374,5,3119,14676.195371842967,11525.532922297207,2019-07-22T16:19:36Z,46.25635000,13.16965000,629.00,6.928
16375,5,3120,14677.195371842967,11526.532922297207,2019-07-22T16:19:37Z,46.25645000,13.16950000,627.00,6.912
16376,5,3121,14678.195371842967,11527.532922297207,2019-07-22T16:19:38Z,46.25656667,13.16935000,626.00,6.895
16377,5,3122,14679.195371842967,11528.532922297207,2019-07-22T16:19:39Z,46.25666667,13.16920000,624.00,6.879
16378,5,3123,14680.195371842967,11529.532922297207,2019-07-22T16:19:40Z,46.25676667,13.16905000,622.00,6.864
16379,5,3124,14681.195371842967,11530.532922297207,2019-07-22T16:19:41Z,46.25688333,13.16890000,621.00,6.847
16380,5,3125,14682.195371842967,11531.532922297207,2019-07-22T16:19:42Z,46.25698333,13.16875000,619.00,6.831
16381,5,3126,14683.195371842967,11532.532922297207,2019-07-22T16:19:43Z,46.25710000,13.16860000,619.00,6.814
16382,5,3127,14684.195371842967,11533.532922297207,2019-07-22T16:19:44Z,46.25721667,13.16846667,617.00,6.799
16383,5,3128,14685.195371842967,11534.532922297207,2019-07-22T16:19:45Z,46.25733333,13.16833333,615.00,6.783
16384,5,3129,14686.195371842967,11535.532922297207,2019-07-22T16:19:46Z,46.25745000,13.16818333,614.00,6.766
16385,5,3130,14687.195371842967,11536.532922297207,2019-07-22T16:19:47Z,46.25756667,13.16805000,614.00,6.75
16386,5,3131,14688.195371842967,11537.532922297207,2019-07-22T16:19:48Z,46.25768333,13.16793333,613.00,6.736
16387,5,3132,14689.195371842967,11538.532922297207,2019-07-22T16:19:49Z,46.25781667,13.16781667,612.00,6.72
16388,5,3133,14690.195371842967,11539.532922297207,2019-07-22T16:19:50Z,46.25795000,13.16770000,611.00,6.704
16389,5,3134,14691.195371842967,11540.532922297207,2019-07-22T16:19:51Z,46.25806667,13.16758333,610.00,6.69
16390,5,3135,14692.195371842967,11541.532922297207,2019-07-22T16:19:52Z,46.25818333,13.16748333,610.00,6.676
16391,5,3136,14693.195371842967,11542.532922297207,2019-07-22T16:19:53Z,46.25831667,13.16736667,608.00,6.66
16392,5,3137,14694.195371842967,11543.532922297207,2019-07-22T16:19:54Z,46.25843333,13.16726667,607.00,6.647
16393,5,3138,14695.195371842967,11544.532922297207,2019-07-22T16:19:55Z,46.25856667,13.16715000,605.00,6.631
16394,5,3139,14696.195371842967,11545.532922297207,2019-07-22T16:19:56Z,46.25870000,13.16703333,604.00,6.616
16395,5,3140,14697.195371842967,11546.532922297207,2019-07-22T16:19:57Z,46.25881667,13.16691667,603.00,6.601
16396,5,3141,14698.195371842967,11547.532922297207,2019-07-22T16:19:58Z,46.25895000,13.16680000,601.00,6.586
16397,5,3142,14699.195371842967,11548.532922297207,2019-07-22T16:19:59Z,46.25908333,13.16668333,598.00,6.57
16398,5,3143,14700.195371842967,11549.532922297207,2019-07-22T16:20:00Z,46.25921667,13.16656667,597.00,6.555
16399,5,3144,14701.195371842967,11550.532922297207,2019-07-22T16:20:01Z,46.25935000,13.16643333,596.00,6.538
16400,5,3145,14702.195371842967,11551.532922297207,2019-07-22T16:20:02Z,46.25946667,13.16631667,595.00,6.523
16401,5,3146,14703.195371842967,11552.532922297207,2019-07-22T16:20:03Z,46.25960000,13.16620000,593.00,6.508
16402,5,3147,14704.195371842967,11553.532922297207,2019-07-22T16:20:04Z,46.25973333,13.16608333,593.00,6.492
16403,5,3148,14705.195371842967,11554.532922297207,2019-07-22T16:20:05Z,46.25986667,13.16596667,593.00,6.477
16404,5,3149,14706.195371842967,11555.532922297207,2019-07-22T16:20:06Z,46.25998333,13.16585000,592.00,6.462
16405,5,3150,14707.195371842967,11556.532922297207,2019-07-22T16:20:07Z,46.26011667,13.16575000,591.00,6.448
16406,5,3151,14708.195371842967,11557.532922297207,2019-07-22T16:20:08Z,46.26025000,13.16563333,588.00,6.433
16407,5,3152,14709.195371842967,11558.532922297207,2019-07-22T16:20:09Z,46.26038333,13.16553333,588.00,6.418
16408,5,3153,14710.195371842967,11559.532922297207,2019-07-22T16:20:10Z,46.26051667,13.16543333,587.00,6.404
16409,5,3154,14711.195371842967,11560.532922297207,2019-07-22T16:20:11Z,46.26065000,13.16533333,586.00,6.39
16410,5,3155,14712.195371842967,11561.532922297207,2019-07-22T16:20:12Z,46.26076667,13.16523333,586.00,6.376
16411,5,3156,14713.195371842967,11562.532922297207,2019-07-22T16:20:13Z,46.26090000,13.16515000,586.00,6.363
16412,5,3157,14714.195371842967,11563.532922297207,2019-07-22T16:20:14Z,46.26101667,13.16506667,584.00,6.351
16413,5,3158,14715.195371842967,11564.532922297207,2019-07-22T16:20:15Z,46.26115000,13.16498333,584.00,6.338
16414,5,3159,14716.195371842967,11565.532922297207,2019-07-22T16:20:16Z,46.26128333,13.16490000,582.00,6.325
16415,5,3160,14717.195371842967,11566.532922297207,2019-07-22T16:20:17Z,46.26143333,13.16481667,581.00,6.31
16416,5,3161,14718.195371842967,11567.532922297207,2019-07-22T16:20:18Z,46.26156667,13.16475000,580.00,6.299
16417,5,3162,14719.195371842967,11568.532922297207,2019-07-22T16:20:19Z,46.26171667,13.16471667,580.00,6.288
16418,5,3163,14720.195371842967,11569.532922297207,2019-07-22T16:20:20Z,46.26188333,13.16468333,580.00,6.276
16419,5,3164,14721.195371842967,11570.532922297207,2019-07-22T16:20:21Z,46.26203333,13.16466667,581.00,6.267
16420,5,3165,14722.195371842967,11571.532922297207,2019-07-22T16:20:22Z,46.26220000,13.16465000,581.00,6.256
16421,5,3166,14723.195371842967,11572.532922297207,2019-07-22T16:20:23Z,46.26235000,13.16463333,582.00,6.247
16422,5,3167,14724.195371842967,11573.532922297207,2019-07-22T16:20:24Z,46.26250000,13.16458333,584.00,6.235
16423,5,3168,14725.195371842967,11574.532922297207,2019-07-22T16:20:25Z,46.26263333,13.16450000,586.00,6.222
16424,5,3169,14726.195371842967,11575.532922297207,2019-07-22T16:20:26Z,46.26273333,13.16438333,588.00,6.209
16425,5,3170,14727.195371842967,11576.532922297207,2019-07-22T16:20:27Z,46.26280000,13.16421667,588.00,6.194
16426,5,3171,14728.195371842967,11577.532922297207,2019-07-22T16:20:28Z,46.26280000,13.16405000,588.00,6.183
16427,5,3172,14729.195371842967,11578.532922297207,2019-07-22T16:20:29Z,46.26273333,13.16393333,587.00,6.179
16428,5,3173,14730.195371842967,11579.532922297207,2019-07-22T16:20:30Z,46.26263333,13.16388333,587.00,6.181
16429,5,3174,14731.195371842967,11580.532922297207,2019-07-22T16:20:31Z,46.26251667,13.16391667,587.00,6.19
16430,5,3175,14732.195371842967,11581.532922297207,2019-07-22T16:20:32Z,46.26241667,13.16401667,587.00,6.202
16431,5,3176,14733.195371842967,11582.532922297207,2019-07-22T16:20:33Z,46.26231667,13.16416667,585.00,6.218
16432,5,3177,14734.195371842967,11583.532922297207,2019-07-22T16:20:34Z,46.26221667,13.16431667,584.00,6.233
16433,5,3178,14735.195371842967,11584.532922297207,2019-07-22T16:20:35Z,46.26213333,13.16448333,585.00,6.249
16434,5,3179,14736.195371842967,11585.532922297207,2019-07-22T16:20:36Z,46.26206667,13.16466667,586.00,6.265
16435,5,3180,14737.195371842967,11586.532922297207,2019-07-22T16:20:37Z,46.26201667,13.16485000,588.00,6.28
16436,5,3181,14738.195371842967,11587.532922297207,2019-07-22T16:20:38Z,46.26198333,13.16506667,590.00,6.296
16437,5,3182,14739.195371842967,11588.532922297207,2019-07-22T16:20:39Z,46.26200000,13.16526667,592.00,6.308
16438,5,3183,14740.195371842967,11589.532922297207,2019-07-22T16:20:40Z,46.26205000,13.16546667,593.00,6.319
16439,5,3184,14741.195371842967,11590.532922297207,2019-07-22T16:20:41Z,46.26215000,13.16565000,593.00,6.326
16440,5,3185,14742.195371842967,11591.532922297207,2019-07-22T16:20:42Z,46.26230000,13.16575000,593.00,6.324
16441,5,3186,14743.195371842967,11592.532922297207,2019-07-22T16:20:43Z,46.26245000,13.16578333,593.00,6.318
16442,5,3187,14744.195371842967,11593.532922297207,2019-07-22T16:20:44Z,46.26260000,13.16573333,593.00,6.307
16443,5,3188,14745.195371842967,11594.532922297207,2019-07-22T16:20:45Z,46.26273333,13.16563333,593.00,6.293
16444,5,3189,14746.195371842967,11595.532922297207,2019-07-22T16:20:46Z,46.26283333,13.16548333,594.00,6.277
16445,5,3190,14747.195371842967,11596.532922297207,2019-07-22T16:20:47Z,46.26288333,13.16533333,596.00,6.265
16446,5,3191,14748.195371842967,11597.532922297207,2019-07-22T16:20:48Z,46.26291667,13.16516667,598.00,6.252
16447,5,3192,14749.195371842967,11598.532922297207,2019-07-22T16:20:49Z,46.26291667,13.16500000,600.00,6.24
16448,5,3193,14750.195371842967,11599.532922297207,2019-07-22T16:20:50Z,46.26286667,13.16486667,601.00,6.234
16449,5,3194,14751.195371842967,11600.532922297207,2019-07-22T16:20:51Z,46.26280000,13.16476667,603.00,6.231
16450,5,3195,14752.195371842967,11601.532922297207,2019-07-22T16:20:52Z,46.26270000,13.16473333,604.00,6.234
16451,5,3196,14753.195371842967,11602.532922297207,2019-07-22T16:20:53Z,46.26260000,13.16478333,604.00,6.243
16452,5,3197,14754.195371842967,11603.532922297207,2019-07-22T16:20:54Z,46.26251667,13.16493333,603.00,6.258
16453,5,3198,14755.195371842967,11604.532922297207,2019-07-22T16:20:55Z,46.26246667,13.16515000,603.00,6.275
16454,5,3199,14756.195371842967,11605.532922297207,2019-07-22T16:20:56Z,46.26246667,13.16538333,603.00,6.291
16455,5,3200,14757.195371842967,11606.532922297207,2019-07-22T16:20:57Z,46.26251667,13.16561667,603.00,6.304
16456,5,3201,14758.195371842967,11607.532922297207,2019-07-22T16:20:58Z,46.26260000,13.16580000,604.00,6.311
16457,5,3202,14759.195371842967,11608.532922297207,2019-07-22T16:20:59Z,46.26271667,13.16595000,605.00,6.315
16458,5,3203,14760.195371842967,11609.532922297207,2019-07-22T16:21:00Z,46.26285000,13.16606667,607.00,6.316
16459,5,3204,14761.195371842967,11610.532922297207,2019-07-22T16:21:01Z,46.26298333,13.16613333,608.00,6.313
16460,5,3205,14762.195371842967,11611.532922297207,2019-07-22T16:21:02Z,46.26315000,13.16615000,608.00,6.306
16461,5,3206,14763.195371842967,11612.532922297207,2019-07-22T16:21:03Z,46.26330000,13.16613333,608.00,6.297
16462,5,3207,14764.195371842967,11613.532922297207,2019-07-22T16:21:04Z,46.26345000,13.16608333,609.00,6.286
16463,5,3208,14765.195371842967,11614.532922297207,2019-07-22T16:21:05Z,46.26358333,13.16601667,610.00,6.274
16464,5,3209,14766.195371842967,11615.532922297207,2019-07-22T16:21:06Z,46.26371667,13.16593333,612.00,6.262
16465,5,3210,14767.195371842967,11616.532922297207,2019-07-22T16:21:07Z,46.26380000,13.16583333,614.00,6.25
16466,5,3211,14768.195371842967,11617.532922297207,2019-07-22T16:21:08Z,46.26386667,13.16570000,615.00,6.238
16467,5,3212,14769.195371842967,11618.532922297207,2019-07-22T16:21:09Z,46.26390000,13.16553333,616.00,6.225
16468,5,3213,14770.195371842967,11619.532922297207,2019-07-22T16:21:10Z,46.26388333,13.16536667,615.00,6.214
16469,5,3214,14771.195371842967,11620.532922297207,2019-07-22T16:21:11Z,46.26381667,13.16521667,615.00,6.208
16470,5,3215,14772.195371842967,11621.532922297207,2019-07-22T16:21:12Z,46.26371667,13.16511667,615.00,6.206
16471,5,3216,14773.195371842967,11622.532922297207,2019-07-22T16:21:13Z,46.26361667,13.16505000,615.00,6.207
16472,5,3217,14774.195371842967,11623.532922297207,2019-07-22T16:21:14Z,46.26351667,13.16503333,616.00,6.211
16473,5,3218,14775.195371842967,11624.532922297207,2019-07-22T16:21:15Z,46.26341667,13.16503333,617.00,6.216
16474,5,3219,14776.195371842967,11625.532922297207,2019-07-22T16:21:16Z,46.26331667,13.16506667,618.00,6.224
16475,5,3220,14777.195371842967,11626.532922297207,2019-07-22T16:21:17Z,46.26321667,13.16513333,619.00,6.233
16476,5,3221,14778.195371842967,11627.532922297207,2019-07-22T16:21:18Z,46.26311667,13.16523333,618.00,6.245
16477,5,3222,14779.195371842967,11628.532922297207,2019-07-22T16:21:19Z,46.26303333,13.16538333,618.00,6.26
16478,5,3223,14780.195371842967,11629.532922297207,2019-07-22T16:21:20Z,46.26298333,13.16558333,618.00,6.276
16479,5,3224,14781.195371842967,11630.532922297207,2019-07-22T16:21:21Z,46.26296667,13.16580000,617.00,6.292
16480,5,3225,14782.195371842967,11631.532922297207,2019-07-22T16:21:22Z,46.26300000,13.16603333,616.00,6.306
16481,5,3226,14783.195371842967,11632.532922297207,2019-07-22T16:21:23Z,46.26308333,13.16623333,617.00,6.315
16482,5,3227,14784.195371842967,11633.532922297207,2019-07-22T16:21:24Z,46.26320000,13.16638333,619.00,6.319
16483,5,3228,14785.195371842967,11634.532922297207,2019-07-22T16:21:25Z,46.26335000,13.16645000,621.00,6.316
16484,5,3229,14786.195371842967,11635.532922297207,2019-07-22T16:21:26Z,46.26348333,13.16645000,622.00,6.309
16485,5,3230,14787.195371842967,11636.532922297207,2019-07-22T16:21:27Z,46.26360000,13.16633333,623.00,6.295
16486,5,3231,14788.195371842967,11637.532922297207,2019-07-22T16:21:28Z,46.26366667,13.16616667,622.00,6.28
16487,5,3232,14789.195371842967,11638.532922297207,2019-07-22T16:21:29Z,46.26366667,13.16600000,622.00,6.269
16488,5,3233,14790.195371842967,11639.532922297207,2019-07-22T16:21:30Z,46.26360000,13.16585000,623.00,6.262
16489,5,3234,14791.195371842967,11640.532922297207,2019-07-22T16:21:31Z,46.26351667,13.16576667,624.00,6.261
16490,5,3235,14792.195371842967,11641.532922297207,2019-07-22T16:21:32Z,46.26340000,13.16575000,624.00,6.266
16491,5,3236,14793.195371842967,11642.532922297207,2019-07-22T16:21:33Z,46.26328333,13.16581667,625.00,6.276
16492,5,3237,14794.195371842967,11643.532922297207,2019-07-22T16:21:34Z,46.26318333,13.16596667,625.00,6.292
16493,5,3238,14795.195371842967,11644.532922297207,2019-07-22T16:21:35Z,46.26311667,13.16615000,625.00,6.307
16494,5,3239,14796.195371842967,11645.532922297207,2019-07-22T16:21:36Z,46.26310000,13.16636667,626.00,6.323
16495,5,3240,14797.195371842967,11646.532922297207,2019-07-22T16:21:37Z,46.26315000,13.16658333,626.00,6.335
16496,5,3241,14798.195371842967,11647.532922297207,2019-07-22T16:21:38Z,46.26323333,13.16676667,626.00,6.343
16497,5,3242,14799.195371842967,11648.532922297207,2019-07-22T16:21:39Z,46.26335000,13.16688333,628.00,6.345
16498,5,3243,14800.195371842967,11649.532922297207,2019-07-22T16:21:40Z,46.26350000,13.16691667,629.00,6.34
16499,5,3244,14801.195371842967,11650.532922297207,2019-07-22T16:21:41Z,46.26363333,13.16688333,629.00,6.331
16500,5,3245,14802.195371842967,11651.532922297207,2019-07-22T16:21:42Z,46.26375000,13.16678333,630.00,6.318
16501,5,3246,14803.195371842967,11652.532922297207,2019-07-22T16:21:43Z,46.26386667,13.16666667,631.00,6.304
16502,5,3247,14804.195371842967,11653.532922297207,2019-07-22T16:21:44Z,46.26393333,13.16651667,632.00,6.29
16503,5,3248,14805.195371842967,11654.532922297207,2019-07-22T16:21:45Z,46.26396667,13.16635000,632.00,6.277
16504,5,3249,14806.195371842967,11655.532922297207,2019-07-22T16:21:46Z,46.26396667,13.16618333,633.00,6.266
16505,5,3250,14807.195371842967,11656.532922297207,2019-07-22T16:21:47Z,46.26395000,13.16605000,634.00,6.258
16506,5,3251,14808.195371842967,11657.532922297207,2019-07-22T16:21:48Z,46.26388333,13.16591667,634.00,6.252
16507,5,3252,14809.195371842967,11658.532922297207,2019-07-22T16:21:49Z,46.26380000,13.16583333,632.00,6.25
16508,5,3253,14810.195371842967,11659.532922297207,2019-07-22T16:21:50Z,46.26368333,13.16583333,632.00,6.256
16509,5,3254,14811.195371842967,11660.532922297207,2019-07-22T16:21:51Z,46.26356667,13.16590000,632.00,6.267
16510,5,3255,14812.195371842967,11661.532922297207,2019-07-22T16:21:52Z,46.26346667,13.16606667,632.00,6.284
16511,5,3256,14813.195371842967,11662.532922297207,2019-07-22T16:21:53Z,46.26341667,13.16626667,632.00,6.3
16512,5,3257,14814.195371842967,11663.532922297207,2019-07-22T16:21:54Z,46.26341667,13.16650000,632.00,6.316
16513,5,3258,14815.195371842967,11664.532922297207,2019-07-22T16:21:55Z,46.26346667,13.16673333,632.00,6.329
16514,5,3259,14816.195371842967,11665.532922297207,2019-07-22T16:21:56Z,46.26353333,13.16693333,633.00,6.339
16515,5,3260,14817.195371842967,11666.532922297207,2019-07-22T16:21:57Z,46.26361667,13.16710000,635.00,6.346
16516,5,3261,14818.195371842967,11667.532922297207,2019-07-22T16:21:58Z,46.26373333,13.16723333,636.00,6.349
16517,5,3262,14819.195371842967,11668.532922297207,2019-07-22T16:21:59Z,46.26386667,13.16731667,637.00,6.348
16518,5,3263,14820.195371842967,11669.532922297207,2019-07-22T16:22:00Z,46.26400000,13.16735000,638.00,6.344
16519,5,3264,14821.195371842967,11670.532922297207,2019-07-22T16:22:01Z,46.26413333,13.16735000,639.00,6.337
16520,5,3265,14822.195371842967,11671.532922297207,2019-07-22T16:22:02Z,46.26425000,13.16728333,639.00,6.327
16521,5,3266,14823.195371842967,11672.532922297207,2019-07-22T16:22:03Z,46.26436667,13.16720000,640.00,6.316
16522,5,3267,14824.195371842967,11673.532922297207,2019-07-22T16:22:04Z,46.26446667,13.16708333,639.00,6.303
16523,5,3268,14825.195371842967,11674.532922297207,2019-07-22T16:22:05Z,46.26453333,13.16695000,640.00,6.29
16524,5,3269,14826.195371842967,11675.532922297207,2019-07-22T16:22:06Z,46.26460000,13.16680000,638.00,6.276
16525,5,3270,14827.195371842967,11676.532922297207,2019-07-22T16:22:07Z,46.26465000,13.16665000,639.00,6.264
16526,5,3271,14828.195371842967,11677.532922297207,2019-07-22T16:22:08Z,46.26470000,13.16651667,640.00,6.252
16527,5,3272,14829.195371842967,11678.532922297207,2019-07-22T16:22:09Z,46.26476667,13.16636667,640.00,6.238
16528,5,3273,14830.195371842967,11679.532922297207,2019-07-22T16:22:10Z,46.26483333,13.16625000,639.00,6.227
16529,5,3274,14831.195371842967,11680.532922297207,2019-07-22T16:22:11Z,46.26490000,13.16611667,638.00,6.215
16530,5,3275,14832.195371842967,11681.532922297207,2019-07-22T16:22:12Z,46.26498333,13.16600000,639.00,6.202
16531,5,3276,14833.195371842967,11682.532922297207,2019-07-22T16:22:13Z,46.26506667,13.16586667,639.00,6.189
16532,5,3277,14834.195371842967,11683.532922297207,2019-07-22T16:22:14Z,46.26515000,13.16575000,639.00,6.177
16533,5,3278,14835.195371842967,11684.532922297207,2019-07-22T16:22:15Z,46.26523333,13.16560000,638.00,6.163
16534,5,3279,14836.195371842967,11685.532922297207,2019-07-22T16:22:16Z,46.26530000,13.16546667,638.00,6.15
16535,5,3280,14837.195371842967,11686.532922297207,2019-07-22T16:22:17Z,46.26538333,13.16533333,637.00,6.137
16536,5,3281,14838.195371842967,11687.532922297207,2019-07-22T16:22:18Z,46.26545000,13.16520000,637.00,6.124
16537,5,3282,14839.195371842967,11688.532922297207,2019-07-22T16:22:19Z,46.26553333,13.16508333,637.00,6.112
16538,5,3283,14840.195371842967,11689.532922297207,2019-07-22T16:22:20Z,46.26560000,13.16495000,637.00,6.1
16539,5,3284,14841.195371842967,11690.532922297207,2019-07-22T16:22:21Z,46.26568333,13.16480000,636.00,6.086
16540,5,3285,14842.195371842967,11691.532922297207,2019-07-22T16:22:22Z,46.26576667,13.16466667,636.00,6.072
16541,5,3286,14843.195371842967,11692.532922297207,2019-07-22T16:22:23Z,46.26586667,13.16451667,635.00,6.057
16542,5,3287,14844.195371842967,11693.532922297207,2019-07-22T16:22:24Z,46.26595000,13.16436667,634.00,6.043
16543,5,3288,14845.195371842967,11694.532922297207,2019-07-22T16:22:25Z,46.26605000,13.16421667,633.00,6.027
16544,5,3289,14846.195371842967,11695.532922297207,2019-07-22T16:22:26Z,46.26613333,13.16406667,632.00,6.013
16545,5,3290,14847.195371842967,11696.532922297207,2019-07-22T16:22:27Z,46.26623333,13.16393333,631.00,5.999
16546,5,3291,14848.195371842967,11697.532922297207,2019-07-22T16:22:28Z,46.26631667,13.16380000,632.00,5.986
16547,5,3292,14849.195371842967,11698.532922297207,2019-07-22T16:22:29Z,46.26640000,13.16365000,632.00,5.971
16548,5,3293,14850.195371842967,11699.532922297207,2019-07-22T16:22:30Z,46.26648333,13.16351667,631.00,5.958
16549,5,3294,14851.195371842967,11700.532922297207,2019-07-22T16:22:31Z,46.26655000,13.16338333,631.00,5.946
16550,5,3295,14852.195371842967,11701.532922297207,2019-07-22T16:22:32Z,46.26661667,13.16323333,630.00,5.932
16551,5,3296,14853.195371842967,11702.532922297207,2019-07-22T16:22:33Z,46.26668333,13.16308333,630.00,5.919
16552,5,3297,14854.195371842967,11703.532922297207,2019-07-22T16:22:34Z,46.26675000,13.16293333,629.00,5.905
16553,5,3298,14855.195371842967,11704.532922297207,2019-07-22T16:22:35Z,46.26681667,13.16276667,627.00,5.89
16554,5,3299,14856.195371842967,11705.532922297207,2019-07-22T16:22:36Z,46.26688333,13.16261667,626.00,5.877
16555,5,3300,14857.195371842967,11706.532922297207,2019-07-22T16:22:37Z,46.26696667,13.16245000,625.00,5.861
16556,5,3301,14858.195371842967,11707.532922297207,2019-07-22T16:22:38Z,46.26703333,13.16230000,624.00,5.848
16557,5,3302,14859.195371842967,11708.532922297207,2019-07-22T16:22:39Z,46.26710000,13.16215000,623.00,5.834
16558,5,3303,14860.195371842967,11709.532922297207,2019-07-22T16:22:40Z,46.26715000,13.16198333,622.00,5.82
16559,5,3304,14861.195371842967,11710.532922297207,2019-07-22T16:22:41Z,46.26721667,13.16183333,621.00,5.806
16560,5,3305,14862.195371842967,11711.532922297207,2019-07-22T16:22:42Z,46.26728333,13.16166667,619.00,5.792
16561,5,3306,14863.195371842967,11712.532922297207,2019-07-22T16:22:43Z,46.26735000,13.16150000,619.00,5.777
16562,5,3307,14864.195371842967,11713.532922297207,2019-07-22T16:22:44Z,46.26740000,13.16133333,618.00,5.763
16563,5,3308,14865.195371842967,11714.532922297207,2019-07-22T16:22:45Z,46.26745000,13.16116667,616.00,5.749
16564,5,3309,14866.195371842967,11715.532922297207,2019-07-22T16:22:46Z,46.26751667,13.16100000,615.00,5.734
16565,5,3310,14867.195371842967,11716.532922297207,2019-07-22T16:22:47Z,46.26756667,13.16083333,614.00,5.72
16566,5,3311,14868.195371842967,11717.532922297207,2019-07-22T16:22:48Z,46.26761667,13.16066667,613.00,5.706
16567,5,3312,14869.195371842967,11718.532922297207,2019-07-22T16:22:49Z,46.26768333,13.16050000,613.00,5.692
16568,5,3313,14870.195371842967,11719.532922297207,2019-07-22T16:22:50Z,46.26773333,13.16033333,612.00,5.678
16569,5,3314,14871.195371842967,11720.532922297207,2019-07-22T16:22:51Z,46.26780000,13.16016667,610.00,5.663
16570,5,3315,14872.195371842967,11721.532922297207,2019-07-22T16:22:52Z,46.26786667,13.15998333,609.00,5.647
16571,5,3316,14873.195371842967,11722.532922297207,2019-07-22T16:22:53Z,46.26793333,13.15981667,608.00,5.632
16572,5,3317,14874.195371842967,11723.532922297207,2019-07-22T16:22:54Z,46.26801667,13.15965000,607.00,5.617
16573,5,3318,14875.195371842967,11724.532922297207,2019-07-22T16:22:55Z,46.26810000,13.15950000,606.00,5.602
16574,5,3319,14876.195371842967,11725.532922297207,2019-07-22T16:22:56Z,46.26816667,13.15933333,605.00,5.588
16575,5,3320,14877.195371842967,11726.532922297207,2019-07-22T16:22:57Z,46.26825000,13.15916667,604.00,5.572
16576,5,3321,14878.195371842967,11727.532922297207,2019-07-22T16:22:58Z,46.26831667,13.15901667,603.00,5.559
16577,5,3322,14879.195371842967,11728.532922297207,2019-07-22T16:22:59Z,46.26840000,13.15885000,602.00,5.543
16578,5,3323,14880.195371842967,11729.532922297207,2019-07-22T16:23:00Z,46.26846667,13.15870000,601.00,5.53
16579,5,3324,14881.195371842967,11730.532922297207,2019-07-22T16:23:01Z,46.26853333,13.15853333,600.00,5.515
16580,5,3325,14882.195371842967,11731.532922297207,2019-07-22T16:23:02Z,46.26861667,13.15838333,599.00,5.5
16581,5,3326,14883.195371842967,11732.532922297207,2019-07-22T16:23:03Z,46.26870000,13.15821667,597.00,5.485
16582,5,3327,14884.195371842967,11733.532922297207,2019-07-22T16:23:04Z,46.26876667,13.15806667,596.00,5.471
16583,5,3328,14885.195371842967,11734.532922297207,2019-07-22T16:23:05Z,46.26885000,13.15791667,594.00,5.457
16584,5,3329,14886.195371842967,11735.532922297207,2019-07-22T16:23:06Z,46.26893333,13.15776667,594.00,5.443
16585,5,3330,14887.195371842967,11736.532922297207,2019-07-22T16:23:07Z,46.26901667,13.15761667,594.00,5.428
16586,5,3331,14888.195371842967,11737.532922297207,2019-07-22T16:23:08Z,46.26910000,13.15745000,594.00,5.413
16587,5,3332,14889.195371842967,11738.532922297207,2019-07-22T16:23:09Z,46.26916667,13.15728333,594.00,5.398
16588,5,3333,14890.195371842967,11739.532922297207,2019-07-22T16:23:10Z,46.26923333,13.15711667,593.00,5.384
16589,5,3334,14891.195371842967,11740.532922297207,2019-07-22T16:23:11Z,46.26930000,13.15695000,592.00,5.369
16590,5,3335,14892.195371842967,11741.532922297207,2019-07-22T16:23:12Z,46.26936667,13.15676667,592.00,5.353
16591,5,3336,14893.195371842967,11742.532922297207,2019-07-22T16:23:13Z,46.26943333,13.15658333,592.00,5.337
16592,5,3337,14894.195371842967,11743.532922297207,2019-07-22T16:23:14Z,46.26950000,13.15640000,591.00,5.321
16593,5,3338,14895.195371842967,11744.532922297207,2019-07-22T16:23:15Z,46.26958333,13.15623333,591.00,5.306
16594,5,3339,14896.195371842967,11745.532922297207,2019-07-22T16:23:16Z,46.26968333,13.15611667,592.00,5.293
16595,5,3340,14897.195371842967,11746.532922297207,2019-07-22T16:23:17Z,46.26978333,13.15600000,592.00,5.28
16596,5,3341,14898.195371842967,11747.532922297207,2019-07-22T16:23:18Z,46.26986667,13.15586667,594.00,5.267
16597,5,3342,14899.195371842967,11748.532922297207,2019-07-22T16:23:19Z,46.26995000,13.15575000,595.00,5.255
16598,5,3343,14900.195371842967,11749.532922297207,2019-07-22T16:23:20Z,46.27005000,13.15563333,594.00,5.243
16599,5,3344,14901.195371842967,11750.532922297207,2019-07-22T16:23:21Z,46.27013333,13.15550000,593.00,5.229
16600,5,3345,14902.195371842967,11751.532922297207,2019-07-22T16:23:22Z,46.27025000,13.15536667,592.00,5.215
16601,5,3346,14903.195371842967,11752.532922297207,2019-07-22T16:23:23Z,46.27033333,13.15523333,591.00,5.202
16602,5,3347,14904.195371842967,11753.532922297207,2019-07-22T16:23:24Z,46.27043333,13.15510000,590.00,5.188
16603,5,3348,14905.195371842967,11754.532922297207,2019-07-22T16:23:25Z,46.27051667,13.15496667,589.00,5.175
16604,5,3349,14906.195371842967,11755.532922297207,2019-07-22T16:23:26Z,46.27061667,13.15483333,590.00,5.161
16605,5,3350,14907.195371842967,11756.532922297207,2019-07-22T16:23:27Z,46.27071667,13.15471667,590.00,5.149
16606,5,3351,14908.195371842967,11757.532922297207,2019-07-22T16:23:28Z,46.27081667,13.15458333,589.00,5.135
16607,5,3352,14909.195371842967,11758.532922297207,2019-07-22T16:23:29Z,46.27091667,13.15446667,588.00,5.122
16608,5,3353,14910.195371842967,11759.532922297207,2019-07-22T16:23:30Z,46.27101667,13.15433333,586.00,5.109
16609,5,3354,14911.195371842967,11760.532922297207,2019-07-22T16:23:31Z,46.27110000,13.15420000,585.00,5.096
16610,5,3355,14912.195371842967,11761.532922297207,2019-07-22T16:23:32Z,46.27121667,13.15406667,585.00,5.081
16611,5,3356,14913.195371842967,11762.532922297207,2019-07-22T16:23:33Z,46.27133333,13.15393333,586.00,5.067
16612,5,3357,14914.195371842967,11763.532922297207,2019-07-22T16:23:34Z,46.27143333,13.15380000,585.00,5.053
16613,5,3358,14915.195371842967,11764.532922297207,2019-07-22T16:23:35Z,46.27153333,13.15366667,586.00,5.039
16614,5,3359,14916.195371842967,11765.532922297207,2019-07-22T16:23:36Z,46.27165000,13.15353333,587.00,5.025
16615,5,3360,14917.195371842967,11766.532922297207,2019-07-22T16:23:37Z,46.27176667,13.15340000,589.00,5.011
16616,5,3361,14918.195371842967,11767.532922297207,2019-07-22T16:23:38Z,46.27186667,13.15326667,590.00,4.997
16617,5,3362,14919.195371842967,11768.532922297207,2019-07-22T16:23:39Z,46.27198333,13.15315000,590.00,4.984
16618,5,3363,14920.195371842967,11769.532922297207,2019-07-22T16:23:40Z,46.27210000,13.15301667,590.00,4.97
16619,5,3364,14921.195371842967,11770.532922297207,2019-07-22T16:23:41Z,46.27221667,13.15290000,590.00,4.957
16620,5,3365,14922.195371842967,11771.532922297207,2019-07-22T16:23:42Z,46.27235000,13.15281667,590.00,4.945
16621,5,3366,14923.195371842967,11772.532922297207,2019-07-22T16:23:43Z,46.27248333,13.15271667,589.00,4.933
16622,5,3367,14924.195371842967,11773.532922297207,2019-07-22T16:23:44Z,46.27261667,13.15265000,589.00,4.923
16623,5,3368,14925.195371842967,11774.532922297207,2019-07-22T16:23:45Z,46.27275000,13.15256667,589.00,4.912
16624,5,3369,14926.195371842967,11775.532922297207,2019-07-22T16:23:46Z,46.27288333,13.15250000,590.00,4.902
16625,5,3370,14927.195371842967,11776.532922297207,2019-07-22T16:23:47Z,46.27301667,13.15241667,591.00,4.891
16626,5,3371,14928.195371842967,11777.532922297207,2019-07-22T16:23:48Z,46.27315000,13.15233333,590.00,4.88
16627,5,3372,14929.195371842967,11778.532922297207,2019-07-22T16:23:49Z,46.27328333,13.15225000,590.00,4.869
16628,5,3373,14930.195371842967,11779.532922297207,2019-07-22T16:23:50Z,46.27341667,13.15216667,589.00,4.858
16629,5,3374,14931.195371842967,11780.532922297207,2019-07-22T16:23:51Z,46.27355000,13.15210000,589.00,4.848
16630,5,3375,14932.195371842967,11781.532922297207,2019-07-22T16:23:52Z,46.27366667,13.15203333,588.00,4.839
16631,5,3376,14933.195371842967,11782.532922297207,2019-07-22T16:23:53Z,46.27380000,13.15196667,589.00,4.829
16632,5,3377,14934.195371842967,11783.532922297207,2019-07-22T16:23:54Z,46.27393333,13.15190000,588.00,4.82
16633,5,3378,14935.195371842967,11784.532922297207,2019-07-22T16:23:55Z,46.27406667,13.15183333,588.00,4.81
16634,5,3379,14936.195371842967,11785.532922297207,2019-07-22T16:23:56Z,46.27418333,13.15175000,588.00,4.8
16635,5,3380,14937.195371842967,11786.532922297207,2019-07-22T16:23:57Z,46.27431667,13.15166667,588.00,4.789
16636,5,3381,14938.195371842967,11787.532922297207,2019-07-22T16:23:58Z,46.27443333,13.15156667,588.00,4.778
16637,5,3382,14939.195371842967,11788.532922297207,2019-07-22T16:23:59Z,46.27455000,13.15146667,590.00,4.767
16638,5,3383,14940.195371842967,11789.532922297207,2019-07-22T16:24:00Z,46.27466667,13.15133333,590.00,4.753
16639,5,3384,14941.195371842967,11790.532922297207,2019-07-22T16:24:01Z,46.27476667,13.15116667,590.00,4.737
16640,5,3385,14942.195371842967,11791.532922297207,2019-07-22T16:24:02Z,46.27486667,13.15103333,589.00,4.724
16641,5,3386,14943.195371842967,11792.532922297207,2019-07-22T16:24:03Z,46.27495000,13.15086667,589.00,4.709
16642,5,3387,14944.195371842967,11793.532922297207,2019-07-22T16:24:04Z,46.27501667,13.15070000,589.00,4.695
16643,5,3388,14945.195371842967,11794.532922297207,2019-07-22T16:24:05Z,46.27506667,13.15055000,589.00,4.682
16644,5,3389,14946.195371842967,11795.532922297207,2019-07-22T16:24:06Z,46.27510000,13.15038333,589.00,4.669
16645,5,3390,14947.195371842967,11796.532922297207,2019-07-22T16:24:07Z,46.27510000,13.15021667,589.00,4.657
16646,5,3391,14948.195371842967,11797.532922297207,2019-07-22T16:24:08Z,46.27506667,13.15008333,589.00,4.648
16647,5,3392,14949.195371842967,11798.532922297207,2019-07-22T16:24:09Z,46.27500000,13.14998333,588.00,4.643
16648,5,3393,14950.195371842967,11799.532922297207,2019-07-22T16:24:10Z,46.27490000,13.14993333,587.00,4.643
16649,5,3394,14951.195371842967,11800.532922297207,2019-07-22T16:24:11Z,46.27480000,13.14996667,586.00,4.648
16650,5,3395,14952.195371842967,11801.532922297207,2019-07-22T16:24:12Z,46.27470000,13.15005000,585.00,4.658
16651,5,3396,14953.195371842967,11802.532922297207,2019-07-22T16:24:13Z,46.27461667,13.15016667,584.00,4.669
16652,5,3397,14954.195371842967,11803.532922297207,2019-07-22T16:24:14Z,46.27455000,13.15031667,583.00,4.683
16653,5,3398,14955.195371842967,11804.532922297207,2019-07-22T16:24:15Z,46.27453333,13.15051667,581.00,4.698
16654,5,3399,14956.195371842967,11805.532922297207,2019-07-22T16:24:16Z,46.27450000,13.15070000,580.00,4.712
16655,5,3400,14957.195371842967,11806.532922297207,2019-07-22T16:24:17Z,46.27448333,13.15088333,581.00,4.726
16656,5,3401,14958.195371842967,11807.532922297207,2019-07-22T16:24:18Z,46.27445000,13.15105000,580.00,4.74
16657,5,3402,14959.195371842967,11808.532922297207,2019-07-22T16:24:19Z,46.27443333,13.15121667,580.00,4.752
16658,5,3403,14960.195371842967,11809.532922297207,2019-07-22T16:24:20Z,46.27438333,13.15136667,580.00,4.765
16659,5,3404,14961.195371842967,11810.532922297207,2019-07-22T16:24:21Z,46.27433333,13.15151667,580.00,4.778
16660,5,3405,14962.195371842967,11811.532922297207,2019-07-22T16:24:22Z,46.27426667,13.15166667,580.00,4.791
16661,5,3406,14963.195371842967,11812.532922297207,2019-07-22T16:24:23Z,46.27421667,13.15180000,581.00,4.802
16662,5,3407,14964.195371842967,11813.532922297207,2019-07-22T16:24:24Z,46.27415000,13.15191667,581.00,4.813
16663,5,3408,14965.195371842967,11814.532922297207,2019-07-22T16:24:25Z,46.27408333,13.15205000,582.00,4.825
16664,5,3409,14966.195371842967,11815.532922297207,2019-07-22T16:24:26Z,46.27400000,13.15216667,582.00,4.837
16665,5,3410,14967.195371842967,11816.532922297207,2019-07-22T16:24:27Z,46.27391667,13.15230000,583.00,4.849
16666,5,3411,14968.195371842967,11817.532922297207,2019-07-22T16:24:28Z,46.27385000,13.15243333,583.00,4.861
16667,5,3412,14969.195371842967,11818.532922297207,2019-07-22T16:24:29Z,46.27376667,13.15256667,583.00,4.874
16668,5,3413,14970.195371842967,11819.532922297207,2019-07-22T16:24:30Z,46.27370000,13.15268333,583.00,4.885
16669,5,3414,14971.195371842967,11820.532922297207,2019-07-22T16:24:31Z,46.27361667,13.15278333,582.00,4.895
16670,5,3415,14972.195371842967,11821.532922297207,2019-07-22T16:24:32Z,46.27353333,13.15290000,581.00,4.907
16671,5,3416,14973.195371842967,11822.532922297207,2019-07-22T16:24:33Z,46.27346667,13.15298333,579.00,4.915
16672,5,3417,14974.195371842967,11823.532922297207,2019-07-22T16:24:34Z,46.27335000,13.15301667,577.00,4.922
16673,5,3418,14975.195371842967,11824.532922297207,2019-07-22T16:24:35Z,46.27323333,13.15300000,576.00,4.925
16674,5,3419,14976.195371842967,11825.532922297207,2019-07-22T16:24:36Z,46.27311667,13.15298333,575.00,4.928
16675,5,3420,14977.195371842967,11826.532922297207,2019-07-22T16:24:37Z,46.27301667,13.15298333,575.00,4.932
16676,5,3421,14978.195371842967,11827.532922297207,2019-07-22T16:24:38Z,46.27291667,13.15295000,576.00,4.933
16677,5,3422,14979.195371842967,11828.532922297207,2019-07-22T16:24:39Z,46.27283333,13.15290000,576.00,4.933
16678,5,3423,14980.195371842967,11829.532922297207,2019-07-22T16:24:40Z,46.27273333,13.15283333,577.00,4.932
16679,5,3424,14981.195371842967,11830.532922297207,2019-07-22T16:24:41Z,46.27265000,13.15275000,577.00,4.929
16680,5,3425,14982.195371842967,11831.532922297207,2019-07-22T16:24:42Z,46.27255000,13.15266667,578.00,4.927
16681,5,3426,14983.195371842967,11832.532922297207,2019-07-22T16:24:43Z,46.27246667,13.15260000,577.00,4.925
16682,5,3427,14984.195371842967,11833.532922297207,2019-07-22T16:24:44Z,46.27238333,13.15250000,577.00,4.921
16683,5,3428,14985.195371842967,11834.532922297207,2019-07-22T16:24:45Z,46.27230000,13.15238333,576.00,4.916
16684,5,3429,14986.195371842967,11835.532922297207,2019-07-22T16:24:46Z,46.27223333,13.15225000,575.00,4.909
16685,5,3430,14987.195371842967,11836.532922297207,2019-07-22T16:24:47Z,46.27218333,13.15206667,574.00,4.898
16686,5,3431,14988.195371842967,11837.532922297207,2019-07-22T16:24:48Z,46.27221667,13.15186667,573.00,4.883
16687,5,3432,14989.195371842967,11838.532922297207,2019-07-22T16:24:49Z,46.27226667,13.15170000,572.00,4.869
16688,5,3433,14990.195371842967,11839.532922297207,2019-07-22T16:24:50Z,46.27236667,13.15158333,570.00,4.856
16689,5,3434,14991.195371842967,11840.532922297207,2019-07-22T16:24:51Z,46.27246667,13.15150000,568.00,4.846
16690,5,3435,14992.195371842967,11841.532922297207,2019-07-22T16:24:52Z,46.27265000,13.15146667,567.00,4.837
16691,5,3436,14993.195371842967,11842.532922297207,2019-07-22T16:24:53Z,46.27280000,13.15161667,567.00,4.841
16692,5,3437,14994.195371842967,11843.532922297207,2019-07-22T16:24:54Z,46.27291667,13.15170000,567.00,4.843
16693,5,3438,14995.195371842967,11844.532922297207,2019-07-22T16:24:55Z,46.27300000,13.15183333,568.00,4.849
16694,5,3439,14996.195371842967,11845.532922297207,2019-07-22T16:24:56Z,46.27300000,13.15201667,568.00,4.862
16695,5,3440,14997.195371842967,11846.532922297207,2019-07-22T16:24:57Z,46.27301667,13.15218333,568.00,4.874
16696,5,3441,14998.195371842967,11847.532922297207,2019-07-22T16:24:58Z,46.27298333,13.15240000,568.00,4.891
16697,5,3442,14999.195371842967,11848.532922297207,2019-07-22T16:24:59Z,46.27291667,13.15258333,569.00,4.907
16698,5,3443,15000.195371842967,11849.532922297207,2019-07-22T16:25:00Z,46.27285000,13.15273333,570.00,4.92
16699,5,3444,15001.195371842967,11850.532922297207,2019-07-22T16:25:01Z,46.27276667,13.15288333,572.00,4.934
16700,5,3445,15002.195371842967,11851.532922297207,2019-07-22T16:25:02Z,46.27268333,13.15301667,573.00,4.947
16701,5,3446,15003.195371842967,11852.532922297207,2019-07-22T16:25:03Z,46.27261667,13.15313333,573.00,4.958
16702,5,3447,15004.195371842967,11853.532922297207,2019-07-22T16:25:04Z,46.27251667,13.15316667,573.00,4.964
16703,5,3448,15005.195371842967,11854.532922297207,2019-07-22T16:25:05Z,46.27240000,13.15320000,573.00,4.971
16704,5,3449,15006.195371842967,11855.532922297207,2019-07-22T16:25:06Z,46.27228333,13.15323333,573.00,4.978
16705,5,3450,15007.195371842967,11856.532922297207,2019-07-22T16:25:07Z,46.27220000,13.15321667,572.00,4.98
16706,5,3451,15008.195371842967,11857.532922297207,2019-07-22T16:25:08Z,46.27213333,13.15310000,573.00,4.974
16707,5,3452,15009.195371842967,11858.532922297207,2019-07-22T16:25:09Z,46.27216667,13.15288333,575.00,4.957
16708,5,3453,15010.195371842967,11859.532922297207,2019-07-22T16:25:10Z,46.27230000,13.15275000,574.00,4.943
16709,5,3454,15011.195371842967,11860.532922297207,2019-07-22T16:25:11Z,46.27246667,13.15266667,575.00,4.93
16710,5,3455,15012.195371842967,11861.532922297207,2019-07-22T16:25:12Z,46.27260000,13.15261667,576.00,4.921
16711,5,3456,15013.195371842967,11862.532922297207,2019-07-22T16:25:13Z,46.27275000,13.15261667,578.00,4.915
16712,5,3457,15014.195371842967,11863.532922297207,2019-07-22T16:25:14Z,46.27285000,13.15273333,580.00,4.92
16713,5,3458,15015.195371842967,11864.532922297207,2019-07-22T16:25:15Z,46.27295000,13.15283333,580.00,4.923
16714,5,3459,15016.195371842967,11865.532922297207,2019-07-22T16:25:16Z,46.27303333,13.15298333,581.00,4.931
16715,5,3460,15017.195371842967,11866.532922297207,2019-07-22T16:25:17Z,46.27308333,13.15311667,583.00,4.939
16716,5,3461,15018.195371842967,11867.532922297207,2019-07-22T16:25:18Z,46.27308333,13.15321667,582.00,4.946
16717,5,3462,15019.195371842967,11868.532922297207,2019-07-22T16:25:19Z,46.27306667,13.15330000,582.00,4.953
16718,5,3463,15020.195371842967,11869.532922297207,2019-07-22T16:25:20Z,46.27300000,13.15348333,583.00,4.969
16719,5,3464,15021.195371842967,11870.532922297207,2019-07-22T16:25:21Z,46.27291667,13.15358333,583.00,4.979
16720,5,3465,15022.195371842967,11871.532922297207,2019-07-22T16:25:22Z,46.27283333,13.15371667,585.00,4.992
16721,5,3466,15023.195371842967,11872.532922297207,2019-07-22T16:25:23Z,46.27271667,13.15380000,587.00,5.002
16722,5,3467,15024.195371842967,11873.532922297207,2019-07-22T16:25:24Z,46.27263333,13.15385000,589.00,5.009
16723,5,3468,15025.195371842967,11874.532922297207,2019-07-22T16:25:25Z,46.27253333,13.15391667,590.00,5.017
16724,5,3469,15026.195371842967,11875.532922297207,2019-07-22T16:25:26Z,46.27243333,13.15396667,590.00,5.025
16725,5,3470,15027.195371842967,11876.532922297207,2019-07-22T16:25:27Z,46.27231667,13.15395000,591.00,5.028
16726,5,3471,15028.195371842967,11877.532922297207,2019-07-22T16:25:28Z,46.27220000,13.15391667,591.00,5.03
16727,5,3472,15029.195371842967,11878.532922297207,2019-07-22T16:25:29Z,46.27208333,13.15388333,590.00,5.033
16728,5,3473,15030.195371842967,11879.532922297207,2019-07-22T16:25:30Z,46.27201667,13.15378333,589.00,5.028
16729,5,3474,15031.195371842967,11880.532922297207,2019-07-22T16:25:31Z,46.27198333,13.15360000,590.00,5.016
16730,5,3475,15032.195371842967,11881.532922297207,2019-07-22T16:25:32Z,46.27200000,13.15340000,590.00,5.001
16731,5,3476,15033.195371842967,11882.532922297207,2019-07-22T16:25:33Z,46.27206667,13.15321667,590.00,4.985
16732,5,3477,15034.195371842967,11883.532922297207,2019-07-22T16:25:34Z,46.27216667,13.15311667,589.00,4.974
16733,5,3478,15035.195371842967,11884.532922297207,2019-07-22T16:25:35Z,46.27228333,13.15301667,587.00,4.962
16734,5,3479,15036.195371842967,11885.532922297207,2019-07-22T16:25:36Z,46.27238333,13.15296667,586.00,4.955
16735,5,3480,15037.195371842967,11886.532922297207,2019-07-22T16:25:37Z,46.27246667,13.15300000,586.00,4.954
16736,5,3481,15038.195371842967,11887.532922297207,2019-07-22T16:25:38Z,46.27251667,13.15313333,588.00,4.962
16737,5,3482,15039.195371842967,11888.532922297207,2019-07-22T16:25:39Z,46.27256667,13.15313333,590.00,4.96
16738,5,3483,15040.195371842967,11889.532922297207,2019-07-22T16:25:40Z,46.27261667,13.15318333,591.00,4.961
16739,5,3484,15041.195371842967,11890.532922297207,2019-07-22T16:25:41Z,46.27265000,13.15316667,593.00,4.959
16740,5,3485,15042.195371842967,11891.532922297207,2019-07-22T16:25:42Z,46.27266667,13.15313333,594.00,4.956
16741,5,3486,15043.195371842967,11892.532922297207,2019-07-22T16:25:43Z,46.27265000,13.15305000,595.00,4.95
16742,5,3487,15044.195371842967,11893.532922297207,2019-07-22T16:25:44Z,46.27263333,13.15303333,595.00,4.95
16743,5,3488,15045.195371842967,11894.532922297207,2019-07-22T16:25:45Z,46.27255000,13.15305000,595.00,4.954
16744,5,3489,15046.195371842967,11895.532922297207,2019-07-22T16:25:46Z,46.27245000,13.15310000,596.00,4.962
16745,5,3490,15047.195371842967,11896.532922297207,2019-07-22T16:25:47Z,46.27236667,13.15310000,599.00,4.965
16746,5,3491,15048.195371842967,11897.532922297207,2019-07-22T16:25:48Z,46.27228333,13.15320000,601.00,4.976
16747,5,3492,15049.195371842967,11898.532922297207,2019-07-22T16:25:49Z,46.27220000,13.15321667,601.00,4.98
16748,5,3493,15050.195371842967,11899.532922297207,2019-07-22T16:25:50Z,46.27213333,13.15330000,601.00,4.989
16749,5,3494,15051.195371842967,11900.532922297207,2019-07-22T16:25:51Z,46.27205000,13.15336667,601.00,4.997
16750,5,3495,15052.195371842967,11901.532922297207,2019-07-22T16:25:52Z,46.27198333,13.15343333,600.00,5.004
16751,5,3496,15053.195371842967,11902.532922297207,2019-07-22T16:25:53Z,46.27188333,13.15341667,599.00,5.007
16752,5,3497,15054.195371842967,11903.532922297207,2019-07-22T16:25:54Z,46.27181667,13.15340000,600.00,5.009
16753,5,3498,15055.195371842967,11904.532922297207,2019-07-22T16:25:55Z,46.27176667,13.15340000,599.00,5.011
16754,5,3499,15056.195371842967,11905.532922297207,2019-07-22T16:25:56Z,46.27171667,13.15335000,598.00,5.009
16755,5,3500,15057.195371842967,11906.532922297207,2019-07-22T16:25:57Z,46.27168333,13.15326667,598.00,5.005
16756,5,3501,15058.195371842967,11907.532922297207,2019-07-22T16:25:58Z,46.27170000,13.15330000,598.00,5.006
16757,5,3502,15059.195371842967,11908.532922297207,2019-07-22T16:25:59Z,46.27180000,13.15330000,599.00,5.002
16758,5,3503,15060.195371842967,11909.532922297207,2019-07-22T16:26:00Z,46.27188333,13.15335000,600.00,5.002
16759,5,3504,15061.195371842967,11910.532922297207,2019-07-22T16:26:01Z,46.27200000,13.15333333,600.00,4.996
16760,5,3505,15062.195371842967,11911.532922297207,2019-07-22T16:26:02Z,46.27210000,13.15331667,600.00,4.991
16761,5,3506,15063.195371842967,11912.532922297207,2019-07-22T16:26:03Z,46.27221667,13.15333333,598.00,4.988
16762,5,3507,15064.195371842967,11913.532922297207,2019-07-22T16:26:04Z,46.27233333,13.15335000,596.00,4.984
16763,5,3508,15065.195371842967,11914.532922297207,2019-07-22T16:26:05Z,46.27251667,13.15343333,594.00,4.983
16764,5,3509,15066.195371842967,11915.532922297207,2019-07-22T16:26:06Z,46.27263333,13.15346667,593.00,4.981
16765,5,3510,15067.195371842967,11916.532922297207,2019-07-22T16:26:07Z,46.27270000,13.15355000,592.00,4.985
16766,5,3511,15068.195371842967,11917.532922297207,2019-07-22T16:26:08Z,46.27265000,13.15360000,591.00,4.99
16767,5,3512,15069.195371842967,11918.532922297207,2019-07-22T16:26:09Z,46.27258333,13.15365000,593.00,4.996
16768,5,3513,15070.195371842967,11919.532922297207,2019-07-22T16:26:10Z,46.27255000,13.15378333,593.00,5.007
16769,5,3514,15071.195371842967,11920.532922297207,2019-07-22T16:26:11Z,46.27248333,13.15390000,595.00,5.018
16770,5,3515,15072.195371842967,11921.532922297207,2019-07-22T16:26:12Z,46.27241667,13.15405000,595.00,5.032
16771,5,3516,15073.195371842967,11922.532922297207,2019-07-22T16:26:13Z,46.27235000,13.15413333,596.00,5.04
16772,5,3517,15074.195371842967,11923.532922297207,2019-07-22T16:26:14Z,46.27226667,13.15421667,598.00,5.049
16773,5,3518,15075.195371842967,11924.532922297207,2019-07-22T16:26:15Z,46.27221667,13.15426667,598.00,5.055
16774,5,3519,15076.195371842967,11925.532922297207,2019-07-22T16:26:16Z,46.27215000,13.15428333,599.00,5.059
16775,5,3520,15077.195371842967,11926.532922297207,2019-07-22T16:26:17Z,46.27206667,13.15431667,600.00,5.064
16776,5,3521,15078.195371842967,11927.532922297207,2019-07-22T16:26:18Z,46.27201667,13.15433333,600.00,5.067
16777,5,3522,15079.195371842967,11928.532922297207,2019-07-22T16:26:19Z,46.27195000,13.15436667,599.00,5.073
16778,5,3523,15080.195371842967,11929.532922297207,2019-07-22T16:26:20Z,46.27188333,13.15440000,598.00,5.078
16779,5,3524,15081.195371842967,11930.532922297207,2019-07-22T16:26:21Z,46.27178333,13.15443333,598.00,5.084
16780,5,3525,15082.195371842967,11931.532922297207,2019-07-22T16:26:22Z,46.27170000,13.15438333,598.00,5.084
16781,5,3526,15083.195371842967,11932.532922297207,2019-07-22T16:26:23Z,46.27163333,13.15430000,598.00,5.08
16782,5,3527,15084.195371842967,11933.532922297207,2019-07-22T16:26:24Z,46.27156667,13.15423333,597.00,5.078
16783,5,3528,15085.195371842967,11934.532922297207,2019-07-22T16:26:25Z,46.27151667,13.15415000,597.00,5.075
16784,5,3529,15086.195371842967,11935.532922297207,2019-07-22T16:26:26Z,46.27150000,13.15408333,595.00,5.07
16785,5,3530,15087.195371842967,11936.532922297207,2019-07-22T16:26:27Z,46.27148333,13.15395000,595.00,5.062
16786,5,3531,15088.195371842967,11937.532922297207,2019-07-22T16:26:28Z,46.27153333,13.15381667,595.00,5.05
16787,5,3532,15089.195371842967,11938.532922297207,2019-07-22T16:26:29Z,46.27156667,13.15366667,595.00,5.038
16788,5,3533,15090.195371842967,11939.532922297207,2019-07-22T16:26:30Z,46.27161667,13.15353333,596.00,5.026
16789,5,3534,15091.195371842967,11940.532922297207,2019-07-22T16:26:31Z,46.27166667,13.15338333,596.00,5.014
16790,5,3535,15092.195371842967,11941.532922297207,2019-07-22T16:26:32Z,46.27175000,13.15323333,595.00,4.999
16791,5,3536,15093.195371842967,11942.532922297207,2019-07-22T16:26:33Z,46.27186667,13.15311667,595.00,4.986
16792,5,3537,15094.195371842967,11943.532922297207,2019-07-22T16:26:34Z,46.27206667,13.15310000,597.00,4.977
16793,5,3538,15095.195371842967,11944.532922297207,2019-07-22T16:26:35Z,46.27221667,13.15303333,598.00,4.966
16794,5,3539,15096.195371842967,11945.532922297207,2019-07-22T16:26:36Z,46.27236667,13.15296667,598.00,4.955
16795,5,3540,15097.195371842967,11946.532922297207,2019-07-22T16:26:37Z,46.27251667,13.15286667,597.00,4.942
16796,5,3541,15098.195371842967,11947.532922297207,2019-07-22T16:26:38Z,46.27265000,13.15276667,597.00,4.93
16797,5,3542,15099.195371842967,11948.532922297207,2019-07-22T16:26:39Z,46.27278333,13.15268333,596.00,4.919
16798,5,3543,15100.195371842967,11949.532922297207,2019-07-22T16:26:40Z,46.27293333,13.15263333,596.00,4.91
16799,5,3544,15101.195371842967,11950.532922297207,2019-07-22T16:26:41Z,46.27306667,13.15251667,596.00,4.896
16800,5,3545,15102.195371842967,11951.532922297207,2019-07-22T16:26:42Z,46.27316667,13.15243333,595.00,4.886
16801,5,3546,15103.195371842967,11952.532922297207,2019-07-22T16:26:43Z,46.27330000,13.15231667,594.00,4.873
16802,5,3547,15104.195371842967,11953.532922297207,2019-07-22T16:26:44Z,46.27340000,13.15221667,592.00,4.862
16803,5,3548,15105.195371842967,11954.532922297207,2019-07-22T16:26:45Z,46.27353333,13.15210000,589.00,4.849
16804,5,3549,15106.195371842967,11955.532922297207,2019-07-22T16:26:46Z,46.27365000,13.15198333,587.00,4.836
16805,5,3550,15107.195371842967,11956.532922297207,2019-07-22T16:26:47Z,46.27376667,13.15188333,586.00,4.824
16806,5,3551,15108.195371842967,11957.532922297207,2019-07-22T16:26:48Z,46.27386667,13.15180000,586.00,4.815
16807,5,3552,15109.195371842967,11958.532922297207,2019-07-22T16:26:49Z,46.27396667,13.15170000,586.00,4.804
16808,5,3553,15110.195371842967,11959.532922297207,2019-07-22T16:26:50Z,46.27405000,13.15163333,586.00,4.796
16809,5,3554,15111.195371842967,11960.532922297207,2019-07-22T16:26:51Z,46.27413333,13.15155000,586.00,4.787
16810,5,3555,15112.195371842967,11961.532922297207,2019-07-22T16:26:52Z,46.27421667,13.15145000,587.00,4.777
16811,5,3556,15113.195371842967,11962.532922297207,2019-07-22T16:26:53Z,46.27430000,13.15138333,587.00,4.769
16812,5,3557,15114.195371842967,11963.532922297207,2019-07-22T16:26:54Z,46.27436667,13.15130000,586.00,4.761
16813,5,3558,15115.195371842967,11964.532922297207,2019-07-22T16:26:55Z,46.27443333,13.15121667,586.00,4.752
16814,5,3559,15116.195371842967,11965.532922297207,2019-07-22T16:26:56Z,46.27450000,13.15110000,585.00,4.742
16815,5,3560,15117.195371842967,11966.532922297207,2019-07-22T16:26:57Z,46.27456667,13.15103333,584.00,4.734
16816,5,3561,15118.195371842967,11967.532922297207,2019-07-22T16:26:58Z,46.27463333,13.15093333,584.00,4.725
16817,5,3562,15119.195371842967,11968.532922297207,2019-07-22T16:26:59Z,46.27468333,13.15085000,584.00,4.717
16818,5,3563,15120.195371842967,11969.532922297207,2019-07-22T16:27:00Z,46.27475000,13.15080000,584.00,4.711
16819,5,3564,15121.195371842967,11970.532922297207,2019-07-22T16:27:01Z,46.27481667,13.15073333,584.00,4.704
16820,5,3565,15122.195371842967,11971.532922297207,2019-07-22T16:27:02Z,46.27490000,13.15063333,584.00,4.694
16821,5,3566,15123.195371842967,11972.532922297207,2019-07-22T16:27:03Z,46.27495000,13.15055000,584.00,4.686
16822,5,3567,15124.195371842967,11973.532922297207,2019-07-22T16:27:04Z,46.27503333,13.15043333,583.00,4.675
16823,5,3568,15125.195371842967,11974.532922297207,2019-07-22T16:27:05Z,46.27510000,13.15030000,585.00,4.663
16824,5,3569,15126.195371842967,11975.532922297207,2019-07-22T16:27:06Z,46.27516667,13.15015000,586.00,4.65
16825,5,3570,15127.195371842967,11976.532922297207,2019-07-22T16:27:07Z,46.27525000,13.14998333,587.00,4.635
16826,5,3571,15128.195371842967,11977.532922297207,2019-07-22T16:27:08Z,46.27531667,13.14985000,588.00,4.623
16827,5,3572,15129.195371842967,11978.532922297207,2019-07-22T16:27:09Z,46.27541667,13.14971667,589.00,4.61
16828,5,3573,15130.195371842967,11979.532922297207,2019-07-22T16:27:10Z,46.27551667,13.14958333,590.00,4.597
16829,5,3574,15131.195371842967,11980.532922297207,2019-07-22T16:27:11Z,46.27558333,13.14943333,592.00,4.584
16830,5,3575,15132.195371842967,11981.532922297207,2019-07-22T16:27:12Z,46.27563333,13.14925000,592.00,4.569
16831,5,3576,15133.195371842967,11982.532922297207,2019-07-22T16:27:13Z,46.27561667,13.14911667,591.00,4.559
16832,5,3577,15134.195371842967,11983.532922297207,2019-07-22T16:27:14Z,46.27558333,13.14901667,590.00,4.553
16833,5,3578,15135.195371842967,11984.532922297207,2019-07-22T16:27:15Z,46.27548333,13.14905000,588.00,4.559
16834,5,3579,15136.195371842967,11985.532922297207,2019-07-22T16:27:16Z,46.27535000,13.14916667,586.00,4.571
16835,5,3580,15137.195371842967,11986.532922297207,2019-07-22T16:27:17Z,46.27526667,13.14933333,585.00,4.586
16836,5,3581,15138.195371842967,11987.532922297207,2019-07-22T16:27:18Z,46.27526667,13.14953333,582.00,4.601
16837,5,3582,15139.195371842967,11988.532922297207,2019-07-22T16:27:19Z,46.27526667,13.14975000,580.00,4.617
16838,5,3583,15140.195371842967,11989.532922297207,2019-07-22T16:27:20Z,46.27528333,13.14995000,580.00,4.631
16839,5,3584,15141.195371842967,11990.532922297207,2019-07-22T16:27:21Z,46.27530000,13.15016667,582.00,4.647
16840,5,3585,15142.195371842967,11991.532922297207,2019-07-22T16:27:22Z,46.27530000,13.15033333,584.00,4.659
16841,5,3586,15143.195371842967,11992.532922297207,2019-07-22T16:27:23Z,46.27528333,13.15050000,586.00,4.672
16842,5,3587,15144.195371842967,11993.532922297207,2019-07-22T16:27:24Z,46.27523333,13.15063333,586.00,4.683
16843,5,3588,15145.195371842967,11994.532922297207,2019-07-22T16:27:25Z,46.27513333,13.15071667,586.00,4.692
16844,5,3589,15146.195371842967,11995.532922297207,2019-07-22T16:27:26Z,46.27505000,13.15078333,587.00,4.7
16845,5,3590,15147.195371842967,11996.532922297207,2019-07-22T16:27:27Z,46.27495000,13.15076667,587.00,4.702
16846,5,3591,15148.195371842967,11997.532922297207,2019-07-22T16:27:28Z,46.27485000,13.15071667,588.00,4.702
16847,5,3592,15149.195371842967,11998.532922297207,2019-07-22T16:27:29Z,46.27476667,13.15060000,588.00,4.696
16848,5,3593,15150.195371842967,11999.532922297207,2019-07-22T16:27:30Z,46.27471667,13.15048333,588.00,4.689
16849,5,3594,15151.195371842967,12000.532922297207,2019-07-22T16:27:31Z,46.27468333,13.15033333,588.00,4.679
16850,5,3595,15152.195371842967,12001.532922297207,2019-07-22T16:27:32Z,46.27470000,13.15013333,588.00,4.664
16851,5,3596,15153.195371842967,12002.532922297207,2019-07-22T16:27:33Z,46.27473333,13.14993333,588.00,4.648
16852,5,3597,15154.195371842967,12003.532922297207,2019-07-22T16:27:34Z,46.27476667,13.14975000,587.00,4.634
16853,5,3598,15155.195371842967,12004.532922297207,2019-07-22T16:27:35Z,46.27483333,13.14956667,588.00,4.618
16854,5,3599,15156.195371842967,12005.532922297207,2019-07-22T16:27:36Z,46.27488333,13.14940000,588.00,4.604
16855,5,3600,15157.195371842967,12006.532922297207,2019-07-22T16:27:37Z,46.27495000,13.14923333,588.00,4.59
16856,5,3601,15158.195371842967,12007.532922297207,2019-07-22T16:27:38Z,46.27501667,13.14906667,588.00,4.575
16857,5,3602,15159.195371842967,12008.532922297207,2019-07-22T16:27:39Z,46.27508333,13.14890000,588.00,4.561
16858,5,3603,15160.195371842967,12009.532922297207,2019-07-22T16:27:40Z,46.27516667,13.14873333,588.00,4.546
16859,5,3604,15161.195371842967,12010.532922297207,2019-07-22T16:27:41Z,46.27525000,13.14856667,588.00,4.531
16860,5,3605,15162.195371842967,12011.532922297207,2019-07-22T16:27:42Z,46.27533333,13.14840000,588.00,4.516
16861,5,3606,15163.195371842967,12012.532922297207,2019-07-22T16:27:43Z,46.27541667,13.14823333,587.00,4.501
16862,5,3607,15164.195371842967,12013.532922297207,2019-07-22T16:27:44Z,46.27548333,13.14806667,586.00,4.486
16863,5,3608,15165.195371842967,12014.532922297207,2019-07-22T16:27:45Z,46.27556667,13.14788333,586.00,4.47
16864,5,3609,15166.195371842967,12015.532922297207,2019-07-22T16:27:46Z,46.27563333,13.14770000,586.00,4.454
16865,5,3610,15167.195371842967,12016.532922297207,2019-07-22T16:27:47Z,46.27568333,13.14753333,585.00,4.441
16866,5,3611,15168.195371842967,12017.532922297207,2019-07-22T16:27:48Z,46.27575000,13.14735000,584.00,4.425
16867,5,3612,15169.195371842967,12018.532922297207,2019-07-22T16:27:49Z,46.27581667,13.14715000,584.00,4.408
16868,5,3613,15170.195371842967,12019.532922297207,2019-07-22T16:27:50Z,46.27586667,13.14696667,585.00,4.393
16869,5,3614,15171.195371842967,12020.532922297207,2019-07-22T16:27:51Z,46.27593333,13.14680000,585.00,4.379
16870,5,3615,15172.195371842967,12021.532922297207,2019-07-22T16:27:52Z,46.27598333,13.14661667,584.00,4.363
16871,5,3616,15173.195371842967,12022.532922297207,2019-07-22T16:27:53Z,46.27601667,13.14645000,585.00,4.35
16872,5,3617,15174.195371842967,12023.532922297207,2019-07-22T16:27:54Z,46.27605000,13.14628333,585.00,4.337
16873,5,3618,15175.195371842967,12024.532922297207,2019-07-22T16:27:55Z,46.27608333,13.14610000,585.00,4.322
16874,5,3619,15176.195371842967,12025.532922297207,2019-07-22T16:27:56Z,46.27611667,13.14593333,585.00,4.309
16875,5,3620,15177.195371842967,12026.532922297207,2019-07-22T16:27:57Z,46.27615000,13.14575000,585.00,4.294
16876,5,3621,15178.195371842967,12027.532922297207,2019-07-22T16:27:58Z,46.27620000,13.14556667,584.00,4.279
16877,5,3622,15179.195371842967,12028.532922297207,2019-07-22T16:27:59Z,46.27623333,13.14538333,585.00,4.265
16878,5,3623,15180.195371842967,12029.532922297207,2019-07-22T16:28:00Z,46.27626667,13.14518333,585.00,4.249
16879,5,3624,15181.195371842967,12030.532922297207,2019-07-22T16:28:01Z,46.27630000,13.14500000,585.00,4.234
16880,5,3625,15182.195371842967,12031.532922297207,2019-07-22T16:28:02Z,46.27633333,13.14483333,587.00,4.221
16881,5,3626,15183.195371842967,12032.532922297207,2019-07-22T16:28:03Z,46.27636667,13.14466667,588.00,4.208
16882,5,3627,15184.195371842967,12033.532922297207,2019-07-22T16:28:04Z,46.27640000,13.14448333,588.00,4.193
16883,5,3628,15185.195371842967,12034.532922297207,2019-07-22T16:28:05Z,46.27641667,13.14431667,587.00,4.18
16884,5,3629,15186.195371842967,12035.532922297207,2019-07-22T16:28:06Z,46.27643333,13.14413333,587.00,4.166
16885,5,3630,15187.195371842967,12036.532922297207,2019-07-22T16:28:07Z,46.27645000,13.14395000,587.00,4.152
16886,5,3631,15188.195371842967,12037.532922297207,2019-07-22T16:28:08Z,46.27646667,13.14376667,585.00,4.138
16887,5,3632,15189.195371842967,12038.532922297207,2019-07-22T16:28:09Z,46.27648333,13.14358333,585.00,4.124
16888,5,3633,15190.195371842967,12039.532922297207,2019-07-22T16:28:10Z,46.27650000,13.14340000,584.00,4.11
16889,5,3634,15191.195371842967,12040.532922297207,2019-07-22T16:28:11Z,46.27650000,13.14320000,584.00,4.096
16890,5,3635,15192.195371842967,12041.532922297207,2019-07-22T16:28:12Z,46.27653333,13.14303333,584.00,4.082
16891,5,3636,15193.195371842967,12042.532922297207,2019-07-22T16:28:13Z,46.27655000,13.14285000,583.00,4.068
16892,5,3637,15194.195371842967,12043.532922297207,2019-07-22T16:28:14Z,46.27658333,13.14265000,582.00,4.052
16893,5,3638,15195.195371842967,12044.532922297207,2019-07-22T16:28:15Z,46.27661667,13.14245000,580.00,4.037
16894,5,3639,15196.195371842967,12045.532922297207,2019-07-22T16:28:16Z,46.27665000,13.14225000,580.00,4.021
16895,5,3640,15197.195371842967,12046.532922297207,2019-07-22T16:28:17Z,46.27668333,13.14206667,580.00,4.006
16896,5,3641,15198.195371842967,12047.532922297207,2019-07-22T16:28:18Z,46.27671667,13.14190000,580.00,3.993
16897,5,3642,15199.195371842967,12048.532922297207,2019-07-22T16:28:19Z,46.27676667,13.14173333,580.00,3.979
16898,5,3643,15200.195371842967,12049.532922297207,2019-07-22T16:28:20Z,46.27680000,13.14156667,581.00,3.966
16899,5,3644,15201.195371842967,12050.532922297207,2019-07-22T16:28:21Z,46.27685000,13.14141667,581.00,3.953
16900,5,3645,15202.195371842967,12051.532922297207,2019-07-22T16:28:22Z,46.27688333,13.14126667,581.00,3.941
16901,5,3646,15203.195371842967,12052.532922297207,2019-07-22T16:28:23Z,46.27691667,13.14110000,581.00,3.928
16902,5,3647,15204.195371842967,12053.532922297207,2019-07-22T16:28:24Z,46.27696667,13.14095000,580.00,3.915
16903,5,3648,15205.195371842967,12054.532922297207,2019-07-22T16:28:25Z,46.27698333,13.14080000,579.00,3.903
16904,5,3649,15206.195371842967,12055.532922297207,2019-07-22T16:28:26Z,46.27701667,13.14063333,577.00,3.89
16905,5,3650,15207.195371842967,12056.532922297207,2019-07-22T16:28:27Z,46.27705000,13.14046667,576.00,3.877
16906,5,3651,15208.195371842967,12057.532922297207,2019-07-22T16:28:28Z,46.27708333,13.14030000,575.00,3.863
16907,5,3652,15209.195371842967,12058.532922297207,2019-07-22T16:28:29Z,46.27710000,13.14013333,574.00,3.851
16908,5,3653,15210.195371842967,12059.532922297207,2019-07-22T16:28:30Z,46.27715000,13.13996667,574.00,3.837
16909,5,3654,15211.195371842967,12060.532922297207,2019-07-22T16:28:31Z,46.27718333,13.13980000,574.00,3.823
16910,5,3655,15212.195371842967,12061.532922297207,2019-07-22T16:28:32Z,46.27721667,13.13965000,573.00,3.811
16911,5,3656,15213.195371842967,12062.532922297207,2019-07-22T16:28:33Z,46.27725000,13.13948333,572.00,3.798
16912,5,3657,15214.195371842967,12063.532922297207,2019-07-22T16:28:34Z,46.27728333,13.13933333,570.00,3.786
16913,5,3658,15215.195371842967,12064.532922297207,2019-07-22T16:28:35Z,46.27731667,13.13916667,569.00,3.773
16914,5,3659,15216.195371842967,12065.532922297207,2019-07-22T16:28:36Z,46.27735000,13.13900000,568.00,3.759
16915,5,3660,15217.195371842967,12066.532922297207,2019-07-22T16:28:37Z,46.27740000,13.13883333,567.00,3.745
16916,5,3661,15218.195371842967,12067.532922297207,2019-07-22T16:28:38Z,46.27743333,13.13866667,565.00,3.732
16917,5,3662,15219.195371842967,12068.532922297207,2019-07-22T16:28:39Z,46.27746667,13.13851667,563.00,3.72
16918,5,3663,15220.195371842967,12069.532922297207,2019-07-22T16:28:40Z,46.27750000,13.13835000,562.00,3.707
16919,5,3664,15221.195371842967,12070.532922297207,2019-07-22T16:28:41Z,46.27753333,13.13818333,561.00,3.693
16920,5,3665,15222.195371842967,12071.532922297207,2019-07-22T16:28:42Z,46.27755000,13.13801667,559.00,3.68
16921,5,3666,15223.195371842967,12072.532922297207,2019-07-22T16:28:43Z,46.27758333,13.13785000,558.00,3.667
16922,5,3667,15224.195371842967,12073.532922297207,2019-07-22T16:28:44Z,46.27761667,13.13768333,556.00,3.654
16923,5,3668,15225.195371842967,12074.532922297207,2019-07-22T16:28:45Z,46.27765000,13.13751667,555.00,3.64
16924,5,3669,15226.195371842967,12075.532922297207,2019-07-22T16:28:46Z,46.27768333,13.13735000,555.00,3.627
16925,5,3670,15227.195371842967,12076.532922297207,2019-07-22T16:28:47Z,46.27771667,13.13718333,556.00,3.614
16926,5,3671,15228.195371842967,12077.532922297207,2019-07-22T16:28:48Z,46.27773333,13.13703333,555.00,3.602
16927,5,3672,15229.195371842967,12078.532922297207,2019-07-22T16:28:49Z,46.27776667,13.13688333,555.00,3.59
16928,5,3673,15230.195371842967,12079.532922297207,2019-07-22T16:28:50Z,46.27778333,13.13673333,553.00,3.579
16929,5,3674,15231.195371842967,12080.532922297207,2019-07-22T16:28:51Z,46.27781667,13.13656667,551.00,3.565
16930,5,3675,15232.195371842967,12081.532922297207,2019-07-22T16:28:52Z,46.27783333,13.13641667,551.00,3.554
16931,5,3676,15233.195371842967,12082.532922297207,2019-07-22T16:28:53Z,46.27785000,13.13625000,550.00,3.541
16932,5,3677,15234.195371842967,12083.532922297207,2019-07-22T16:28:54Z,46.27788333,13.13608333,549.00,3.528
16933,5,3678,15235.195371842967,12084.532922297207,2019-07-22T16:28:55Z,46.27791667,13.13593333,547.00,3.516
16934,5,3679,15236.195371842967,12085.532922297207,2019-07-22T16:28:56Z,46.27795000,13.13576667,547.00,3.502
16935,5,3680,15237.195371842967,12086.532922297207,2019-07-22T16:28:57Z,46.27796667,13.13560000,546.00,3.489
16936,5,3681,15238.195371842967,12087.532922297207,2019-07-22T16:28:58Z,46.27800000,13.13543333,545.00,3.476
16937,5,3682,15239.195371842967,12088.532922297207,2019-07-22T16:28:59Z,46.27803333,13.13526667,543.00,3.463
16938,5,3683,15240.195371842967,12089.532922297207,2019-07-22T16:29:00Z,46.27806667,13.13510000,543.00,3.449
16939,5,3684,15241.195371842967,12090.532922297207,2019-07-22T16:29:01Z,46.27808333,13.13495000,543.00,3.438
16940,5,3685,15242.195371842967,12091.532922297207,2019-07-22T16:29:02Z,46.27811667,13.13478333,542.00,3.425
16941,5,3686,15243.195371842967,12092.532922297207,2019-07-22T16:29:03Z,46.27813333,13.13463333,541.00,3.413
16942,5,3687,15244.195371842967,12093.532922297207,2019-07-22T16:29:04Z,46.27816667,13.13448333,540.00,3.401
16943,5,3688,15245.195371842967,12094.532922297207,2019-07-22T16:29:05Z,46.27818333,13.13433333,539.00,3.389
16944,5,3689,15246.195371842967,12095.532922297207,2019-07-22T16:29:06Z,46.27821667,13.13418333,539.00,3.377
16945,5,3690,15247.195371842967,12096.532922297207,2019-07-22T16:29:07Z,46.27825000,13.13405000,537.00,3.366
16946,5,3691,15248.195371842967,12097.532922297207,2019-07-22T16:29:08Z,46.27826667,13.13390000,535.00,3.355
16947,5,3692,15249.195371842967,12098.532922297207,2019-07-22T16:29:09Z,46.27828333,13.13375000,533.00,3.343
16948,5,3693,15250.195371842967,12099.532922297207,2019-07-22T16:29:10Z,46.27831667,13.13358333,532.00,3.33
16949,5,3694,15251.195371842967,12100.532922297207,2019-07-22T16:29:11Z,46.27835000,13.13341667,531.00,3.317
16950,5,3695,15252.195371842967,12101.532922297207,2019-07-22T16:29:12Z,46.27836667,13.13325000,531.00,3.304
16951,5,3696,15253.195371842967,12102.532922297207,2019-07-22T16:29:13Z,46.27840000,13.13310000,530.00,3.292
16952,5,3697,15254.195371842967,12103.532922297207,2019-07-22T16:29:14Z,46.27843333,13.13295000,529.00,3.28
16953,5,3698,15255.195371842967,12104.532922297207,2019-07-22T16:29:15Z,46.27845000,13.13278333,528.00,3.267
16954,5,3699,15256.195371842967,12105.532922297207,2019-07-22T16:29:16Z,46.27848333,13.13263333,527.00,3.255
16955,5,3700,15257.195371842967,12106.532922297207,2019-07-22T16:29:17Z,46.27851667,13.13248333,526.00,3.243
16956,5,3701,15258.195371842967,12107.532922297207,2019-07-22T16:29:18Z,46.27855000,13.13231667,524.00,3.229
16957,5,3702,15259.195371842967,12108.532922297207,2019-07-22T16:29:19Z,46.27858333,13.13216667,522.00,3.217
16958,5,3703,15260.195371842967,12109.532922297207,2019-07-22T16:29:20Z,46.27860000,13.13200000,523.00,3.205
16959,5,3704,15261.195371842967,12110.532922297207,2019-07-22T16:29:21Z,46.27861667,13.13185000,523.00,3.193
16960,5,3705,15262.195371842967,12111.532922297207,2019-07-22T16:29:22Z,46.27863333,13.13170000,524.00,3.182
16961,5,3706,15263.195371842967,12112.532922297207,2019-07-22T16:29:23Z,46.27865000,13.13155000,524.00,3.17
16962,5,3707,15264.195371842967,12113.532922297207,2019-07-22T16:29:24Z,46.27866667,13.13140000,524.00,3.159
16963,5,3708,15265.195371842967,12114.532922297207,2019-07-22T16:29:25Z,46.27868333,13.13126667,524.00,3.148
16964,5,3709,15266.195371842967,12115.532922297207,2019-07-22T16:29:26Z,46.27871667,13.13113333,524.00,3.137
16965,5,3710,15267.195371842967,12116.532922297207,2019-07-22T16:29:27Z,46.27875000,13.13098333,524.00,3.125
16966,5,3711,15268.195371842967,12117.532922297207,2019-07-22T16:29:28Z,46.27878333,13.13083333,523.00,3.113
16967,5,3712,15269.195371842967,12118.532922297207,2019-07-22T16:29:29Z,46.27880000,13.13068333,522.00,3.102
16968,5,3713,15270.195371842967,12119.532922297207,2019-07-22T16:29:30Z,46.27883333,13.13051667,521.00,3.088
16969,5,3714,15271.195371842967,12120.532922297207,2019-07-22T16:29:31Z,46.27885000,13.13035000,520.00,3.076
16970,5,3715,15272.195371842967,12121.532922297207,2019-07-22T16:29:32Z,46.27886667,13.13020000,520.00,3.064
16971,5,3716,15273.195371842967,12122.532922297207,2019-07-22T16:29:33Z,46.27888333,13.13003333,519.00,3.051
16972,5,3717,15274.195371842967,12123.532922297207,2019-07-22T16:29:34Z,46.27890000,13.12988333,517.00,3.04
16973,5,3718,15275.195371842967,12124.532922297207,2019-07-22T16:29:35Z,46.27893333,13.12971667,517.00,3.027
16974,5,3719,15276.195371842967,12125.532922297207,2019-07-22T16:29:36Z,46.27895000,13.12955000,516.00,3.014
16975,5,3720,15277.195371842967,12126.532922297207,2019-07-22T16:29:37Z,46.27896667,13.12938333,515.00,3.001
16976,5,3721,15278.195371842967,12127.532922297207,2019-07-22T16:29:38Z,46.27896667,13.12921667,514.00,2.989
16977,5,3722,15279.195371842967,12128.532922297207,2019-07-22T16:29:39Z,46.27898333,13.12906667,513.00,2.978
16978,5,3723,15280.195371842967,12129.532922297207,2019-07-22T16:29:40Z,46.27898333,13.12890000,512.00,2.965
16979,5,3724,15281.195371842967,12130.532922297207,2019-07-22T16:29:41Z,46.27900000,13.12875000,511.00,2.954
16980,5,3725,15282.195371842967,12131.532922297207,2019-07-22T16:29:42Z,46.27900000,13.12858333,510.00,2.942
16981,5,3726,15283.195371842967,12132.532922297207,2019-07-22T16:29:43Z,46.27901667,13.12841667,509.00,2.929
16982,5,3727,15284.195371842967,12133.532922297207,2019-07-22T16:29:44Z,46.27903333,13.12826667,507.00,2.918
16983,5,3728,15285.195371842967,12134.532922297207,2019-07-22T16:29:45Z,46.27905000,13.12810000,506.00,2.905
16984,5,3729,15286.195371842967,12135.532922297207,2019-07-22T16:29:46Z,46.27905000,13.12793333,504.00,2.893
16985,5,3730,15287.195371842967,12136.532922297207,2019-07-22T16:29:47Z,46.27906667,13.12776667,502.00,2.88
16986,5,3731,15288.195371842967,12137.532922297207,2019-07-22T16:29:48Z,46.27910000,13.12758333,499.00,2.866
16987,5,3732,15289.195371842967,12138.532922297207,2019-07-22T16:29:49Z,46.27913333,13.12741667,496.00,2.853
16988,5,3733,15290.195371842967,12139.532922297207,2019-07-22T16:29:50Z,46.27916667,13.12725000,495.00,2.839
16989,5,3734,15291.195371842967,12140.532922297207,2019-07-22T16:29:51Z,46.27921667,13.12710000,495.00,2.827
16990,5,3735,15292.195371842967,12141.532922297207,2019-07-22T16:29:52Z,46.27925000,13.12693333,496.00,2.813
16991,5,3736,15293.195371842967,12142.532922297207,2019-07-22T16:29:53Z,46.27928333,13.12678333,496.00,2.801
16992,5,3737,15294.195371842967,12143.532922297207,2019-07-22T16:29:54Z,46.27931667,13.12663333,496.00,2.789
16993,5,3738,15295.195371842967,12144.532922297207,2019-07-22T16:29:55Z,46.27933333,13.12648333,496.00,2.778
16994,5,3739,15296.195371842967,12145.532922297207,2019-07-22T16:29:56Z,46.27936667,13.12631667,497.00,2.764
16995,5,3740,15297.195371842967,12146.532922297207,2019-07-22T16:29:57Z,46.27938333,13.12616667,498.00,2.753
16996,5,3741,15298.195371842967,12147.532922297207,2019-07-22T16:29:58Z,46.27940000,13.12601667,497.00,2.741
16997,5,3742,15299.195371842967,12148.532922297207,2019-07-22T16:29:59Z,46.27941667,13.12585000,497.00,2.729
16998,5,3743,15300.195371842967,12149.532922297207,2019-07-22T16:30:00Z,46.27943333,13.12570000,498.00,2.717
16999,5,3744,15301.195371842967,12150.532922297207,2019-07-22T16:30:01Z,46.27945000,13.12555000,498.00,2.706
17000,5,3745,15302.195371842967,12151.532922297207,2019-07-22T16:30:02Z,46.27946667,13.12540000,498.00,2.695
17001,5,3746,15303.195371842967,12152.532922297207,2019-07-22T16:30:03Z,46.27948333,13.12523333,497.00,2.682
17002,5,3747,15304.195371842967,12153.532922297207,2019-07-22T16:30:04Z,46.27950000,13.12506667,497.00,2.669
17003,5,3748,15305.195371842967,12154.532922297207,2019-07-22T16:30:05Z,46.27953333,13.12491667,496.00,2.657
17004,5,3749,15306.195371842967,12155.532922297207,2019-07-22T16:30:06Z,46.27956667,13.12475000,496.00,2.644
17005,5,3750,15307.195371842967,12156.532922297207,2019-07-22T16:30:07Z,46.27958333,13.12458333,496.00,2.632
17006,5,3751,15308.195371842967,12157.532922297207,2019-07-22T16:30:08Z,46.27960000,13.12443333,495.00,2.62
17007,5,3752,15309.195371842967,12158.532922297207,2019-07-22T16:30:09Z,46.27961667,13.12426667,494.00,2.608
17008,5,3753,15310.195371842967,12159.532922297207,2019-07-22T16:30:10Z,46.27963333,13.12411667,493.00,2.596
17009,5,3754,15311.195371842967,12160.532922297207,2019-07-22T16:30:11Z,46.27966667,13.12396667,491.00,2.584
17010,5,3755,15312.195371842967,12161.532922297207,2019-07-22T16:30:12Z,46.27970000,13.12380000,490.00,2.571
17011,5,3756,15313.195371842967,12162.532922297207,2019-07-22T16:30:13Z,46.27973333,13.12363333,489.00,2.558
17012,5,3757,15314.195371842967,12163.532922297207,2019-07-22T16:30:14Z,46.27976667,13.12346667,489.00,2.545
17013,5,3758,15315.195371842967,12164.532922297207,2019-07-22T16:30:15Z,46.27980000,13.12330000,488.00,2.531
17014,5,3759,15316.195371842967,12165.532922297207,2019-07-22T16:30:16Z,46.27983333,13.12313333,486.00,2.518
17015,5,3760,15317.195371842967,12166.532922297207,2019-07-22T16:30:17Z,46.27986667,13.12296667,486.00,2.505
17016,5,3761,15318.195371842967,12167.532922297207,2019-07-22T16:30:18Z,46.27991667,13.12280000,484.00,2.491
17017,5,3762,15319.195371842967,12168.532922297207,2019-07-22T16:30:19Z,46.27995000,13.12263333,484.00,2.478
17018,5,3763,15320.195371842967,12169.532922297207,2019-07-22T16:30:20Z,46.27996667,13.12246667,483.00,2.465
17019,5,3764,15321.195371842967,12170.532922297207,2019-07-22T16:30:21Z,46.28000000,13.12231667,483.00,2.453
17020,5,3765,15322.195371842967,12171.532922297207,2019-07-22T16:30:22Z,46.28003333,13.12215000,482.00,2.44
17021,5,3766,15323.195371842967,12172.532922297207,2019-07-22T16:30:23Z,46.28005000,13.12200000,482.00,2.429
17022,5,3767,15324.195371842967,12173.532922297207,2019-07-22T16:30:24Z,46.28008333,13.12185000,482.00,2.417
17023,5,3768,15325.195371842967,12174.532922297207,2019-07-22T16:30:25Z,46.28011667,13.12168333,481.00,2.403
17024,5,3769,15326.195371842967,12175.532922297207,2019-07-22T16:30:26Z,46.28013333,13.12153333,479.00,2.392
17025,5,3770,15327.195371842967,12176.532922297207,2019-07-22T16:30:27Z,46.28016667,13.12138333,478.00,2.38
17026,5,3771,15328.195371842967,12177.532922297207,2019-07-22T16:30:28Z,46.28020000,13.12123333,478.00,2.368
17027,5,3772,15329.195371842967,12178.532922297207,2019-07-22T16:30:29Z,46.28021667,13.12106667,477.00,2.356
17028,5,3773,15330.195371842967,12179.532922297207,2019-07-22T16:30:30Z,46.28025000,13.12091667,476.00,2.344
17029,5,3774,15331.195371842967,12180.532922297207,2019-07-22T16:30:31Z,46.28028333,13.12076667,476.00,2.332
17030,5,3775,15332.195371842967,12181.532922297207,2019-07-22T16:30:32Z,46.28031667,13.12060000,476.00,2.319
17031,5,3776,15333.195371842967,12182.532922297207,2019-07-22T16:30:33Z,46.28035000,13.12045000,475.00,2.307
17032,5,3777,15334.195371842967,12183.532922297207,2019-07-22T16:30:34Z,46.28036667,13.12030000,474.00,2.296
17033,5,3778,15335.195371842967,12184.532922297207,2019-07-22T16:30:35Z,46.28040000,13.12015000,473.00,2.284
17034,5,3779,15336.195371842967,12185.532922297207,2019-07-22T16:30:36Z,46.28041667,13.11998333,471.00,2.271
17035,5,3780,15337.195371842967,12186.532922297207,2019-07-22T16:30:37Z,46.28045000,13.11981667,469.00,2.258
17036,5,3781,15338.195371842967,12187.532922297207,2019-07-22T16:30:38Z,46.28048333,13.11965000,468.00,2.245
17037,5,3782,15339.195371842967,12188.532922297207,2019-07-22T16:30:39Z,46.28050000,13.11946667,465.00,2.232
17038,5,3783,15340.195371842967,12189.532922297207,2019-07-22T16:30:40Z,46.28055000,13.11928333,464.00,2.217
17039,5,3784,15341.195371842967,12190.532922297207,2019-07-22T16:30:41Z,46.28056667,13.11911667,463.00,2.205
17040,5,3785,15342.195371842967,12191.532922297207,2019-07-22T16:30:42Z,46.28061667,13.11893333,461.00,2.19
17041,5,3786,15343.195371842967,12192.532922297207,2019-07-22T16:30:43Z,46.28065000,13.11876667,461.00,2.176
17042,5,3787,15344.195371842967,12193.532922297207,2019-07-22T16:30:44Z,46.28070000,13.11860000,461.00,2.163
17043,5,3788,15345.195371842967,12194.532922297207,2019-07-22T16:30:45Z,46.28073333,13.11843333,460.00,2.15
17044,5,3789,15346.195371842967,12195.532922297207,2019-07-22T16:30:46Z,46.28078333,13.11826667,459.00,2.136
17045,5,3790,15347.195371842967,12196.532922297207,2019-07-22T16:30:47Z,46.28081667,13.11810000,457.00,2.123
17046,5,3791,15348.195371842967,12197.532922297207,2019-07-22T16:30:48Z,46.28086667,13.11793333,455.00,2.109
17047,5,3792,15349.195371842967,12198.532922297207,2019-07-22T16:30:49Z,46.28091667,13.11776667,453.00,2.095
17048,5,3793,15350.195371842967,12199.532922297207,2019-07-22T16:30:50Z,46.28096667,13.11760000,451.00,2.081
17049,5,3794,15351.195371842967,12200.532922297207,2019-07-22T16:30:51Z,46.28101667,13.11743333,449.00,2.067
17050,5,3795,15352.195371842967,12201.532922297207,2019-07-22T16:30:52Z,46.28106667,13.11726667,449.00,2.053
17051,5,3796,15353.195371842967,12202.532922297207,2019-07-22T16:30:53Z,46.28111667,13.11710000,448.00,2.039
17052,5,3797,15354.195371842967,12203.532922297207,2019-07-22T16:30:54Z,46.28115000,13.11693333,447.00,2.027
17053,5,3798,15355.195371842967,12204.532922297207,2019-07-22T16:30:55Z,46.28120000,13.11676667,445.00,2.013
17054,5,3799,15356.195371842967,12205.532922297207,2019-07-22T16:30:56Z,46.28125000,13.11658333,443.00,1.998
17055,5,3800,15357.195371842967,12206.532922297207,2019-07-22T16:30:57Z,46.28128333,13.11641667,441.00,1.985
17056,5,3801,15358.195371842967,12207.532922297207,2019-07-22T16:30:58Z,46.28131667,13.11625000,441.00,1.972
17057,5,3802,15359.195371842967,12208.532922297207,2019-07-22T16:30:59Z,46.28135000,13.11608333,440.00,1.96
17058,5,3803,15360.195371842967,12209.532922297207,2019-07-22T16:31:00Z,46.28140000,13.11591667,439.00,1.946
17059,5,3804,15361.195371842967,12210.532922297207,2019-07-22T16:31:01Z,46.28143333,13.11573333,437.00,1.933
17060,5,3805,15362.195371842967,12211.532922297207,2019-07-22T16:31:02Z,46.28146667,13.11556667,434.00,1.92
17061,5,3806,15363.195371842967,12212.532922297207,2019-07-22T16:31:03Z,46.28150000,13.11538333,433.00,1.907
17062,5,3807,15364.195371842967,12213.532922297207,2019-07-22T16:31:04Z,46.28153333,13.11521667,432.00,1.894
17063,5,3808,15365.195371842967,12214.532922297207,2019-07-22T16:31:05Z,46.28156667,13.11503333,431.00,1.881
17064,5,3809,15366.195371842967,12215.532922297207,2019-07-22T16:31:06Z,46.28161667,13.11486667,430.00,1.868
17065,5,3810,15367.195371842967,12216.532922297207,2019-07-22T16:31:07Z,46.28165000,13.11468333,429.00,1.856
17066,5,3811,15368.195371842967,12217.532922297207,2019-07-22T16:31:08Z,46.28168333,13.11450000,427.00,1.844
17067,5,3812,15369.195371842967,12218.532922297207,2019-07-22T16:31:09Z,46.28173333,13.11431667,426.00,1.831
17068,6,1,15370.195371842967,12219.532922297207,2019-07-22T16:31:10Z,46.28176667,13.11413333,425.00,1.826
17069,6,2,15371.195371842967,12220.532922297207,2019-07-22T16:31:11Z,46.28183333,13.11396667,424.00,1.819
17070,6,3,15372.195371842967,12221.532922297207,2019-07-22T16:31:12Z,46.28186667,13.11378333,422.00,1.814
17071,6,4,15373.195371842967,12222.532922297207,2019-07-22T16:31:13Z,46.28193333,13.11361667,422.00,1.807
17072,6,5,15374.195371842967,12223.532922297207,2019-07-22T16:31:14Z,46.28198333,13.11345000,421.00,1.801
17073,6,6,15375.195371842967,12224.532922297207,2019-07-22T16:31:15Z,46.28206667,13.11328333,420.00,1.792
17074,6,7,15376.195371842967,12225.532922297207,2019-07-22T16:31:16Z,46.28215000,13.11311667,419.00,1.783
17075,6,8,15377.195371842967,12226.532922297207,2019-07-22T16:31:17Z,46.28225000,13.11296667,418.00,1.772
17076,6,9,15378.195371842967,12227.532922297207,2019-07-22T16:31:18Z,46.28235000,13.11283333,418.00,1.761
17077,6,10,15379.195371842967,12228.532922297207,2019-07-22T16:31:19Z,46.28246667,13.11270000,418.00,1.748
17078,6,11,15380.195371842967,12229.532922297207,2019-07-22T16:31:20Z,46.28260000,13.11258333,417.00,1.734
17079,6,12,15381.195371842967,12230.532922297207,2019-07-22T16:31:21Z,46.28273333,13.11246667,416.00,1.719
17080,6,13,15382.195371842967,12231.532922297207,2019-07-22T16:31:22Z,46.28286667,13.11236667,415.00,1.705
17081,6,14,15383.195371842967,12232.532922297207,2019-07-22T16:31:23Z,46.28301667,13.11228333,414.00,1.688
17082,6,15,15384.195371842967,12233.532922297207,2019-07-22T16:31:24Z,46.28318333,13.11220000,413.00,1.67
17083,6,16,15385.195371842967,12234.532922297207,2019-07-22T16:31:25Z,46.28333333,13.11213333,411.00,1.653
17084,6,17,15386.195371842967,12235.532922297207,2019-07-22T16:31:26Z,46.28350000,13.11206667,409.00,1.635
17085,6,18,15387.195371842967,12236.532922297207,2019-07-22T16:31:27Z,46.28366667,13.11200000,407.00,1.617
17086,6,19,15388.195371842967,12237.532922297207,2019-07-22T16:31:28Z,46.28383333,13.11195000,406.00,1.598
17087,6,20,15389.195371842967,12238.532922297207,2019-07-22T16:31:29Z,46.28400000,13.11190000,405.00,1.58
17088,6,21,15390.195371842967,12239.532922297207,2019-07-22T16:31:30Z,46.28416667,13.11186667,404.00,1.561
17089,6,22,15391.195371842967,12240.532922297207,2019-07-22T16:31:31Z,46.28433333,13.11183333,403.00,1.543
17090,6,23,15392.195371842967,12241.532922297207,2019-07-22T16:31:32Z,46.28450000,13.11180000,402.00,1.524
17091,6,24,15393.195371842967,12242.532922297207,2019-07-22T16:31:33Z,46.28466667,13.11176667,401.00,1.506
17092,6,25,15394.195371842967,12243.532922297207,2019-07-22T16:31:34Z,46.28483333,13.11171667,400.00,1.488
17093,6,26,15395.195371842967,12244.532922297207,2019-07-22T16:31:35Z,46.28500000,13.11170000,399.00,1.469
17094,6,27,15396.195371842967,12245.532922297207,2019-07-22T16:31:36Z,46.28516667,13.11166667,397.00,1.451
17095,6,28,15397.195371842967,12246.532922297207,2019-07-22T16:31:37Z,46.28533333,13.11165000,396.00,1.432
17096,6,29,15398.195371842967,12247.532922297207,2019-07-22T16:31:38Z,46.28550000,13.11161667,394.00,1.414
17097,6,30,15399.195371842967,12248.532922297207,2019-07-22T16:31:39Z,46.28566667,13.11160000,393.00,1.395
17098,6,31,15400.195371842967,12249.532922297207,2019-07-22T16:31:40Z,46.28583333,13.11158333,391.00,1.377
17099,6,32,15401.195371842967,12250.532922297207,2019-07-22T16:31:41Z,46.28601667,13.11156667,389.00,1.357
17100,6,33,15402.195371842967,12251.532922297207,2019-07-22T16:31:42Z,46.28618333,13.11155000,388.00,1.338
17101,6,34,15403.195371842967,12252.532922297207,2019-07-22T16:31:43Z,46.28636667,13.11151667,387.00,1.318
17102,6,35,15404.195371842967,12253.532922297207,2019-07-22T16:31:44Z,46.28653333,13.11150000,385.00,1.3
17103,6,36,15405.195371842967,12254.532922297207,2019-07-22T16:31:45Z,46.28671667,13.11148333,383.00,1.279
17104,6,37,15406.195371842967,12255.532922297207,2019-07-22T16:31:46Z,46.28690000,13.11146667,382.00,1.259
17105,6,38,15407.195371842967,12256.532922297207,2019-07-22T16:31:47Z,46.28706667,13.11145000,380.00,1.241
17106,6,39,15408.195371842967,12257.532922297207,2019-07-22T16:31:48Z,46.28725000,13.11145000,379.00,1.22
17107,6,40,15409.195371842967,12258.532922297207,2019-07-22T16:31:49Z,46.28745000,13.11145000,377.00,1.198
17108,6,41,15410.195371842967,12259.532922297207,2019-07-22T16:31:50Z,46.28763333,13.11145000,375.00,1.178
17109,6,42,15411.195371842967,12260.532922297207,2019-07-22T16:31:51Z,46.28781667,13.11145000,374.00,1.157
17110,6,43,15412.195371842967,12261.532922297207,2019-07-22T16:31:52Z,46.28800000,13.11145000,373.00,1.137
17111,6,44,15413.195371842967,12262.532922297207,2019-07-22T16:31:53Z,46.28818333,13.11143333,372.00,1.117
17112,6,45,15414.195371842967,12263.532922297207,2019-07-22T16:31:54Z,46.28835000,13.11145000,370.00,1.098
17113,6,46,15415.195371842967,12264.532922297207,2019-07-22T16:31:55Z,46.28853333,13.11143333,369.00,1.078
17114,6,47,15416.195371842967,12265.532922297207,2019-07-22T16:31:56Z,46.28870000,13.11143333,368.00,1.06
17115,6,48,15417.195371842967,12266.532922297207,2019-07-22T16:31:57Z,46.28888333,13.11143333,367.00,1.039
17116,6,49,15418.195371842967,12267.532922297207,2019-07-22T16:31:58Z,46.28905000,13.11145000,366.00,1.021
17117,6,50,15419.195371842967,12268.532922297207,2019-07-22T16:31:59Z,46.28921667,13.11145000,364.00,1.002
17118,6,51,15420.195371842967,12269.532922297207,2019-07-22T16:32:00Z,46.28940000,13.11145000,362.00,0.982
17119,6,52,15421.195371842967,12270.532922297207,2019-07-22T16:32:01Z,46.28958333,13.11146667,360.00,0.961
17120,6,53,15422.195371842967,12271.532922297207,2019-07-22T16:32:02Z,46.28976667,13.11146667,358.00,0.941
17121,6,54,15423.195371842967,12272.532922297207,2019-07-22T16:32:03Z,46.28993333,13.11146667,356.00,0.923
17122,6,55,15424.195371842967,12273.532922297207,2019-07-22T16:32:04Z,46.29011667,13.11146667,355.00,0.902
17123,6,56,15425.195371842967,12274.532922297207,2019-07-22T16:32:05Z,46.29028333,13.11148333,354.00,0.884
17124,6,57,15426.195371842967,12275.532922297207,2019-07-22T16:32:06Z,46.29046667,13.11150000,352.00,0.863
17125,6,58,15427.195371842967,12276.532922297207,2019-07-22T16:32:07Z,46.29065000,13.11153333,351.00,0.843
17126,6,59,15428.195371842967,12277.532922297207,2019-07-22T16:32:08Z,46.29081667,13.11155000,350.00,0.824
17127,6,60,15429.195371842967,12278.532922297207,2019-07-22T16:32:09Z,46.29100000,13.11156667,349.00,0.804
17128,6,61,15430.195371842967,12279.532922297207,2019-07-22T16:32:10Z,46.29116667,13.11158333,348.00,0.785
17129,6,62,15431.195371842967,12280.532922297207,2019-07-22T16:32:11Z,46.29135000,13.11160000,346.00,0.765
17130,6,63,15432.195371842967,12281.532922297207,2019-07-22T16:32:12Z,46.29151667,13.11160000,344.00,0.746
17131,6,64,15433.195371842967,12282.532922297207,2019-07-22T16:32:13Z,46.29170000,13.11161667,343.00,0.726
17132,6,65,15434.195371842967,12283.532922297207,2019-07-22T16:32:14Z,46.29186667,13.11163333,340.00,0.707
17133,6,66,15435.195371842967,12284.532922297207,2019-07-22T16:32:15Z,46.29205000,13.11165000,339.00,0.687
17134,6,67,15436.195371842967,12285.532922297207,2019-07-22T16:32:16Z,46.29221667,13.11166667,337.00,0.668
17135,6,68,15437.195371842967,12286.532922297207,2019-07-22T16:32:17Z,46.29240000,13.11170000,336.00,0.648
17136,6,69,15438.195371842967,12287.532922297207,2019-07-22T16:32:18Z,46.29256667,13.11171667,334.00,0.629
17137,6,70,15439.195371842967,12288.532922297207,2019-07-22T16:32:19Z,46.29273333,13.11173333,332.00,0.611
17138,6,71,15440.195371842967,12289.532922297207,2019-07-22T16:32:20Z,46.29291667,13.11176667,330.00,0.59
17139,6,72,15441.195371842967,12290.532922297207,2019-07-22T16:32:21Z,46.29310000,13.11178333,328.00,0.57
17140,6,73,15442.195371842967,12291.532922297207,2019-07-22T16:32:22Z,46.29328333,13.11181667,326.00,0.549
17141,6,74,15443.195371842967,12292.532922297207,2019-07-22T16:32:23Z,46.29345000,13.11185000,324.00,0.53
17142,6,75,15444.195371842967,12293.532922297207,2019-07-22T16:32:24Z,46.29363333,13.11188333,322.00,0.51
17143,6,76,15445.195371842967,12294.532922297207,2019-07-22T16:32:25Z,46.29380000,13.11193333,320.00,0.491
17144,6,77,15446.195371842967,12295.532922297207,2019-07-22T16:32:26Z,46.29398333,13.11196667,318.00,0.471
17145,6,78,15447.195371842967,12296.532922297207,2019-07-22T16:32:27Z,46.29415000,13.11201667,316.00,0.452
17146,6,79,15448.195371842967,12297.532922297207,2019-07-22T16:32:28Z,46.29433333,13.11205000,314.00,0.431
17147,6,80,15449.195371842967,12298.532922297207,2019-07-22T16:32:29Z,46.29451667,13.11208333,313.00,0.411
17148,6,81,15450.195371842967,12299.532922297207,2019-07-22T16:32:30Z,46.29470000,13.11213333,310.00,0.39
17149,6,82,15451.195371842967,12300.532922297207,2019-07-22T16:32:31Z,46.29488333,13.11218333,308.00,0.37
17150,6,83,15452.195371842967,12301.532922297207,2019-07-22T16:32:32Z,46.29506667,13.11223333,307.00,0.349
17151,6,84,15453.195371842967,12302.532922297207,2019-07-22T16:32:33Z,46.29525000,13.11225000,306.00,0.329
17152,6,85,15454.195371842967,12303.532922297207,2019-07-22T16:32:34Z,46.29543333,13.11228333,305.00,0.308
17153,6,86,15455.195371842967,12304.532922297207,2019-07-22T16:32:35Z,46.29561667,13.11231667,304.00,0.288
17154,6,87,15456.195371842967,12305.532922297207,2019-07-22T16:32:36Z,46.29580000,13.11235000,303.00,0.267
17155,6,88,15457.195371842967,12306.532922297207,2019-07-22T16:32:37Z,46.29596667,13.11238333,301.00,0.249
17156,6,89,15458.195371842967,12307.532922297207,2019-07-22T16:32:38Z,46.29616667,13.11240000,299.00,0.226
17157,6,90,15459.195371842967,12308.532922297207,2019-07-22T16:32:39Z,46.29635000,13.11243333,297.00,0.206
17158,6,91,15460.195371842967,12309.532922297207,2019-07-22T16:32:40Z,46.29655000,13.11245000,295.00,0.184
17159,6,92,15461.195371842967,12310.532922297207,2019-07-22T16:32:41Z,46.29675000,13.11246667,293.00,0.161
17160,6,93,15462.195371842967,12311.532922297207,2019-07-22T16:32:42Z,46.29693333,13.11250000,292.00,0.141
17161,6,94,15463.195371842967,12312.532922297207,2019-07-22T16:32:43Z,46.29713333,13.11251667,291.00,0.119
17162,6,95,15464.195371842967,12313.532922297207,2019-07-22T16:32:44Z,46.29731667,13.11253333,290.00,9.8e-2
17163,6,96,15465.195371842967,12314.532922297207,2019-07-22T16:32:45Z,46.29750000,13.11256667,289.00,7.8e-2
17164,6,97,15466.195371842967,12315.532922297207,2019-07-22T16:32:46Z,46.29768333,13.11260000,288.00,5.8e-2
17165,6,98,15467.195371842967,12316.532922297207,2019-07-22T16:32:47Z,46.29788333,13.11263333,286.00,3.7e-2
17166,6,99,15468.195371842967,12317.532922297207,2019-07-22T16:32:48Z,46.29806667,13.11266667,284.00,2.1e-2
0,7,17166,15468.825610152153,12318.163160606395,2019-07-22T16:32:48.630238309187Z,46.29819272,13.11268767,283.37,0.0
