fixIdx,legIdx,zoneIdx,tickLead,tickRace,time,lat,lng,alt,togo
1,,,,,2019-07-23T10:56:10Z,46.54683333,12.92563333,1743.00,
2,,,,,2019-07-23T10:56:11Z,46.54678333,12.92565000,1743.00,
3,,,,,2019-07-23T10:56:12Z,46.54671667,12.92568333,1741.00,
4,,,,,2019-07-23T10:56:13Z,46.54661667,12.92570000,1739.00,
5,,,,,2019-07-23T10:56:14Z,46.54648333,12.92575000,1736.00,
6,,,,,2019-07-23T10:56:15Z,46.54635000,12.92580000,1735.00,
7,,,,,2019-07-23T10:56:16Z,46.54623333,12.92585000,1734.00,
8,,,,,2019-07-23T10:56:17Z,46.54611667,12.92590000,1734.00,
9,,,,,2019-07-23T10:56:18Z,46.54601667,12.92593333,1735.00,
10,,,,,2019-07-23T10:56:19Z,46.54591667,12.92595000,1737.00,
11,,,,,2019-07-23T10:56:20Z,46.54583333,12.92598333,1737.00,
12,,,,,2019-07-23T10:56:21Z,46.54573333,12.92600000,1738.00,
13,,,,,2019-07-23T10:56:22Z,46.54563333,12.92603333,1738.00,
14,,,,,2019-07-23T10:56:23Z,46.54553333,12.92608333,1737.00,
15,,,,,2019-07-23T10:56:24Z,46.54543333,12.92613333,1736.00,
16,,,,,2019-07-23T10:56:25Z,46.54531667,12.92618333,1738.00,
17,,,,,2019-07-23T10:56:26Z,46.54523333,12.92625000,1739.00,
18,,,,,2019-07-23T10:56:27Z,46.54513333,12.92631667,1740.00,
19,,,,,2019-07-23T10:56:28Z,46.54503333,12.92636667,1737.00,
20,,,,,2019-07-23T10:56:29Z,46.54493333,12.92643333,1736.00,
21,,,,,2019-07-23T10:56:30Z,46.54483333,12.92650000,1738.00,
22,,,,,2019-07-23T10:56:31Z,46.54475000,12.92656667,1738.00,
23,,,,,2019-07-23T10:56:32Z,46.54465000,12.92661667,1735.00,
24,,,,,2019-07-23T10:56:33Z,46.54455000,12.92666667,1733.00,
25,,,,,2019-07-23T10:56:34Z,46.54445000,12.92675000,1733.00,
26,,,,,2019-07-23T10:56:35Z,46.54435000,12.92681667,1733.00,
27,,,,,2019-07-23T10:56:36Z,46.54425000,12.92690000,1732.00,
28,,,,,2019-07-23T10:56:37Z,46.54415000,12.92696667,1731.00,
29,,,,,2019-07-23T10:56:38Z,46.54403333,12.92705000,1729.00,
30,,,,,2019-07-23T10:56:39Z,46.54393333,12.92711667,1727.00,
31,,,,,2019-07-23T10:56:40Z,46.54383333,12.92716667,1728.00,
32,,,,,2019-07-23T10:56:41Z,46.54375000,12.92723333,1726.00,
33,,,,,2019-07-23T10:56:42Z,46.54365000,12.92730000,1726.00,
34,,,,,2019-07-23T10:56:43Z,46.54355000,12.92738333,1724.00,
35,,,,,2019-07-23T10:56:44Z,46.54341667,12.92746667,1723.00,
36,,,,,2019-07-23T10:56:45Z,46.54330000,12.92755000,1722.00,
37,,,,,2019-07-23T10:56:46Z,46.54316667,12.92766667,1718.00,
38,,,,,2019-07-23T10:56:47Z,46.54303333,12.92778333,1717.00,
39,,,,,2019-07-23T10:56:48Z,46.54291667,12.92790000,1718.00,
40,,,,,2019-07-23T10:56:49Z,46.54281667,12.92800000,1717.00,
41,,,,,2019-07-23T10:56:50Z,46.54273333,12.92806667,1716.00,
42,,,,,2019-07-23T10:56:51Z,46.54263333,12.92815000,1716.00,
43,,,,,2019-07-23T10:56:52Z,46.54253333,12.92821667,1714.00,
44,,,,,2019-07-23T10:56:53Z,46.54243333,12.92830000,1715.00,
45,,,,,2019-07-23T10:56:54Z,46.54231667,12.92836667,1715.00,
46,,,,,2019-07-23T10:56:55Z,46.54221667,12.92845000,1716.00,
47,,,,,2019-07-23T10:56:56Z,46.54210000,12.92850000,1716.00,
48,,,,,2019-07-23T10:56:57Z,46.54200000,12.92855000,1715.00,
49,,,,,2019-07-23T10:56:58Z,46.54190000,12.92861667,1716.00,
50,,,,,2019-07-23T10:56:59Z,46.54180000,12.92866667,1718.00,
51,,,,,2019-07-23T10:57:00Z,46.54171667,12.92873333,1720.00,
52,,,,,2019-07-23T10:57:01Z,46.54163333,12.92880000,1721.00,
53,,,,,2019-07-23T10:57:02Z,46.54155000,12.92886667,1722.00,
54,,,,,2019-07-23T10:57:03Z,46.54148333,12.92895000,1719.00,
55,,,,,2019-07-23T10:57:04Z,46.54141667,12.92905000,1717.00,
56,,,,,2019-07-23T10:57:05Z,46.54136667,12.92918333,1720.00,
57,,,,,2019-07-23T10:57:06Z,46.54131667,12.92933333,1720.00,
58,,,,,2019-07-23T10:57:07Z,46.54128333,12.92950000,1721.00,
59,,,,,2019-07-23T10:57:08Z,46.54125000,12.92966667,1722.00,
60,,,,,2019-07-23T10:57:09Z,46.54123333,12.92983333,1722.00,
61,,,,,2019-07-23T10:57:10Z,46.54121667,12.92998333,1723.00,
62,,,,,2019-07-23T10:57:11Z,46.54120000,12.93015000,1725.00,
63,,,,,2019-07-23T10:57:12Z,46.54120000,12.93033333,1725.00,
64,,,,,2019-07-23T10:57:13Z,46.54118333,12.93050000,1725.00,
65,,,,,2019-07-23T10:57:14Z,46.54118333,12.93065000,1724.00,
66,,,,,2019-07-23T10:57:15Z,46.54118333,12.93080000,1724.00,
67,,,,,2019-07-23T10:57:16Z,46.54120000,12.93096667,1728.00,
68,,,,,2019-07-23T10:57:17Z,46.54120000,12.93111667,1729.00,
69,,,,,2019-07-23T10:57:18Z,46.54120000,12.93128333,1730.00,
70,,,,,2019-07-23T10:57:19Z,46.54120000,12.93145000,1729.00,
71,,,,,2019-07-23T10:57:20Z,46.54118333,12.93160000,1732.00,
72,,,,,2019-07-23T10:57:21Z,46.54113333,12.93173333,1732.00,
73,,,,,2019-07-23T10:57:22Z,46.54105000,12.93183333,1730.00,
74,,,,,2019-07-23T10:57:23Z,46.54096667,12.93188333,1729.00,
75,,,,,2019-07-23T10:57:24Z,46.54085000,12.93190000,1726.00,
76,,,,,2019-07-23T10:57:25Z,46.54073333,12.93185000,1725.00,
77,,,,,2019-07-23T10:57:26Z,46.54063333,12.93173333,1720.00,
78,,,,,2019-07-23T10:57:27Z,46.54055000,12.93158333,1718.00,
79,,,,,2019-07-23T10:57:28Z,46.54048333,12.93138333,1719.00,
80,,,,,2019-07-23T10:57:29Z,46.54045000,12.93115000,1721.00,
81,,,,,2019-07-23T10:57:30Z,46.54045000,12.93093333,1721.00,
82,,,,,2019-07-23T10:57:31Z,46.54051667,12.93070000,1721.00,
83,,,,,2019-07-23T10:57:32Z,46.54063333,12.93051667,1721.00,
84,,,,,2019-07-23T10:57:33Z,46.54078333,12.93043333,1719.00,
85,,,,,2019-07-23T10:57:34Z,46.54096667,12.93043333,1716.00,
86,,,,,2019-07-23T10:57:35Z,46.54111667,12.93056667,1718.00,
87,,,,,2019-07-23T10:57:36Z,46.54121667,12.93075000,1718.00,
88,,,,,2019-07-23T10:57:37Z,46.54125000,12.93091667,1717.00,
89,,,,,2019-07-23T10:57:38Z,46.54126667,12.93108333,1715.00,
90,,,,,2019-07-23T10:57:39Z,46.54128333,12.93123333,1717.00,
91,,,,,2019-07-23T10:57:40Z,46.54130000,12.93140000,1718.00,
92,,,,,2019-07-23T10:57:41Z,46.54133333,12.93156667,1721.00,
93,,,,,2019-07-23T10:57:42Z,46.54135000,12.93176667,1720.00,
94,,,,,2019-07-23T10:57:43Z,46.54136667,12.93195000,1719.00,
95,,,,,2019-07-23T10:57:44Z,46.54138333,12.93213333,1718.00,
96,,,,,2019-07-23T10:57:45Z,46.54140000,12.93230000,1718.00,
97,,,,,2019-07-23T10:57:46Z,46.54141667,12.93248333,1718.00,
98,,,,,2019-07-23T10:57:47Z,46.54143333,12.93266667,1719.00,
99,,,,,2019-07-23T10:57:48Z,46.54145000,12.93283333,1718.00,
100,,,,,2019-07-23T10:57:49Z,46.54143333,12.93300000,1718.00,
101,,,,,2019-07-23T10:57:50Z,46.54141667,12.93315000,1716.00,
102,,,,,2019-07-23T10:57:51Z,46.54140000,12.93330000,1718.00,
103,,,,,2019-07-23T10:57:52Z,46.54136667,12.93345000,1718.00,
104,,,,,2019-07-23T10:57:53Z,46.54133333,12.93361667,1719.00,
105,,,,,2019-07-23T10:57:54Z,46.54128333,12.93378333,1719.00,
106,,,,,2019-07-23T10:57:55Z,46.54121667,12.93393333,1719.00,
107,,,,,2019-07-23T10:57:56Z,46.54113333,12.93406667,1720.00,
108,,,,,2019-07-23T10:57:57Z,46.54101667,12.93416667,1724.00,
109,,,,,2019-07-23T10:57:58Z,46.54088333,12.93421667,1727.00,
110,,,,,2019-07-23T10:57:59Z,46.54075000,12.93420000,1729.00,
111,,,,,2019-07-23T10:58:00Z,46.54060000,12.93410000,1731.00,
112,,,,,2019-07-23T10:58:01Z,46.54050000,12.93390000,1733.00,
113,,,,,2019-07-23T10:58:02Z,46.54043333,12.93366667,1736.00,
114,,,,,2019-07-23T10:58:03Z,46.54045000,12.93341667,1737.00,
115,,,,,2019-07-23T10:58:04Z,46.54051667,12.93318333,1739.00,
116,,,,,2019-07-23T10:58:05Z,46.54065000,12.93300000,1739.00,
117,,,,,2019-07-23T10:58:06Z,46.54083333,12.93290000,1735.00,
118,,,,,2019-07-23T10:58:07Z,46.54101667,12.93288333,1731.00,
119,,,,,2019-07-23T10:58:08Z,46.54120000,12.93295000,1728.00,
120,,,,,2019-07-23T10:58:09Z,46.54133333,12.93305000,1726.00,
121,,,,,2019-07-23T10:58:10Z,46.54143333,12.93321667,1726.00,
122,,,,,2019-07-23T10:58:11Z,46.54150000,12.93335000,1729.00,
123,,,,,2019-07-23T10:58:12Z,46.54156667,12.93348333,1731.00,
124,,,,,2019-07-23T10:58:13Z,46.54163333,12.93361667,1734.00,
125,,,,,2019-07-23T10:58:14Z,46.54168333,12.93376667,1735.00,
126,,,,,2019-07-23T10:58:15Z,46.54173333,12.93393333,1736.00,
127,,,,,2019-07-23T10:58:16Z,46.54175000,12.93411667,1739.00,
128,,,,,2019-07-23T10:58:17Z,46.54173333,12.93428333,1744.00,
129,,,,,2019-07-23T10:58:18Z,46.54170000,12.93445000,1748.00,
130,,,,,2019-07-23T10:58:19Z,46.54161667,12.93456667,1750.00,
131,,,,,2019-07-23T10:58:20Z,46.54146667,12.93461667,1751.00,
132,,,,,2019-07-23T10:58:21Z,46.54133333,12.93453333,1752.00,
133,,,,,2019-07-23T10:58:22Z,46.54123333,12.93436667,1751.00,
134,,,,,2019-07-23T10:58:23Z,46.54118333,12.93411667,1751.00,
135,,,,,2019-07-23T10:58:24Z,46.54118333,12.93386667,1752.00,
136,,,,,2019-07-23T10:58:25Z,46.54125000,12.93365000,1758.00,
137,,,,,2019-07-23T10:58:26Z,46.54138333,12.93350000,1763.00,
138,,,,,2019-07-23T10:58:27Z,46.54155000,12.93341667,1762.00,
139,,,,,2019-07-23T10:58:28Z,46.54170000,12.93345000,1762.00,
140,,,,,2019-07-23T10:58:29Z,46.54183333,12.93355000,1768.00,
141,,,,,2019-07-23T10:58:30Z,46.54191667,12.93370000,1771.00,
142,,,,,2019-07-23T10:58:31Z,46.54193333,12.93388333,1772.00,
143,,,,,2019-07-23T10:58:32Z,46.54188333,12.93406667,1774.00,
144,,,,,2019-07-23T10:58:33Z,46.54178333,12.93416667,1775.00,
145,,,,,2019-07-23T10:58:34Z,46.54163333,12.93418333,1776.00,
146,,,,,2019-07-23T10:58:35Z,46.54150000,12.93411667,1776.00,
147,,,,,2019-07-23T10:58:36Z,46.54138333,12.93393333,1777.00,
148,,,,,2019-07-23T10:58:37Z,46.54131667,12.93371667,1780.00,
149,,,,,2019-07-23T10:58:38Z,46.54131667,12.93346667,1781.00,
150,,,,,2019-07-23T10:58:39Z,46.54136667,12.93323333,1785.00,
151,,,,,2019-07-23T10:58:40Z,46.54145000,12.93305000,1790.00,
152,,,,,2019-07-23T10:58:41Z,46.54156667,12.93290000,1795.00,
153,,,,,2019-07-23T10:58:42Z,46.54171667,12.93281667,1795.00,
154,,,,,2019-07-23T10:58:43Z,46.54186667,12.93278333,1797.00,
155,,,,,2019-07-23T10:58:44Z,46.54200000,12.93283333,1800.00,
156,,,,,2019-07-23T10:58:45Z,46.54211667,12.93295000,1802.00,
157,,,,,2019-07-23T10:58:46Z,46.54218333,12.93308333,1806.00,
158,,,,,2019-07-23T10:58:47Z,46.54223333,12.93326667,1806.00,
159,,,,,2019-07-23T10:58:48Z,46.54225000,12.93345000,1809.00,
160,,,,,2019-07-23T10:58:49Z,46.54221667,12.93361667,1812.00,
161,,,,,2019-07-23T10:58:50Z,46.54215000,12.93376667,1815.00,
162,,,,,2019-07-23T10:58:51Z,46.54203333,12.93385000,1817.00,
163,,,,,2019-07-23T10:58:52Z,46.54191667,12.93385000,1818.00,
164,,,,,2019-07-23T10:58:53Z,46.54178333,12.93376667,1817.00,
165,,,,,2019-07-23T10:58:54Z,46.54168333,12.93360000,1816.00,
166,,,,,2019-07-23T10:58:55Z,46.54160000,12.93340000,1814.00,
167,,,,,2019-07-23T10:58:56Z,46.54156667,12.93316667,1818.00,
168,,,,,2019-07-23T10:58:57Z,46.54155000,12.93291667,1819.00,
169,,,,,2019-07-23T10:58:58Z,46.54156667,12.93266667,1823.00,
170,,,,,2019-07-23T10:58:59Z,46.54163333,12.93241667,1826.00,
171,,,,,2019-07-23T10:59:00Z,46.54173333,12.93221667,1826.00,
172,,,,,2019-07-23T10:59:01Z,46.54183333,12.93205000,1829.00,
173,,,,,2019-07-23T10:59:02Z,46.54196667,12.93191667,1835.00,
174,,,,,2019-07-23T10:59:03Z,46.54213333,12.93183333,1838.00,
175,,,,,2019-07-23T10:59:04Z,46.54228333,12.93181667,1838.00,
176,,,,,2019-07-23T10:59:05Z,46.54243333,12.93186667,1838.00,
177,,,,,2019-07-23T10:59:06Z,46.54255000,12.93195000,1842.00,
178,,,,,2019-07-23T10:59:07Z,46.54265000,12.93206667,1847.00,
179,,,,,2019-07-23T10:59:08Z,46.54270000,12.93221667,1850.00,
180,,,,,2019-07-23T10:59:09Z,46.54270000,12.93238333,1852.00,
181,,,,,2019-07-23T10:59:10Z,46.54266667,12.93253333,1854.00,
182,,,,,2019-07-23T10:59:11Z,46.54256667,12.93266667,1855.00,
183,,,,,2019-07-23T10:59:12Z,46.54245000,12.93271667,1855.00,
184,,,,,2019-07-23T10:59:13Z,46.54231667,12.93270000,1855.00,
185,,,,,2019-07-23T10:59:14Z,46.54218333,12.93261667,1856.00,
186,,,,,2019-07-23T10:59:15Z,46.54208333,12.93245000,1857.00,
187,,,,,2019-07-23T10:59:16Z,46.54201667,12.93221667,1858.00,
188,,,,,2019-07-23T10:59:17Z,46.54200000,12.93198333,1858.00,
189,,,,,2019-07-23T10:59:18Z,46.54203333,12.93175000,1861.00,
190,,,,,2019-07-23T10:59:19Z,46.54211667,12.93151667,1866.00,
191,,,,,2019-07-23T10:59:20Z,46.54223333,12.93135000,1867.00,
192,,,,,2019-07-23T10:59:21Z,46.54236667,12.93121667,1868.00,
193,,,,,2019-07-23T10:59:22Z,46.54253333,12.93113333,1873.00,
194,,,,,2019-07-23T10:59:23Z,46.54268333,12.93110000,1874.00,
195,,,,,2019-07-23T10:59:24Z,46.54283333,12.93111667,1876.00,
196,,,,,2019-07-23T10:59:25Z,46.54295000,12.93120000,1881.00,
197,,,,,2019-07-23T10:59:26Z,46.54305000,12.93128333,1884.00,
198,,,,,2019-07-23T10:59:27Z,46.54311667,12.93141667,1884.00,
199,,,,,2019-07-23T10:59:28Z,46.54315000,12.93158333,1884.00,
200,,,,,2019-07-23T10:59:29Z,46.54318333,12.93175000,1885.00,
201,,,,,2019-07-23T10:59:30Z,46.54318333,12.93191667,1889.00,
202,,,,,2019-07-23T10:59:31Z,46.54316667,12.93208333,1890.00,
203,,,,,2019-07-23T10:59:32Z,46.54313333,12.93223333,1890.00,
204,,,,,2019-07-23T10:59:33Z,46.54310000,12.93240000,1891.00,
205,,,,,2019-07-23T10:59:34Z,46.54306667,12.93255000,1891.00,
206,,,,,2019-07-23T10:59:35Z,46.54303333,12.93270000,1892.00,
207,,,,,2019-07-23T10:59:36Z,46.54300000,12.93285000,1893.00,
208,,,,,2019-07-23T10:59:37Z,46.54296667,12.93301667,1894.00,
209,,,,,2019-07-23T10:59:38Z,46.54296667,12.93318333,1894.00,
210,,,,,2019-07-23T10:59:39Z,46.54298333,12.93335000,1897.00,
211,,,,,2019-07-23T10:59:40Z,46.54301667,12.93350000,1897.00,
212,,,,,2019-07-23T10:59:41Z,46.54305000,12.93365000,1899.00,
213,,,,,2019-07-23T10:59:42Z,46.54311667,12.93380000,1903.00,
214,,,,,2019-07-23T10:59:43Z,46.54316667,12.93396667,1904.00,
215,,,,,2019-07-23T10:59:44Z,46.54320000,12.93415000,1904.00,
216,,,,,2019-07-23T10:59:45Z,46.54323333,12.93431667,1905.00,
217,,,,,2019-07-23T10:59:46Z,46.54323333,12.93448333,1909.00,
218,,,,,2019-07-23T10:59:47Z,46.54321667,12.93463333,1909.00,
219,,,,,2019-07-23T10:59:48Z,46.54316667,12.93478333,1912.00,
220,,,,,2019-07-23T10:59:49Z,46.54310000,12.93493333,1916.00,
221,,,,,2019-07-23T10:59:50Z,46.54298333,12.93505000,1916.00,
222,,,,,2019-07-23T10:59:51Z,46.54283333,12.93510000,1913.00,
223,,,,,2019-07-23T10:59:52Z,46.54268333,12.93508333,1913.00,
224,,,,,2019-07-23T10:59:53Z,46.54255000,12.93501667,1916.00,
225,,,,,2019-07-23T10:59:54Z,46.54243333,12.93486667,1918.00,
226,,,,,2019-07-23T10:59:55Z,46.54235000,12.93466667,1915.00,
227,,,,,2019-07-23T10:59:56Z,46.54235000,12.93443333,1915.00,
228,,,,,2019-07-23T10:59:57Z,46.54240000,12.93421667,1920.00,
229,,,,,2019-07-23T10:59:58Z,46.54248333,12.93401667,1923.00,
230,,,,,2019-07-23T10:59:59Z,46.54260000,12.93385000,1922.00,
231,,,,,2019-07-23T11:00:00Z,46.54276667,12.93375000,1919.00,
232,,,,,2019-07-23T11:00:01Z,46.54293333,12.93371667,1921.00,
233,,,,,2019-07-23T11:00:02Z,46.54311667,12.93371667,1921.00,
234,,,,,2019-07-23T11:00:03Z,46.54328333,12.93373333,1923.00,
235,,,,,2019-07-23T11:00:04Z,46.54343333,12.93381667,1924.00,
236,,,,,2019-07-23T11:00:05Z,46.54356667,12.93395000,1924.00,
237,,,,,2019-07-23T11:00:06Z,46.54366667,12.93408333,1925.00,
238,,,,,2019-07-23T11:00:07Z,46.54373333,12.93425000,1925.00,
239,,,,,2019-07-23T11:00:08Z,46.54376667,12.93445000,1927.00,
240,,,,,2019-07-23T11:00:09Z,46.54373333,12.93465000,1926.00,
241,,,,,2019-07-23T11:00:10Z,46.54365000,12.93483333,1925.00,
242,,,,,2019-07-23T11:00:11Z,46.54350000,12.93493333,1925.00,
243,,,,,2019-07-23T11:00:12Z,46.54335000,12.93491667,1923.00,
244,,,,,2019-07-23T11:00:13Z,46.54320000,12.93483333,1924.00,
245,,,,,2019-07-23T11:00:14Z,46.54308333,12.93468333,1925.00,
246,,,,,2019-07-23T11:00:15Z,46.54300000,12.93451667,1926.00,
247,,,,,2019-07-23T11:00:16Z,46.54293333,12.93433333,1928.00,
248,,,,,2019-07-23T11:00:17Z,46.54286667,12.93415000,1932.00,
249,,,,,2019-07-23T11:00:18Z,46.54280000,12.93398333,1935.00,
250,,,,,2019-07-23T11:00:19Z,46.54273333,12.93380000,1936.00,
251,,,,,2019-07-23T11:00:20Z,46.54266667,12.93363333,1937.00,
252,,,,,2019-07-23T11:00:21Z,46.54258333,12.93346667,1940.00,
253,,,,,2019-07-23T11:00:22Z,46.54250000,12.93330000,1943.00,
254,,,,,2019-07-23T11:00:23Z,46.54243333,12.93310000,1949.00,
255,,,,,2019-07-23T11:00:24Z,46.54238333,12.93290000,1951.00,
256,,,,,2019-07-23T11:00:25Z,46.54238333,12.93268333,1953.00,
257,,,,,2019-07-23T11:00:26Z,46.54241667,12.93246667,1954.00,
258,,,,,2019-07-23T11:00:27Z,46.54250000,12.93230000,1958.00,
259,,,,,2019-07-23T11:00:28Z,46.54263333,12.93215000,1962.00,
260,,,,,2019-07-23T11:00:29Z,46.54278333,12.93210000,1962.00,
261,,,,,2019-07-23T11:00:30Z,46.54296667,12.93213333,1961.00,
262,,,,,2019-07-23T11:00:31Z,46.54311667,12.93223333,1963.00,
263,,,,,2019-07-23T11:00:32Z,46.54321667,12.93240000,1965.00,
264,,,,,2019-07-23T11:00:33Z,46.54326667,12.93260000,1966.00,
265,,,,,2019-07-23T11:00:34Z,46.54328333,12.93280000,1969.00,
266,,,,,2019-07-23T11:00:35Z,46.54323333,12.93298333,1970.00,
267,,,,,2019-07-23T11:00:36Z,46.54315000,12.93313333,1973.00,
268,,,,,2019-07-23T11:00:37Z,46.54303333,12.93323333,1974.00,
269,,,,,2019-07-23T11:00:38Z,46.54290000,12.93326667,1975.00,
270,,,,,2019-07-23T11:00:39Z,46.54275000,12.93321667,1976.00,
271,,,,,2019-07-23T11:00:40Z,46.54261667,12.93313333,1975.00,
272,,,,,2019-07-23T11:00:41Z,46.54248333,12.93301667,1975.00,
273,,,,,2019-07-23T11:00:42Z,46.54236667,12.93290000,1984.00,
274,,,,,2019-07-23T11:00:43Z,46.54225000,12.93276667,1988.00,
275,,,,,2019-07-23T11:00:44Z,46.54213333,12.93260000,1989.00,
276,,,,,2019-07-23T11:00:45Z,46.54205000,12.93240000,1987.00,
277,,,,,2019-07-23T11:00:46Z,46.54196667,12.93218333,1993.00,
278,,,,,2019-07-23T11:00:47Z,46.54191667,12.93193333,1994.00,
279,,,,,2019-07-23T11:00:48Z,46.54190000,12.93166667,1996.00,
280,,,,,2019-07-23T11:00:49Z,46.54191667,12.93140000,1999.00,
281,,,,,2019-07-23T11:00:50Z,46.54196667,12.93113333,2005.00,
282,,,,,2019-07-23T11:00:51Z,46.54206667,12.93091667,2010.00,
283,,,,,2019-07-23T11:00:52Z,46.54220000,12.93075000,2015.00,
284,,,,,2019-07-23T11:00:53Z,46.54236667,12.93066667,2019.00,
285,,,,,2019-07-23T11:00:54Z,46.54255000,12.93066667,2021.00,
286,,,,,2019-07-23T11:00:55Z,46.54270000,12.93075000,2023.00,
287,,,,,2019-07-23T11:00:56Z,46.54283333,12.93090000,2028.00,
288,,,,,2019-07-23T11:00:57Z,46.54291667,12.93110000,2030.00,
289,,,,,2019-07-23T11:00:58Z,46.54295000,12.93131667,2032.00,
290,,,,,2019-07-23T11:00:59Z,46.54290000,12.93151667,2033.00,
291,,,,,2019-07-23T11:01:00Z,46.54281667,12.93168333,2032.00,
292,,,,,2019-07-23T11:01:01Z,46.54271667,12.93181667,2030.00,
293,,,,,2019-07-23T11:01:02Z,46.54258333,12.93190000,2038.00,
294,,,,,2019-07-23T11:01:03Z,46.54245000,12.93195000,2042.00,
295,,,,,2019-07-23T11:01:04Z,46.54231667,12.93193333,2044.00,
296,,,,,2019-07-23T11:01:05Z,46.54216667,12.93188333,2044.00,
297,,,,,2019-07-23T11:01:06Z,46.54203333,12.93176667,2047.00,
298,,,,,2019-07-23T11:01:07Z,46.54190000,12.93160000,2051.00,
299,,,,,2019-07-23T11:01:08Z,46.54180000,12.93136667,2053.00,
300,,,,,2019-07-23T11:01:09Z,46.54173333,12.93113333,2055.00,
301,,,,,2019-07-23T11:01:10Z,46.54170000,12.93091667,2061.00,
302,,,,,2019-07-23T11:01:11Z,46.54170000,12.93071667,2069.00,
303,,,,,2019-07-23T11:01:12Z,46.54171667,12.93051667,2073.00,
304,,,,,2019-07-23T11:01:13Z,46.54176667,12.93031667,2075.00,
305,,,,,2019-07-23T11:01:14Z,46.54181667,12.93011667,2079.00,
306,,,,,2019-07-23T11:01:15Z,46.54190000,12.92991667,2081.00,
307,,,,,2019-07-23T11:01:16Z,46.54198333,12.92970000,2087.00,
308,,,,,2019-07-23T11:01:17Z,46.54206667,12.92950000,2089.00,
309,,,,,2019-07-23T11:01:18Z,46.54215000,12.92931667,2095.00,
310,,,,,2019-07-23T11:01:19Z,46.54223333,12.92915000,2094.00,
311,,,,,2019-07-23T11:01:20Z,46.54235000,12.92901667,2095.00,
312,,,,,2019-07-23T11:01:21Z,46.54251667,12.92893333,2093.00,
313,,,,,2019-07-23T11:01:22Z,46.54270000,12.92890000,2089.00,
314,,,,,2019-07-23T11:01:23Z,46.54288333,12.92895000,2082.00,
315,,,,,2019-07-23T11:01:24Z,46.54305000,12.92900000,2080.00,
316,,,,,2019-07-23T11:01:25Z,46.54320000,12.92905000,2081.00,
317,,,,,2019-07-23T11:01:26Z,46.54335000,12.92906667,2084.00,
318,,,,,2019-07-23T11:01:27Z,46.54348333,12.92910000,2085.00,
319,,,,,2019-07-23T11:01:28Z,46.54363333,12.92913333,2085.00,
320,,,,,2019-07-23T11:01:29Z,46.54380000,12.92920000,2090.00,
321,,,,,2019-07-23T11:01:30Z,46.54395000,12.92926667,2090.00,
322,,,,,2019-07-23T11:01:31Z,46.54408333,12.92933333,2093.00,
323,,,,,2019-07-23T11:01:32Z,46.54421667,12.92943333,2094.00,
324,,,,,2019-07-23T11:01:33Z,46.54431667,12.92956667,2095.00,
325,,,,,2019-07-23T11:01:34Z,46.54438333,12.92973333,2098.00,
326,,,,,2019-07-23T11:01:35Z,46.54441667,12.92990000,2098.00,
327,,,,,2019-07-23T11:01:36Z,46.54441667,12.93010000,2099.00,
328,,,,,2019-07-23T11:01:37Z,46.54440000,12.93030000,2097.00,
329,,,,,2019-07-23T11:01:38Z,46.54433333,12.93050000,2097.00,
330,,,,,2019-07-23T11:01:39Z,46.54425000,12.93066667,2096.00,
331,,,,,2019-07-23T11:01:40Z,46.54415000,12.93081667,2096.00,
332,,,,,2019-07-23T11:01:41Z,46.54403333,12.93093333,2097.00,
333,,,,,2019-07-23T11:01:42Z,46.54391667,12.93103333,2096.00,
334,,,,,2019-07-23T11:01:43Z,46.54380000,12.93111667,2098.00,
335,,,,,2019-07-23T11:01:44Z,46.54366667,12.93120000,2098.00,
336,,,,,2019-07-23T11:01:45Z,46.54353333,12.93126667,2099.00,
337,,,,,2019-07-23T11:01:46Z,46.54341667,12.93133333,2099.00,
338,,,,,2019-07-23T11:01:47Z,46.54328333,12.93143333,2102.00,
339,,,,,2019-07-23T11:01:48Z,46.54313333,12.93151667,2104.00,
340,,,,,2019-07-23T11:01:49Z,46.54298333,12.93158333,2105.00,
341,,,,,2019-07-23T11:01:50Z,46.54281667,12.93163333,2107.00,
342,,,,,2019-07-23T11:01:51Z,46.54266667,12.93163333,2107.00,
343,,,,,2019-07-23T11:01:52Z,46.54251667,12.93158333,2109.00,
344,,,,,2019-07-23T11:01:53Z,46.54236667,12.93148333,2108.00,
345,,,,,2019-07-23T11:01:54Z,46.54225000,12.93136667,2111.00,
346,,,,,2019-07-23T11:01:55Z,46.54215000,12.93123333,2115.00,
347,,,,,2019-07-23T11:01:56Z,46.54206667,12.93106667,2120.00,
348,,,,,2019-07-23T11:01:57Z,46.54201667,12.93086667,2121.00,
349,,,,,2019-07-23T11:01:58Z,46.54201667,12.93066667,2121.00,
350,,,,,2019-07-23T11:01:59Z,46.54206667,12.93048333,2124.00,
351,,,,,2019-07-23T11:02:00Z,46.54216667,12.93031667,2127.00,
352,,,,,2019-07-23T11:02:01Z,46.54233333,12.93023333,2127.00,
353,,,,,2019-07-23T11:02:02Z,46.54250000,12.93025000,2127.00,
354,,,,,2019-07-23T11:02:03Z,46.54266667,12.93035000,2128.00,
355,,,,,2019-07-23T11:02:04Z,46.54278333,12.93050000,2130.00,
356,,,,,2019-07-23T11:02:05Z,46.54286667,12.93070000,2132.00,
357,,,,,2019-07-23T11:02:06Z,46.54288333,12.93091667,2133.00,
358,,,,,2019-07-23T11:02:07Z,46.54286667,12.93113333,2138.00,
359,,,,,2019-07-23T11:02:08Z,46.54278333,12.93131667,2140.00,
360,,,,,2019-07-23T11:02:09Z,46.54268333,12.93146667,2141.00,
361,,,,,2019-07-23T11:02:10Z,46.54256667,12.93153333,2142.00,
362,,,,,2019-07-23T11:02:11Z,46.54245000,12.93153333,2145.00,
363,,,,,2019-07-23T11:02:12Z,46.54233333,12.93150000,2148.00,
364,,,,,2019-07-23T11:02:13Z,46.54223333,12.93138333,2152.00,
365,,,,,2019-07-23T11:02:14Z,46.54215000,12.93123333,2152.00,
366,,,,,2019-07-23T11:02:15Z,46.54210000,12.93103333,2151.00,
367,,,,,2019-07-23T11:02:16Z,46.54208333,12.93081667,2150.00,
368,,,,,2019-07-23T11:02:17Z,46.54208333,12.93058333,2147.00,
369,,,,,2019-07-23T11:02:18Z,46.54211667,12.93036667,2151.00,
370,,,,,2019-07-23T11:02:19Z,46.54215000,12.93015000,2152.00,
371,,,,,2019-07-23T11:02:20Z,46.54221667,12.92995000,2153.00,
372,,,,,2019-07-23T11:02:21Z,46.54226667,12.92973333,2154.00,
373,,,,,2019-07-23T11:02:22Z,46.54233333,12.92953333,2158.00,
374,,,,,2019-07-23T11:02:23Z,46.54240000,12.92935000,2160.00,
375,,,,,2019-07-23T11:02:24Z,46.54248333,12.92918333,2163.00,
376,,,,,2019-07-23T11:02:25Z,46.54256667,12.92901667,2165.00,
377,,,,,2019-07-23T11:02:26Z,46.54268333,12.92886667,2165.00,
378,,,,,2019-07-23T11:02:27Z,46.54281667,12.92873333,2168.00,
379,,,,,2019-07-23T11:02:28Z,46.54295000,12.92863333,2168.00,
380,,,,,2019-07-23T11:02:29Z,46.54310000,12.92856667,2168.00,
381,,,,,2019-07-23T11:02:30Z,46.54325000,12.92853333,2167.00,
382,,,,,2019-07-23T11:02:31Z,46.54338333,12.92850000,2171.00,
383,,,,,2019-07-23T11:02:32Z,46.54351667,12.92846667,2172.00,
384,,,,,2019-07-23T11:02:33Z,46.54365000,12.92846667,2174.00,
385,,,,,2019-07-23T11:02:34Z,46.54380000,12.92848333,2175.00,
386,,,,,2019-07-23T11:02:35Z,46.54395000,12.92855000,2178.00,
387,,,,,2019-07-23T11:02:36Z,46.54408333,12.92863333,2179.00,
388,,,,,2019-07-23T11:02:37Z,46.54418333,12.92876667,2185.00,
389,,,,,2019-07-23T11:02:38Z,46.54423333,12.92890000,2188.00,
390,,,,,2019-07-23T11:02:39Z,46.54423333,12.92908333,2190.00,
391,,,,,2019-07-23T11:02:40Z,46.54415000,12.92921667,2190.00,
392,,,,,2019-07-23T11:02:41Z,46.54400000,12.92926667,2188.00,
393,,,,,2019-07-23T11:02:42Z,46.54385000,12.92920000,2186.00,
394,,,,,2019-07-23T11:02:43Z,46.54371667,12.92905000,2185.00,
395,,,,,2019-07-23T11:02:44Z,46.54360000,12.92886667,2185.00,
396,,,,,2019-07-23T11:02:45Z,46.54351667,12.92866667,2188.00,
397,,,,,2019-07-23T11:02:46Z,46.54345000,12.92846667,2193.00,
398,,,,,2019-07-23T11:02:47Z,46.54340000,12.92823333,2198.00,
399,,,,,2019-07-23T11:02:48Z,46.54341667,12.92803333,2198.00,
400,,,,,2019-07-23T11:02:49Z,46.54346667,12.92785000,2200.00,
401,,,,,2019-07-23T11:02:50Z,46.54353333,12.92770000,2200.00,
402,,,,,2019-07-23T11:02:51Z,46.54363333,12.92758333,2203.00,
403,,,,,2019-07-23T11:02:52Z,46.54373333,12.92748333,2207.00,
404,,,,,2019-07-23T11:02:53Z,46.54388333,12.92740000,2209.00,
405,,,,,2019-07-23T11:02:54Z,46.54403333,12.92736667,2204.00,
406,,,,,2019-07-23T11:02:55Z,46.54418333,12.92736667,2205.00,
407,,,,,2019-07-23T11:02:56Z,46.54431667,12.92740000,2207.00,
408,,,,,2019-07-23T11:02:57Z,46.54445000,12.92745000,2209.00,
409,,,,,2019-07-23T11:02:58Z,46.54455000,12.92753333,2211.00,
410,,,,,2019-07-23T11:02:59Z,46.54461667,12.92765000,2209.00,
411,,,,,2019-07-23T11:03:00Z,46.54463333,12.92778333,2208.00,
412,,,,,2019-07-23T11:03:01Z,46.54465000,12.92793333,2207.00,
413,,,,,2019-07-23T11:03:02Z,46.54461667,12.92808333,2206.00,
414,,,,,2019-07-23T11:03:03Z,46.54456667,12.92823333,2203.00,
415,,,,,2019-07-23T11:03:04Z,46.54448333,12.92836667,2203.00,
416,,,,,2019-07-23T11:03:05Z,46.54438333,12.92848333,2204.00,
417,,,,,2019-07-23T11:03:06Z,46.54425000,12.92855000,2203.00,
418,,,,,2019-07-23T11:03:07Z,46.54411667,12.92855000,2203.00,
419,,,,,2019-07-23T11:03:08Z,46.54396667,12.92850000,2203.00,
420,,,,,2019-07-23T11:03:09Z,46.54383333,12.92838333,2201.00,
421,,,,,2019-07-23T11:03:10Z,46.54370000,12.92823333,2200.00,
422,,,,,2019-07-23T11:03:11Z,46.54358333,12.92806667,2201.00,
423,,,,,2019-07-23T11:03:12Z,46.54348333,12.92788333,2204.00,
424,,,,,2019-07-23T11:03:13Z,46.54341667,12.92771667,2205.00,
425,,,,,2019-07-23T11:03:14Z,46.54336667,12.92753333,2204.00,
426,,,,,2019-07-23T11:03:15Z,46.54330000,12.92736667,2204.00,
427,,,,,2019-07-23T11:03:16Z,46.54323333,12.92720000,2207.00,
428,,,,,2019-07-23T11:03:17Z,46.54315000,12.92703333,2209.00,
429,,,,,2019-07-23T11:03:18Z,46.54306667,12.92683333,2209.00,
430,,,,,2019-07-23T11:03:19Z,46.54300000,12.92663333,2205.00,
431,,,,,2019-07-23T11:03:20Z,46.54293333,12.92641667,2205.00,
432,,,,,2019-07-23T11:03:21Z,46.54286667,12.92620000,2204.00,
433,,,,,2019-07-23T11:03:22Z,46.54283333,12.92600000,2204.00,
434,,,,,2019-07-23T11:03:23Z,46.54280000,12.92580000,2206.00,
435,,,,,2019-07-23T11:03:24Z,46.54276667,12.92560000,2207.00,
436,,,,,2019-07-23T11:03:25Z,46.54275000,12.92538333,2207.00,
437,,,,,2019-07-23T11:03:26Z,46.54275000,12.92516667,2207.00,
438,,,,,2019-07-23T11:03:27Z,46.54275000,12.92495000,2208.00,
439,,,,,2019-07-23T11:03:28Z,46.54276667,12.92473333,2207.00,
440,,,,,2019-07-23T11:03:29Z,46.54280000,12.92450000,2204.00,
441,,,,,2019-07-23T11:03:30Z,46.54281667,12.92426667,2202.00,
442,,,,,2019-07-23T11:03:31Z,46.54283333,12.92403333,2201.00,
443,,,,,2019-07-23T11:03:32Z,46.54281667,12.92380000,2202.00,
444,,,,,2019-07-23T11:03:33Z,46.54276667,12.92355000,2201.00,
445,,,,,2019-07-23T11:03:34Z,46.54270000,12.92330000,2200.00,
446,,,,,2019-07-23T11:03:35Z,46.54261667,12.92305000,2198.00,
447,,,,,2019-07-23T11:03:36Z,46.54253333,12.92283333,2201.00,
448,,,,,2019-07-23T11:03:37Z,46.54245000,12.92261667,2201.00,
449,,,,,2019-07-23T11:03:38Z,46.54238333,12.92241667,2202.00,
450,,,,,2019-07-23T11:03:39Z,46.54233333,12.92220000,2205.00,
451,,,,,2019-07-23T11:03:40Z,46.54228333,12.92198333,2208.00,
452,,,,,2019-07-23T11:03:41Z,46.54226667,12.92173333,2210.00,
453,,,,,2019-07-23T11:03:42Z,46.54230000,12.92146667,2212.00,
454,,,,,2019-07-23T11:03:43Z,46.54235000,12.92121667,2212.00,
455,,,,,2019-07-23T11:03:44Z,46.54245000,12.92096667,2214.00,
456,,,,,2019-07-23T11:03:45Z,46.54258333,12.92076667,2215.00,
457,,,,,2019-07-23T11:03:46Z,46.54273333,12.92058333,2213.00,
458,,,,,2019-07-23T11:03:47Z,46.54291667,12.92045000,2212.00,
459,,,,,2019-07-23T11:03:48Z,46.54310000,12.92035000,2215.00,
460,,,,,2019-07-23T11:03:49Z,46.54326667,12.92026667,2217.00,
461,,,,,2019-07-23T11:03:50Z,46.54345000,12.92023333,2220.00,
462,,,,,2019-07-23T11:03:51Z,46.54363333,12.92023333,2222.00,
463,,,,,2019-07-23T11:03:52Z,46.54378333,12.92030000,2224.00,
464,,,,,2019-07-23T11:03:53Z,46.54390000,12.92038333,2229.00,
465,,,,,2019-07-23T11:03:54Z,46.54398333,12.92051667,2232.00,
466,,,,,2019-07-23T11:03:55Z,46.54401667,12.92066667,2233.00,
467,,,,,2019-07-23T11:03:56Z,46.54398333,12.92081667,2233.00,
468,,,,,2019-07-23T11:03:57Z,46.54391667,12.92093333,2234.00,
469,,,,,2019-07-23T11:03:58Z,46.54380000,12.92100000,2234.00,
470,,,,,2019-07-23T11:03:59Z,46.54366667,12.92103333,2232.00,
471,,,,,2019-07-23T11:04:00Z,46.54351667,12.92100000,2232.00,
472,,,,,2019-07-23T11:04:01Z,46.54336667,12.92093333,2233.00,
473,,,,,2019-07-23T11:04:02Z,46.54323333,12.92085000,2232.00,
474,,,,,2019-07-23T11:04:03Z,46.54308333,12.92076667,2234.00,
475,,,,,2019-07-23T11:04:04Z,46.54296667,12.92068333,2236.00,
476,,,,,2019-07-23T11:04:05Z,46.54285000,12.92060000,2238.00,
477,,,,,2019-07-23T11:04:06Z,46.54273333,12.92053333,2240.00,
478,,,,,2019-07-23T11:04:07Z,46.54263333,12.92048333,2241.00,
479,,,,,2019-07-23T11:04:08Z,46.54251667,12.92046667,2242.00,
480,,,,,2019-07-23T11:04:09Z,46.54240000,12.92048333,2244.00,
481,,,,,2019-07-23T11:04:10Z,46.54228333,12.92053333,2247.00,
482,,,,,2019-07-23T11:04:11Z,46.54215000,12.92061667,2248.00,
483,,,,,2019-07-23T11:04:12Z,46.54203333,12.92068333,2249.00,
484,,,,,2019-07-23T11:04:13Z,46.54191667,12.92075000,2249.00,
485,,,,,2019-07-23T11:04:14Z,46.54180000,12.92078333,2250.00,
486,,,,,2019-07-23T11:04:15Z,46.54168333,12.92081667,2252.00,
487,,,,,2019-07-23T11:04:16Z,46.54156667,12.92083333,2254.00,
488,,,,,2019-07-23T11:04:17Z,46.54145000,12.92085000,2257.00,
489,,,,,2019-07-23T11:04:18Z,46.54131667,12.92085000,2260.00,
490,,,,,2019-07-23T11:04:19Z,46.54120000,12.92080000,2261.00,
491,,,,,2019-07-23T11:04:20Z,46.54108333,12.92071667,2261.00,
492,,,,,2019-07-23T11:04:21Z,46.54096667,12.92060000,2260.00,
493,,,,,2019-07-23T11:04:22Z,46.54088333,12.92048333,2260.00,
494,,,,,2019-07-23T11:04:23Z,46.54078333,12.92031667,2263.00,
495,,,,,2019-07-23T11:04:24Z,46.54071667,12.92015000,2264.00,
496,,,,,2019-07-23T11:04:25Z,46.54066667,12.91995000,2265.00,
497,,,,,2019-07-23T11:04:26Z,46.54065000,12.91975000,2267.00,
498,,,,,2019-07-23T11:04:27Z,46.54066667,12.91953333,2267.00,
499,,,,,2019-07-23T11:04:28Z,46.54073333,12.91933333,2268.00,
500,,,,,2019-07-23T11:04:29Z,46.54083333,12.91916667,2269.00,
501,,,,,2019-07-23T11:04:30Z,46.54096667,12.91901667,2270.00,
502,,,,,2019-07-23T11:04:31Z,46.54111667,12.91891667,2273.00,
503,,,,,2019-07-23T11:04:32Z,46.54128333,12.91890000,2275.00,
504,,,,,2019-07-23T11:04:33Z,46.54145000,12.91893333,2276.00,
505,,,,,2019-07-23T11:04:34Z,46.54160000,12.91903333,2277.00,
506,,,,,2019-07-23T11:04:35Z,46.54171667,12.91920000,2277.00,
507,,,,,2019-07-23T11:04:36Z,46.54181667,12.91938333,2276.00,
508,,,,,2019-07-23T11:04:37Z,46.54190000,12.91960000,2278.00,
509,,,,,2019-07-23T11:04:38Z,46.54198333,12.91981667,2278.00,
510,,,,,2019-07-23T11:04:39Z,46.54201667,12.92003333,2279.00,
511,,,,,2019-07-23T11:04:40Z,46.54203333,12.92021667,2284.00,
512,,,,,2019-07-23T11:04:41Z,46.54203333,12.92040000,2287.00,
513,,,,,2019-07-23T11:04:42Z,46.54198333,12.92056667,2288.00,
514,,,,,2019-07-23T11:04:43Z,46.54191667,12.92073333,2287.00,
515,,,,,2019-07-23T11:04:44Z,46.54181667,12.92086667,2286.00,
516,,,,,2019-07-23T11:04:45Z,46.54173333,12.92101667,2281.00,
517,,,,,2019-07-23T11:04:46Z,46.54165000,12.92118333,2281.00,
518,,,,,2019-07-23T11:04:47Z,46.54156667,12.92136667,2282.00,
519,,,,,2019-07-23T11:04:48Z,46.54151667,12.92155000,2284.00,
520,,,,,2019-07-23T11:04:49Z,46.54145000,12.92175000,2286.00,
521,,,,,2019-07-23T11:04:50Z,46.54136667,12.92191667,2286.00,
522,,,,,2019-07-23T11:04:51Z,46.54128333,12.92208333,2286.00,
523,,,,,2019-07-23T11:04:52Z,46.54120000,12.92225000,2285.00,
524,,,,,2019-07-23T11:04:53Z,46.54111667,12.92241667,2286.00,
525,,,,,2019-07-23T11:04:54Z,46.54106667,12.92261667,2283.00,
526,,,,,2019-07-23T11:04:55Z,46.54103333,12.92281667,2286.00,
527,,,,,2019-07-23T11:04:56Z,46.54100000,12.92305000,2288.00,
528,,,,,2019-07-23T11:04:57Z,46.54098333,12.92326667,2291.00,
529,,,,,2019-07-23T11:04:58Z,46.54093333,12.92348333,2293.00,
530,,,,,2019-07-23T11:04:59Z,46.54086667,12.92368333,2293.00,
531,,,,,2019-07-23T11:05:00Z,46.54078333,12.92385000,2293.00,
532,,,,,2019-07-23T11:05:01Z,46.54070000,12.92401667,2294.00,
533,,,,,2019-07-23T11:05:02Z,46.54063333,12.92416667,2296.00,
534,,,,,2019-07-23T11:05:03Z,46.54056667,12.92433333,2298.00,
535,,,,,2019-07-23T11:05:04Z,46.54050000,12.92451667,2302.00,
536,,,,,2019-07-23T11:05:05Z,46.54043333,12.92470000,2303.00,
537,,,,,2019-07-23T11:05:06Z,46.54033333,12.92488333,2303.00,
538,,,,,2019-07-23T11:05:07Z,46.54021667,12.92505000,2302.00,
539,,,,,2019-07-23T11:05:08Z,46.54008333,12.92518333,2302.00,
540,,,,,2019-07-23T11:05:09Z,46.53995000,12.92530000,2301.00,
541,,,,,2019-07-23T11:05:10Z,46.53981667,12.92541667,2302.00,
542,,,,,2019-07-23T11:05:11Z,46.53966667,12.92550000,2303.00,
543,,,,,2019-07-23T11:05:12Z,46.53950000,12.92558333,2302.00,
544,,,,,2019-07-23T11:05:13Z,46.53933333,12.92563333,2301.00,
545,,,,,2019-07-23T11:05:14Z,46.53918333,12.92565000,2298.00,
546,,,,,2019-07-23T11:05:15Z,46.53903333,12.92568333,2297.00,
547,,,,,2019-07-23T11:05:16Z,46.53890000,12.92571667,2298.00,
548,,,,,2019-07-23T11:05:17Z,46.53875000,12.92576667,2301.00,
549,,,,,2019-07-23T11:05:18Z,46.53861667,12.92581667,2302.00,
550,,,,,2019-07-23T11:05:19Z,46.53846667,12.92586667,2303.00,
551,,,,,2019-07-23T11:05:20Z,46.53833333,12.92591667,2303.00,
552,,,,,2019-07-23T11:05:21Z,46.53820000,12.92593333,2304.00,
553,,,,,2019-07-23T11:05:22Z,46.53805000,12.92593333,2305.00,
554,,,,,2019-07-23T11:05:23Z,46.53791667,12.92591667,2304.00,
555,,,,,2019-07-23T11:05:24Z,46.53776667,12.92590000,2305.00,
556,,,,,2019-07-23T11:05:25Z,46.53763333,12.92588333,2304.00,
557,,,,,2019-07-23T11:05:26Z,46.53748333,12.92583333,2304.00,
558,,,,,2019-07-23T11:05:27Z,46.53733333,12.92578333,2304.00,
559,,,,,2019-07-23T11:05:28Z,46.53718333,12.92571667,2306.00,
560,,,,,2019-07-23T11:05:29Z,46.53705000,12.92561667,2306.00,
561,,,,,2019-07-23T11:05:30Z,46.53691667,12.92551667,2306.00,
562,,,,,2019-07-23T11:05:31Z,46.53680000,12.92540000,2307.00,
563,,,,,2019-07-23T11:05:32Z,46.53670000,12.92530000,2309.00,
564,,,,,2019-07-23T11:05:33Z,46.53658333,12.92518333,2311.00,
565,,,,,2019-07-23T11:05:34Z,46.53648333,12.92508333,2314.00,
566,,,,,2019-07-23T11:05:35Z,46.53636667,12.92496667,2316.00,
567,,,,,2019-07-23T11:05:36Z,46.53626667,12.92481667,2319.00,
568,,,,,2019-07-23T11:05:37Z,46.53616667,12.92466667,2320.00,
569,,,,,2019-07-23T11:05:38Z,46.53606667,12.92451667,2319.00,
570,,,,,2019-07-23T11:05:39Z,46.53596667,12.92441667,2320.00,
571,,,,,2019-07-23T11:05:40Z,46.53585000,12.92435000,2324.00,
572,,,,,2019-07-23T11:05:41Z,46.53571667,12.92433333,2329.00,
573,,,,,2019-07-23T11:05:42Z,46.53556667,12.92431667,2328.00,
574,,,,,2019-07-23T11:05:43Z,46.53541667,12.92430000,2326.00,
575,,,,,2019-07-23T11:05:44Z,46.53526667,12.92428333,2325.00,
576,,,,,2019-07-23T11:05:45Z,46.53513333,12.92426667,2326.00,
577,,,,,2019-07-23T11:05:46Z,46.53500000,12.92423333,2328.00,
578,,,,,2019-07-23T11:05:47Z,46.53486667,12.92418333,2330.00,
579,,,,,2019-07-23T11:05:48Z,46.53475000,12.92410000,2329.00,
580,,,,,2019-07-23T11:05:49Z,46.53463333,12.92400000,2328.00,
581,,,,,2019-07-23T11:05:50Z,46.53450000,12.92388333,2328.00,
582,,,,,2019-07-23T11:05:51Z,46.53438333,12.92373333,2330.00,
583,,,,,2019-07-23T11:05:52Z,46.53428333,12.92356667,2330.00,
584,,,,,2019-07-23T11:05:53Z,46.53418333,12.92338333,2329.00,
585,,,,,2019-07-23T11:05:54Z,46.53411667,12.92320000,2331.00,
586,,,,,2019-07-23T11:05:55Z,46.53405000,12.92301667,2336.00,
587,,,,,2019-07-23T11:05:56Z,46.53400000,12.92283333,2339.00,
588,,,,,2019-07-23T11:05:57Z,46.53396667,12.92266667,2343.00,
589,,,,,2019-07-23T11:05:58Z,46.53395000,12.92246667,2346.00,
590,,,,,2019-07-23T11:05:59Z,46.53393333,12.92225000,2350.00,
591,,,,,2019-07-23T11:06:00Z,46.53395000,12.92201667,2353.00,
592,,,,,2019-07-23T11:06:01Z,46.53398333,12.92178333,2350.00,
593,,,,,2019-07-23T11:06:02Z,46.53405000,12.92153333,2351.00,
594,,,,,2019-07-23T11:06:03Z,46.53411667,12.92131667,2351.00,
595,,,,,2019-07-23T11:06:04Z,46.53420000,12.92110000,2352.00,
596,,,,,2019-07-23T11:06:05Z,46.53428333,12.92086667,2354.00,
597,,,,,2019-07-23T11:06:06Z,46.53436667,12.92065000,2356.00,
598,,,,,2019-07-23T11:06:07Z,46.53448333,12.92045000,2355.00,
599,,,,,2019-07-23T11:06:08Z,46.53458333,12.92026667,2354.00,
600,,,,,2019-07-23T11:06:09Z,46.53470000,12.92010000,2356.00,
601,,,,,2019-07-23T11:06:10Z,46.53483333,12.91993333,2355.00,
602,,,,,2019-07-23T11:06:11Z,46.53495000,12.91976667,2353.00,
603,,,,,2019-07-23T11:06:12Z,46.53506667,12.91961667,2352.00,
604,,,,,2019-07-23T11:06:13Z,46.53518333,12.91945000,2353.00,
605,,,,,2019-07-23T11:06:14Z,46.53531667,12.91930000,2354.00,
606,,,,,2019-07-23T11:06:15Z,46.53543333,12.91913333,2354.00,
607,,,,,2019-07-23T11:06:16Z,46.53555000,12.91898333,2353.00,
608,,,,,2019-07-23T11:06:17Z,46.53563333,12.91881667,2354.00,
609,,,,,2019-07-23T11:06:18Z,46.53571667,12.91865000,2355.00,
610,,,,,2019-07-23T11:06:19Z,46.53576667,12.91846667,2358.00,
611,,,,,2019-07-23T11:06:20Z,46.53580000,12.91826667,2359.00,
612,,,,,2019-07-23T11:06:21Z,46.53583333,12.91803333,2359.00,
613,,,,,2019-07-23T11:06:22Z,46.53585000,12.91781667,2359.00,
614,,,,,2019-07-23T11:06:23Z,46.53585000,12.91760000,2361.00,
615,,,,,2019-07-23T11:06:24Z,46.53586667,12.91736667,2363.00,
616,,,,,2019-07-23T11:06:25Z,46.53590000,12.91715000,2364.00,
617,,,,,2019-07-23T11:06:26Z,46.53593333,12.91695000,2365.00,
618,,,,,2019-07-23T11:06:27Z,46.53598333,12.91675000,2367.00,
619,,,,,2019-07-23T11:06:28Z,46.53600000,12.91656667,2368.00,
620,,,,,2019-07-23T11:06:29Z,46.53601667,12.91635000,2368.00,
621,,,,,2019-07-23T11:06:30Z,46.53600000,12.91613333,2369.00,
622,,,,,2019-07-23T11:06:31Z,46.53596667,12.91593333,2370.00,
623,,,,,2019-07-23T11:06:32Z,46.53591667,12.91573333,2369.00,
624,,,,,2019-07-23T11:06:33Z,46.53581667,12.91555000,2368.00,
625,,,,,2019-07-23T11:06:34Z,46.53570000,12.91543333,2368.00,
626,,,,,2019-07-23T11:06:35Z,46.53555000,12.91535000,2369.00,
627,,,,,2019-07-23T11:06:36Z,46.53538333,12.91533333,2368.00,
628,,,,,2019-07-23T11:06:37Z,46.53521667,12.91535000,2367.00,
629,,,,,2019-07-23T11:06:38Z,46.53506667,12.91540000,2366.00,
630,,,,,2019-07-23T11:06:39Z,46.53493333,12.91546667,2365.00,
631,,,,,2019-07-23T11:06:40Z,46.53480000,12.91558333,2365.00,
632,,,,,2019-07-23T11:06:41Z,46.53470000,12.91570000,2364.00,
633,,,,,2019-07-23T11:06:42Z,46.53460000,12.91585000,2364.00,
634,,,,,2019-07-23T11:06:43Z,46.53450000,12.91600000,2364.00,
635,,,,,2019-07-23T11:06:44Z,46.53441667,12.91611667,2363.00,
636,,,,,2019-07-23T11:06:45Z,46.53433333,12.91626667,2362.00,
637,,,,,2019-07-23T11:06:46Z,46.53426667,12.91641667,2361.00,
638,,,,,2019-07-23T11:06:47Z,46.53420000,12.91658333,2359.00,
639,,,,,2019-07-23T11:06:48Z,46.53415000,12.91676667,2358.00,
640,,,,,2019-07-23T11:06:49Z,46.53411667,12.91698333,2356.00,
641,,,,,2019-07-23T11:06:50Z,46.53408333,12.91718333,2354.00,
642,,,,,2019-07-23T11:06:51Z,46.53408333,12.91740000,2354.00,
643,,,,,2019-07-23T11:06:52Z,46.53410000,12.91760000,2355.00,
644,,,,,2019-07-23T11:06:53Z,46.53411667,12.91778333,2356.00,
645,,,,,2019-07-23T11:06:54Z,46.53415000,12.91795000,2357.00,
646,,,,,2019-07-23T11:06:55Z,46.53418333,12.91810000,2354.00,
647,,,,,2019-07-23T11:06:56Z,46.53426667,12.91823333,2354.00,
648,,,,,2019-07-23T11:06:57Z,46.53436667,12.91836667,2355.00,
649,,,,,2019-07-23T11:06:58Z,46.53448333,12.91848333,2354.00,
650,,,,,2019-07-23T11:06:59Z,46.53460000,12.91863333,2350.00,
651,,,,,2019-07-23T11:07:00Z,46.53473333,12.91875000,2346.00,
652,,,,,2019-07-23T11:07:01Z,46.53486667,12.91886667,2343.00,
653,,,,,2019-07-23T11:07:02Z,46.53500000,12.91895000,2344.00,
654,,,,,2019-07-23T11:07:03Z,46.53515000,12.91903333,2343.00,
655,,,,,2019-07-23T11:07:04Z,46.53528333,12.91911667,2344.00,
656,,,,,2019-07-23T11:07:05Z,46.53543333,12.91918333,2342.00,
657,,,,,2019-07-23T11:07:06Z,46.53556667,12.91926667,2341.00,
658,,,,,2019-07-23T11:07:07Z,46.53570000,12.91935000,2341.00,
659,,,,,2019-07-23T11:07:08Z,46.53583333,12.91943333,2342.00,
660,,,,,2019-07-23T11:07:09Z,46.53595000,12.91955000,2344.00,
661,,,,,2019-07-23T11:07:10Z,46.53608333,12.91968333,2345.00,
662,,,,,2019-07-23T11:07:11Z,46.53620000,12.91983333,2343.00,
663,,,,,2019-07-23T11:07:12Z,46.53630000,12.91998333,2341.00,
664,,,,,2019-07-23T11:07:13Z,46.53640000,12.92015000,2337.00,
665,,,,,2019-07-23T11:07:14Z,46.53653333,12.92028333,2335.00,
666,,,,,2019-07-23T11:07:15Z,46.53666667,12.92043333,2335.00,
667,,,,,2019-07-23T11:07:16Z,46.53681667,12.92056667,2334.00,
668,,,,,2019-07-23T11:07:17Z,46.53695000,12.92070000,2331.00,
669,,,,,2019-07-23T11:07:18Z,46.53708333,12.92083333,2332.00,
670,,,,,2019-07-23T11:07:19Z,46.53720000,12.92095000,2332.00,
671,,,,,2019-07-23T11:07:20Z,46.53731667,12.92108333,2332.00,
672,,,,,2019-07-23T11:07:21Z,46.53741667,12.92121667,2333.00,
673,,,,,2019-07-23T11:07:22Z,46.53751667,12.92135000,2334.00,
674,,,,,2019-07-23T11:07:23Z,46.53761667,12.92150000,2334.00,
675,,,,,2019-07-23T11:07:24Z,46.53771667,12.92165000,2332.00,
676,,,,,2019-07-23T11:07:25Z,46.53781667,12.92181667,2332.00,
677,,,,,2019-07-23T11:07:26Z,46.53793333,12.92198333,2331.00,
678,,,,,2019-07-23T11:07:27Z,46.53803333,12.92216667,2330.00,
679,,,,,2019-07-23T11:07:28Z,46.53813333,12.92233333,2331.00,
680,,,,,2019-07-23T11:07:29Z,46.53823333,12.92251667,2331.00,
681,,,,,2019-07-23T11:07:30Z,46.53831667,12.92270000,2332.00,
682,,,,,2019-07-23T11:07:31Z,46.53840000,12.92286667,2333.00,
683,,,,,2019-07-23T11:07:32Z,46.53848333,12.92301667,2334.00,
684,,,,,2019-07-23T11:07:33Z,46.53855000,12.92316667,2334.00,
685,,,,,2019-07-23T11:07:34Z,46.53861667,12.92331667,2333.00,
686,,,,,2019-07-23T11:07:35Z,46.53868333,12.92348333,2332.00,
687,,,,,2019-07-23T11:07:36Z,46.53875000,12.92365000,2332.00,
688,,,,,2019-07-23T11:07:37Z,46.53881667,12.92383333,2332.00,
689,,,,,2019-07-23T11:07:38Z,46.53888333,12.92401667,2330.00,
690,,,,,2019-07-23T11:07:39Z,46.53896667,12.92418333,2328.00,
691,,,,,2019-07-23T11:07:40Z,46.53905000,12.92433333,2329.00,
692,,,,,2019-07-23T11:07:41Z,46.53915000,12.92446667,2327.00,
693,,,,,2019-07-23T11:07:42Z,46.53926667,12.92458333,2324.00,
694,,,,,2019-07-23T11:07:43Z,46.53938333,12.92468333,2321.00,
695,,,,,2019-07-23T11:07:44Z,46.53950000,12.92475000,2319.00,
696,,,,,2019-07-23T11:07:45Z,46.53961667,12.92485000,2318.00,
697,,,,,2019-07-23T11:07:46Z,46.53973333,12.92496667,2313.00,
698,,,,,2019-07-23T11:07:47Z,46.53983333,12.92511667,2309.00,
699,,,,,2019-07-23T11:07:48Z,46.53993333,12.92526667,2306.00,
700,,,,,2019-07-23T11:07:49Z,46.54001667,12.92543333,2305.00,
701,,,,,2019-07-23T11:07:50Z,46.54008333,12.92563333,2302.00,
702,,,,,2019-07-23T11:07:51Z,46.54016667,12.92581667,2298.00,
703,,,,,2019-07-23T11:07:52Z,46.54025000,12.92600000,2295.00,
704,,,,,2019-07-23T11:07:53Z,46.54033333,12.92616667,2295.00,
705,,,,,2019-07-23T11:07:54Z,46.54041667,12.92631667,2295.00,
706,,,,,2019-07-23T11:07:55Z,46.54051667,12.92645000,2294.00,
707,,,,,2019-07-23T11:07:56Z,46.54061667,12.92656667,2294.00,
708,,,,,2019-07-23T11:07:57Z,46.54073333,12.92666667,2294.00,
709,,,,,2019-07-23T11:07:58Z,46.54086667,12.92675000,2295.00,
710,,,,,2019-07-23T11:07:59Z,46.54100000,12.92681667,2297.00,
711,,,,,2019-07-23T11:08:00Z,46.54113333,12.92688333,2297.00,
712,,,,,2019-07-23T11:08:01Z,46.54128333,12.92695000,2298.00,
713,,,,,2019-07-23T11:08:02Z,46.54141667,12.92703333,2297.00,
714,,,,,2019-07-23T11:08:03Z,46.54155000,12.92711667,2297.00,
715,,,,,2019-07-23T11:08:04Z,46.54168333,12.92721667,2296.00,
716,,,,,2019-07-23T11:08:05Z,46.54181667,12.92733333,2295.00,
717,,,,,2019-07-23T11:08:06Z,46.54195000,12.92741667,2295.00,
718,,,,,2019-07-23T11:08:07Z,46.54208333,12.92750000,2299.00,
719,,,,,2019-07-23T11:08:08Z,46.54221667,12.92758333,2302.00,
720,,,,,2019-07-23T11:08:09Z,46.54233333,12.92768333,2302.00,
721,,,,,2019-07-23T11:08:10Z,46.54245000,12.92781667,2301.00,
722,,,,,2019-07-23T11:08:11Z,46.54255000,12.92795000,2300.00,
723,,,,,2019-07-23T11:08:12Z,46.54265000,12.92806667,2300.00,
724,,,,,2019-07-23T11:08:13Z,46.54276667,12.92818333,2302.00,
725,,,,,2019-07-23T11:08:14Z,46.54290000,12.92826667,2304.00,
726,,,,,2019-07-23T11:08:15Z,46.54303333,12.92835000,2306.00,
727,,,,,2019-07-23T11:08:16Z,46.54316667,12.92843333,2306.00,
728,,,,,2019-07-23T11:08:17Z,46.54330000,12.92855000,2307.00,
729,,,,,2019-07-23T11:08:18Z,46.54341667,12.92868333,2306.00,
730,,,,,2019-07-23T11:08:19Z,46.54353333,12.92883333,2304.00,
731,,,,,2019-07-23T11:08:20Z,46.54365000,12.92896667,2306.00,
732,,,,,2019-07-23T11:08:21Z,46.54378333,12.92908333,2308.00,
733,,,,,2019-07-23T11:08:22Z,46.54391667,12.92918333,2311.00,
734,,,,,2019-07-23T11:08:23Z,46.54406667,12.92926667,2312.00,
735,,,,,2019-07-23T11:08:24Z,46.54423333,12.92931667,2314.00,
736,,,,,2019-07-23T11:08:25Z,46.54440000,12.92935000,2314.00,
737,,,,,2019-07-23T11:08:26Z,46.54456667,12.92936667,2314.00,
738,,,,,2019-07-23T11:08:27Z,46.54473333,12.92933333,2318.00,
739,,,,,2019-07-23T11:08:28Z,46.54490000,12.92930000,2317.00,
740,,,,,2019-07-23T11:08:29Z,46.54506667,12.92925000,2317.00,
741,,,,,2019-07-23T11:08:30Z,46.54525000,12.92916667,2323.00,
742,,,,,2019-07-23T11:08:31Z,46.54540000,12.92908333,2324.00,
743,,,,,2019-07-23T11:08:32Z,46.54556667,12.92903333,2323.00,
744,,,,,2019-07-23T11:08:33Z,46.54573333,12.92898333,2326.00,
745,,,,,2019-07-23T11:08:34Z,46.54588333,12.92895000,2330.00,
746,,,,,2019-07-23T11:08:35Z,46.54603333,12.92893333,2331.00,
747,,,,,2019-07-23T11:08:36Z,46.54620000,12.92893333,2331.00,
748,,,,,2019-07-23T11:08:37Z,46.54636667,12.92896667,2331.00,
749,,,,,2019-07-23T11:08:38Z,46.54653333,12.92901667,2330.00,
750,,,,,2019-07-23T11:08:39Z,46.54668333,12.92906667,2330.00,
751,,,,,2019-07-23T11:08:40Z,46.54683333,12.92910000,2329.00,
752,,,,,2019-07-23T11:08:41Z,46.54698333,12.92913333,2335.00,
753,,,,,2019-07-23T11:08:42Z,46.54715000,12.92915000,2336.00,
754,,,,,2019-07-23T11:08:43Z,46.54730000,12.92916667,2334.00,
755,,,,,2019-07-23T11:08:44Z,46.54746667,12.92916667,2335.00,
756,,,,,2019-07-23T11:08:45Z,46.54763333,12.92916667,2336.00,
757,,,,,2019-07-23T11:08:46Z,46.54780000,12.92918333,2336.00,
758,,,,,2019-07-23T11:08:47Z,46.54796667,12.92923333,2332.00,
759,,,,,2019-07-23T11:08:48Z,46.54813333,12.92930000,2328.00,
760,,,,,2019-07-23T11:08:49Z,46.54826667,12.92938333,2325.00,
761,,,,,2019-07-23T11:08:50Z,46.54843333,12.92946667,2324.00,
762,,,,,2019-07-23T11:08:51Z,46.54858333,12.92955000,2325.00,
763,,,,,2019-07-23T11:08:52Z,46.54873333,12.92965000,2325.00,
764,,,,,2019-07-23T11:08:53Z,46.54888333,12.92973333,2324.00,
765,,,,,2019-07-23T11:08:54Z,46.54901667,12.92983333,2324.00,
766,,,,,2019-07-23T11:08:55Z,46.54915000,12.92990000,2325.00,
767,,,,,2019-07-23T11:08:56Z,46.54926667,12.92996667,2329.00,
768,,,,,2019-07-23T11:08:57Z,46.54940000,12.93003333,2330.00,
769,,,,,2019-07-23T11:08:58Z,46.54953333,12.93011667,2331.00,
770,,,,,2019-07-23T11:08:59Z,46.54965000,12.93023333,2335.00,
771,,,,,2019-07-23T11:09:00Z,46.54976667,12.93036667,2338.00,
772,,,,,2019-07-23T11:09:01Z,46.54986667,12.93055000,2340.00,
773,,,,,2019-07-23T11:09:02Z,46.54995000,12.93075000,2338.00,
774,,,,,2019-07-23T11:09:03Z,46.55000000,12.93096667,2341.00,
775,,,,,2019-07-23T11:09:04Z,46.55001667,12.93120000,2340.00,
776,,,,,2019-07-23T11:09:05Z,46.55001667,12.93143333,2339.00,
777,,,,,2019-07-23T11:09:06Z,46.55001667,12.93165000,2344.00,
778,,,,,2019-07-23T11:09:07Z,46.54998333,12.93186667,2345.00,
779,,,,,2019-07-23T11:09:08Z,46.54996667,12.93206667,2347.00,
780,,,,,2019-07-23T11:09:09Z,46.54991667,12.93228333,2348.00,
781,,,,,2019-07-23T11:09:10Z,46.54988333,12.93250000,2347.00,
782,,,,,2019-07-23T11:09:11Z,46.54981667,12.93271667,2349.00,
783,,,,,2019-07-23T11:09:12Z,46.54976667,12.93291667,2347.00,
784,,,,,2019-07-23T11:09:13Z,46.54968333,12.93311667,2347.00,
785,,,,,2019-07-23T11:09:14Z,46.54961667,12.93330000,2348.00,
786,,,,,2019-07-23T11:09:15Z,46.54951667,12.93346667,2348.00,
787,,,,,2019-07-23T11:09:16Z,46.54943333,12.93363333,2346.00,
788,,,,,2019-07-23T11:09:17Z,46.54936667,12.93380000,2347.00,
789,,,,,2019-07-23T11:09:18Z,46.54930000,12.93396667,2350.00,
790,,,,,2019-07-23T11:09:19Z,46.54921667,12.93416667,2348.00,
791,,,,,2019-07-23T11:09:20Z,46.54915000,12.93436667,2345.00,
792,,,,,2019-07-23T11:09:21Z,46.54908333,12.93460000,2346.00,
793,,,,,2019-07-23T11:09:22Z,46.54901667,12.93483333,2346.00,
794,,,,,2019-07-23T11:09:23Z,46.54895000,12.93505000,2346.00,
795,,,,,2019-07-23T11:09:24Z,46.54885000,12.93523333,2344.00,
796,,,,,2019-07-23T11:09:25Z,46.54871667,12.93540000,2341.00,
797,,,,,2019-07-23T11:09:26Z,46.54856667,12.93551667,2338.00,
798,,,,,2019-07-23T11:09:27Z,46.54841667,12.93561667,2333.00,
799,,,,,2019-07-23T11:09:28Z,46.54825000,12.93566667,2334.00,
800,,,,,2019-07-23T11:09:29Z,46.54808333,12.93571667,2332.00,
801,,,,,2019-07-23T11:09:30Z,46.54791667,12.93575000,2331.00,
802,,,,,2019-07-23T11:09:31Z,46.54775000,12.93576667,2328.00,
803,,,,,2019-07-23T11:09:32Z,46.54760000,12.93580000,2329.00,
804,,,,,2019-07-23T11:09:33Z,46.54743333,12.93583333,2331.00,
805,,,,,2019-07-23T11:09:34Z,46.54728333,12.93585000,2332.00,
806,,,,,2019-07-23T11:09:35Z,46.54711667,12.93586667,2334.00,
807,,,,,2019-07-23T11:09:36Z,46.54696667,12.93585000,2335.00,
808,,,,,2019-07-23T11:09:37Z,46.54681667,12.93578333,2334.00,
809,,,,,2019-07-23T11:09:38Z,46.54666667,12.93570000,2335.00,
810,,,,,2019-07-23T11:09:39Z,46.54651667,12.93560000,2338.00,
811,,,,,2019-07-23T11:09:40Z,46.54638333,12.93546667,2338.00,
812,,,,,2019-07-23T11:09:41Z,46.54626667,12.93531667,2337.00,
813,,,,,2019-07-23T11:09:42Z,46.54615000,12.93515000,2337.00,
814,,,,,2019-07-23T11:09:43Z,46.54605000,12.93498333,2339.00,
815,,,,,2019-07-23T11:09:44Z,46.54596667,12.93480000,2339.00,
816,,,,,2019-07-23T11:09:45Z,46.54590000,12.93460000,2336.00,
817,,,,,2019-07-23T11:09:46Z,46.54583333,12.93440000,2334.00,
818,,,,,2019-07-23T11:09:47Z,46.54578333,12.93420000,2335.00,
819,,,,,2019-07-23T11:09:48Z,46.54571667,12.93400000,2337.00,
820,,,,,2019-07-23T11:09:49Z,46.54565000,12.93380000,2336.00,
821,,,,,2019-07-23T11:09:50Z,46.54558333,12.93358333,2333.00,
822,,,,,2019-07-23T11:09:51Z,46.54551667,12.93338333,2331.00,
823,,,,,2019-07-23T11:09:52Z,46.54545000,12.93318333,2331.00,
824,,,,,2019-07-23T11:09:53Z,46.54536667,12.93298333,2330.00,
825,,,,,2019-07-23T11:09:54Z,46.54528333,12.93278333,2329.00,
826,,,,,2019-07-23T11:09:55Z,46.54520000,12.93258333,2328.00,
827,,,,,2019-07-23T11:09:56Z,46.54510000,12.93238333,2326.00,
828,,,,,2019-07-23T11:09:57Z,46.54500000,12.93218333,2323.00,
829,,,,,2019-07-23T11:09:58Z,46.54488333,12.93200000,2322.00,
830,,,,,2019-07-23T11:09:59Z,46.54475000,12.93183333,2322.00,
831,,,,,2019-07-23T11:10:00Z,46.54461667,12.93168333,2322.00,
832,,,,,2019-07-23T11:10:01Z,46.54446667,12.93153333,2322.00,
833,,,,,2019-07-23T11:10:02Z,46.54433333,12.93138333,2322.00,
834,,,,,2019-07-23T11:10:03Z,46.54418333,12.93125000,2321.00,
835,,,,,2019-07-23T11:10:04Z,46.54405000,12.93113333,2325.00,
836,,,,,2019-07-23T11:10:05Z,46.54393333,12.93103333,2324.00,
837,,,,,2019-07-23T11:10:06Z,46.54381667,12.93093333,2327.00,
838,,,,,2019-07-23T11:10:07Z,46.54368333,12.93083333,2332.00,
839,,,,,2019-07-23T11:10:08Z,46.54353333,12.93071667,2334.00,
840,,,,,2019-07-23T11:10:09Z,46.54340000,12.93058333,2335.00,
841,,,,,2019-07-23T11:10:10Z,46.54330000,12.93040000,2338.00,
842,,,,,2019-07-23T11:10:11Z,46.54323333,12.93020000,2340.00,
843,,,,,2019-07-23T11:10:12Z,46.54318333,12.92996667,2345.00,
844,,,,,2019-07-23T11:10:13Z,46.54320000,12.92971667,2347.00,
845,,,,,2019-07-23T11:10:14Z,46.54328333,12.92948333,2349.00,
846,,,,,2019-07-23T11:10:15Z,46.54340000,12.92931667,2350.00,
847,,,,,2019-07-23T11:10:16Z,46.54356667,12.92920000,2351.00,
848,,,,,2019-07-23T11:10:17Z,46.54371667,12.92921667,2354.00,
849,,,,,2019-07-23T11:10:18Z,46.54385000,12.92931667,2354.00,
850,,,,,2019-07-23T11:10:19Z,46.54391667,12.92946667,2358.00,
851,,,,,2019-07-23T11:10:20Z,46.54391667,12.92965000,2361.00,
852,,,,,2019-07-23T11:10:21Z,46.54383333,12.92981667,2361.00,
853,,,,,2019-07-23T11:10:22Z,46.54371667,12.92991667,2357.00,
854,,,,,2019-07-23T11:10:23Z,46.54356667,12.92995000,2359.00,
855,,,,,2019-07-23T11:10:24Z,46.54341667,12.92995000,2361.00,
856,,,,,2019-07-23T11:10:25Z,46.54326667,12.92990000,2362.00,
857,,,,,2019-07-23T11:10:26Z,46.54313333,12.92980000,2364.00,
858,,,,,2019-07-23T11:10:27Z,46.54300000,12.92968333,2367.00,
859,,,,,2019-07-23T11:10:28Z,46.54288333,12.92953333,2370.00,
860,,,,,2019-07-23T11:10:29Z,46.54278333,12.92933333,2374.00,
861,,,,,2019-07-23T11:10:30Z,46.54273333,12.92911667,2377.00,
862,,,,,2019-07-23T11:10:31Z,46.54271667,12.92888333,2377.00,
863,,,,,2019-07-23T11:10:32Z,46.54275000,12.92865000,2380.00,
864,,,,,2019-07-23T11:10:33Z,46.54283333,12.92843333,2381.00,
865,,,,,2019-07-23T11:10:34Z,46.54296667,12.92826667,2381.00,
866,,,,,2019-07-23T11:10:35Z,46.54313333,12.92813333,2385.00,
867,,,,,2019-07-23T11:10:36Z,46.54330000,12.92805000,2388.00,
868,,,,,2019-07-23T11:10:37Z,46.54346667,12.92803333,2392.00,
869,,,,,2019-07-23T11:10:38Z,46.54363333,12.92805000,2392.00,
870,,,,,2019-07-23T11:10:39Z,46.54378333,12.92813333,2393.00,
871,,,,,2019-07-23T11:10:40Z,46.54391667,12.92823333,2393.00,
872,,,,,2019-07-23T11:10:41Z,46.54403333,12.92833333,2392.00,
873,,,,,2019-07-23T11:10:42Z,46.54413333,12.92845000,2393.00,
874,,,,,2019-07-23T11:10:43Z,46.54425000,12.92856667,2397.00,
875,,,,,2019-07-23T11:10:44Z,46.54435000,12.92870000,2398.00,
876,,,,,2019-07-23T11:10:45Z,46.54446667,12.92885000,2398.00,
877,,,,,2019-07-23T11:10:46Z,46.54456667,12.92903333,2397.00,
878,,,,,2019-07-23T11:10:47Z,46.54465000,12.92921667,2394.00,
879,,,,,2019-07-23T11:10:48Z,46.54471667,12.92940000,2394.00,
880,,,,,2019-07-23T11:10:49Z,46.54476667,12.92956667,2398.00,
881,,,,,2019-07-23T11:10:50Z,46.54481667,12.92975000,2402.00,
882,,,,,2019-07-23T11:10:51Z,46.54483333,12.92991667,2404.00,
883,,,,,2019-07-23T11:10:52Z,46.54483333,12.93010000,2406.00,
884,,,,,2019-07-23T11:10:53Z,46.54478333,12.93028333,2406.00,
885,,,,,2019-07-23T11:10:54Z,46.54471667,12.93046667,2409.00,
886,,,,,2019-07-23T11:10:55Z,46.54463333,12.93061667,2409.00,
887,,,,,2019-07-23T11:10:56Z,46.54451667,12.93075000,2414.00,
888,,,,,2019-07-23T11:10:57Z,46.54436667,12.93083333,2414.00,
889,,,,,2019-07-23T11:10:58Z,46.54421667,12.93086667,2415.00,
890,,,,,2019-07-23T11:10:59Z,46.54405000,12.93085000,2416.00,
891,,,,,2019-07-23T11:11:00Z,46.54390000,12.93078333,2417.00,
892,,,,,2019-07-23T11:11:01Z,46.54375000,12.93068333,2421.00,
893,,,,,2019-07-23T11:11:02Z,46.54361667,12.93053333,2423.00,
894,,,,,2019-07-23T11:11:03Z,46.54350000,12.93035000,2417.00,
895,,,,,2019-07-23T11:11:04Z,46.54336667,12.93013333,2418.00,
896,,,,,2019-07-23T11:11:05Z,46.54325000,12.92993333,2421.00,
897,,,,,2019-07-23T11:11:06Z,46.54315000,12.92971667,2423.00,
898,,,,,2019-07-23T11:11:07Z,46.54308333,12.92946667,2425.00,
899,,,,,2019-07-23T11:11:08Z,46.54305000,12.92921667,2423.00,
900,,,,,2019-07-23T11:11:09Z,46.54308333,12.92896667,2426.00,
901,,,,,2019-07-23T11:11:10Z,46.54316667,12.92871667,2429.00,
902,,,,,2019-07-23T11:11:11Z,46.54331667,12.92853333,2429.00,
903,,,,,2019-07-23T11:11:12Z,46.54348333,12.92841667,2427.00,
904,,,,,2019-07-23T11:11:13Z,46.54366667,12.92838333,2423.00,
905,,,,,2019-07-23T11:11:14Z,46.54383333,12.92836667,2423.00,
906,,,,,2019-07-23T11:11:15Z,46.54398333,12.92835000,2425.00,
907,,,,,2019-07-23T11:11:16Z,46.54413333,12.92835000,2429.00,
908,,,,,2019-07-23T11:11:17Z,46.54428333,12.92835000,2431.00,
909,,,,,2019-07-23T11:11:18Z,46.54441667,12.92835000,2433.00,
910,,,,,2019-07-23T11:11:19Z,46.54456667,12.92836667,2436.00,
911,,,,,2019-07-23T11:11:20Z,46.54471667,12.92836667,2436.00,
912,,,,,2019-07-23T11:11:21Z,46.54488333,12.92840000,2436.00,
913,,,,,2019-07-23T11:11:22Z,46.54505000,12.92843333,2437.00,
914,,,,,2019-07-23T11:11:23Z,46.54521667,12.92850000,2437.00,
915,,,,,2019-07-23T11:11:24Z,46.54536667,12.92858333,2436.00,
916,,,,,2019-07-23T11:11:25Z,46.54550000,12.92870000,2436.00,
917,,,,,2019-07-23T11:11:26Z,46.54561667,12.92883333,2440.00,
918,,,,,2019-07-23T11:11:27Z,46.54570000,12.92898333,2443.00,
919,,,,,2019-07-23T11:11:28Z,46.54576667,12.92916667,2442.00,
920,,,,,2019-07-23T11:11:29Z,46.54578333,12.92935000,2444.00,
921,,,,,2019-07-23T11:11:30Z,46.54578333,12.92953333,2444.00,
922,,,,,2019-07-23T11:11:31Z,46.54575000,12.92971667,2448.00,
923,,,,,2019-07-23T11:11:32Z,46.54568333,12.92988333,2446.00,
924,,,,,2019-07-23T11:11:33Z,46.54558333,12.93003333,2442.00,
925,,,,,2019-07-23T11:11:34Z,46.54546667,12.93016667,2442.00,
926,,,,,2019-07-23T11:11:35Z,46.54533333,12.93030000,2443.00,
927,,,,,2019-07-23T11:11:36Z,46.54521667,12.93040000,2444.00,
928,,,,,2019-07-23T11:11:37Z,46.54508333,12.93045000,2447.00,
929,,,,,2019-07-23T11:11:38Z,46.54493333,12.93045000,2450.00,
930,,,,,2019-07-23T11:11:39Z,46.54478333,12.93040000,2453.00,
931,,,,,2019-07-23T11:11:40Z,46.54465000,12.93030000,2454.00,
932,,,,,2019-07-23T11:11:41Z,46.54450000,12.93016667,2451.00,
933,,,,,2019-07-23T11:11:42Z,46.54438333,12.93001667,2452.00,
934,,,,,2019-07-23T11:11:43Z,46.54426667,12.92985000,2460.00,
935,,,,,2019-07-23T11:11:44Z,46.54415000,12.92968333,2461.00,
936,,,,,2019-07-23T11:11:45Z,46.54405000,12.92948333,2461.00,
937,,,,,2019-07-23T11:11:46Z,46.54395000,12.92928333,2457.00,
938,,,,,2019-07-23T11:11:47Z,46.54383333,12.92910000,2457.00,
939,,,,,2019-07-23T11:11:48Z,46.54371667,12.92893333,2460.00,
940,,,,,2019-07-23T11:11:49Z,46.54360000,12.92876667,2463.00,
941,,,,,2019-07-23T11:11:50Z,46.54346667,12.92858333,2461.00,
942,,,,,2019-07-23T11:11:51Z,46.54331667,12.92836667,2456.00,
943,,,,,2019-07-23T11:11:52Z,46.54318333,12.92815000,2456.00,
944,,,,,2019-07-23T11:11:53Z,46.54303333,12.92796667,2460.00,
945,,,,,2019-07-23T11:11:54Z,46.54290000,12.92778333,2463.00,
946,,,,,2019-07-23T11:11:55Z,46.54278333,12.92760000,2461.00,
947,,,,,2019-07-23T11:11:56Z,46.54268333,12.92738333,2463.00,
948,,,,,2019-07-23T11:11:57Z,46.54258333,12.92720000,2460.00,
949,,,,,2019-07-23T11:11:58Z,46.54246667,12.92700000,2462.00,
950,,,,,2019-07-23T11:11:59Z,46.54236667,12.92680000,2466.00,
951,,,,,2019-07-23T11:12:00Z,46.54226667,12.92660000,2469.00,
952,,,,,2019-07-23T11:12:01Z,46.54220000,12.92636667,2471.00,
953,,,,,2019-07-23T11:12:02Z,46.54216667,12.92615000,2470.00,
954,,,,,2019-07-23T11:12:03Z,46.54216667,12.92591667,2469.00,
955,,,,,2019-07-23T11:12:04Z,46.54218333,12.92568333,2469.00,
956,,,,,2019-07-23T11:12:05Z,46.54223333,12.92546667,2471.00,
957,,,,,2019-07-23T11:12:06Z,46.54230000,12.92526667,2472.00,
958,,,,,2019-07-23T11:12:07Z,46.54238333,12.92506667,2473.00,
959,,,,,2019-07-23T11:12:08Z,46.54250000,12.92491667,2471.00,
960,,,,,2019-07-23T11:12:09Z,46.54260000,12.92478333,2474.00,
961,,,,,2019-07-23T11:12:10Z,46.54271667,12.92468333,2476.00,
962,,,,,2019-07-23T11:12:11Z,46.54285000,12.92460000,2476.00,
963,,,,,2019-07-23T11:12:12Z,46.54300000,12.92455000,2476.00,
964,,,,,2019-07-23T11:12:13Z,46.54316667,12.92453333,2475.00,
965,,,,,2019-07-23T11:12:14Z,46.54335000,12.92458333,2472.00,
966,,,,,2019-07-23T11:12:15Z,46.54351667,12.92463333,2471.00,
967,,,,,2019-07-23T11:12:16Z,46.54366667,12.92466667,2474.00,
968,,,,,2019-07-23T11:12:17Z,46.54380000,12.92470000,2475.00,
969,,,,,2019-07-23T11:12:18Z,46.54393333,12.92473333,2477.00,
970,,,,,2019-07-23T11:12:19Z,46.54406667,12.92476667,2479.00,
971,,,,,2019-07-23T11:12:20Z,46.54420000,12.92480000,2484.00,
972,,,,,2019-07-23T11:12:21Z,46.54433333,12.92485000,2489.00,
973,,,,,2019-07-23T11:12:22Z,46.54446667,12.92491667,2489.00,
974,,,,,2019-07-23T11:12:23Z,46.54460000,12.92501667,2492.00,
975,,,,,2019-07-23T11:12:24Z,46.54471667,12.92515000,2489.00,
976,,,,,2019-07-23T11:12:25Z,46.54483333,12.92530000,2491.00,
977,,,,,2019-07-23T11:12:26Z,46.54495000,12.92546667,2491.00,
978,,,,,2019-07-23T11:12:27Z,46.54503333,12.92563333,2491.00,
979,,,,,2019-07-23T11:12:28Z,46.54511667,12.92581667,2489.00,
980,,,,,2019-07-23T11:12:29Z,46.54520000,12.92598333,2491.00,
981,,,,,2019-07-23T11:12:30Z,46.54526667,12.92618333,2493.00,
982,,,,,2019-07-23T11:12:31Z,46.54533333,12.92636667,2493.00,
983,,,,,2019-07-23T11:12:32Z,46.54540000,12.92656667,2490.00,
984,,,,,2019-07-23T11:12:33Z,46.54545000,12.92675000,2490.00,
985,,,,,2019-07-23T11:12:34Z,46.54550000,12.92691667,2488.00,
986,,,,,2019-07-23T11:12:35Z,46.54555000,12.92710000,2491.00,
987,,,,,2019-07-23T11:12:36Z,46.54560000,12.92726667,2492.00,
988,,,,,2019-07-23T11:12:37Z,46.54563333,12.92745000,2492.00,
989,,,,,2019-07-23T11:12:38Z,46.54565000,12.92763333,2489.00,
990,,,,,2019-07-23T11:12:39Z,46.54565000,12.92785000,2490.00,
991,,,,,2019-07-23T11:12:40Z,46.54563333,12.92805000,2491.00,
992,,,,,2019-07-23T11:12:41Z,46.54558333,12.92825000,2490.00,
993,,,,,2019-07-23T11:12:42Z,46.54553333,12.92841667,2491.00,
994,,,,,2019-07-23T11:12:43Z,46.54548333,12.92856667,2491.00,
995,,,,,2019-07-23T11:12:44Z,46.54543333,12.92871667,2497.00,
996,,,,,2019-07-23T11:12:45Z,46.54538333,12.92885000,2501.00,
997,,,,,2019-07-23T11:12:46Z,46.54531667,12.92900000,2502.00,
998,,,,,2019-07-23T11:12:47Z,46.54523333,12.92913333,2501.00,
999,,,,,2019-07-23T11:12:48Z,46.54515000,12.92926667,2502.00,
1000,,,,,2019-07-23T11:12:49Z,46.54508333,12.92941667,2504.00,
1001,,,,,2019-07-23T11:12:50Z,46.54500000,12.92958333,2505.00,
1002,,,,,2019-07-23T11:12:51Z,46.54491667,12.92978333,2505.00,
1003,,,,,2019-07-23T11:12:52Z,46.54483333,12.92996667,2504.00,
1004,,,,,2019-07-23T11:12:53Z,46.54476667,12.93015000,2506.00,
1005,,,,,2019-07-23T11:12:54Z,46.54468333,12.93033333,2509.00,
1006,,,,,2019-07-23T11:12:55Z,46.54461667,12.93050000,2508.00,
1007,,,,,2019-07-23T11:12:56Z,46.54456667,12.93065000,2508.00,
1008,,,,,2019-07-23T11:12:57Z,46.54451667,12.93083333,2510.00,
1009,,,,,2019-07-23T11:12:58Z,46.54448333,12.93101667,2510.00,
1010,,,,,2019-07-23T11:12:59Z,46.54443333,12.93123333,2513.00,
1011,,,,,2019-07-23T11:13:00Z,46.54438333,12.93143333,2515.00,
1012,,,,,2019-07-23T11:13:01Z,46.54431667,12.93163333,2512.00,
1013,,,,,2019-07-23T11:13:02Z,46.54423333,12.93181667,2512.00,
1014,,,,,2019-07-23T11:13:03Z,46.54415000,12.93198333,2515.00,
1015,,,,,2019-07-23T11:13:04Z,46.54405000,12.93213333,2517.00,
1016,,,,,2019-07-23T11:13:05Z,46.54393333,12.93223333,2522.00,
1017,,,,,2019-07-23T11:13:06Z,46.54380000,12.93228333,2523.00,
1018,,,,,2019-07-23T11:13:07Z,46.54365000,12.93226667,2525.00,
1019,,,,,2019-07-23T11:13:08Z,46.54351667,12.93220000,2526.00,
1020,,,,,2019-07-23T11:13:09Z,46.54338333,12.93208333,2529.00,
1021,,,,,2019-07-23T11:13:10Z,46.54328333,12.93191667,2530.00,
1022,,,,,2019-07-23T11:13:11Z,46.54321667,12.93170000,2533.00,
1023,,,,,2019-07-23T11:13:12Z,46.54316667,12.93148333,2535.00,
1024,,,,,2019-07-23T11:13:13Z,46.54315000,12.93126667,2539.00,
1025,,,,,2019-07-23T11:13:14Z,46.54316667,12.93105000,2543.00,
1026,,,,,2019-07-23T11:13:15Z,46.54320000,12.93083333,2544.00,
1027,,,,,2019-07-23T11:13:16Z,46.54326667,12.93063333,2544.00,
1028,,,,,2019-07-23T11:13:17Z,46.54335000,12.93043333,2547.00,
1029,,,,,2019-07-23T11:13:18Z,46.54346667,12.93026667,2547.00,
1030,,,,,2019-07-23T11:13:19Z,46.54360000,12.93011667,2548.00,
1031,,,,,2019-07-23T11:13:20Z,46.54375000,12.93001667,2547.00,
1032,,,,,2019-07-23T11:13:21Z,46.54390000,12.92995000,2547.00,
1033,,,,,2019-07-23T11:13:22Z,46.54406667,12.92991667,2547.00,
1034,,,,,2019-07-23T11:13:23Z,46.54421667,12.92993333,2548.00,
1035,,,,,2019-07-23T11:13:24Z,46.54438333,12.93000000,2550.00,
1036,,,,,2019-07-23T11:13:25Z,46.54451667,12.93013333,2549.00,
1037,,,,,2019-07-23T11:13:26Z,46.54461667,12.93030000,2547.00,
1038,,,,,2019-07-23T11:13:27Z,46.54470000,12.93048333,2548.00,
1039,,,,,2019-07-23T11:13:28Z,46.54476667,12.93070000,2549.00,
1040,,,,,2019-07-23T11:13:29Z,46.54480000,12.93093333,2550.00,
1041,,,,,2019-07-23T11:13:30Z,46.54480000,12.93115000,2552.00,
1042,,,,,2019-07-23T11:13:31Z,46.54476667,12.93138333,2552.00,
1043,,,,,2019-07-23T11:13:32Z,46.54473333,12.93160000,2550.00,
1044,,,,,2019-07-23T11:13:33Z,46.54466667,12.93181667,2550.00,
1045,,,,,2019-07-23T11:13:34Z,46.54460000,12.93203333,2554.00,
1046,,,,,2019-07-23T11:13:35Z,46.54451667,12.93225000,2555.00,
1047,,,,,2019-07-23T11:13:36Z,46.54443333,12.93243333,2555.00,
1048,,,,,2019-07-23T11:13:37Z,46.54433333,12.93261667,2555.00,
1049,,,,,2019-07-23T11:13:38Z,46.54423333,12.93278333,2560.00,
1050,,,,,2019-07-23T11:13:39Z,46.54413333,12.93293333,2565.00,
1051,,,,,2019-07-23T11:13:40Z,46.54401667,12.93305000,2566.00,
1052,,,,,2019-07-23T11:13:41Z,46.54388333,12.93313333,2570.00,
1053,,,,,2019-07-23T11:13:42Z,46.54373333,12.93316667,2569.00,
1054,,,,,2019-07-23T11:13:43Z,46.54360000,12.93313333,2570.00,
1055,,,,,2019-07-23T11:13:44Z,46.54348333,12.93305000,2571.00,
1056,,,,,2019-07-23T11:13:45Z,46.54335000,12.93293333,2573.00,
1057,,,,,2019-07-23T11:13:46Z,46.54326667,12.93276667,2572.00,
1058,,,,,2019-07-23T11:13:47Z,46.54320000,12.93258333,2575.00,
1059,,,,,2019-07-23T11:13:48Z,46.54316667,12.93240000,2573.00,
1060,,,,,2019-07-23T11:13:49Z,46.54313333,12.93221667,2577.00,
1061,,,,,2019-07-23T11:13:50Z,46.54311667,12.93203333,2582.00,
1062,,,,,2019-07-23T11:13:51Z,46.54313333,12.93183333,2581.00,
1063,,,,,2019-07-23T11:13:52Z,46.54316667,12.93163333,2580.00,
1064,,,,,2019-07-23T11:13:53Z,46.54321667,12.93143333,2580.00,
1065,,,,,2019-07-23T11:13:54Z,46.54326667,12.93121667,2581.00,
1066,,,,,2019-07-23T11:13:55Z,46.54335000,12.93101667,2584.00,
1067,,,,,2019-07-23T11:13:56Z,46.54345000,12.93083333,2585.00,
1068,,,,,2019-07-23T11:13:57Z,46.54358333,12.93068333,2585.00,
1069,,,,,2019-07-23T11:13:58Z,46.54375000,12.93058333,2587.00,
1070,,,,,2019-07-23T11:13:59Z,46.54391667,12.93055000,2587.00,
1071,,,,,2019-07-23T11:14:00Z,46.54411667,12.93055000,2586.00,
1072,,,,,2019-07-23T11:14:01Z,46.54428333,12.93058333,2585.00,
1073,,,,,2019-07-23T11:14:02Z,46.54446667,12.93066667,2584.00,
1074,,,,,2019-07-23T11:14:03Z,46.54463333,12.93076667,2585.00,
1075,,,,,2019-07-23T11:14:04Z,46.54478333,12.93085000,2583.00,
1076,,,,,2019-07-23T11:14:05Z,46.54493333,12.93091667,2587.00,
1077,,,,,2019-07-23T11:14:06Z,46.54510000,12.93096667,2588.00,
1078,,,,,2019-07-23T11:14:07Z,46.54526667,12.93103333,2588.00,
1079,,,,,2019-07-23T11:14:08Z,46.54543333,12.93108333,2590.00,
1080,,,,,2019-07-23T11:14:09Z,46.54561667,12.93113333,2588.00,
1081,,,,,2019-07-23T11:14:10Z,46.54578333,12.93118333,2594.00,
1082,,,,,2019-07-23T11:14:11Z,46.54595000,12.93125000,2597.00,
1083,,,,,2019-07-23T11:14:12Z,46.54610000,12.93131667,2600.00,
1084,,,,,2019-07-23T11:14:13Z,46.54623333,12.93140000,2602.00,
1085,,,,,2019-07-23T11:14:14Z,46.54636667,12.93150000,2602.00,
1086,,,,,2019-07-23T11:14:15Z,46.54648333,12.93165000,2604.00,
1087,,,,,2019-07-23T11:14:16Z,46.54660000,12.93181667,2603.00,
1088,,,,,2019-07-23T11:14:17Z,46.54670000,12.93203333,2602.00,
1089,,,,,2019-07-23T11:14:18Z,46.54676667,12.93228333,2597.00,
1090,,,,,2019-07-23T11:14:19Z,46.54683333,12.93251667,2598.00,
1091,,,,,2019-07-23T11:14:20Z,46.54688333,12.93273333,2598.00,
1092,,,,,2019-07-23T11:14:21Z,46.54691667,12.93295000,2602.00,
1093,,,,,2019-07-23T11:14:22Z,46.54695000,12.93315000,2598.00,
1094,,,,,2019-07-23T11:14:23Z,46.54696667,12.93336667,2598.00,
1095,,,,,2019-07-23T11:14:24Z,46.54696667,12.93361667,2597.00,
1096,,,,,2019-07-23T11:14:25Z,46.54695000,12.93386667,2596.00,
1097,,,,,2019-07-23T11:14:26Z,46.54690000,12.93411667,2593.00,
1098,,,,,2019-07-23T11:14:27Z,46.54683333,12.93433333,2590.00,
1099,,,,,2019-07-23T11:14:28Z,46.54676667,12.93455000,2590.00,
1100,,,,,2019-07-23T11:14:29Z,46.54666667,12.93473333,2592.00,
1101,,,,,2019-07-23T11:14:30Z,46.54655000,12.93491667,2590.00,
1102,,,,,2019-07-23T11:14:31Z,46.54641667,12.93508333,2586.00,
1103,,,,,2019-07-23T11:14:32Z,46.54628333,12.93523333,2582.00,
1104,,,,,2019-07-23T11:14:33Z,46.54611667,12.93536667,2580.00,
1105,,,,,2019-07-23T11:14:34Z,46.54596667,12.93550000,2578.00,
1106,,,,,2019-07-23T11:14:35Z,46.54580000,12.93563333,2575.00,
1107,,,,,2019-07-23T11:14:36Z,46.54563333,12.93576667,2576.00,
1108,,,,,2019-07-23T11:14:37Z,46.54546667,12.93591667,2573.00,
1109,,,,,2019-07-23T11:14:38Z,46.54528333,12.93603333,2569.00,
1110,,,,,2019-07-23T11:14:39Z,46.54508333,12.93611667,2565.00,
1111,,,,,2019-07-23T11:14:40Z,46.54491667,12.93618333,2562.00,
1112,,,,,2019-07-23T11:14:41Z,46.54475000,12.93625000,2563.00,
1113,,,,,2019-07-23T11:14:42Z,46.54460000,12.93628333,2563.00,
1114,,,,,2019-07-23T11:14:43Z,46.54443333,12.93633333,2562.00,
1115,,,,,2019-07-23T11:14:44Z,46.54428333,12.93636667,2562.00,
1116,,,,,2019-07-23T11:14:45Z,46.54411667,12.93638333,2560.00,
1117,,,,,2019-07-23T11:14:46Z,46.54396667,12.93638333,2559.00,
1118,,,,,2019-07-23T11:14:47Z,46.54381667,12.93636667,2559.00,
1119,,,,,2019-07-23T11:14:48Z,46.54366667,12.93635000,2562.00,
1120,,,,,2019-07-23T11:14:49Z,46.54351667,12.93628333,2559.00,
1121,,,,,2019-07-23T11:14:50Z,46.54336667,12.93621667,2557.00,
1122,,,,,2019-07-23T11:14:51Z,46.54321667,12.93613333,2555.00,
1123,,,,,2019-07-23T11:14:52Z,46.54308333,12.93603333,2556.00,
1124,,,,,2019-07-23T11:14:53Z,46.54296667,12.93593333,2558.00,
1125,,,,,2019-07-23T11:14:54Z,46.54286667,12.93581667,2559.00,
1126,,,,,2019-07-23T11:14:55Z,46.54280000,12.93566667,2559.00,
1127,,,,,2019-07-23T11:14:56Z,46.54273333,12.93550000,2554.00,
1128,,,,,2019-07-23T11:14:57Z,46.54266667,12.93533333,2552.00,
1129,,,,,2019-07-23T11:14:58Z,46.54260000,12.93515000,2552.00,
1130,,,,,2019-07-23T11:14:59Z,46.54255000,12.93496667,2553.00,
1131,,,,,2019-07-23T11:15:00Z,46.54250000,12.93478333,2552.00,
1132,,,,,2019-07-23T11:15:01Z,46.54246667,12.93458333,2549.00,
1133,,,,,2019-07-23T11:15:02Z,46.54246667,12.93438333,2550.00,
1134,,,,,2019-07-23T11:15:03Z,46.54246667,12.93416667,2550.00,
1135,,,,,2019-07-23T11:15:04Z,46.54250000,12.93393333,2547.00,
1136,,,,,2019-07-23T11:15:05Z,46.54256667,12.93370000,2546.00,
1137,,,,,2019-07-23T11:15:06Z,46.54261667,12.93348333,2548.00,
1138,,,,,2019-07-23T11:15:07Z,46.54270000,12.93326667,2550.00,
1139,,,,,2019-07-23T11:15:08Z,46.54276667,12.93308333,2552.00,
1140,,,,,2019-07-23T11:15:09Z,46.54285000,12.93290000,2555.00,
1141,,,,,2019-07-23T11:15:10Z,46.54296667,12.93275000,2560.00,
1142,,,,,2019-07-23T11:15:11Z,46.54308333,12.93263333,2564.00,
1143,,,,,2019-07-23T11:15:12Z,46.54321667,12.93255000,2569.00,
1144,,,,,2019-07-23T11:15:13Z,46.54336667,12.93251667,2572.00,
1145,,,,,2019-07-23T11:15:14Z,46.54350000,12.93255000,2573.00,
1146,,,,,2019-07-23T11:15:15Z,46.54363333,12.93265000,2578.00,
1147,,,,,2019-07-23T11:15:16Z,46.54376667,12.93278333,2581.00,
1148,,,,,2019-07-23T11:15:17Z,46.54386667,12.93298333,2582.00,
1149,,,,,2019-07-23T11:15:18Z,46.54395000,12.93320000,2584.00,
1150,,,,,2019-07-23T11:15:19Z,46.54400000,12.93343333,2584.00,
1151,,,,,2019-07-23T11:15:20Z,46.54405000,12.93368333,2585.00,
1152,,,,,2019-07-23T11:15:21Z,46.54408333,12.93393333,2585.00,
1153,,,,,2019-07-23T11:15:22Z,46.54408333,12.93420000,2584.00,
1154,,,,,2019-07-23T11:15:23Z,46.54408333,12.93446667,2583.00,
1155,,,,,2019-07-23T11:15:24Z,46.54406667,12.93471667,2584.00,
1156,,,,,2019-07-23T11:15:25Z,46.54405000,12.93495000,2585.00,
1157,,,,,2019-07-23T11:15:26Z,46.54401667,12.93518333,2585.00,
1158,,,,,2019-07-23T11:15:27Z,46.54398333,12.93541667,2581.00,
1159,,,,,2019-07-23T11:15:28Z,46.54396667,12.93565000,2582.00,
1160,,,,,2019-07-23T11:15:29Z,46.54395000,12.93588333,2582.00,
1161,,,,,2019-07-23T11:15:30Z,46.54393333,12.93611667,2581.00,
1162,,,,,2019-07-23T11:15:31Z,46.54391667,12.93635000,2579.00,
1163,,,,,2019-07-23T11:15:32Z,46.54390000,12.93656667,2577.00,
1164,,,,,2019-07-23T11:15:33Z,46.54386667,12.93676667,2575.00,
1165,,,,,2019-07-23T11:15:34Z,46.54385000,12.93696667,2573.00,
1166,,,,,2019-07-23T11:15:35Z,46.54385000,12.93718333,2576.00,
1167,,,,,2019-07-23T11:15:36Z,46.54386667,12.93743333,2573.00,
1168,,,,,2019-07-23T11:15:37Z,46.54388333,12.93768333,2569.00,
1169,,,,,2019-07-23T11:15:38Z,46.54388333,12.93793333,2567.00,
1170,,,,,2019-07-23T11:15:39Z,46.54388333,12.93818333,2563.00,
1171,,,,,2019-07-23T11:15:40Z,46.54386667,12.93843333,2562.00,
1172,,,,,2019-07-23T11:15:41Z,46.54385000,12.93868333,2560.00,
1173,,,,,2019-07-23T11:15:42Z,46.54381667,12.93891667,2558.00,
1174,,,,,2019-07-23T11:15:43Z,46.54378333,12.93915000,2557.00,
1175,,,,,2019-07-23T11:15:44Z,46.54373333,12.93938333,2556.00,
1176,,,,,2019-07-23T11:15:45Z,46.54370000,12.93961667,2556.00,
1177,,,,,2019-07-23T11:15:46Z,46.54366667,12.93986667,2554.00,
1178,,,,,2019-07-23T11:15:47Z,46.54363333,12.94011667,2553.00,
1179,,,,,2019-07-23T11:15:48Z,46.54361667,12.94036667,2550.00,
1180,,,,,2019-07-23T11:15:49Z,46.54361667,12.94061667,2548.00,
1181,,,,,2019-07-23T11:15:50Z,46.54363333,12.94085000,2546.00,
1182,,,,,2019-07-23T11:15:51Z,46.54366667,12.94108333,2545.00,
1183,,,,,2019-07-23T11:15:52Z,46.54371667,12.94130000,2544.00,
1184,,,,,2019-07-23T11:15:53Z,46.54378333,12.94151667,2542.00,
1185,,,,,2019-07-23T11:15:54Z,46.54383333,12.94171667,2540.00,
1186,,,,,2019-07-23T11:15:55Z,46.54390000,12.94193333,2536.00,
1187,,,,,2019-07-23T11:15:56Z,46.54396667,12.94211667,2534.00,
1188,,,,,2019-07-23T11:15:57Z,46.54403333,12.94230000,2535.00,
1189,,,,,2019-07-23T11:15:58Z,46.54408333,12.94246667,2534.00,
1190,,,,,2019-07-23T11:15:59Z,46.54415000,12.94263333,2531.00,
1191,,,,,2019-07-23T11:16:00Z,46.54421667,12.94280000,2529.00,
1192,,,,,2019-07-23T11:16:01Z,46.54430000,12.94296667,2527.00,
1193,,,,,2019-07-23T11:16:02Z,46.54436667,12.94316667,2524.00,
1194,,,,,2019-07-23T11:16:03Z,46.54443333,12.94335000,2521.00,
1195,,,,,2019-07-23T11:16:04Z,46.54450000,12.94355000,2519.00,
1196,,,,,2019-07-23T11:16:05Z,46.54456667,12.94375000,2518.00,
1197,,,,,2019-07-23T11:16:06Z,46.54461667,12.94395000,2517.00,
1198,,,,,2019-07-23T11:16:07Z,46.54466667,12.94416667,2516.00,
1199,,,,,2019-07-23T11:16:08Z,46.54471667,12.94440000,2513.00,
1200,,,,,2019-07-23T11:16:09Z,46.54475000,12.94463333,2512.00,
1201,,,,,2019-07-23T11:16:10Z,46.54478333,12.94488333,2511.00,
1202,,,,,2019-07-23T11:16:11Z,46.54478333,12.94515000,2509.00,
1203,,,,,2019-07-23T11:16:12Z,46.54478333,12.94540000,2507.00,
1204,,,,,2019-07-23T11:16:13Z,46.54478333,12.94565000,2505.00,
1205,,,,,2019-07-23T11:16:14Z,46.54478333,12.94588333,2504.00,
1206,,,,,2019-07-23T11:16:15Z,46.54478333,12.94610000,2505.00,
1207,,,,,2019-07-23T11:16:16Z,46.54478333,12.94631667,2503.00,
1208,,,,,2019-07-23T11:16:17Z,46.54478333,12.94651667,2501.00,
1209,,,,,2019-07-23T11:16:18Z,46.54481667,12.94671667,2499.00,
1210,,,,,2019-07-23T11:16:19Z,46.54488333,12.94690000,2498.00,
1211,,,,,2019-07-23T11:16:20Z,46.54496667,12.94708333,2497.00,
1212,,,,,2019-07-23T11:16:21Z,46.54506667,12.94726667,2497.00,
1213,,,,,2019-07-23T11:16:22Z,46.54513333,12.94746667,2495.00,
1214,,,,,2019-07-23T11:16:23Z,46.54518333,12.94768333,2492.00,
1215,,,,,2019-07-23T11:16:24Z,46.54523333,12.94790000,2491.00,
1216,,,,,2019-07-23T11:16:25Z,46.54526667,12.94813333,2491.00,
1217,,,,,2019-07-23T11:16:26Z,46.54530000,12.94835000,2492.00,
1218,,,,,2019-07-23T11:16:27Z,46.54535000,12.94855000,2493.00,
1219,,,,,2019-07-23T11:16:28Z,46.54538333,12.94876667,2493.00,
1220,,,,,2019-07-23T11:16:29Z,46.54543333,12.94898333,2493.00,
1221,,,,,2019-07-23T11:16:30Z,46.54548333,12.94920000,2494.00,
1222,,,,,2019-07-23T11:16:31Z,46.54553333,12.94941667,2493.00,
1223,,,,,2019-07-23T11:16:32Z,46.54560000,12.94963333,2493.00,
1224,,,,,2019-07-23T11:16:33Z,46.54568333,12.94985000,2490.00,
1225,,,,,2019-07-23T11:16:34Z,46.54575000,12.95005000,2490.00,
1226,,,,,2019-07-23T11:16:35Z,46.54583333,12.95025000,2490.00,
1227,,,,,2019-07-23T11:16:36Z,46.54590000,12.95045000,2490.00,
1228,,,,,2019-07-23T11:16:37Z,46.54596667,12.95063333,2488.00,
1229,,,,,2019-07-23T11:16:38Z,46.54603333,12.95083333,2489.00,
1230,,,,,2019-07-23T11:16:39Z,46.54608333,12.95105000,2488.00,
1231,,,,,2019-07-23T11:16:40Z,46.54611667,12.95126667,2487.00,
1232,,,,,2019-07-23T11:16:41Z,46.54616667,12.95148333,2486.00,
1233,,,,,2019-07-23T11:16:42Z,46.54621667,12.95170000,2483.00,
1234,,,,,2019-07-23T11:16:43Z,46.54628333,12.95190000,2482.00,
1235,,,,,2019-07-23T11:16:44Z,46.54636667,12.95211667,2481.00,
1236,,,,,2019-07-23T11:16:45Z,46.54645000,12.95231667,2478.00,
1237,,,,,2019-07-23T11:16:46Z,46.54655000,12.95250000,2477.00,
1238,,,,,2019-07-23T11:16:47Z,46.54665000,12.95268333,2474.00,
1239,,,,,2019-07-23T11:16:48Z,46.54675000,12.95285000,2472.00,
1240,,,,,2019-07-23T11:16:49Z,46.54683333,12.95303333,2470.00,
1241,,,,,2019-07-23T11:16:50Z,46.54693333,12.95321667,2467.00,
1242,,,,,2019-07-23T11:16:51Z,46.54703333,12.95340000,2467.00,
1243,,,,,2019-07-23T11:16:52Z,46.54713333,12.95360000,2463.00,
1244,,,,,2019-07-23T11:16:53Z,46.54723333,12.95381667,2461.00,
1245,,,,,2019-07-23T11:16:54Z,46.54735000,12.95401667,2458.00,
1246,,,,,2019-07-23T11:16:55Z,46.54745000,12.95421667,2457.00,
1247,,,,,2019-07-23T11:16:56Z,46.54753333,12.95443333,2455.00,
1248,,,,,2019-07-23T11:16:57Z,46.54763333,12.95463333,2454.00,
1249,,,,,2019-07-23T11:16:58Z,46.54773333,12.95485000,2452.00,
1250,,,,,2019-07-23T11:16:59Z,46.54781667,12.95505000,2450.00,
1251,,,,,2019-07-23T11:17:00Z,46.54790000,12.95526667,2449.00,
1252,,,,,2019-07-23T11:17:01Z,46.54796667,12.95550000,2447.00,
1253,,,,,2019-07-23T11:17:02Z,46.54803333,12.95573333,2445.00,
1254,,,,,2019-07-23T11:17:03Z,46.54808333,12.95596667,2444.00,
1255,,,,,2019-07-23T11:17:04Z,46.54815000,12.95620000,2442.00,
1256,,,,,2019-07-23T11:17:05Z,46.54820000,12.95641667,2443.00,
1257,,,,,2019-07-23T11:17:06Z,46.54828333,12.95661667,2440.00,
1258,,,,,2019-07-23T11:17:07Z,46.54836667,12.95681667,2440.00,
1259,,,,,2019-07-23T11:17:08Z,46.54846667,12.95701667,2438.00,
1260,,,,,2019-07-23T11:17:09Z,46.54856667,12.95720000,2437.00,
1261,,,,,2019-07-23T11:17:10Z,46.54866667,12.95738333,2435.00,
1262,,,,,2019-07-23T11:17:11Z,46.54876667,12.95755000,2433.00,
1263,,,,,2019-07-23T11:17:12Z,46.54885000,12.95768333,2433.00,
1264,,,,,2019-07-23T11:17:13Z,46.54893333,12.95780000,2432.00,
1265,,,,,2019-07-23T11:17:14Z,46.54901667,12.95791667,2433.00,
1266,,,,,2019-07-23T11:17:15Z,46.54910000,12.95801667,2431.00,
1267,,,,,2019-07-23T11:17:16Z,46.54918333,12.95813333,2429.00,
1268,,,,,2019-07-23T11:17:17Z,46.54928333,12.95823333,2426.00,
1269,,,,,2019-07-23T11:17:18Z,46.54936667,12.95836667,2423.00,
1270,,,,,2019-07-23T11:17:19Z,46.54948333,12.95848333,2421.00,
1271,,,,,2019-07-23T11:17:20Z,46.54960000,12.95860000,2420.00,
1272,,,,,2019-07-23T11:17:21Z,46.54970000,12.95873333,2420.00,
1273,,,,,2019-07-23T11:17:22Z,46.54976667,12.95888333,2419.00,
1274,,,,,2019-07-23T11:17:23Z,46.54983333,12.95905000,2418.00,
1275,,,,,2019-07-23T11:17:24Z,46.54985000,12.95921667,2417.00,
1276,,,,,2019-07-23T11:17:25Z,46.54988333,12.95940000,2416.00,
1277,,,,,2019-07-23T11:17:26Z,46.54986667,12.95963333,2413.00,
1278,,,,,2019-07-23T11:17:27Z,46.54985000,12.95985000,2409.00,
1279,,,,,2019-07-23T11:17:28Z,46.54981667,12.96008333,2404.00,
1280,,,,,2019-07-23T11:17:29Z,46.54980000,12.96030000,2400.00,
1281,,,,,2019-07-23T11:17:30Z,46.54978333,12.96050000,2397.00,
1282,,,,,2019-07-23T11:17:31Z,46.54981667,12.96070000,2398.00,
1283,,,,,2019-07-23T11:17:32Z,46.54986667,12.96088333,2398.00,
1284,,,,,2019-07-23T11:17:33Z,46.54993333,12.96106667,2396.00,
1285,,,,,2019-07-23T11:17:34Z,46.55003333,12.96125000,2395.00,
1286,,,,,2019-07-23T11:17:35Z,46.55013333,12.96145000,2393.00,
1287,,,,,2019-07-23T11:17:36Z,46.55025000,12.96165000,2388.00,
1288,,,,,2019-07-23T11:17:37Z,46.55035000,12.96186667,2386.00,
1289,,,,,2019-07-23T11:17:38Z,46.55043333,12.96208333,2383.00,
1290,,,,,2019-07-23T11:17:39Z,46.55050000,12.96230000,2380.00,
1291,,,,,2019-07-23T11:17:40Z,46.55056667,12.96250000,2379.00,
1292,,,,,2019-07-23T11:17:41Z,46.55065000,12.96268333,2380.00,
1293,,,,,2019-07-23T11:17:42Z,46.55073333,12.96286667,2380.00,
1294,,,,,2019-07-23T11:17:43Z,46.55080000,12.96305000,2380.00,
1295,,,,,2019-07-23T11:17:44Z,46.55086667,12.96323333,2378.00,
1296,,,,,2019-07-23T11:17:45Z,46.55091667,12.96341667,2376.00,
1297,,,,,2019-07-23T11:17:46Z,46.55096667,12.96360000,2375.00,
1298,,,,,2019-07-23T11:17:47Z,46.55103333,12.96380000,2373.00,
1299,,,,,2019-07-23T11:17:48Z,46.55110000,12.96400000,2371.00,
1300,,,,,2019-07-23T11:17:49Z,46.55116667,12.96420000,2367.00,
1301,,,,,2019-07-23T11:17:50Z,46.55125000,12.96440000,2365.00,
1302,,,,,2019-07-23T11:17:51Z,46.55133333,12.96460000,2364.00,
1303,,,,,2019-07-23T11:17:52Z,46.55145000,12.96478333,2361.00,
1304,,,,,2019-07-23T11:17:53Z,46.55156667,12.96495000,2358.00,
1305,,,,,2019-07-23T11:17:54Z,46.55166667,12.96513333,2356.00,
1306,,,,,2019-07-23T11:17:55Z,46.55176667,12.96530000,2353.00,
1307,,,,,2019-07-23T11:17:56Z,46.55186667,12.96546667,2350.00,
1308,,,,,2019-07-23T11:17:57Z,46.55196667,12.96566667,2348.00,
1309,,,,,2019-07-23T11:17:58Z,46.55206667,12.96585000,2346.00,
1310,,,,,2019-07-23T11:17:59Z,46.55216667,12.96603333,2345.00,
1311,,,,,2019-07-23T11:18:00Z,46.55226667,12.96623333,2345.00,
1312,,,,,2019-07-23T11:18:01Z,46.55235000,12.96640000,2343.00,
1313,,,,,2019-07-23T11:18:02Z,46.55245000,12.96658333,2342.00,
1314,,,,,2019-07-23T11:18:03Z,46.55253333,12.96675000,2342.00,
1315,,,,,2019-07-23T11:18:04Z,46.55261667,12.96693333,2341.00,
1316,,,,,2019-07-23T11:18:05Z,46.55270000,12.96710000,2341.00,
1317,,,,,2019-07-23T11:18:06Z,46.55278333,12.96728333,2340.00,
1318,,,,,2019-07-23T11:18:07Z,46.55285000,12.96746667,2340.00,
1319,,,,,2019-07-23T11:18:08Z,46.55291667,12.96763333,2339.00,
1320,,,,,2019-07-23T11:18:09Z,46.55298333,12.96781667,2342.00,
1321,,,,,2019-07-23T11:18:10Z,46.55303333,12.96798333,2343.00,
1322,,,,,2019-07-23T11:18:11Z,46.55308333,12.96818333,2342.00,
1323,,,,,2019-07-23T11:18:12Z,46.55310000,12.96840000,2339.00,
1324,,,,,2019-07-23T11:18:13Z,46.55310000,12.96863333,2336.00,
1325,,,,,2019-07-23T11:18:14Z,46.55310000,12.96886667,2334.00,
1326,,,,,2019-07-23T11:18:15Z,46.55308333,12.96908333,2333.00,
1327,,,,,2019-07-23T11:18:16Z,46.55305000,12.96930000,2334.00,
1328,,,,,2019-07-23T11:18:17Z,46.55303333,12.96950000,2332.00,
1329,,,,,2019-07-23T11:18:18Z,46.55303333,12.96971667,2332.00,
1330,,,,,2019-07-23T11:18:19Z,46.55303333,12.96991667,2336.00,
1331,,,,,2019-07-23T11:18:20Z,46.55305000,12.97013333,2337.00,
1332,,,,,2019-07-23T11:18:21Z,46.55308333,12.97035000,2337.00,
1333,,,,,2019-07-23T11:18:22Z,46.55313333,12.97055000,2338.00,
1334,,,,,2019-07-23T11:18:23Z,46.55318333,12.97075000,2339.00,
1335,,,,,2019-07-23T11:18:24Z,46.55326667,12.97091667,2341.00,
1336,,,,,2019-07-23T11:18:25Z,46.55333333,12.97108333,2345.00,
1337,,,,,2019-07-23T11:18:26Z,46.55340000,12.97123333,2348.00,
1338,,,,,2019-07-23T11:18:27Z,46.55348333,12.97140000,2349.00,
1339,,,,,2019-07-23T11:18:28Z,46.55355000,12.97158333,2348.00,
1340,,,,,2019-07-23T11:18:29Z,46.55363333,12.97178333,2347.00,
1341,,,,,2019-07-23T11:18:30Z,46.55370000,12.97200000,2346.00,
1342,,,,,2019-07-23T11:18:31Z,46.55373333,12.97221667,2345.00,
1343,,,,,2019-07-23T11:18:32Z,46.55378333,12.97241667,2345.00,
1344,,,,,2019-07-23T11:18:33Z,46.55381667,12.97261667,2347.00,
1345,,,,,2019-07-23T11:18:34Z,46.55383333,12.97281667,2349.00,
1346,,,,,2019-07-23T11:18:35Z,46.55385000,12.97303333,2351.00,
1347,,,,,2019-07-23T11:18:36Z,46.55385000,12.97325000,2348.00,
1348,,,,,2019-07-23T11:18:37Z,46.55386667,12.97348333,2349.00,
1349,,,,,2019-07-23T11:18:38Z,46.55388333,12.97373333,2347.00,
1350,,,,,2019-07-23T11:18:39Z,46.55391667,12.97396667,2348.00,
1351,,,,,2019-07-23T11:18:40Z,46.55395000,12.97421667,2347.00,
1352,,,,,2019-07-23T11:18:41Z,46.55400000,12.97445000,2348.00,
1353,,,,,2019-07-23T11:18:42Z,46.55403333,12.97470000,2347.00,
1354,,,,,2019-07-23T11:18:43Z,46.55405000,12.97493333,2345.00,
1355,,,,,2019-07-23T11:18:44Z,46.55406667,12.97516667,2346.00,
1356,,,,,2019-07-23T11:18:45Z,46.55406667,12.97538333,2347.00,
1357,,,,,2019-07-23T11:18:46Z,46.55405000,12.97560000,2347.00,
1358,,,,,2019-07-23T11:18:47Z,46.55405000,12.97580000,2348.00,
1359,,,,,2019-07-23T11:18:48Z,46.55401667,12.97600000,2349.00,
1360,,,,,2019-07-23T11:18:49Z,46.55401667,12.97621667,2348.00,
1361,,,,,2019-07-23T11:18:50Z,46.55400000,12.97641667,2347.00,
1362,,,,,2019-07-23T11:18:51Z,46.55400000,12.97663333,2347.00,
1363,,,,,2019-07-23T11:18:52Z,46.55400000,12.97683333,2348.00,
1364,,,,,2019-07-23T11:18:53Z,46.55401667,12.97705000,2346.00,
1365,,,,,2019-07-23T11:18:54Z,46.55401667,12.97725000,2343.00,
1366,,,,,2019-07-23T11:18:55Z,46.55403333,12.97748333,2341.00,
1367,,,,,2019-07-23T11:18:56Z,46.55406667,12.97770000,2337.00,
1368,,,,,2019-07-23T11:18:57Z,46.55411667,12.97793333,2335.00,
1369,,,,,2019-07-23T11:18:58Z,46.55418333,12.97813333,2335.00,
1370,,,,,2019-07-23T11:18:59Z,46.55425000,12.97835000,2331.00,
1371,,,,,2019-07-23T11:19:00Z,46.55430000,12.97855000,2331.00,
1372,,,,,2019-07-23T11:19:01Z,46.55435000,12.97875000,2331.00,
1373,,,,,2019-07-23T11:19:02Z,46.55440000,12.97895000,2331.00,
1374,,,,,2019-07-23T11:19:03Z,46.55445000,12.97916667,2329.00,
1375,,,,,2019-07-23T11:19:04Z,46.55450000,12.97938333,2328.00,
1376,,,,,2019-07-23T11:19:05Z,46.55453333,12.97961667,2326.00,
1377,,,,,2019-07-23T11:19:06Z,46.55455000,12.97986667,2321.00,
1378,,,,,2019-07-23T11:19:07Z,46.55456667,12.98010000,2319.00,
1379,,,,,2019-07-23T11:19:08Z,46.55458333,12.98033333,2316.00,
1380,,,,,2019-07-23T11:19:09Z,46.55461667,12.98056667,2314.00,
1381,,,,,2019-07-23T11:19:10Z,46.55466667,12.98076667,2312.00,
1382,,,,,2019-07-23T11:19:11Z,46.55471667,12.98096667,2309.00,
1383,,,,,2019-07-23T11:19:12Z,46.55478333,12.98116667,2307.00,
1384,,,,,2019-07-23T11:19:13Z,46.55485000,12.98135000,2304.00,
1385,,,,,2019-07-23T11:19:14Z,46.55493333,12.98151667,2301.00,
1386,,,,,2019-07-23T11:19:15Z,46.55501667,12.98170000,2297.00,
1387,,,,,2019-07-23T11:19:16Z,46.55510000,12.98190000,2295.00,
1388,,,,,2019-07-23T11:19:17Z,46.55515000,12.98210000,2292.00,
1389,,,,,2019-07-23T11:19:18Z,46.55518333,12.98233333,2289.00,
1390,,,,,2019-07-23T11:19:19Z,46.55520000,12.98256667,2285.00,
1391,,,,,2019-07-23T11:19:20Z,46.55518333,12.98280000,2282.00,
1392,,,,,2019-07-23T11:19:21Z,46.55515000,12.98305000,2280.00,
1393,,,,,2019-07-23T11:19:22Z,46.55513333,12.98326667,2279.00,
1394,,,,,2019-07-23T11:19:23Z,46.55510000,12.98346667,2279.00,
1395,,,,,2019-07-23T11:19:24Z,46.55506667,12.98366667,2276.00,
1396,,,,,2019-07-23T11:19:25Z,46.55505000,12.98388333,2277.00,
1397,,,,,2019-07-23T11:19:26Z,46.55506667,12.98410000,2275.00,
1398,,,,,2019-07-23T11:19:27Z,46.55508333,12.98433333,2273.00,
1399,,,,,2019-07-23T11:19:28Z,46.55511667,12.98456667,2270.00,
1400,,,,,2019-07-23T11:19:29Z,46.55515000,12.98481667,2269.00,
1401,,,,,2019-07-23T11:19:30Z,46.55520000,12.98506667,2269.00,
1402,,,,,2019-07-23T11:19:31Z,46.55526667,12.98531667,2269.00,
1403,,,,,2019-07-23T11:19:32Z,46.55531667,12.98556667,2270.00,
1404,,,,,2019-07-23T11:19:33Z,46.55540000,12.98580000,2272.00,
1405,,,,,2019-07-23T11:19:34Z,46.55545000,12.98601667,2276.00,
1406,,,,,2019-07-23T11:19:35Z,46.55551667,12.98623333,2279.00,
1407,,,,,2019-07-23T11:19:36Z,46.55558333,12.98643333,2280.00,
1408,,,,,2019-07-23T11:19:37Z,46.55563333,12.98665000,2285.00,
1409,,,,,2019-07-23T11:19:38Z,46.55568333,12.98686667,2287.00,
1410,,,,,2019-07-23T11:19:39Z,46.55573333,12.98706667,2290.00,
1411,,,,,2019-07-23T11:19:40Z,46.55576667,12.98728333,2294.00,
1412,,,,,2019-07-23T11:19:41Z,46.55581667,12.98750000,2298.00,
1413,,,,,2019-07-23T11:19:42Z,46.55583333,12.98773333,2302.00,
1414,,,,,2019-07-23T11:19:43Z,46.55586667,12.98795000,2306.00,
1415,,,,,2019-07-23T11:19:44Z,46.55588333,12.98816667,2311.00,
1416,,,,,2019-07-23T11:19:45Z,46.55590000,12.98838333,2315.00,
1417,,,,,2019-07-23T11:19:46Z,46.55590000,12.98858333,2317.00,
1418,,,,,2019-07-23T11:19:47Z,46.55590000,12.98878333,2317.00,
1419,,,,,2019-07-23T11:19:48Z,46.55590000,12.98898333,2322.00,
1420,,,,,2019-07-23T11:19:49Z,46.55591667,12.98918333,2325.00,
1421,,,,,2019-07-23T11:19:50Z,46.55591667,12.98938333,2327.00,
1422,,,,,2019-07-23T11:19:51Z,46.55593333,12.98960000,2329.00,
1423,,,,,2019-07-23T11:19:52Z,46.55591667,12.98980000,2330.00,
1424,,,,,2019-07-23T11:19:53Z,46.55588333,12.99000000,2330.00,
1425,,,,,2019-07-23T11:19:54Z,46.55586667,12.99016667,2334.00,
1426,,,,,2019-07-23T11:19:55Z,46.55583333,12.99035000,2337.00,
1427,,,,,2019-07-23T11:19:56Z,46.55581667,12.99053333,2338.00,
1428,,,,,2019-07-23T11:19:57Z,46.55580000,12.99073333,2339.00,
1429,,,,,2019-07-23T11:19:58Z,46.55580000,12.99093333,2338.00,
1430,,,,,2019-07-23T11:19:59Z,46.55578333,12.99116667,2335.00,
1431,,,,,2019-07-23T11:20:00Z,46.55578333,12.99141667,2333.00,
1432,,,,,2019-07-23T11:20:01Z,46.55576667,12.99168333,2331.00,
1433,,,,,2019-07-23T11:20:02Z,46.55575000,12.99195000,2326.00,
1434,,,,,2019-07-23T11:20:03Z,46.55571667,12.99221667,2320.00,
1435,,,,,2019-07-23T11:20:04Z,46.55568333,12.99248333,2317.00,
1436,,,,,2019-07-23T11:20:05Z,46.55565000,12.99273333,2315.00,
1437,,,,,2019-07-23T11:20:06Z,46.55563333,12.99300000,2311.00,
1438,,,,,2019-07-23T11:20:07Z,46.55561667,12.99326667,2308.00,
1439,,,,,2019-07-23T11:20:08Z,46.55561667,12.99353333,2304.00,
1440,,,,,2019-07-23T11:20:09Z,46.55561667,12.99380000,2300.00,
1441,,,,,2019-07-23T11:20:10Z,46.55560000,12.99406667,2294.00,
1442,,,,,2019-07-23T11:20:11Z,46.55560000,12.99433333,2292.00,
1443,,,,,2019-07-23T11:20:12Z,46.55561667,12.99461667,2288.00,
1444,,,,,2019-07-23T11:20:13Z,46.55561667,12.99490000,2283.00,
1445,,,,,2019-07-23T11:20:14Z,46.55561667,12.99518333,2278.00,
1446,,,,,2019-07-23T11:20:15Z,46.55561667,12.99545000,2275.00,
1447,,,,,2019-07-23T11:20:16Z,46.55560000,12.99571667,2273.00,
1448,,,,,2019-07-23T11:20:17Z,46.55558333,12.99598333,2272.00,
1449,,,,,2019-07-23T11:20:18Z,46.55556667,12.99623333,2270.00,
1450,,,,,2019-07-23T11:20:19Z,46.55555000,12.99648333,2268.00,
1451,,,,,2019-07-23T11:20:20Z,46.55555000,12.99673333,2268.00,
1452,,,,,2019-07-23T11:20:21Z,46.55555000,12.99698333,2266.00,
1453,,,,,2019-07-23T11:20:22Z,46.55558333,12.99725000,2263.00,
1454,,,,,2019-07-23T11:20:23Z,46.55560000,12.99750000,2259.00,
1455,,,,,2019-07-23T11:20:24Z,46.55563333,12.99776667,2258.00,
1456,,,,,2019-07-23T11:20:25Z,46.55566667,12.99803333,2255.00,
1457,,,,,2019-07-23T11:20:26Z,46.55568333,12.99830000,2253.00,
1458,,,,,2019-07-23T11:20:27Z,46.55570000,12.99856667,2249.00,
1459,,,,,2019-07-23T11:20:28Z,46.55571667,12.99883333,2248.00,
1460,,,,,2019-07-23T11:20:29Z,46.55571667,12.99910000,2245.00,
1461,,,,,2019-07-23T11:20:30Z,46.55571667,12.99936667,2242.00,
1462,,,,,2019-07-23T11:20:31Z,46.55571667,12.99963333,2241.00,
1463,,,,,2019-07-23T11:20:32Z,46.55570000,12.99988333,2238.00,
1464,,,,,2019-07-23T11:20:33Z,46.55570000,13.00015000,2237.00,
1465,,,,,2019-07-23T11:20:34Z,46.55568333,13.00040000,2236.00,
1466,,,,,2019-07-23T11:20:35Z,46.55568333,13.00065000,2233.00,
1467,,,,,2019-07-23T11:20:36Z,46.55570000,13.00090000,2229.00,
1468,,,,,2019-07-23T11:20:37Z,46.55571667,13.00115000,2229.00,
1469,,,,,2019-07-23T11:20:38Z,46.55573333,13.00138333,2227.00,
1470,,,,,2019-07-23T11:20:39Z,46.55575000,13.00165000,2225.00,
1471,,,,,2019-07-23T11:20:40Z,46.55575000,13.00191667,2222.00,
1472,,,,,2019-07-23T11:20:41Z,46.55575000,13.00218333,2220.00,
1473,,,,,2019-07-23T11:20:42Z,46.55575000,13.00245000,2218.00,
1474,,,,,2019-07-23T11:20:43Z,46.55573333,13.00271667,2217.00,
1475,,,,,2019-07-23T11:20:44Z,46.55571667,13.00296667,2215.00,
1476,,,,,2019-07-23T11:20:45Z,46.55570000,13.00321667,2214.00,
1477,,,,,2019-07-23T11:20:46Z,46.55570000,13.00346667,2214.00,
1478,,,,,2019-07-23T11:20:47Z,46.55570000,13.00371667,2214.00,
1479,,,,,2019-07-23T11:20:48Z,46.55571667,13.00398333,2210.00,
1480,,,,,2019-07-23T11:20:49Z,46.55573333,13.00425000,2207.00,
1481,,,,,2019-07-23T11:20:50Z,46.55575000,13.00451667,2204.00,
1482,,,,,2019-07-23T11:20:51Z,46.55576667,13.00478333,2202.00,
1483,,,,,2019-07-23T11:20:52Z,46.55581667,13.00505000,2201.00,
1484,,,,,2019-07-23T11:20:53Z,46.55585000,13.00530000,2200.00,
1485,,,,,2019-07-23T11:20:54Z,46.55590000,13.00556667,2198.00,
1486,,,,,2019-07-23T11:20:55Z,46.55593333,13.00581667,2196.00,
1487,,,,,2019-07-23T11:20:56Z,46.55596667,13.00606667,2193.00,
1488,,,,,2019-07-23T11:20:57Z,46.55598333,13.00631667,2191.00,
1489,,,,,2019-07-23T11:20:58Z,46.55601667,13.00655000,2191.00,
1490,,,,,2019-07-23T11:20:59Z,46.55605000,13.00678333,2190.00,
1491,,,,,2019-07-23T11:21:00Z,46.55606667,13.00701667,2187.00,
1492,,,,,2019-07-23T11:21:01Z,46.55610000,13.00726667,2188.00,
1493,,,,,2019-07-23T11:21:02Z,46.55613333,13.00751667,2186.00,
1494,,,,,2019-07-23T11:21:03Z,46.55618333,13.00776667,2182.00,
1495,,,,,2019-07-23T11:21:04Z,46.55620000,13.00801667,2178.00,
1496,,,,,2019-07-23T11:21:05Z,46.55623333,13.00826667,2176.00,
1497,,,,,2019-07-23T11:21:06Z,46.55625000,13.00851667,2174.00,
1498,,,,,2019-07-23T11:21:07Z,46.55626667,13.00876667,2173.00,
1499,,,,,2019-07-23T11:21:08Z,46.55628333,13.00901667,2172.00,
1500,,,,,2019-07-23T11:21:09Z,46.55630000,13.00926667,2169.00,
1501,,,,,2019-07-23T11:21:10Z,46.55633333,13.00951667,2167.00,
1502,,,,,2019-07-23T11:21:11Z,46.55635000,13.00978333,2165.00,
1503,,,,,2019-07-23T11:21:12Z,46.55638333,13.01003333,2162.00,
1504,,,,,2019-07-23T11:21:13Z,46.55640000,13.01028333,2160.00,
1505,,,,,2019-07-23T11:21:14Z,46.55643333,13.01053333,2159.00,
1506,,,,,2019-07-23T11:21:15Z,46.55645000,13.01078333,2157.00,
1507,,,,,2019-07-23T11:21:16Z,46.55648333,13.01105000,2156.00,
1508,,,,,2019-07-23T11:21:17Z,46.55653333,13.01130000,2154.00,
1509,,,,,2019-07-23T11:21:18Z,46.55656667,13.01155000,2152.00,
1510,,,,,2019-07-23T11:21:19Z,46.55660000,13.01180000,2150.00,
1511,,,,,2019-07-23T11:21:20Z,46.55665000,13.01203333,2149.00,
1512,,,,,2019-07-23T11:21:21Z,46.55666667,13.01226667,2148.00,
1513,,,,,2019-07-23T11:21:22Z,46.55670000,13.01250000,2146.00,
1514,,,,,2019-07-23T11:21:23Z,46.55671667,13.01275000,2145.00,
1515,,,,,2019-07-23T11:21:24Z,46.55675000,13.01298333,2145.00,
1516,,,,,2019-07-23T11:21:25Z,46.55678333,13.01321667,2143.00,
1517,,,,,2019-07-23T11:21:26Z,46.55681667,13.01346667,2142.00,
1518,,,,,2019-07-23T11:21:27Z,46.55686667,13.01373333,2137.00,
1519,,,,,2019-07-23T11:21:28Z,46.55688333,13.01400000,2133.00,
1520,,,,,2019-07-23T11:21:29Z,46.55690000,13.01425000,2133.00,
1521,,,,,2019-07-23T11:21:30Z,46.55690000,13.01450000,2132.00,
1522,,,,,2019-07-23T11:21:31Z,46.55691667,13.01473333,2131.00,
1523,,,,,2019-07-23T11:21:32Z,46.55693333,13.01496667,2131.00,
1524,,,,,2019-07-23T11:21:33Z,46.55695000,13.01521667,2130.00,
1525,,,,,2019-07-23T11:21:34Z,46.55696667,13.01545000,2128.00,
1526,,,,,2019-07-23T11:21:35Z,46.55698333,13.01570000,2125.00,
1527,,,,,2019-07-23T11:21:36Z,46.55703333,13.01595000,2122.00,
1528,,,,,2019-07-23T11:21:37Z,46.55706667,13.01620000,2120.00,
1529,,,,,2019-07-23T11:21:38Z,46.55713333,13.01645000,2117.00,
1530,,,,,2019-07-23T11:21:39Z,46.55718333,13.01668333,2116.00,
1531,,,,,2019-07-23T11:21:40Z,46.55725000,13.01691667,2113.00,
1532,,,,,2019-07-23T11:21:41Z,46.55731667,13.01716667,2111.00,
1533,,,,,2019-07-23T11:21:42Z,46.55736667,13.01741667,2108.00,
1534,,,,,2019-07-23T11:21:43Z,46.55741667,13.01766667,2108.00,
1535,,,,,2019-07-23T11:21:44Z,46.55746667,13.01791667,2106.00,
1536,,,,,2019-07-23T11:21:45Z,46.55751667,13.01816667,2103.00,
1537,,,,,2019-07-23T11:21:46Z,46.55755000,13.01840000,2102.00,
1538,,,,,2019-07-23T11:21:47Z,46.55760000,13.01865000,2102.00,
1539,,,,,2019-07-23T11:21:48Z,46.55765000,13.01890000,2102.00,
1540,,,,,2019-07-23T11:21:49Z,46.55768333,13.01916667,2099.00,
1541,,,,,2019-07-23T11:21:50Z,46.55770000,13.01940000,2097.00,
1542,,,,,2019-07-23T11:21:51Z,46.55771667,13.01965000,2095.00,
1543,,,,,2019-07-23T11:21:52Z,46.55773333,13.01990000,2095.00,
1544,,,,,2019-07-23T11:21:53Z,46.55773333,13.02013333,2096.00,
1545,,,,,2019-07-23T11:21:54Z,46.55775000,13.02038333,2095.00,
1546,,,,,2019-07-23T11:21:55Z,46.55776667,13.02061667,2093.00,
1547,,,,,2019-07-23T11:21:56Z,46.55778333,13.02086667,2089.00,
1548,,,,,2019-07-23T11:21:57Z,46.55781667,13.02111667,2089.00,
1549,,,,,2019-07-23T11:21:58Z,46.55785000,13.02136667,2087.00,
1550,,,,,2019-07-23T11:21:59Z,46.55788333,13.02161667,2085.00,
1551,,,,,2019-07-23T11:22:00Z,46.55790000,13.02188333,2081.00,
1552,,,,,2019-07-23T11:22:01Z,46.55791667,13.02215000,2077.00,
1553,,,,,2019-07-23T11:22:02Z,46.55793333,13.02240000,2074.00,
1554,,,,,2019-07-23T11:22:03Z,46.55793333,13.02265000,2071.00,
1555,,,,,2019-07-23T11:22:04Z,46.55793333,13.02286667,2070.00,
1556,,,,,2019-07-23T11:22:05Z,46.55793333,13.02310000,2068.00,
1557,,,,,2019-07-23T11:22:06Z,46.55795000,13.02333333,2065.00,
1558,,,,,2019-07-23T11:22:07Z,46.55796667,13.02356667,2061.00,
1559,,,,,2019-07-23T11:22:08Z,46.55800000,13.02380000,2058.00,
1560,,,,,2019-07-23T11:22:09Z,46.55801667,13.02405000,2053.00,
1561,,,,,2019-07-23T11:22:10Z,46.55803333,13.02428333,2046.00,
1562,,,,,2019-07-23T11:22:11Z,46.55805000,13.02451667,2042.00,
1563,,,,,2019-07-23T11:22:12Z,46.55808333,13.02473333,2038.00,
1564,,,,,2019-07-23T11:22:13Z,46.55811667,13.02496667,2035.00,
1565,,,,,2019-07-23T11:22:14Z,46.55815000,13.02518333,2031.00,
1566,,,,,2019-07-23T11:22:15Z,46.55820000,13.02540000,2028.00,
1567,,,,,2019-07-23T11:22:16Z,46.55825000,13.02565000,2024.00,
1568,,,,,2019-07-23T11:22:17Z,46.55833333,13.02588333,2021.00,
1569,,,,,2019-07-23T11:22:18Z,46.55840000,13.02611667,2019.00,
1570,,,,,2019-07-23T11:22:19Z,46.55846667,13.02633333,2016.00,
1571,,,,,2019-07-23T11:22:20Z,46.55853333,13.02656667,2013.00,
1572,,,,,2019-07-23T11:22:21Z,46.55858333,13.02678333,2011.00,
1573,,,,,2019-07-23T11:22:22Z,46.55863333,13.02700000,2009.00,
1574,,,,,2019-07-23T11:22:23Z,46.55868333,13.02723333,2011.00,
1575,,,,,2019-07-23T11:22:24Z,46.55871667,13.02746667,2010.00,
1576,,,,,2019-07-23T11:22:25Z,46.55876667,13.02770000,2008.00,
1577,,,,,2019-07-23T11:22:26Z,46.55880000,13.02793333,2006.00,
1578,,,,,2019-07-23T11:22:27Z,46.55883333,13.02815000,2003.00,
1579,,,,,2019-07-23T11:22:28Z,46.55885000,13.02836667,2001.00,
1580,,,,,2019-07-23T11:22:29Z,46.55888333,13.02858333,2001.00,
1581,,,,,2019-07-23T11:22:30Z,46.55890000,13.02881667,1999.00,
1582,,,,,2019-07-23T11:22:31Z,46.55893333,13.02906667,1994.00,
1583,,,,,2019-07-23T11:22:32Z,46.55895000,13.02931667,1992.00,
1584,,,,,2019-07-23T11:22:33Z,46.55895000,13.02956667,1988.00,
1585,,,,,2019-07-23T11:22:34Z,46.55895000,13.02981667,1985.00,
1586,,,,,2019-07-23T11:22:35Z,46.55891667,13.03006667,1985.00,
1587,,,,,2019-07-23T11:22:36Z,46.55888333,13.03030000,1984.00,
1588,,,,,2019-07-23T11:22:37Z,46.55883333,13.03053333,1981.00,
1589,,,,,2019-07-23T11:22:38Z,46.55876667,13.03078333,1978.00,
1590,,,,,2019-07-23T11:22:39Z,46.55870000,13.03100000,1977.00,
1591,,,,,2019-07-23T11:22:40Z,46.55863333,13.03123333,1977.00,
1592,,,,,2019-07-23T11:22:41Z,46.55856667,13.03143333,1976.00,
1593,,,,,2019-07-23T11:22:42Z,46.55851667,13.03163333,1975.00,
1594,,,,,2019-07-23T11:22:43Z,46.55850000,13.03185000,1978.00,
1595,,,,,2019-07-23T11:22:44Z,46.55848333,13.03206667,1978.00,
1596,,,,,2019-07-23T11:22:45Z,46.55850000,13.03230000,1978.00,
1597,,,,,2019-07-23T11:22:46Z,46.55853333,13.03253333,1979.00,
1598,,,,,2019-07-23T11:22:47Z,46.55860000,13.03276667,1980.00,
1599,,,,,2019-07-23T11:22:48Z,46.55868333,13.03300000,1980.00,
1600,,,,,2019-07-23T11:22:49Z,46.55878333,13.03325000,1981.00,
1601,,,,,2019-07-23T11:22:50Z,46.55890000,13.03348333,1981.00,
1602,,,,,2019-07-23T11:22:51Z,46.55900000,13.03370000,1982.00,
1603,,,,,2019-07-23T11:22:52Z,46.55911667,13.03390000,1984.00,
1604,,,,,2019-07-23T11:22:53Z,46.55923333,13.03406667,1985.00,
1605,,,,,2019-07-23T11:22:54Z,46.55935000,13.03421667,1986.00,
1606,,,,,2019-07-23T11:22:55Z,46.55946667,13.03436667,1987.00,
1607,,,,,2019-07-23T11:22:56Z,46.55961667,13.03450000,1988.00,
1608,,,,,2019-07-23T11:22:57Z,46.55978333,13.03461667,1989.00,
1609,,,,,2019-07-23T11:22:58Z,46.55996667,13.03468333,1990.00,
1610,,,,,2019-07-23T11:22:59Z,46.56016667,13.03471667,1989.00,
1611,,,,,2019-07-23T11:23:00Z,46.56036667,13.03471667,1987.00,
1612,,,,,2019-07-23T11:23:01Z,46.56055000,13.03470000,1993.00,
1613,,,,,2019-07-23T11:23:02Z,46.56075000,13.03465000,1996.00,
1614,,,,,2019-07-23T11:23:03Z,46.56093333,13.03460000,1997.00,
1615,,,,,2019-07-23T11:23:04Z,46.56110000,13.03455000,1993.00,
1616,,,,,2019-07-23T11:23:05Z,46.56128333,13.03448333,1990.00,
1617,,,,,2019-07-23T11:23:06Z,46.56143333,13.03441667,1989.00,
1618,,,,,2019-07-23T11:23:07Z,46.56158333,13.03431667,1989.00,
1619,,,,,2019-07-23T11:23:08Z,46.56171667,13.03418333,1986.00,
1620,,,,,2019-07-23T11:23:09Z,46.56181667,13.03398333,1983.00,
1621,,,,,2019-07-23T11:23:10Z,46.56188333,13.03376667,1979.00,
1622,,,,,2019-07-23T11:23:11Z,46.56191667,13.03351667,1976.00,
1623,,,,,2019-07-23T11:23:12Z,46.56190000,13.03326667,1976.00,
1624,,,,,2019-07-23T11:23:13Z,46.56188333,13.03301667,1973.00,
1625,,,,,2019-07-23T11:23:14Z,46.56183333,13.03276667,1970.00,
1626,,,,,2019-07-23T11:23:15Z,46.56176667,13.03253333,1975.00,
1627,,,,,2019-07-23T11:23:16Z,46.56171667,13.03233333,1980.00,
1628,,,,,2019-07-23T11:23:17Z,46.56163333,13.03215000,1984.00,
1629,,,,,2019-07-23T11:23:18Z,46.56155000,13.03196667,1988.00,
1630,,,,,2019-07-23T11:23:19Z,46.56146667,13.03181667,1988.00,
1631,,,,,2019-07-23T11:23:20Z,46.56138333,13.03165000,1989.00,
1632,,,,,2019-07-23T11:23:21Z,46.56126667,13.03151667,1994.00,
1633,,,,,2019-07-23T11:23:22Z,46.56116667,13.03140000,1996.00,
1634,,,,,2019-07-23T11:23:23Z,46.56106667,13.03131667,1997.00,
1635,,,,,2019-07-23T11:23:24Z,46.56096667,13.03125000,1998.00,
1636,,,,,2019-07-23T11:23:25Z,46.56085000,13.03121667,2000.00,
1637,,,,,2019-07-23T11:23:26Z,46.56073333,13.03123333,2002.00,
1638,,,,,2019-07-23T11:23:27Z,46.56061667,13.03128333,2003.00,
1639,,,,,2019-07-23T11:23:28Z,46.56051667,13.03138333,2006.00,
1640,,,,,2019-07-23T11:23:29Z,46.56041667,13.03148333,2008.00,
1641,,,,,2019-07-23T11:23:30Z,46.56030000,13.03160000,2007.00,
1642,,,,,2019-07-23T11:23:31Z,46.56020000,13.03170000,2008.00,
1643,,,,,2019-07-23T11:23:32Z,46.56006667,13.03180000,2011.00,
1644,,,,,2019-07-23T11:23:33Z,46.55995000,13.03186667,2012.00,
1645,,,,,2019-07-23T11:23:34Z,46.55981667,13.03195000,2010.00,
1646,,,,,2019-07-23T11:23:35Z,46.55970000,13.03205000,2008.00,
1647,,,,,2019-07-23T11:23:36Z,46.55958333,13.03218333,2008.00,
1648,,,,,2019-07-23T11:23:37Z,46.55951667,13.03238333,2011.00,
1649,,,,,2019-07-23T11:23:38Z,46.55946667,13.03261667,2015.00,
1650,,,,,2019-07-23T11:23:39Z,46.55946667,13.03285000,2017.00,
1651,,,,,2019-07-23T11:23:40Z,46.55946667,13.03310000,2018.00,
1652,,,,,2019-07-23T11:23:41Z,46.55950000,13.03333333,2019.00,
1653,,,,,2019-07-23T11:23:42Z,46.55956667,13.03356667,2023.00,
1654,,,,,2019-07-23T11:23:43Z,46.55966667,13.03378333,2027.00,
1655,,,,,2019-07-23T11:23:44Z,46.55980000,13.03398333,2029.00,
1656,,,,,2019-07-23T11:23:45Z,46.55993333,13.03413333,2030.00,
1657,,,,,2019-07-23T11:23:46Z,46.56008333,13.03426667,2030.00,
1658,,,,,2019-07-23T11:23:47Z,46.56021667,13.03436667,2031.00,
1659,,,,,2019-07-23T11:23:48Z,46.56036667,13.03445000,2031.00,
1660,,,,,2019-07-23T11:23:49Z,46.56055000,13.03448333,2030.00,
1661,,,,,2019-07-23T11:23:50Z,46.56073333,13.03448333,2030.00,
1662,,,,,2019-07-23T11:23:51Z,46.56091667,13.03446667,2031.00,
1663,,,,,2019-07-23T11:23:52Z,46.56111667,13.03441667,2033.00,
1664,,,,,2019-07-23T11:23:53Z,46.56128333,13.03435000,2033.00,
1665,,,,,2019-07-23T11:23:54Z,46.56146667,13.03426667,2034.00,
1666,,,,,2019-07-23T11:23:55Z,46.56163333,13.03413333,2035.00,
1667,,,,,2019-07-23T11:23:56Z,46.56180000,13.03400000,2035.00,
1668,,,,,2019-07-23T11:23:57Z,46.56195000,13.03385000,2038.00,
1669,,,,,2019-07-23T11:23:58Z,46.56210000,13.03366667,2038.00,
1670,,,,,2019-07-23T11:23:59Z,46.56221667,13.03348333,2038.00,
1671,,,,,2019-07-23T11:24:00Z,46.56231667,13.03328333,2037.00,
1672,,,,,2019-07-23T11:24:01Z,46.56240000,13.03306667,2039.00,
1673,,,,,2019-07-23T11:24:02Z,46.56245000,13.03283333,2039.00,
1674,,,,,2019-07-23T11:24:03Z,46.56246667,13.03258333,2040.00,
1675,,,,,2019-07-23T11:24:04Z,46.56246667,13.03233333,2041.00,
1676,,,,,2019-07-23T11:24:05Z,46.56243333,13.03208333,2046.00,
1677,,,,,2019-07-23T11:24:06Z,46.56238333,13.03185000,2047.00,
1678,,,,,2019-07-23T11:24:07Z,46.56231667,13.03163333,2049.00,
1679,,,,,2019-07-23T11:24:08Z,46.56223333,13.03145000,2050.00,
1680,,,,,2019-07-23T11:24:09Z,46.56215000,13.03128333,2051.00,
1681,,,,,2019-07-23T11:24:10Z,46.56206667,13.03118333,2054.00,
1682,,,,,2019-07-23T11:24:11Z,46.56195000,13.03113333,2057.00,
1683,,,,,2019-07-23T11:24:12Z,46.56183333,13.03115000,2059.00,
1684,,,,,2019-07-23T11:24:13Z,46.56173333,13.03121667,2061.00,
1685,,,,,2019-07-23T11:24:14Z,46.56163333,13.03131667,2063.00,
1686,,,,,2019-07-23T11:24:15Z,46.56155000,13.03143333,2064.00,
1687,,,,,2019-07-23T11:24:16Z,46.56150000,13.03158333,2065.00,
1688,,,,,2019-07-23T11:24:17Z,46.56145000,13.03178333,2065.00,
1689,,,,,2019-07-23T11:24:18Z,46.56145000,13.03201667,2069.00,
1690,,,,,2019-07-23T11:24:19Z,46.56145000,13.03225000,2072.00,
1691,,,,,2019-07-23T11:24:20Z,46.56148333,13.03245000,2073.00,
1692,,,,,2019-07-23T11:24:21Z,46.56155000,13.03263333,2075.00,
1693,,,,,2019-07-23T11:24:22Z,46.56165000,13.03280000,2077.00,
1694,,,,,2019-07-23T11:24:23Z,46.56176667,13.03291667,2080.00,
1695,,,,,2019-07-23T11:24:24Z,46.56193333,13.03301667,2081.00,
1696,,,,,2019-07-23T11:24:25Z,46.56211667,13.03305000,2083.00,
1697,,,,,2019-07-23T11:24:26Z,46.56228333,13.03305000,2081.00,
1698,,,,,2019-07-23T11:24:27Z,46.56245000,13.03300000,2082.00,
1699,,,,,2019-07-23T11:24:28Z,46.56261667,13.03290000,2086.00,
1700,,,,,2019-07-23T11:24:29Z,46.56275000,13.03275000,2091.00,
1701,,,,,2019-07-23T11:24:30Z,46.56286667,13.03256667,2092.00,
1702,,,,,2019-07-23T11:24:31Z,46.56295000,13.03235000,2095.00,
1703,,,,,2019-07-23T11:24:32Z,46.56300000,13.03211667,2098.00,
1704,,,,,2019-07-23T11:24:33Z,46.56300000,13.03186667,2098.00,
1705,,,,,2019-07-23T11:24:34Z,46.56298333,13.03160000,2099.00,
1706,,,,,2019-07-23T11:24:35Z,46.56293333,13.03133333,2102.00,
1707,,,,,2019-07-23T11:24:36Z,46.56286667,13.03110000,2105.00,
1708,,,,,2019-07-23T11:24:37Z,46.56278333,13.03093333,2105.00,
1709,,,,,2019-07-23T11:24:38Z,46.56266667,13.03080000,2107.00,
1710,,,,,2019-07-23T11:24:39Z,46.56255000,13.03073333,2108.00,
1711,,,,,2019-07-23T11:24:40Z,46.56245000,13.03070000,2112.00,
1712,,,,,2019-07-23T11:24:41Z,46.56233333,13.03071667,2114.00,
1713,,,,,2019-07-23T11:24:42Z,46.56221667,13.03073333,2114.00,
1714,,,,,2019-07-23T11:24:43Z,46.56211667,13.03078333,2112.00,
1715,,,,,2019-07-23T11:24:44Z,46.56200000,13.03081667,2113.00,
1716,,,,,2019-07-23T11:24:45Z,46.56188333,13.03088333,2113.00,
1717,,,,,2019-07-23T11:24:46Z,46.56173333,13.03095000,2114.00,
1718,,,,,2019-07-23T11:24:47Z,46.56160000,13.03101667,2116.00,
1719,,,,,2019-07-23T11:24:48Z,46.56146667,13.03106667,2120.00,
1720,,,,,2019-07-23T11:24:49Z,46.56135000,13.03111667,2122.00,
1721,,,,,2019-07-23T11:24:50Z,46.56121667,13.03115000,2125.00,
1722,,,,,2019-07-23T11:24:51Z,46.56110000,13.03120000,2127.00,
1723,,,,,2019-07-23T11:24:52Z,46.56100000,13.03130000,2129.00,
1724,,,,,2019-07-23T11:24:53Z,46.56091667,13.03145000,2131.00,
1725,,,,,2019-07-23T11:24:54Z,46.56086667,13.03165000,2133.00,
1726,,,,,2019-07-23T11:24:55Z,46.56085000,13.03188333,2135.00,
1727,,,,,2019-07-23T11:24:56Z,46.56086667,13.03211667,2137.00,
1728,,,,,2019-07-23T11:24:57Z,46.56093333,13.03233333,2140.00,
1729,,,,,2019-07-23T11:24:58Z,46.56105000,13.03251667,2143.00,
1730,,,,,2019-07-23T11:24:59Z,46.56118333,13.03265000,2144.00,
1731,,,,,2019-07-23T11:25:00Z,46.56133333,13.03271667,2146.00,
1732,,,,,2019-07-23T11:25:01Z,46.56148333,13.03273333,2150.00,
1733,,,,,2019-07-23T11:25:02Z,46.56161667,13.03270000,2152.00,
1734,,,,,2019-07-23T11:25:03Z,46.56176667,13.03261667,2154.00,
1735,,,,,2019-07-23T11:25:04Z,46.56188333,13.03245000,2155.00,
1736,,,,,2019-07-23T11:25:05Z,46.56195000,13.03223333,2156.00,
1737,,,,,2019-07-23T11:25:06Z,46.56198333,13.03198333,2157.00,
1738,,,,,2019-07-23T11:25:07Z,46.56195000,13.03173333,2156.00,
1739,,,,,2019-07-23T11:25:08Z,46.56190000,13.03150000,2157.00,
1740,,,,,2019-07-23T11:25:09Z,46.56181667,13.03131667,2160.00,
1741,,,,,2019-07-23T11:25:10Z,46.56170000,13.03123333,2165.00,
1742,,,,,2019-07-23T11:25:11Z,46.56158333,13.03120000,2169.00,
1743,,,,,2019-07-23T11:25:12Z,46.56148333,13.03121667,2171.00,
1744,,,,,2019-07-23T11:25:13Z,46.56140000,13.03130000,2174.00,
1745,,,,,2019-07-23T11:25:14Z,46.56133333,13.03146667,2176.00,
1746,,,,,2019-07-23T11:25:15Z,46.56131667,13.03170000,2178.00,
1747,,,,,2019-07-23T11:25:16Z,46.56136667,13.03193333,2179.00,
1748,,,,,2019-07-23T11:25:17Z,46.56146667,13.03215000,2181.00,
1749,,,,,2019-07-23T11:25:18Z,46.56160000,13.03228333,2183.00,
1750,,,,,2019-07-23T11:25:19Z,46.56176667,13.03236667,2186.00,
1751,,,,,2019-07-23T11:25:20Z,46.56193333,13.03233333,2189.00,
1752,,,,,2019-07-23T11:25:21Z,46.56206667,13.03221667,2191.00,
1753,,,,,2019-07-23T11:25:22Z,46.56216667,13.03201667,2193.00,
1754,,,,,2019-07-23T11:25:23Z,46.56218333,13.03178333,2195.00,
1755,,,,,2019-07-23T11:25:24Z,46.56211667,13.03156667,2197.00,
1756,,,,,2019-07-23T11:25:25Z,46.56201667,13.03136667,2197.00,
1757,,,,,2019-07-23T11:25:26Z,46.56190000,13.03123333,2202.00,
1758,,,,,2019-07-23T11:25:27Z,46.56180000,13.03116667,2205.00,
1759,,,,,2019-07-23T11:25:28Z,46.56168333,13.03118333,2207.00,
1760,,,,,2019-07-23T11:25:29Z,46.56160000,13.03126667,2210.00,
1761,,,,,2019-07-23T11:25:30Z,46.56155000,13.03143333,2212.00,
1762,,,,,2019-07-23T11:25:31Z,46.56155000,13.03165000,2215.00,
1763,,,,,2019-07-23T11:25:32Z,46.56163333,13.03188333,2218.00,
1764,,,,,2019-07-23T11:25:33Z,46.56176667,13.03205000,2220.00,
1765,,,,,2019-07-23T11:25:34Z,46.56188333,13.03221667,2220.00,
1766,,,,,2019-07-23T11:25:35Z,46.56203333,13.03223333,2222.00,
1767,,,,,2019-07-23T11:25:36Z,46.56220000,13.03223333,2225.00,
1768,,,,,2019-07-23T11:25:37Z,46.56233333,13.03210000,2228.00,
1769,,,,,2019-07-23T11:25:38Z,46.56241667,13.03193333,2229.00,
1770,,,,,2019-07-23T11:25:39Z,46.56243333,13.03173333,2229.00,
1771,,,,,2019-07-23T11:25:40Z,46.56240000,13.03151667,2229.00,
1772,,,,,2019-07-23T11:25:41Z,46.56235000,13.03130000,2232.00,
1773,,,,,2019-07-23T11:25:42Z,46.56226667,13.03115000,2234.00,
1774,,,,,2019-07-23T11:25:43Z,46.56215000,13.03106667,2236.00,
1775,,,,,2019-07-23T11:25:44Z,46.56201667,13.03105000,2237.00,
1776,,,,,2019-07-23T11:25:45Z,46.56188333,13.03108333,2240.00,
1777,,,,,2019-07-23T11:25:46Z,46.56173333,13.03120000,2243.00,
1778,,,,,2019-07-23T11:25:47Z,46.56163333,13.03138333,2248.00,
1779,,,,,2019-07-23T11:25:48Z,46.56155000,13.03153333,2251.00,
1780,,,,,2019-07-23T11:25:49Z,46.56150000,13.03171667,2251.00,
1781,,,,,2019-07-23T11:25:50Z,46.56145000,13.03191667,2248.00,
1782,,,,,2019-07-23T11:25:51Z,46.56143333,13.03213333,2249.00,
1783,,,,,2019-07-23T11:25:52Z,46.56145000,13.03233333,2254.00,
1784,,,,,2019-07-23T11:25:53Z,46.56151667,13.03251667,2257.00,
1785,,,,,2019-07-23T11:25:54Z,46.56160000,13.03268333,2258.00,
1786,,,,,2019-07-23T11:25:55Z,46.56173333,13.03278333,2259.00,
1787,,,,,2019-07-23T11:25:56Z,46.56188333,13.03286667,2259.00,
1788,,,,,2019-07-23T11:25:57Z,46.56203333,13.03286667,2259.00,
1789,,,,,2019-07-23T11:25:58Z,46.56218333,13.03283333,2260.00,
1790,,,,,2019-07-23T11:25:59Z,46.56233333,13.03276667,2261.00,
1791,,,,,2019-07-23T11:26:00Z,46.56246667,13.03261667,2262.00,
1792,,,,,2019-07-23T11:26:01Z,46.56255000,13.03241667,2261.00,
1793,,,,,2019-07-23T11:26:02Z,46.56261667,13.03218333,2263.00,
1794,,,,,2019-07-23T11:26:03Z,46.56263333,13.03193333,2262.00,
1795,,,,,2019-07-23T11:26:04Z,46.56260000,13.03165000,2266.00,
1796,,,,,2019-07-23T11:26:05Z,46.56255000,13.03140000,2269.00,
1797,,,,,2019-07-23T11:26:06Z,46.56243333,13.03118333,2270.00,
1798,,,,,2019-07-23T11:26:07Z,46.56233333,13.03100000,2269.00,
1799,,,,,2019-07-23T11:26:08Z,46.56221667,13.03091667,2270.00,
1800,,,,,2019-07-23T11:26:09Z,46.56205000,13.03086667,2272.00,
1801,,,,,2019-07-23T11:26:10Z,46.56186667,13.03098333,2273.00,
1802,,,,,2019-07-23T11:26:11Z,46.56171667,13.03105000,2276.00,
1803,,,,,2019-07-23T11:26:12Z,46.56160000,13.03111667,2278.00,
1804,,,,,2019-07-23T11:26:13Z,46.56148333,13.03116667,2279.00,
1805,,,,,2019-07-23T11:26:14Z,46.56140000,13.03121667,2280.00,
1806,,,,,2019-07-23T11:26:15Z,46.56130000,13.03125000,2282.00,
1807,,,,,2019-07-23T11:26:16Z,46.56121667,13.03133333,2286.00,
1808,,,,,2019-07-23T11:26:17Z,46.56113333,13.03146667,2289.00,
1809,,,,,2019-07-23T11:26:18Z,46.56110000,13.03166667,2292.00,
1810,,,,,2019-07-23T11:26:19Z,46.56113333,13.03190000,2294.00,
1811,,,,,2019-07-23T11:26:20Z,46.56120000,13.03213333,2295.00,
1812,,,,,2019-07-23T11:26:21Z,46.56130000,13.03235000,2295.00,
1813,,,,,2019-07-23T11:26:22Z,46.56145000,13.03250000,2297.00,
1814,,,,,2019-07-23T11:26:23Z,46.56160000,13.03258333,2301.00,
1815,,,,,2019-07-23T11:26:24Z,46.56173333,13.03255000,2302.00,
1816,,,,,2019-07-23T11:26:25Z,46.56186667,13.03248333,2303.00,
1817,,,,,2019-07-23T11:26:26Z,46.56198333,13.03240000,2305.00,
1818,,,,,2019-07-23T11:26:27Z,46.56208333,13.03230000,2306.00,
1819,,,,,2019-07-23T11:26:28Z,46.56218333,13.03216667,2307.00,
1820,,,,,2019-07-23T11:26:29Z,46.56226667,13.03205000,2309.00,
1821,,,,,2019-07-23T11:26:30Z,46.56226667,13.03191667,2309.00,
1822,,,,,2019-07-23T11:26:31Z,46.56210000,13.03171667,2309.00,
1823,,,,,2019-07-23T11:26:32Z,46.56195000,13.03166667,2309.00,
1824,,,,,2019-07-23T11:26:33Z,46.56183333,13.03170000,2309.00,
1825,,,,,2019-07-23T11:26:34Z,46.56173333,13.03191667,2310.00,
1826,,,,,2019-07-23T11:26:35Z,46.56170000,13.03210000,2312.00,
1827,,,,,2019-07-23T11:26:36Z,46.56166667,13.03228333,2315.00,
1828,,,,,2019-07-23T11:26:37Z,46.56171667,13.03241667,2316.00,
1829,,,,,2019-07-23T11:26:38Z,46.56186667,13.03246667,2315.00,
1830,,,,,2019-07-23T11:26:39Z,46.56201667,13.03243333,2314.00,
1831,,,,,2019-07-23T11:26:40Z,46.56213333,13.03230000,2315.00,
1832,,,,,2019-07-23T11:26:41Z,46.56223333,13.03211667,2315.00,
1833,,,,,2019-07-23T11:26:42Z,46.56228333,13.03190000,2317.00,
1834,,,,,2019-07-23T11:26:43Z,46.56226667,13.03168333,2316.00,
1835,,,,,2019-07-23T11:26:44Z,46.56216667,13.03143333,2316.00,
1836,,,,,2019-07-23T11:26:45Z,46.56205000,13.03123333,2316.00,
1837,,,,,2019-07-23T11:26:46Z,46.56191667,13.03108333,2314.00,
1838,,,,,2019-07-23T11:26:47Z,46.56175000,13.03098333,2316.00,
1839,,,,,2019-07-23T11:26:48Z,46.56158333,13.03098333,2318.00,
1840,,,,,2019-07-23T11:26:49Z,46.56145000,13.03100000,2320.00,
1841,,,,,2019-07-23T11:26:50Z,46.56131667,13.03105000,2320.00,
1842,,,,,2019-07-23T11:26:51Z,46.56120000,13.03116667,2323.00,
1843,,,,,2019-07-23T11:26:52Z,46.56110000,13.03135000,2327.00,
1844,,,,,2019-07-23T11:26:53Z,46.56103333,13.03153333,2329.00,
1845,,,,,2019-07-23T11:26:54Z,46.56101667,13.03173333,2331.00,
1846,,,,,2019-07-23T11:26:55Z,46.56113333,13.03195000,2332.00,
1847,,,,,2019-07-23T11:26:56Z,46.56126667,13.03213333,2333.00,
1848,,,,,2019-07-23T11:26:57Z,46.56145000,13.03228333,2336.00,
1849,,,,,2019-07-23T11:26:58Z,46.56161667,13.03236667,2337.00,
1850,,,,,2019-07-23T11:26:59Z,46.56178333,13.03238333,2339.00,
1851,,,,,2019-07-23T11:27:00Z,46.56193333,13.03235000,2340.00,
1852,,,,,2019-07-23T11:27:01Z,46.56208333,13.03228333,2341.00,
1853,,,,,2019-07-23T11:27:02Z,46.56221667,13.03218333,2343.00,
1854,,,,,2019-07-23T11:27:03Z,46.56233333,13.03206667,2342.00,
1855,,,,,2019-07-23T11:27:04Z,46.56240000,13.03188333,2341.00,
1856,,,,,2019-07-23T11:27:05Z,46.56246667,13.03165000,2340.00,
1857,,,,,2019-07-23T11:27:06Z,46.56246667,13.03138333,2338.00,
1858,,,,,2019-07-23T11:27:07Z,46.56245000,13.03111667,2339.00,
1859,,,,,2019-07-23T11:27:08Z,46.56236667,13.03090000,2338.00,
1860,,,,,2019-07-23T11:27:09Z,46.56226667,13.03076667,2338.00,
1861,,,,,2019-07-23T11:27:10Z,46.56210000,13.03071667,2338.00,
1862,,,,,2019-07-23T11:27:11Z,46.56193333,13.03071667,2340.00,
1863,,,,,2019-07-23T11:27:12Z,46.56178333,13.03073333,2342.00,
1864,,,,,2019-07-23T11:27:13Z,46.56166667,13.03078333,2343.00,
1865,,,,,2019-07-23T11:27:14Z,46.56153333,13.03085000,2342.00,
1866,,,,,2019-07-23T11:27:15Z,46.56143333,13.03095000,2343.00,
1867,,,,,2019-07-23T11:27:16Z,46.56133333,13.03108333,2346.00,
1868,,,,,2019-07-23T11:27:17Z,46.56128333,13.03126667,2349.00,
1869,,,,,2019-07-23T11:27:18Z,46.56126667,13.03146667,2351.00,
1870,,,,,2019-07-23T11:27:19Z,46.56125000,13.03165000,2353.00,
1871,,,,,2019-07-23T11:27:20Z,46.56125000,13.03185000,2353.00,
1872,,,,,2019-07-23T11:27:21Z,46.56126667,13.03205000,2355.00,
1873,,,,,2019-07-23T11:27:22Z,46.56130000,13.03225000,2355.00,
1874,,,,,2019-07-23T11:27:23Z,46.56135000,13.03245000,2354.00,
1875,,,,,2019-07-23T11:27:24Z,46.56140000,13.03265000,2352.00,
1876,,,,,2019-07-23T11:27:25Z,46.56146667,13.03285000,2352.00,
1877,,,,,2019-07-23T11:27:26Z,46.56155000,13.03305000,2352.00,
1878,,,,,2019-07-23T11:27:27Z,46.56163333,13.03325000,2352.00,
1879,,,,,2019-07-23T11:27:28Z,46.56173333,13.03343333,2352.00,
1880,,,,,2019-07-23T11:27:29Z,46.56185000,13.03363333,2353.00,
1881,,,,,2019-07-23T11:27:30Z,46.56196667,13.03383333,2351.00,
1882,,,,,2019-07-23T11:27:31Z,46.56206667,13.03405000,2349.00,
1883,,,,,2019-07-23T11:27:32Z,46.56216667,13.03425000,2349.00,
1884,,,,,2019-07-23T11:27:33Z,46.56226667,13.03443333,2349.00,
1885,,,,,2019-07-23T11:27:34Z,46.56236667,13.03458333,2348.00,
1886,,,,,2019-07-23T11:27:35Z,46.56246667,13.03473333,2349.00,
1887,,,,,2019-07-23T11:27:36Z,46.56256667,13.03486667,2350.00,
1888,,,,,2019-07-23T11:27:37Z,46.56268333,13.03498333,2348.00,
1889,,,,,2019-07-23T11:27:38Z,46.56280000,13.03510000,2348.00,
1890,,,,,2019-07-23T11:27:39Z,46.56295000,13.03521667,2345.00,
1891,,,,,2019-07-23T11:27:40Z,46.56308333,13.03533333,2339.00,
1892,,,,,2019-07-23T11:27:41Z,46.56323333,13.03545000,2334.00,
1893,,,,,2019-07-23T11:27:42Z,46.56336667,13.03558333,2330.00,
1894,,,,,2019-07-23T11:27:43Z,46.56351667,13.03571667,2328.00,
1895,,,,,2019-07-23T11:27:44Z,46.56365000,13.03583333,2327.00,
1896,,,,,2019-07-23T11:27:45Z,46.56378333,13.03596667,2324.00,
1897,,,,,2019-07-23T11:27:46Z,46.56390000,13.03608333,2324.00,
1898,,,,,2019-07-23T11:27:47Z,46.56401667,13.03621667,2322.00,
1899,,,,,2019-07-23T11:27:48Z,46.56413333,13.03635000,2319.00,
1900,,,,,2019-07-23T11:27:49Z,46.56426667,13.03650000,2315.00,
1901,,,,,2019-07-23T11:27:50Z,46.56441667,13.03665000,2312.00,
1902,,,,,2019-07-23T11:27:51Z,46.56456667,13.03678333,2309.00,
1903,,,,,2019-07-23T11:27:52Z,46.56471667,13.03690000,2307.00,
1904,,,,,2019-07-23T11:27:53Z,46.56486667,13.03701667,2304.00,
1905,,,,,2019-07-23T11:27:54Z,46.56500000,13.03715000,2302.00,
1906,,,,,2019-07-23T11:27:55Z,46.56511667,13.03726667,2300.00,
1907,,,,,2019-07-23T11:27:56Z,46.56523333,13.03738333,2300.00,
1908,,,,,2019-07-23T11:27:57Z,46.56535000,13.03751667,2299.00,
1909,,,,,2019-07-23T11:27:58Z,46.56548333,13.03765000,2297.00,
1910,,,,,2019-07-23T11:27:59Z,46.56560000,13.03781667,2294.00,
1911,,,,,2019-07-23T11:28:00Z,46.56571667,13.03798333,2289.00,
1912,,,,,2019-07-23T11:28:01Z,46.56581667,13.03815000,2286.00,
1913,,,,,2019-07-23T11:28:02Z,46.56591667,13.03833333,2286.00,
1914,,,,,2019-07-23T11:28:03Z,46.56601667,13.03850000,2285.00,
1915,,,,,2019-07-23T11:28:04Z,46.56610000,13.03868333,2284.00,
1916,,,,,2019-07-23T11:28:05Z,46.56618333,13.03888333,2282.00,
1917,,,,,2019-07-23T11:28:06Z,46.56625000,13.03906667,2279.00,
1918,,,,,2019-07-23T11:28:07Z,46.56631667,13.03925000,2279.00,
1919,,,,,2019-07-23T11:28:08Z,46.56640000,13.03945000,2278.00,
1920,,,,,2019-07-23T11:28:09Z,46.56646667,13.03965000,2276.00,
1921,,,,,2019-07-23T11:28:10Z,46.56653333,13.03985000,2273.00,
1922,,,,,2019-07-23T11:28:11Z,46.56656667,13.04005000,2271.00,
1923,,,,,2019-07-23T11:28:12Z,46.56660000,13.04023333,2269.00,
1924,,,,,2019-07-23T11:28:13Z,46.56663333,13.04043333,2268.00,
1925,,,,,2019-07-23T11:28:14Z,46.56666667,13.04061667,2268.00,
1926,,,,,2019-07-23T11:28:15Z,46.56670000,13.04080000,2266.00,
1927,,,,,2019-07-23T11:28:16Z,46.56675000,13.04100000,2264.00,
1928,,,,,2019-07-23T11:28:17Z,46.56680000,13.04116667,2265.00,
1929,,,,,2019-07-23T11:28:18Z,46.56686667,13.04135000,2264.00,
1930,,,,,2019-07-23T11:28:19Z,46.56693333,13.04151667,2262.00,
1931,,,,,2019-07-23T11:28:20Z,46.56703333,13.04168333,2261.00,
1932,,,,,2019-07-23T11:28:21Z,46.56713333,13.04183333,2260.00,
1933,,,,,2019-07-23T11:28:22Z,46.56726667,13.04193333,2258.00,
1934,,,,,2019-07-23T11:28:23Z,46.56741667,13.04200000,2255.00,
1935,,,,,2019-07-23T11:28:24Z,46.56758333,13.04203333,2258.00,
1936,,,,,2019-07-23T11:28:25Z,46.56776667,13.04201667,2258.00,
1937,,,,,2019-07-23T11:28:26Z,46.56796667,13.04195000,2256.00,
1938,,,,,2019-07-23T11:28:27Z,46.56815000,13.04191667,2255.00,
1939,,,,,2019-07-23T11:28:28Z,46.56833333,13.04190000,2255.00,
1940,,,,,2019-07-23T11:28:29Z,46.56850000,13.04191667,2255.00,
1941,,,,,2019-07-23T11:28:30Z,46.56866667,13.04193333,2256.00,
1942,,,,,2019-07-23T11:28:31Z,46.56883333,13.04196667,2259.00,
1943,,,,,2019-07-23T11:28:32Z,46.56900000,13.04201667,2258.00,
1944,,,,,2019-07-23T11:28:33Z,46.56915000,13.04205000,2257.00,
1945,,,,,2019-07-23T11:28:34Z,46.56931667,13.04206667,2259.00,
1946,,,,,2019-07-23T11:28:35Z,46.56948333,13.04206667,2263.00,
1947,,,,,2019-07-23T11:28:36Z,46.56966667,13.04205000,2264.00,
1948,,,,,2019-07-23T11:28:37Z,46.56983333,13.04205000,2263.00,
1949,,,,,2019-07-23T11:28:38Z,46.57000000,13.04206667,2261.00,
1950,,,,,2019-07-23T11:28:39Z,46.57018333,13.04210000,2262.00,
1951,,,,,2019-07-23T11:28:40Z,46.57035000,13.04213333,2261.00,
1952,,,,,2019-07-23T11:28:41Z,46.57053333,13.04218333,2262.00,
1953,,,,,2019-07-23T11:28:42Z,46.57071667,13.04223333,2260.00,
1954,,,,,2019-07-23T11:28:43Z,46.57090000,13.04228333,2258.00,
1955,,,,,2019-07-23T11:28:44Z,46.57110000,13.04231667,2255.00,
1956,,,,,2019-07-23T11:28:45Z,46.57128333,13.04235000,2257.00,
1957,,,,,2019-07-23T11:28:46Z,46.57146667,13.04235000,2256.00,
1958,,,,,2019-07-23T11:28:47Z,46.57165000,13.04233333,2256.00,
1959,,,,,2019-07-23T11:28:48Z,46.57181667,13.04233333,2257.00,
1960,,,,,2019-07-23T11:28:49Z,46.57198333,13.04231667,2259.00,
1961,,,,,2019-07-23T11:28:50Z,46.57216667,13.04230000,2257.00,
1962,,,,,2019-07-23T11:28:51Z,46.57233333,13.04228333,2259.00,
1963,,,,,2019-07-23T11:28:52Z,46.57251667,13.04226667,2259.00,
1964,,,,,2019-07-23T11:28:53Z,46.57270000,13.04225000,2260.00,
1965,,,,,2019-07-23T11:28:54Z,46.57290000,13.04226667,2257.00,
1966,,,,,2019-07-23T11:28:55Z,46.57308333,13.04228333,2256.00,
1967,,,,,2019-07-23T11:28:56Z,46.57325000,13.04231667,2253.00,
1968,,,,,2019-07-23T11:28:57Z,46.57341667,13.04236667,2253.00,
1969,,,,,2019-07-23T11:28:58Z,46.57360000,13.04241667,2252.00,
1970,,,,,2019-07-23T11:28:59Z,46.57376667,13.04246667,2249.00,
1971,,,,,2019-07-23T11:29:00Z,46.57395000,13.04251667,2247.00,
1972,,,,,2019-07-23T11:29:01Z,46.57413333,13.04255000,2244.00,
1973,,,,,2019-07-23T11:29:02Z,46.57433333,13.04258333,2242.00,
1974,,,,,2019-07-23T11:29:03Z,46.57451667,13.04260000,2239.00,
1975,,,,,2019-07-23T11:29:04Z,46.57470000,13.04260000,2237.00,
1976,,,,,2019-07-23T11:29:05Z,46.57488333,13.04261667,2235.00,
1977,,,,,2019-07-23T11:29:06Z,46.57506667,13.04261667,2235.00,
1978,,,,,2019-07-23T11:29:07Z,46.57523333,13.04263333,2234.00,
1979,,,,,2019-07-23T11:29:08Z,46.57540000,13.04265000,2236.00,
1980,,,,,2019-07-23T11:29:09Z,46.57556667,13.04268333,2234.00,
1981,,,,,2019-07-23T11:29:10Z,46.57573333,13.04271667,2234.00,
1982,,,,,2019-07-23T11:29:11Z,46.57590000,13.04275000,2232.00,
1983,,,,,2019-07-23T11:29:12Z,46.57606667,13.04280000,2230.00,
1984,,,,,2019-07-23T11:29:13Z,46.57623333,13.04283333,2227.00,
1985,,,,,2019-07-23T11:29:14Z,46.57641667,13.04286667,2224.00,
1986,,,,,2019-07-23T11:29:15Z,46.57660000,13.04288333,2223.00,
1987,,,,,2019-07-23T11:29:16Z,46.57676667,13.04291667,2221.00,
1988,,,,,2019-07-23T11:29:17Z,46.57695000,13.04295000,2219.00,
1989,,,,,2019-07-23T11:29:18Z,46.57711667,13.04298333,2217.00,
1990,,,,,2019-07-23T11:29:19Z,46.57726667,13.04301667,2217.00,
1991,,,,,2019-07-23T11:29:20Z,46.57741667,13.04306667,2217.00,
1992,,,,,2019-07-23T11:29:21Z,46.57756667,13.04311667,2216.00,
1993,,,,,2019-07-23T11:29:22Z,46.57770000,13.04316667,2214.00,
1994,,,,,2019-07-23T11:29:23Z,46.57785000,13.04323333,2211.00,
1995,,,,,2019-07-23T11:29:24Z,46.57800000,13.04331667,2208.00,
1996,,,,,2019-07-23T11:29:25Z,46.57813333,13.04341667,2205.00,
1997,,,,,2019-07-23T11:29:26Z,46.57828333,13.04351667,2202.00,
1998,,,,,2019-07-23T11:29:27Z,46.57841667,13.04363333,2199.00,
1999,,,,,2019-07-23T11:29:28Z,46.57855000,13.04375000,2197.00,
2000,,,,,2019-07-23T11:29:29Z,46.57868333,13.04386667,2195.00,
2001,,,,,2019-07-23T11:29:30Z,46.57881667,13.04398333,2195.00,
2002,,,,,2019-07-23T11:29:31Z,46.57895000,13.04410000,2195.00,
2003,,,,,2019-07-23T11:29:32Z,46.57908333,13.04421667,2193.00,
2004,,,,,2019-07-23T11:29:33Z,46.57921667,13.04435000,2192.00,
2005,,,,,2019-07-23T11:29:34Z,46.57935000,13.04448333,2192.00,
2006,,,,,2019-07-23T11:29:35Z,46.57946667,13.04461667,2191.00,
2007,,,,,2019-07-23T11:29:36Z,46.57958333,13.04476667,2190.00,
2008,,,,,2019-07-23T11:29:37Z,46.57970000,13.04491667,2189.00,
2009,,,,,2019-07-23T11:29:38Z,46.57981667,13.04508333,2187.00,
2010,,,,,2019-07-23T11:29:39Z,46.57993333,13.04526667,2186.00,
2011,,,,,2019-07-23T11:29:40Z,46.58006667,13.04543333,2186.00,
2012,,,,,2019-07-23T11:29:41Z,46.58020000,13.04560000,2186.00,
2013,,,,,2019-07-23T11:29:42Z,46.58033333,13.04575000,2186.00,
2014,,,,,2019-07-23T11:29:43Z,46.58045000,13.04593333,2187.00,
2015,,,,,2019-07-23T11:29:44Z,46.58053333,13.04610000,2188.00,
2016,,,,,2019-07-23T11:29:45Z,46.58058333,13.04628333,2188.00,
2017,,,,,2019-07-23T11:29:46Z,46.58061667,13.04650000,2187.00,
2018,,,,,2019-07-23T11:29:47Z,46.58065000,13.04671667,2186.00,
2019,,,,,2019-07-23T11:29:48Z,46.58066667,13.04691667,2186.00,
2020,,,,,2019-07-23T11:29:49Z,46.58071667,13.04711667,2188.00,
2021,,,,,2019-07-23T11:29:50Z,46.58076667,13.04730000,2189.00,
2022,,,,,2019-07-23T11:29:51Z,46.58083333,13.04748333,2192.00,
2023,,,,,2019-07-23T11:29:52Z,46.58091667,13.04766667,2196.00,
2024,,,,,2019-07-23T11:29:53Z,46.58101667,13.04785000,2198.00,
2025,,,,,2019-07-23T11:29:54Z,46.58111667,13.04801667,2198.00,
2026,,,,,2019-07-23T11:29:55Z,46.58123333,13.04818333,2198.00,
2027,,,,,2019-07-23T11:29:56Z,46.58135000,13.04833333,2197.00,
2028,,,,,2019-07-23T11:29:57Z,46.58150000,13.04846667,2200.00,
2029,,,,,2019-07-23T11:29:58Z,46.58166667,13.04858333,2201.00,
2030,,,,,2019-07-23T11:29:59Z,46.58183333,13.04870000,2201.00,
2031,,,,,2019-07-23T11:30:00Z,46.58198333,13.04883333,2203.00,
2032,,,,,2019-07-23T11:30:01Z,46.58216667,13.04896667,2202.00,
2033,,,,,2019-07-23T11:30:02Z,46.58233333,13.04911667,2201.00,
2034,,,,,2019-07-23T11:30:03Z,46.58251667,13.04925000,2201.00,
2035,,,,,2019-07-23T11:30:04Z,46.58268333,13.04935000,2201.00,
2036,,,,,2019-07-23T11:30:05Z,46.58286667,13.04945000,2202.00,
2037,,,,,2019-07-23T11:30:06Z,46.58303333,13.04955000,2207.00,
2038,,,,,2019-07-23T11:30:07Z,46.58320000,13.04963333,2208.00,
2039,,,,,2019-07-23T11:30:08Z,46.58336667,13.04971667,2209.00,
2040,,,,,2019-07-23T11:30:09Z,46.58353333,13.04980000,2208.00,
2041,,,,,2019-07-23T11:30:10Z,46.58370000,13.04985000,2207.00,
2042,,,,,2019-07-23T11:30:11Z,46.58385000,13.04986667,2208.00,
2043,,,,,2019-07-23T11:30:12Z,46.58400000,13.04983333,2211.00,
2044,,,,,2019-07-23T11:30:13Z,46.58413333,13.04976667,2212.00,
2045,,,,,2019-07-23T11:30:14Z,46.58426667,13.04966667,2213.00,
2046,,,,,2019-07-23T11:30:15Z,46.58438333,13.04956667,2213.00,
2047,,,,,2019-07-23T11:30:16Z,46.58451667,13.04945000,2213.00,
2048,,,,,2019-07-23T11:30:17Z,46.58465000,13.04931667,2214.00,
2049,,,,,2019-07-23T11:30:18Z,46.58476667,13.04916667,2215.00,
2050,,,,,2019-07-23T11:30:19Z,46.58488333,13.04901667,2216.00,
2051,,,,,2019-07-23T11:30:20Z,46.58501667,13.04888333,2218.00,
2052,,,,,2019-07-23T11:30:21Z,46.58513333,13.04875000,2220.00,
2053,,,,,2019-07-23T11:30:22Z,46.58526667,13.04863333,2220.00,
2054,,,,,2019-07-23T11:30:23Z,46.58540000,13.04848333,2219.00,
2055,,,,,2019-07-23T11:30:24Z,46.58550000,13.04833333,2218.00,
2056,,,,,2019-07-23T11:30:25Z,46.58556667,13.04816667,2220.00,
2057,,,,,2019-07-23T11:30:26Z,46.58560000,13.04795000,2222.00,
2058,,,,,2019-07-23T11:30:27Z,46.58560000,13.04773333,2225.00,
2059,,,,,2019-07-23T11:30:28Z,46.58560000,13.04751667,2227.00,
2060,,,,,2019-07-23T11:30:29Z,46.58560000,13.04728333,2227.00,
2061,,,,,2019-07-23T11:30:30Z,46.58561667,13.04706667,2226.00,
2062,,,,,2019-07-23T11:30:31Z,46.58565000,13.04688333,2226.00,
2063,,,,,2019-07-23T11:30:32Z,46.58571667,13.04673333,2224.00,
2064,,,,,2019-07-23T11:30:33Z,46.58581667,13.04661667,2225.00,
2065,,,,,2019-07-23T11:30:34Z,46.58591667,13.04650000,2227.00,
2066,,,,,2019-07-23T11:30:35Z,46.58605000,13.04641667,2226.00,
2067,,,,,2019-07-23T11:30:36Z,46.58621667,13.04636667,2223.00,
2068,,,,,2019-07-23T11:30:37Z,46.58640000,13.04633333,2219.00,
2069,,,,,2019-07-23T11:30:38Z,46.58656667,13.04630000,2217.00,
2070,,,,,2019-07-23T11:30:39Z,46.58673333,13.04626667,2216.00,
2071,,,,,2019-07-23T11:30:40Z,46.58688333,13.04623333,2219.00,
2072,,,,,2019-07-23T11:30:41Z,46.58705000,13.04616667,2220.00,
2073,,,,,2019-07-23T11:30:42Z,46.58720000,13.04608333,2219.00,
2074,,,,,2019-07-23T11:30:43Z,46.58736667,13.04603333,2217.00,
2075,,,,,2019-07-23T11:30:44Z,46.58753333,13.04598333,2217.00,
2076,,,,,2019-07-23T11:30:45Z,46.58768333,13.04598333,2215.00,
2077,,,,,2019-07-23T11:30:46Z,46.58781667,13.04601667,2214.00,
2078,,,,,2019-07-23T11:30:47Z,46.58796667,13.04606667,2213.00,
2079,,,,,2019-07-23T11:30:48Z,46.58813333,13.04615000,2211.00,
2080,,,,,2019-07-23T11:30:49Z,46.58828333,13.04626667,2209.00,
2081,,,,,2019-07-23T11:30:50Z,46.58841667,13.04638333,2205.00,
2082,,,,,2019-07-23T11:30:51Z,46.58856667,13.04650000,2204.00,
2083,,,,,2019-07-23T11:30:52Z,46.58871667,13.04661667,2203.00,
2084,,,,,2019-07-23T11:30:53Z,46.58886667,13.04671667,2201.00,
2085,,,,,2019-07-23T11:30:54Z,46.58901667,13.04681667,2200.00,
2086,,,,,2019-07-23T11:30:55Z,46.58918333,13.04691667,2199.00,
2087,,,,,2019-07-23T11:30:56Z,46.58935000,13.04700000,2198.00,
2088,,,,,2019-07-23T11:30:57Z,46.58950000,13.04711667,2196.00,
2089,,,,,2019-07-23T11:30:58Z,46.58966667,13.04723333,2194.00,
2090,,,,,2019-07-23T11:30:59Z,46.58981667,13.04736667,2193.00,
2091,,,,,2019-07-23T11:31:00Z,46.58995000,13.04746667,2193.00,
2092,,,,,2019-07-23T11:31:01Z,46.59008333,13.04758333,2195.00,
2093,,,,,2019-07-23T11:31:02Z,46.59021667,13.04766667,2197.00,
2094,,,,,2019-07-23T11:31:03Z,46.59035000,13.04776667,2197.00,
2095,,,,,2019-07-23T11:31:04Z,46.59050000,13.04786667,2197.00,
2096,,,,,2019-07-23T11:31:05Z,46.59065000,13.04796667,2197.00,
2097,,,,,2019-07-23T11:31:06Z,46.59080000,13.04808333,2196.00,
2098,,,,,2019-07-23T11:31:07Z,46.59095000,13.04818333,2194.00,
2099,,,,,2019-07-23T11:31:08Z,46.59111667,13.04830000,2193.00,
2100,,,,,2019-07-23T11:31:09Z,46.59128333,13.04838333,2193.00,
2101,,,,,2019-07-23T11:31:10Z,46.59143333,13.04846667,2195.00,
2102,,,,,2019-07-23T11:31:11Z,46.59158333,13.04855000,2195.00,
2103,,,,,2019-07-23T11:31:12Z,46.59173333,13.04861667,2196.00,
2104,,,,,2019-07-23T11:31:13Z,46.59186667,13.04868333,2196.00,
2105,,,,,2019-07-23T11:31:14Z,46.59198333,13.04876667,2195.00,
2106,,,,,2019-07-23T11:31:15Z,46.59211667,13.04885000,2193.00,
2107,,,,,2019-07-23T11:31:16Z,46.59225000,13.04895000,2190.00,
2108,,,,,2019-07-23T11:31:17Z,46.59241667,13.04903333,2189.00,
2109,,,,,2019-07-23T11:31:18Z,46.59256667,13.04913333,2188.00,
2110,,,,,2019-07-23T11:31:19Z,46.59270000,13.04921667,2187.00,
2111,,,,,2019-07-23T11:31:20Z,46.59283333,13.04931667,2185.00,
2112,,,,,2019-07-23T11:31:21Z,46.59295000,13.04940000,2186.00,
2113,,,,,2019-07-23T11:31:22Z,46.59305000,13.04948333,2185.00,
2114,,,,,2019-07-23T11:31:23Z,46.59316667,13.04958333,2188.00,
2115,,,,,2019-07-23T11:31:24Z,46.59330000,13.04966667,2188.00,
2116,,,,,2019-07-23T11:31:25Z,46.59343333,13.04976667,2186.00,
2117,,,,,2019-07-23T11:31:26Z,46.59358333,13.04985000,2184.00,
2118,,,,,2019-07-23T11:31:27Z,46.59371667,13.04993333,2184.00,
2119,,,,,2019-07-23T11:31:28Z,46.59386667,13.05001667,2185.00,
2120,,,,,2019-07-23T11:31:29Z,46.59400000,13.05008333,2186.00,
2121,,,,,2019-07-23T11:31:30Z,46.59413333,13.05016667,2184.00,
2122,,,,,2019-07-23T11:31:31Z,46.59426667,13.05025000,2185.00,
2123,,,,,2019-07-23T11:31:32Z,46.59441667,13.05033333,2185.00,
2124,,,,,2019-07-23T11:31:33Z,46.59455000,13.05038333,2184.00,
2125,,,,,2019-07-23T11:31:34Z,46.59468333,13.05043333,2186.00,
2126,,,,,2019-07-23T11:31:35Z,46.59481667,13.05048333,2187.00,
2127,,,,,2019-07-23T11:31:36Z,46.59496667,13.05053333,2188.00,
2128,,,,,2019-07-23T11:31:37Z,46.59510000,13.05060000,2189.00,
2129,,,,,2019-07-23T11:31:38Z,46.59523333,13.05066667,2187.00,
2130,,,,,2019-07-23T11:31:39Z,46.59536667,13.05076667,2188.00,
2131,,,,,2019-07-23T11:31:40Z,46.59550000,13.05085000,2189.00,
2132,,,,,2019-07-23T11:31:41Z,46.59563333,13.05096667,2188.00,
2133,,,,,2019-07-23T11:31:42Z,46.59576667,13.05108333,2186.00,
2134,,,,,2019-07-23T11:31:43Z,46.59590000,13.05120000,2183.00,
2135,,,,,2019-07-23T11:31:44Z,46.59601667,13.05135000,2183.00,
2136,,,,,2019-07-23T11:31:45Z,46.59613333,13.05150000,2180.00,
2137,,,,,2019-07-23T11:31:46Z,46.59625000,13.05163333,2179.00,
2138,,,,,2019-07-23T11:31:47Z,46.59638333,13.05176667,2180.00,
2139,,,,,2019-07-23T11:31:48Z,46.59651667,13.05188333,2178.00,
2140,,,,,2019-07-23T11:31:49Z,46.59666667,13.05200000,2177.00,
2141,,,,,2019-07-23T11:31:50Z,46.59681667,13.05211667,2175.00,
2142,,,,,2019-07-23T11:31:51Z,46.59696667,13.05223333,2174.00,
2143,,,,,2019-07-23T11:31:52Z,46.59711667,13.05235000,2171.00,
2144,,,,,2019-07-23T11:31:53Z,46.59726667,13.05245000,2172.00,
2145,,,,,2019-07-23T11:31:54Z,46.59741667,13.05253333,2176.00,
2146,,,,,2019-07-23T11:31:55Z,46.59758333,13.05261667,2175.00,
2147,,,,,2019-07-23T11:31:56Z,46.59773333,13.05268333,2173.00,
2148,,,,,2019-07-23T11:31:57Z,46.59788333,13.05276667,2171.00,
2149,,,,,2019-07-23T11:31:58Z,46.59801667,13.05286667,2173.00,
2150,,,,,2019-07-23T11:31:59Z,46.59816667,13.05296667,2174.00,
2151,,,,,2019-07-23T11:32:00Z,46.59831667,13.05310000,2173.00,
2152,,,,,2019-07-23T11:32:01Z,46.59845000,13.05323333,2170.00,
2153,,,,,2019-07-23T11:32:02Z,46.59860000,13.05338333,2168.00,
2154,,,,,2019-07-23T11:32:03Z,46.59871667,13.05356667,2167.00,
2155,,,,,2019-07-23T11:32:04Z,46.59883333,13.05373333,2163.00,
2156,,,,,2019-07-23T11:32:05Z,46.59895000,13.05390000,2160.00,
2157,,,,,2019-07-23T11:32:06Z,46.59910000,13.05405000,2161.00,
2158,,,,,2019-07-23T11:32:07Z,46.59925000,13.05418333,2159.00,
2159,,,,,2019-07-23T11:32:08Z,46.59940000,13.05430000,2157.00,
2160,,,,,2019-07-23T11:32:09Z,46.59955000,13.05443333,2156.00,
2161,,,,,2019-07-23T11:32:10Z,46.59970000,13.05458333,2155.00,
2162,,,,,2019-07-23T11:32:11Z,46.59983333,13.05473333,2154.00,
2163,,,,,2019-07-23T11:32:12Z,46.59995000,13.05488333,2153.00,
2164,,,,,2019-07-23T11:32:13Z,46.60006667,13.05503333,2153.00,
2165,,,,,2019-07-23T11:32:14Z,46.60020000,13.05516667,2151.00,
2166,,,,,2019-07-23T11:32:15Z,46.60033333,13.05530000,2151.00,
2167,,,,,2019-07-23T11:32:16Z,46.60048333,13.05540000,2148.00,
2168,,,,,2019-07-23T11:32:17Z,46.60063333,13.05551667,2147.00,
2169,,,,,2019-07-23T11:32:18Z,46.60080000,13.05561667,2148.00,
2170,,,,,2019-07-23T11:32:19Z,46.60095000,13.05571667,2145.00,
2171,,,,,2019-07-23T11:32:20Z,46.60111667,13.05581667,2144.00,
2172,,,,,2019-07-23T11:32:21Z,46.60126667,13.05595000,2142.00,
2173,,,,,2019-07-23T11:32:22Z,46.60141667,13.05608333,2140.00,
2174,,,,,2019-07-23T11:32:23Z,46.60156667,13.05623333,2138.00,
2175,,,,,2019-07-23T11:32:24Z,46.60170000,13.05640000,2136.00,
2176,,,,,2019-07-23T11:32:25Z,46.60183333,13.05655000,2135.00,
2177,,,,,2019-07-23T11:32:26Z,46.60195000,13.05670000,2132.00,
2178,,,,,2019-07-23T11:32:27Z,46.60210000,13.05683333,2132.00,
2179,,,,,2019-07-23T11:32:28Z,46.60223333,13.05696667,2131.00,
2180,,,,,2019-07-23T11:32:29Z,46.60238333,13.05708333,2127.00,
2181,,,,,2019-07-23T11:32:30Z,46.60251667,13.05720000,2129.00,
2182,,,,,2019-07-23T11:32:31Z,46.60268333,13.05731667,2128.00,
2183,,,,,2019-07-23T11:32:32Z,46.60281667,13.05741667,2128.00,
2184,,,,,2019-07-23T11:32:33Z,46.60295000,13.05751667,2129.00,
2185,,,,,2019-07-23T11:32:34Z,46.60308333,13.05761667,2130.00,
2186,,,,,2019-07-23T11:32:35Z,46.60323333,13.05771667,2135.00,
2187,,,,,2019-07-23T11:32:36Z,46.60336667,13.05780000,2136.00,
2188,,,,,2019-07-23T11:32:37Z,46.60350000,13.05790000,2138.00,
2189,,,,,2019-07-23T11:32:38Z,46.60363333,13.05800000,2140.00,
2190,,,,,2019-07-23T11:32:39Z,46.60375000,13.05811667,2145.00,
2191,,,,,2019-07-23T11:32:40Z,46.60388333,13.05823333,2145.00,
2192,,,,,2019-07-23T11:32:41Z,46.60403333,13.05836667,2146.00,
2193,,,,,2019-07-23T11:32:42Z,46.60418333,13.05850000,2147.00,
2194,,,,,2019-07-23T11:32:43Z,46.60431667,13.05865000,2148.00,
2195,,,,,2019-07-23T11:32:44Z,46.60445000,13.05881667,2148.00,
2196,,,,,2019-07-23T11:32:45Z,46.60458333,13.05898333,2149.00,
2197,,,,,2019-07-23T11:32:46Z,46.60470000,13.05913333,2150.00,
2198,,,,,2019-07-23T11:32:47Z,46.60481667,13.05928333,2152.00,
2199,,,,,2019-07-23T11:32:48Z,46.60491667,13.05941667,2155.00,
2200,,,,,2019-07-23T11:32:49Z,46.60501667,13.05951667,2157.00,
2201,,,,,2019-07-23T11:32:50Z,46.60513333,13.05960000,2159.00,
2202,,,,,2019-07-23T11:32:51Z,46.60525000,13.05968333,2160.00,
2203,,,,,2019-07-23T11:32:52Z,46.60536667,13.05975000,2161.00,
2204,,,,,2019-07-23T11:32:53Z,46.60551667,13.05981667,2160.00,
2205,,,,,2019-07-23T11:32:54Z,46.60568333,13.05988333,2159.00,
2206,,,,,2019-07-23T11:32:55Z,46.60585000,13.05995000,2156.00,
2207,,,,,2019-07-23T11:32:56Z,46.60600000,13.05998333,2158.00,
2208,,,,,2019-07-23T11:32:57Z,46.60615000,13.06000000,2159.00,
2209,,,,,2019-07-23T11:32:58Z,46.60628333,13.06000000,2160.00,
2210,,,,,2019-07-23T11:32:59Z,46.60643333,13.06001667,2164.00,
2211,,,,,2019-07-23T11:33:00Z,46.60658333,13.06001667,2168.00,
2212,,,,,2019-07-23T11:33:01Z,46.60673333,13.06003333,2169.00,
2213,,,,,2019-07-23T11:33:02Z,46.60688333,13.06005000,2169.00,
2214,,,,,2019-07-23T11:33:03Z,46.60703333,13.06010000,2170.00,
2215,,,,,2019-07-23T11:33:04Z,46.60718333,13.06015000,2170.00,
2216,,,,,2019-07-23T11:33:05Z,46.60733333,13.06020000,2172.00,
2217,,,,,2019-07-23T11:33:06Z,46.60746667,13.06025000,2171.00,
2218,,,,,2019-07-23T11:33:07Z,46.60760000,13.06026667,2174.00,
2219,,,,,2019-07-23T11:33:08Z,46.60775000,13.06030000,2177.00,
2220,,,,,2019-07-23T11:33:09Z,46.60788333,13.06031667,2178.00,
2221,,,,,2019-07-23T11:33:10Z,46.60805000,13.06035000,2179.00,
2222,,,,,2019-07-23T11:33:11Z,46.60820000,13.06036667,2180.00,
2223,,,,,2019-07-23T11:33:12Z,46.60835000,13.06040000,2179.00,
2224,,,,,2019-07-23T11:33:13Z,46.60851667,13.06043333,2180.00,
2225,,,,,2019-07-23T11:33:14Z,46.60866667,13.06048333,2183.00,
2226,,,,,2019-07-23T11:33:15Z,46.60881667,13.06055000,2186.00,
2227,,,,,2019-07-23T11:33:16Z,46.60896667,13.06063333,2187.00,
2228,,,,,2019-07-23T11:33:17Z,46.60910000,13.06073333,2188.00,
2229,,,,,2019-07-23T11:33:18Z,46.60923333,13.06083333,2191.00,
2230,,,,,2019-07-23T11:33:19Z,46.60936667,13.06093333,2195.00,
2231,,,,,2019-07-23T11:33:20Z,46.60950000,13.06101667,2200.00,
2232,,,,,2019-07-23T11:33:21Z,46.60961667,13.06111667,2204.00,
2233,,,,,2019-07-23T11:33:22Z,46.60973333,13.06126667,2205.00,
2234,,,,,2019-07-23T11:33:23Z,46.60980000,13.06143333,2206.00,
2235,,,,,2019-07-23T11:33:24Z,46.60985000,13.06160000,2210.00,
2236,,,,,2019-07-23T11:33:25Z,46.60985000,13.06178333,2213.00,
2237,,,,,2019-07-23T11:33:26Z,46.60983333,13.06196667,2213.00,
2238,,,,,2019-07-23T11:33:27Z,46.60973333,13.06215000,2212.00,
2239,,,,,2019-07-23T11:33:28Z,46.60960000,13.06228333,2210.00,
2240,,,,,2019-07-23T11:33:29Z,46.60943333,13.06235000,2211.00,
2241,,,,,2019-07-23T11:33:30Z,46.60925000,13.06230000,2212.00,
2242,,,,,2019-07-23T11:33:31Z,46.60911667,13.06216667,2215.00,
2243,,,,,2019-07-23T11:33:32Z,46.60900000,13.06196667,2219.00,
2244,,,,,2019-07-23T11:33:33Z,46.60895000,13.06175000,2223.00,
2245,,,,,2019-07-23T11:33:34Z,46.60895000,13.06151667,2229.00,
2246,,,,,2019-07-23T11:33:35Z,46.60900000,13.06131667,2236.00,
2247,,,,,2019-07-23T11:33:36Z,46.60913333,13.06116667,2240.00,
2248,,,,,2019-07-23T11:33:37Z,46.60928333,13.06115000,2243.00,
2249,,,,,2019-07-23T11:33:38Z,46.60940000,13.06126667,2244.00,
2250,,,,,2019-07-23T11:33:39Z,46.60945000,13.06146667,2243.00,
2251,,,,,2019-07-23T11:33:40Z,46.60945000,13.06168333,2247.00,
2252,,,,,2019-07-23T11:33:41Z,46.60938333,13.06190000,2249.00,
2253,,,,,2019-07-23T11:33:42Z,46.60926667,13.06205000,2252.00,
2254,,,,,2019-07-23T11:33:43Z,46.60911667,13.06211667,2253.00,
2255,,,,,2019-07-23T11:33:44Z,46.60895000,13.06211667,2257.00,
2256,,,,,2019-07-23T11:33:45Z,46.60880000,13.06201667,2259.00,
2257,,,,,2019-07-23T11:33:46Z,46.60868333,13.06185000,2262.00,
2258,,,,,2019-07-23T11:33:47Z,46.60860000,13.06165000,2268.00,
2259,,,,,2019-07-23T11:33:48Z,46.60856667,13.06141667,2269.00,
2260,,,,,2019-07-23T11:33:49Z,46.60855000,13.06115000,2268.00,
2261,,,,,2019-07-23T11:33:50Z,46.60856667,13.06090000,2271.00,
2262,,,,,2019-07-23T11:33:51Z,46.60860000,13.06065000,2275.00,
2263,,,,,2019-07-23T11:33:52Z,46.60866667,13.06040000,2279.00,
2264,,,,,2019-07-23T11:33:53Z,46.60875000,13.06020000,2283.00,
2265,,,,,2019-07-23T11:33:54Z,46.60890000,13.06005000,2287.00,
2266,,,,,2019-07-23T11:33:55Z,46.60903333,13.06000000,2290.00,
2267,,,,,2019-07-23T11:33:56Z,46.60918333,13.06005000,2294.00,
2268,,,,,2019-07-23T11:33:57Z,46.60928333,13.06020000,2296.00,
2269,,,,,2019-07-23T11:33:58Z,46.60933333,13.06038333,2296.00,
2270,,,,,2019-07-23T11:33:59Z,46.60933333,13.06060000,2299.00,
2271,,,,,2019-07-23T11:34:00Z,46.60925000,13.06080000,2301.00,
2272,,,,,2019-07-23T11:34:01Z,46.60913333,13.06095000,2303.00,
2273,,,,,2019-07-23T11:34:02Z,46.60898333,13.06101667,2304.00,
2274,,,,,2019-07-23T11:34:03Z,46.60881667,13.06098333,2308.00,
2275,,,,,2019-07-23T11:34:04Z,46.60870000,13.06085000,2310.00,
2276,,,,,2019-07-23T11:34:05Z,46.60863333,13.06061667,2314.00,
2277,,,,,2019-07-23T11:34:06Z,46.60863333,13.06036667,2316.00,
2278,,,,,2019-07-23T11:34:07Z,46.60870000,13.06013333,2318.00,
2279,,,,,2019-07-23T11:34:08Z,46.60880000,13.05991667,2320.00,
2280,,,,,2019-07-23T11:34:09Z,46.60893333,13.05976667,2325.00,
2281,,,,,2019-07-23T11:34:10Z,46.60908333,13.05966667,2332.00,
2282,,,,,2019-07-23T11:34:11Z,46.60921667,13.05960000,2336.00,
2283,,,,,2019-07-23T11:34:12Z,46.60938333,13.05960000,2338.00,
2284,,,,,2019-07-23T11:34:13Z,46.60951667,13.05961667,2336.00,
2285,,,,,2019-07-23T11:34:14Z,46.60965000,13.05966667,2337.00,
2286,,,,,2019-07-23T11:34:15Z,46.60978333,13.05971667,2336.00,
2287,,,,,2019-07-23T11:34:16Z,46.60988333,13.05976667,2344.00,
2288,,,,,2019-07-23T11:34:17Z,46.61000000,13.05985000,2347.00,
2289,,,,,2019-07-23T11:34:18Z,46.61008333,13.05996667,2349.00,
2290,,,,,2019-07-23T11:34:19Z,46.61015000,13.06010000,2347.00,
2291,,,,,2019-07-23T11:34:20Z,46.61020000,13.06026667,2348.00,
2292,,,,,2019-07-23T11:34:21Z,46.61023333,13.06041667,2351.00,
2293,,,,,2019-07-23T11:34:22Z,46.61025000,13.06058333,2353.00,
2294,,,,,2019-07-23T11:34:23Z,46.61023333,13.06076667,2354.00,
2295,,,,,2019-07-23T11:34:24Z,46.61018333,13.06091667,2356.00,
2296,,,,,2019-07-23T11:34:25Z,46.61011667,13.06105000,2359.00,
2297,,,,,2019-07-23T11:34:26Z,46.61001667,13.06116667,2362.00,
2298,,,,,2019-07-23T11:34:27Z,46.60990000,13.06125000,2367.00,
2299,,,,,2019-07-23T11:34:28Z,46.60976667,13.06126667,2370.00,
2300,,,,,2019-07-23T11:34:29Z,46.60961667,13.06125000,2370.00,
2301,,,,,2019-07-23T11:34:30Z,46.60946667,13.06120000,2374.00,
2302,,,,,2019-07-23T11:34:31Z,46.60930000,13.06113333,2374.00,
2303,,,,,2019-07-23T11:34:32Z,46.60913333,13.06101667,2377.00,
2304,,,,,2019-07-23T11:34:33Z,46.60900000,13.06085000,2378.00,
2305,,,,,2019-07-23T11:34:34Z,46.60886667,13.06066667,2380.00,
2306,,,,,2019-07-23T11:34:35Z,46.60875000,13.06048333,2381.00,
2307,,,,,2019-07-23T11:34:36Z,46.60863333,13.06031667,2381.00,
2308,,,,,2019-07-23T11:34:37Z,46.60850000,13.06018333,2386.00,
2309,,,,,2019-07-23T11:34:38Z,46.60836667,13.06010000,2392.00,
2310,,,,,2019-07-23T11:34:39Z,46.60821667,13.06010000,2395.00,
2311,,,,,2019-07-23T11:34:40Z,46.60808333,13.06016667,2396.00,
2312,,,,,2019-07-23T11:34:41Z,46.60796667,13.06028333,2399.00,
2313,,,,,2019-07-23T11:34:42Z,46.60788333,13.06046667,2403.00,
2314,,,,,2019-07-23T11:34:43Z,46.60783333,13.06066667,2403.00,
2315,,,,,2019-07-23T11:34:44Z,46.60781667,13.06088333,2403.00,
2316,,,,,2019-07-23T11:34:45Z,46.60785000,13.06108333,2402.00,
2317,,,,,2019-07-23T11:34:46Z,46.60791667,13.06125000,2405.00,
2318,,,,,2019-07-23T11:34:47Z,46.60805000,13.06138333,2408.00,
2319,,,,,2019-07-23T11:34:48Z,46.60820000,13.06146667,2411.00,
2320,,,,,2019-07-23T11:34:49Z,46.60835000,13.06150000,2411.00,
2321,,,,,2019-07-23T11:34:50Z,46.60850000,13.06148333,2411.00,
2322,,,,,2019-07-23T11:34:51Z,46.60863333,13.06143333,2414.00,
2323,,,,,2019-07-23T11:34:52Z,46.60875000,13.06133333,2416.00,
2324,,,,,2019-07-23T11:34:53Z,46.60885000,13.06118333,2419.00,
2325,,,,,2019-07-23T11:34:54Z,46.60890000,13.06098333,2422.00,
2326,,,,,2019-07-23T11:34:55Z,46.60891667,13.06076667,2424.00,
2327,,,,,2019-07-23T11:34:56Z,46.60890000,13.06053333,2425.00,
2328,,,,,2019-07-23T11:34:57Z,46.60885000,13.06028333,2428.00,
2329,,,,,2019-07-23T11:34:58Z,46.60875000,13.06008333,2431.00,
2330,,,,,2019-07-23T11:34:59Z,46.60865000,13.05991667,2433.00,
2331,,,,,2019-07-23T11:35:00Z,46.60850000,13.05980000,2434.00,
2332,,,,,2019-07-23T11:35:01Z,46.60836667,13.05975000,2435.00,
2333,,,,,2019-07-23T11:35:02Z,46.60823333,13.05978333,2437.00,
2334,,,,,2019-07-23T11:35:03Z,46.60810000,13.05990000,2441.00,
2335,,,,,2019-07-23T11:35:04Z,46.60800000,13.06006667,2441.00,
2336,,,,,2019-07-23T11:35:05Z,46.60793333,13.06026667,2443.00,
2337,,,,,2019-07-23T11:35:06Z,46.60788333,13.06048333,2445.00,
2338,,,,,2019-07-23T11:35:07Z,46.60785000,13.06071667,2444.00,
2339,,,,,2019-07-23T11:35:08Z,46.60783333,13.06095000,2444.00,
2340,,,,,2019-07-23T11:35:09Z,46.60781667,13.06116667,2445.00,
2341,,,,,2019-07-23T11:35:10Z,46.60783333,13.06140000,2449.00,
2342,,,,,2019-07-23T11:35:11Z,46.60786667,13.06160000,2451.00,
2343,,,,,2019-07-23T11:35:12Z,46.60790000,13.06180000,2454.00,
2344,,,,,2019-07-23T11:35:13Z,46.60791667,13.06196667,2455.00,
2345,,,,,2019-07-23T11:35:14Z,46.60796667,13.06215000,2457.00,
2346,,,,,2019-07-23T11:35:15Z,46.60801667,13.06233333,2456.00,
2347,,,,,2019-07-23T11:35:16Z,46.60808333,13.06250000,2456.00,
2348,,,,,2019-07-23T11:35:17Z,46.60818333,13.06268333,2456.00,
2349,,,,,2019-07-23T11:35:18Z,46.60830000,13.06286667,2455.00,
2350,,,,,2019-07-23T11:35:19Z,46.60843333,13.06305000,2454.00,
2351,,,,,2019-07-23T11:35:20Z,46.60856667,13.06321667,2451.00,
2352,,,,,2019-07-23T11:35:21Z,46.60870000,13.06338333,2451.00,
2353,,,,,2019-07-23T11:35:22Z,46.60883333,13.06355000,2453.00,
2354,,,,,2019-07-23T11:35:23Z,46.60896667,13.06371667,2452.00,
2355,,,,,2019-07-23T11:35:24Z,46.60910000,13.06386667,2451.00,
2356,,,,,2019-07-23T11:35:25Z,46.60923333,13.06401667,2449.00,
2357,,,,,2019-07-23T11:35:26Z,46.60935000,13.06416667,2451.00,
2358,,,,,2019-07-23T11:35:27Z,46.60950000,13.06431667,2450.00,
2359,,,,,2019-07-23T11:35:28Z,46.60963333,13.06448333,2451.00,
2360,,,,,2019-07-23T11:35:29Z,46.60978333,13.06465000,2449.00,
2361,,,,,2019-07-23T11:35:30Z,46.60991667,13.06483333,2446.00,
2362,,,,,2019-07-23T11:35:31Z,46.61006667,13.06501667,2444.00,
2363,,,,,2019-07-23T11:35:32Z,46.61020000,13.06516667,2442.00,
2364,,,,,2019-07-23T11:35:33Z,46.61035000,13.06528333,2441.00,
2365,,,,,2019-07-23T11:35:34Z,46.61050000,13.06538333,2443.00,
2366,,,,,2019-07-23T11:35:35Z,46.61066667,13.06545000,2444.00,
2367,,,,,2019-07-23T11:35:36Z,46.61081667,13.06551667,2442.00,
2368,,,,,2019-07-23T11:35:37Z,46.61096667,13.06561667,2439.00,
2369,,,,,2019-07-23T11:35:38Z,46.61110000,13.06575000,2437.00,
2370,,,,,2019-07-23T11:35:39Z,46.61121667,13.06588333,2435.00,
2371,,,,,2019-07-23T11:35:40Z,46.61133333,13.06605000,2437.00,
2372,,,,,2019-07-23T11:35:41Z,46.61143333,13.06621667,2437.00,
2373,,,,,2019-07-23T11:35:42Z,46.61153333,13.06638333,2436.00,
2374,,,,,2019-07-23T11:35:43Z,46.61165000,13.06655000,2435.00,
2375,,,,,2019-07-23T11:35:44Z,46.61176667,13.06670000,2436.00,
2376,,,,,2019-07-23T11:35:45Z,46.61190000,13.06683333,2437.00,
2377,,,,,2019-07-23T11:35:46Z,46.61201667,13.06693333,2439.00,
2378,,,,,2019-07-23T11:35:47Z,46.61213333,13.06701667,2440.00,
2379,,,,,2019-07-23T11:35:48Z,46.61226667,13.06708333,2443.00,
2380,,,,,2019-07-23T11:35:49Z,46.61241667,13.06713333,2445.00,
2381,,,,,2019-07-23T11:35:50Z,46.61256667,13.06716667,2446.00,
2382,,,,,2019-07-23T11:35:51Z,46.61273333,13.06721667,2443.00,
2383,,,,,2019-07-23T11:35:52Z,46.61290000,13.06725000,2444.00,
2384,,,,,2019-07-23T11:35:53Z,46.61308333,13.06728333,2446.00,
2385,,,,,2019-07-23T11:35:54Z,46.61325000,13.06731667,2449.00,
2386,,,,,2019-07-23T11:35:55Z,46.61341667,13.06735000,2452.00,
2387,,,,,2019-07-23T11:35:56Z,46.61358333,13.06736667,2454.00,
2388,,,,,2019-07-23T11:35:57Z,46.61373333,13.06738333,2457.00,
2389,,,,,2019-07-23T11:35:58Z,46.61390000,13.06738333,2464.00,
2390,,,,,2019-07-23T11:35:59Z,46.61406667,13.06738333,2467.00,
2391,,,,,2019-07-23T11:36:00Z,46.61423333,13.06740000,2470.00,
2392,,,,,2019-07-23T11:36:01Z,46.61440000,13.06743333,2471.00,
2393,,,,,2019-07-23T11:36:02Z,46.61456667,13.06748333,2473.00,
2394,,,,,2019-07-23T11:36:03Z,46.61475000,13.06755000,2476.00,
2395,,,,,2019-07-23T11:36:04Z,46.61491667,13.06763333,2479.00,
2396,,,,,2019-07-23T11:36:05Z,46.61506667,13.06771667,2480.00,
2397,,,,,2019-07-23T11:36:06Z,46.61521667,13.06778333,2484.00,
2398,,,,,2019-07-23T11:36:07Z,46.61533333,13.06785000,2490.00,
2399,,,,,2019-07-23T11:36:08Z,46.61546667,13.06791667,2493.00,
2400,,,,,2019-07-23T11:36:09Z,46.61560000,13.06796667,2493.00,
2401,,,,,2019-07-23T11:36:10Z,46.61573333,13.06803333,2493.00,
2402,,,,,2019-07-23T11:36:11Z,46.61588333,13.06808333,2492.00,
2403,,,,,2019-07-23T11:36:12Z,46.61603333,13.06811667,2493.00,
2404,,,,,2019-07-23T11:36:13Z,46.61620000,13.06815000,2491.00,
2405,,,,,2019-07-23T11:36:14Z,46.61638333,13.06818333,2491.00,
2406,,,,,2019-07-23T11:36:15Z,46.61656667,13.06823333,2491.00,
2407,,,,,2019-07-23T11:36:16Z,46.61673333,13.06828333,2492.00,
2408,,,,,2019-07-23T11:36:17Z,46.61690000,13.06836667,2492.00,
2409,,,,,2019-07-23T11:36:18Z,46.61703333,13.06843333,2495.00,
2410,,,,,2019-07-23T11:36:19Z,46.61716667,13.06853333,2498.00,
2411,,,,,2019-07-23T11:36:20Z,46.61730000,13.06861667,2500.00,
2412,,,,,2019-07-23T11:36:21Z,46.61743333,13.06873333,2500.00,
2413,,,,,2019-07-23T11:36:22Z,46.61758333,13.06885000,2498.00,
2414,,,,,2019-07-23T11:36:23Z,46.61771667,13.06895000,2497.00,
2415,,,,,2019-07-23T11:36:24Z,46.61788333,13.06905000,2494.00,
2416,,,,,2019-07-23T11:36:25Z,46.61805000,13.06913333,2492.00,
2417,,,,,2019-07-23T11:36:26Z,46.61821667,13.06921667,2491.00,
2418,,,,,2019-07-23T11:36:27Z,46.61840000,13.06928333,2489.00,
2419,,,,,2019-07-23T11:36:28Z,46.61856667,13.06933333,2490.00,
2420,,,,,2019-07-23T11:36:29Z,46.61875000,13.06936667,2489.00,
2421,,,,,2019-07-23T11:36:30Z,46.61891667,13.06940000,2487.00,
2422,,,,,2019-07-23T11:36:31Z,46.61906667,13.06945000,2487.00,
2423,,,,,2019-07-23T11:36:32Z,46.61921667,13.06950000,2487.00,
2424,,,,,2019-07-23T11:36:33Z,46.61936667,13.06958333,2487.00,
2425,,,,,2019-07-23T11:36:34Z,46.61950000,13.06966667,2485.00,
2426,,,,,2019-07-23T11:36:35Z,46.61963333,13.06976667,2482.00,
2427,,,,,2019-07-23T11:36:36Z,46.61978333,13.06986667,2477.00,
2428,,,,,2019-07-23T11:36:37Z,46.61991667,13.06996667,2477.00,
2429,,,,,2019-07-23T11:36:38Z,46.62006667,13.07003333,2476.00,
2430,,,,,2019-07-23T11:36:39Z,46.62021667,13.07010000,2473.00,
2431,,,,,2019-07-23T11:36:40Z,46.62036667,13.07015000,2470.00,
2432,,,,,2019-07-23T11:36:41Z,46.62051667,13.07021667,2467.00,
2433,,,,,2019-07-23T11:36:42Z,46.62068333,13.07026667,2464.00,
2434,,,,,2019-07-23T11:36:43Z,46.62083333,13.07033333,2460.00,
2435,,,,,2019-07-23T11:36:44Z,46.62100000,13.07038333,2458.00,
2436,,,,,2019-07-23T11:36:45Z,46.62116667,13.07043333,2456.00,
2437,,,,,2019-07-23T11:36:46Z,46.62131667,13.07050000,2453.00,
2438,,,,,2019-07-23T11:36:47Z,46.62148333,13.07055000,2452.00,
2439,,,,,2019-07-23T11:36:48Z,46.62165000,13.07060000,2452.00,
2440,,,,,2019-07-23T11:36:49Z,46.62181667,13.07065000,2449.00,
2441,,,,,2019-07-23T11:36:50Z,46.62198333,13.07070000,2445.00,
2442,,,,,2019-07-23T11:36:51Z,46.62215000,13.07075000,2444.00,
2443,,,,,2019-07-23T11:36:52Z,46.62231667,13.07080000,2442.00,
2444,,,,,2019-07-23T11:36:53Z,46.62248333,13.07085000,2441.00,
2445,,,,,2019-07-23T11:36:54Z,46.62265000,13.07090000,2439.00,
2446,,,,,2019-07-23T11:36:55Z,46.62281667,13.07093333,2437.00,
2447,,,,,2019-07-23T11:36:56Z,46.62300000,13.07096667,2436.00,
2448,,,,,2019-07-23T11:36:57Z,46.62316667,13.07100000,2436.00,
2449,,,,,2019-07-23T11:36:58Z,46.62333333,13.07105000,2435.00,
2450,,,,,2019-07-23T11:36:59Z,46.62350000,13.07110000,2431.00,
2451,,,,,2019-07-23T11:37:00Z,46.62368333,13.07115000,2427.00,
2452,,,,,2019-07-23T11:37:01Z,46.62385000,13.07120000,2426.00,
2453,,,,,2019-07-23T11:37:02Z,46.62401667,13.07125000,2425.00,
2454,,,,,2019-07-23T11:37:03Z,46.62418333,13.07133333,2421.00,
2455,,,,,2019-07-23T11:37:04Z,46.62435000,13.07140000,2417.00,
2456,,,,,2019-07-23T11:37:05Z,46.62451667,13.07148333,2418.00,
2457,,,,,2019-07-23T11:37:06Z,46.62468333,13.07155000,2415.00,
2458,,,,,2019-07-23T11:37:07Z,46.62485000,13.07161667,2411.00,
2459,,,,,2019-07-23T11:37:08Z,46.62503333,13.07168333,2409.00,
2460,,,,,2019-07-23T11:37:09Z,46.62520000,13.07176667,2407.00,
2461,,,,,2019-07-23T11:37:10Z,46.62536667,13.07185000,2406.00,
2462,,,,,2019-07-23T11:37:11Z,46.62553333,13.07195000,2404.00,
2463,,,,,2019-07-23T11:37:12Z,46.62568333,13.07205000,2401.00,
2464,,,,,2019-07-23T11:37:13Z,46.62585000,13.07213333,2401.00,
2465,,,,,2019-07-23T11:37:14Z,46.62603333,13.07221667,2401.00,
2466,,,,,2019-07-23T11:37:15Z,46.62620000,13.07228333,2398.00,
2467,,,,,2019-07-23T11:37:16Z,46.62638333,13.07233333,2394.00,
2468,,,,,2019-07-23T11:37:17Z,46.62655000,13.07240000,2393.00,
2469,,,,,2019-07-23T11:37:18Z,46.62671667,13.07245000,2392.00,
2470,,,,,2019-07-23T11:37:19Z,46.62686667,13.07251667,2391.00,
2471,,,,,2019-07-23T11:37:20Z,46.62701667,13.07258333,2390.00,
2472,,,,,2019-07-23T11:37:21Z,46.62718333,13.07265000,2390.00,
2473,,,,,2019-07-23T11:37:22Z,46.62733333,13.07273333,2387.00,
2474,,,,,2019-07-23T11:37:23Z,46.62750000,13.07281667,2384.00,
2475,,,,,2019-07-23T11:37:24Z,46.62768333,13.07290000,2381.00,
2476,,,,,2019-07-23T11:37:25Z,46.62786667,13.07296667,2377.00,
2477,,,,,2019-07-23T11:37:26Z,46.62803333,13.07305000,2374.00,
2478,,,,,2019-07-23T11:37:27Z,46.62820000,13.07315000,2372.00,
2479,,,,,2019-07-23T11:37:28Z,46.62836667,13.07325000,2371.00,
2480,,,,,2019-07-23T11:37:29Z,46.62851667,13.07335000,2369.00,
2481,,,,,2019-07-23T11:37:30Z,46.62866667,13.07345000,2366.00,
2482,,,,,2019-07-23T11:37:31Z,46.62881667,13.07355000,2365.00,
2483,,,,,2019-07-23T11:37:32Z,46.62898333,13.07366667,2362.00,
2484,,,,,2019-07-23T11:37:33Z,46.62913333,13.07375000,2361.00,
2485,,,,,2019-07-23T11:37:34Z,46.62930000,13.07383333,2356.00,
2486,,,,,2019-07-23T11:37:35Z,46.62945000,13.07393333,2351.00,
2487,,,,,2019-07-23T11:37:36Z,46.62961667,13.07401667,2348.00,
2488,,,,,2019-07-23T11:37:37Z,46.62976667,13.07410000,2347.00,
2489,,,,,2019-07-23T11:37:38Z,46.62993333,13.07418333,2344.00,
2490,,,,,2019-07-23T11:37:39Z,46.63008333,13.07426667,2343.00,
2491,,,,,2019-07-23T11:37:40Z,46.63023333,13.07435000,2343.00,
2492,,,,,2019-07-23T11:37:41Z,46.63040000,13.07441667,2341.00,
2493,,,,,2019-07-23T11:37:42Z,46.63055000,13.07450000,2337.00,
2494,,,,,2019-07-23T11:37:43Z,46.63071667,13.07460000,2335.00,
2495,,,,,2019-07-23T11:37:44Z,46.63086667,13.07468333,2331.00,
2496,,,,,2019-07-23T11:37:45Z,46.63103333,13.07478333,2329.00,
2497,,,,,2019-07-23T11:37:46Z,46.63118333,13.07490000,2329.00,
2498,,,,,2019-07-23T11:37:47Z,46.63133333,13.07498333,2328.00,
2499,,,,,2019-07-23T11:37:48Z,46.63148333,13.07506667,2325.00,
2500,,,,,2019-07-23T11:37:49Z,46.63165000,13.07515000,2321.00,
2501,,,,,2019-07-23T11:37:50Z,46.63181667,13.07521667,2317.00,
2502,,,,,2019-07-23T11:37:51Z,46.63198333,13.07528333,2313.00,
2503,,,,,2019-07-23T11:37:52Z,46.63215000,13.07533333,2310.00,
2504,,,,,2019-07-23T11:37:53Z,46.63231667,13.07540000,2308.00,
2505,,,,,2019-07-23T11:37:54Z,46.63250000,13.07546667,2306.00,
2506,,,,,2019-07-23T11:37:55Z,46.63266667,13.07553333,2305.00,
2507,,,,,2019-07-23T11:37:56Z,46.63283333,13.07560000,2302.00,
2508,,,,,2019-07-23T11:37:57Z,46.63300000,13.07566667,2300.00,
2509,,,,,2019-07-23T11:37:58Z,46.63316667,13.07575000,2299.00,
2510,,,,,2019-07-23T11:37:59Z,46.63331667,13.07581667,2295.00,
2511,,,,,2019-07-23T11:38:00Z,46.63348333,13.07590000,2296.00,
2512,,,,,2019-07-23T11:38:01Z,46.63365000,13.07598333,2294.00,
2513,,,,,2019-07-23T11:38:02Z,46.63381667,13.07605000,2292.00,
2514,,,,,2019-07-23T11:38:03Z,46.63398333,13.07611667,2289.00,
2515,,,,,2019-07-23T11:38:04Z,46.63415000,13.07618333,2286.00,
2516,,,,,2019-07-23T11:38:05Z,46.63431667,13.07623333,2284.00,
2517,,,,,2019-07-23T11:38:06Z,46.63448333,13.07628333,2282.00,
2518,,,,,2019-07-23T11:38:07Z,46.63465000,13.07635000,2280.00,
2519,,,,,2019-07-23T11:38:08Z,46.63480000,13.07641667,2278.00,
2520,,,,,2019-07-23T11:38:09Z,46.63495000,13.07650000,2278.00,
2521,,,,,2019-07-23T11:38:10Z,46.63510000,13.07656667,2278.00,
2522,,,,,2019-07-23T11:38:11Z,46.63526667,13.07665000,2275.00,
2523,,,,,2019-07-23T11:38:12Z,46.63541667,13.07671667,2273.00,
2524,,,,,2019-07-23T11:38:13Z,46.63558333,13.07678333,2271.00,
2525,,,,,2019-07-23T11:38:14Z,46.63573333,13.07685000,2267.00,
2526,,,,,2019-07-23T11:38:15Z,46.63590000,13.07691667,2264.00,
2527,,,,,2019-07-23T11:38:16Z,46.63606667,13.07700000,2261.00,
2528,,,,,2019-07-23T11:38:17Z,46.63623333,13.07708333,2259.00,
2529,,,,,2019-07-23T11:38:18Z,46.63640000,13.07716667,2256.00,
2530,,,,,2019-07-23T11:38:19Z,46.63656667,13.07725000,2256.00,
2531,,,,,2019-07-23T11:38:20Z,46.63673333,13.07731667,2254.00,
2532,,,,,2019-07-23T11:38:21Z,46.63690000,13.07738333,2251.00,
2533,,,,,2019-07-23T11:38:22Z,46.63706667,13.07745000,2249.00,
2534,,,,,2019-07-23T11:38:23Z,46.63723333,13.07751667,2246.00,
2535,,,,,2019-07-23T11:38:24Z,46.63740000,13.07758333,2243.00,
2536,,,,,2019-07-23T11:38:25Z,46.63756667,13.07765000,2240.00,
2537,,,,,2019-07-23T11:38:26Z,46.63773333,13.07771667,2237.00,
2538,,,,,2019-07-23T11:38:27Z,46.63790000,13.07778333,2236.00,
2539,,,,,2019-07-23T11:38:28Z,46.63806667,13.07786667,2234.00,
2540,,,,,2019-07-23T11:38:29Z,46.63823333,13.07793333,2233.00,
2541,,,,,2019-07-23T11:38:30Z,46.63838333,13.07801667,2232.00,
2542,,,,,2019-07-23T11:38:31Z,46.63855000,13.07808333,2231.00,
2543,,,,,2019-07-23T11:38:32Z,46.63871667,13.07815000,2228.00,
2544,,,,,2019-07-23T11:38:33Z,46.63888333,13.07821667,2224.00,
2545,,,,,2019-07-23T11:38:34Z,46.63905000,13.07826667,2223.00,
2546,,,,,2019-07-23T11:38:35Z,46.63923333,13.07833333,2221.00,
2547,,,,,2019-07-23T11:38:36Z,46.63940000,13.07838333,2219.00,
2548,,,,,2019-07-23T11:38:37Z,46.63958333,13.07845000,2217.00,
2549,,,,,2019-07-23T11:38:38Z,46.63976667,13.07853333,2215.00,
2550,,,,,2019-07-23T11:38:39Z,46.63993333,13.07861667,2212.00,
2551,,,,,2019-07-23T11:38:40Z,46.64011667,13.07870000,2209.00,
2552,,,,,2019-07-23T11:38:41Z,46.64028333,13.07880000,2207.00,
2553,,,,,2019-07-23T11:38:42Z,46.64045000,13.07888333,2204.00,
2554,,,,,2019-07-23T11:38:43Z,46.64061667,13.07896667,2202.00,
2555,,,,,2019-07-23T11:38:44Z,46.64076667,13.07905000,2201.00,
2556,,,,,2019-07-23T11:38:45Z,46.64093333,13.07911667,2199.00,
2557,,,,,2019-07-23T11:38:46Z,46.64110000,13.07918333,2197.00,
2558,,,,,2019-07-23T11:38:47Z,46.64126667,13.07925000,2194.00,
2559,,,,,2019-07-23T11:38:48Z,46.64143333,13.07928333,2191.00,
2560,,,,,2019-07-23T11:38:49Z,46.64160000,13.07933333,2189.00,
2561,,,,,2019-07-23T11:38:50Z,46.64176667,13.07938333,2187.00,
2562,,,,,2019-07-23T11:38:51Z,46.64193333,13.07943333,2185.00,
2563,,,,,2019-07-23T11:38:52Z,46.64210000,13.07950000,2182.00,
2564,,,,,2019-07-23T11:38:53Z,46.64226667,13.07955000,2180.00,
2565,,,,,2019-07-23T11:38:54Z,46.64241667,13.07961667,2177.00,
2566,,,,,2019-07-23T11:38:55Z,46.64258333,13.07968333,2174.00,
2567,,,,,2019-07-23T11:38:56Z,46.64275000,13.07973333,2172.00,
2568,,,,,2019-07-23T11:38:57Z,46.64290000,13.07980000,2172.00,
2569,,,,,2019-07-23T11:38:58Z,46.64306667,13.07985000,2170.00,
2570,,,,,2019-07-23T11:38:59Z,46.64323333,13.07990000,2170.00,
2571,,,,,2019-07-23T11:39:00Z,46.64340000,13.07995000,2166.00,
2572,,,,,2019-07-23T11:39:01Z,46.64356667,13.07998333,2163.00,
2573,,,,,2019-07-23T11:39:02Z,46.64371667,13.08003333,2161.00,
2574,,,,,2019-07-23T11:39:03Z,46.64388333,13.08008333,2159.00,
2575,,,,,2019-07-23T11:39:04Z,46.64405000,13.08015000,2156.00,
2576,,,,,2019-07-23T11:39:05Z,46.64421667,13.08023333,2153.00,
2577,,,,,2019-07-23T11:39:06Z,46.64438333,13.08031667,2150.00,
2578,,,,,2019-07-23T11:39:07Z,46.64453333,13.08041667,2148.00,
2579,,,,,2019-07-23T11:39:08Z,46.64470000,13.08050000,2146.00,
2580,,,,,2019-07-23T11:39:09Z,46.64485000,13.08056667,2144.00,
2581,,,,,2019-07-23T11:39:10Z,46.64501667,13.08063333,2143.00,
2582,,,,,2019-07-23T11:39:11Z,46.64516667,13.08071667,2141.00,
2583,,,,,2019-07-23T11:39:12Z,46.64533333,13.08080000,2139.00,
2584,,,,,2019-07-23T11:39:13Z,46.64550000,13.08088333,2136.00,
2585,,,,,2019-07-23T11:39:14Z,46.64566667,13.08096667,2133.00,
2586,,,,,2019-07-23T11:39:15Z,46.64583333,13.08105000,2130.00,
2587,,,,,2019-07-23T11:39:16Z,46.64600000,13.08113333,2128.00,
2588,,,,,2019-07-23T11:39:17Z,46.64615000,13.08121667,2126.00,
2589,,,,,2019-07-23T11:39:18Z,46.64631667,13.08128333,2125.00,
2590,,,,,2019-07-23T11:39:19Z,46.64650000,13.08135000,2121.00,
2591,,,,,2019-07-23T11:39:20Z,46.64666667,13.08140000,2122.00,
2592,,,,,2019-07-23T11:39:21Z,46.64683333,13.08146667,2120.00,
2593,,,,,2019-07-23T11:39:22Z,46.64701667,13.08150000,2116.00,
2594,,,,,2019-07-23T11:39:23Z,46.64720000,13.08153333,2112.00,
2595,,,,,2019-07-23T11:39:24Z,46.64738333,13.08156667,2109.00,
2596,,,,,2019-07-23T11:39:25Z,46.64756667,13.08160000,2106.00,
2597,,,,,2019-07-23T11:39:26Z,46.64775000,13.08163333,2104.00,
2598,,,,,2019-07-23T11:39:27Z,46.64791667,13.08168333,2102.00,
2599,,,,,2019-07-23T11:39:28Z,46.64808333,13.08176667,2100.00,
2600,,,,,2019-07-23T11:39:29Z,46.64823333,13.08185000,2098.00,
2601,,,,,2019-07-23T11:39:30Z,46.64840000,13.08193333,2097.00,
2602,,,,,2019-07-23T11:39:31Z,46.64856667,13.08205000,2094.00,
2603,,,,,2019-07-23T11:39:32Z,46.64871667,13.08215000,2092.00,
2604,,,,,2019-07-23T11:39:33Z,46.64888333,13.08225000,2090.00,
2605,,,,,2019-07-23T11:39:34Z,46.64903333,13.08235000,2089.00,
2606,,,,,2019-07-23T11:39:35Z,46.64920000,13.08245000,2088.00,
2607,,,,,2019-07-23T11:39:36Z,46.64936667,13.08253333,2087.00,
2608,,,,,2019-07-23T11:39:37Z,46.64953333,13.08261667,2084.00,
2609,,,,,2019-07-23T11:39:38Z,46.64970000,13.08270000,2079.00,
2610,,,,,2019-07-23T11:39:39Z,46.64986667,13.08278333,2078.00,
2611,,,,,2019-07-23T11:39:40Z,46.65003333,13.08283333,2079.00,
2612,,,,,2019-07-23T11:39:41Z,46.65021667,13.08291667,2078.00,
2613,,,,,2019-07-23T11:39:42Z,46.65040000,13.08301667,2075.00,
2614,,,,,2019-07-23T11:39:43Z,46.65056667,13.08311667,2071.00,
2615,,,,,2019-07-23T11:39:44Z,46.65073333,13.08323333,2068.00,
2616,,,,,2019-07-23T11:39:45Z,46.65090000,13.08333333,2068.00,
2617,,,,,2019-07-23T11:39:46Z,46.65106667,13.08341667,2068.00,
2618,,,,,2019-07-23T11:39:47Z,46.65123333,13.08350000,2066.00,
2619,,,,,2019-07-23T11:39:48Z,46.65140000,13.08358333,2064.00,
2620,,,,,2019-07-23T11:39:49Z,46.65156667,13.08366667,2061.00,
2621,,,,,2019-07-23T11:39:50Z,46.65173333,13.08375000,2057.00,
2622,,,,,2019-07-23T11:39:51Z,46.65188333,13.08383333,2053.00,
2623,,,,,2019-07-23T11:39:52Z,46.65205000,13.08393333,2052.00,
2624,,,,,2019-07-23T11:39:53Z,46.65223333,13.08401667,2050.00,
2625,,,,,2019-07-23T11:39:54Z,46.65240000,13.08411667,2048.00,
2626,,,,,2019-07-23T11:39:55Z,46.65256667,13.08423333,2046.00,
2627,,,,,2019-07-23T11:39:56Z,46.65273333,13.08435000,2042.00,
2628,,,,,2019-07-23T11:39:57Z,46.65290000,13.08448333,2041.00,
2629,,,,,2019-07-23T11:39:58Z,46.65306667,13.08463333,2040.00,
2630,,,,,2019-07-23T11:39:59Z,46.65321667,13.08478333,2039.00,
2631,,,,,2019-07-23T11:40:00Z,46.65338333,13.08495000,2036.00,
2632,,,,,2019-07-23T11:40:01Z,46.65353333,13.08510000,2033.00,
2633,,,,,2019-07-23T11:40:02Z,46.65370000,13.08523333,2031.00,
2634,,,,,2019-07-23T11:40:03Z,46.65386667,13.08536667,2029.00,
2635,,,,,2019-07-23T11:40:04Z,46.65403333,13.08546667,2028.00,
2636,,,,,2019-07-23T11:40:05Z,46.65420000,13.08556667,2025.00,
2637,,,,,2019-07-23T11:40:06Z,46.65438333,13.08565000,2023.00,
2638,,,,,2019-07-23T11:40:07Z,46.65455000,13.08573333,2021.00,
2639,,,,,2019-07-23T11:40:08Z,46.65473333,13.08581667,2019.00,
2640,,,,,2019-07-23T11:40:09Z,46.65490000,13.08586667,2018.00,
2641,,,,,2019-07-23T11:40:10Z,46.65508333,13.08593333,2016.00,
2642,,,,,2019-07-23T11:40:11Z,46.65525000,13.08600000,2014.00,
2643,,,,,2019-07-23T11:40:12Z,46.65543333,13.08606667,2012.00,
2644,,,,,2019-07-23T11:40:13Z,46.65560000,13.08616667,2012.00,
2645,,,,,2019-07-23T11:40:14Z,46.65576667,13.08626667,2010.00,
2646,,,,,2019-07-23T11:40:15Z,46.65591667,13.08638333,2007.00,
2647,,,,,2019-07-23T11:40:16Z,46.65608333,13.08650000,2004.00,
2648,,,,,2019-07-23T11:40:17Z,46.65623333,13.08665000,2000.00,
2649,,,,,2019-07-23T11:40:18Z,46.65640000,13.08676667,1997.00,
2650,,,,,2019-07-23T11:40:19Z,46.65656667,13.08690000,1997.00,
2651,,,,,2019-07-23T11:40:20Z,46.65673333,13.08701667,1995.00,
2652,,,,,2019-07-23T11:40:21Z,46.65691667,13.08711667,1993.00,
2653,,,,,2019-07-23T11:40:22Z,46.65708333,13.08720000,1990.00,
2654,,,,,2019-07-23T11:40:23Z,46.65726667,13.08728333,1988.00,
2655,,,,,2019-07-23T11:40:24Z,46.65745000,13.08738333,1988.00,
2656,,,,,2019-07-23T11:40:25Z,46.65761667,13.08746667,1987.00,
2657,,,,,2019-07-23T11:40:26Z,46.65780000,13.08755000,1984.00,
2658,,,,,2019-07-23T11:40:27Z,46.65796667,13.08763333,1981.00,
2659,,,,,2019-07-23T11:40:28Z,46.65815000,13.08771667,1982.00,
2660,,,,,2019-07-23T11:40:29Z,46.65831667,13.08781667,1980.00,
2661,,,,,2019-07-23T11:40:30Z,46.65848333,13.08790000,1981.00,
2662,,,,,2019-07-23T11:40:31Z,46.65865000,13.08800000,1981.00,
2663,,,,,2019-07-23T11:40:32Z,46.65883333,13.08806667,1979.00,
2664,,,,,2019-07-23T11:40:33Z,46.65901667,13.08813333,1973.00,
2665,,,,,2019-07-23T11:40:34Z,46.65920000,13.08818333,1972.00,
2666,,,,,2019-07-23T11:40:35Z,46.65938333,13.08823333,1970.00,
2667,,,,,2019-07-23T11:40:36Z,46.65956667,13.08826667,1969.00,
2668,,,,,2019-07-23T11:40:37Z,46.65975000,13.08831667,1968.00,
2669,,,,,2019-07-23T11:40:38Z,46.65993333,13.08838333,1968.00,
2670,,,,,2019-07-23T11:40:39Z,46.66011667,13.08845000,1965.00,
2671,,,,,2019-07-23T11:40:40Z,46.66030000,13.08855000,1962.00,
2672,,,,,2019-07-23T11:40:41Z,46.66048333,13.08865000,1960.00,
2673,,,,,2019-07-23T11:40:42Z,46.66066667,13.08876667,1958.00,
2674,,,,,2019-07-23T11:40:43Z,46.66083333,13.08888333,1956.00,
2675,,,,,2019-07-23T11:40:44Z,46.66100000,13.08900000,1956.00,
2676,,,,,2019-07-23T11:40:45Z,46.66118333,13.08913333,1955.00,
2677,,,,,2019-07-23T11:40:46Z,46.66136667,13.08923333,1953.00,
2678,,,,,2019-07-23T11:40:47Z,46.66153333,13.08935000,1951.00,
2679,,,,,2019-07-23T11:40:48Z,46.66171667,13.08946667,1949.00,
2680,,,,,2019-07-23T11:40:49Z,46.66190000,13.08956667,1947.00,
2681,,,,,2019-07-23T11:40:50Z,46.66208333,13.08968333,1945.00,
2682,,,,,2019-07-23T11:40:51Z,46.66226667,13.08978333,1943.00,
2683,,,,,2019-07-23T11:40:52Z,46.66245000,13.08990000,1941.00,
2684,,,,,2019-07-23T11:40:53Z,46.66263333,13.09001667,1938.00,
2685,,,,,2019-07-23T11:40:54Z,46.66280000,13.09013333,1936.00,
2686,,,,,2019-07-23T11:40:55Z,46.66298333,13.09026667,1937.00,
2687,,,,,2019-07-23T11:40:56Z,46.66315000,13.09038333,1937.00,
2688,,,,,2019-07-23T11:40:57Z,46.66330000,13.09051667,1936.00,
2689,,,,,2019-07-23T11:40:58Z,46.66346667,13.09065000,1934.00,
2690,,,,,2019-07-23T11:40:59Z,46.66361667,13.09078333,1935.00,
2691,,,,,2019-07-23T11:41:00Z,46.66376667,13.09091667,1936.00,
2692,,,,,2019-07-23T11:41:01Z,46.66391667,13.09105000,1935.00,
2693,,,,,2019-07-23T11:41:02Z,46.66406667,13.09118333,1933.00,
2694,,,,,2019-07-23T11:41:03Z,46.66423333,13.09131667,1930.00,
2695,,,,,2019-07-23T11:41:04Z,46.66438333,13.09143333,1927.00,
2696,,,,,2019-07-23T11:41:05Z,46.66455000,13.09155000,1925.00,
2697,,,,,2019-07-23T11:41:06Z,46.66473333,13.09166667,1923.00,
2698,,,,,2019-07-23T11:41:07Z,46.66490000,13.09176667,1922.00,
2699,,,,,2019-07-23T11:41:08Z,46.66506667,13.09186667,1920.00,
2700,,,,,2019-07-23T11:41:09Z,46.66525000,13.09195000,1919.00,
2701,,,,,2019-07-23T11:41:10Z,46.66541667,13.09205000,1918.00,
2702,,,,,2019-07-23T11:41:11Z,46.66560000,13.09213333,1918.00,
2703,,,,,2019-07-23T11:41:12Z,46.66576667,13.09220000,1917.00,
2704,,,,,2019-07-23T11:41:13Z,46.66595000,13.09228333,1915.00,
2705,,,,,2019-07-23T11:41:14Z,46.66613333,13.09238333,1914.00,
2706,,,,,2019-07-23T11:41:15Z,46.66631667,13.09246667,1911.00,
2707,,,,,2019-07-23T11:41:16Z,46.66650000,13.09256667,1907.00,
2708,,,,,2019-07-23T11:41:17Z,46.66668333,13.09265000,1903.00,
2709,,,,,2019-07-23T11:41:18Z,46.66686667,13.09273333,1901.00,
2710,,,,,2019-07-23T11:41:19Z,46.66701667,13.09283333,1900.00,
2711,,,,,2019-07-23T11:41:20Z,46.66718333,13.09293333,1899.00,
2712,,,,,2019-07-23T11:41:21Z,46.66733333,13.09301667,1896.00,
2713,,,,,2019-07-23T11:41:22Z,46.66748333,13.09311667,1895.00,
2714,,,,,2019-07-23T11:41:23Z,46.66765000,13.09318333,1895.00,
2715,,,,,2019-07-23T11:41:24Z,46.66781667,13.09325000,1891.00,
2716,,,,,2019-07-23T11:41:25Z,46.66800000,13.09331667,1887.00,
2717,,,,,2019-07-23T11:41:26Z,46.66818333,13.09338333,1885.00,
2718,,,,,2019-07-23T11:41:27Z,46.66835000,13.09345000,1882.00,
2719,,,,,2019-07-23T11:41:28Z,46.66853333,13.09355000,1879.00,
2720,,,,,2019-07-23T11:41:29Z,46.66870000,13.09363333,1876.00,
2721,,,,,2019-07-23T11:41:30Z,46.66888333,13.09373333,1875.00,
2722,,,,,2019-07-23T11:41:31Z,46.66905000,13.09385000,1874.00,
2723,,,,,2019-07-23T11:41:32Z,46.66921667,13.09396667,1872.00,
2724,,,,,2019-07-23T11:41:33Z,46.66936667,13.09408333,1871.00,
2725,,,,,2019-07-23T11:41:34Z,46.66951667,13.09420000,1869.00,
2726,,,,,2019-07-23T11:41:35Z,46.66966667,13.09433333,1868.00,
2727,,,,,2019-07-23T11:41:36Z,46.66981667,13.09446667,1867.00,
2728,,,,,2019-07-23T11:41:37Z,46.66996667,13.09460000,1868.00,
2729,,,,,2019-07-23T11:41:38Z,46.67010000,13.09473333,1867.00,
2730,,,,,2019-07-23T11:41:39Z,46.67025000,13.09485000,1865.00,
2731,,,,,2019-07-23T11:41:40Z,46.67040000,13.09496667,1863.00,
2732,,,,,2019-07-23T11:41:41Z,46.67055000,13.09508333,1862.00,
2733,,,,,2019-07-23T11:41:42Z,46.67071667,13.09518333,1861.00,
2734,,,,,2019-07-23T11:41:43Z,46.67086667,13.09528333,1858.00,
2735,,,,,2019-07-23T11:41:44Z,46.67101667,13.09538333,1857.00,
2736,,,,,2019-07-23T11:41:45Z,46.67115000,13.09548333,1855.00,
2737,,,,,2019-07-23T11:41:46Z,46.67130000,13.09556667,1854.00,
2738,,,,,2019-07-23T11:41:47Z,46.67145000,13.09566667,1853.00,
2739,,,,,2019-07-23T11:41:48Z,46.67160000,13.09576667,1852.00,
2740,,,,,2019-07-23T11:41:49Z,46.67178333,13.09585000,1850.00,
2741,,,,,2019-07-23T11:41:50Z,46.67195000,13.09593333,1847.00,
2742,,,,,2019-07-23T11:41:51Z,46.67213333,13.09603333,1844.00,
2743,,,,,2019-07-23T11:41:52Z,46.67230000,13.09613333,1842.00,
2744,,,,,2019-07-23T11:41:53Z,46.67245000,13.09623333,1841.00,
2745,,,,,2019-07-23T11:41:54Z,46.67260000,13.09631667,1839.00,
2746,,,,,2019-07-23T11:41:55Z,46.67275000,13.09640000,1839.00,
2747,,,,,2019-07-23T11:41:56Z,46.67290000,13.09648333,1839.00,
2748,,,,,2019-07-23T11:41:57Z,46.67306667,13.09656667,1837.00,
2749,,,,,2019-07-23T11:41:58Z,46.67320000,13.09665000,1835.00,
2750,,,,,2019-07-23T11:41:59Z,46.67335000,13.09673333,1830.00,
2751,,,,,2019-07-23T11:42:00Z,46.67350000,13.09680000,1828.00,
2752,,,,,2019-07-23T11:42:01Z,46.67365000,13.09688333,1827.00,
2753,,,,,2019-07-23T11:42:02Z,46.67381667,13.09696667,1825.00,
2754,,,,,2019-07-23T11:42:03Z,46.67396667,13.09705000,1821.00,
2755,,,,,2019-07-23T11:42:04Z,46.67413333,13.09716667,1817.00,
2756,,,,,2019-07-23T11:42:05Z,46.67430000,13.09726667,1811.00,
2757,,,,,2019-07-23T11:42:06Z,46.67446667,13.09735000,1810.00,
2758,,,,,2019-07-23T11:42:07Z,46.67465000,13.09741667,1809.00,
2759,,,,,2019-07-23T11:42:08Z,46.67481667,13.09745000,1805.00,
2760,,,,,2019-07-23T11:42:09Z,46.67498333,13.09750000,1804.00,
2761,,,,,2019-07-23T11:42:10Z,46.67515000,13.09755000,1802.00,
2762,,,,,2019-07-23T11:42:11Z,46.67530000,13.09760000,1800.00,
2763,,,,,2019-07-23T11:42:12Z,46.67546667,13.09765000,1800.00,
2764,,,,,2019-07-23T11:42:13Z,46.67563333,13.09771667,1797.00,
2765,,,,,2019-07-23T11:42:14Z,46.67580000,13.09778333,1794.00,
2766,,,,,2019-07-23T11:42:15Z,46.67598333,13.09785000,1791.00,
2767,,,,,2019-07-23T11:42:16Z,46.67616667,13.09791667,1789.00,
2768,,,,,2019-07-23T11:42:17Z,46.67633333,13.09798333,1786.00,
2769,,,,,2019-07-23T11:42:18Z,46.67650000,13.09805000,1783.00,
2770,,,,,2019-07-23T11:42:19Z,46.67666667,13.09813333,1780.00,
2771,,,,,2019-07-23T11:42:20Z,46.67683333,13.09821667,1780.00,
2772,,,,,2019-07-23T11:42:21Z,46.67700000,13.09830000,1777.00,
2773,,,,,2019-07-23T11:42:22Z,46.67716667,13.09838333,1773.00,
2774,,,,,2019-07-23T11:42:23Z,46.67733333,13.09846667,1768.00,
2775,,,,,2019-07-23T11:42:24Z,46.67751667,13.09855000,1763.00,
2776,,,,,2019-07-23T11:42:25Z,46.67770000,13.09863333,1762.00,
2777,,,,,2019-07-23T11:42:26Z,46.67788333,13.09870000,1759.00,
2778,,,,,2019-07-23T11:42:27Z,46.67805000,13.09876667,1755.00,
2779,,,,,2019-07-23T11:42:28Z,46.67823333,13.09883333,1752.00,
2780,,,,,2019-07-23T11:42:29Z,46.67840000,13.09891667,1750.00,
2781,,,,,2019-07-23T11:42:30Z,46.67856667,13.09900000,1746.00,
2782,,,,,2019-07-23T11:42:31Z,46.67871667,13.09908333,1744.00,
2783,,,,,2019-07-23T11:42:32Z,46.67886667,13.09915000,1742.00,
2784,,,,,2019-07-23T11:42:33Z,46.67903333,13.09923333,1741.00,
2785,,,,,2019-07-23T11:42:34Z,46.67920000,13.09931667,1738.00,
2786,,,,,2019-07-23T11:42:35Z,46.67936667,13.09940000,1734.00,
2787,,,,,2019-07-23T11:42:36Z,46.67951667,13.09948333,1731.00,
2788,,,,,2019-07-23T11:42:37Z,46.67968333,13.09955000,1726.00,
2789,,,,,2019-07-23T11:42:38Z,46.67983333,13.09963333,1726.00,
2790,,,,,2019-07-23T11:42:39Z,46.68000000,13.09970000,1726.00,
2791,,,,,2019-07-23T11:42:40Z,46.68015000,13.09978333,1724.00,
2792,,,,,2019-07-23T11:42:41Z,46.68028333,13.09985000,1723.00,
2793,,,,,2019-07-23T11:42:42Z,46.68041667,13.09991667,1721.00,
2794,,,,,2019-07-23T11:42:43Z,46.68055000,13.09998333,1721.00,
2795,,,,,2019-07-23T11:42:44Z,46.68066667,13.10008333,1719.00,
2796,,,,,2019-07-23T11:42:45Z,46.68080000,13.10020000,1717.00,
2797,,,,,2019-07-23T11:42:46Z,46.68093333,13.10031667,1715.00,
2798,,,,,2019-07-23T11:42:47Z,46.68105000,13.10043333,1714.00,
2799,,,,,2019-07-23T11:42:48Z,46.68115000,13.10055000,1712.00,
2800,,,,,2019-07-23T11:42:49Z,46.68128333,13.10065000,1711.00,
2801,,,,,2019-07-23T11:42:50Z,46.68141667,13.10075000,1712.00,
2802,,,,,2019-07-23T11:42:51Z,46.68155000,13.10083333,1716.00,
2803,,,,,2019-07-23T11:42:52Z,46.68171667,13.10093333,1717.00,
2804,,,,,2019-07-23T11:42:53Z,46.68186667,13.10101667,1716.00,
2805,,,,,2019-07-23T11:42:54Z,46.68201667,13.10106667,1716.00,
2806,,,,,2019-07-23T11:42:55Z,46.68218333,13.10108333,1717.00,
2807,,,,,2019-07-23T11:42:56Z,46.68233333,13.10108333,1720.00,
2808,,,,,2019-07-23T11:42:57Z,46.68248333,13.10111667,1725.00,
2809,,,,,2019-07-23T11:42:58Z,46.68261667,13.10120000,1726.00,
2810,,,,,2019-07-23T11:42:59Z,46.68271667,13.10133333,1729.00,
2811,,,,,2019-07-23T11:43:00Z,46.68280000,13.10151667,1729.00,
2812,,,,,2019-07-23T11:43:01Z,46.68286667,13.10173333,1729.00,
2813,,,,,2019-07-23T11:43:02Z,46.68290000,13.10196667,1731.00,
2814,,,,,2019-07-23T11:43:03Z,46.68290000,13.10223333,1733.00,
2815,,,,,2019-07-23T11:43:04Z,46.68286667,13.10248333,1734.00,
2816,,,,,2019-07-23T11:43:05Z,46.68281667,13.10271667,1737.00,
2817,,,,,2019-07-23T11:43:06Z,46.68273333,13.10291667,1742.00,
2818,,,,,2019-07-23T11:43:07Z,46.68263333,13.10306667,1745.00,
2819,,,,,2019-07-23T11:43:08Z,46.68250000,13.10313333,1746.00,
2820,,,,,2019-07-23T11:43:09Z,46.68236667,13.10316667,1748.00,
2821,,,,,2019-07-23T11:43:10Z,46.68225000,13.10313333,1750.00,
2822,,,,,2019-07-23T11:43:11Z,46.68213333,13.10306667,1752.00,
2823,,,,,2019-07-23T11:43:12Z,46.68201667,13.10291667,1752.00,
2824,,,,,2019-07-23T11:43:13Z,46.68191667,13.10273333,1751.00,
2825,,,,,2019-07-23T11:43:14Z,46.68181667,13.10255000,1747.00,
2826,,,,,2019-07-23T11:43:15Z,46.68175000,13.10235000,1749.00,
2827,,,,,2019-07-23T11:43:16Z,46.68166667,13.10215000,1748.00,
2828,,,,,2019-07-23T11:43:17Z,46.68160000,13.10195000,1749.00,
2829,,,,,2019-07-23T11:43:18Z,46.68156667,13.10170000,1749.00,
2830,,,,,2019-07-23T11:43:19Z,46.68156667,13.10145000,1748.00,
2831,,,,,2019-07-23T11:43:20Z,46.68160000,13.10120000,1749.00,
2832,,,,,2019-07-23T11:43:21Z,46.68166667,13.10098333,1752.00,
2833,,,,,2019-07-23T11:43:22Z,46.68176667,13.10076667,1754.00,
2834,,,,,2019-07-23T11:43:23Z,46.68188333,13.10060000,1757.00,
2835,,,,,2019-07-23T11:43:24Z,46.68203333,13.10046667,1760.00,
2836,,,,,2019-07-23T11:43:25Z,46.68221667,13.10038333,1762.00,
2837,,,,,2019-07-23T11:43:26Z,46.68238333,13.10035000,1761.00,
2838,,,,,2019-07-23T11:43:27Z,46.68255000,13.10033333,1761.00,
2839,,,,,2019-07-23T11:43:28Z,46.68270000,13.10035000,1763.00,
2840,,,,,2019-07-23T11:43:29Z,46.68286667,13.10040000,1765.00,
2841,,,,,2019-07-23T11:43:30Z,46.68301667,13.10048333,1765.00,
2842,,,,,2019-07-23T11:43:31Z,46.68315000,13.10060000,1766.00,
2843,,,,,2019-07-23T11:43:32Z,46.68326667,13.10076667,1768.00,
2844,,,,,2019-07-23T11:43:33Z,46.68335000,13.10093333,1771.00,
2845,,,,,2019-07-23T11:43:34Z,46.68343333,13.10113333,1776.00,
2846,,,,,2019-07-23T11:43:35Z,46.68348333,13.10135000,1775.00,
2847,,,,,2019-07-23T11:43:36Z,46.68353333,13.10158333,1780.00,
2848,,,,,2019-07-23T11:43:37Z,46.68356667,13.10180000,1781.00,
2849,,,,,2019-07-23T11:43:38Z,46.68356667,13.10203333,1784.00,
2850,,,,,2019-07-23T11:43:39Z,46.68355000,13.10226667,1784.00,
2851,,,,,2019-07-23T11:43:40Z,46.68351667,13.10248333,1785.00,
2852,,,,,2019-07-23T11:43:41Z,46.68345000,13.10268333,1789.00,
2853,,,,,2019-07-23T11:43:42Z,46.68336667,13.10286667,1793.00,
2854,,,,,2019-07-23T11:43:43Z,46.68325000,13.10300000,1797.00,
2855,,,,,2019-07-23T11:43:44Z,46.68310000,13.10305000,1797.00,
2856,,,,,2019-07-23T11:43:45Z,46.68295000,13.10300000,1798.00,
2857,,,,,2019-07-23T11:43:46Z,46.68281667,13.10290000,1798.00,
2858,,,,,2019-07-23T11:43:47Z,46.68268333,13.10276667,1798.00,
2859,,,,,2019-07-23T11:43:48Z,46.68260000,13.10258333,1802.00,
2860,,,,,2019-07-23T11:43:49Z,46.68253333,13.10238333,1805.00,
2861,,,,,2019-07-23T11:43:50Z,46.68250000,13.10215000,1808.00,
2862,,,,,2019-07-23T11:43:51Z,46.68251667,13.10190000,1808.00,
2863,,,,,2019-07-23T11:43:52Z,46.68258333,13.10163333,1808.00,
2864,,,,,2019-07-23T11:43:53Z,46.68268333,13.10140000,1806.00,
2865,,,,,2019-07-23T11:43:54Z,46.68281667,13.10118333,1807.00,
2866,,,,,2019-07-23T11:43:55Z,46.68298333,13.10100000,1807.00,
2867,,,,,2019-07-23T11:43:56Z,46.68318333,13.10088333,1809.00,
2868,,,,,2019-07-23T11:43:57Z,46.68336667,13.10086667,1811.00,
2869,,,,,2019-07-23T11:43:58Z,46.68351667,13.10091667,1817.00,
2870,,,,,2019-07-23T11:43:59Z,46.68365000,13.10105000,1822.00,
2871,,,,,2019-07-23T11:44:00Z,46.68373333,13.10126667,1824.00,
2872,,,,,2019-07-23T11:44:01Z,46.68375000,13.10150000,1822.00,
2873,,,,,2019-07-23T11:44:02Z,46.68370000,13.10171667,1825.00,
2874,,,,,2019-07-23T11:44:03Z,46.68358333,13.10191667,1830.00,
2875,,,,,2019-07-23T11:44:04Z,46.68345000,13.10205000,1829.00,
2876,,,,,2019-07-23T11:44:05Z,46.68328333,13.10213333,1830.00,
2877,,,,,2019-07-23T11:44:06Z,46.68311667,13.10213333,1834.00,
2878,,,,,2019-07-23T11:44:07Z,46.68298333,13.10208333,1840.00,
2879,,,,,2019-07-23T11:44:08Z,46.68286667,13.10198333,1846.00,
2880,,,,,2019-07-23T11:44:09Z,46.68278333,13.10186667,1852.00,
2881,,,,,2019-07-23T11:44:10Z,46.68271667,13.10170000,1857.00,
2882,,,,,2019-07-23T11:44:11Z,46.68270000,13.10150000,1860.00,
2883,,,,,2019-07-23T11:44:12Z,46.68271667,13.10126667,1861.00,
2884,,,,,2019-07-23T11:44:13Z,46.68278333,13.10101667,1861.00,
2885,,,,,2019-07-23T11:44:14Z,46.68288333,13.10080000,1862.00,
2886,,,,,2019-07-23T11:44:15Z,46.68301667,13.10060000,1864.00,
2887,,,,,2019-07-23T11:44:16Z,46.68318333,13.10045000,1865.00,
2888,,,,,2019-07-23T11:44:17Z,46.68336667,13.10036667,1865.00,
2889,,,,,2019-07-23T11:44:18Z,46.68353333,13.10031667,1868.00,
2890,,,,,2019-07-23T11:44:19Z,46.68368333,13.10035000,1872.00,
2891,,,,,2019-07-23T11:44:20Z,46.68383333,13.10043333,1875.00,
2892,,,,,2019-07-23T11:44:21Z,46.68395000,13.10056667,1878.00,
2893,,,,,2019-07-23T11:44:22Z,46.68401667,13.10076667,1879.00,
2894,,,,,2019-07-23T11:44:23Z,46.68405000,13.10098333,1879.00,
2895,,,,,2019-07-23T11:44:24Z,46.68403333,13.10120000,1880.00,
2896,,,,,2019-07-23T11:44:25Z,46.68398333,13.10141667,1884.00,
2897,,,,,2019-07-23T11:44:26Z,46.68393333,13.10163333,1890.00,
2898,,,,,2019-07-23T11:44:27Z,46.68383333,13.10180000,1894.00,
2899,,,,,2019-07-23T11:44:28Z,46.68371667,13.10191667,1898.00,
2900,,,,,2019-07-23T11:44:29Z,46.68356667,13.10196667,1899.00,
2901,,,,,2019-07-23T11:44:30Z,46.68343333,13.10195000,1900.00,
2902,,,,,2019-07-23T11:44:31Z,46.68330000,13.10190000,1907.00,
2903,,,,,2019-07-23T11:44:32Z,46.68318333,13.10178333,1912.00,
2904,,,,,2019-07-23T11:44:33Z,46.68308333,13.10161667,1913.00,
2905,,,,,2019-07-23T11:44:34Z,46.68300000,13.10141667,1911.00,
2906,,,,,2019-07-23T11:44:35Z,46.68291667,13.10120000,1913.00,
2907,,,,,2019-07-23T11:44:36Z,46.68288333,13.10095000,1915.00,
2908,,,,,2019-07-23T11:44:37Z,46.68290000,13.10070000,1917.00,
2909,,,,,2019-07-23T11:44:38Z,46.68293333,13.10045000,1921.00,
2910,,,,,2019-07-23T11:44:39Z,46.68300000,13.10023333,1924.00,
2911,,,,,2019-07-23T11:44:40Z,46.68311667,13.10001667,1925.00,
2912,,,,,2019-07-23T11:44:41Z,46.68326667,13.09985000,1925.00,
2913,,,,,2019-07-23T11:44:42Z,46.68343333,13.09971667,1926.00,
2914,,,,,2019-07-23T11:44:43Z,46.68361667,13.09965000,1927.00,
2915,,,,,2019-07-23T11:44:44Z,46.68380000,13.09963333,1928.00,
2916,,,,,2019-07-23T11:44:45Z,46.68396667,13.09966667,1927.00,
2917,,,,,2019-07-23T11:44:46Z,46.68413333,13.09971667,1927.00,
2918,,,,,2019-07-23T11:44:47Z,46.68430000,13.09978333,1929.00,
2919,,,,,2019-07-23T11:44:48Z,46.68446667,13.09985000,1931.00,
2920,,,,,2019-07-23T11:44:49Z,46.68461667,13.09991667,1932.00,
2921,,,,,2019-07-23T11:44:50Z,46.68478333,13.09998333,1932.00,
2922,,,,,2019-07-23T11:44:51Z,46.68495000,13.10005000,1933.00,
2923,,,,,2019-07-23T11:44:52Z,46.68513333,13.10011667,1934.00,
2924,,,,,2019-07-23T11:44:53Z,46.68533333,13.10015000,1935.00,
2925,,,,,2019-07-23T11:44:54Z,46.68551667,13.10020000,1937.00,
2926,,,,,2019-07-23T11:44:55Z,46.68571667,13.10025000,1939.00,
2927,,,,,2019-07-23T11:44:56Z,46.68590000,13.10030000,1940.00,
2928,,,,,2019-07-23T11:44:57Z,46.68606667,13.10036667,1943.00,
2929,,,,,2019-07-23T11:44:58Z,46.68621667,13.10041667,1946.00,
2930,,,,,2019-07-23T11:44:59Z,46.68636667,13.10048333,1951.00,
2931,,,,,2019-07-23T11:45:00Z,46.68650000,13.10055000,1956.00,
2932,,,,,2019-07-23T11:45:01Z,46.68665000,13.10065000,1959.00,
2933,,,,,2019-07-23T11:45:02Z,46.68676667,13.10075000,1960.00,
2934,,,,,2019-07-23T11:45:03Z,46.68690000,13.10086667,1960.00,
2935,,,,,2019-07-23T11:45:04Z,46.68703333,13.10098333,1960.00,
2936,,,,,2019-07-23T11:45:05Z,46.68718333,13.10106667,1958.00,
2937,,,,,2019-07-23T11:45:06Z,46.68735000,13.10115000,1960.00,
2938,,,,,2019-07-23T11:45:07Z,46.68753333,13.10120000,1960.00,
2939,,,,,2019-07-23T11:45:08Z,46.68771667,13.10123333,1960.00,
2940,,,,,2019-07-23T11:45:09Z,46.68788333,13.10128333,1965.00,
2941,,,,,2019-07-23T11:45:10Z,46.68805000,13.10136667,1968.00,
2942,,,,,2019-07-23T11:45:11Z,46.68818333,13.10146667,1971.00,
2943,,,,,2019-07-23T11:45:12Z,46.68831667,13.10156667,1972.00,
2944,,,,,2019-07-23T11:45:13Z,46.68843333,13.10166667,1973.00,
2945,,,,,2019-07-23T11:45:14Z,46.68858333,13.10178333,1972.00,
2946,,,,,2019-07-23T11:45:15Z,46.68875000,13.10186667,1974.00,
2947,,,,,2019-07-23T11:45:16Z,46.68893333,13.10193333,1975.00,
2948,,,,,2019-07-23T11:45:17Z,46.68910000,13.10200000,1974.00,
2949,,,,,2019-07-23T11:45:18Z,46.68925000,13.10208333,1975.00,
2950,,,,,2019-07-23T11:45:19Z,46.68938333,13.10216667,1975.00,
2951,,,,,2019-07-23T11:45:20Z,46.68950000,13.10225000,1973.00,
2952,,,,,2019-07-23T11:45:21Z,46.68963333,13.10231667,1976.00,
2953,,,,,2019-07-23T11:45:22Z,46.68976667,13.10236667,1977.00,
2954,,,,,2019-07-23T11:45:23Z,46.68991667,13.10241667,1978.00,
2955,,,,,2019-07-23T11:45:24Z,46.69005000,13.10245000,1978.00,
2956,,,,,2019-07-23T11:45:25Z,46.69020000,13.10246667,1978.00,
2957,,,,,2019-07-23T11:45:26Z,46.69033333,13.10246667,1976.00,
2958,,,,,2019-07-23T11:45:27Z,46.69048333,13.10241667,1975.00,
2959,,,,,2019-07-23T11:45:28Z,46.69063333,13.10230000,1977.00,
2960,,,,,2019-07-23T11:45:29Z,46.69078333,13.10211667,1979.00,
2961,,,,,2019-07-23T11:45:30Z,46.69090000,13.10191667,1979.00,
2962,,,,,2019-07-23T11:45:31Z,46.69101667,13.10175000,1977.00,
2963,,,,,2019-07-23T11:45:32Z,46.69111667,13.10158333,1976.00,
2964,,,,,2019-07-23T11:45:33Z,46.69118333,13.10140000,1977.00,
2965,,,,,2019-07-23T11:45:34Z,46.69120000,13.10118333,1979.00,
2966,,,,,2019-07-23T11:45:35Z,46.69120000,13.10096667,1984.00,
2967,,,,,2019-07-23T11:45:36Z,46.69120000,13.10075000,1986.00,
2968,,,,,2019-07-23T11:45:37Z,46.69120000,13.10055000,1984.00,
2969,,,,,2019-07-23T11:45:38Z,46.69120000,13.10035000,1982.00,
2970,,,,,2019-07-23T11:45:39Z,46.69115000,13.10015000,1982.00,
2971,,,,,2019-07-23T11:45:40Z,46.69108333,13.09996667,1986.00,
2972,,,,,2019-07-23T11:45:41Z,46.69100000,13.09980000,1986.00,
2973,,,,,2019-07-23T11:45:42Z,46.69088333,13.09965000,1990.00,
2974,,,,,2019-07-23T11:45:43Z,46.69076667,13.09951667,1993.00,
2975,,,,,2019-07-23T11:45:44Z,46.69063333,13.09946667,1996.00,
2976,,,,,2019-07-23T11:45:45Z,46.69050000,13.09948333,1999.00,
2977,,,,,2019-07-23T11:45:46Z,46.69038333,13.09956667,2003.00,
2978,,,,,2019-07-23T11:45:47Z,46.69030000,13.09971667,2007.00,
2979,,,,,2019-07-23T11:45:48Z,46.69026667,13.09993333,2011.00,
2980,,,,,2019-07-23T11:45:49Z,46.69030000,13.10015000,2013.00,
2981,,,,,2019-07-23T11:45:50Z,46.69040000,13.10035000,2016.00,
2982,,,,,2019-07-23T11:45:51Z,46.69055000,13.10045000,2019.00,
2983,,,,,2019-07-23T11:45:52Z,46.69071667,13.10045000,2023.00,
2984,,,,,2019-07-23T11:45:53Z,46.69086667,13.10036667,2027.00,
2985,,,,,2019-07-23T11:45:54Z,46.69096667,13.10023333,2029.00,
2986,,,,,2019-07-23T11:45:55Z,46.69101667,13.10005000,2033.00,
2987,,,,,2019-07-23T11:45:56Z,46.69098333,13.09986667,2035.00,
2988,,,,,2019-07-23T11:45:57Z,46.69090000,13.09968333,2038.00,
2989,,,,,2019-07-23T11:45:58Z,46.69076667,13.09958333,2042.00,
2990,,,,,2019-07-23T11:45:59Z,46.69061667,13.09958333,2044.00,
2991,,,,,2019-07-23T11:46:00Z,46.69048333,13.09966667,2046.00,
2992,,,,,2019-07-23T11:46:01Z,46.69035000,13.09978333,2053.00,
2993,,,,,2019-07-23T11:46:02Z,46.69025000,13.09993333,2056.00,
2994,,,,,2019-07-23T11:46:03Z,46.69015000,13.10011667,2058.00,
2995,,,,,2019-07-23T11:46:04Z,46.69008333,13.10031667,2058.00,
2996,,,,,2019-07-23T11:46:05Z,46.69005000,13.10055000,2061.00,
2997,,,,,2019-07-23T11:46:06Z,46.69005000,13.10081667,2065.00,
2998,,,,,2019-07-23T11:46:07Z,46.69008333,13.10106667,2069.00,
2999,,,,,2019-07-23T11:46:08Z,46.69016667,13.10128333,2071.00,
3000,,,,,2019-07-23T11:46:09Z,46.69028333,13.10145000,2073.00,
3001,,,,,2019-07-23T11:46:10Z,46.69041667,13.10158333,2075.00,
3002,,,,,2019-07-23T11:46:11Z,46.69055000,13.10166667,2076.00,
3003,,,,,2019-07-23T11:46:12Z,46.69068333,13.10173333,2080.00,
3004,,,,,2019-07-23T11:46:13Z,46.69085000,13.10173333,2080.00,
3005,,,,,2019-07-23T11:46:14Z,46.69100000,13.10168333,2082.00,
3006,,,,,2019-07-23T11:46:15Z,46.69115000,13.10158333,2082.00,
3007,,,,,2019-07-23T11:46:16Z,46.69126667,13.10143333,2084.00,
3008,,,,,2019-07-23T11:46:17Z,46.69133333,13.10123333,2084.00,
3009,,,,,2019-07-23T11:46:18Z,46.69136667,13.10098333,2084.00,
3010,,,,,2019-07-23T11:46:19Z,46.69136667,13.10071667,2084.00,
3011,,,,,2019-07-23T11:46:20Z,46.69133333,13.10046667,2086.00,
3012,,,,,2019-07-23T11:46:21Z,46.69128333,13.10026667,2087.00,
3013,,,,,2019-07-23T11:46:22Z,46.69118333,13.10008333,2091.00,
3014,,,,,2019-07-23T11:46:23Z,46.69106667,13.09993333,2094.00,
3015,,,,,2019-07-23T11:46:24Z,46.69093333,13.09985000,2097.00,
3016,,,,,2019-07-23T11:46:25Z,46.69078333,13.09981667,2100.00,
3017,,,,,2019-07-23T11:46:26Z,46.69065000,13.09980000,2105.00,
3018,,,,,2019-07-23T11:46:27Z,46.69050000,13.09980000,2110.00,
3019,,,,,2019-07-23T11:46:28Z,46.69033333,13.09983333,2113.00,
3020,,,,,2019-07-23T11:46:29Z,46.69020000,13.09986667,2114.00,
3021,,,,,2019-07-23T11:46:30Z,46.69005000,13.09993333,2116.00,
3022,,,,,2019-07-23T11:46:31Z,46.68993333,13.10003333,2119.00,
3023,,,,,2019-07-23T11:46:32Z,46.68985000,13.10021667,2122.00,
3024,,,,,2019-07-23T11:46:33Z,46.68980000,13.10040000,2127.00,
3025,,,,,2019-07-23T11:46:34Z,46.68976667,13.10056667,2130.00,
3026,,,,,2019-07-23T11:46:35Z,46.68976667,13.10073333,2134.00,
3027,,,,,2019-07-23T11:46:36Z,46.68980000,13.10088333,2133.00,
3028,,,,,2019-07-23T11:46:37Z,46.68985000,13.10103333,2132.00,
3029,,,,,2019-07-23T11:46:38Z,46.68995000,13.10118333,2130.00,
3030,,,,,2019-07-23T11:46:39Z,46.69008333,13.10131667,2132.00,
3031,,,,,2019-07-23T11:46:40Z,46.69023333,13.10143333,2132.00,
3032,,,,,2019-07-23T11:46:41Z,46.69036667,13.10153333,2131.00,
3033,,,,,2019-07-23T11:46:42Z,46.69048333,13.10160000,2130.00,
3034,,,,,2019-07-23T11:46:43Z,46.69060000,13.10166667,2130.00,
3035,,,,,2019-07-23T11:46:44Z,46.69073333,13.10170000,2130.00,
3036,,,,,2019-07-23T11:46:45Z,46.69088333,13.10171667,2131.00,
3037,,,,,2019-07-23T11:46:46Z,46.69103333,13.10168333,2132.00,
3038,,,,,2019-07-23T11:46:47Z,46.69120000,13.10161667,2134.00,
3039,,,,,2019-07-23T11:46:48Z,46.69138333,13.10158333,2136.00,
3040,,,,,2019-07-23T11:46:49Z,46.69155000,13.10155000,2137.00,
3041,,,,,2019-07-23T11:46:50Z,46.69170000,13.10151667,2136.00,
3042,,,,,2019-07-23T11:46:51Z,46.69185000,13.10150000,2138.00,
3043,,,,,2019-07-23T11:46:52Z,46.69200000,13.10145000,2139.00,
3044,,,,,2019-07-23T11:46:53Z,46.69216667,13.10138333,2141.00,
3045,,,,,2019-07-23T11:46:54Z,46.69231667,13.10131667,2143.00,
3046,,,,,2019-07-23T11:46:55Z,46.69246667,13.10121667,2146.00,
3047,,,,,2019-07-23T11:46:56Z,46.69260000,13.10111667,2148.00,
3048,,,,,2019-07-23T11:46:57Z,46.69273333,13.10101667,2151.00,
3049,,,,,2019-07-23T11:46:58Z,46.69286667,13.10090000,2155.00,
3050,,,,,2019-07-23T11:46:59Z,46.69298333,13.10076667,2158.00,
3051,,,,,2019-07-23T11:47:00Z,46.69308333,13.10060000,2161.00,
3052,,,,,2019-07-23T11:47:01Z,46.69318333,13.10043333,2161.00,
3053,,,,,2019-07-23T11:47:02Z,46.69326667,13.10023333,2163.00,
3054,,,,,2019-07-23T11:47:03Z,46.69331667,13.10000000,2167.00,
3055,,,,,2019-07-23T11:47:04Z,46.69335000,13.09975000,2169.00,
3056,,,,,2019-07-23T11:47:05Z,46.69335000,13.09951667,2170.00,
3057,,,,,2019-07-23T11:47:06Z,46.69333333,13.09926667,2171.00,
3058,,,,,2019-07-23T11:47:07Z,46.69330000,13.09903333,2174.00,
3059,,,,,2019-07-23T11:47:08Z,46.69323333,13.09881667,2177.00,
3060,,,,,2019-07-23T11:47:09Z,46.69315000,13.09861667,2181.00,
3061,,,,,2019-07-23T11:47:10Z,46.69303333,13.09845000,2184.00,
3062,,,,,2019-07-23T11:47:11Z,46.69290000,13.09833333,2189.00,
3063,,,,,2019-07-23T11:47:12Z,46.69275000,13.09826667,2194.00,
3064,,,,,2019-07-23T11:47:13Z,46.69258333,13.09826667,2196.00,
3065,,,,,2019-07-23T11:47:14Z,46.69243333,13.09831667,2198.00,
3066,,,,,2019-07-23T11:47:15Z,46.69226667,13.09843333,2199.00,
3067,,,,,2019-07-23T11:47:16Z,46.69213333,13.09858333,2201.00,
3068,,,,,2019-07-23T11:47:17Z,46.69201667,13.09876667,2203.00,
3069,,,,,2019-07-23T11:47:18Z,46.69191667,13.09898333,2205.00,
3070,,,,,2019-07-23T11:47:19Z,46.69185000,13.09920000,2209.00,
3071,,,,,2019-07-23T11:47:20Z,46.69178333,13.09943333,2212.00,
3072,,,,,2019-07-23T11:47:21Z,46.69173333,13.09966667,2215.00,
3073,,,,,2019-07-23T11:47:22Z,46.69166667,13.09991667,2221.00,
3074,,,,,2019-07-23T11:47:23Z,46.69160000,13.10015000,2224.00,
3075,,,,,2019-07-23T11:47:24Z,46.69151667,13.10038333,2225.00,
3076,,,,,2019-07-23T11:47:25Z,46.69145000,13.10060000,2224.00,
3077,,,,,2019-07-23T11:47:26Z,46.69138333,13.10083333,2224.00,
3078,,,,,2019-07-23T11:47:27Z,46.69138333,13.10105000,2227.00,
3079,,,,,2019-07-23T11:47:28Z,46.69141667,13.10126667,2231.00,
3080,,,,,2019-07-23T11:47:29Z,46.69151667,13.10145000,2234.00,
3081,,,,,2019-07-23T11:47:30Z,46.69163333,13.10160000,2236.00,
3082,,,,,2019-07-23T11:47:31Z,46.69178333,13.10170000,2238.00,
3083,,,,,2019-07-23T11:47:32Z,46.69196667,13.10173333,2239.00,
3084,,,,,2019-07-23T11:47:33Z,46.69216667,13.10171667,2240.00,
3085,,,,,2019-07-23T11:47:34Z,46.69236667,13.10166667,2238.00,
3086,,,,,2019-07-23T11:47:35Z,46.69253333,13.10160000,2238.00,
3087,,,,,2019-07-23T11:47:36Z,46.69270000,13.10153333,2241.00,
3088,,,,,2019-07-23T11:47:37Z,46.69285000,13.10146667,2244.00,
3089,,,,,2019-07-23T11:47:38Z,46.69300000,13.10138333,2247.00,
3090,,,,,2019-07-23T11:47:39Z,46.69315000,13.10128333,2248.00,
3091,,,,,2019-07-23T11:47:40Z,46.69328333,13.10116667,2248.00,
3092,,,,,2019-07-23T11:47:41Z,46.69341667,13.10100000,2248.00,
3093,,,,,2019-07-23T11:47:42Z,46.69353333,13.10081667,2251.00,
3094,,,,,2019-07-23T11:47:43Z,46.69365000,13.10060000,2254.00,
3095,,,,,2019-07-23T11:47:44Z,46.69375000,13.10035000,2257.00,
3096,,,,,2019-07-23T11:47:45Z,46.69383333,13.10011667,2262.00,
3097,,,,,2019-07-23T11:47:46Z,46.69391667,13.09990000,2264.00,
3098,,,,,2019-07-23T11:47:47Z,46.69400000,13.09970000,2268.00,
3099,,,,,2019-07-23T11:47:48Z,46.69406667,13.09950000,2272.00,
3100,,,,,2019-07-23T11:47:49Z,46.69411667,13.09931667,2276.00,
3101,,,,,2019-07-23T11:47:50Z,46.69415000,13.09911667,2279.00,
3102,,,,,2019-07-23T11:47:51Z,46.69415000,13.09890000,2283.00,
3103,,,,,2019-07-23T11:47:52Z,46.69410000,13.09870000,2286.00,
3104,,,,,2019-07-23T11:47:53Z,46.69401667,13.09851667,2290.00,
3105,,,,,2019-07-23T11:47:54Z,46.69391667,13.09835000,2295.00,
3106,,,,,2019-07-23T11:47:55Z,46.69376667,13.09825000,2299.00,
3107,,,,,2019-07-23T11:47:56Z,46.69360000,13.09821667,2301.00,
3108,,,,,2019-07-23T11:47:57Z,46.69343333,13.09823333,2303.00,
3109,,,,,2019-07-23T11:47:58Z,46.69326667,13.09831667,2305.00,
3110,,,,,2019-07-23T11:47:59Z,46.69313333,13.09845000,2307.00,
3111,,,,,2019-07-23T11:48:00Z,46.69303333,13.09863333,2312.00,
3112,,,,,2019-07-23T11:48:01Z,46.69296667,13.09883333,2315.00,
3113,,,,,2019-07-23T11:48:02Z,46.69291667,13.09906667,2317.00,
3114,,,,,2019-07-23T11:48:03Z,46.69291667,13.09931667,2321.00,
3115,,,,,2019-07-23T11:48:04Z,46.69293333,13.09958333,2323.00,
3116,,,,,2019-07-23T11:48:05Z,46.69298333,13.09985000,2326.00,
3117,,,,,2019-07-23T11:48:06Z,46.69305000,13.10008333,2326.00,
3118,,,,,2019-07-23T11:48:07Z,46.69311667,13.10030000,2328.00,
3119,,,,,2019-07-23T11:48:08Z,46.69323333,13.10046667,2332.00,
3120,,,,,2019-07-23T11:48:09Z,46.69336667,13.10060000,2335.00,
3121,,,,,2019-07-23T11:48:10Z,46.69353333,13.10066667,2338.00,
3122,,,,,2019-07-23T11:48:11Z,46.69370000,13.10068333,2342.00,
3123,,,,,2019-07-23T11:48:12Z,46.69388333,13.10065000,2344.00,
3124,,,,,2019-07-23T11:48:13Z,46.69406667,13.10056667,2345.00,
3125,,,,,2019-07-23T11:48:14Z,46.69421667,13.10046667,2346.00,
3126,,,,,2019-07-23T11:48:15Z,46.69435000,13.10030000,2350.00,
3127,,,,,2019-07-23T11:48:16Z,46.69443333,13.10010000,2355.00,
3128,,,,,2019-07-23T11:48:17Z,46.69448333,13.09988333,2358.00,
3129,,,,,2019-07-23T11:48:18Z,46.69448333,13.09965000,2361.00,
3130,,,,,2019-07-23T11:48:19Z,46.69443333,13.09945000,2365.00,
3131,,,,,2019-07-23T11:48:20Z,46.69433333,13.09926667,2369.00,
3132,,,,,2019-07-23T11:48:21Z,46.69418333,13.09916667,2374.00,
3133,,,,,2019-07-23T11:48:22Z,46.69401667,13.09911667,2377.00,
3134,,,,,2019-07-23T11:48:23Z,46.69385000,13.09911667,2380.00,
3135,,,,,2019-07-23T11:48:24Z,46.69370000,13.09918333,2383.00,
3136,,,,,2019-07-23T11:48:25Z,46.69360000,13.09931667,2385.00,
3137,,,,,2019-07-23T11:48:26Z,46.69351667,13.09948333,2386.00,
3138,,,,,2019-07-23T11:48:27Z,46.69348333,13.09968333,2387.00,
3139,,,,,2019-07-23T11:48:28Z,46.69351667,13.09988333,2390.00,
3140,,,,,2019-07-23T11:48:29Z,46.69361667,13.10008333,2390.00,
3141,,,,,2019-07-23T11:48:30Z,46.69378333,13.10023333,2391.00,
3142,,,,,2019-07-23T11:48:31Z,46.69396667,13.10035000,2393.00,
3143,,,,,2019-07-23T11:48:32Z,46.69416667,13.10041667,2394.00,
3144,,,,,2019-07-23T11:48:33Z,46.69435000,13.10045000,2395.00,
3145,,,,,2019-07-23T11:48:34Z,46.69451667,13.10046667,2398.00,
3146,,,,,2019-07-23T11:48:35Z,46.69470000,13.10045000,2400.00,
3147,,,,,2019-07-23T11:48:36Z,46.69488333,13.10043333,2405.00,
3148,,,,,2019-07-23T11:48:37Z,46.69505000,13.10038333,2408.00,
3149,,,,,2019-07-23T11:48:38Z,46.69521667,13.10033333,2412.00,
3150,,,,,2019-07-23T11:48:39Z,46.69540000,13.10028333,2415.00,
3151,,,,,2019-07-23T11:48:40Z,46.69556667,13.10025000,2418.00,
3152,,,,,2019-07-23T11:48:41Z,46.69575000,13.10025000,2420.00,
3153,,,,,2019-07-23T11:48:42Z,46.69593333,13.10026667,2421.00,
3154,,,,,2019-07-23T11:48:43Z,46.69611667,13.10028333,2424.00,
3155,,,,,2019-07-23T11:48:44Z,46.69630000,13.10031667,2426.00,
3156,,,,,2019-07-23T11:48:45Z,46.69646667,13.10035000,2428.00,
3157,,,,,2019-07-23T11:48:46Z,46.69663333,13.10038333,2429.00,
3158,,,,,2019-07-23T11:48:47Z,46.69680000,13.10040000,2432.00,
3159,,,,,2019-07-23T11:48:48Z,46.69696667,13.10041667,2434.00,
3160,,,,,2019-07-23T11:48:49Z,46.69713333,13.10045000,2435.00,
3161,,,,,2019-07-23T11:48:50Z,46.69730000,13.10050000,2435.00,
3162,,,,,2019-07-23T11:48:51Z,46.69746667,13.10056667,2436.00,
3163,,,,,2019-07-23T11:48:52Z,46.69760000,13.10065000,2436.00,
3164,,,,,2019-07-23T11:48:53Z,46.69775000,13.10075000,2437.00,
3165,,,,,2019-07-23T11:48:54Z,46.69788333,13.10086667,2435.00,
3166,,,,,2019-07-23T11:48:55Z,46.69801667,13.10098333,2436.00,
3167,,,,,2019-07-23T11:48:56Z,46.69815000,13.10108333,2435.00,
3168,,,,,2019-07-23T11:48:57Z,46.69830000,13.10116667,2435.00,
3169,,,,,2019-07-23T11:48:58Z,46.69845000,13.10123333,2436.00,
3170,,,,,2019-07-23T11:48:59Z,46.69860000,13.10126667,2435.00,
3171,,,,,2019-07-23T11:49:00Z,46.69875000,13.10128333,2433.00,
3172,,,,,2019-07-23T11:49:01Z,46.69890000,13.10125000,2431.00,
3173,,,,,2019-07-23T11:49:02Z,46.69905000,13.10121667,2430.00,
3174,,,,,2019-07-23T11:49:03Z,46.69920000,13.10118333,2431.00,
3175,,,,,2019-07-23T11:49:04Z,46.69935000,13.10113333,2431.00,
3176,,,,,2019-07-23T11:49:05Z,46.69950000,13.10111667,2431.00,
3177,,,,,2019-07-23T11:49:06Z,46.69965000,13.10113333,2430.00,
3178,,,,,2019-07-23T11:49:07Z,46.69980000,13.10116667,2430.00,
3179,,,,,2019-07-23T11:49:08Z,46.69995000,13.10121667,2429.00,
3180,,,,,2019-07-23T11:49:09Z,46.70010000,13.10128333,2429.00,
3181,,,,,2019-07-23T11:49:10Z,46.70023333,13.10135000,2430.00,
3182,,,,,2019-07-23T11:49:11Z,46.70036667,13.10143333,2429.00,
3183,,,,,2019-07-23T11:49:12Z,46.70050000,13.10151667,2427.00,
3184,,,,,2019-07-23T11:49:13Z,46.70065000,13.10160000,2427.00,
3185,,,,,2019-07-23T11:49:14Z,46.70080000,13.10166667,2428.00,
3186,,,,,2019-07-23T11:49:15Z,46.70095000,13.10173333,2431.00,
3187,,,,,2019-07-23T11:49:16Z,46.70108333,13.10181667,2431.00,
3188,,,,,2019-07-23T11:49:17Z,46.70123333,13.10191667,2430.00,
3189,,,,,2019-07-23T11:49:18Z,46.70135000,13.10203333,2429.00,
3190,,,,,2019-07-23T11:49:19Z,46.70148333,13.10213333,2427.00,
3191,,,,,2019-07-23T11:49:20Z,46.70160000,13.10223333,2426.00,
3192,,,,,2019-07-23T11:49:21Z,46.70173333,13.10235000,2426.00,
3193,,,,,2019-07-23T11:49:22Z,46.70186667,13.10245000,2425.00,
3194,,,,,2019-07-23T11:49:23Z,46.70201667,13.10253333,2422.00,
3195,,,,,2019-07-23T11:49:24Z,46.70216667,13.10261667,2419.00,
3196,,,,,2019-07-23T11:49:25Z,46.70233333,13.10271667,2417.00,
3197,,,,,2019-07-23T11:49:26Z,46.70250000,13.10280000,2411.00,
3198,,,,,2019-07-23T11:49:27Z,46.70266667,13.10290000,2410.00,
3199,,,,,2019-07-23T11:49:28Z,46.70283333,13.10300000,2408.00,
3200,,,,,2019-07-23T11:49:29Z,46.70298333,13.10311667,2406.00,
3201,,,,,2019-07-23T11:49:30Z,46.70311667,13.10323333,2407.00,
3202,,,,,2019-07-23T11:49:31Z,46.70326667,13.10335000,2407.00,
3203,,,,,2019-07-23T11:49:32Z,46.70340000,13.10348333,2407.00,
3204,,,,,2019-07-23T11:49:33Z,46.70353333,13.10363333,2408.00,
3205,,,,,2019-07-23T11:49:34Z,46.70365000,13.10381667,2409.00,
3206,,,,,2019-07-23T11:49:35Z,46.70380000,13.10398333,2408.00,
3207,,,,,2019-07-23T11:49:36Z,46.70393333,13.10416667,2409.00,
3208,,,,,2019-07-23T11:49:37Z,46.70406667,13.10435000,2409.00,
3209,,,,,2019-07-23T11:49:38Z,46.70421667,13.10450000,2409.00,
3210,,,,,2019-07-23T11:49:39Z,46.70436667,13.10465000,2413.00,
3211,,,,,2019-07-23T11:49:40Z,46.70451667,13.10478333,2416.00,
3212,,,,,2019-07-23T11:49:41Z,46.70466667,13.10491667,2419.00,
3213,,,,,2019-07-23T11:49:42Z,46.70480000,13.10505000,2422.00,
3214,,,,,2019-07-23T11:49:43Z,46.70493333,13.10520000,2424.00,
3215,,,,,2019-07-23T11:49:44Z,46.70506667,13.10535000,2424.00,
3216,,,,,2019-07-23T11:49:45Z,46.70520000,13.10548333,2426.00,
3217,,,,,2019-07-23T11:49:46Z,46.70535000,13.10560000,2425.00,
3218,,,,,2019-07-23T11:49:47Z,46.70548333,13.10571667,2425.00,
3219,,,,,2019-07-23T11:49:48Z,46.70565000,13.10581667,2424.00,
3220,,,,,2019-07-23T11:49:49Z,46.70580000,13.10591667,2422.00,
3221,,,,,2019-07-23T11:49:50Z,46.70595000,13.10601667,2421.00,
3222,,,,,2019-07-23T11:49:51Z,46.70610000,13.10611667,2421.00,
3223,,,,,2019-07-23T11:49:52Z,46.70625000,13.10620000,2421.00,
3224,,,,,2019-07-23T11:49:53Z,46.70638333,13.10628333,2420.00,
3225,,,,,2019-07-23T11:49:54Z,46.70651667,13.10640000,2419.00,
3226,,,,,2019-07-23T11:49:55Z,46.70665000,13.10650000,2417.00,
3227,,,,,2019-07-23T11:49:56Z,46.70678333,13.10665000,2416.00,
3228,,,,,2019-07-23T11:49:57Z,46.70691667,13.10683333,2414.00,
3229,,,,,2019-07-23T11:49:58Z,46.70705000,13.10703333,2409.00,
3230,,,,,2019-07-23T11:49:59Z,46.70718333,13.10723333,2404.00,
3231,,,,,2019-07-23T11:50:00Z,46.70731667,13.10743333,2401.00,
3232,,,,,2019-07-23T11:50:01Z,46.70745000,13.10760000,2399.00,
3233,,,,,2019-07-23T11:50:02Z,46.70760000,13.10776667,2397.00,
3234,,,,,2019-07-23T11:50:03Z,46.70775000,13.10790000,2395.00,
3235,,,,,2019-07-23T11:50:04Z,46.70791667,13.10805000,2392.00,
3236,,,,,2019-07-23T11:50:05Z,46.70806667,13.10818333,2390.00,
3237,,,,,2019-07-23T11:50:06Z,46.70823333,13.10831667,2386.00,
3238,,,,,2019-07-23T11:50:07Z,46.70838333,13.10843333,2384.00,
3239,,,,,2019-07-23T11:50:08Z,46.70853333,13.10855000,2382.00,
3240,,,,,2019-07-23T11:50:09Z,46.70870000,13.10866667,2380.00,
3241,,,,,2019-07-23T11:50:10Z,46.70886667,13.10876667,2376.00,
3242,,,,,2019-07-23T11:50:11Z,46.70903333,13.10885000,2374.00,
3243,,,,,2019-07-23T11:50:12Z,46.70921667,13.10895000,2371.00,
3244,,,,,2019-07-23T11:50:13Z,46.70940000,13.10903333,2369.00,
3245,,,,,2019-07-23T11:50:14Z,46.70958333,13.10913333,2367.00,
3246,,,,,2019-07-23T11:50:15Z,46.70976667,13.10925000,2364.00,
3247,,,,,2019-07-23T11:50:16Z,46.70995000,13.10936667,2361.00,
3248,,,,,2019-07-23T11:50:17Z,46.71013333,13.10950000,2358.00,
3249,,,,,2019-07-23T11:50:18Z,46.71030000,13.10963333,2356.00,
3250,,,,,2019-07-23T11:50:19Z,46.71046667,13.10976667,2355.00,
3251,,,,,2019-07-23T11:50:20Z,46.71065000,13.10991667,2351.00,
3252,,,,,2019-07-23T11:50:21Z,46.71081667,13.11005000,2352.00,
3253,,,,,2019-07-23T11:50:22Z,46.71098333,13.11020000,2351.00,
3254,,,,,2019-07-23T11:50:23Z,46.71115000,13.11035000,2349.00,
3255,,,,,2019-07-23T11:50:24Z,46.71131667,13.11048333,2348.00,
3256,,,,,2019-07-23T11:50:25Z,46.71148333,13.11060000,2349.00,
3257,,,,,2019-07-23T11:50:26Z,46.71165000,13.11070000,2348.00,
3258,,,,,2019-07-23T11:50:27Z,46.71181667,13.11081667,2347.00,
3259,,,,,2019-07-23T11:50:28Z,46.71198333,13.11093333,2347.00,
3260,,,,,2019-07-23T11:50:29Z,46.71213333,13.11106667,2347.00,
3261,,,,,2019-07-23T11:50:30Z,46.71230000,13.11121667,2346.00,
3262,,,,,2019-07-23T11:50:31Z,46.71246667,13.11135000,2345.00,
3263,,,,,2019-07-23T11:50:32Z,46.71263333,13.11148333,2343.00,
3264,,,,,2019-07-23T11:50:33Z,46.71281667,13.11160000,2342.00,
3265,,,,,2019-07-23T11:50:34Z,46.71298333,13.11171667,2340.00,
3266,,,,,2019-07-23T11:50:35Z,46.71313333,13.11183333,2338.00,
3267,,,,,2019-07-23T11:50:36Z,46.71328333,13.11198333,2337.00,
3268,,,,,2019-07-23T11:50:37Z,46.71343333,13.11213333,2336.00,
3269,,,,,2019-07-23T11:50:38Z,46.71356667,13.11231667,2334.00,
3270,,,,,2019-07-23T11:50:39Z,46.71371667,13.11248333,2332.00,
3271,,,,,2019-07-23T11:50:40Z,46.71385000,13.11265000,2329.00,
3272,,,,,2019-07-23T11:50:41Z,46.71398333,13.11280000,2328.00,
3273,,,,,2019-07-23T11:50:42Z,46.71413333,13.11295000,2327.00,
3274,,,,,2019-07-23T11:50:43Z,46.71428333,13.11308333,2326.00,
3275,,,,,2019-07-23T11:50:44Z,46.71445000,13.11321667,2323.00,
3276,,,,,2019-07-23T11:50:45Z,46.71461667,13.11333333,2321.00,
3277,,,,,2019-07-23T11:50:46Z,46.71478333,13.11345000,2319.00,
3278,,,,,2019-07-23T11:50:47Z,46.71495000,13.11356667,2317.00,
3279,,,,,2019-07-23T11:50:48Z,46.71511667,13.11368333,2314.00,
3280,,,,,2019-07-23T11:50:49Z,46.71528333,13.11380000,2310.00,
3281,,,,,2019-07-23T11:50:50Z,46.71545000,13.11391667,2310.00,
3282,,,,,2019-07-23T11:50:51Z,46.71561667,13.11403333,2309.00,
3283,,,,,2019-07-23T11:50:52Z,46.71576667,13.11415000,2306.00,
3284,,,,,2019-07-23T11:50:53Z,46.71593333,13.11425000,2304.00,
3285,,,,,2019-07-23T11:50:54Z,46.71608333,13.11436667,2301.00,
3286,,,,,2019-07-23T11:50:55Z,46.71625000,13.11446667,2299.00,
3287,,,,,2019-07-23T11:50:56Z,46.71640000,13.11458333,2297.00,
3288,,,,,2019-07-23T11:50:57Z,46.71656667,13.11471667,2294.00,
3289,,,,,2019-07-23T11:50:58Z,46.71675000,13.11483333,2291.00,
3290,,,,,2019-07-23T11:50:59Z,46.71691667,13.11495000,2288.00,
3291,,,,,2019-07-23T11:51:00Z,46.71708333,13.11506667,2285.00,
3292,,,,,2019-07-23T11:51:01Z,46.71723333,13.11516667,2284.00,
3293,,,,,2019-07-23T11:51:02Z,46.71738333,13.11528333,2285.00,
3294,,,,,2019-07-23T11:51:03Z,46.71753333,13.11538333,2285.00,
3295,,,,,2019-07-23T11:51:04Z,46.71766667,13.11550000,2286.00,
3296,,,,,2019-07-23T11:51:05Z,46.71781667,13.11561667,2284.00,
3297,,,,,2019-07-23T11:51:06Z,46.71798333,13.11575000,2284.00,
3298,,,,,2019-07-23T11:51:07Z,46.71811667,13.11588333,2282.00,
3299,,,,,2019-07-23T11:51:08Z,46.71826667,13.11601667,2282.00,
3300,,,,,2019-07-23T11:51:09Z,46.71841667,13.11613333,2282.00,
3301,,,,,2019-07-23T11:51:10Z,46.71855000,13.11625000,2281.00,
3302,,,,,2019-07-23T11:51:11Z,46.71870000,13.11636667,2279.00,
3303,,,,,2019-07-23T11:51:12Z,46.71885000,13.11645000,2278.00,
3304,,,,,2019-07-23T11:51:13Z,46.71901667,13.11653333,2277.00,
3305,,,,,2019-07-23T11:51:14Z,46.71918333,13.11660000,2275.00,
3306,,,,,2019-07-23T11:51:15Z,46.71936667,13.11666667,2272.00,
3307,,,,,2019-07-23T11:51:16Z,46.71953333,13.11673333,2269.00,
3308,,,,,2019-07-23T11:51:17Z,46.71971667,13.11681667,2267.00,
3309,,,,,2019-07-23T11:51:18Z,46.71988333,13.11690000,2266.00,
3310,,,,,2019-07-23T11:51:19Z,46.72006667,13.11698333,2264.00,
3311,,,,,2019-07-23T11:51:20Z,46.72023333,13.11708333,2263.00,
3312,,,,,2019-07-23T11:51:21Z,46.72040000,13.11716667,2262.00,
3313,,,,,2019-07-23T11:51:22Z,46.72056667,13.11726667,2262.00,
3314,,,,,2019-07-23T11:51:23Z,46.72073333,13.11736667,2261.00,
3315,,,,,2019-07-23T11:51:24Z,46.72090000,13.11748333,2259.00,
3316,,,,,2019-07-23T11:51:25Z,46.72105000,13.11758333,2258.00,
3317,,,,,2019-07-23T11:51:26Z,46.72120000,13.11771667,2258.00,
3318,,,,,2019-07-23T11:51:27Z,46.72135000,13.11783333,2257.00,
3319,,,,,2019-07-23T11:51:28Z,46.72150000,13.11793333,2253.00,
3320,,,,,2019-07-23T11:51:29Z,46.72166667,13.11805000,2250.00,
3321,,,,,2019-07-23T11:51:30Z,46.72183333,13.11815000,2250.00,
3322,,,,,2019-07-23T11:51:31Z,46.72198333,13.11826667,2248.00,
3323,,,,,2019-07-23T11:51:32Z,46.72213333,13.11836667,2247.00,
3324,,,,,2019-07-23T11:51:33Z,46.72228333,13.11850000,2244.00,
3325,,,,,2019-07-23T11:51:34Z,46.72243333,13.11861667,2242.00,
3326,,,,,2019-07-23T11:51:35Z,46.72258333,13.11873333,2241.00,
3327,,,,,2019-07-23T11:51:36Z,46.72273333,13.11886667,2241.00,
3328,,,,,2019-07-23T11:51:37Z,46.72286667,13.11898333,2241.00,
3329,,,,,2019-07-23T11:51:38Z,46.72300000,13.11911667,2240.00,
3330,,,,,2019-07-23T11:51:39Z,46.72311667,13.11925000,2240.00,
3331,,,,,2019-07-23T11:51:40Z,46.72325000,13.11938333,2239.00,
3332,,,,,2019-07-23T11:51:41Z,46.72338333,13.11951667,2238.00,
3333,,,,,2019-07-23T11:51:42Z,46.72351667,13.11965000,2237.00,
3334,,,,,2019-07-23T11:51:43Z,46.72366667,13.11976667,2237.00,
3335,,,,,2019-07-23T11:51:44Z,46.72380000,13.11986667,2236.00,
3336,,,,,2019-07-23T11:51:45Z,46.72396667,13.11995000,2234.00,
3337,,,,,2019-07-23T11:51:46Z,46.72411667,13.12005000,2232.00,
3338,,,,,2019-07-23T11:51:47Z,46.72426667,13.12013333,2231.00,
3339,,,,,2019-07-23T11:51:48Z,46.72443333,13.12021667,2229.00,
3340,,,,,2019-07-23T11:51:49Z,46.72458333,13.12031667,2228.00,
3341,,,,,2019-07-23T11:51:50Z,46.72473333,13.12040000,2227.00,
3342,,,,,2019-07-23T11:51:51Z,46.72490000,13.12048333,2225.00,
3343,,,,,2019-07-23T11:51:52Z,46.72505000,13.12056667,2223.00,
3344,,,,,2019-07-23T11:51:53Z,46.72521667,13.12066667,2221.00,
3345,,,,,2019-07-23T11:51:54Z,46.72536667,13.12076667,2219.00,
3346,,,,,2019-07-23T11:51:55Z,46.72551667,13.12088333,2216.00,
3347,,,,,2019-07-23T11:51:56Z,46.72568333,13.12101667,2214.00,
3348,,,,,2019-07-23T11:51:57Z,46.72583333,13.12113333,2211.00,
3349,,,,,2019-07-23T11:51:58Z,46.72600000,13.12125000,2209.00,
3350,,,,,2019-07-23T11:51:59Z,46.72616667,13.12135000,2207.00,
3351,,,,,2019-07-23T11:52:00Z,46.72631667,13.12145000,2206.00,
3352,,,,,2019-07-23T11:52:01Z,46.72646667,13.12153333,2205.00,
3353,,,,,2019-07-23T11:52:02Z,46.72660000,13.12161667,2204.00,
3354,,,,,2019-07-23T11:52:03Z,46.72675000,13.12171667,2203.00,
3355,,,,,2019-07-23T11:52:04Z,46.72690000,13.12181667,2202.00,
3356,,,,,2019-07-23T11:52:05Z,46.72705000,13.12195000,2201.00,
3357,,,,,2019-07-23T11:52:06Z,46.72721667,13.12206667,2199.00,
3358,,,,,2019-07-23T11:52:07Z,46.72736667,13.12220000,2196.00,
3359,,,,,2019-07-23T11:52:08Z,46.72753333,13.12235000,2193.00,
3360,,,,,2019-07-23T11:52:09Z,46.72768333,13.12250000,2191.00,
3361,,,,,2019-07-23T11:52:10Z,46.72783333,13.12265000,2190.00,
3362,,,,,2019-07-23T11:52:11Z,46.72800000,13.12278333,2189.00,
3363,,,,,2019-07-23T11:52:12Z,46.72815000,13.12291667,2188.00,
3364,,,,,2019-07-23T11:52:13Z,46.72831667,13.12306667,2186.00,
3365,,,,,2019-07-23T11:52:14Z,46.72848333,13.12320000,2185.00,
3366,,,,,2019-07-23T11:52:15Z,46.72865000,13.12331667,2184.00,
3367,,,,,2019-07-23T11:52:16Z,46.72881667,13.12345000,2183.00,
3368,,,,,2019-07-23T11:52:17Z,46.72898333,13.12355000,2182.00,
3369,,,,,2019-07-23T11:52:18Z,46.72916667,13.12365000,2182.00,
3370,,,,,2019-07-23T11:52:19Z,46.72935000,13.12375000,2181.00,
3371,,,,,2019-07-23T11:52:20Z,46.72953333,13.12386667,2181.00,
3372,,,,,2019-07-23T11:52:21Z,46.72970000,13.12401667,2180.00,
3373,,,,,2019-07-23T11:52:22Z,46.72985000,13.12416667,2179.00,
3374,,,,,2019-07-23T11:52:23Z,46.73001667,13.12433333,2179.00,
3375,,,,,2019-07-23T11:52:24Z,46.73016667,13.12448333,2178.00,
3376,,,,,2019-07-23T11:52:25Z,46.73031667,13.12461667,2178.00,
3377,,,,,2019-07-23T11:52:26Z,46.73046667,13.12475000,2177.00,
3378,,,,,2019-07-23T11:52:27Z,46.73063333,13.12486667,2176.00,
3379,,,,,2019-07-23T11:52:28Z,46.73080000,13.12496667,2175.00,
3380,,,,,2019-07-23T11:52:29Z,46.73096667,13.12506667,2174.00,
3381,,,,,2019-07-23T11:52:30Z,46.73115000,13.12516667,2172.00,
3382,,,,,2019-07-23T11:52:31Z,46.73130000,13.12525000,2171.00,
3383,,,,,2019-07-23T11:52:32Z,46.73146667,13.12533333,2171.00,
3384,,,,,2019-07-23T11:52:33Z,46.73163333,13.12541667,2170.00,
3385,,,,,2019-07-23T11:52:34Z,46.73180000,13.12548333,2168.00,
3386,,,,,2019-07-23T11:52:35Z,46.73196667,13.12556667,2165.00,
3387,,,,,2019-07-23T11:52:36Z,46.73213333,13.12563333,2163.00,
3388,,,,,2019-07-23T11:52:37Z,46.73230000,13.12570000,2161.00,
3389,,,,,2019-07-23T11:52:38Z,46.73246667,13.12575000,2159.00,
3390,,,,,2019-07-23T11:52:39Z,46.73265000,13.12580000,2156.00,
3391,,,,,2019-07-23T11:52:40Z,46.73283333,13.12583333,2154.00,
3392,,,,,2019-07-23T11:52:41Z,46.73301667,13.12586667,2151.00,
3393,,,,,2019-07-23T11:52:42Z,46.73320000,13.12590000,2150.00,
3394,,,,,2019-07-23T11:52:43Z,46.73338333,13.12595000,2149.00,
3395,,,,,2019-07-23T11:52:44Z,46.73356667,13.12601667,2147.00,
3396,,,,,2019-07-23T11:52:45Z,46.73373333,13.12610000,2145.00,
3397,,,,,2019-07-23T11:52:46Z,46.73390000,13.12618333,2144.00,
3398,,,,,2019-07-23T11:52:47Z,46.73406667,13.12628333,2142.00,
3399,,,,,2019-07-23T11:52:48Z,46.73423333,13.12635000,2141.00,
3400,,,,,2019-07-23T11:52:49Z,46.73441667,13.12641667,2140.00,
3401,,,,,2019-07-23T11:52:50Z,46.73458333,13.12648333,2139.00,
3402,,,,,2019-07-23T11:52:51Z,46.73475000,13.12653333,2138.00,
3403,,,,,2019-07-23T11:52:52Z,46.73491667,13.12660000,2137.00,
3404,,,,,2019-07-23T11:52:53Z,46.73508333,13.12665000,2137.00,
3405,,,,,2019-07-23T11:52:54Z,46.73525000,13.12673333,2135.00,
3406,,,,,2019-07-23T11:52:55Z,46.73541667,13.12681667,2133.00,
3407,,,,,2019-07-23T11:52:56Z,46.73558333,13.12693333,2131.00,
3408,,,,,2019-07-23T11:52:57Z,46.73575000,13.12705000,2130.00,
3409,,,,,2019-07-23T11:52:58Z,46.73590000,13.12720000,2129.00,
3410,,,,,2019-07-23T11:52:59Z,46.73606667,13.12733333,2127.00,
3411,,,,,2019-07-23T11:53:00Z,46.73623333,13.12746667,2126.00,
3412,,,,,2019-07-23T11:53:01Z,46.73638333,13.12760000,2125.00,
3413,,,,,2019-07-23T11:53:02Z,46.73653333,13.12771667,2125.00,
3414,,,,,2019-07-23T11:53:03Z,46.73668333,13.12780000,2124.00,
3415,,,,,2019-07-23T11:53:04Z,46.73683333,13.12788333,2124.00,
3416,,,,,2019-07-23T11:53:05Z,46.73700000,13.12795000,2123.00,
3417,,,,,2019-07-23T11:53:06Z,46.73715000,13.12800000,2123.00,
3418,,,,,2019-07-23T11:53:07Z,46.73731667,13.12805000,2122.00,
3419,,,,,2019-07-23T11:53:08Z,46.73748333,13.12811667,2120.00,
3420,,,,,2019-07-23T11:53:09Z,46.73766667,13.12818333,2118.00,
3421,,,,,2019-07-23T11:53:10Z,46.73783333,13.12826667,2116.00,
3422,,,,,2019-07-23T11:53:11Z,46.73801667,13.12833333,2114.00,
3423,,,,,2019-07-23T11:53:12Z,46.73820000,13.12840000,2112.00,
3424,,,,,2019-07-23T11:53:13Z,46.73840000,13.12848333,2109.00,
3425,,,,,2019-07-23T11:53:14Z,46.73856667,13.12858333,2107.00,
3426,,,,,2019-07-23T11:53:15Z,46.73875000,13.12870000,2105.00,
3427,,,,,2019-07-23T11:53:16Z,46.73890000,13.12883333,2104.00,
3428,,,,,2019-07-23T11:53:17Z,46.73906667,13.12895000,2103.00,
3429,,,,,2019-07-23T11:53:18Z,46.73921667,13.12908333,2101.00,
3430,,,,,2019-07-23T11:53:19Z,46.73936667,13.12920000,2101.00,
3431,,,,,2019-07-23T11:53:20Z,46.73951667,13.12931667,2101.00,
3432,,,,,2019-07-23T11:53:21Z,46.73968333,13.12945000,2100.00,
3433,,,,,2019-07-23T11:53:22Z,46.73983333,13.12956667,2098.00,
3434,,,,,2019-07-23T11:53:23Z,46.74000000,13.12971667,2096.00,
3435,,,,,2019-07-23T11:53:24Z,46.74015000,13.12985000,2093.00,
3436,,,,,2019-07-23T11:53:25Z,46.74031667,13.13000000,2090.00,
3437,,,,,2019-07-23T11:53:26Z,46.74046667,13.13011667,2088.00,
3438,,,,,2019-07-23T11:53:27Z,46.74063333,13.13023333,2087.00,
3439,,,,,2019-07-23T11:53:28Z,46.74078333,13.13035000,2086.00,
3440,,,,,2019-07-23T11:53:29Z,46.74095000,13.13045000,2084.00,
3441,,,,,2019-07-23T11:53:30Z,46.74111667,13.13056667,2082.00,
3442,,,,,2019-07-23T11:53:31Z,46.74128333,13.13066667,2080.00,
3443,,,,,2019-07-23T11:53:32Z,46.74145000,13.13078333,2078.00,
3444,,,,,2019-07-23T11:53:33Z,46.74161667,13.13088333,2076.00,
3445,,,,,2019-07-23T11:53:34Z,46.74178333,13.13101667,2074.00,
3446,,,,,2019-07-23T11:53:35Z,46.74196667,13.13113333,2072.00,
3447,,,,,2019-07-23T11:53:36Z,46.74215000,13.13126667,2071.00,
3448,,,,,2019-07-23T11:53:37Z,46.74233333,13.13138333,2070.00,
3449,,,,,2019-07-23T11:53:38Z,46.74250000,13.13150000,2070.00,
3450,,,,,2019-07-23T11:53:39Z,46.74270000,13.13160000,2070.00,
3451,,,,,2019-07-23T11:53:40Z,46.74288333,13.13170000,2070.00,
3452,,,,,2019-07-23T11:53:41Z,46.74306667,13.13178333,2069.00,
3453,,,,,2019-07-23T11:53:42Z,46.74325000,13.13186667,2068.00,
3454,,,,,2019-07-23T11:53:43Z,46.74343333,13.13195000,2066.00,
3455,,,,,2019-07-23T11:53:44Z,46.74361667,13.13205000,2065.00,
3456,,,,,2019-07-23T11:53:45Z,46.74381667,13.13215000,2063.00,
3457,,,,,2019-07-23T11:53:46Z,46.74400000,13.13226667,2061.00,
3458,,,,,2019-07-23T11:53:47Z,46.74416667,13.13236667,2060.00,
3459,,,,,2019-07-23T11:53:48Z,46.74435000,13.13248333,2059.00,
3460,,,,,2019-07-23T11:53:49Z,46.74453333,13.13260000,2058.00,
3461,,,,,2019-07-23T11:53:50Z,46.74470000,13.13271667,2056.00,
3462,,,,,2019-07-23T11:53:51Z,46.74486667,13.13285000,2055.00,
3463,,,,,2019-07-23T11:53:52Z,46.74505000,13.13296667,2053.00,
3464,,,,,2019-07-23T11:53:53Z,46.74521667,13.13308333,2052.00,
3465,,,,,2019-07-23T11:53:54Z,46.74538333,13.13318333,2051.00,
3466,,,,,2019-07-23T11:53:55Z,46.74555000,13.13330000,2050.00,
3467,,,,,2019-07-23T11:53:56Z,46.74573333,13.13340000,2048.00,
3468,,,,,2019-07-23T11:53:57Z,46.74590000,13.13350000,2047.00,
3469,,,,,2019-07-23T11:53:58Z,46.74608333,13.13361667,2045.00,
3470,,,,,2019-07-23T11:53:59Z,46.74625000,13.13375000,2043.00,
3471,,,,,2019-07-23T11:54:00Z,46.74641667,13.13390000,2041.00,
3472,,,,,2019-07-23T11:54:01Z,46.74658333,13.13406667,2039.00,
3473,,,,,2019-07-23T11:54:02Z,46.74675000,13.13423333,2038.00,
3474,,,,,2019-07-23T11:54:03Z,46.74690000,13.13438333,2036.00,
3475,,,,,2019-07-23T11:54:04Z,46.74705000,13.13453333,2035.00,
3476,,,,,2019-07-23T11:54:05Z,46.74720000,13.13470000,2033.00,
3477,,,,,2019-07-23T11:54:06Z,46.74735000,13.13486667,2032.00,
3478,,,,,2019-07-23T11:54:07Z,46.74751667,13.13505000,2030.00,
3479,,,,,2019-07-23T11:54:08Z,46.74766667,13.13525000,2027.00,
3480,,,,,2019-07-23T11:54:09Z,46.74781667,13.13543333,2024.00,
3481,,,,,2019-07-23T11:54:10Z,46.74798333,13.13560000,2021.00,
3482,,,,,2019-07-23T11:54:11Z,46.74813333,13.13576667,2019.00,
3483,,,,,2019-07-23T11:54:12Z,46.74828333,13.13593333,2018.00,
3484,,,,,2019-07-23T11:54:13Z,46.74843333,13.13608333,2017.00,
3485,,,,,2019-07-23T11:54:14Z,46.74860000,13.13623333,2016.00,
3486,,,,,2019-07-23T11:54:15Z,46.74875000,13.13638333,2014.00,
3487,,,,,2019-07-23T11:54:16Z,46.74891667,13.13653333,2012.00,
3488,,,,,2019-07-23T11:54:17Z,46.74906667,13.13668333,2010.00,
3489,,,,,2019-07-23T11:54:18Z,46.74923333,13.13683333,2009.00,
3490,,,,,2019-07-23T11:54:19Z,46.74940000,13.13696667,2007.00,
3491,,,,,2019-07-23T11:54:20Z,46.74956667,13.13708333,2004.00,
3492,,,,,2019-07-23T11:54:21Z,46.74975000,13.13720000,2003.00,
3493,,,,,2019-07-23T11:54:22Z,46.74993333,13.13730000,2001.00,
3494,,,,,2019-07-23T11:54:23Z,46.75011667,13.13741667,1999.00,
3495,,,,,2019-07-23T11:54:24Z,46.75030000,13.13753333,1996.00,
3496,,,,,2019-07-23T11:54:25Z,46.75046667,13.13765000,1995.00,
3497,,,,,2019-07-23T11:54:26Z,46.75063333,13.13780000,1993.00,
3498,,,,,2019-07-23T11:54:27Z,46.75080000,13.13795000,1992.00,
3499,,,,,2019-07-23T11:54:28Z,46.75096667,13.13810000,1990.00,
3500,,,,,2019-07-23T11:54:29Z,46.75111667,13.13825000,1989.00,
3501,,,,,2019-07-23T11:54:30Z,46.75128333,13.13840000,1988.00,
3502,,,,,2019-07-23T11:54:31Z,46.75143333,13.13855000,1988.00,
3503,,,,,2019-07-23T11:54:32Z,46.75160000,13.13868333,1986.00,
3504,,,,,2019-07-23T11:54:33Z,46.75176667,13.13883333,1984.00,
3505,,,,,2019-07-23T11:54:34Z,46.75193333,13.13896667,1983.00,
3506,,,,,2019-07-23T11:54:35Z,46.75208333,13.13910000,1981.00,
3507,,,,,2019-07-23T11:54:36Z,46.75225000,13.13923333,1979.00,
3508,,,,,2019-07-23T11:54:37Z,46.75241667,13.13936667,1978.00,
3509,,,,,2019-07-23T11:54:38Z,46.75256667,13.13951667,1976.00,
3510,,,,,2019-07-23T11:54:39Z,46.75273333,13.13965000,1974.00,
3511,,,,,2019-07-23T11:54:40Z,46.75290000,13.13978333,1973.00,
3512,,,,,2019-07-23T11:54:41Z,46.75306667,13.13991667,1971.00,
3513,,,,,2019-07-23T11:54:42Z,46.75321667,13.14006667,1970.00,
3514,,,,,2019-07-23T11:54:43Z,46.75338333,13.14020000,1968.00,
3515,,,,,2019-07-23T11:54:44Z,46.75355000,13.14035000,1966.00,
3516,,,,,2019-07-23T11:54:45Z,46.75370000,13.14048333,1963.00,
3517,,,,,2019-07-23T11:54:46Z,46.75386667,13.14060000,1961.00,
3518,,,,,2019-07-23T11:54:47Z,46.75405000,13.14070000,1958.00,
3519,,,,,2019-07-23T11:54:48Z,46.75421667,13.14076667,1957.00,
3520,,,,,2019-07-23T11:54:49Z,46.75440000,13.14083333,1956.00,
3521,,,,,2019-07-23T11:54:50Z,46.75456667,13.14090000,1954.00,
3522,,,,,2019-07-23T11:54:51Z,46.75475000,13.14096667,1952.00,
3523,,,,,2019-07-23T11:54:52Z,46.75491667,13.14106667,1949.00,
3524,,,,,2019-07-23T11:54:53Z,46.75508333,13.14118333,1947.00,
3525,,,,,2019-07-23T11:54:54Z,46.75523333,13.14128333,1945.00,
3526,,,,,2019-07-23T11:54:55Z,46.75540000,13.14140000,1944.00,
3527,,,,,2019-07-23T11:54:56Z,46.75555000,13.14150000,1943.00,
3528,,,,,2019-07-23T11:54:57Z,46.75570000,13.14158333,1943.00,
3529,,,,,2019-07-23T11:54:58Z,46.75586667,13.14168333,1942.00,
3530,,,,,2019-07-23T11:54:59Z,46.75601667,13.14178333,1940.00,
3531,,,,,2019-07-23T11:55:00Z,46.75616667,13.14186667,1937.00,
3532,,,,,2019-07-23T11:55:01Z,46.75630000,13.14196667,1933.00,
3533,,,,,2019-07-23T11:55:02Z,46.75643333,13.14205000,1932.00,
3534,,,,,2019-07-23T11:55:03Z,46.75658333,13.14213333,1931.00,
3535,,,,,2019-07-23T11:55:04Z,46.75675000,13.14220000,1930.00,
3536,,,,,2019-07-23T11:55:05Z,46.75691667,13.14228333,1927.00,
3537,,,,,2019-07-23T11:55:06Z,46.75708333,13.14240000,1925.00,
3538,,,,,2019-07-23T11:55:07Z,46.75723333,13.14253333,1922.00,
3539,,,,,2019-07-23T11:55:08Z,46.75738333,13.14270000,1919.00,
3540,,,,,2019-07-23T11:55:09Z,46.75753333,13.14285000,1916.00,
3541,,,,,2019-07-23T11:55:10Z,46.75768333,13.14301667,1914.00,
3542,,,,,2019-07-23T11:55:11Z,46.75785000,13.14316667,1913.00,
3543,,,,,2019-07-23T11:55:12Z,46.75800000,13.14330000,1911.00,
3544,,,,,2019-07-23T11:55:13Z,46.75816667,13.14345000,1910.00,
3545,,,,,2019-07-23T11:55:14Z,46.75830000,13.14360000,1909.00,
3546,,,,,2019-07-23T11:55:15Z,46.75845000,13.14373333,1908.00,
3547,,,,,2019-07-23T11:55:16Z,46.75860000,13.14385000,1908.00,
3548,,,,,2019-07-23T11:55:17Z,46.75875000,13.14396667,1908.00,
3549,,,,,2019-07-23T11:55:18Z,46.75890000,13.14408333,1906.00,
3550,,,,,2019-07-23T11:55:19Z,46.75905000,13.14416667,1906.00,
3551,,,,,2019-07-23T11:55:20Z,46.75920000,13.14426667,1905.00,
3552,,,,,2019-07-23T11:55:21Z,46.75935000,13.14436667,1903.00,
3553,,,,,2019-07-23T11:55:22Z,46.75951667,13.14448333,1901.00,
3554,,,,,2019-07-23T11:55:23Z,46.75966667,13.14461667,1899.00,
3555,,,,,2019-07-23T11:55:24Z,46.75981667,13.14475000,1896.00,
3556,,,,,2019-07-23T11:55:25Z,46.75996667,13.14488333,1894.00,
3557,,,,,2019-07-23T11:55:26Z,46.76011667,13.14500000,1893.00,
3558,,,,,2019-07-23T11:55:27Z,46.76026667,13.14513333,1892.00,
3559,,,,,2019-07-23T11:55:28Z,46.76041667,13.14526667,1889.00,
3560,,,,,2019-07-23T11:55:29Z,46.76056667,13.14538333,1886.00,
3561,,,,,2019-07-23T11:55:30Z,46.76071667,13.14551667,1885.00,
3562,,,,,2019-07-23T11:55:31Z,46.76088333,13.14563333,1882.00,
3563,,,,,2019-07-23T11:55:32Z,46.76105000,13.14573333,1881.00,
3564,,,,,2019-07-23T11:55:33Z,46.76121667,13.14581667,1879.00,
3565,,,,,2019-07-23T11:55:34Z,46.76138333,13.14590000,1877.00,
3566,,,,,2019-07-23T11:55:35Z,46.76156667,13.14598333,1875.00,
3567,,,,,2019-07-23T11:55:36Z,46.76173333,13.14605000,1873.00,
3568,,,,,2019-07-23T11:55:37Z,46.76191667,13.14613333,1871.00,
3569,,,,,2019-07-23T11:55:38Z,46.76208333,13.14625000,1869.00,
3570,,,,,2019-07-23T11:55:39Z,46.76226667,13.14635000,1866.00,
3571,,,,,2019-07-23T11:55:40Z,46.76243333,13.14646667,1864.00,
3572,,,,,2019-07-23T11:55:41Z,46.76260000,13.14658333,1863.00,
3573,,,,,2019-07-23T11:55:42Z,46.76275000,13.14670000,1861.00,
3574,,,,,2019-07-23T11:55:43Z,46.76291667,13.14681667,1860.00,
3575,,,,,2019-07-23T11:55:44Z,46.76306667,13.14695000,1858.00,
3576,,,,,2019-07-23T11:55:45Z,46.76323333,13.14708333,1856.00,
3577,,,,,2019-07-23T11:55:46Z,46.76338333,13.14720000,1854.00,
3578,,,,,2019-07-23T11:55:47Z,46.76355000,13.14733333,1852.00,
3579,,,,,2019-07-23T11:55:48Z,46.76370000,13.14745000,1850.00,
3580,,,,,2019-07-23T11:55:49Z,46.76386667,13.14758333,1848.00,
3581,,,,,2019-07-23T11:55:50Z,46.76403333,13.14770000,1846.00,
3582,,,,,2019-07-23T11:55:51Z,46.76420000,13.14783333,1843.00,
3583,,,,,2019-07-23T11:55:52Z,46.76436667,13.14796667,1841.00,
3584,,,,,2019-07-23T11:55:53Z,46.76451667,13.14811667,1840.00,
3585,,,,,2019-07-23T11:55:54Z,46.76466667,13.14826667,1840.00,
3586,,,,,2019-07-23T11:55:55Z,46.76480000,13.14845000,1840.00,
3587,,,,,2019-07-23T11:55:56Z,46.76491667,13.14865000,1839.00,
3588,,,,,2019-07-23T11:55:57Z,46.76501667,13.14886667,1835.00,
3589,,,,,2019-07-23T11:55:58Z,46.76510000,13.14910000,1834.00,
3590,,,,,2019-07-23T11:55:59Z,46.76518333,13.14935000,1833.00,
3591,,,,,2019-07-23T11:56:00Z,46.76526667,13.14961667,1831.00,
3592,,,,,2019-07-23T11:56:01Z,46.76533333,13.14988333,1829.00,
3593,,,,,2019-07-23T11:56:02Z,46.76540000,13.15013333,1827.00,
3594,,,,,2019-07-23T11:56:03Z,46.76546667,13.15038333,1826.00,
3595,,,,,2019-07-23T11:56:04Z,46.76555000,13.15063333,1825.00,
3596,,,,,2019-07-23T11:56:05Z,46.76563333,13.15086667,1823.00,
3597,,,,,2019-07-23T11:56:06Z,46.76571667,13.15110000,1821.00,
3598,,,,,2019-07-23T11:56:07Z,46.76581667,13.15133333,1821.00,
3599,,,,,2019-07-23T11:56:08Z,46.76590000,13.15156667,1819.00,
3600,,,,,2019-07-23T11:56:09Z,46.76600000,13.15178333,1817.00,
3601,,,,,2019-07-23T11:56:10Z,46.76608333,13.15200000,1814.00,
3602,,,,,2019-07-23T11:56:11Z,46.76618333,13.15220000,1815.00,
3603,,,,,2019-07-23T11:56:12Z,46.76628333,13.15243333,1816.00,
3604,,,,,2019-07-23T11:56:13Z,46.76638333,13.15266667,1815.00,
3605,,,,,2019-07-23T11:56:14Z,46.76648333,13.15291667,1813.00,
3606,,,,,2019-07-23T11:56:15Z,46.76658333,13.15316667,1810.00,
3607,,,,,2019-07-23T11:56:16Z,46.76668333,13.15341667,1807.00,
3608,,,,,2019-07-23T11:56:17Z,46.76678333,13.15366667,1806.00,
3609,,,,,2019-07-23T11:56:18Z,46.76690000,13.15390000,1805.00,
3610,,,,,2019-07-23T11:56:19Z,46.76703333,13.15413333,1806.00,
3611,,,,,2019-07-23T11:56:20Z,46.76716667,13.15433333,1804.00,
3612,,,,,2019-07-23T11:56:21Z,46.76731667,13.15453333,1805.00,
3613,,,,,2019-07-23T11:56:22Z,46.76746667,13.15470000,1806.00,
3614,,,,,2019-07-23T11:56:23Z,46.76761667,13.15485000,1805.00,
3615,,,,,2019-07-23T11:56:24Z,46.76778333,13.15496667,1804.00,
3616,,,,,2019-07-23T11:56:25Z,46.76795000,13.15510000,1803.00,
3617,,,,,2019-07-23T11:56:26Z,46.76813333,13.15520000,1801.00,
3618,,,,,2019-07-23T11:56:27Z,46.76830000,13.15530000,1801.00,
3619,,,,,2019-07-23T11:56:28Z,46.76850000,13.15538333,1799.00,
3620,,,,,2019-07-23T11:56:29Z,46.76868333,13.15546667,1797.00,
3621,,,,,2019-07-23T11:56:30Z,46.76886667,13.15551667,1796.00,
3622,,,,,2019-07-23T11:56:31Z,46.76905000,13.15553333,1797.00,
3623,,,,,2019-07-23T11:56:32Z,46.76925000,13.15553333,1795.00,
3624,,,,,2019-07-23T11:56:33Z,46.76945000,13.15548333,1792.00,
3625,,,,,2019-07-23T11:56:34Z,46.76965000,13.15541667,1789.00,
3626,,,,,2019-07-23T11:56:35Z,46.76983333,13.15533333,1789.00,
3627,,,,,2019-07-23T11:56:36Z,46.77001667,13.15525000,1789.00,
3628,,,,,2019-07-23T11:56:37Z,46.77020000,13.15516667,1789.00,
3629,,,,,2019-07-23T11:56:38Z,46.77038333,13.15506667,1787.00,
3630,,,,,2019-07-23T11:56:39Z,46.77056667,13.15496667,1786.00,
3631,,,,,2019-07-23T11:56:40Z,46.77073333,13.15485000,1784.00,
3632,,,,,2019-07-23T11:56:41Z,46.77090000,13.15471667,1785.00,
3633,,,,,2019-07-23T11:56:42Z,46.77106667,13.15456667,1787.00,
3634,,,,,2019-07-23T11:56:43Z,46.77121667,13.15440000,1786.00,
3635,,,,,2019-07-23T11:56:44Z,46.77138333,13.15425000,1784.00,
3636,,,,,2019-07-23T11:56:45Z,46.77155000,13.15410000,1783.00,
3637,,,,,2019-07-23T11:56:46Z,46.77170000,13.15395000,1782.00,
3638,,,,,2019-07-23T11:56:47Z,46.77186667,13.15380000,1781.00,
3639,,,,,2019-07-23T11:56:48Z,46.77201667,13.15365000,1782.00,
3640,,,,,2019-07-23T11:56:49Z,46.77216667,13.15350000,1781.00,
3641,,,,,2019-07-23T11:56:50Z,46.77231667,13.15333333,1780.00,
3642,,,,,2019-07-23T11:56:51Z,46.77245000,13.15318333,1781.00,
3643,,,,,2019-07-23T11:56:52Z,46.77258333,13.15301667,1782.00,
3644,,,,,2019-07-23T11:56:53Z,46.77271667,13.15283333,1781.00,
3645,,,,,2019-07-23T11:56:54Z,46.77285000,13.15265000,1779.00,
3646,,,,,2019-07-23T11:56:55Z,46.77296667,13.15245000,1777.00,
3647,,,,,2019-07-23T11:56:56Z,46.77308333,13.15225000,1775.00,
3648,,,,,2019-07-23T11:56:57Z,46.77318333,13.15203333,1776.00,
3649,,,,,2019-07-23T11:56:58Z,46.77325000,13.15181667,1776.00,
3650,,,,,2019-07-23T11:56:59Z,46.77333333,13.15160000,1779.00,
3651,,,,,2019-07-23T11:57:00Z,46.77340000,13.15140000,1781.00,
3652,,,,,2019-07-23T11:57:01Z,46.77348333,13.15118333,1784.00,
3653,,,,,2019-07-23T11:57:02Z,46.77356667,13.15098333,1784.00,
3654,,,,,2019-07-23T11:57:03Z,46.77366667,13.15078333,1783.00,
3655,,,,,2019-07-23T11:57:04Z,46.77375000,13.15056667,1782.00,
3656,,,,,2019-07-23T11:57:05Z,46.77381667,13.15035000,1783.00,
3657,,,,,2019-07-23T11:57:06Z,46.77388333,13.15011667,1785.00,
3658,,,,,2019-07-23T11:57:07Z,46.77393333,13.14988333,1785.00,
3659,,,,,2019-07-23T11:57:08Z,46.77398333,13.14961667,1784.00,
3660,,,,,2019-07-23T11:57:09Z,46.77403333,13.14935000,1783.00,
3661,,,,,2019-07-23T11:57:10Z,46.77405000,13.14910000,1784.00,
3662,,,,,2019-07-23T11:57:11Z,46.77408333,13.14885000,1787.00,
3663,,,,,2019-07-23T11:57:12Z,46.77410000,13.14861667,1790.00,
3664,,,,,2019-07-23T11:57:13Z,46.77415000,13.14838333,1793.00,
3665,,,,,2019-07-23T11:57:14Z,46.77420000,13.14816667,1795.00,
3666,,,,,2019-07-23T11:57:15Z,46.77425000,13.14796667,1795.00,
3667,,,,,2019-07-23T11:57:16Z,46.77431667,13.14778333,1797.00,
3668,,,,,2019-07-23T11:57:17Z,46.77436667,13.14758333,1798.00,
3669,,,,,2019-07-23T11:57:18Z,46.77443333,13.14740000,1801.00,
3670,,,,,2019-07-23T11:57:19Z,46.77446667,13.14721667,1804.00,
3671,,,,,2019-07-23T11:57:20Z,46.77450000,13.14705000,1810.00,
3672,,,,,2019-07-23T11:57:21Z,46.77453333,13.14685000,1813.00,
3673,,,,,2019-07-23T11:57:22Z,46.77458333,13.14666667,1813.00,
3674,,,,,2019-07-23T11:57:23Z,46.77461667,13.14650000,1812.00,
3675,,,,,2019-07-23T11:57:24Z,46.77461667,13.14631667,1811.00,
3676,,,,,2019-07-23T11:57:25Z,46.77460000,13.14616667,1811.00,
3677,,,,,2019-07-23T11:57:26Z,46.77453333,13.14601667,1813.00,
3678,,,,,2019-07-23T11:57:27Z,46.77446667,13.14591667,1815.00,
3679,,,,,2019-07-23T11:57:28Z,46.77436667,13.14581667,1817.00,
3680,,,,,2019-07-23T11:57:29Z,46.77421667,13.14578333,1818.00,
3681,,,,,2019-07-23T11:57:30Z,46.77406667,13.14585000,1818.00,
3682,,,,,2019-07-23T11:57:31Z,46.77391667,13.14595000,1819.00,
3683,,,,,2019-07-23T11:57:32Z,46.77380000,13.14611667,1818.00,
3684,,,,,2019-07-23T11:57:33Z,46.77371667,13.14631667,1818.00,
3685,,,,,2019-07-23T11:57:34Z,46.77366667,13.14653333,1819.00,
3686,,,,,2019-07-23T11:57:35Z,46.77363333,13.14673333,1822.00,
3687,,,,,2019-07-23T11:57:36Z,46.77365000,13.14693333,1825.00,
3688,,,,,2019-07-23T11:57:37Z,46.77373333,13.14711667,1828.00,
3689,,,,,2019-07-23T11:57:38Z,46.77388333,13.14726667,1830.00,
3690,,,,,2019-07-23T11:57:39Z,46.77403333,13.14735000,1832.00,
3691,,,,,2019-07-23T11:57:40Z,46.77418333,13.14733333,1835.00,
3692,,,,,2019-07-23T11:57:41Z,46.77431667,13.14721667,1837.00,
3693,,,,,2019-07-23T11:57:42Z,46.77441667,13.14706667,1839.00,
3694,,,,,2019-07-23T11:57:43Z,46.77445000,13.14686667,1840.00,
3695,,,,,2019-07-23T11:57:44Z,46.77445000,13.14671667,1841.00,
3696,,,,,2019-07-23T11:57:45Z,46.77436667,13.14663333,1842.00,
3697,,,,,2019-07-23T11:57:46Z,46.77428333,13.14656667,1844.00,
3698,,,,,2019-07-23T11:57:47Z,46.77423333,13.14650000,1844.00,
3699,,,,,2019-07-23T11:57:48Z,46.77413333,13.14656667,1844.00,
3700,,,,,2019-07-23T11:57:49Z,46.77410000,13.14676667,1843.00,
3701,,,,,2019-07-23T11:57:50Z,46.77411667,13.14706667,1843.00,
3702,,,,,2019-07-23T11:57:51Z,46.77420000,13.14726667,1846.00,
3703,,,,,2019-07-23T11:57:52Z,46.77430000,13.14741667,1849.00,
3704,,,,,2019-07-23T11:57:53Z,46.77440000,13.14751667,1853.00,
3705,,,,,2019-07-23T11:57:54Z,46.77456667,13.14751667,1856.00,
3706,,,,,2019-07-23T11:57:55Z,46.77471667,13.14746667,1857.00,
3707,,,,,2019-07-23T11:57:56Z,46.77485000,13.14733333,1861.00,
3708,,,,,2019-07-23T11:57:57Z,46.77491667,13.14711667,1862.00,
3709,,,,,2019-07-23T11:57:58Z,46.77495000,13.14691667,1861.00,
3710,,,,,2019-07-23T11:57:59Z,46.77496667,13.14673333,1862.00,
3711,,,,,2019-07-23T11:58:00Z,46.77498333,13.14655000,1863.00,
3712,,,,,2019-07-23T11:58:01Z,46.77500000,13.14636667,1864.00,
3713,,,,,2019-07-23T11:58:02Z,46.77500000,13.14616667,1864.00,
3714,,,,,2019-07-23T11:58:03Z,46.77496667,13.14595000,1864.00,
3715,,,,,2019-07-23T11:58:04Z,46.77491667,13.14571667,1863.00,
3716,,,,,2019-07-23T11:58:05Z,46.77488333,13.14546667,1861.00,
3717,,,,,2019-07-23T11:58:06Z,46.77483333,13.14520000,1860.00,
3718,,,,,2019-07-23T11:58:07Z,46.77480000,13.14495000,1860.00,
3719,,,,,2019-07-23T11:58:08Z,46.77478333,13.14473333,1860.00,
3720,,,,,2019-07-23T11:58:09Z,46.77478333,13.14451667,1864.00,
3721,,,,,2019-07-23T11:58:10Z,46.77480000,13.14433333,1867.00,
3722,,,,,2019-07-23T11:58:11Z,46.77483333,13.14415000,1867.00,
3723,,,,,2019-07-23T11:58:12Z,46.77485000,13.14396667,1866.00,
3724,,,,,2019-07-23T11:58:13Z,46.77488333,13.14378333,1869.00,
3725,,,,,2019-07-23T11:58:14Z,46.77488333,13.14356667,1871.00,
3726,,,,,2019-07-23T11:58:15Z,46.77490000,13.14335000,1874.00,
3727,,,,,2019-07-23T11:58:16Z,46.77490000,13.14315000,1876.00,
3728,,,,,2019-07-23T11:58:17Z,46.77491667,13.14295000,1877.00,
3729,,,,,2019-07-23T11:58:18Z,46.77491667,13.14275000,1878.00,
3730,,,,,2019-07-23T11:58:19Z,46.77491667,13.14258333,1878.00,
3731,,,,,2019-07-23T11:58:20Z,46.77488333,13.14241667,1877.00,
3732,,,,,2019-07-23T11:58:21Z,46.77485000,13.14225000,1876.00,
3733,,,,,2019-07-23T11:58:22Z,46.77478333,13.14208333,1877.00,
3734,,,,,2019-07-23T11:58:23Z,46.77470000,13.14193333,1879.00,
3735,,,,,2019-07-23T11:58:24Z,46.77455000,13.14183333,1879.00,
3736,,,,,2019-07-23T11:58:25Z,46.77436667,13.14178333,1880.00,
3737,,,,,2019-07-23T11:58:26Z,46.77420000,13.14176667,1881.00,
3738,,,,,2019-07-23T11:58:27Z,46.77405000,13.14180000,1881.00,
3739,,,,,2019-07-23T11:58:28Z,46.77390000,13.14185000,1883.00,
3740,,,,,2019-07-23T11:58:29Z,46.77378333,13.14193333,1884.00,
3741,,,,,2019-07-23T11:58:30Z,46.77366667,13.14208333,1885.00,
3742,,,,,2019-07-23T11:58:31Z,46.77358333,13.14228333,1887.00,
3743,,,,,2019-07-23T11:58:32Z,46.77353333,13.14255000,1889.00,
3744,,,,,2019-07-23T11:58:33Z,46.77356667,13.14281667,1889.00,
3745,,,,,2019-07-23T11:58:34Z,46.77370000,13.14305000,1890.00,
3746,,,,,2019-07-23T11:58:35Z,46.77383333,13.14326667,1890.00,
3747,,,,,2019-07-23T11:58:36Z,46.77398333,13.14341667,1891.00,
3748,,,,,2019-07-23T11:58:37Z,46.77413333,13.14353333,1890.00,
3749,,,,,2019-07-23T11:58:38Z,46.77428333,13.14361667,1893.00,
3750,,,,,2019-07-23T11:58:39Z,46.77445000,13.14363333,1895.00,
3751,,,,,2019-07-23T11:58:40Z,46.77461667,13.14363333,1894.00,
3752,,,,,2019-07-23T11:58:41Z,46.77476667,13.14358333,1894.00,
3753,,,,,2019-07-23T11:58:42Z,46.77491667,13.14351667,1895.00,
3754,,,,,2019-07-23T11:58:43Z,46.77503333,13.14343333,1896.00,
3755,,,,,2019-07-23T11:58:44Z,46.77511667,13.14331667,1897.00,
3756,,,,,2019-07-23T11:58:45Z,46.77516667,13.14315000,1899.00,
3757,,,,,2019-07-23T11:58:46Z,46.77520000,13.14298333,1901.00,
3758,,,,,2019-07-23T11:58:47Z,46.77518333,13.14280000,1901.00,
3759,,,,,2019-07-23T11:58:48Z,46.77513333,13.14261667,1899.00,
3760,,,,,2019-07-23T11:58:49Z,46.77503333,13.14245000,1897.00,
3761,,,,,2019-07-23T11:58:50Z,46.77488333,13.14230000,1898.00,
3762,,,,,2019-07-23T11:58:51Z,46.77471667,13.14225000,1900.00,
3763,,,,,2019-07-23T11:58:52Z,46.77455000,13.14226667,1902.00,
3764,,,,,2019-07-23T11:58:53Z,46.77436667,13.14238333,1904.00,
3765,,,,,2019-07-23T11:58:54Z,46.77423333,13.14251667,1904.00,
3766,,,,,2019-07-23T11:58:55Z,46.77410000,13.14270000,1905.00,
3767,,,,,2019-07-23T11:58:56Z,46.77401667,13.14290000,1907.00,
3768,,,,,2019-07-23T11:58:57Z,46.77396667,13.14310000,1909.00,
3769,,,,,2019-07-23T11:58:58Z,46.77395000,13.14331667,1912.00,
3770,,,,,2019-07-23T11:58:59Z,46.77396667,13.14351667,1915.00,
3771,,,,,2019-07-23T11:59:00Z,46.77403333,13.14370000,1918.00,
3772,,,,,2019-07-23T11:59:01Z,46.77418333,13.14383333,1919.00,
3773,,,,,2019-07-23T11:59:02Z,46.77435000,13.14388333,1918.00,
3774,,,,,2019-07-23T11:59:03Z,46.77451667,13.14380000,1917.00,
3775,,,,,2019-07-23T11:59:04Z,46.77463333,13.14370000,1915.00,
3776,,,,,2019-07-23T11:59:05Z,46.77473333,13.14356667,1912.00,
3777,,,,,2019-07-23T11:59:06Z,46.77476667,13.14336667,1912.00,
3778,,,,,2019-07-23T11:59:07Z,46.77471667,13.14315000,1912.00,
3779,,,,,2019-07-23T11:59:08Z,46.77453333,13.14300000,1912.00,
3780,,,,,2019-07-23T11:59:09Z,46.77438333,13.14291667,1911.00,
3781,,,,,2019-07-23T11:59:10Z,46.77421667,13.14293333,1911.00,
3782,,,,,2019-07-23T11:59:11Z,46.77401667,13.14301667,1912.00,
3783,,,,,2019-07-23T11:59:12Z,46.77386667,13.14311667,1911.00,
3784,,,,,2019-07-23T11:59:13Z,46.77373333,13.14323333,1912.00,
3785,,,,,2019-07-23T11:59:14Z,46.77360000,13.14338333,1917.00,
3786,,,,,2019-07-23T11:59:15Z,46.77350000,13.14355000,1920.00,
3787,,,,,2019-07-23T11:59:16Z,46.77340000,13.14371667,1922.00,
3788,,,,,2019-07-23T11:59:17Z,46.77331667,13.14395000,1925.00,
3789,,,,,2019-07-23T11:59:18Z,46.77326667,13.14423333,1928.00,
3790,,,,,2019-07-23T11:59:19Z,46.77330000,13.14448333,1930.00,
3791,,,,,2019-07-23T11:59:20Z,46.77338333,13.14471667,1931.00,
3792,,,,,2019-07-23T11:59:21Z,46.77346667,13.14493333,1933.00,
3793,,,,,2019-07-23T11:59:22Z,46.77358333,13.14506667,1934.00,
3794,,,,,2019-07-23T11:59:23Z,46.77373333,13.14513333,1937.00,
3795,,,,,2019-07-23T11:59:24Z,46.77390000,13.14511667,1940.00,
3796,,,,,2019-07-23T11:59:25Z,46.77401667,13.14501667,1940.00,
3797,,,,,2019-07-23T11:59:26Z,46.77408333,13.14485000,1940.00,
3798,,,,,2019-07-23T11:59:27Z,46.77410000,13.14470000,1940.00,
3799,,,,,2019-07-23T11:59:28Z,46.77403333,13.14456667,1943.00,
3800,,,,,2019-07-23T11:59:29Z,46.77396667,13.14445000,1942.00,
3801,,,,,2019-07-23T11:59:30Z,46.77386667,13.14438333,1942.00,
3802,,,,,2019-07-23T11:59:31Z,46.77375000,13.14433333,1943.00,
3803,,,,,2019-07-23T11:59:32Z,46.77361667,13.14440000,1946.00,
3804,,,,,2019-07-23T11:59:33Z,46.77348333,13.14450000,1947.00,
3805,,,,,2019-07-23T11:59:34Z,46.77335000,13.14468333,1950.00,
3806,,,,,2019-07-23T11:59:35Z,46.77323333,13.14491667,1952.00,
3807,,,,,2019-07-23T11:59:36Z,46.77315000,13.14518333,1954.00,
3808,,,,,2019-07-23T11:59:37Z,46.77311667,13.14546667,1957.00,
3809,,,,,2019-07-23T11:59:38Z,46.77313333,13.14571667,1959.00,
3810,,,,,2019-07-23T11:59:39Z,46.77321667,13.14588333,1961.00,
3811,,,,,2019-07-23T11:59:40Z,46.77333333,13.14601667,1964.00,
3812,,,,,2019-07-23T11:59:41Z,46.77346667,13.14606667,1966.00,
3813,,,,,2019-07-23T11:59:42Z,46.77360000,13.14605000,1967.00,
3814,,,,,2019-07-23T11:59:43Z,46.77366667,13.14595000,1968.00,
3815,,,,,2019-07-23T11:59:44Z,46.77365000,13.14578333,1970.00,
3816,,,,,2019-07-23T11:59:45Z,46.77361667,13.14563333,1971.00,
3817,,,,,2019-07-23T11:59:46Z,46.77348333,13.14556667,1972.00,
3818,,,,,2019-07-23T11:59:47Z,46.77333333,13.14560000,1972.00,
3819,,,,,2019-07-23T11:59:48Z,46.77320000,13.14576667,1974.00,
3820,,,,,2019-07-23T11:59:49Z,46.77305000,13.14603333,1976.00,
3821,,,,,2019-07-23T11:59:50Z,46.77293333,13.14628333,1980.00,
3822,,,,,2019-07-23T11:59:51Z,46.77286667,13.14651667,1983.00,
3823,,,,,2019-07-23T11:59:52Z,46.77280000,13.14673333,1983.00,
3824,,,,,2019-07-23T11:59:53Z,46.77280000,13.14693333,1985.00,
3825,,,,,2019-07-23T11:59:54Z,46.77285000,13.14713333,1986.00,
3826,,,,,2019-07-23T11:59:55Z,46.77295000,13.14731667,1987.00,
3827,,,,,2019-07-23T11:59:56Z,46.77313333,13.14746667,1988.00,
3828,,,,,2019-07-23T11:59:57Z,46.77330000,13.14756667,1988.00,
3829,,,,,2019-07-23T11:59:58Z,46.77348333,13.14760000,1987.00,
3830,,,,,2019-07-23T11:59:59Z,46.77365000,13.14755000,1984.00,
3831,,,,,2019-07-23T12:00:00Z,46.77378333,13.14745000,1985.00,
3832,,,,,2019-07-23T12:00:01Z,46.77386667,13.14730000,1988.00,
3833,,,,,2019-07-23T12:00:02Z,46.77391667,13.14715000,1991.00,
3834,,,,,2019-07-23T12:00:03Z,46.77391667,13.14703333,1994.00,
3835,,,,,2019-07-23T12:00:04Z,46.77386667,13.14695000,1996.00,
3836,,,,,2019-07-23T12:00:05Z,46.77378333,13.14688333,1998.00,
3837,,,,,2019-07-23T12:00:06Z,46.77368333,13.14698333,1999.00,
3838,,,,,2019-07-23T12:00:07Z,46.77356667,13.14725000,2002.00,
3839,,,,,2019-07-23T12:00:08Z,46.77351667,13.14751667,2005.00,
3840,,,,,2019-07-23T12:00:09Z,46.77353333,13.14773333,2007.00,
3841,,,,,2019-07-23T12:00:10Z,46.77360000,13.14790000,2009.00,
3842,,,,,2019-07-23T12:00:11Z,46.77371667,13.14801667,2013.00,
3843,,,,,2019-07-23T12:00:12Z,46.77388333,13.14803333,2016.00,
3844,,,,,2019-07-23T12:00:13Z,46.77400000,13.14800000,2017.00,
3845,,,,,2019-07-23T12:00:14Z,46.77406667,13.14786667,2017.00,
3846,,,,,2019-07-23T12:00:15Z,46.77410000,13.14768333,2018.00,
3847,,,,,2019-07-23T12:00:16Z,46.77408333,13.14750000,2019.00,
3848,,,,,2019-07-23T12:00:17Z,46.77401667,13.14733333,2023.00,
3849,,,,,2019-07-23T12:00:18Z,46.77390000,13.14721667,2025.00,
3850,,,,,2019-07-23T12:00:19Z,46.77378333,13.14715000,2026.00,
3851,,,,,2019-07-23T12:00:20Z,46.77366667,13.14711667,2029.00,
3852,,,,,2019-07-23T12:00:21Z,46.77353333,13.14713333,2032.00,
3853,,,,,2019-07-23T12:00:22Z,46.77341667,13.14723333,2035.00,
3854,,,,,2019-07-23T12:00:23Z,46.77330000,13.14733333,2036.00,
3855,,,,,2019-07-23T12:00:24Z,46.77318333,13.14741667,2038.00,
3856,,,,,2019-07-23T12:00:25Z,46.77313333,13.14746667,2038.00,
3857,,,,,2019-07-23T12:00:26Z,46.77318333,13.14760000,2040.00,
3858,,,,,2019-07-23T12:00:27Z,46.77333333,13.14773333,2043.00,
3859,,,,,2019-07-23T12:00:28Z,46.77348333,13.14778333,2046.00,
3860,,,,,2019-07-23T12:00:29Z,46.77358333,13.14763333,2049.00,
3861,,,,,2019-07-23T12:00:30Z,46.77363333,13.14748333,2051.00,
3862,,,,,2019-07-23T12:00:31Z,46.77355000,13.14735000,2052.00,
3863,,,,,2019-07-23T12:00:32Z,46.77345000,13.14718333,2052.00,
3864,,,,,2019-07-23T12:00:33Z,46.77333333,13.14715000,2053.00,
3865,,,,,2019-07-23T12:00:34Z,46.77318333,13.14725000,2055.00,
3866,,,,,2019-07-23T12:00:35Z,46.77310000,13.14746667,2057.00,
3867,,,,,2019-07-23T12:00:36Z,46.77300000,13.14773333,2057.00,
3868,,,,,2019-07-23T12:00:37Z,46.77295000,13.14800000,2059.00,
3869,,,,,2019-07-23T12:00:38Z,46.77293333,13.14826667,2062.00,
3870,,,,,2019-07-23T12:00:39Z,46.77295000,13.14848333,2063.00,
3871,,,,,2019-07-23T12:00:40Z,46.77305000,13.14865000,2064.00,
3872,,,,,2019-07-23T12:00:41Z,46.77316667,13.14868333,2064.00,
3873,,,,,2019-07-23T12:00:42Z,46.77328333,13.14863333,2064.00,
3874,,,,,2019-07-23T12:00:43Z,46.77335000,13.14861667,2065.00,
3875,,,,,2019-07-23T12:00:44Z,46.77338333,13.14855000,2065.00,
3876,,,,,2019-07-23T12:00:45Z,46.77336667,13.14848333,2066.00,
3877,,,,,2019-07-23T12:00:46Z,46.77330000,13.14836667,2068.00,
3878,,,,,2019-07-23T12:00:47Z,46.77321667,13.14833333,2070.00,
3879,,,,,2019-07-23T12:00:48Z,46.77311667,13.14835000,2072.00,
3880,,,,,2019-07-23T12:00:49Z,46.77296667,13.14833333,2074.00,
3881,,,,,2019-07-23T12:00:50Z,46.77290000,13.14841667,2075.00,
3882,,,,,2019-07-23T12:00:51Z,46.77280000,13.14858333,2076.00,
3883,,,,,2019-07-23T12:00:52Z,46.77273333,13.14880000,2078.00,
3884,,,,,2019-07-23T12:00:53Z,46.77273333,13.14901667,2079.00,
3885,,,,,2019-07-23T12:00:54Z,46.77278333,13.14925000,2080.00,
3886,,,,,2019-07-23T12:00:55Z,46.77288333,13.14936667,2080.00,
3887,,,,,2019-07-23T12:00:56Z,46.77305000,13.14943333,2079.00,
3888,,,,,2019-07-23T12:00:57Z,46.77321667,13.14943333,2079.00,
3889,,,,,2019-07-23T12:00:58Z,46.77341667,13.14935000,2080.00,
3890,,,,,2019-07-23T12:00:59Z,46.77355000,13.14923333,2082.00,
3891,,,,,2019-07-23T12:01:00Z,46.77365000,13.14910000,2082.00,
3892,,,,,2019-07-23T12:01:01Z,46.77375000,13.14895000,2079.00,
3893,,,,,2019-07-23T12:01:02Z,46.77383333,13.14880000,2080.00,
3894,,,,,2019-07-23T12:01:03Z,46.77378333,13.14861667,2084.00,
3895,,,,,2019-07-23T12:01:04Z,46.77376667,13.14851667,2088.00,
3896,,,,,2019-07-23T12:01:05Z,46.77368333,13.14846667,2091.00,
3897,,,,,2019-07-23T12:01:06Z,46.77350000,13.14841667,2094.00,
3898,,,,,2019-07-23T12:01:07Z,46.77338333,13.14846667,2096.00,
3899,,,,,2019-07-23T12:01:08Z,46.77326667,13.14861667,2097.00,
3900,,,,,2019-07-23T12:01:09Z,46.77320000,13.14885000,2099.00,
3901,,,,,2019-07-23T12:01:10Z,46.77320000,13.14906667,2102.00,
3902,,,,,2019-07-23T12:01:11Z,46.77331667,13.14926667,2104.00,
3903,,,,,2019-07-23T12:01:12Z,46.77343333,13.14938333,2105.00,
3904,,,,,2019-07-23T12:01:13Z,46.77356667,13.14943333,2107.00,
3905,,,,,2019-07-23T12:01:14Z,46.77370000,13.14938333,2109.00,
3906,,,,,2019-07-23T12:01:15Z,46.77380000,13.14925000,2108.00,
3907,,,,,2019-07-23T12:01:16Z,46.77386667,13.14910000,2108.00,
3908,,,,,2019-07-23T12:01:17Z,46.77391667,13.14893333,2109.00,
3909,,,,,2019-07-23T12:01:18Z,46.77391667,13.14878333,2112.00,
3910,,,,,2019-07-23T12:01:19Z,46.77388333,13.14865000,2113.00,
3911,,,,,2019-07-23T12:01:20Z,46.77383333,13.14848333,2115.00,
3912,,,,,2019-07-23T12:01:21Z,46.77373333,13.14835000,2115.00,
3913,,,,,2019-07-23T12:01:22Z,46.77361667,13.14826667,2117.00,
3914,,,,,2019-07-23T12:01:23Z,46.77346667,13.14825000,2118.00,
3915,,,,,2019-07-23T12:01:24Z,46.77331667,13.14828333,2121.00,
3916,,,,,2019-07-23T12:01:25Z,46.77316667,13.14836667,2123.00,
3917,,,,,2019-07-23T12:01:26Z,46.77301667,13.14853333,2122.00,
3918,,,,,2019-07-23T12:01:27Z,46.77291667,13.14875000,2123.00,
3919,,,,,2019-07-23T12:01:28Z,46.77285000,13.14898333,2125.00,
3920,,,,,2019-07-23T12:01:29Z,46.77285000,13.14920000,2126.00,
3921,,,,,2019-07-23T12:01:30Z,46.77290000,13.14943333,2127.00,
3922,,,,,2019-07-23T12:01:31Z,46.77305000,13.14965000,2128.00,
3923,,,,,2019-07-23T12:01:32Z,46.77321667,13.14980000,2128.00,
3924,,,,,2019-07-23T12:01:33Z,46.77336667,13.14995000,2126.00,
3925,,,,,2019-07-23T12:01:34Z,46.77351667,13.15010000,2124.00,
3926,,,,,2019-07-23T12:01:35Z,46.77363333,13.15025000,2124.00,
3927,,,,,2019-07-23T12:01:36Z,46.77375000,13.15041667,2126.00,
3928,,,,,2019-07-23T12:01:37Z,46.77386667,13.15058333,2127.00,
3929,,,,,2019-07-23T12:01:38Z,46.77396667,13.15075000,2129.00,
3930,,,,,2019-07-23T12:01:39Z,46.77406667,13.15095000,2130.00,
3931,,,,,2019-07-23T12:01:40Z,46.77416667,13.15113333,2130.00,
3932,,,,,2019-07-23T12:01:41Z,46.77428333,13.15133333,2131.00,
3933,,,,,2019-07-23T12:01:42Z,46.77440000,13.15153333,2131.00,
3934,,,,,2019-07-23T12:01:43Z,46.77451667,13.15170000,2131.00,
3935,,,,,2019-07-23T12:01:44Z,46.77465000,13.15183333,2130.00,
3936,,,,,2019-07-23T12:01:45Z,46.77480000,13.15195000,2131.00,
3937,,,,,2019-07-23T12:01:46Z,46.77493333,13.15203333,2133.00,
3938,,,,,2019-07-23T12:01:47Z,46.77508333,13.15211667,2135.00,
3939,,,,,2019-07-23T12:01:48Z,46.77523333,13.15223333,2135.00,
3940,,,,,2019-07-23T12:01:49Z,46.77538333,13.15238333,2132.00,
3941,,,,,2019-07-23T12:01:50Z,46.77553333,13.15258333,2127.00,
3942,,,,,2019-07-23T12:01:51Z,46.77566667,13.15276667,2124.00,
3943,,,,,2019-07-23T12:01:52Z,46.77580000,13.15295000,2123.00,
3944,,,,,2019-07-23T12:01:53Z,46.77593333,13.15313333,2121.00,
3945,,,,,2019-07-23T12:01:54Z,46.77606667,13.15331667,2122.00,
3946,,,,,2019-07-23T12:01:55Z,46.77620000,13.15350000,2122.00,
3947,,,,,2019-07-23T12:01:56Z,46.77630000,13.15371667,2121.00,
3948,,,,,2019-07-23T12:01:57Z,46.77638333,13.15395000,2122.00,
3949,,,,,2019-07-23T12:01:58Z,46.77643333,13.15418333,2123.00,
3950,,,,,2019-07-23T12:01:59Z,46.77646667,13.15445000,2123.00,
3951,,,,,2019-07-23T12:02:00Z,46.77648333,13.15471667,2122.00,
3952,,,,,2019-07-23T12:02:01Z,46.77646667,13.15498333,2122.00,
3953,,,,,2019-07-23T12:02:02Z,46.77641667,13.15523333,2123.00,
3954,,,,,2019-07-23T12:02:03Z,46.77638333,13.15546667,2124.00,
3955,,,,,2019-07-23T12:02:04Z,46.77631667,13.15570000,2124.00,
3956,,,,,2019-07-23T12:02:05Z,46.77625000,13.15591667,2125.00,
3957,,,,,2019-07-23T12:02:06Z,46.77618333,13.15615000,2126.00,
3958,,,,,2019-07-23T12:02:07Z,46.77611667,13.15636667,2126.00,
3959,,,,,2019-07-23T12:02:08Z,46.77606667,13.15660000,2129.00,
3960,,,,,2019-07-23T12:02:09Z,46.77603333,13.15685000,2131.00,
3961,,,,,2019-07-23T12:02:10Z,46.77600000,13.15710000,2131.00,
3962,,,,,2019-07-23T12:02:11Z,46.77596667,13.15733333,2130.00,
3963,,,,,2019-07-23T12:02:12Z,46.77593333,13.15756667,2132.00,
3964,,,,,2019-07-23T12:02:13Z,46.77590000,13.15780000,2133.00,
3965,,,,,2019-07-23T12:02:14Z,46.77588333,13.15805000,2134.00,
3966,,,,,2019-07-23T12:02:15Z,46.77586667,13.15828333,2135.00,
3967,,,,,2019-07-23T12:02:16Z,46.77585000,13.15853333,2138.00,
3968,,,,,2019-07-23T12:02:17Z,46.77581667,13.15876667,2139.00,
3969,,,,,2019-07-23T12:02:18Z,46.77580000,13.15901667,2139.00,
3970,,,,,2019-07-23T12:02:19Z,46.77578333,13.15925000,2138.00,
3971,,,,,2019-07-23T12:02:20Z,46.77576667,13.15948333,2140.00,
3972,,,,,2019-07-23T12:02:21Z,46.77576667,13.15971667,2141.00,
3973,,,,,2019-07-23T12:02:22Z,46.77578333,13.15996667,2139.00,
3974,,,,,2019-07-23T12:02:23Z,46.77583333,13.16020000,2140.00,
3975,,,,,2019-07-23T12:02:24Z,46.77595000,13.16046667,2141.00,
3976,,,,,2019-07-23T12:02:25Z,46.77605000,13.16070000,2141.00,
3977,,,,,2019-07-23T12:02:26Z,46.77615000,13.16096667,2140.00,
3978,,,,,2019-07-23T12:02:27Z,46.77623333,13.16123333,2138.00,
3979,,,,,2019-07-23T12:02:28Z,46.77628333,13.16148333,2138.00,
3980,,,,,2019-07-23T12:02:29Z,46.77630000,13.16173333,2139.00,
3981,,,,,2019-07-23T12:02:30Z,46.77630000,13.16198333,2138.00,
3982,,,,,2019-07-23T12:02:31Z,46.77630000,13.16221667,2138.00,
3983,,,,,2019-07-23T12:02:32Z,46.77626667,13.16245000,2139.00,
3984,,,,,2019-07-23T12:02:33Z,46.77625000,13.16268333,2140.00,
3985,,,,,2019-07-23T12:02:34Z,46.77621667,13.16291667,2141.00,
3986,,,,,2019-07-23T12:02:35Z,46.77616667,13.16315000,2143.00,
3987,,,,,2019-07-23T12:02:36Z,46.77611667,13.16336667,2145.00,
3988,,,,,2019-07-23T12:02:37Z,46.77605000,13.16356667,2148.00,
3989,,,,,2019-07-23T12:02:38Z,46.77601667,13.16376667,2149.00,
3990,,,,,2019-07-23T12:02:39Z,46.77598333,13.16395000,2152.00,
3991,,,,,2019-07-23T12:02:40Z,46.77596667,13.16415000,2157.00,
3992,,,,,2019-07-23T12:02:41Z,46.77598333,13.16436667,2159.00,
3993,,,,,2019-07-23T12:02:42Z,46.77601667,13.16460000,2163.00,
3994,,,,,2019-07-23T12:02:43Z,46.77603333,13.16483333,2162.00,
3995,,,,,2019-07-23T12:02:44Z,46.77605000,13.16510000,2162.00,
3996,,,,,2019-07-23T12:02:45Z,46.77605000,13.16536667,2159.00,
3997,,,,,2019-07-23T12:02:46Z,46.77605000,13.16561667,2157.00,
3998,,,,,2019-07-23T12:02:47Z,46.77603333,13.16586667,2156.00,
3999,,,,,2019-07-23T12:02:48Z,46.77598333,13.16611667,2155.00,
4000,,,,,2019-07-23T12:02:49Z,46.77591667,13.16635000,2154.00,
4001,,,,,2019-07-23T12:02:50Z,46.77583333,13.16655000,2151.00,
4002,,,,,2019-07-23T12:02:51Z,46.77575000,13.16675000,2152.00,
4003,,,,,2019-07-23T12:02:52Z,46.77566667,13.16693333,2154.00,
4004,,,,,2019-07-23T12:02:53Z,46.77555000,13.16711667,2155.00,
4005,,,,,2019-07-23T12:02:54Z,46.77543333,13.16726667,2154.00,
4006,,,,,2019-07-23T12:02:55Z,46.77531667,13.16743333,2151.00,
4007,,,,,2019-07-23T12:02:56Z,46.77518333,13.16758333,2149.00,
4008,,,,,2019-07-23T12:02:57Z,46.77506667,13.16775000,2149.00,
4009,,,,,2019-07-23T12:02:58Z,46.77495000,13.16791667,2149.00,
4010,,,,,2019-07-23T12:02:59Z,46.77483333,13.16806667,2150.00,
4011,,,,,2019-07-23T12:03:00Z,46.77470000,13.16821667,2150.00,
4012,,,,,2019-07-23T12:03:01Z,46.77458333,13.16835000,2149.00,
4013,,,,,2019-07-23T12:03:02Z,46.77443333,13.16846667,2149.00,
4014,,,,,2019-07-23T12:03:03Z,46.77428333,13.16858333,2150.00,
4015,,,,,2019-07-23T12:03:04Z,46.77413333,13.16866667,2152.00,
4016,,,,,2019-07-23T12:03:05Z,46.77398333,13.16871667,2151.00,
4017,,,,,2019-07-23T12:03:06Z,46.77385000,13.16875000,2152.00,
4018,,,,,2019-07-23T12:03:07Z,46.77371667,13.16875000,2154.00,
4019,,,,,2019-07-23T12:03:08Z,46.77360000,13.16871667,2155.00,
4020,,,,,2019-07-23T12:03:09Z,46.77348333,13.16866667,2157.00,
4021,,,,,2019-07-23T12:03:10Z,46.77338333,13.16858333,2159.00,
4022,,,,,2019-07-23T12:03:11Z,46.77330000,13.16845000,2159.00,
4023,,,,,2019-07-23T12:03:12Z,46.77325000,13.16828333,2158.00,
4024,,,,,2019-07-23T12:03:13Z,46.77323333,13.16810000,2158.00,
4025,,,,,2019-07-23T12:03:14Z,46.77323333,13.16791667,2159.00,
4026,,,,,2019-07-23T12:03:15Z,46.77328333,13.16773333,2158.00,
4027,,,,,2019-07-23T12:03:16Z,46.77336667,13.16756667,2159.00,
4028,,,,,2019-07-23T12:03:17Z,46.77346667,13.16741667,2161.00,
4029,,,,,2019-07-23T12:03:18Z,46.77360000,13.16728333,2163.00,
4030,,,,,2019-07-23T12:03:19Z,46.77375000,13.16721667,2165.00,
4031,,,,,2019-07-23T12:03:20Z,46.77391667,13.16723333,2167.00,
4032,,,,,2019-07-23T12:03:21Z,46.77408333,13.16730000,2168.00,
4033,,,,,2019-07-23T12:03:22Z,46.77423333,13.16743333,2167.00,
4034,,,,,2019-07-23T12:03:23Z,46.77436667,13.16763333,2167.00,
4035,,,,,2019-07-23T12:03:24Z,46.77446667,13.16786667,2165.00,
4036,,,,,2019-07-23T12:03:25Z,46.77455000,13.16813333,2164.00,
4037,,,,,2019-07-23T12:03:26Z,46.77460000,13.16840000,2164.00,
4038,,,,,2019-07-23T12:03:27Z,46.77466667,13.16865000,2166.00,
4039,,,,,2019-07-23T12:03:28Z,46.77471667,13.16891667,2167.00,
4040,,,,,2019-07-23T12:03:29Z,46.77475000,13.16918333,2166.00,
4041,,,,,2019-07-23T12:03:30Z,46.77480000,13.16945000,2167.00,
4042,,,,,2019-07-23T12:03:31Z,46.77483333,13.16971667,2169.00,
4043,,,,,2019-07-23T12:03:32Z,46.77488333,13.16998333,2168.00,
4044,,,,,2019-07-23T12:03:33Z,46.77491667,13.17025000,2169.00,
4045,,,,,2019-07-23T12:03:34Z,46.77496667,13.17050000,2170.00,
4046,,,,,2019-07-23T12:03:35Z,46.77500000,13.17076667,2170.00,
4047,,,,,2019-07-23T12:03:36Z,46.77501667,13.17103333,2170.00,
4048,,,,,2019-07-23T12:03:37Z,46.77503333,13.17128333,2168.00,
4049,,,,,2019-07-23T12:03:38Z,46.77505000,13.17151667,2168.00,
4050,,,,,2019-07-23T12:03:39Z,46.77505000,13.17175000,2166.00,
4051,,,,,2019-07-23T12:03:40Z,46.77506667,13.17200000,2166.00,
4052,,,,,2019-07-23T12:03:41Z,46.77510000,13.17226667,2163.00,
4053,,,,,2019-07-23T12:03:42Z,46.77511667,13.17253333,2159.00,
4054,,,,,2019-07-23T12:03:43Z,46.77513333,13.17280000,2157.00,
4055,,,,,2019-07-23T12:03:44Z,46.77513333,13.17306667,2153.00,
4056,,,,,2019-07-23T12:03:45Z,46.77513333,13.17333333,2151.00,
4057,,,,,2019-07-23T12:03:46Z,46.77511667,13.17358333,2149.00,
4058,,,,,2019-07-23T12:03:47Z,46.77510000,13.17381667,2147.00,
4059,,,,,2019-07-23T12:03:48Z,46.77510000,13.17405000,2147.00,
4060,,,,,2019-07-23T12:03:49Z,46.77511667,13.17430000,2145.00,
4061,,,,,2019-07-23T12:03:50Z,46.77515000,13.17455000,2144.00,
4062,,,,,2019-07-23T12:03:51Z,46.77516667,13.17480000,2140.00,
4063,,,,,2019-07-23T12:03:52Z,46.77520000,13.17505000,2140.00,
4064,,,,,2019-07-23T12:03:53Z,46.77523333,13.17531667,2138.00,
4065,,,,,2019-07-23T12:03:54Z,46.77528333,13.17560000,2135.00,
4066,,,,,2019-07-23T12:03:55Z,46.77531667,13.17586667,2132.00,
4067,,,,,2019-07-23T12:03:56Z,46.77535000,13.17613333,2127.00,
4068,,,,,2019-07-23T12:03:57Z,46.77538333,13.17638333,2124.00,
4069,,,,,2019-07-23T12:03:58Z,46.77541667,13.17661667,2125.00,
4070,,,,,2019-07-23T12:03:59Z,46.77545000,13.17683333,2124.00,
4071,,,,,2019-07-23T12:04:00Z,46.77550000,13.17706667,2121.00,
4072,,,,,2019-07-23T12:04:01Z,46.77555000,13.17728333,2121.00,
4073,,,,,2019-07-23T12:04:02Z,46.77558333,13.17751667,2118.00,
4074,,,,,2019-07-23T12:04:03Z,46.77563333,13.17773333,2118.00,
4075,,,,,2019-07-23T12:04:04Z,46.77566667,13.17798333,2118.00,
4076,,,,,2019-07-23T12:04:05Z,46.77568333,13.17821667,2115.00,
4077,,,,,2019-07-23T12:04:06Z,46.77570000,13.17846667,2112.00,
4078,,,,,2019-07-23T12:04:07Z,46.77571667,13.17871667,2110.00,
4079,,,,,2019-07-23T12:04:08Z,46.77571667,13.17896667,2107.00,
4080,,,,,2019-07-23T12:04:09Z,46.77573333,13.17921667,2104.00,
4081,,,,,2019-07-23T12:04:10Z,46.77575000,13.17945000,2102.00,
4082,,,,,2019-07-23T12:04:11Z,46.77576667,13.17968333,2100.00,
4083,,,,,2019-07-23T12:04:12Z,46.77576667,13.17991667,2099.00,
4084,,,,,2019-07-23T12:04:13Z,46.77578333,13.18015000,2096.00,
4085,,,,,2019-07-23T12:04:14Z,46.77580000,13.18038333,2093.00,
4086,,,,,2019-07-23T12:04:15Z,46.77581667,13.18061667,2089.00,
4087,,,,,2019-07-23T12:04:16Z,46.77583333,13.18086667,2086.00,
4088,,,,,2019-07-23T12:04:17Z,46.77586667,13.18111667,2081.00,
4089,,,,,2019-07-23T12:04:18Z,46.77588333,13.18136667,2077.00,
4090,,,,,2019-07-23T12:04:19Z,46.77591667,13.18160000,2077.00,
4091,,,,,2019-07-23T12:04:20Z,46.77595000,13.18186667,2076.00,
4092,,,,,2019-07-23T12:04:21Z,46.77598333,13.18213333,2074.00,
4093,,,,,2019-07-23T12:04:22Z,46.77600000,13.18238333,2073.00,
4094,,,,,2019-07-23T12:04:23Z,46.77601667,13.18263333,2071.00,
4095,,,,,2019-07-23T12:04:24Z,46.77601667,13.18288333,2070.00,
4096,,,,,2019-07-23T12:04:25Z,46.77603333,13.18310000,2068.00,
4097,,,,,2019-07-23T12:04:26Z,46.77603333,13.18331667,2067.00,
4098,,,,,2019-07-23T12:04:27Z,46.77603333,13.18355000,2068.00,
4099,,,,,2019-07-23T12:04:28Z,46.77605000,13.18378333,2067.00,
4100,,,,,2019-07-23T12:04:29Z,46.77608333,13.18401667,2065.00,
4101,,,,,2019-07-23T12:04:30Z,46.77610000,13.18428333,2063.00,
4102,,,,,2019-07-23T12:04:31Z,46.77613333,13.18453333,2061.00,
4103,,,,,2019-07-23T12:04:32Z,46.77615000,13.18480000,2058.00,
4104,,,,,2019-07-23T12:04:33Z,46.77618333,13.18506667,2053.00,
4105,,,,,2019-07-23T12:04:34Z,46.77621667,13.18531667,2054.00,
4106,,,,,2019-07-23T12:04:35Z,46.77625000,13.18558333,2053.00,
4107,,,,,2019-07-23T12:04:36Z,46.77630000,13.18583333,2052.00,
4108,,,,,2019-07-23T12:04:37Z,46.77635000,13.18606667,2049.00,
4109,,,,,2019-07-23T12:04:38Z,46.77640000,13.18630000,2046.00,
4110,,,,,2019-07-23T12:04:39Z,46.77645000,13.18653333,2046.00,
4111,,,,,2019-07-23T12:04:40Z,46.77650000,13.18676667,2046.00,
4112,,,,,2019-07-23T12:04:41Z,46.77656667,13.18698333,2045.00,
4113,,,,,2019-07-23T12:04:42Z,46.77663333,13.18720000,2042.00,
4114,,,,,2019-07-23T12:04:43Z,46.77673333,13.18741667,2041.00,
4115,,,,,2019-07-23T12:04:44Z,46.77683333,13.18763333,2038.00,
4116,,,,,2019-07-23T12:04:45Z,46.77693333,13.18786667,2035.00,
4117,,,,,2019-07-23T12:04:46Z,46.77703333,13.18806667,2032.00,
4118,,,,,2019-07-23T12:04:47Z,46.77715000,13.18830000,2029.00,
4119,,,,,2019-07-23T12:04:48Z,46.77725000,13.18851667,2028.00,
4120,,,,,2019-07-23T12:04:49Z,46.77735000,13.18876667,2026.00,
4121,,,,,2019-07-23T12:04:50Z,46.77743333,13.18901667,2024.00,
4122,,,,,2019-07-23T12:04:51Z,46.77751667,13.18928333,2023.00,
4123,,,,,2019-07-23T12:04:52Z,46.77756667,13.18955000,2022.00,
4124,,,,,2019-07-23T12:04:53Z,46.77763333,13.18980000,2021.00,
4125,,,,,2019-07-23T12:04:54Z,46.77770000,13.19006667,2022.00,
4126,,,,,2019-07-23T12:04:55Z,46.77778333,13.19030000,2022.00,
4127,,,,,2019-07-23T12:04:56Z,46.77788333,13.19053333,2021.00,
4128,,,,,2019-07-23T12:04:57Z,46.77798333,13.19076667,2020.00,
4129,,,,,2019-07-23T12:04:58Z,46.77806667,13.19100000,2016.00,
4130,,,,,2019-07-23T12:04:59Z,46.77815000,13.19123333,2016.00,
4131,,,,,2019-07-23T12:05:00Z,46.77823333,13.19146667,2017.00,
4132,,,,,2019-07-23T12:05:01Z,46.77828333,13.19171667,2016.00,
4133,,,,,2019-07-23T12:05:02Z,46.77833333,13.19196667,2015.00,
4134,,,,,2019-07-23T12:05:03Z,46.77838333,13.19221667,2013.00,
4135,,,,,2019-07-23T12:05:04Z,46.77843333,13.19248333,2013.00,
4136,,,,,2019-07-23T12:05:05Z,46.77846667,13.19273333,2012.00,
4137,,,,,2019-07-23T12:05:06Z,46.77851667,13.19301667,2011.00,
4138,,,,,2019-07-23T12:05:07Z,46.77858333,13.19328333,2010.00,
4139,,,,,2019-07-23T12:05:08Z,46.77863333,13.19355000,2007.00,
4140,,,,,2019-07-23T12:05:09Z,46.77870000,13.19381667,2006.00,
4141,,,,,2019-07-23T12:05:10Z,46.77880000,13.19408333,2003.00,
4142,,,,,2019-07-23T12:05:11Z,46.77890000,13.19433333,2000.00,
4143,,,,,2019-07-23T12:05:12Z,46.77903333,13.19455000,1999.00,
4144,,,,,2019-07-23T12:05:13Z,46.77916667,13.19478333,1998.00,
4145,,,,,2019-07-23T12:05:14Z,46.77928333,13.19500000,1996.00,
4146,,,,,2019-07-23T12:05:15Z,46.77940000,13.19520000,1993.00,
4147,,,,,2019-07-23T12:05:16Z,46.77951667,13.19541667,1990.00,
4148,,,,,2019-07-23T12:05:17Z,46.77963333,13.19560000,1989.00,
4149,,,,,2019-07-23T12:05:18Z,46.77976667,13.19576667,1988.00,
4150,,,,,2019-07-23T12:05:19Z,46.77991667,13.19591667,1989.00,
4151,,,,,2019-07-23T12:05:20Z,46.78005000,13.19608333,1990.00,
4152,,,,,2019-07-23T12:05:21Z,46.78020000,13.19623333,1990.00,
4153,,,,,2019-07-23T12:05:22Z,46.78033333,13.19643333,1986.00,
4154,,,,,2019-07-23T12:05:23Z,46.78046667,13.19663333,1984.00,
4155,,,,,2019-07-23T12:05:24Z,46.78060000,13.19685000,1984.00,
4156,,,,,2019-07-23T12:05:25Z,46.78071667,13.19705000,1986.00,
4157,,,,,2019-07-23T12:05:26Z,46.78083333,13.19726667,1987.00,
4158,,,,,2019-07-23T12:05:27Z,46.78093333,13.19746667,1988.00,
4159,,,,,2019-07-23T12:05:28Z,46.78101667,13.19768333,1988.00,
4160,,,,,2019-07-23T12:05:29Z,46.78111667,13.19788333,1988.00,
4161,,,,,2019-07-23T12:05:30Z,46.78121667,13.19806667,1990.00,
4162,,,,,2019-07-23T12:05:31Z,46.78133333,13.19821667,1993.00,
4163,,,,,2019-07-23T12:05:32Z,46.78145000,13.19836667,1995.00,
4164,,,,,2019-07-23T12:05:33Z,46.78160000,13.19848333,1998.00,
4165,,,,,2019-07-23T12:05:34Z,46.78175000,13.19860000,2001.00,
4166,,,,,2019-07-23T12:05:35Z,46.78191667,13.19870000,2003.00,
4167,,,,,2019-07-23T12:05:36Z,46.78208333,13.19876667,2003.00,
4168,,,,,2019-07-23T12:05:37Z,46.78226667,13.19881667,2004.00,
4169,,,,,2019-07-23T12:05:38Z,46.78245000,13.19883333,2006.00,
4170,,,,,2019-07-23T12:05:39Z,46.78265000,13.19880000,2008.00,
4171,,,,,2019-07-23T12:05:40Z,46.78281667,13.19873333,2011.00,
4172,,,,,2019-07-23T12:05:41Z,46.78300000,13.19863333,2013.00,
4173,,,,,2019-07-23T12:05:42Z,46.78316667,13.19853333,2015.00,
4174,,,,,2019-07-23T12:05:43Z,46.78331667,13.19838333,2020.00,
4175,,,,,2019-07-23T12:05:44Z,46.78348333,13.19823333,2021.00,
4176,,,,,2019-07-23T12:05:45Z,46.78363333,13.19808333,2026.00,
4177,,,,,2019-07-23T12:05:46Z,46.78380000,13.19795000,2033.00,
4178,,,,,2019-07-23T12:05:47Z,46.78395000,13.19783333,2036.00,
4179,,,,,2019-07-23T12:05:48Z,46.78410000,13.19770000,2039.00,
4180,,,,,2019-07-23T12:05:49Z,46.78421667,13.19756667,2043.00,
4181,,,,,2019-07-23T12:05:50Z,46.78431667,13.19741667,2047.00,
4182,,,,,2019-07-23T12:05:51Z,46.78436667,13.19721667,2052.00,
4183,,,,,2019-07-23T12:05:52Z,46.78440000,13.19701667,2054.00,
4184,,,,,2019-07-23T12:05:53Z,46.78436667,13.19680000,2056.00,
4185,,,,,2019-07-23T12:05:54Z,46.78430000,13.19660000,2057.00,
4186,,,,,2019-07-23T12:05:55Z,46.78421667,13.19643333,2056.00,
4187,,,,,2019-07-23T12:05:56Z,46.78411667,13.19633333,2059.00,
4188,,,,,2019-07-23T12:05:57Z,46.78400000,13.19626667,2064.00,
4189,,,,,2019-07-23T12:05:58Z,46.78390000,13.19623333,2065.00,
4190,,,,,2019-07-23T12:05:59Z,46.78380000,13.19620000,2069.00,
4191,,,,,2019-07-23T12:06:00Z,46.78370000,13.19620000,2071.00,
4192,,,,,2019-07-23T12:06:01Z,46.78358333,13.19620000,2072.00,
4193,,,,,2019-07-23T12:06:02Z,46.78346667,13.19623333,2074.00,
4194,,,,,2019-07-23T12:06:03Z,46.78335000,13.19626667,2077.00,
4195,,,,,2019-07-23T12:06:04Z,46.78325000,13.19631667,2079.00,
4196,,,,,2019-07-23T12:06:05Z,46.78315000,13.19640000,2082.00,
4197,,,,,2019-07-23T12:06:06Z,46.78306667,13.19648333,2084.00,
4198,,,,,2019-07-23T12:06:07Z,46.78298333,13.19660000,2087.00,
4199,,,,,2019-07-23T12:06:08Z,46.78293333,13.19673333,2087.00,
4200,,,,,2019-07-23T12:06:09Z,46.78290000,13.19690000,2088.00,
4201,,,,,2019-07-23T12:06:10Z,46.78290000,13.19710000,2089.00,
4202,,,,,2019-07-23T12:06:11Z,46.78295000,13.19731667,2090.00,
4203,,,,,2019-07-23T12:06:12Z,46.78303333,13.19753333,2091.00,
4204,,,,,2019-07-23T12:06:13Z,46.78315000,13.19775000,2094.00,
4205,,,,,2019-07-23T12:06:14Z,46.78328333,13.19795000,2096.00,
4206,,,,,2019-07-23T12:06:15Z,46.78341667,13.19811667,2098.00,
4207,,,,,2019-07-23T12:06:16Z,46.78355000,13.19826667,2099.00,
4208,,,,,2019-07-23T12:06:17Z,46.78370000,13.19838333,2101.00,
4209,,,,,2019-07-23T12:06:18Z,46.78385000,13.19850000,2104.00,
4210,,,,,2019-07-23T12:06:19Z,46.78401667,13.19856667,2108.00,
4211,,,,,2019-07-23T12:06:20Z,46.78420000,13.19858333,2111.00,
4212,,,,,2019-07-23T12:06:21Z,46.78436667,13.19855000,2115.00,
4213,,,,,2019-07-23T12:06:22Z,46.78455000,13.19846667,2116.00,
4214,,,,,2019-07-23T12:06:23Z,46.78470000,13.19831667,2119.00,
4215,,,,,2019-07-23T12:06:24Z,46.78480000,13.19811667,2122.00,
4216,,,,,2019-07-23T12:06:25Z,46.78485000,13.19790000,2125.00,
4217,,,,,2019-07-23T12:06:26Z,46.78486667,13.19768333,2128.00,
4218,,,,,2019-07-23T12:06:27Z,46.78480000,13.19750000,2131.00,
4219,,,,,2019-07-23T12:06:28Z,46.78470000,13.19738333,2133.00,
4220,,,,,2019-07-23T12:06:29Z,46.78458333,13.19733333,2136.00,
4221,,,,,2019-07-23T12:06:30Z,46.78445000,13.19733333,2137.00,
4222,,,,,2019-07-23T12:06:31Z,46.78433333,13.19741667,2139.00,
4223,,,,,2019-07-23T12:06:32Z,46.78423333,13.19755000,2142.00,
4224,,,,,2019-07-23T12:06:33Z,46.78416667,13.19771667,2144.00,
4225,,,,,2019-07-23T12:06:34Z,46.78415000,13.19791667,2145.00,
4226,,,,,2019-07-23T12:06:35Z,46.78418333,13.19811667,2147.00,
4227,,,,,2019-07-23T12:06:36Z,46.78425000,13.19830000,2149.00,
4228,,,,,2019-07-23T12:06:37Z,46.78436667,13.19845000,2152.00,
4229,,,,,2019-07-23T12:06:38Z,46.78453333,13.19851667,2155.00,
4230,,,,,2019-07-23T12:06:39Z,46.78471667,13.19850000,2157.00,
4231,,,,,2019-07-23T12:06:40Z,46.78488333,13.19840000,2159.00,
4232,,,,,2019-07-23T12:06:41Z,46.78500000,13.19823333,2161.00,
4233,,,,,2019-07-23T12:06:42Z,46.78506667,13.19801667,2164.00,
4234,,,,,2019-07-23T12:06:43Z,46.78505000,13.19778333,2168.00,
4235,,,,,2019-07-23T12:06:44Z,46.78498333,13.19760000,2170.00,
4236,,,,,2019-07-23T12:06:45Z,46.78488333,13.19750000,2171.00,
4237,,,,,2019-07-23T12:06:46Z,46.78475000,13.19748333,2172.00,
4238,,,,,2019-07-23T12:06:47Z,46.78463333,13.19756667,2173.00,
4239,,,,,2019-07-23T12:06:48Z,46.78455000,13.19770000,2173.00,
4240,,,,,2019-07-23T12:06:49Z,46.78446667,13.19788333,2175.00,
4241,,,,,2019-07-23T12:06:50Z,46.78443333,13.19811667,2178.00,
4242,,,,,2019-07-23T12:06:51Z,46.78445000,13.19835000,2180.00,
4243,,,,,2019-07-23T12:06:52Z,46.78450000,13.19860000,2184.00,
4244,,,,,2019-07-23T12:06:53Z,46.78453333,13.19881667,2187.00,
4245,,,,,2019-07-23T12:06:54Z,46.78456667,13.19903333,2186.00,
4246,,,,,2019-07-23T12:06:55Z,46.78463333,13.19923333,2187.00,
4247,,,,,2019-07-23T12:06:56Z,46.78475000,13.19940000,2189.00,
4248,,,,,2019-07-23T12:06:57Z,46.78491667,13.19951667,2191.00,
4249,,,,,2019-07-23T12:06:58Z,46.78511667,13.19958333,2194.00,
4250,,,,,2019-07-23T12:06:59Z,46.78531667,13.19960000,2198.00,
4251,,,,,2019-07-23T12:07:00Z,46.78551667,13.19963333,2202.00,
4252,,,,,2019-07-23T12:07:01Z,46.78566667,13.19963333,2205.00,
4253,,,,,2019-07-23T12:07:02Z,46.78583333,13.19965000,2206.00,
4254,,,,,2019-07-23T12:07:03Z,46.78600000,13.19966667,2205.00,
4255,,,,,2019-07-23T12:07:04Z,46.78616667,13.19965000,2204.00,
4256,,,,,2019-07-23T12:07:05Z,46.78633333,13.19955000,2204.00,
4257,,,,,2019-07-23T12:07:06Z,46.78646667,13.19938333,2205.00,
4258,,,,,2019-07-23T12:07:07Z,46.78658333,13.19916667,2206.00,
4259,,,,,2019-07-23T12:07:08Z,46.78663333,13.19890000,2209.00,
4260,,,,,2019-07-23T12:07:09Z,46.78665000,13.19865000,2212.00,
4261,,,,,2019-07-23T12:07:10Z,46.78663333,13.19843333,2216.00,
4262,,,,,2019-07-23T12:07:11Z,46.78660000,13.19825000,2217.00,
4263,,,,,2019-07-23T12:07:12Z,46.78656667,13.19810000,2220.00,
4264,,,,,2019-07-23T12:07:13Z,46.78650000,13.19796667,2224.00,
4265,,,,,2019-07-23T12:07:14Z,46.78641667,13.19785000,2226.00,
4266,,,,,2019-07-23T12:07:15Z,46.78631667,13.19776667,2229.00,
4267,,,,,2019-07-23T12:07:16Z,46.78618333,13.19770000,2231.00,
4268,,,,,2019-07-23T12:07:17Z,46.78606667,13.19763333,2233.00,
4269,,,,,2019-07-23T12:07:18Z,46.78593333,13.19756667,2233.00,
4270,,,,,2019-07-23T12:07:19Z,46.78580000,13.19755000,2235.00,
4271,,,,,2019-07-23T12:07:20Z,46.78566667,13.19755000,2236.00,
4272,,,,,2019-07-23T12:07:21Z,46.78553333,13.19756667,2239.00,
4273,,,,,2019-07-23T12:07:22Z,46.78541667,13.19761667,2243.00,
4274,,,,,2019-07-23T12:07:23Z,46.78528333,13.19766667,2247.00,
4275,,,,,2019-07-23T12:07:24Z,46.78515000,13.19770000,2251.00,
4276,,,,,2019-07-23T12:07:25Z,46.78501667,13.19770000,2251.00,
4277,,,,,2019-07-23T12:07:26Z,46.78490000,13.19770000,2250.00,
4278,,,,,2019-07-23T12:07:27Z,46.78481667,13.19770000,2253.00,
4279,,,,,2019-07-23T12:07:28Z,46.78471667,13.19775000,2256.00,
4280,,,,,2019-07-23T12:07:29Z,46.78463333,13.19785000,2256.00,
4281,,,,,2019-07-23T12:07:30Z,46.78458333,13.19803333,2258.00,
4282,,,,,2019-07-23T12:07:31Z,46.78455000,13.19825000,2258.00,
4283,,,,,2019-07-23T12:07:32Z,46.78453333,13.19850000,2260.00,
4284,,,,,2019-07-23T12:07:33Z,46.78453333,13.19873333,2259.00,
4285,,,,,2019-07-23T12:07:34Z,46.78455000,13.19896667,2258.00,
4286,,,,,2019-07-23T12:07:35Z,46.78456667,13.19918333,2258.00,
4287,,,,,2019-07-23T12:07:36Z,46.78461667,13.19938333,2260.00,
4288,,,,,2019-07-23T12:07:37Z,46.78468333,13.19960000,2261.00,
4289,,,,,2019-07-23T12:07:38Z,46.78476667,13.19980000,2263.00,
4290,,,,,2019-07-23T12:07:39Z,46.78485000,13.20000000,2265.00,
4291,,,,,2019-07-23T12:07:40Z,46.78495000,13.20021667,2267.00,
4292,,,,,2019-07-23T12:07:41Z,46.78505000,13.20043333,2268.00,
4293,,,,,2019-07-23T12:07:42Z,46.78516667,13.20063333,2269.00,
4294,,,,,2019-07-23T12:07:43Z,46.78530000,13.20081667,2271.00,
4295,,,,,2019-07-23T12:07:44Z,46.78545000,13.20096667,2276.00,
4296,,,,,2019-07-23T12:07:45Z,46.78563333,13.20106667,2279.00,
4297,,,,,2019-07-23T12:07:46Z,46.78581667,13.20113333,2282.00,
4298,,,,,2019-07-23T12:07:47Z,46.78601667,13.20115000,2286.00,
4299,,,,,2019-07-23T12:07:48Z,46.78620000,13.20111667,2289.00,
4300,,,,,2019-07-23T12:07:49Z,46.78640000,13.20106667,2290.00,
4301,,,,,2019-07-23T12:07:50Z,46.78656667,13.20096667,2292.00,
4302,,,,,2019-07-23T12:07:51Z,46.78671667,13.20081667,2296.00,
4303,,,,,2019-07-23T12:07:52Z,46.78683333,13.20065000,2299.00,
4304,,,,,2019-07-23T12:07:53Z,46.78690000,13.20045000,2303.00,
4305,,,,,2019-07-23T12:07:54Z,46.78695000,13.20023333,2306.00,
4306,,,,,2019-07-23T12:07:55Z,46.78696667,13.20001667,2310.00,
4307,,,,,2019-07-23T12:07:56Z,46.78695000,13.19981667,2312.00,
4308,,,,,2019-07-23T12:07:57Z,46.78690000,13.19961667,2315.00,
4309,,,,,2019-07-23T12:07:58Z,46.78681667,13.19943333,2315.00,
4310,,,,,2019-07-23T12:07:59Z,46.78671667,13.19926667,2317.00,
4311,,,,,2019-07-23T12:08:00Z,46.78660000,13.19915000,2317.00,
4312,,,,,2019-07-23T12:08:01Z,46.78646667,13.19906667,2319.00,
4313,,,,,2019-07-23T12:08:02Z,46.78633333,13.19905000,2322.00,
4314,,,,,2019-07-23T12:08:03Z,46.78620000,13.19906667,2324.00,
4315,,,,,2019-07-23T12:08:04Z,46.78608333,13.19913333,2326.00,
4316,,,,,2019-07-23T12:08:05Z,46.78600000,13.19926667,2329.00,
4317,,,,,2019-07-23T12:08:06Z,46.78591667,13.19943333,2332.00,
4318,,,,,2019-07-23T12:08:07Z,46.78588333,13.19965000,2334.00,
4319,,,,,2019-07-23T12:08:08Z,46.78586667,13.19990000,2337.00,
4320,,,,,2019-07-23T12:08:09Z,46.78590000,13.20013333,2339.00,
4321,,,,,2019-07-23T12:08:10Z,46.78595000,13.20038333,2342.00,
4322,,,,,2019-07-23T12:08:11Z,46.78603333,13.20060000,2346.00,
4323,,,,,2019-07-23T12:08:12Z,46.78615000,13.20078333,2347.00,
4324,,,,,2019-07-23T12:08:13Z,46.78626667,13.20095000,2349.00,
4325,,,,,2019-07-23T12:08:14Z,46.78641667,13.20106667,2352.00,
4326,,,,,2019-07-23T12:08:15Z,46.78660000,13.20111667,2356.00,
4327,,,,,2019-07-23T12:08:16Z,46.78680000,13.20106667,2359.00,
4328,,,,,2019-07-23T12:08:17Z,46.78696667,13.20096667,2361.00,
4329,,,,,2019-07-23T12:08:18Z,46.78711667,13.20080000,2363.00,
4330,,,,,2019-07-23T12:08:19Z,46.78721667,13.20061667,2365.00,
4331,,,,,2019-07-23T12:08:20Z,46.78728333,13.20043333,2366.00,
4332,,,,,2019-07-23T12:08:21Z,46.78728333,13.20021667,2370.00,
4333,,,,,2019-07-23T12:08:22Z,46.78725000,13.20001667,2371.00,
4334,,,,,2019-07-23T12:08:23Z,46.78718333,13.19983333,2373.00,
4335,,,,,2019-07-23T12:08:24Z,46.78706667,13.19970000,2374.00,
4336,,,,,2019-07-23T12:08:25Z,46.78693333,13.19960000,2375.00,
4337,,,,,2019-07-23T12:08:26Z,46.78678333,13.19958333,2376.00,
4338,,,,,2019-07-23T12:08:27Z,46.78663333,13.19963333,2378.00,
4339,,,,,2019-07-23T12:08:28Z,46.78651667,13.19976667,2379.00,
4340,,,,,2019-07-23T12:08:29Z,46.78643333,13.19991667,2381.00,
4341,,,,,2019-07-23T12:08:30Z,46.78638333,13.20010000,2384.00,
4342,,,,,2019-07-23T12:08:31Z,46.78636667,13.20031667,2388.00,
4343,,,,,2019-07-23T12:08:32Z,46.78640000,13.20055000,2391.00,
4344,,,,,2019-07-23T12:08:33Z,46.78650000,13.20076667,2392.00,
4345,,,,,2019-07-23T12:08:34Z,46.78663333,13.20095000,2394.00,
4346,,,,,2019-07-23T12:08:35Z,46.78680000,13.20111667,2397.00,
4347,,,,,2019-07-23T12:08:36Z,46.78698333,13.20123333,2399.00,
4348,,,,,2019-07-23T12:08:37Z,46.78718333,13.20131667,2398.00,
4349,,,,,2019-07-23T12:08:38Z,46.78738333,13.20135000,2397.00,
4350,,,,,2019-07-23T12:08:39Z,46.78756667,13.20131667,2398.00,
4351,,,,,2019-07-23T12:08:40Z,46.78775000,13.20118333,2401.00,
4352,,,,,2019-07-23T12:08:41Z,46.78788333,13.20098333,2403.00,
4353,,,,,2019-07-23T12:08:42Z,46.78798333,13.20073333,2404.00,
4354,,,,,2019-07-23T12:08:43Z,46.78803333,13.20048333,2405.00,
4355,,,,,2019-07-23T12:08:44Z,46.78803333,13.20023333,2406.00,
4356,,,,,2019-07-23T12:08:45Z,46.78798333,13.20000000,2408.00,
4357,,,,,2019-07-23T12:08:46Z,46.78790000,13.19978333,2411.00,
4358,,,,,2019-07-23T12:08:47Z,46.78778333,13.19961667,2411.00,
4359,,,,,2019-07-23T12:08:48Z,46.78765000,13.19946667,2412.00,
4360,,,,,2019-07-23T12:08:49Z,46.78750000,13.19936667,2412.00,
4361,,,,,2019-07-23T12:08:50Z,46.78735000,13.19930000,2412.00,
4362,,,,,2019-07-23T12:08:51Z,46.78720000,13.19925000,2413.00,
4363,,,,,2019-07-23T12:08:52Z,46.78705000,13.19925000,2417.00,
4364,,,,,2019-07-23T12:08:53Z,46.78690000,13.19928333,2419.00,
4365,,,,,2019-07-23T12:08:54Z,46.78678333,13.19935000,2421.00,
4366,,,,,2019-07-23T12:08:55Z,46.78666667,13.19943333,2426.00,
4367,,,,,2019-07-23T12:08:56Z,46.78655000,13.19953333,2427.00,
4368,,,,,2019-07-23T12:08:57Z,46.78645000,13.19963333,2426.00,
4369,,,,,2019-07-23T12:08:58Z,46.78633333,13.19978333,2431.00,
4370,,,,,2019-07-23T12:08:59Z,46.78625000,13.19995000,2434.00,
4371,,,,,2019-07-23T12:09:00Z,46.78616667,13.20015000,2436.00,
4372,,,,,2019-07-23T12:09:01Z,46.78610000,13.20033333,2437.00,
4373,,,,,2019-07-23T12:09:02Z,46.78605000,13.20051667,2439.00,
4374,,,,,2019-07-23T12:09:03Z,46.78600000,13.20070000,2441.00,
4375,,,,,2019-07-23T12:09:04Z,46.78595000,13.20090000,2442.00,
4376,,,,,2019-07-23T12:09:05Z,46.78593333,13.20115000,2442.00,
4377,,,,,2019-07-23T12:09:06Z,46.78591667,13.20140000,2443.00,
4378,,,,,2019-07-23T12:09:07Z,46.78590000,13.20166667,2443.00,
4379,,,,,2019-07-23T12:09:08Z,46.78586667,13.20190000,2444.00,
4380,,,,,2019-07-23T12:09:09Z,46.78581667,13.20211667,2445.00,
4381,,,,,2019-07-23T12:09:10Z,46.78575000,13.20233333,2445.00,
4382,,,,,2019-07-23T12:09:11Z,46.78568333,13.20253333,2446.00,
4383,,,,,2019-07-23T12:09:12Z,46.78563333,13.20275000,2445.00,
4384,,,,,2019-07-23T12:09:13Z,46.78560000,13.20298333,2444.00,
4385,,,,,2019-07-23T12:09:14Z,46.78558333,13.20325000,2445.00,
4386,,,,,2019-07-23T12:09:15Z,46.78558333,13.20353333,2445.00,
4387,,,,,2019-07-23T12:09:16Z,46.78560000,13.20380000,2444.00,
4388,,,,,2019-07-23T12:09:17Z,46.78560000,13.20406667,2442.00,
4389,,,,,2019-07-23T12:09:18Z,46.78556667,13.20431667,2441.00,
4390,,,,,2019-07-23T12:09:19Z,46.78553333,13.20455000,2439.00,
4391,,,,,2019-07-23T12:09:20Z,46.78546667,13.20478333,2437.00,
4392,,,,,2019-07-23T12:09:21Z,46.78540000,13.20500000,2435.00,
4393,,,,,2019-07-23T12:09:22Z,46.78531667,13.20521667,2432.00,
4394,,,,,2019-07-23T12:09:23Z,46.78525000,13.20543333,2431.00,
4395,,,,,2019-07-23T12:09:24Z,46.78520000,13.20566667,2431.00,
4396,,,,,2019-07-23T12:09:25Z,46.78516667,13.20590000,2430.00,
4397,,,,,2019-07-23T12:09:26Z,46.78513333,13.20615000,2431.00,
4398,,,,,2019-07-23T12:09:27Z,46.78511667,13.20640000,2432.00,
4399,,,,,2019-07-23T12:09:28Z,46.78508333,13.20665000,2429.00,
4400,,,,,2019-07-23T12:09:29Z,46.78506667,13.20691667,2428.00,
4401,,,,,2019-07-23T12:09:30Z,46.78505000,13.20716667,2430.00,
4402,,,,,2019-07-23T12:09:31Z,46.78503333,13.20743333,2431.00,
4403,,,,,2019-07-23T12:09:32Z,46.78500000,13.20770000,2429.00,
4404,,,,,2019-07-23T12:09:33Z,46.78498333,13.20796667,2426.00,
4405,,,,,2019-07-23T12:09:34Z,46.78495000,13.20821667,2422.00,
4406,,,,,2019-07-23T12:09:35Z,46.78491667,13.20846667,2422.00,
4407,,,,,2019-07-23T12:09:36Z,46.78486667,13.20868333,2421.00,
4408,,,,,2019-07-23T12:09:37Z,46.78481667,13.20890000,2420.00,
4409,,,,,2019-07-23T12:09:38Z,46.78476667,13.20911667,2421.00,
4410,,,,,2019-07-23T12:09:39Z,46.78471667,13.20931667,2420.00,
4411,,,,,2019-07-23T12:09:40Z,46.78465000,13.20951667,2420.00,
4412,,,,,2019-07-23T12:09:41Z,46.78458333,13.20971667,2418.00,
4413,,,,,2019-07-23T12:09:42Z,46.78451667,13.20991667,2414.00,
4414,,,,,2019-07-23T12:09:43Z,46.78446667,13.21015000,2411.00,
4415,,,,,2019-07-23T12:09:44Z,46.78440000,13.21038333,2407.00,
4416,,,,,2019-07-23T12:09:45Z,46.78436667,13.21063333,2405.00,
4417,,,,,2019-07-23T12:09:46Z,46.78433333,13.21088333,2402.00,
4418,,,,,2019-07-23T12:09:47Z,46.78431667,13.21113333,2398.00,
4419,,,,,2019-07-23T12:09:48Z,46.78428333,13.21138333,2393.00,
4420,,,,,2019-07-23T12:09:49Z,46.78425000,13.21161667,2391.00,
4421,,,,,2019-07-23T12:09:50Z,46.78421667,13.21185000,2389.00,
4422,,,,,2019-07-23T12:09:51Z,46.78420000,13.21208333,2388.00,
4423,,,,,2019-07-23T12:09:52Z,46.78418333,13.21231667,2384.00,
4424,,,,,2019-07-23T12:09:53Z,46.78418333,13.21255000,2382.00,
4425,,,,,2019-07-23T12:09:54Z,46.78420000,13.21280000,2382.00,
4426,,,,,2019-07-23T12:09:55Z,46.78421667,13.21305000,2380.00,
4427,,,,,2019-07-23T12:09:56Z,46.78421667,13.21333333,2378.00,
4428,,,,,2019-07-23T12:09:57Z,46.78418333,13.21360000,2376.00,
4429,,,,,2019-07-23T12:09:58Z,46.78415000,13.21385000,2374.00,
4430,,,,,2019-07-23T12:09:59Z,46.78408333,13.21408333,2376.00,
4431,,,,,2019-07-23T12:10:00Z,46.78401667,13.21431667,2376.00,
4432,,,,,2019-07-23T12:10:01Z,46.78395000,13.21453333,2378.00,
4433,,,,,2019-07-23T12:10:02Z,46.78386667,13.21473333,2376.00,
4434,,,,,2019-07-23T12:10:03Z,46.78378333,13.21495000,2376.00,
4435,,,,,2019-07-23T12:10:04Z,46.78368333,13.21515000,2376.00,
4436,,,,,2019-07-23T12:10:05Z,46.78360000,13.21533333,2377.00,
4437,,,,,2019-07-23T12:10:06Z,46.78351667,13.21550000,2377.00,
4438,,,,,2019-07-23T12:10:07Z,46.78343333,13.21565000,2378.00,
4439,,,,,2019-07-23T12:10:08Z,46.78335000,13.21578333,2377.00,
4440,,,,,2019-07-23T12:10:09Z,46.78326667,13.21593333,2378.00,
4441,,,,,2019-07-23T12:10:10Z,46.78318333,13.21611667,2379.00,
4442,,,,,2019-07-23T12:10:11Z,46.78311667,13.21631667,2380.00,
4443,,,,,2019-07-23T12:10:12Z,46.78306667,13.21653333,2377.00,
4444,,,,,2019-07-23T12:10:13Z,46.78301667,13.21675000,2378.00,
4445,,,,,2019-07-23T12:10:14Z,46.78300000,13.21696667,2380.00,
4446,,,,,2019-07-23T12:10:15Z,46.78298333,13.21720000,2382.00,
4447,,,,,2019-07-23T12:10:16Z,46.78296667,13.21743333,2382.00,
4448,,,,,2019-07-23T12:10:17Z,46.78295000,13.21766667,2383.00,
4449,,,,,2019-07-23T12:10:18Z,46.78293333,13.21788333,2382.00,
4450,,,,,2019-07-23T12:10:19Z,46.78291667,13.21808333,2383.00,
4451,,,,,2019-07-23T12:10:20Z,46.78290000,13.21830000,2382.00,
4452,,,,,2019-07-23T12:10:21Z,46.78288333,13.21853333,2381.00,
4453,,,,,2019-07-23T12:10:22Z,46.78290000,13.21876667,2379.00,
4454,,,,,2019-07-23T12:10:23Z,46.78293333,13.21900000,2376.00,
4455,,,,,2019-07-23T12:10:24Z,46.78296667,13.21923333,2374.00,
4456,,,,,2019-07-23T12:10:25Z,46.78301667,13.21945000,2372.00,
4457,,,,,2019-07-23T12:10:26Z,46.78305000,13.21966667,2372.00,
4458,,,,,2019-07-23T12:10:27Z,46.78308333,13.21988333,2371.00,
4459,,,,,2019-07-23T12:10:28Z,46.78311667,13.22010000,2372.00,
4460,,,,,2019-07-23T12:10:29Z,46.78311667,13.22031667,2371.00,
4461,,,,,2019-07-23T12:10:30Z,46.78311667,13.22053333,2370.00,
4462,,,,,2019-07-23T12:10:31Z,46.78310000,13.22078333,2368.00,
4463,,,,,2019-07-23T12:10:32Z,46.78306667,13.22103333,2365.00,
4464,,,,,2019-07-23T12:10:33Z,46.78305000,13.22126667,2365.00,
4465,,,,,2019-07-23T12:10:34Z,46.78301667,13.22150000,2365.00,
4466,,,,,2019-07-23T12:10:35Z,46.78296667,13.22171667,2364.00,
4467,,,,,2019-07-23T12:10:36Z,46.78293333,13.22195000,2363.00,
4468,,,,,2019-07-23T12:10:37Z,46.78290000,13.22216667,2362.00,
4469,,,,,2019-07-23T12:10:38Z,46.78286667,13.22241667,2361.00,
4470,,,,,2019-07-23T12:10:39Z,46.78285000,13.22265000,2359.00,
4471,,,,,2019-07-23T12:10:40Z,46.78283333,13.22288333,2357.00,
4472,,,,,2019-07-23T12:10:41Z,46.78283333,13.22310000,2354.00,
4473,,,,,2019-07-23T12:10:42Z,46.78283333,13.22331667,2354.00,
4474,,,,,2019-07-23T12:10:43Z,46.78283333,13.22351667,2355.00,
4475,,,,,2019-07-23T12:10:44Z,46.78285000,13.22373333,2356.00,
4476,,,,,2019-07-23T12:10:45Z,46.78286667,13.22395000,2354.00,
4477,,,,,2019-07-23T12:10:46Z,46.78288333,13.22418333,2352.00,
4478,,,,,2019-07-23T12:10:47Z,46.78290000,13.22443333,2348.00,
4479,,,,,2019-07-23T12:10:48Z,46.78293333,13.22468333,2345.00,
4480,,,,,2019-07-23T12:10:49Z,46.78296667,13.22495000,2342.00,
4481,,,,,2019-07-23T12:10:50Z,46.78298333,13.22521667,2338.00,
4482,,,,,2019-07-23T12:10:51Z,46.78300000,13.22548333,2335.00,
4483,,,,,2019-07-23T12:10:52Z,46.78303333,13.22575000,2333.00,
4484,,,,,2019-07-23T12:10:53Z,46.78306667,13.22600000,2330.00,
4485,,,,,2019-07-23T12:10:54Z,46.78310000,13.22626667,2329.00,
4486,,,,,2019-07-23T12:10:55Z,46.78316667,13.22651667,2327.00,
4487,,,,,2019-07-23T12:10:56Z,46.78321667,13.22676667,2326.00,
4488,,,,,2019-07-23T12:10:57Z,46.78328333,13.22701667,2324.00,
4489,,,,,2019-07-23T12:10:58Z,46.78336667,13.22726667,2324.00,
4490,,,,,2019-07-23T12:10:59Z,46.78343333,13.22751667,2324.00,
4491,,,,,2019-07-23T12:11:00Z,46.78348333,13.22778333,2321.00,
4492,,,,,2019-07-23T12:11:01Z,46.78351667,13.22803333,2318.00,
4493,,,,,2019-07-23T12:11:02Z,46.78355000,13.22826667,2317.00,
4494,,,,,2019-07-23T12:11:03Z,46.78356667,13.22848333,2316.00,
4495,,,,,2019-07-23T12:11:04Z,46.78358333,13.22870000,2317.00,
4496,,,,,2019-07-23T12:11:05Z,46.78360000,13.22891667,2318.00,
4497,,,,,2019-07-23T12:11:06Z,46.78361667,13.22915000,2317.00,
4498,,,,,2019-07-23T12:11:07Z,46.78361667,13.22940000,2315.00,
4499,,,,,2019-07-23T12:11:08Z,46.78360000,13.22965000,2312.00,
4500,,,,,2019-07-23T12:11:09Z,46.78358333,13.22990000,2310.00,
4501,,,,,2019-07-23T12:11:10Z,46.78355000,13.23015000,2307.00,
4502,,,,,2019-07-23T12:11:11Z,46.78351667,13.23040000,2304.00,
4503,,,,,2019-07-23T12:11:12Z,46.78350000,13.23063333,2302.00,
4504,,,,,2019-07-23T12:11:13Z,46.78346667,13.23086667,2299.00,
4505,,,,,2019-07-23T12:11:14Z,46.78346667,13.23110000,2301.00,
4506,,,,,2019-07-23T12:11:15Z,46.78346667,13.23135000,2302.00,
4507,,,,,2019-07-23T12:11:16Z,46.78350000,13.23160000,2302.00,
4508,,,,,2019-07-23T12:11:17Z,46.78353333,13.23186667,2300.00,
4509,,,,,2019-07-23T12:11:18Z,46.78355000,13.23211667,2296.00,
4510,,,,,2019-07-23T12:11:19Z,46.78356667,13.23240000,2292.00,
4511,,,,,2019-07-23T12:11:20Z,46.78358333,13.23265000,2288.00,
4512,,,,,2019-07-23T12:11:21Z,46.78358333,13.23291667,2285.00,
4513,,,,,2019-07-23T12:11:22Z,46.78360000,13.23320000,2283.00,
4514,,,,,2019-07-23T12:11:23Z,46.78360000,13.23346667,2279.00,
4515,,,,,2019-07-23T12:11:24Z,46.78360000,13.23371667,2276.00,
4516,,,,,2019-07-23T12:11:25Z,46.78360000,13.23398333,2274.00,
4517,,,,,2019-07-23T12:11:26Z,46.78358333,13.23421667,2272.00,
4518,,,,,2019-07-23T12:11:27Z,46.78356667,13.23448333,2271.00,
4519,,,,,2019-07-23T12:11:28Z,46.78355000,13.23473333,2270.00,
4520,,,,,2019-07-23T12:11:29Z,46.78353333,13.23500000,2268.00,
4521,,,,,2019-07-23T12:11:30Z,46.78351667,13.23526667,2264.00,
4522,,,,,2019-07-23T12:11:31Z,46.78350000,13.23553333,2260.00,
4523,,,,,2019-07-23T12:11:32Z,46.78350000,13.23581667,2259.00,
4524,,,,,2019-07-23T12:11:33Z,46.78350000,13.23610000,2258.00,
4525,,,,,2019-07-23T12:11:34Z,46.78350000,13.23640000,2257.00,
4526,,,,,2019-07-23T12:11:35Z,46.78350000,13.23666667,2255.00,
4527,,,,,2019-07-23T12:11:36Z,46.78350000,13.23693333,2254.00,
4528,,,,,2019-07-23T12:11:37Z,46.78350000,13.23720000,2254.00,
4529,,,,,2019-07-23T12:11:38Z,46.78348333,13.23745000,2255.00,
4530,,,,,2019-07-23T12:11:39Z,46.78346667,13.23770000,2255.00,
4531,,,,,2019-07-23T12:11:40Z,46.78345000,13.23795000,2253.00,
4532,,,,,2019-07-23T12:11:41Z,46.78345000,13.23818333,2254.00,
4533,,,,,2019-07-23T12:11:42Z,46.78345000,13.23841667,2253.00,
4534,,,,,2019-07-23T12:11:43Z,46.78346667,13.23865000,2253.00,
4535,,,,,2019-07-23T12:11:44Z,46.78348333,13.23888333,2252.00,
4536,,,,,2019-07-23T12:11:45Z,46.78350000,13.23911667,2250.00,
4537,,,,,2019-07-23T12:11:46Z,46.78351667,13.23936667,2251.00,
4538,,,,,2019-07-23T12:11:47Z,46.78353333,13.23961667,2250.00,
4539,,,,,2019-07-23T12:11:48Z,46.78353333,13.23986667,2249.00,
4540,,,,,2019-07-23T12:11:49Z,46.78351667,13.24011667,2248.00,
4541,,,,,2019-07-23T12:11:50Z,46.78348333,13.24036667,2247.00,
4542,,,,,2019-07-23T12:11:51Z,46.78343333,13.24061667,2245.00,
4543,,,,,2019-07-23T12:11:52Z,46.78341667,13.24086667,2242.00,
4544,,,,,2019-07-23T12:11:53Z,46.78338333,13.24110000,2242.00,
4545,,,,,2019-07-23T12:11:54Z,46.78340000,13.24135000,2242.00,
4546,,,,,2019-07-23T12:11:55Z,46.78341667,13.24161667,2242.00,
4547,,,,,2019-07-23T12:11:56Z,46.78345000,13.24186667,2240.00,
4548,,,,,2019-07-23T12:11:57Z,46.78350000,13.24211667,2237.00,
4549,,,,,2019-07-23T12:11:58Z,46.78353333,13.24236667,2235.00,
4550,,,,,2019-07-23T12:11:59Z,46.78356667,13.24261667,2234.00,
4551,,,,,2019-07-23T12:12:00Z,46.78358333,13.24288333,2233.00,
4552,,,,,2019-07-23T12:12:01Z,46.78358333,13.24313333,2232.00,
4553,,,,,2019-07-23T12:12:02Z,46.78358333,13.24340000,2233.00,
4554,,,,,2019-07-23T12:12:03Z,46.78356667,13.24366667,2233.00,
4555,,,,,2019-07-23T12:12:04Z,46.78353333,13.24391667,2232.00,
4556,,,,,2019-07-23T12:12:05Z,46.78350000,13.24418333,2229.00,
4557,,,,,2019-07-23T12:12:06Z,46.78346667,13.24443333,2229.00,
4558,,,,,2019-07-23T12:12:07Z,46.78343333,13.24468333,2229.00,
4559,,,,,2019-07-23T12:12:08Z,46.78340000,13.24493333,2228.00,
4560,,,,,2019-07-23T12:12:09Z,46.78336667,13.24516667,2227.00,
4561,,,,,2019-07-23T12:12:10Z,46.78333333,13.24541667,2225.00,
4562,,,,,2019-07-23T12:12:11Z,46.78331667,13.24565000,2222.00,
4563,,,,,2019-07-23T12:12:12Z,46.78328333,13.24590000,2220.00,
4564,,,,,2019-07-23T12:12:13Z,46.78325000,13.24613333,2220.00,
4565,,,,,2019-07-23T12:12:14Z,46.78323333,13.24638333,2219.00,
4566,,,,,2019-07-23T12:12:15Z,46.78321667,13.24663333,2218.00,
4567,,,,,2019-07-23T12:12:16Z,46.78320000,13.24686667,2217.00,
4568,,,,,2019-07-23T12:12:17Z,46.78316667,13.24711667,2216.00,
4569,,,,,2019-07-23T12:12:18Z,46.78315000,13.24738333,2214.00,
4570,,,,,2019-07-23T12:12:19Z,46.78311667,13.24763333,2214.00,
4571,,,,,2019-07-23T12:12:20Z,46.78310000,13.24786667,2213.00,
4572,,,,,2019-07-23T12:12:21Z,46.78306667,13.24810000,2211.00,
4573,,,,,2019-07-23T12:12:22Z,46.78303333,13.24831667,2209.00,
4574,,,,,2019-07-23T12:12:23Z,46.78301667,13.24853333,2209.00,
4575,,,,,2019-07-23T12:12:24Z,46.78300000,13.24875000,2211.00,
4576,,,,,2019-07-23T12:12:25Z,46.78300000,13.24895000,2211.00,
4577,,,,,2019-07-23T12:12:26Z,46.78300000,13.24916667,2209.00,
4578,,,,,2019-07-23T12:12:27Z,46.78300000,13.24936667,2207.00,
4579,,,,,2019-07-23T12:12:28Z,46.78298333,13.24958333,2203.00,
4580,,,,,2019-07-23T12:12:29Z,46.78298333,13.24978333,2200.00,
4581,,,,,2019-07-23T12:12:30Z,46.78298333,13.25000000,2198.00,
4582,,,,,2019-07-23T12:12:31Z,46.78298333,13.25021667,2196.00,
4583,,,,,2019-07-23T12:12:32Z,46.78298333,13.25045000,2192.00,
4584,,,,,2019-07-23T12:12:33Z,46.78300000,13.25066667,2188.00,
4585,,,,,2019-07-23T12:12:34Z,46.78301667,13.25090000,2187.00,
4586,,,,,2019-07-23T12:12:35Z,46.78301667,13.25113333,2182.00,
4587,,,,,2019-07-23T12:12:36Z,46.78303333,13.25138333,2181.00,
4588,,,,,2019-07-23T12:12:37Z,46.78303333,13.25163333,2180.00,
4589,,,,,2019-07-23T12:12:38Z,46.78303333,13.25190000,2177.00,
4590,,,,,2019-07-23T12:12:39Z,46.78303333,13.25213333,2175.00,
4591,,,,,2019-07-23T12:12:40Z,46.78303333,13.25236667,2174.00,
4592,,,,,2019-07-23T12:12:41Z,46.78301667,13.25258333,2174.00,
4593,,,,,2019-07-23T12:12:42Z,46.78301667,13.25280000,2175.00,
4594,,,,,2019-07-23T12:12:43Z,46.78301667,13.25300000,2174.00,
4595,,,,,2019-07-23T12:12:44Z,46.78303333,13.25323333,2174.00,
4596,,,,,2019-07-23T12:12:45Z,46.78303333,13.25348333,2173.00,
4597,,,,,2019-07-23T12:12:46Z,46.78306667,13.25373333,2171.00,
4598,,,,,2019-07-23T12:12:47Z,46.78310000,13.25400000,2170.00,
4599,,,,,2019-07-23T12:12:48Z,46.78313333,13.25426667,2170.00,
4600,,,,,2019-07-23T12:12:49Z,46.78318333,13.25451667,2170.00,
4601,,,,,2019-07-23T12:12:50Z,46.78321667,13.25476667,2170.00,
4602,,,,,2019-07-23T12:12:51Z,46.78325000,13.25500000,2169.00,
4603,,,,,2019-07-23T12:12:52Z,46.78328333,13.25525000,2170.00,
4604,,,,,2019-07-23T12:12:53Z,46.78333333,13.25550000,2170.00,
4605,,,,,2019-07-23T12:12:54Z,46.78336667,13.25575000,2171.00,
4606,,,,,2019-07-23T12:12:55Z,46.78340000,13.25601667,2169.00,
4607,,,,,2019-07-23T12:12:56Z,46.78345000,13.25628333,2167.00,
4608,,,,,2019-07-23T12:12:57Z,46.78348333,13.25655000,2167.00,
4609,,,,,2019-07-23T12:12:58Z,46.78353333,13.25680000,2168.00,
4610,,,,,2019-07-23T12:12:59Z,46.78360000,13.25706667,2171.00,
4611,,,,,2019-07-23T12:13:00Z,46.78363333,13.25730000,2172.00,
4612,,,,,2019-07-23T12:13:01Z,46.78368333,13.25753333,2171.00,
4613,,,,,2019-07-23T12:13:02Z,46.78371667,13.25775000,2169.00,
4614,,,,,2019-07-23T12:13:03Z,46.78375000,13.25796667,2168.00,
4615,,,,,2019-07-23T12:13:04Z,46.78378333,13.25820000,2166.00,
4616,,,,,2019-07-23T12:13:05Z,46.78381667,13.25841667,2164.00,
4617,,,,,2019-07-23T12:13:06Z,46.78385000,13.25865000,2163.00,
4618,,,,,2019-07-23T12:13:07Z,46.78390000,13.25888333,2162.00,
4619,,,,,2019-07-23T12:13:08Z,46.78395000,13.25911667,2162.00,
4620,,,,,2019-07-23T12:13:09Z,46.78400000,13.25933333,2162.00,
4621,,,,,2019-07-23T12:13:10Z,46.78405000,13.25955000,2163.00,
4622,,,,,2019-07-23T12:13:11Z,46.78413333,13.25976667,2165.00,
4623,,,,,2019-07-23T12:13:12Z,46.78420000,13.25998333,2168.00,
4624,,,,,2019-07-23T12:13:13Z,46.78428333,13.26021667,2171.00,
4625,,,,,2019-07-23T12:13:14Z,46.78435000,13.26043333,2171.00,
4626,,,,,2019-07-23T12:13:15Z,46.78443333,13.26065000,2171.00,
4627,,,,,2019-07-23T12:13:16Z,46.78450000,13.26086667,2174.00,
4628,,,,,2019-07-23T12:13:17Z,46.78456667,13.26110000,2178.00,
4629,,,,,2019-07-23T12:13:18Z,46.78461667,13.26133333,2180.00,
4630,,,,,2019-07-23T12:13:19Z,46.78463333,13.26158333,2182.00,
4631,,,,,2019-07-23T12:13:20Z,46.78463333,13.26181667,2183.00,
4632,,,,,2019-07-23T12:13:21Z,46.78463333,13.26205000,2183.00,
4633,,,,,2019-07-23T12:13:22Z,46.78463333,13.26228333,2186.00,
4634,,,,,2019-07-23T12:13:23Z,46.78465000,13.26250000,2189.00,
4635,,,,,2019-07-23T12:13:24Z,46.78465000,13.26271667,2192.00,
4636,,,,,2019-07-23T12:13:25Z,46.78463333,13.26293333,2194.00,
4637,,,,,2019-07-23T12:13:26Z,46.78461667,13.26315000,2194.00,
4638,,,,,2019-07-23T12:13:27Z,46.78458333,13.26335000,2193.00,
4639,,,,,2019-07-23T12:13:28Z,46.78456667,13.26356667,2193.00,
4640,,,,,2019-07-23T12:13:29Z,46.78456667,13.26380000,2193.00,
4641,,,,,2019-07-23T12:13:30Z,46.78456667,13.26403333,2193.00,
4642,,,,,2019-07-23T12:13:31Z,46.78458333,13.26428333,2191.00,
4643,,,,,2019-07-23T12:13:32Z,46.78460000,13.26453333,2190.00,
4644,,,,,2019-07-23T12:13:33Z,46.78460000,13.26480000,2190.00,
4645,,,,,2019-07-23T12:13:34Z,46.78460000,13.26505000,2188.00,
4646,,,,,2019-07-23T12:13:35Z,46.78455000,13.26526667,2187.00,
4647,,,,,2019-07-23T12:13:36Z,46.78451667,13.26545000,2188.00,
4648,,,,,2019-07-23T12:13:37Z,46.78446667,13.26561667,2190.00,
4649,,,,,2019-07-23T12:13:38Z,46.78443333,13.26578333,2192.00,
4650,,,,,2019-07-23T12:13:39Z,46.78440000,13.26595000,2192.00,
4651,,,,,2019-07-23T12:13:40Z,46.78436667,13.26613333,2192.00,
4652,,,,,2019-07-23T12:13:41Z,46.78435000,13.26631667,2194.00,
4653,,,,,2019-07-23T12:13:42Z,46.78435000,13.26653333,2193.00,
4654,,,,,2019-07-23T12:13:43Z,46.78435000,13.26673333,2193.00,
4655,,,,,2019-07-23T12:13:44Z,46.78436667,13.26695000,2191.00,
4656,,,,,2019-07-23T12:13:45Z,46.78440000,13.26718333,2190.00,
4657,,,,,2019-07-23T12:13:46Z,46.78443333,13.26740000,2188.00,
4658,,,,,2019-07-23T12:13:47Z,46.78448333,13.26761667,2187.00,
4659,,,,,2019-07-23T12:13:48Z,46.78453333,13.26783333,2186.00,
4660,,,,,2019-07-23T12:13:49Z,46.78460000,13.26805000,2185.00,
4661,,,,,2019-07-23T12:13:50Z,46.78466667,13.26825000,2184.00,
4662,,,,,2019-07-23T12:13:51Z,46.78473333,13.26846667,2183.00,
4663,,,,,2019-07-23T12:13:52Z,46.78481667,13.26868333,2181.00,
4664,,,,,2019-07-23T12:13:53Z,46.78488333,13.26888333,2182.00,
4665,,,,,2019-07-23T12:13:54Z,46.78495000,13.26906667,2180.00,
4666,,,,,2019-07-23T12:13:55Z,46.78503333,13.26926667,2180.00,
4667,,,,,2019-07-23T12:13:56Z,46.78511667,13.26946667,2179.00,
4668,,,,,2019-07-23T12:13:57Z,46.78520000,13.26970000,2175.00,
4669,,,,,2019-07-23T12:13:58Z,46.78526667,13.26993333,2172.00,
4670,,,,,2019-07-23T12:13:59Z,46.78531667,13.27018333,2169.00,
4671,,,,,2019-07-23T12:14:00Z,46.78536667,13.27040000,2168.00,
4672,,,,,2019-07-23T12:14:01Z,46.78540000,13.27060000,2168.00,
4673,,,,,2019-07-23T12:14:02Z,46.78543333,13.27078333,2170.00,
4674,,,,,2019-07-23T12:14:03Z,46.78546667,13.27096667,2169.00,
4675,,,,,2019-07-23T12:14:04Z,46.78551667,13.27116667,2170.00,
4676,,,,,2019-07-23T12:14:05Z,46.78558333,13.27138333,2171.00,
4677,,,,,2019-07-23T12:14:06Z,46.78563333,13.27160000,2170.00,
4678,,,,,2019-07-23T12:14:07Z,46.78570000,13.27181667,2170.00,
4679,,,,,2019-07-23T12:14:08Z,46.78576667,13.27200000,2172.00,
4680,,,,,2019-07-23T12:14:09Z,46.78585000,13.27218333,2172.00,
4681,,,,,2019-07-23T12:14:10Z,46.78591667,13.27236667,2174.00,
4682,,,,,2019-07-23T12:14:11Z,46.78600000,13.27251667,2175.00,
4683,,,,,2019-07-23T12:14:12Z,46.78608333,13.27268333,2175.00,
4684,,,,,2019-07-23T12:14:13Z,46.78616667,13.27285000,2177.00,
4685,,,,,2019-07-23T12:14:14Z,46.78625000,13.27303333,2178.00,
4686,,,,,2019-07-23T12:14:15Z,46.78633333,13.27320000,2178.00,
4687,,,,,2019-07-23T12:14:16Z,46.78640000,13.27338333,2180.00,
4688,,,,,2019-07-23T12:14:17Z,46.78648333,13.27355000,2182.00,
4689,,,,,2019-07-23T12:14:18Z,46.78655000,13.27371667,2183.00,
4690,,,,,2019-07-23T12:14:19Z,46.78661667,13.27388333,2185.00,
4691,,,,,2019-07-23T12:14:20Z,46.78668333,13.27405000,2184.00,
4692,,,,,2019-07-23T12:14:21Z,46.78675000,13.27423333,2185.00,
4693,,,,,2019-07-23T12:14:22Z,46.78685000,13.27445000,2183.00,
4694,,,,,2019-07-23T12:14:23Z,46.78691667,13.27468333,2181.00,
4695,,,,,2019-07-23T12:14:24Z,46.78700000,13.27491667,2177.00,
4696,,,,,2019-07-23T12:14:25Z,46.78703333,13.27516667,2174.00,
4697,,,,,2019-07-23T12:14:26Z,46.78706667,13.27540000,2170.00,
4698,,,,,2019-07-23T12:14:27Z,46.78706667,13.27561667,2167.00,
4699,,,,,2019-07-23T12:14:28Z,46.78706667,13.27581667,2166.00,
4700,,,,,2019-07-23T12:14:29Z,46.78708333,13.27600000,2165.00,
4701,,,,,2019-07-23T12:14:30Z,46.78710000,13.27616667,2166.00,
4702,,,,,2019-07-23T12:14:31Z,46.78713333,13.27635000,2165.00,
4703,,,,,2019-07-23T12:14:32Z,46.78715000,13.27653333,2165.00,
4704,,,,,2019-07-23T12:14:33Z,46.78718333,13.27673333,2163.00,
4705,,,,,2019-07-23T12:14:34Z,46.78723333,13.27691667,2164.00,
4706,,,,,2019-07-23T12:14:35Z,46.78725000,13.27711667,2165.00,
4707,,,,,2019-07-23T12:14:36Z,46.78725000,13.27733333,2164.00,
4708,,,,,2019-07-23T12:14:37Z,46.78725000,13.27755000,2162.00,
4709,,,,,2019-07-23T12:14:38Z,46.78723333,13.27776667,2160.00,
4710,,,,,2019-07-23T12:14:39Z,46.78721667,13.27800000,2159.00,
4711,,,,,2019-07-23T12:14:40Z,46.78720000,13.27823333,2155.00,
4712,,,,,2019-07-23T12:14:41Z,46.78716667,13.27845000,2157.00,
4713,,,,,2019-07-23T12:14:42Z,46.78715000,13.27868333,2157.00,
4714,,,,,2019-07-23T12:14:43Z,46.78711667,13.27890000,2154.00,
4715,,,,,2019-07-23T12:14:44Z,46.78710000,13.27913333,2152.00,
4716,,,,,2019-07-23T12:14:45Z,46.78710000,13.27935000,2151.00,
4717,,,,,2019-07-23T12:14:46Z,46.78710000,13.27956667,2150.00,
4718,,,,,2019-07-23T12:14:47Z,46.78710000,13.27980000,2151.00,
4719,,,,,2019-07-23T12:14:48Z,46.78710000,13.28003333,2153.00,
4720,,,,,2019-07-23T12:14:49Z,46.78711667,13.28026667,2154.00,
4721,,,,,2019-07-23T12:14:50Z,46.78711667,13.28050000,2155.00,
4722,,,,,2019-07-23T12:14:51Z,46.78711667,13.28073333,2157.00,
4723,,,,,2019-07-23T12:14:52Z,46.78711667,13.28096667,2157.00,
4724,,,,,2019-07-23T12:14:53Z,46.78711667,13.28120000,2155.00,
4725,,,,,2019-07-23T12:14:54Z,46.78711667,13.28145000,2160.00,
4726,,,,,2019-07-23T12:14:55Z,46.78715000,13.28168333,2163.00,
4727,,,,,2019-07-23T12:14:56Z,46.78718333,13.28191667,2166.00,
4728,,,,,2019-07-23T12:14:57Z,46.78721667,13.28213333,2168.00,
4729,,,,,2019-07-23T12:14:58Z,46.78725000,13.28236667,2173.00,
4730,,,,,2019-07-23T12:14:59Z,46.78728333,13.28258333,2174.00,
4731,,,,,2019-07-23T12:15:00Z,46.78730000,13.28281667,2176.00,
4732,,,,,2019-07-23T12:15:01Z,46.78733333,13.28305000,2175.00,
4733,,,,,2019-07-23T12:15:02Z,46.78735000,13.28328333,2173.00,
4734,,,,,2019-07-23T12:15:03Z,46.78736667,13.28351667,2171.00,
4735,,,,,2019-07-23T12:15:04Z,46.78738333,13.28376667,2171.00,
4736,,,,,2019-07-23T12:15:05Z,46.78740000,13.28401667,2170.00,
4737,,,,,2019-07-23T12:15:06Z,46.78741667,13.28428333,2170.00,
4738,,,,,2019-07-23T12:15:07Z,46.78745000,13.28455000,2170.00,
4739,,,,,2019-07-23T12:15:08Z,46.78743333,13.28480000,2170.00,
4740,,,,,2019-07-23T12:15:09Z,46.78741667,13.28503333,2170.00,
4741,,,,,2019-07-23T12:15:10Z,46.78740000,13.28523333,2172.00,
4742,,,,,2019-07-23T12:15:11Z,46.78736667,13.28543333,2173.00,
4743,,,,,2019-07-23T12:15:12Z,46.78735000,13.28560000,2175.00,
4744,,,,,2019-07-23T12:15:13Z,46.78733333,13.28578333,2180.00,
4745,,,,,2019-07-23T12:15:14Z,46.78731667,13.28598333,2184.00,
4746,,,,,2019-07-23T12:15:15Z,46.78731667,13.28620000,2187.00,
4747,,,,,2019-07-23T12:15:16Z,46.78733333,13.28645000,2188.00,
4748,,,,,2019-07-23T12:15:17Z,46.78735000,13.28670000,2189.00,
4749,,,,,2019-07-23T12:15:18Z,46.78738333,13.28695000,2186.00,
4750,,,,,2019-07-23T12:15:19Z,46.78741667,13.28721667,2186.00,
4751,,,,,2019-07-23T12:15:20Z,46.78746667,13.28745000,2187.00,
4752,,,,,2019-07-23T12:15:21Z,46.78751667,13.28766667,2192.00,
4753,,,,,2019-07-23T12:15:22Z,46.78756667,13.28786667,2198.00,
4754,,,,,2019-07-23T12:15:23Z,46.78761667,13.28808333,2202.00,
4755,,,,,2019-07-23T12:15:24Z,46.78766667,13.28828333,2204.00,
4756,,,,,2019-07-23T12:15:25Z,46.78773333,13.28850000,2206.00,
4757,,,,,2019-07-23T12:15:26Z,46.78776667,13.28871667,2208.00,
4758,,,,,2019-07-23T12:15:27Z,46.78780000,13.28895000,2209.00,
4759,,,,,2019-07-23T12:15:28Z,46.78783333,13.28918333,2210.00,
4760,,,,,2019-07-23T12:15:29Z,46.78786667,13.28941667,2210.00,
4761,,,,,2019-07-23T12:15:30Z,46.78790000,13.28965000,2211.00,
4762,,,,,2019-07-23T12:15:31Z,46.78791667,13.28988333,2212.00,
4763,,,,,2019-07-23T12:15:32Z,46.78795000,13.29011667,2214.00,
4764,,,,,2019-07-23T12:15:33Z,46.78798333,13.29035000,2216.00,
4765,,,,,2019-07-23T12:15:34Z,46.78800000,13.29058333,2217.00,
4766,,,,,2019-07-23T12:15:35Z,46.78801667,13.29083333,2220.00,
4767,,,,,2019-07-23T12:15:36Z,46.78803333,13.29110000,2221.00,
4768,,,,,2019-07-23T12:15:37Z,46.78803333,13.29136667,2220.00,
4769,,,,,2019-07-23T12:15:38Z,46.78803333,13.29163333,2216.00,
4770,,,,,2019-07-23T12:15:39Z,46.78803333,13.29188333,2214.00,
4771,,,,,2019-07-23T12:15:40Z,46.78803333,13.29211667,2212.00,
4772,,,,,2019-07-23T12:15:41Z,46.78810000,13.29236667,2211.00,
4773,,,,,2019-07-23T12:15:42Z,46.78818333,13.29261667,2208.00,
4774,,,,,2019-07-23T12:15:43Z,46.78826667,13.29286667,2203.00,
4775,,,,,2019-07-23T12:15:44Z,46.78836667,13.29310000,2199.00,
4776,,,,,2019-07-23T12:15:45Z,46.78843333,13.29333333,2195.00,
4777,,,,,2019-07-23T12:15:46Z,46.78850000,13.29355000,2195.00,
4778,,,,,2019-07-23T12:15:47Z,46.78851667,13.29375000,2194.00,
4779,,,,,2019-07-23T12:15:48Z,46.78853333,13.29395000,2194.00,
4780,,,,,2019-07-23T12:15:49Z,46.78850000,13.29413333,2191.00,
4781,,,,,2019-07-23T12:15:50Z,46.78840000,13.29430000,2188.00,
4782,,,,,2019-07-23T12:15:51Z,46.78828333,13.29441667,2184.00,
4783,,,,,2019-07-23T12:15:52Z,46.78811667,13.29441667,2180.00,
4784,,,,,2019-07-23T12:15:53Z,46.78795000,13.29436667,2170.00,
4785,,,,,2019-07-23T12:15:54Z,46.78780000,13.29426667,2166.00,
4786,,,,,2019-07-23T12:15:55Z,46.78765000,13.29413333,2163.00,
4787,,,,,2019-07-23T12:15:56Z,46.78753333,13.29398333,2160.00,
4788,,,,,2019-07-23T12:15:57Z,46.78743333,13.29383333,2159.00,
4789,,,,,2019-07-23T12:15:58Z,46.78735000,13.29365000,2158.00,
4790,,,,,2019-07-23T12:15:59Z,46.78728333,13.29343333,2156.00,
4791,,,,,2019-07-23T12:16:00Z,46.78725000,13.29320000,2153.00,
4792,,,,,2019-07-23T12:16:01Z,46.78725000,13.29295000,2149.00,
4793,,,,,2019-07-23T12:16:02Z,46.78725000,13.29266667,2142.00,
4794,,,,,2019-07-23T12:16:03Z,46.78723333,13.29238333,2136.00,
4795,,,,,2019-07-23T12:16:04Z,46.78718333,13.29211667,2132.00,
4796,,,,,2019-07-23T12:16:05Z,46.78710000,13.29188333,2130.00,
4797,,,,,2019-07-23T12:16:06Z,46.78703333,13.29166667,2127.00,
4798,,,,,2019-07-23T12:16:07Z,46.78696667,13.29143333,2127.00,
4799,,,,,2019-07-23T12:16:08Z,46.78690000,13.29120000,2127.00,
4800,,,,,2019-07-23T12:16:09Z,46.78686667,13.29095000,2125.00,
4801,,,,,2019-07-23T12:16:10Z,46.78685000,13.29070000,2123.00,
4802,,,,,2019-07-23T12:16:11Z,46.78683333,13.29046667,2121.00,
4803,,,,,2019-07-23T12:16:12Z,46.78681667,13.29021667,2120.00,
4804,,,,,2019-07-23T12:16:13Z,46.78680000,13.28996667,2119.00,
4805,,,,,2019-07-23T12:16:14Z,46.78678333,13.28971667,2117.00,
4806,,,,,2019-07-23T12:16:15Z,46.78676667,13.28943333,2115.00,
4807,,,,,2019-07-23T12:16:16Z,46.78676667,13.28916667,2113.00,
4808,,,,,2019-07-23T12:16:17Z,46.78676667,13.28888333,2113.00,
4809,,,,,2019-07-23T12:16:18Z,46.78678333,13.28863333,2113.00,
4810,,,,,2019-07-23T12:16:19Z,46.78680000,13.28836667,2113.00,
4811,,,,,2019-07-23T12:16:20Z,46.78680000,13.28811667,2113.00,
4812,,,,,2019-07-23T12:16:21Z,46.78680000,13.28786667,2115.00,
4813,,,,,2019-07-23T12:16:22Z,46.78678333,13.28760000,2116.00,
4814,,,,,2019-07-23T12:16:23Z,46.78676667,13.28735000,2116.00,
4815,,,,,2019-07-23T12:16:24Z,46.78675000,13.28710000,2118.00,
4816,,,,,2019-07-23T12:16:25Z,46.78675000,13.28686667,2119.00,
4817,,,,,2019-07-23T12:16:26Z,46.78675000,13.28661667,2123.00,
4818,,,,,2019-07-23T12:16:27Z,46.78676667,13.28638333,2126.00,
4819,,,,,2019-07-23T12:16:28Z,46.78680000,13.28615000,2127.00,
4820,,,,,2019-07-23T12:16:29Z,46.78683333,13.28590000,2126.00,
4821,,,,,2019-07-23T12:16:30Z,46.78685000,13.28565000,2126.00,
4822,,,,,2019-07-23T12:16:31Z,46.78685000,13.28540000,2126.00,
4823,,,,,2019-07-23T12:16:32Z,46.78680000,13.28513333,2127.00,
4824,,,,,2019-07-23T12:16:33Z,46.78675000,13.28490000,2128.00,
4825,,,,,2019-07-23T12:16:34Z,46.78668333,13.28466667,2130.00,
4826,,,,,2019-07-23T12:16:35Z,46.78661667,13.28445000,2131.00,
4827,,,,,2019-07-23T12:16:36Z,46.78655000,13.28426667,2132.00,
4828,,,,,2019-07-23T12:16:37Z,46.78646667,13.28413333,2133.00,
4829,,,,,2019-07-23T12:16:38Z,46.78636667,13.28403333,2136.00,
4830,,,,,2019-07-23T12:16:39Z,46.78625000,13.28400000,2136.00,
4831,,,,,2019-07-23T12:16:40Z,46.78615000,13.28406667,2135.00,
4832,,,,,2019-07-23T12:16:41Z,46.78606667,13.28420000,2134.00,
4833,,,,,2019-07-23T12:16:42Z,46.78603333,13.28440000,2132.00,
4834,,,,,2019-07-23T12:16:43Z,46.78608333,13.28458333,2129.00,
4835,,,,,2019-07-23T12:16:44Z,46.78621667,13.28473333,2128.00,
4836,,,,,2019-07-23T12:16:45Z,46.78638333,13.28480000,2128.00,
4837,,,,,2019-07-23T12:16:46Z,46.78656667,13.28478333,2129.00,
4838,,,,,2019-07-23T12:16:47Z,46.78675000,13.28471667,2131.00,
4839,,,,,2019-07-23T12:16:48Z,46.78691667,13.28458333,2131.00,
4840,,,,,2019-07-23T12:16:49Z,46.78705000,13.28440000,2132.00,
4841,,,,,2019-07-23T12:16:50Z,46.78715000,13.28416667,2133.00,
4842,,,,,2019-07-23T12:16:51Z,46.78721667,13.28390000,2134.00,
4843,,,,,2019-07-23T12:16:52Z,46.78725000,13.28365000,2134.00,
4844,,,,,2019-07-23T12:16:53Z,46.78726667,13.28341667,2132.00,
4845,,,,,2019-07-23T12:16:54Z,46.78723333,13.28318333,2132.00,
4846,,,,,2019-07-23T12:16:55Z,46.78720000,13.28295000,2133.00,
4847,,,,,2019-07-23T12:16:56Z,46.78713333,13.28275000,2131.00,
4848,,,,,2019-07-23T12:16:57Z,46.78705000,13.28255000,2126.00,
4849,,,,,2019-07-23T12:16:58Z,46.78695000,13.28236667,2124.00,
4850,,,,,2019-07-23T12:16:59Z,46.78686667,13.28216667,2121.00,
4851,,,,,2019-07-23T12:17:00Z,46.78676667,13.28195000,2119.00,
4852,,,,,2019-07-23T12:17:01Z,46.78668333,13.28175000,2118.00,
4853,,,,,2019-07-23T12:17:02Z,46.78661667,13.28153333,2117.00,
4854,,,,,2019-07-23T12:17:03Z,46.78653333,13.28131667,2116.00,
4855,,,,,2019-07-23T12:17:04Z,46.78648333,13.28110000,2121.00,
4856,,,,,2019-07-23T12:17:05Z,46.78645000,13.28088333,2122.00,
4857,,,,,2019-07-23T12:17:06Z,46.78641667,13.28066667,2122.00,
4858,,,,,2019-07-23T12:17:07Z,46.78640000,13.28043333,2121.00,
4859,,,,,2019-07-23T12:17:08Z,46.78638333,13.28020000,2120.00,
4860,,,,,2019-07-23T12:17:09Z,46.78636667,13.27995000,2117.00,
4861,,,,,2019-07-23T12:17:10Z,46.78633333,13.27970000,2114.00,
4862,,,,,2019-07-23T12:17:11Z,46.78628333,13.27946667,2115.00,
4863,,,,,2019-07-23T12:17:12Z,46.78623333,13.27925000,2115.00,
4864,,,,,2019-07-23T12:17:13Z,46.78616667,13.27905000,2115.00,
4865,,,,,2019-07-23T12:17:14Z,46.78611667,13.27888333,2115.00,
4866,,,,,2019-07-23T12:17:15Z,46.78605000,13.27871667,2119.00,
4867,,,,,2019-07-23T12:17:16Z,46.78595000,13.27855000,2122.00,
4868,,,,,2019-07-23T12:17:17Z,46.78585000,13.27840000,2122.00,
4869,,,,,2019-07-23T12:17:18Z,46.78575000,13.27823333,2122.00,
4870,,,,,2019-07-23T12:17:19Z,46.78566667,13.27806667,2121.00,
4871,,,,,2019-07-23T12:17:20Z,46.78558333,13.27786667,2121.00,
4872,,,,,2019-07-23T12:17:21Z,46.78553333,13.27765000,2123.00,
4873,,,,,2019-07-23T12:17:22Z,46.78548333,13.27743333,2124.00,
4874,,,,,2019-07-23T12:17:23Z,46.78545000,13.27718333,2123.00,
4875,,,,,2019-07-23T12:17:24Z,46.78543333,13.27693333,2122.00,
4876,,,,,2019-07-23T12:17:25Z,46.78541667,13.27668333,2121.00,
4877,,,,,2019-07-23T12:17:26Z,46.78540000,13.27645000,2122.00,
4878,,,,,2019-07-23T12:17:27Z,46.78538333,13.27623333,2123.00,
4879,,,,,2019-07-23T12:17:28Z,46.78538333,13.27601667,2125.00,
4880,,,,,2019-07-23T12:17:29Z,46.78536667,13.27580000,2126.00,
4881,,,,,2019-07-23T12:17:30Z,46.78535000,13.27558333,2126.00,
4882,,,,,2019-07-23T12:17:31Z,46.78533333,13.27536667,2126.00,
4883,,,,,2019-07-23T12:17:32Z,46.78530000,13.27513333,2127.00,
4884,,,,,2019-07-23T12:17:33Z,46.78526667,13.27490000,2127.00,
4885,,,,,2019-07-23T12:17:34Z,46.78521667,13.27465000,2126.00,
4886,,,,,2019-07-23T12:17:35Z,46.78516667,13.27440000,2126.00,
4887,,,,,2019-07-23T12:17:36Z,46.78511667,13.27415000,2127.00,
4888,,,,,2019-07-23T12:17:37Z,46.78508333,13.27391667,2127.00,
4889,,,,,2019-07-23T12:17:38Z,46.78503333,13.27368333,2128.00,
4890,,,,,2019-07-23T12:17:39Z,46.78501667,13.27346667,2131.00,
4891,,,,,2019-07-23T12:17:40Z,46.78498333,13.27325000,2133.00,
4892,,,,,2019-07-23T12:17:41Z,46.78496667,13.27303333,2137.00,
4893,,,,,2019-07-23T12:17:42Z,46.78495000,13.27280000,2136.00,
4894,,,,,2019-07-23T12:17:43Z,46.78491667,13.27256667,2136.00,
4895,,,,,2019-07-23T12:17:44Z,46.78486667,13.27233333,2137.00,
4896,,,,,2019-07-23T12:17:45Z,46.78481667,13.27210000,2139.00,
4897,,,,,2019-07-23T12:17:46Z,46.78478333,13.27188333,2141.00,
4898,,,,,2019-07-23T12:17:47Z,46.78473333,13.27166667,2143.00,
4899,,,,,2019-07-23T12:17:48Z,46.78470000,13.27146667,2141.00,
4900,,,,,2019-07-23T12:17:49Z,46.78463333,13.27126667,2145.00,
4901,,,,,2019-07-23T12:17:50Z,46.78456667,13.27110000,2148.00,
4902,,,,,2019-07-23T12:17:51Z,46.78448333,13.27095000,2150.00,
4903,,,,,2019-07-23T12:17:52Z,46.78438333,13.27085000,2152.00,
4904,,,,,2019-07-23T12:17:53Z,46.78425000,13.27076667,2153.00,
4905,,,,,2019-07-23T12:17:54Z,46.78411667,13.27073333,2153.00,
4906,,,,,2019-07-23T12:17:55Z,46.78396667,13.27075000,2157.00,
4907,,,,,2019-07-23T12:17:56Z,46.78385000,13.27081667,2158.00,
4908,,,,,2019-07-23T12:17:57Z,46.78373333,13.27091667,2159.00,
4909,,,,,2019-07-23T12:17:58Z,46.78366667,13.27108333,2161.00,
4910,,,,,2019-07-23T12:17:59Z,46.78363333,13.27131667,2162.00,
4911,,,,,2019-07-23T12:18:00Z,46.78365000,13.27151667,2163.00,
4912,,,,,2019-07-23T12:18:01Z,46.78371667,13.27170000,2163.00,
4913,,,,,2019-07-23T12:18:02Z,46.78385000,13.27183333,2162.00,
4914,,,,,2019-07-23T12:18:03Z,46.78403333,13.27185000,2160.00,
4915,,,,,2019-07-23T12:18:04Z,46.78418333,13.27178333,2160.00,
4916,,,,,2019-07-23T12:18:05Z,46.78430000,13.27161667,2160.00,
4917,,,,,2019-07-23T12:18:06Z,46.78433333,13.27135000,2159.00,
4918,,,,,2019-07-23T12:18:07Z,46.78436667,13.27110000,2159.00,
4919,,,,,2019-07-23T12:18:08Z,46.78436667,13.27085000,2157.00,
4920,,,,,2019-07-23T12:18:09Z,46.78435000,13.27063333,2158.00,
4921,,,,,2019-07-23T12:18:10Z,46.78423333,13.27040000,2160.00,
4922,,,,,2019-07-23T12:18:11Z,46.78418333,13.27020000,2161.00,
4923,,,,,2019-07-23T12:18:12Z,46.78411667,13.27000000,2164.00,
4924,,,,,2019-07-23T12:18:13Z,46.78403333,13.26980000,2166.00,
4925,,,,,2019-07-23T12:18:14Z,46.78393333,13.26961667,2170.00,
4926,,,,,2019-07-23T12:18:15Z,46.78383333,13.26941667,2171.00,
4927,,,,,2019-07-23T12:18:16Z,46.78373333,13.26923333,2171.00,
4928,,,,,2019-07-23T12:18:17Z,46.78366667,13.26901667,2171.00,
4929,,,,,2019-07-23T12:18:18Z,46.78360000,13.26881667,2171.00,
4930,,,,,2019-07-23T12:18:19Z,46.78358333,13.26861667,2172.00,
4931,,,,,2019-07-23T12:18:20Z,46.78356667,13.26840000,2173.00,
4932,,,,,2019-07-23T12:18:21Z,46.78358333,13.26818333,2174.00,
4933,,,,,2019-07-23T12:18:22Z,46.78361667,13.26796667,2174.00,
4934,,,,,2019-07-23T12:18:23Z,46.78368333,13.26775000,2173.00,
4935,,,,,2019-07-23T12:18:24Z,46.78376667,13.26755000,2172.00,
4936,,,,,2019-07-23T12:18:25Z,46.78385000,13.26735000,2172.00,
4937,,,,,2019-07-23T12:18:26Z,46.78391667,13.26715000,2174.00,
4938,,,,,2019-07-23T12:18:27Z,46.78400000,13.26696667,2175.00,
4939,,,,,2019-07-23T12:18:28Z,46.78406667,13.26678333,2176.00,
4940,,,,,2019-07-23T12:18:29Z,46.78413333,13.26658333,2179.00,
4941,,,,,2019-07-23T12:18:30Z,46.78420000,13.26638333,2180.00,
4942,,,,,2019-07-23T12:18:31Z,46.78428333,13.26616667,2181.00,
4943,,,,,2019-07-23T12:18:32Z,46.78438333,13.26595000,2180.00,
4944,,,,,2019-07-23T12:18:33Z,46.78448333,13.26573333,2178.00,
4945,,,,,2019-07-23T12:18:34Z,46.78458333,13.26551667,2178.00,
4946,,,,,2019-07-23T12:18:35Z,46.78470000,13.26530000,2179.00,
4947,,,,,2019-07-23T12:18:36Z,46.78481667,13.26510000,2179.00,
4948,,,,,2019-07-23T12:18:37Z,46.78491667,13.26490000,2180.00,
4949,,,,,2019-07-23T12:18:38Z,46.78503333,13.26471667,2182.00,
4950,,,,,2019-07-23T12:18:39Z,46.78515000,13.26453333,2180.00,
4951,,,,,2019-07-23T12:18:40Z,46.78526667,13.26431667,2179.00,
4952,,,,,2019-07-23T12:18:41Z,46.78538333,13.26410000,2178.00,
4953,,,,,2019-07-23T12:18:42Z,46.78546667,13.26385000,2177.00,
4954,,,,,2019-07-23T12:18:43Z,46.78556667,13.26358333,2176.00,
4955,,,,,2019-07-23T12:18:44Z,46.78563333,13.26331667,2178.00,
4956,,,,,2019-07-23T12:18:45Z,46.78568333,13.26305000,2182.00,
4957,,,,,2019-07-23T12:18:46Z,46.78573333,13.26280000,2184.00,
4958,,,,,2019-07-23T12:18:47Z,46.78580000,13.26255000,2188.00,
4959,,,,,2019-07-23T12:18:48Z,46.78585000,13.26231667,2190.00,
4960,,,,,2019-07-23T12:18:49Z,46.78591667,13.26210000,2191.00,
4961,,,,,2019-07-23T12:18:50Z,46.78596667,13.26188333,2193.00,
4962,,,,,2019-07-23T12:18:51Z,46.78600000,13.26163333,2194.00,
4963,,,,,2019-07-23T12:18:52Z,46.78598333,13.26138333,2197.00,
4964,,,,,2019-07-23T12:18:53Z,46.78593333,13.26113333,2199.00,
4965,,,,,2019-07-23T12:18:54Z,46.78583333,13.26093333,2200.00,
4966,,,,,2019-07-23T12:18:55Z,46.78571667,13.26078333,2202.00,
4967,,,,,2019-07-23T12:18:56Z,46.78560000,13.26070000,2205.00,
4968,,,,,2019-07-23T12:18:57Z,46.78550000,13.26070000,2206.00,
4969,,,,,2019-07-23T12:18:58Z,46.78540000,13.26078333,2208.00,
4970,,,,,2019-07-23T12:18:59Z,46.78536667,13.26098333,2210.00,
4971,,,,,2019-07-23T12:19:00Z,46.78543333,13.26111667,2210.00,
4972,,,,,2019-07-23T12:19:01Z,46.78548333,13.26125000,2210.00,
4973,,,,,2019-07-23T12:19:02Z,46.78568333,13.26135000,2216.00,
4974,,,,,2019-07-23T12:19:03Z,46.78588333,13.26136667,2217.00,
4975,,,,,2019-07-23T12:19:04Z,46.78606667,13.26131667,2219.00,
4976,,,,,2019-07-23T12:19:05Z,46.78625000,13.26126667,2219.00,
4977,,,,,2019-07-23T12:19:06Z,46.78641667,13.26118333,2219.00,
4978,,,,,2019-07-23T12:19:07Z,46.78658333,13.26106667,2220.00,
4979,,,,,2019-07-23T12:19:08Z,46.78675000,13.26086667,2221.00,
4980,,,,,2019-07-23T12:19:09Z,46.78688333,13.26065000,2224.00,
4981,,,,,2019-07-23T12:19:10Z,46.78700000,13.26041667,2226.00,
4982,,,,,2019-07-23T12:19:11Z,46.78710000,13.26021667,2229.00,
4983,,,,,2019-07-23T12:19:12Z,46.78716667,13.26001667,2233.00,
4984,,,,,2019-07-23T12:19:13Z,46.78720000,13.25983333,2237.00,
4985,,,,,2019-07-23T12:19:14Z,46.78720000,13.25966667,2241.00,
4986,,,,,2019-07-23T12:19:15Z,46.78716667,13.25951667,2242.00,
4987,,,,,2019-07-23T12:19:16Z,46.78708333,13.25950000,2243.00,
4988,,,,,2019-07-23T12:19:17Z,46.78698333,13.25958333,2244.00,
4989,,,,,2019-07-23T12:19:18Z,46.78691667,13.25981667,2244.00,
4990,,,,,2019-07-23T12:19:19Z,46.78690000,13.26006667,2246.00,
4991,,,,,2019-07-23T12:19:20Z,46.78696667,13.26028333,2248.00,
4992,,,,,2019-07-23T12:19:21Z,46.78705000,13.26048333,2251.00,
4993,,,,,2019-07-23T12:19:22Z,46.78728333,13.26061667,2253.00,
4994,,,,,2019-07-23T12:19:23Z,46.78755000,13.26063333,2256.00,
4995,,,,,2019-07-23T12:19:24Z,46.78776667,13.26058333,2257.00,
4996,,,,,2019-07-23T12:19:25Z,46.78796667,13.26050000,2257.00,
4997,,,,,2019-07-23T12:19:26Z,46.78813333,13.26035000,2260.00,
4998,,,,,2019-07-23T12:19:27Z,46.78820000,13.26020000,2263.00,
4999,,,,,2019-07-23T12:19:28Z,46.78820000,13.26003333,2264.00,
5000,,,,,2019-07-23T12:19:29Z,46.78818333,13.25993333,2265.00,
5001,,,,,2019-07-23T12:19:30Z,46.78810000,13.25996667,2267.00,
5002,,,,,2019-07-23T12:19:31Z,46.78798333,13.26015000,2271.00,
5003,,,,,2019-07-23T12:19:32Z,46.78788333,13.26028333,2274.00,
5004,,,,,2019-07-23T12:19:33Z,46.78785000,13.26050000,2276.00,
5005,,,,,2019-07-23T12:19:34Z,46.78788333,13.26070000,2279.00,
5006,,,,,2019-07-23T12:19:35Z,46.78795000,13.26088333,2283.00,
5007,,,,,2019-07-23T12:19:36Z,46.78806667,13.26105000,2286.00,
5008,,,,,2019-07-23T12:19:37Z,46.78826667,13.26116667,2289.00,
5009,,,,,2019-07-23T12:19:38Z,46.78848333,13.26121667,2293.00,
5010,,,,,2019-07-23T12:19:39Z,46.78866667,13.26118333,2294.00,
5011,,,,,2019-07-23T12:19:40Z,46.78878333,13.26105000,2295.00,
5012,,,,,2019-07-23T12:19:41Z,46.78886667,13.26093333,2297.00,
5013,,,,,2019-07-23T12:19:42Z,46.78890000,13.26075000,2300.00,
5014,,,,,2019-07-23T12:19:43Z,46.78891667,13.26055000,2302.00,
5015,,,,,2019-07-23T12:19:44Z,46.78890000,13.26038333,2304.00,
5016,,,,,2019-07-23T12:19:45Z,46.78885000,13.26023333,2307.00,
5017,,,,,2019-07-23T12:19:46Z,46.78875000,13.26011667,2308.00,
5018,,,,,2019-07-23T12:19:47Z,46.78866667,13.26011667,2311.00,
5019,,,,,2019-07-23T12:19:48Z,46.78856667,13.26020000,2311.00,
5020,,,,,2019-07-23T12:19:49Z,46.78851667,13.26035000,2314.00,
5021,,,,,2019-07-23T12:19:50Z,46.78850000,13.26053333,2315.00,
5022,,,,,2019-07-23T12:19:51Z,46.78851667,13.26071667,2319.00,
5023,,,,,2019-07-23T12:19:52Z,46.78860000,13.26086667,2321.00,
5024,,,,,2019-07-23T12:19:53Z,46.78880000,13.26096667,2325.00,
5025,,,,,2019-07-23T12:19:54Z,46.78901667,13.26096667,2327.00,
5026,,,,,2019-07-23T12:19:55Z,46.78916667,13.26090000,2329.00,
5027,,,,,2019-07-23T12:19:56Z,46.78928333,13.26078333,2330.00,
5028,,,,,2019-07-23T12:19:57Z,46.78940000,13.26061667,2332.00,
5029,,,,,2019-07-23T12:19:58Z,46.78943333,13.26040000,2334.00,
5030,,,,,2019-07-23T12:19:59Z,46.78941667,13.26015000,2334.00,
5031,,,,,2019-07-23T12:20:00Z,46.78938333,13.25996667,2336.00,
5032,,,,,2019-07-23T12:20:01Z,46.78926667,13.25981667,2336.00,
5033,,,,,2019-07-23T12:20:02Z,46.78916667,13.25965000,2336.00,
5034,,,,,2019-07-23T12:20:03Z,46.78905000,13.25951667,2333.00,
5035,,,,,2019-07-23T12:20:04Z,46.78896667,13.25935000,2335.00,
5036,,,,,2019-07-23T12:20:05Z,46.78888333,13.25916667,2335.00,
5037,,,,,2019-07-23T12:20:06Z,46.78883333,13.25896667,2333.00,
5038,,,,,2019-07-23T12:20:07Z,46.78876667,13.25873333,2332.00,
5039,,,,,2019-07-23T12:20:08Z,46.78871667,13.25850000,2329.00,
5040,,,,,2019-07-23T12:20:09Z,46.78861667,13.25828333,2327.00,
5041,,,,,2019-07-23T12:20:10Z,46.78851667,13.25810000,2328.00,
5042,,,,,2019-07-23T12:20:11Z,46.78840000,13.25790000,2328.00,
5043,,,,,2019-07-23T12:20:12Z,46.78828333,13.25773333,2327.00,
5044,,,,,2019-07-23T12:20:13Z,46.78816667,13.25756667,2329.00,
5045,,,,,2019-07-23T12:20:14Z,46.78806667,13.25738333,2328.00,
5046,,,,,2019-07-23T12:20:15Z,46.78796667,13.25720000,2327.00,
5047,,,,,2019-07-23T12:20:16Z,46.78786667,13.25701667,2326.00,
5048,,,,,2019-07-23T12:20:17Z,46.78780000,13.25683333,2326.00,
5049,,,,,2019-07-23T12:20:18Z,46.78771667,13.25663333,2328.00,
5050,,,,,2019-07-23T12:20:19Z,46.78763333,13.25641667,2329.00,
5051,,,,,2019-07-23T12:20:20Z,46.78755000,13.25621667,2328.00,
5052,,,,,2019-07-23T12:20:21Z,46.78748333,13.25598333,2327.00,
5053,,,,,2019-07-23T12:20:22Z,46.78740000,13.25576667,2327.00,
5054,,,,,2019-07-23T12:20:23Z,46.78733333,13.25553333,2326.00,
5055,,,,,2019-07-23T12:20:24Z,46.78725000,13.25530000,2325.00,
5056,,,,,2019-07-23T12:20:25Z,46.78718333,13.25508333,2322.00,
5057,,,,,2019-07-23T12:20:26Z,46.78711667,13.25486667,2323.00,
5058,,,,,2019-07-23T12:20:27Z,46.78703333,13.25465000,2323.00,
5059,,,,,2019-07-23T12:20:28Z,46.78695000,13.25443333,2324.00,
5060,,,,,2019-07-23T12:20:29Z,46.78686667,13.25421667,2323.00,
5061,,,,,2019-07-23T12:20:30Z,46.78680000,13.25398333,2319.00,
5062,,,,,2019-07-23T12:20:31Z,46.78673333,13.25376667,2317.00,
5063,,,,,2019-07-23T12:20:32Z,46.78666667,13.25353333,2315.00,
5064,,,,,2019-07-23T12:20:33Z,46.78660000,13.25330000,2314.00,
5065,,,,,2019-07-23T12:20:34Z,46.78653333,13.25305000,2314.00,
5066,,,,,2019-07-23T12:20:35Z,46.78646667,13.25280000,2311.00,
5067,,,,,2019-07-23T12:20:36Z,46.78638333,13.25255000,2307.00,
5068,,,,,2019-07-23T12:20:37Z,46.78631667,13.25228333,2306.00,
5069,,,,,2019-07-23T12:20:38Z,46.78623333,13.25203333,2303.00,
5070,,,,,2019-07-23T12:20:39Z,46.78616667,13.25176667,2298.00,
5071,,,,,2019-07-23T12:20:40Z,46.78610000,13.25150000,2295.00,
5072,,,,,2019-07-23T12:20:41Z,46.78603333,13.25123333,2290.00,
5073,,,,,2019-07-23T12:20:42Z,46.78596667,13.25098333,2287.00,
5074,,,,,2019-07-23T12:20:43Z,46.78588333,13.25071667,2283.00,
5075,,,,,2019-07-23T12:20:44Z,46.78581667,13.25045000,2280.00,
5076,,,,,2019-07-23T12:20:45Z,46.78573333,13.25016667,2278.00,
5077,,,,,2019-07-23T12:20:46Z,46.78566667,13.24990000,2276.00,
5078,,,,,2019-07-23T12:20:47Z,46.78560000,13.24963333,2273.00,
5079,,,,,2019-07-23T12:20:48Z,46.78555000,13.24936667,2270.00,
5080,,,,,2019-07-23T12:20:49Z,46.78550000,13.24908333,2268.00,
5081,,,,,2019-07-23T12:20:50Z,46.78545000,13.24880000,2264.00,
5082,,,,,2019-07-23T12:20:51Z,46.78541667,13.24853333,2262.00,
5083,,,,,2019-07-23T12:20:52Z,46.78538333,13.24828333,2261.00,
5084,,,,,2019-07-23T12:20:53Z,46.78535000,13.24803333,2258.00,
5085,,,,,2019-07-23T12:20:54Z,46.78528333,13.24778333,2258.00,
5086,,,,,2019-07-23T12:20:55Z,46.78521667,13.24753333,2257.00,
5087,,,,,2019-07-23T12:20:56Z,46.78513333,13.24728333,2257.00,
5088,,,,,2019-07-23T12:20:57Z,46.78506667,13.24705000,2258.00,
5089,,,,,2019-07-23T12:20:58Z,46.78500000,13.24680000,2256.00,
5090,,,,,2019-07-23T12:20:59Z,46.78491667,13.24656667,2256.00,
5091,,,,,2019-07-23T12:21:00Z,46.78485000,13.24633333,2257.00,
5092,,,,,2019-07-23T12:21:01Z,46.78478333,13.24608333,2257.00,
5093,,,,,2019-07-23T12:21:02Z,46.78471667,13.24585000,2256.00,
5094,,,,,2019-07-23T12:21:03Z,46.78463333,13.24560000,2255.00,
5095,,,,,2019-07-23T12:21:04Z,46.78456667,13.24535000,2254.00,
5096,,,,,2019-07-23T12:21:05Z,46.78451667,13.24510000,2253.00,
5097,,,,,2019-07-23T12:21:06Z,46.78446667,13.24483333,2252.00,
5098,,,,,2019-07-23T12:21:07Z,46.78441667,13.24458333,2251.00,
5099,,,,,2019-07-23T12:21:08Z,46.78438333,13.24433333,2250.00,
5100,,,,,2019-07-23T12:21:09Z,46.78435000,13.24408333,2249.00,
5101,,,,,2019-07-23T12:21:10Z,46.78430000,13.24383333,2249.00,
5102,,,,,2019-07-23T12:21:11Z,46.78426667,13.24360000,2250.00,
5103,,,,,2019-07-23T12:21:12Z,46.78423333,13.24335000,2249.00,
5104,,,,,2019-07-23T12:21:13Z,46.78418333,13.24311667,2248.00,
5105,,,,,2019-07-23T12:21:14Z,46.78415000,13.24286667,2247.00,
5106,,,,,2019-07-23T12:21:15Z,46.78410000,13.24261667,2246.00,
5107,,,,,2019-07-23T12:21:16Z,46.78406667,13.24235000,2246.00,
5108,,,,,2019-07-23T12:21:17Z,46.78401667,13.24210000,2245.00,
5109,,,,,2019-07-23T12:21:18Z,46.78396667,13.24183333,2244.00,
5110,,,,,2019-07-23T12:21:19Z,46.78391667,13.24156667,2244.00,
5111,,,,,2019-07-23T12:21:20Z,46.78386667,13.24131667,2243.00,
5112,,,,,2019-07-23T12:21:21Z,46.78381667,13.24106667,2242.00,
5113,,,,,2019-07-23T12:21:22Z,46.78376667,13.24083333,2243.00,
5114,,,,,2019-07-23T12:21:23Z,46.78373333,13.24060000,2242.00,
5115,,,,,2019-07-23T12:21:24Z,46.78368333,13.24036667,2244.00,
5116,,,,,2019-07-23T12:21:25Z,46.78365000,13.24011667,2245.00,
5117,,,,,2019-07-23T12:21:26Z,46.78360000,13.23988333,2244.00,
5118,,,,,2019-07-23T12:21:27Z,46.78356667,13.23963333,2244.00,
5119,,,,,2019-07-23T12:21:28Z,46.78353333,13.23938333,2242.00,
5120,,,,,2019-07-23T12:21:29Z,46.78350000,13.23911667,2241.00,
5121,,,,,2019-07-23T12:21:30Z,46.78348333,13.23886667,2239.00,
5122,,,,,2019-07-23T12:21:31Z,46.78345000,13.23860000,2238.00,
5123,,,,,2019-07-23T12:21:32Z,46.78340000,13.23833333,2237.00,
5124,,,,,2019-07-23T12:21:33Z,46.78338333,13.23806667,2236.00,
5125,,,,,2019-07-23T12:21:34Z,46.78335000,13.23780000,2235.00,
5126,,,,,2019-07-23T12:21:35Z,46.78333333,13.23753333,2234.00,
5127,,,,,2019-07-23T12:21:36Z,46.78331667,13.23726667,2233.00,
5128,,,,,2019-07-23T12:21:37Z,46.78330000,13.23700000,2234.00,
5129,,,,,2019-07-23T12:21:38Z,46.78328333,13.23675000,2235.00,
5130,,,,,2019-07-23T12:21:39Z,46.78328333,13.23646667,2235.00,
5131,,,,,2019-07-23T12:21:40Z,46.78326667,13.23620000,2235.00,
5132,,,,,2019-07-23T12:21:41Z,46.78326667,13.23593333,2233.00,
5133,,,,,2019-07-23T12:21:42Z,46.78325000,13.23566667,2232.00,
5134,,,,,2019-07-23T12:21:43Z,46.78325000,13.23541667,2230.00,
5135,,,,,2019-07-23T12:21:44Z,46.78323333,13.23515000,2230.00,
5136,,,,,2019-07-23T12:21:45Z,46.78323333,13.23490000,2230.00,
5137,,,,,2019-07-23T12:21:46Z,46.78323333,13.23463333,2228.00,
5138,,,,,2019-07-23T12:21:47Z,46.78323333,13.23436667,2227.00,
5139,,,,,2019-07-23T12:21:48Z,46.78321667,13.23408333,2225.00,
5140,,,,,2019-07-23T12:21:49Z,46.78321667,13.23378333,2223.00,
5141,,,,,2019-07-23T12:21:50Z,46.78320000,13.23348333,2220.00,
5142,,,,,2019-07-23T12:21:51Z,46.78318333,13.23321667,2218.00,
5143,,,,,2019-07-23T12:21:52Z,46.78316667,13.23295000,2216.00,
5144,,,,,2019-07-23T12:21:53Z,46.78316667,13.23270000,2216.00,
5145,,,,,2019-07-23T12:21:54Z,46.78316667,13.23245000,2214.00,
5146,,,,,2019-07-23T12:21:55Z,46.78316667,13.23221667,2213.00,
5147,,,,,2019-07-23T12:21:56Z,46.78315000,13.23196667,2215.00,
5148,,,,,2019-07-23T12:21:57Z,46.78315000,13.23173333,2214.00,
5149,,,,,2019-07-23T12:21:58Z,46.78313333,13.23148333,2213.00,
5150,,,,,2019-07-23T12:21:59Z,46.78313333,13.23125000,2212.00,
5151,,,,,2019-07-23T12:22:00Z,46.78311667,13.23100000,2207.00,
5152,,,,,2019-07-23T12:22:01Z,46.78313333,13.23075000,2208.00,
5153,,,,,2019-07-23T12:22:02Z,46.78316667,13.23048333,2208.00,
5154,,,,,2019-07-23T12:22:03Z,46.78318333,13.23021667,2205.00,
5155,,,,,2019-07-23T12:22:04Z,46.78321667,13.22995000,2204.00,
5156,,,,,2019-07-23T12:22:05Z,46.78325000,13.22970000,2202.00,
5157,,,,,2019-07-23T12:22:06Z,46.78326667,13.22945000,2201.00,
5158,,,,,2019-07-23T12:22:07Z,46.78328333,13.22921667,2200.00,
5159,,,,,2019-07-23T12:22:08Z,46.78330000,13.22900000,2201.00,
5160,,,,,2019-07-23T12:22:09Z,46.78333333,13.22878333,2201.00,
5161,,,,,2019-07-23T12:22:10Z,46.78336667,13.22855000,2201.00,
5162,,,,,2019-07-23T12:22:11Z,46.78338333,13.22833333,2199.00,
5163,,,,,2019-07-23T12:22:12Z,46.78340000,13.22811667,2199.00,
5164,,,,,2019-07-23T12:22:13Z,46.78338333,13.22790000,2200.00,
5165,,,,,2019-07-23T12:22:14Z,46.78336667,13.22768333,2201.00,
5166,,,,,2019-07-23T12:22:15Z,46.78333333,13.22746667,2202.00,
5167,,,,,2019-07-23T12:22:16Z,46.78331667,13.22726667,2202.00,
5168,,,,,2019-07-23T12:22:17Z,46.78330000,13.22705000,2202.00,
5169,,,,,2019-07-23T12:22:18Z,46.78328333,13.22681667,2200.00,
5170,,,,,2019-07-23T12:22:19Z,46.78326667,13.22660000,2198.00,
5171,,,,,2019-07-23T12:22:20Z,46.78321667,13.22636667,2196.00,
5172,,,,,2019-07-23T12:22:21Z,46.78318333,13.22611667,2193.00,
5173,,,,,2019-07-23T12:22:22Z,46.78315000,13.22588333,2191.00,
5174,,,,,2019-07-23T12:22:23Z,46.78311667,13.22563333,2186.00,
5175,,,,,2019-07-23T12:22:24Z,46.78311667,13.22540000,2184.00,
5176,,,,,2019-07-23T12:22:25Z,46.78311667,13.22516667,2183.00,
5177,,,,,2019-07-23T12:22:26Z,46.78311667,13.22495000,2181.00,
5178,,,,,2019-07-23T12:22:27Z,46.78315000,13.22475000,2180.00,
5179,,,,,2019-07-23T12:22:28Z,46.78318333,13.22453333,2179.00,
5180,,,,,2019-07-23T12:22:29Z,46.78323333,13.22431667,2178.00,
5181,,,,,2019-07-23T12:22:30Z,46.78328333,13.22411667,2175.00,
5182,,,,,2019-07-23T12:22:31Z,46.78335000,13.22390000,2174.00,
5183,,,,,2019-07-23T12:22:32Z,46.78340000,13.22370000,2171.00,
5184,,,,,2019-07-23T12:22:33Z,46.78346667,13.22350000,2168.00,
5185,,,,,2019-07-23T12:22:34Z,46.78350000,13.22330000,2168.00,
5186,,,,,2019-07-23T12:22:35Z,46.78355000,13.22308333,2168.00,
5187,,,,,2019-07-23T12:22:36Z,46.78356667,13.22288333,2169.00,
5188,,,,,2019-07-23T12:22:37Z,46.78360000,13.22266667,2170.00,
5189,,,,,2019-07-23T12:22:38Z,46.78363333,13.22245000,2171.00,
5190,,,,,2019-07-23T12:22:39Z,46.78368333,13.22223333,2171.00,
5191,,,,,2019-07-23T12:22:40Z,46.78375000,13.22201667,2168.00,
5192,,,,,2019-07-23T12:22:41Z,46.78380000,13.22180000,2168.00,
5193,,,,,2019-07-23T12:22:42Z,46.78383333,13.22158333,2168.00,
5194,,,,,2019-07-23T12:22:43Z,46.78385000,13.22136667,2169.00,
5195,,,,,2019-07-23T12:22:44Z,46.78385000,13.22115000,2173.00,
5196,,,,,2019-07-23T12:22:45Z,46.78383333,13.22091667,2177.00,
5197,,,,,2019-07-23T12:22:46Z,46.78380000,13.22070000,2177.00,
5198,,,,,2019-07-23T12:22:47Z,46.78376667,13.22048333,2176.00,
5199,,,,,2019-07-23T12:22:48Z,46.78375000,13.22030000,2177.00,
5200,,,,,2019-07-23T12:22:49Z,46.78373333,13.22011667,2180.00,
5201,,,,,2019-07-23T12:22:50Z,46.78375000,13.21995000,2180.00,
5202,,,,,2019-07-23T12:22:51Z,46.78376667,13.21978333,2184.00,
5203,,,,,2019-07-23T12:22:52Z,46.78378333,13.21960000,2184.00,
5204,,,,,2019-07-23T12:22:53Z,46.78383333,13.21943333,2186.00,
5205,,,,,2019-07-23T12:22:54Z,46.78388333,13.21925000,2185.00,
5206,,,,,2019-07-23T12:22:55Z,46.78395000,13.21908333,2186.00,
5207,,,,,2019-07-23T12:22:56Z,46.78403333,13.21891667,2185.00,
5208,,,,,2019-07-23T12:22:57Z,46.78411667,13.21873333,2182.00,
5209,,,,,2019-07-23T12:22:58Z,46.78421667,13.21856667,2181.00,
5210,,,,,2019-07-23T12:22:59Z,46.78428333,13.21840000,2177.00,
5211,,,,,2019-07-23T12:23:00Z,46.78435000,13.21821667,2174.00,
5212,,,,,2019-07-23T12:23:01Z,46.78440000,13.21803333,2173.00,
5213,,,,,2019-07-23T12:23:02Z,46.78443333,13.21783333,2167.00,
5214,,,,,2019-07-23T12:23:03Z,46.78445000,13.21761667,2167.00,
5215,,,,,2019-07-23T12:23:04Z,46.78445000,13.21740000,2166.00,
5216,,,,,2019-07-23T12:23:05Z,46.78445000,13.21718333,2164.00,
5217,,,,,2019-07-23T12:23:06Z,46.78443333,13.21695000,2161.00,
5218,,,,,2019-07-23T12:23:07Z,46.78443333,13.21673333,2157.00,
5219,,,,,2019-07-23T12:23:08Z,46.78443333,13.21650000,2156.00,
5220,,,,,2019-07-23T12:23:09Z,46.78443333,13.21625000,2154.00,
5221,,,,,2019-07-23T12:23:10Z,46.78445000,13.21598333,2151.00,
5222,,,,,2019-07-23T12:23:11Z,46.78446667,13.21573333,2153.00,
5223,,,,,2019-07-23T12:23:12Z,46.78450000,13.21548333,2153.00,
5224,,,,,2019-07-23T12:23:13Z,46.78455000,13.21523333,2151.00,
5225,,,,,2019-07-23T12:23:14Z,46.78460000,13.21498333,2151.00,
5226,,,,,2019-07-23T12:23:15Z,46.78465000,13.21475000,2153.00,
5227,,,,,2019-07-23T12:23:16Z,46.78470000,13.21450000,2155.00,
5228,,,,,2019-07-23T12:23:17Z,46.78475000,13.21425000,2157.00,
5229,,,,,2019-07-23T12:23:18Z,46.78480000,13.21400000,2159.00,
5230,,,,,2019-07-23T12:23:19Z,46.78486667,13.21376667,2163.00,
5231,,,,,2019-07-23T12:23:20Z,46.78491667,13.21353333,2166.00,
5232,,,,,2019-07-23T12:23:21Z,46.78500000,13.21328333,2167.00,
5233,,,,,2019-07-23T12:23:22Z,46.78510000,13.21301667,2166.00,
5234,,,,,2019-07-23T12:23:23Z,46.78520000,13.21273333,2165.00,
5235,,,,,2019-07-23T12:23:24Z,46.78530000,13.21246667,2163.00,
5236,,,,,2019-07-23T12:23:25Z,46.78538333,13.21218333,2159.00,
5237,,,,,2019-07-23T12:23:26Z,46.78546667,13.21190000,2159.00,
5238,,,,,2019-07-23T12:23:27Z,46.78551667,13.21165000,2160.00,
5239,,,,,2019-07-23T12:23:28Z,46.78556667,13.21138333,2161.00,
5240,,,,,2019-07-23T12:23:29Z,46.78560000,13.21113333,2160.00,
5241,,,,,2019-07-23T12:23:30Z,46.78561667,13.21088333,2162.00,
5242,,,,,2019-07-23T12:23:31Z,46.78561667,13.21061667,2163.00,
5243,,,,,2019-07-23T12:23:32Z,46.78560000,13.21035000,2163.00,
5244,,,,,2019-07-23T12:23:33Z,46.78558333,13.21008333,2164.00,
5245,,,,,2019-07-23T12:23:34Z,46.78556667,13.20980000,2162.00,
5246,,,,,2019-07-23T12:23:35Z,46.78555000,13.20951667,2161.00,
5247,,,,,2019-07-23T12:23:36Z,46.78553333,13.20923333,2158.00,
5248,,,,,2019-07-23T12:23:37Z,46.78550000,13.20895000,2156.00,
5249,,,,,2019-07-23T12:23:38Z,46.78541667,13.20866667,2155.00,
5250,,,,,2019-07-23T12:23:39Z,46.78533333,13.20843333,2155.00,
5251,,,,,2019-07-23T12:23:40Z,46.78523333,13.20820000,2157.00,
5252,,,,,2019-07-23T12:23:41Z,46.78513333,13.20796667,2160.00,
5253,,,,,2019-07-23T12:23:42Z,46.78506667,13.20775000,2161.00,
5254,,,,,2019-07-23T12:23:43Z,46.78503333,13.20751667,2160.00,
5255,,,,,2019-07-23T12:23:44Z,46.78500000,13.20726667,2158.00,
5256,,,,,2019-07-23T12:23:45Z,46.78498333,13.20701667,2157.00,
5257,,,,,2019-07-23T12:23:46Z,46.78496667,13.20676667,2156.00,
5258,,,,,2019-07-23T12:23:47Z,46.78495000,13.20653333,2153.00,
5259,,,,,2019-07-23T12:23:48Z,46.78491667,13.20628333,2150.00,
5260,,,,,2019-07-23T12:23:49Z,46.78488333,13.20605000,2152.00,
5261,,,,,2019-07-23T12:23:50Z,46.78485000,13.20581667,2153.00,
5262,,,,,2019-07-23T12:23:51Z,46.78483333,13.20558333,2152.00,
5263,,,,,2019-07-23T12:23:52Z,46.78480000,13.20535000,2150.00,
5264,,,,,2019-07-23T12:23:53Z,46.78478333,13.20511667,2147.00,
5265,,,,,2019-07-23T12:23:54Z,46.78476667,13.20488333,2146.00,
5266,,,,,2019-07-23T12:23:55Z,46.78473333,13.20463333,2145.00,
5267,,,,,2019-07-23T12:23:56Z,46.78466667,13.20438333,2144.00,
5268,,,,,2019-07-23T12:23:57Z,46.78458333,13.20413333,2142.00,
5269,,,,,2019-07-23T12:23:58Z,46.78448333,13.20390000,2141.00,
5270,,,,,2019-07-23T12:23:59Z,46.78438333,13.20366667,2139.00,
5271,,,,,2019-07-23T12:24:00Z,46.78428333,13.20345000,2141.00,
5272,,,,,2019-07-23T12:24:01Z,46.78420000,13.20323333,2140.00,
5273,,,,,2019-07-23T12:24:02Z,46.78410000,13.20301667,2138.00,
5274,,,,,2019-07-23T12:24:03Z,46.78401667,13.20280000,2137.00,
5275,,,,,2019-07-23T12:24:04Z,46.78393333,13.20258333,2135.00,
5276,,,,,2019-07-23T12:24:05Z,46.78383333,13.20236667,2136.00,
5277,,,,,2019-07-23T12:24:06Z,46.78373333,13.20216667,2135.00,
5278,,,,,2019-07-23T12:24:07Z,46.78363333,13.20196667,2133.00,
5279,,,,,2019-07-23T12:24:08Z,46.78351667,13.20178333,2132.00,
5280,,,,,2019-07-23T12:24:09Z,46.78340000,13.20161667,2131.00,
5281,,,,,2019-07-23T12:24:10Z,46.78330000,13.20143333,2131.00,
5282,,,,,2019-07-23T12:24:11Z,46.78320000,13.20126667,2132.00,
5283,,,,,2019-07-23T12:24:12Z,46.78310000,13.20108333,2135.00,
5284,,,,,2019-07-23T12:24:13Z,46.78300000,13.20090000,2134.00,
5285,,,,,2019-07-23T12:24:14Z,46.78290000,13.20068333,2134.00,
5286,,,,,2019-07-23T12:24:15Z,46.78281667,13.20048333,2135.00,
5287,,,,,2019-07-23T12:24:16Z,46.78275000,13.20028333,2135.00,
5288,,,,,2019-07-23T12:24:17Z,46.78268333,13.20006667,2138.00,
5289,,,,,2019-07-23T12:24:18Z,46.78260000,13.19986667,2141.00,
5290,,,,,2019-07-23T12:24:19Z,46.78253333,13.19965000,2141.00,
5291,,,,,2019-07-23T12:24:20Z,46.78246667,13.19943333,2139.00,
5292,,,,,2019-07-23T12:24:21Z,46.78240000,13.19920000,2141.00,
5293,,,,,2019-07-23T12:24:22Z,46.78231667,13.19898333,2142.00,
5294,,,,,2019-07-23T12:24:23Z,46.78223333,13.19875000,2143.00,
5295,,,,,2019-07-23T12:24:24Z,46.78215000,13.19853333,2143.00,
5296,,,,,2019-07-23T12:24:25Z,46.78208333,13.19830000,2143.00,
5297,,,,,2019-07-23T12:24:26Z,46.78201667,13.19806667,2144.00,
5298,,,,,2019-07-23T12:24:27Z,46.78198333,13.19783333,2144.00,
5299,,,,,2019-07-23T12:24:28Z,46.78193333,13.19760000,2145.00,
5300,,,,,2019-07-23T12:24:29Z,46.78190000,13.19735000,2146.00,
5301,,,,,2019-07-23T12:24:30Z,46.78186667,13.19708333,2146.00,
5302,,,,,2019-07-23T12:24:31Z,46.78183333,13.19683333,2145.00,
5303,,,,,2019-07-23T12:24:32Z,46.78180000,13.19658333,2146.00,
5304,,,,,2019-07-23T12:24:33Z,46.78176667,13.19635000,2150.00,
5305,,,,,2019-07-23T12:24:34Z,46.78171667,13.19613333,2154.00,
5306,,,,,2019-07-23T12:24:35Z,46.78166667,13.19593333,2158.00,
5307,,,,,2019-07-23T12:24:36Z,46.78158333,13.19575000,2162.00,
5308,,,,,2019-07-23T12:24:37Z,46.78150000,13.19558333,2164.00,
5309,,,,,2019-07-23T12:24:38Z,46.78141667,13.19546667,2167.00,
5310,,,,,2019-07-23T12:24:39Z,46.78130000,13.19540000,2170.00,
5311,,,,,2019-07-23T12:24:40Z,46.78118333,13.19538333,2172.00,
5312,,,,,2019-07-23T12:24:41Z,46.78106667,13.19543333,2175.00,
5313,,,,,2019-07-23T12:24:42Z,46.78100000,13.19555000,2178.00,
5314,,,,,2019-07-23T12:24:43Z,46.78098333,13.19573333,2179.00,
5315,,,,,2019-07-23T12:24:44Z,46.78103333,13.19590000,2180.00,
5316,,,,,2019-07-23T12:24:45Z,46.78115000,13.19603333,2180.00,
5317,,,,,2019-07-23T12:24:46Z,46.78131667,13.19610000,2180.00,
5318,,,,,2019-07-23T12:24:47Z,46.78150000,13.19606667,2179.00,
5319,,,,,2019-07-23T12:24:48Z,46.78166667,13.19596667,2179.00,
5320,,,,,2019-07-23T12:24:49Z,46.78181667,13.19578333,2180.00,
5321,,,,,2019-07-23T12:24:50Z,46.78191667,13.19555000,2183.00,
5322,,,,,2019-07-23T12:24:51Z,46.78196667,13.19528333,2184.00,
5323,,,,,2019-07-23T12:24:52Z,46.78200000,13.19501667,2185.00,
5324,,,,,2019-07-23T12:24:53Z,46.78198333,13.19476667,2187.00,
5325,,,,,2019-07-23T12:24:54Z,46.78195000,13.19453333,2191.00,
5326,,,,,2019-07-23T12:24:55Z,46.78190000,13.19435000,2195.00,
5327,,,,,2019-07-23T12:24:56Z,46.78183333,13.19420000,2199.00,
5328,,,,,2019-07-23T12:24:57Z,46.78175000,13.19410000,2203.00,
5329,,,,,2019-07-23T12:24:58Z,46.78166667,13.19405000,2207.00,
5330,,,,,2019-07-23T12:24:59Z,46.78156667,13.19408333,2209.00,
5331,,,,,2019-07-23T12:25:00Z,46.78150000,13.19418333,2212.00,
5332,,,,,2019-07-23T12:25:01Z,46.78148333,13.19435000,2214.00,
5333,,,,,2019-07-23T12:25:02Z,46.78155000,13.19451667,2216.00,
5334,,,,,2019-07-23T12:25:03Z,46.78168333,13.19461667,2217.00,
5335,,,,,2019-07-23T12:25:04Z,46.78186667,13.19461667,2219.00,
5336,,,,,2019-07-23T12:25:05Z,46.78205000,13.19451667,2221.00,
5337,,,,,2019-07-23T12:25:06Z,46.78216667,13.19431667,2224.00,
5338,,,,,2019-07-23T12:25:07Z,46.78223333,13.19405000,2228.00,
5339,,,,,2019-07-23T12:25:08Z,46.78223333,13.19378333,2229.00,
5340,,,,,2019-07-23T12:25:09Z,46.78218333,13.19355000,2231.00,
5341,,,,,2019-07-23T12:25:10Z,46.78211667,13.19338333,2234.00,
5342,,,,,2019-07-23T12:25:11Z,46.78198333,13.19328333,2238.00,
5343,,,,,2019-07-23T12:25:12Z,46.78185000,13.19330000,2241.00,
5344,,,,,2019-07-23T12:25:13Z,46.78173333,13.19340000,2243.00,
5345,,,,,2019-07-23T12:25:14Z,46.78166667,13.19355000,2245.00,
5346,,,,,2019-07-23T12:25:15Z,46.78163333,13.19375000,2246.00,
5347,,,,,2019-07-23T12:25:16Z,46.78165000,13.19395000,2248.00,
5348,,,,,2019-07-23T12:25:17Z,46.78173333,13.19415000,2248.00,
5349,,,,,2019-07-23T12:25:18Z,46.78188333,13.19428333,2250.00,
5350,,,,,2019-07-23T12:25:19Z,46.78203333,13.19435000,2250.00,
5351,,,,,2019-07-23T12:25:20Z,46.78221667,13.19436667,2253.00,
5352,,,,,2019-07-23T12:25:21Z,46.78240000,13.19435000,2255.00,
5353,,,,,2019-07-23T12:25:22Z,46.78258333,13.19430000,2256.00,
5354,,,,,2019-07-23T12:25:23Z,46.78275000,13.19418333,2258.00,
5355,,,,,2019-07-23T12:25:24Z,46.78291667,13.19401667,2263.00,
5356,,,,,2019-07-23T12:25:25Z,46.78305000,13.19385000,2269.00,
5357,,,,,2019-07-23T12:25:26Z,46.78320000,13.19366667,2270.00,
5358,,,,,2019-07-23T12:25:27Z,46.78331667,13.19348333,2269.00,
5359,,,,,2019-07-23T12:25:28Z,46.78343333,13.19328333,2269.00,
5360,,,,,2019-07-23T12:25:29Z,46.78351667,13.19306667,2270.00,
5361,,,,,2019-07-23T12:25:30Z,46.78358333,13.19283333,2273.00,
5362,,,,,2019-07-23T12:25:31Z,46.78360000,13.19256667,2275.00,
5363,,,,,2019-07-23T12:25:32Z,46.78358333,13.19230000,2276.00,
5364,,,,,2019-07-23T12:25:33Z,46.78355000,13.19205000,2275.00,
5365,,,,,2019-07-23T12:25:34Z,46.78348333,13.19180000,2272.00,
5366,,,,,2019-07-23T12:25:35Z,46.78340000,13.19158333,2272.00,
5367,,,,,2019-07-23T12:25:36Z,46.78333333,13.19135000,2274.00,
5368,,,,,2019-07-23T12:25:37Z,46.78326667,13.19113333,2272.00,
5369,,,,,2019-07-23T12:25:38Z,46.78320000,13.19088333,2275.00,
5370,,,,,2019-07-23T12:25:39Z,46.78316667,13.19063333,2275.00,
5371,,,,,2019-07-23T12:25:40Z,46.78316667,13.19035000,2273.00,
5372,,,,,2019-07-23T12:25:41Z,46.78316667,13.19008333,2271.00,
5373,,,,,2019-07-23T12:25:42Z,46.78316667,13.18980000,2271.00,
5374,,,,,2019-07-23T12:25:43Z,46.78318333,13.18953333,2270.00,
5375,,,,,2019-07-23T12:25:44Z,46.78318333,13.18925000,2270.00,
5376,,,,,2019-07-23T12:25:45Z,46.78316667,13.18896667,2271.00,
5377,,,,,2019-07-23T12:25:46Z,46.78315000,13.18868333,2271.00,
5378,,,,,2019-07-23T12:25:47Z,46.78311667,13.18840000,2271.00,
5379,,,,,2019-07-23T12:25:48Z,46.78306667,13.18813333,2268.00,
5380,,,,,2019-07-23T12:25:49Z,46.78303333,13.18785000,2265.00,
5381,,,,,2019-07-23T12:25:50Z,46.78300000,13.18756667,2263.00,
5382,,,,,2019-07-23T12:25:51Z,46.78296667,13.18728333,2262.00,
5383,,,,,2019-07-23T12:25:52Z,46.78293333,13.18698333,2259.00,
5384,,,,,2019-07-23T12:25:53Z,46.78290000,13.18666667,2254.00,
5385,,,,,2019-07-23T12:25:54Z,46.78286667,13.18638333,2250.00,
5386,,,,,2019-07-23T12:25:55Z,46.78283333,13.18610000,2250.00,
5387,,,,,2019-07-23T12:25:56Z,46.78280000,13.18583333,2249.00,
5388,,,,,2019-07-23T12:25:57Z,46.78275000,13.18556667,2248.00,
5389,,,,,2019-07-23T12:25:58Z,46.78273333,13.18528333,2247.00,
5390,,,,,2019-07-23T12:25:59Z,46.78270000,13.18500000,2245.00,
5391,,,,,2019-07-23T12:26:00Z,46.78268333,13.18471667,2242.00,
5392,,,,,2019-07-23T12:26:01Z,46.78266667,13.18441667,2237.00,
5393,,,,,2019-07-23T12:26:02Z,46.78265000,13.18413333,2233.00,
5394,,,,,2019-07-23T12:26:03Z,46.78261667,13.18383333,2231.00,
5395,,,,,2019-07-23T12:26:04Z,46.78260000,13.18355000,2230.00,
5396,,,,,2019-07-23T12:26:05Z,46.78255000,13.18328333,2228.00,
5397,,,,,2019-07-23T12:26:06Z,46.78251667,13.18300000,2226.00,
5398,,,,,2019-07-23T12:26:07Z,46.78248333,13.18271667,2224.00,
5399,,,,,2019-07-23T12:26:08Z,46.78245000,13.18245000,2221.00,
5400,,,,,2019-07-23T12:26:09Z,46.78240000,13.18218333,2220.00,
5401,,,,,2019-07-23T12:26:10Z,46.78235000,13.18193333,2219.00,
5402,,,,,2019-07-23T12:26:11Z,46.78230000,13.18168333,2216.00,
5403,,,,,2019-07-23T12:26:12Z,46.78221667,13.18145000,2215.00,
5404,,,,,2019-07-23T12:26:13Z,46.78213333,13.18123333,2216.00,
5405,,,,,2019-07-23T12:26:14Z,46.78205000,13.18100000,2215.00,
5406,,,,,2019-07-23T12:26:15Z,46.78196667,13.18078333,2213.00,
5407,,,,,2019-07-23T12:26:16Z,46.78190000,13.18055000,2210.00,
5408,,,,,2019-07-23T12:26:17Z,46.78181667,13.18030000,2209.00,
5409,,,,,2019-07-23T12:26:18Z,46.78175000,13.18003333,2205.00,
5410,,,,,2019-07-23T12:26:19Z,46.78168333,13.17976667,2201.00,
5411,,,,,2019-07-23T12:26:20Z,46.78161667,13.17951667,2198.00,
5412,,,,,2019-07-23T12:26:21Z,46.78156667,13.17925000,2197.00,
5413,,,,,2019-07-23T12:26:22Z,46.78153333,13.17898333,2195.00,
5414,,,,,2019-07-23T12:26:23Z,46.78150000,13.17873333,2195.00,
5415,,,,,2019-07-23T12:26:24Z,46.78148333,13.17848333,2194.00,
5416,,,,,2019-07-23T12:26:25Z,46.78146667,13.17826667,2192.00,
5417,,,,,2019-07-23T12:26:26Z,46.78145000,13.17805000,2192.00,
5418,,,,,2019-07-23T12:26:27Z,46.78143333,13.17783333,2189.00,
5419,,,,,2019-07-23T12:26:28Z,46.78140000,13.17761667,2191.00,
5420,,,,,2019-07-23T12:26:29Z,46.78135000,13.17740000,2191.00,
5421,,,,,2019-07-23T12:26:30Z,46.78128333,13.17716667,2189.00,
5422,,,,,2019-07-23T12:26:31Z,46.78120000,13.17693333,2183.00,
5423,,,,,2019-07-23T12:26:32Z,46.78113333,13.17670000,2181.00,
5424,,,,,2019-07-23T12:26:33Z,46.78108333,13.17646667,2180.00,
5425,,,,,2019-07-23T12:26:34Z,46.78103333,13.17625000,2177.00,
5426,,,,,2019-07-23T12:26:35Z,46.78101667,13.17601667,2176.00,
5427,,,,,2019-07-23T12:26:36Z,46.78096667,13.17580000,2174.00,
5428,,,,,2019-07-23T12:26:37Z,46.78093333,13.17556667,2174.00,
5429,,,,,2019-07-23T12:26:38Z,46.78090000,13.17533333,2170.00,
5430,,,,,2019-07-23T12:26:39Z,46.78085000,13.17511667,2167.00,
5431,,,,,2019-07-23T12:26:40Z,46.78080000,13.17490000,2167.00,
5432,,,,,2019-07-23T12:26:41Z,46.78075000,13.17466667,2165.00,
5433,,,,,2019-07-23T12:26:42Z,46.78070000,13.17445000,2162.00,
5434,,,,,2019-07-23T12:26:43Z,46.78066667,13.17421667,2157.00,
5435,,,,,2019-07-23T12:26:44Z,46.78065000,13.17398333,2155.00,
5436,,,,,2019-07-23T12:26:45Z,46.78061667,13.17376667,2152.00,
5437,,,,,2019-07-23T12:26:46Z,46.78060000,13.17353333,2151.00,
5438,,,,,2019-07-23T12:26:47Z,46.78056667,13.17331667,2151.00,
5439,,,,,2019-07-23T12:26:48Z,46.78053333,13.17310000,2151.00,
5440,,,,,2019-07-23T12:26:49Z,46.78048333,13.17288333,2148.00,
5441,,,,,2019-07-23T12:26:50Z,46.78043333,13.17266667,2146.00,
5442,,,,,2019-07-23T12:26:51Z,46.78040000,13.17246667,2145.00,
5443,,,,,2019-07-23T12:26:52Z,46.78036667,13.17223333,2142.00,
5444,,,,,2019-07-23T12:26:53Z,46.78035000,13.17198333,2139.00,
5445,,,,,2019-07-23T12:26:54Z,46.78031667,13.17171667,2135.00,
5446,,,,,2019-07-23T12:26:55Z,46.78028333,13.17146667,2130.00,
5447,,,,,2019-07-23T12:26:56Z,46.78023333,13.17123333,2128.00,
5448,,,,,2019-07-23T12:26:57Z,46.78016667,13.17100000,2127.00,
5449,,,,,2019-07-23T12:26:58Z,46.78008333,13.17080000,2124.00,
5450,,,,,2019-07-23T12:26:59Z,46.78001667,13.17058333,2122.00,
5451,,,,,2019-07-23T12:27:00Z,46.77995000,13.17038333,2118.00,
5452,,,,,2019-07-23T12:27:01Z,46.77991667,13.17018333,2115.00,
5453,,,,,2019-07-23T12:27:02Z,46.77990000,13.17000000,2115.00,
5454,,,,,2019-07-23T12:27:03Z,46.77986667,13.16980000,2116.00,
5455,,,,,2019-07-23T12:27:04Z,46.77985000,13.16958333,2114.00,
5456,,,,,2019-07-23T12:27:05Z,46.77983333,13.16936667,2109.00,
5457,,,,,2019-07-23T12:27:06Z,46.77980000,13.16915000,2108.00,
5458,,,,,2019-07-23T12:27:07Z,46.77978333,13.16895000,2107.00,
5459,,,,,2019-07-23T12:27:08Z,46.77975000,13.16873333,2105.00,
5460,,,,,2019-07-23T12:27:09Z,46.77971667,13.16853333,2100.00,
5461,,,,,2019-07-23T12:27:10Z,46.77968333,13.16833333,2098.00,
5462,,,,,2019-07-23T12:27:11Z,46.77963333,13.16813333,2094.00,
5463,,,,,2019-07-23T12:27:12Z,46.77961667,13.16791667,2090.00,
5464,,,,,2019-07-23T12:27:13Z,46.77960000,13.16768333,2085.00,
5465,,,,,2019-07-23T12:27:14Z,46.77958333,13.16745000,2080.00,
5466,,,,,2019-07-23T12:27:15Z,46.77958333,13.16723333,2076.00,
5467,,,,,2019-07-23T12:27:16Z,46.77958333,13.16700000,2072.00,
5468,,,,,2019-07-23T12:27:17Z,46.77958333,13.16676667,2069.00,
5469,,,,,2019-07-23T12:27:18Z,46.77958333,13.16651667,2064.00,
5470,,,,,2019-07-23T12:27:19Z,46.77955000,13.16626667,2060.00,
5471,,,,,2019-07-23T12:27:20Z,46.77948333,13.16601667,2054.00,
5472,,,,,2019-07-23T12:27:21Z,46.77941667,13.16576667,2050.00,
5473,,,,,2019-07-23T12:27:22Z,46.77936667,13.16553333,2048.00,
5474,,,,,2019-07-23T12:27:23Z,46.77931667,13.16530000,2046.00,
5475,,,,,2019-07-23T12:27:24Z,46.77930000,13.16508333,2047.00,
5476,,,,,2019-07-23T12:27:25Z,46.77928333,13.16486667,2048.00,
5477,,,,,2019-07-23T12:27:26Z,46.77928333,13.16465000,2047.00,
5478,,,,,2019-07-23T12:27:27Z,46.77926667,13.16443333,2045.00,
5479,,,,,2019-07-23T12:27:28Z,46.77926667,13.16420000,2044.00,
5480,,,,,2019-07-23T12:27:29Z,46.77923333,13.16396667,2043.00,
5481,,,,,2019-07-23T12:27:30Z,46.77920000,13.16371667,2041.00,
5482,,,,,2019-07-23T12:27:31Z,46.77916667,13.16345000,2037.00,
5483,,,,,2019-07-23T12:27:32Z,46.77915000,13.16318333,2031.00,
5484,,,,,2019-07-23T12:27:33Z,46.77916667,13.16291667,2030.00,
5485,,,,,2019-07-23T12:27:34Z,46.77918333,13.16265000,2027.00,
5486,,,,,2019-07-23T12:27:35Z,46.77920000,13.16238333,2026.00,
5487,,,,,2019-07-23T12:27:36Z,46.77923333,13.16211667,2025.00,
5488,,,,,2019-07-23T12:27:37Z,46.77926667,13.16185000,2024.00,
5489,,,,,2019-07-23T12:27:38Z,46.77930000,13.16158333,2023.00,
5490,,,,,2019-07-23T12:27:39Z,46.77935000,13.16131667,2024.00,
5491,,,,,2019-07-23T12:27:40Z,46.77940000,13.16105000,2025.00,
5492,,,,,2019-07-23T12:27:41Z,46.77943333,13.16078333,2026.00,
5493,,,,,2019-07-23T12:27:42Z,46.77948333,13.16053333,2027.00,
5494,,,,,2019-07-23T12:27:43Z,46.77951667,13.16028333,2030.00,
5495,,,,,2019-07-23T12:27:44Z,46.77955000,13.16001667,2032.00,
5496,,,,,2019-07-23T12:27:45Z,46.77956667,13.15975000,2031.00,
5497,,,,,2019-07-23T12:27:46Z,46.77960000,13.15948333,2033.00,
5498,,,,,2019-07-23T12:27:47Z,46.77963333,13.15921667,2033.00,
5499,,,,,2019-07-23T12:27:48Z,46.77966667,13.15893333,2033.00,
5500,,,,,2019-07-23T12:27:49Z,46.77973333,13.15865000,2030.00,
5501,,,,,2019-07-23T12:27:50Z,46.77978333,13.15838333,2031.00,
5502,,,,,2019-07-23T12:27:51Z,46.77985000,13.15813333,2030.00,
5503,,,,,2019-07-23T12:27:52Z,46.77990000,13.15786667,2030.00,
5504,,,,,2019-07-23T12:27:53Z,46.77995000,13.15760000,2029.00,
5505,,,,,2019-07-23T12:27:54Z,46.77998333,13.15733333,2027.00,
5506,,,,,2019-07-23T12:27:55Z,46.78000000,13.15705000,2027.00,
5507,,,,,2019-07-23T12:27:56Z,46.78003333,13.15678333,2026.00,
5508,,,,,2019-07-23T12:27:57Z,46.78005000,13.15651667,2025.00,
5509,,,,,2019-07-23T12:27:58Z,46.78006667,13.15625000,2026.00,
5510,,,,,2019-07-23T12:27:59Z,46.78008333,13.15598333,2024.00,
5511,,,,,2019-07-23T12:28:00Z,46.78008333,13.15570000,2021.00,
5512,,,,,2019-07-23T12:28:01Z,46.78006667,13.15541667,2021.00,
5513,,,,,2019-07-23T12:28:02Z,46.78005000,13.15516667,2022.00,
5514,,,,,2019-07-23T12:28:03Z,46.78005000,13.15493333,2024.00,
5515,,,,,2019-07-23T12:28:04Z,46.78005000,13.15473333,2027.00,
5516,,,,,2019-07-23T12:28:05Z,46.78008333,13.15453333,2028.00,
5517,,,,,2019-07-23T12:28:06Z,46.78011667,13.15436667,2032.00,
5518,,,,,2019-07-23T12:28:07Z,46.78015000,13.15418333,2035.00,
5519,,,,,2019-07-23T12:28:08Z,46.78018333,13.15396667,2036.00,
5520,,,,,2019-07-23T12:28:09Z,46.78021667,13.15373333,2033.00,
5521,,,,,2019-07-23T12:28:10Z,46.78026667,13.15350000,2031.00,
5522,,,,,2019-07-23T12:28:11Z,46.78030000,13.15326667,2028.00,
5523,,,,,2019-07-23T12:28:12Z,46.78031667,13.15305000,2026.00,
5524,,,,,2019-07-23T12:28:13Z,46.78031667,13.15283333,2028.00,
5525,,,,,2019-07-23T12:28:14Z,46.78030000,13.15261667,2029.00,
5526,,,,,2019-07-23T12:28:15Z,46.78026667,13.15238333,2028.00,
5527,,,,,2019-07-23T12:28:16Z,46.78023333,13.15215000,2027.00,
5528,,,,,2019-07-23T12:28:17Z,46.78020000,13.15191667,2025.00,
5529,,,,,2019-07-23T12:28:18Z,46.78015000,13.15168333,2024.00,
5530,,,,,2019-07-23T12:28:19Z,46.78011667,13.15146667,2024.00,
5531,,,,,2019-07-23T12:28:20Z,46.78010000,13.15125000,2024.00,
5532,,,,,2019-07-23T12:28:21Z,46.78006667,13.15105000,2023.00,
5533,,,,,2019-07-23T12:28:22Z,46.78005000,13.15085000,2024.00,
5534,,,,,2019-07-23T12:28:23Z,46.78003333,13.15065000,2026.00,
5535,,,,,2019-07-23T12:28:24Z,46.78003333,13.15045000,2028.00,
5536,,,,,2019-07-23T12:28:25Z,46.78005000,13.15023333,2026.00,
5537,,,,,2019-07-23T12:28:26Z,46.78006667,13.15003333,2024.00,
5538,,,,,2019-07-23T12:28:27Z,46.78010000,13.14985000,2024.00,
5539,,,,,2019-07-23T12:28:28Z,46.78010000,13.14966667,2023.00,
5540,,,,,2019-07-23T12:28:29Z,46.78010000,13.14948333,2024.00,
5541,,,,,2019-07-23T12:28:30Z,46.78010000,13.14928333,2022.00,
5542,,,,,2019-07-23T12:28:31Z,46.78006667,13.14906667,2021.00,
5543,,,,,2019-07-23T12:28:32Z,46.78003333,13.14885000,2020.00,
5544,,,,,2019-07-23T12:28:33Z,46.78000000,13.14860000,2019.00,
5545,,,,,2019-07-23T12:28:34Z,46.77996667,13.14836667,2016.00,
5546,,,,,2019-07-23T12:28:35Z,46.77996667,13.14813333,2015.00,
5547,,,,,2019-07-23T12:28:36Z,46.77996667,13.14790000,2016.00,
5548,,,,,2019-07-23T12:28:37Z,46.78000000,13.14766667,2013.00,
5549,,,,,2019-07-23T12:28:38Z,46.78003333,13.14743333,2012.00,
5550,,,,,2019-07-23T12:28:39Z,46.78008333,13.14721667,2011.00,
5551,,,,,2019-07-23T12:28:40Z,46.78013333,13.14700000,2011.00,
5552,,,,,2019-07-23T12:28:41Z,46.78016667,13.14678333,2010.00,
5553,,,,,2019-07-23T12:28:42Z,46.78021667,13.14658333,2011.00,
5554,,,,,2019-07-23T12:28:43Z,46.78025000,13.14638333,2014.00,
5555,,,,,2019-07-23T12:28:44Z,46.78026667,13.14616667,2015.00,
5556,,,,,2019-07-23T12:28:45Z,46.78030000,13.14595000,2015.00,
5557,,,,,2019-07-23T12:28:46Z,46.78031667,13.14573333,2014.00,
5558,,,,,2019-07-23T12:28:47Z,46.78035000,13.14550000,2013.00,
5559,,,,,2019-07-23T12:28:48Z,46.78038333,13.14528333,2013.00,
5560,,,,,2019-07-23T12:28:49Z,46.78041667,13.14505000,2010.00,
5561,,,,,2019-07-23T12:28:50Z,46.78045000,13.14481667,2008.00,
5562,,,,,2019-07-23T12:28:51Z,46.78046667,13.14458333,2009.00,
5563,,,,,2019-07-23T12:28:52Z,46.78046667,13.14435000,2011.00,
5564,,,,,2019-07-23T12:28:53Z,46.78046667,13.14410000,2011.00,
5565,,,,,2019-07-23T12:28:54Z,46.78046667,13.14388333,2011.00,
5566,,,,,2019-07-23T12:28:55Z,46.78048333,13.14365000,2009.00,
5567,,,,,2019-07-23T12:28:56Z,46.78051667,13.14345000,2009.00,
5568,,,,,2019-07-23T12:28:57Z,46.78055000,13.14325000,2011.00,
5569,,,,,2019-07-23T12:28:58Z,46.78060000,13.14306667,2014.00,
5570,,,,,2019-07-23T12:28:59Z,46.78066667,13.14290000,2018.00,
5571,,,,,2019-07-23T12:29:00Z,46.78073333,13.14273333,2022.00,
5572,,,,,2019-07-23T12:29:01Z,46.78081667,13.14258333,2021.00,
5573,,,,,2019-07-23T12:29:02Z,46.78090000,13.14243333,2023.00,
5574,,,,,2019-07-23T12:29:03Z,46.78100000,13.14228333,2027.00,
5575,,,,,2019-07-23T12:29:04Z,46.78111667,13.14215000,2029.00,
5576,,,,,2019-07-23T12:29:05Z,46.78125000,13.14201667,2027.00,
5577,,,,,2019-07-23T12:29:06Z,46.78138333,13.14188333,2023.00,
5578,,,,,2019-07-23T12:29:07Z,46.78150000,13.14175000,2019.00,
5579,,,,,2019-07-23T12:29:08Z,46.78161667,13.14156667,2018.00,
5580,,,,,2019-07-23T12:29:09Z,46.78171667,13.14138333,2017.00,
5581,,,,,2019-07-23T12:29:10Z,46.78178333,13.14116667,2017.00,
5582,,,,,2019-07-23T12:29:11Z,46.78185000,13.14095000,2016.00,
5583,,,,,2019-07-23T12:29:12Z,46.78188333,13.14071667,2014.00,
5584,,,,,2019-07-23T12:29:13Z,46.78190000,13.14046667,2013.00,
5585,,,,,2019-07-23T12:29:14Z,46.78190000,13.14018333,2011.00,
5586,,,,,2019-07-23T12:29:15Z,46.78188333,13.13991667,2010.00,
5587,,,,,2019-07-23T12:29:16Z,46.78188333,13.13966667,2008.00,
5588,,,,,2019-07-23T12:29:17Z,46.78186667,13.13941667,2008.00,
5589,,,,,2019-07-23T12:29:18Z,46.78185000,13.13918333,2010.00,
5590,,,,,2019-07-23T12:29:19Z,46.78183333,13.13896667,2011.00,
5591,,,,,2019-07-23T12:29:20Z,46.78181667,13.13875000,2011.00,
5592,,,,,2019-07-23T12:29:21Z,46.78180000,13.13851667,2011.00,
5593,,,,,2019-07-23T12:29:22Z,46.78178333,13.13830000,2009.00,
5594,,,,,2019-07-23T12:29:23Z,46.78175000,13.13806667,2007.00,
5595,,,,,2019-07-23T12:29:24Z,46.78171667,13.13781667,2006.00,
5596,,,,,2019-07-23T12:29:25Z,46.78170000,13.13756667,2003.00,
5597,,,,,2019-07-23T12:29:26Z,46.78166667,13.13730000,1999.00,
5598,,,,,2019-07-23T12:29:27Z,46.78165000,13.13703333,1995.00,
5599,,,,,2019-07-23T12:29:28Z,46.78163333,13.13678333,1991.00,
5600,,,,,2019-07-23T12:29:29Z,46.78160000,13.13651667,1991.00,
5601,,,,,2019-07-23T12:29:30Z,46.78158333,13.13625000,1988.00,
5602,,,,,2019-07-23T12:29:31Z,46.78155000,13.13598333,1984.00,
5603,,,,,2019-07-23T12:29:32Z,46.78151667,13.13571667,1980.00,
5604,,,,,2019-07-23T12:29:33Z,46.78150000,13.13546667,1976.00,
5605,,,,,2019-07-23T12:29:34Z,46.78146667,13.13520000,1976.00,
5606,,,,,2019-07-23T12:29:35Z,46.78143333,13.13493333,1975.00,
5607,,,,,2019-07-23T12:29:36Z,46.78140000,13.13468333,1974.00,
5608,,,,,2019-07-23T12:29:37Z,46.78136667,13.13443333,1973.00,
5609,,,,,2019-07-23T12:29:38Z,46.78135000,13.13416667,1970.00,
5610,,,,,2019-07-23T12:29:39Z,46.78131667,13.13391667,1967.00,
5611,,,,,2019-07-23T12:29:40Z,46.78130000,13.13365000,1964.00,
5612,,,,,2019-07-23T12:29:41Z,46.78126667,13.13340000,1964.00,
5613,,,,,2019-07-23T12:29:42Z,46.78121667,13.13313333,1962.00,
5614,,,,,2019-07-23T12:29:43Z,46.78116667,13.13288333,1961.00,
5615,,,,,2019-07-23T12:29:44Z,46.78111667,13.13263333,1958.00,
5616,,,,,2019-07-23T12:29:45Z,46.78106667,13.13238333,1955.00,
5617,,,,,2019-07-23T12:29:46Z,46.78103333,13.13215000,1955.00,
5618,,,,,2019-07-23T12:29:47Z,46.78100000,13.13191667,1954.00,
5619,,,,,2019-07-23T12:29:48Z,46.78096667,13.13168333,1953.00,
5620,,,,,2019-07-23T12:29:49Z,46.78093333,13.13143333,1950.00,
5621,,,,,2019-07-23T12:29:50Z,46.78088333,13.13120000,1949.00,
5622,,,,,2019-07-23T12:29:51Z,46.78085000,13.13096667,1947.00,
5623,,,,,2019-07-23T12:29:52Z,46.78080000,13.13071667,1945.00,
5624,,,,,2019-07-23T12:29:53Z,46.78076667,13.13048333,1943.00,
5625,,,,,2019-07-23T12:29:54Z,46.78071667,13.13023333,1941.00,
5626,,,,,2019-07-23T12:29:55Z,46.78068333,13.12998333,1940.00,
5627,,,,,2019-07-23T12:29:56Z,46.78066667,13.12975000,1936.00,
5628,,,,,2019-07-23T12:29:57Z,46.78063333,13.12951667,1938.00,
5629,,,,,2019-07-23T12:29:58Z,46.78060000,13.12930000,1938.00,
5630,,,,,2019-07-23T12:29:59Z,46.78056667,13.12906667,1937.00,
5631,,,,,2019-07-23T12:30:00Z,46.78053333,13.12888333,1939.00,
5632,,,,,2019-07-23T12:30:01Z,46.78050000,13.12870000,1944.00,
5633,,,,,2019-07-23T12:30:02Z,46.78046667,13.12853333,1946.00,
5634,,,,,2019-07-23T12:30:03Z,46.78040000,13.12840000,1947.00,
5635,,,,,2019-07-23T12:30:04Z,46.78033333,13.12830000,1950.00,
5636,,,,,2019-07-23T12:30:05Z,46.78023333,13.12826667,1951.00,
5637,,,,,2019-07-23T12:30:06Z,46.78015000,13.12833333,1952.00,
5638,,,,,2019-07-23T12:30:07Z,46.78010000,13.12848333,1953.00,
5639,,,,,2019-07-23T12:30:08Z,46.78010000,13.12868333,1953.00,
5640,,,,,2019-07-23T12:30:09Z,46.78015000,13.12886667,1953.00,
5641,,,,,2019-07-23T12:30:10Z,46.78031667,13.12895000,1954.00,
5642,,,,,2019-07-23T12:30:11Z,46.78046667,13.12901667,1954.00,
5643,,,,,2019-07-23T12:30:12Z,46.78063333,13.12900000,1955.00,
5644,,,,,2019-07-23T12:30:13Z,46.78078333,13.12885000,1956.00,
5645,,,,,2019-07-23T12:30:14Z,46.78090000,13.12865000,1956.00,
5646,,,,,2019-07-23T12:30:15Z,46.78095000,13.12845000,1957.00,
5647,,,,,2019-07-23T12:30:16Z,46.78100000,13.12825000,1958.00,
5648,,,,,2019-07-23T12:30:17Z,46.78103333,13.12803333,1960.00,
5649,,,,,2019-07-23T12:30:18Z,46.78106667,13.12783333,1961.00,
5650,,,,,2019-07-23T12:30:19Z,46.78108333,13.12765000,1961.00,
5651,,,,,2019-07-23T12:30:20Z,46.78106667,13.12745000,1960.00,
5652,,,,,2019-07-23T12:30:21Z,46.78105000,13.12725000,1960.00,
5653,,,,,2019-07-23T12:30:22Z,46.78101667,13.12705000,1961.00,
5654,,,,,2019-07-23T12:30:23Z,46.78095000,13.12685000,1962.00,
5655,,,,,2019-07-23T12:30:24Z,46.78086667,13.12663333,1962.00,
5656,,,,,2019-07-23T12:30:25Z,46.78078333,13.12641667,1962.00,
5657,,,,,2019-07-23T12:30:26Z,46.78070000,13.12621667,1961.00,
5658,,,,,2019-07-23T12:30:27Z,46.78061667,13.12605000,1961.00,
5659,,,,,2019-07-23T12:30:28Z,46.78053333,13.12588333,1963.00,
5660,,,,,2019-07-23T12:30:29Z,46.78046667,13.12573333,1966.00,
5661,,,,,2019-07-23T12:30:30Z,46.78040000,13.12558333,1970.00,
5662,,,,,2019-07-23T12:30:31Z,46.78031667,13.12545000,1971.00,
5663,,,,,2019-07-23T12:30:32Z,46.78025000,13.12528333,1970.00,
5664,,,,,2019-07-23T12:30:33Z,46.78020000,13.12510000,1968.00,
5665,,,,,2019-07-23T12:30:34Z,46.78013333,13.12491667,1964.00,
5666,,,,,2019-07-23T12:30:35Z,46.78006667,13.12471667,1964.00,
5667,,,,,2019-07-23T12:30:36Z,46.78000000,13.12453333,1962.00,
5668,,,,,2019-07-23T12:30:37Z,46.77991667,13.12433333,1961.00,
5669,,,,,2019-07-23T12:30:38Z,46.77983333,13.12415000,1960.00,
5670,,,,,2019-07-23T12:30:39Z,46.77975000,13.12395000,1959.00,
5671,,,,,2019-07-23T12:30:40Z,46.77966667,13.12373333,1956.00,
5672,,,,,2019-07-23T12:30:41Z,46.77958333,13.12351667,1953.00,
5673,,,,,2019-07-23T12:30:42Z,46.77950000,13.12328333,1948.00,
5674,,,,,2019-07-23T12:30:43Z,46.77941667,13.12306667,1946.00,
5675,,,,,2019-07-23T12:30:44Z,46.77931667,13.12286667,1945.00,
5676,,,,,2019-07-23T12:30:45Z,46.77923333,13.12268333,1942.00,
5677,,,,,2019-07-23T12:30:46Z,46.77913333,13.12251667,1944.00,
5678,,,,,2019-07-23T12:30:47Z,46.77903333,13.12236667,1944.00,
5679,,,,,2019-07-23T12:30:48Z,46.77895000,13.12221667,1945.00,
5680,,,,,2019-07-23T12:30:49Z,46.77885000,13.12208333,1947.00,
5681,,,,,2019-07-23T12:30:50Z,46.77876667,13.12195000,1947.00,
5682,,,,,2019-07-23T12:30:51Z,46.77868333,13.12181667,1949.00,
5683,,,,,2019-07-23T12:30:52Z,46.77860000,13.12168333,1950.00,
5684,,,,,2019-07-23T12:30:53Z,46.77853333,13.12151667,1950.00,
5685,,,,,2019-07-23T12:30:54Z,46.77846667,13.12133333,1949.00,
5686,,,,,2019-07-23T12:30:55Z,46.77840000,13.12113333,1949.00,
5687,,,,,2019-07-23T12:30:56Z,46.77833333,13.12091667,1949.00,
5688,,,,,2019-07-23T12:30:57Z,46.77828333,13.12070000,1949.00,
5689,,,,,2019-07-23T12:30:58Z,46.77823333,13.12048333,1949.00,
5690,,,,,2019-07-23T12:30:59Z,46.77820000,13.12028333,1950.00,
5691,,,,,2019-07-23T12:31:00Z,46.77815000,13.12008333,1951.00,
5692,,,,,2019-07-23T12:31:01Z,46.77810000,13.11991667,1952.00,
5693,,,,,2019-07-23T12:31:02Z,46.77805000,13.11973333,1954.00,
5694,,,,,2019-07-23T12:31:03Z,46.77798333,13.11956667,1957.00,
5695,,,,,2019-07-23T12:31:04Z,46.77791667,13.11940000,1959.00,
5696,,,,,2019-07-23T12:31:05Z,46.77786667,13.11925000,1963.00,
5697,,,,,2019-07-23T12:31:06Z,46.77780000,13.11910000,1962.00,
5698,,,,,2019-07-23T12:31:07Z,46.77773333,13.11895000,1964.00,
5699,,,,,2019-07-23T12:31:08Z,46.77766667,13.11878333,1964.00,
5700,,,,,2019-07-23T12:31:09Z,46.77758333,13.11860000,1965.00,
5701,,,,,2019-07-23T12:31:10Z,46.77751667,13.11840000,1965.00,
5702,,,,,2019-07-23T12:31:11Z,46.77745000,13.11818333,1965.00,
5703,,,,,2019-07-23T12:31:12Z,46.77741667,13.11795000,1963.00,
5704,,,,,2019-07-23T12:31:13Z,46.77738333,13.11771667,1960.00,
5705,,,,,2019-07-23T12:31:14Z,46.77735000,13.11746667,1959.00,
5706,,,,,2019-07-23T12:31:15Z,46.77731667,13.11723333,1958.00,
5707,,,,,2019-07-23T12:31:16Z,46.77730000,13.11700000,1957.00,
5708,,,,,2019-07-23T12:31:17Z,46.77726667,13.11676667,1956.00,
5709,,,,,2019-07-23T12:31:18Z,46.77725000,13.11653333,1955.00,
5710,,,,,2019-07-23T12:31:19Z,46.77723333,13.11630000,1952.00,
5711,,,,,2019-07-23T12:31:20Z,46.77721667,13.11606667,1950.00,
5712,,,,,2019-07-23T12:31:21Z,46.77718333,13.11583333,1949.00,
5713,,,,,2019-07-23T12:31:22Z,46.77713333,13.11560000,1950.00,
5714,,,,,2019-07-23T12:31:23Z,46.77708333,13.11538333,1950.00,
5715,,,,,2019-07-23T12:31:24Z,46.77703333,13.11516667,1952.00,
5716,,,,,2019-07-23T12:31:25Z,46.77701667,13.11493333,1952.00,
5717,,,,,2019-07-23T12:31:26Z,46.77701667,13.11471667,1954.00,
5718,,,,,2019-07-23T12:31:27Z,46.77701667,13.11450000,1958.00,
5719,,,,,2019-07-23T12:31:28Z,46.77703333,13.11428333,1958.00,
5720,,,,,2019-07-23T12:31:29Z,46.77706667,13.11406667,1959.00,
5721,,,,,2019-07-23T12:31:30Z,46.77708333,13.11385000,1960.00,
5722,,,,,2019-07-23T12:31:31Z,46.77710000,13.11363333,1960.00,
5723,,,,,2019-07-23T12:31:32Z,46.77710000,13.11343333,1960.00,
5724,,,,,2019-07-23T12:31:33Z,46.77708333,13.11325000,1965.00,
5725,,,,,2019-07-23T12:31:34Z,46.77705000,13.11310000,1967.00,
5726,,,,,2019-07-23T12:31:35Z,46.77698333,13.11298333,1968.00,
5727,,,,,2019-07-23T12:31:36Z,46.77688333,13.11290000,1969.00,
5728,,,,,2019-07-23T12:31:37Z,46.77678333,13.11286667,1969.00,
5729,,,,,2019-07-23T12:31:38Z,46.77666667,13.11295000,1969.00,
5730,,,,,2019-07-23T12:31:39Z,46.77660000,13.11306667,1970.00,
5731,,,,,2019-07-23T12:31:40Z,46.77656667,13.11321667,1970.00,
5732,,,,,2019-07-23T12:31:41Z,46.77656667,13.11341667,1971.00,
5733,,,,,2019-07-23T12:31:42Z,46.77663333,13.11360000,1970.00,
5734,,,,,2019-07-23T12:31:43Z,46.77673333,13.11373333,1968.00,
5735,,,,,2019-07-23T12:31:44Z,46.77691667,13.11373333,1969.00,
5736,,,,,2019-07-23T12:31:45Z,46.77708333,13.11368333,1968.00,
5737,,,,,2019-07-23T12:31:46Z,46.77721667,13.11355000,1966.00,
5738,,,,,2019-07-23T12:31:47Z,46.77731667,13.11331667,1964.00,
5739,,,,,2019-07-23T12:31:48Z,46.77735000,13.11308333,1963.00,
5740,,,,,2019-07-23T12:31:49Z,46.77735000,13.11283333,1962.00,
5741,,,,,2019-07-23T12:31:50Z,46.77735000,13.11261667,1965.00,
5742,,,,,2019-07-23T12:31:51Z,46.77736667,13.11240000,1965.00,
5743,,,,,2019-07-23T12:31:52Z,46.77738333,13.11218333,1964.00,
5744,,,,,2019-07-23T12:31:53Z,46.77740000,13.11198333,1961.00,
5745,,,,,2019-07-23T12:31:54Z,46.77741667,13.11175000,1962.00,
5746,,,,,2019-07-23T12:31:55Z,46.77743333,13.11151667,1960.00,
5747,,,,,2019-07-23T12:31:56Z,46.77743333,13.11128333,1957.00,
5748,,,,,2019-07-23T12:31:57Z,46.77741667,13.11101667,1953.00,
5749,,,,,2019-07-23T12:31:58Z,46.77740000,13.11076667,1949.00,
5750,,,,,2019-07-23T12:31:59Z,46.77738333,13.11051667,1946.00,
5751,,,,,2019-07-23T12:32:00Z,46.77738333,13.11026667,1944.00,
5752,,,,,2019-07-23T12:32:01Z,46.77736667,13.11001667,1942.00,
5753,,,,,2019-07-23T12:32:02Z,46.77736667,13.10976667,1939.00,
5754,,,,,2019-07-23T12:32:03Z,46.77735000,13.10951667,1938.00,
5755,,,,,2019-07-23T12:32:04Z,46.77731667,13.10926667,1938.00,
5756,,,,,2019-07-23T12:32:05Z,46.77730000,13.10903333,1940.00,
5757,,,,,2019-07-23T12:32:06Z,46.77726667,13.10880000,1942.00,
5758,,,,,2019-07-23T12:32:07Z,46.77721667,13.10861667,1944.00,
5759,,,,,2019-07-23T12:32:08Z,46.77718333,13.10843333,1945.00,
5760,,,,,2019-07-23T12:32:09Z,46.77713333,13.10826667,1948.00,
5761,,,,,2019-07-23T12:32:10Z,46.77708333,13.10811667,1950.00,
5762,,,,,2019-07-23T12:32:11Z,46.77700000,13.10801667,1951.00,
5763,,,,,2019-07-23T12:32:12Z,46.77690000,13.10795000,1953.00,
5764,,,,,2019-07-23T12:32:13Z,46.77678333,13.10795000,1956.00,
5765,,,,,2019-07-23T12:32:14Z,46.77673333,13.10803333,1958.00,
5766,,,,,2019-07-23T12:32:15Z,46.77671667,13.10821667,1960.00,
5767,,,,,2019-07-23T12:32:16Z,46.77676667,13.10843333,1961.00,
5768,,,,,2019-07-23T12:32:17Z,46.77686667,13.10858333,1962.00,
5769,,,,,2019-07-23T12:32:18Z,46.77700000,13.10865000,1964.00,
5770,,,,,2019-07-23T12:32:19Z,46.77716667,13.10858333,1965.00,
5771,,,,,2019-07-23T12:32:20Z,46.77731667,13.10841667,1965.00,
5772,,,,,2019-07-23T12:32:21Z,46.77738333,13.10820000,1966.00,
5773,,,,,2019-07-23T12:32:22Z,46.77741667,13.10796667,1966.00,
5774,,,,,2019-07-23T12:32:23Z,46.77738333,13.10768333,1966.00,
5775,,,,,2019-07-23T12:32:24Z,46.77731667,13.10745000,1966.00,
5776,,,,,2019-07-23T12:32:25Z,46.77725000,13.10723333,1968.00,
5777,,,,,2019-07-23T12:32:26Z,46.77716667,13.10703333,1969.00,
5778,,,,,2019-07-23T12:32:27Z,46.77706667,13.10686667,1972.00,
5779,,,,,2019-07-23T12:32:28Z,46.77698333,13.10673333,1975.00,
5780,,,,,2019-07-23T12:32:29Z,46.77686667,13.10665000,1976.00,
5781,,,,,2019-07-23T12:32:30Z,46.77675000,13.10661667,1978.00,
5782,,,,,2019-07-23T12:32:31Z,46.77663333,13.10661667,1980.00,
5783,,,,,2019-07-23T12:32:32Z,46.77653333,13.10670000,1983.00,
5784,,,,,2019-07-23T12:32:33Z,46.77650000,13.10691667,1984.00,
5785,,,,,2019-07-23T12:32:34Z,46.77653333,13.10711667,1985.00,
5786,,,,,2019-07-23T12:32:35Z,46.77661667,13.10726667,1985.00,
5787,,,,,2019-07-23T12:32:36Z,46.77671667,13.10741667,1986.00,
5788,,,,,2019-07-23T12:32:37Z,46.77680000,13.10756667,1988.00,
5789,,,,,2019-07-23T12:32:38Z,46.77690000,13.10743333,1990.00,
5790,,,,,2019-07-23T12:32:39Z,46.77698333,13.10728333,1990.00,
5791,,,,,2019-07-23T12:32:40Z,46.77701667,13.10703333,1992.00,
5792,,,,,2019-07-23T12:32:41Z,46.77698333,13.10691667,1994.00,
5793,,,,,2019-07-23T12:32:42Z,46.77688333,13.10685000,1995.00,
5794,,,,,2019-07-23T12:32:43Z,46.77681667,13.10690000,1996.00,
5795,,,,,2019-07-23T12:32:44Z,46.77675000,13.10700000,1998.00,
5796,,,,,2019-07-23T12:32:45Z,46.77670000,13.10711667,2001.00,
5797,,,,,2019-07-23T12:32:46Z,46.77668333,13.10718333,2002.00,
5798,,,,,2019-07-23T12:32:47Z,46.77683333,13.10726667,2003.00,
5799,,,,,2019-07-23T12:32:48Z,46.77690000,13.10726667,2005.00,
5800,,,,,2019-07-23T12:32:49Z,46.77693333,13.10718333,2008.00,
5801,,,,,2019-07-23T12:32:50Z,46.77698333,13.10706667,2011.00,
5802,,,,,2019-07-23T12:32:51Z,46.77703333,13.10690000,2013.00,
5803,,,,,2019-07-23T12:32:52Z,46.77698333,13.10676667,2015.00,
5804,,,,,2019-07-23T12:32:53Z,46.77673333,13.10681667,2014.00,
5805,,,,,2019-07-23T12:32:54Z,46.77666667,13.10686667,2015.00,
5806,,,,,2019-07-23T12:32:55Z,46.77661667,13.10688333,2018.00,
5807,,,,,2019-07-23T12:32:56Z,46.77670000,13.10708333,2020.00,
5808,,,,,2019-07-23T12:32:57Z,46.77678333,13.10713333,2022.00,
5809,,,,,2019-07-23T12:32:58Z,46.77693333,13.10720000,2024.00,
5810,,,,,2019-07-23T12:32:59Z,46.77701667,13.10728333,2025.00,
5811,,,,,2019-07-23T12:33:00Z,46.77708333,13.10730000,2028.00,
5812,,,,,2019-07-23T12:33:01Z,46.77716667,13.10715000,2029.00,
5813,,,,,2019-07-23T12:33:02Z,46.77720000,13.10685000,2028.00,
5814,,,,,2019-07-23T12:33:03Z,46.77725000,13.10673333,2029.00,
5815,,,,,2019-07-23T12:33:04Z,46.77728333,13.10666667,2031.00,
5816,,,,,2019-07-23T12:33:05Z,46.77728333,13.10665000,2034.00,
5817,,,,,2019-07-23T12:33:06Z,46.77726667,13.10658333,2037.00,
5818,,,,,2019-07-23T12:33:07Z,46.77728333,13.10671667,2038.00,
5819,,,,,2019-07-23T12:33:08Z,46.77731667,13.10693333,2040.00,
5820,,,,,2019-07-23T12:33:09Z,46.77750000,13.10708333,2042.00,
5821,,,,,2019-07-23T12:33:10Z,46.77776667,13.10725000,2043.00,
5822,,,,,2019-07-23T12:33:11Z,46.77793333,13.10736667,2044.00,
5823,,,,,2019-07-23T12:33:12Z,46.77806667,13.10746667,2045.00,
5824,,,,,2019-07-23T12:33:13Z,46.77825000,13.10735000,2046.00,
5825,,,,,2019-07-23T12:33:14Z,46.77835000,13.10706667,2046.00,
5826,,,,,2019-07-23T12:33:15Z,46.77833333,13.10680000,2048.00,
5827,,,,,2019-07-23T12:33:16Z,46.77828333,13.10665000,2049.00,
5828,,,,,2019-07-23T12:33:17Z,46.77816667,13.10668333,2052.00,
5829,,,,,2019-07-23T12:33:18Z,46.77806667,13.10673333,2054.00,
5830,,,,,2019-07-23T12:33:19Z,46.77800000,13.10695000,2055.00,
5831,,,,,2019-07-23T12:33:20Z,46.77798333,13.10715000,2057.00,
5832,,,,,2019-07-23T12:33:21Z,46.77798333,13.10748333,2059.00,
5833,,,,,2019-07-23T12:33:22Z,46.77818333,13.10778333,2062.00,
5834,,,,,2019-07-23T12:33:23Z,46.77831667,13.10785000,2064.00,
5835,,,,,2019-07-23T12:33:24Z,46.77843333,13.10795000,2065.00,
5836,,,,,2019-07-23T12:33:25Z,46.77858333,13.10795000,2067.00,
5837,,,,,2019-07-23T12:33:26Z,46.77875000,13.10790000,2068.00,
5838,,,,,2019-07-23T12:33:27Z,46.77885000,13.10785000,2069.00,
5839,,,,,2019-07-23T12:33:28Z,46.77890000,13.10781667,2070.00,
5840,,,,,2019-07-23T12:33:29Z,46.77890000,13.10773333,2071.00,
5841,,,,,2019-07-23T12:33:30Z,46.77881667,13.10776667,2073.00,
5842,,,,,2019-07-23T12:33:31Z,46.77878333,13.10793333,2075.00,
5843,,,,,2019-07-23T12:33:32Z,46.77873333,13.10813333,2077.00,
5844,,,,,2019-07-23T12:33:33Z,46.77868333,13.10833333,2080.00,
5845,,,,,2019-07-23T12:33:34Z,46.77871667,13.10848333,2082.00,
5846,,,,,2019-07-23T12:33:35Z,46.77878333,13.10863333,2083.00,
5847,,,,,2019-07-23T12:33:36Z,46.77895000,13.10871667,2085.00,
5848,,,,,2019-07-23T12:33:37Z,46.77905000,13.10878333,2086.00,
5849,,,,,2019-07-23T12:33:38Z,46.77925000,13.10875000,2088.00,
5850,,,,,2019-07-23T12:33:39Z,46.77941667,13.10856667,2088.00,
5851,,,,,2019-07-23T12:33:40Z,46.77951667,13.10833333,2085.00,
5852,,,,,2019-07-23T12:33:41Z,46.77960000,13.10810000,2084.00,
5853,,,,,2019-07-23T12:33:42Z,46.77963333,13.10783333,2087.00,
5854,,,,,2019-07-23T12:33:43Z,46.77963333,13.10755000,2089.00,
5855,,,,,2019-07-23T12:33:44Z,46.77963333,13.10725000,2094.00,
5856,,,,,2019-07-23T12:33:45Z,46.77961667,13.10701667,2096.00,
5857,,,,,2019-07-23T12:33:46Z,46.77960000,13.10680000,2097.00,
5858,,,,,2019-07-23T12:33:47Z,46.77958333,13.10658333,2100.00,
5859,,,,,2019-07-23T12:33:48Z,46.77951667,13.10641667,2101.00,
5860,,,,,2019-07-23T12:33:49Z,46.77945000,13.10621667,2101.00,
5861,,,,,2019-07-23T12:33:50Z,46.77936667,13.10605000,2101.00,
5862,,,,,2019-07-23T12:33:51Z,46.77928333,13.10588333,2100.00,
5863,,,,,2019-07-23T12:33:52Z,46.77913333,13.10575000,2099.00,
5864,,,,,2019-07-23T12:33:53Z,46.77896667,13.10565000,2101.00,
5865,,,,,2019-07-23T12:33:54Z,46.77876667,13.10560000,2104.00,
5866,,,,,2019-07-23T12:33:55Z,46.77860000,13.10550000,2107.00,
5867,,,,,2019-07-23T12:33:56Z,46.77845000,13.10541667,2109.00,
5868,,,,,2019-07-23T12:33:57Z,46.77828333,13.10540000,2111.00,
5869,,,,,2019-07-23T12:33:58Z,46.77813333,13.10536667,2114.00,
5870,,,,,2019-07-23T12:33:59Z,46.77800000,13.10540000,2116.00,
5871,,,,,2019-07-23T12:34:00Z,46.77786667,13.10551667,2120.00,
5872,,,,,2019-07-23T12:34:01Z,46.77775000,13.10563333,2124.00,
5873,,,,,2019-07-23T12:34:02Z,46.77763333,13.10580000,2127.00,
5874,,,,,2019-07-23T12:34:03Z,46.77755000,13.10601667,2131.00,
5875,,,,,2019-07-23T12:34:04Z,46.77751667,13.10621667,2134.00,
5876,,,,,2019-07-23T12:34:05Z,46.77751667,13.10638333,2136.00,
5877,,,,,2019-07-23T12:34:06Z,46.77755000,13.10653333,2138.00,
5878,,,,,2019-07-23T12:34:07Z,46.77761667,13.10665000,2139.00,
5879,,,,,2019-07-23T12:34:08Z,46.77773333,13.10666667,2141.00,
5880,,,,,2019-07-23T12:34:09Z,46.77778333,13.10656667,2143.00,
5881,,,,,2019-07-23T12:34:10Z,46.77780000,13.10636667,2145.00,
5882,,,,,2019-07-23T12:34:11Z,46.77781667,13.10613333,2144.00,
5883,,,,,2019-07-23T12:34:12Z,46.77780000,13.10591667,2144.00,
5884,,,,,2019-07-23T12:34:13Z,46.77778333,13.10570000,2146.00,
5885,,,,,2019-07-23T12:34:14Z,46.77775000,13.10548333,2149.00,
5886,,,,,2019-07-23T12:34:15Z,46.77766667,13.10530000,2151.00,
5887,,,,,2019-07-23T12:34:16Z,46.77758333,13.10513333,2153.00,
5888,,,,,2019-07-23T12:34:17Z,46.77745000,13.10501667,2157.00,
5889,,,,,2019-07-23T12:34:18Z,46.77735000,13.10495000,2159.00,
5890,,,,,2019-07-23T12:34:19Z,46.77720000,13.10496667,2161.00,
5891,,,,,2019-07-23T12:34:20Z,46.77703333,13.10501667,2166.00,
5892,,,,,2019-07-23T12:34:21Z,46.77693333,13.10518333,2170.00,
5893,,,,,2019-07-23T12:34:22Z,46.77690000,13.10538333,2172.00,
5894,,,,,2019-07-23T12:34:23Z,46.77691667,13.10558333,2175.00,
5895,,,,,2019-07-23T12:34:24Z,46.77700000,13.10576667,2177.00,
5896,,,,,2019-07-23T12:34:25Z,46.77713333,13.10588333,2178.00,
5897,,,,,2019-07-23T12:34:26Z,46.77728333,13.10595000,2180.00,
5898,,,,,2019-07-23T12:34:27Z,46.77746667,13.10595000,2182.00,
5899,,,,,2019-07-23T12:34:28Z,46.77763333,13.10588333,2184.00,
5900,,,,,2019-07-23T12:34:29Z,46.77778333,13.10576667,2187.00,
5901,,,,,2019-07-23T12:34:30Z,46.77790000,13.10563333,2190.00,
5902,,,,,2019-07-23T12:34:31Z,46.77798333,13.10543333,2192.00,
5903,,,,,2019-07-23T12:34:32Z,46.77801667,13.10521667,2194.00,
5904,,,,,2019-07-23T12:34:33Z,46.77800000,13.10498333,2197.00,
5905,,,,,2019-07-23T12:34:34Z,46.77795000,13.10476667,2201.00,
5906,,,,,2019-07-23T12:34:35Z,46.77776667,13.10468333,2203.00,
5907,,,,,2019-07-23T12:34:36Z,46.77755000,13.10466667,2203.00,
5908,,,,,2019-07-23T12:34:37Z,46.77738333,13.10473333,2204.00,
5909,,,,,2019-07-23T12:34:38Z,46.77723333,13.10486667,2205.00,
5910,,,,,2019-07-23T12:34:39Z,46.77711667,13.10505000,2205.00,
5911,,,,,2019-07-23T12:34:40Z,46.77703333,13.10526667,2208.00,
5912,,,,,2019-07-23T12:34:41Z,46.77701667,13.10551667,2213.00,
5913,,,,,2019-07-23T12:34:42Z,46.77706667,13.10576667,2216.00,
5914,,,,,2019-07-23T12:34:43Z,46.77711667,13.10598333,2216.00,
5915,,,,,2019-07-23T12:34:44Z,46.77716667,13.10620000,2215.00,
5916,,,,,2019-07-23T12:34:45Z,46.77723333,13.10640000,2215.00,
5917,,,,,2019-07-23T12:34:46Z,46.77731667,13.10658333,2216.00,
5918,,,,,2019-07-23T12:34:47Z,46.77745000,13.10673333,2220.00,
5919,,,,,2019-07-23T12:34:48Z,46.77758333,13.10688333,2221.00,
5920,,,,,2019-07-23T12:34:49Z,46.77771667,13.10701667,2219.00,
5921,,,,,2019-07-23T12:34:50Z,46.77783333,13.10716667,2218.00,
5922,,,,,2019-07-23T12:34:51Z,46.77795000,13.10728333,2217.00,
5923,,,,,2019-07-23T12:34:52Z,46.77806667,13.10736667,2218.00,
5924,,,,,2019-07-23T12:34:53Z,46.77818333,13.10745000,2221.00,
5925,,,,,2019-07-23T12:34:54Z,46.77830000,13.10751667,2222.00,
5926,,,,,2019-07-23T12:34:55Z,46.77845000,13.10751667,2223.00,
5927,,,,,2019-07-23T12:34:56Z,46.77861667,13.10748333,2223.00,
5928,,,,,2019-07-23T12:34:57Z,46.77876667,13.10738333,2224.00,
5929,,,,,2019-07-23T12:34:58Z,46.77893333,13.10723333,2224.00,
5930,,,,,2019-07-23T12:34:59Z,46.77906667,13.10706667,2228.00,
5931,,,,,2019-07-23T12:35:00Z,46.77920000,13.10686667,2229.00,
5932,,,,,2019-07-23T12:35:01Z,46.77931667,13.10668333,2231.00,
5933,,,,,2019-07-23T12:35:02Z,46.77940000,13.10648333,2234.00,
5934,,,,,2019-07-23T12:35:03Z,46.77948333,13.10628333,2236.00,
5935,,,,,2019-07-23T12:35:04Z,46.77955000,13.10610000,2239.00,
5936,,,,,2019-07-23T12:35:05Z,46.77960000,13.10590000,2241.00,
5937,,,,,2019-07-23T12:35:06Z,46.77961667,13.10568333,2245.00,
5938,,,,,2019-07-23T12:35:07Z,46.77960000,13.10546667,2247.00,
5939,,,,,2019-07-23T12:35:08Z,46.77956667,13.10523333,2249.00,
5940,,,,,2019-07-23T12:35:09Z,46.77951667,13.10501667,2251.00,
5941,,,,,2019-07-23T12:35:10Z,46.77945000,13.10480000,2250.00,
5942,,,,,2019-07-23T12:35:11Z,46.77935000,13.10461667,2253.00,
5943,,,,,2019-07-23T12:35:12Z,46.77923333,13.10445000,2253.00,
5944,,,,,2019-07-23T12:35:13Z,46.77908333,13.10431667,2254.00,
5945,,,,,2019-07-23T12:35:14Z,46.77891667,13.10423333,2255.00,
5946,,,,,2019-07-23T12:35:15Z,46.77876667,13.10418333,2257.00,
5947,,,,,2019-07-23T12:35:16Z,46.77861667,13.10416667,2259.00,
5948,,,,,2019-07-23T12:35:17Z,46.77848333,13.10418333,2260.00,
5949,,,,,2019-07-23T12:35:18Z,46.77835000,13.10420000,2263.00,
5950,,,,,2019-07-23T12:35:19Z,46.77825000,13.10430000,2267.00,
5951,,,,,2019-07-23T12:35:20Z,46.77816667,13.10448333,2269.00,
5952,,,,,2019-07-23T12:35:21Z,46.77811667,13.10473333,2271.00,
5953,,,,,2019-07-23T12:35:22Z,46.77811667,13.10495000,2272.00,
5954,,,,,2019-07-23T12:35:23Z,46.77816667,13.10513333,2273.00,
5955,,,,,2019-07-23T12:35:24Z,46.77821667,13.10533333,2275.00,
5956,,,,,2019-07-23T12:35:25Z,46.77831667,13.10548333,2276.00,
5957,,,,,2019-07-23T12:35:26Z,46.77845000,13.10561667,2280.00,
5958,,,,,2019-07-23T12:35:27Z,46.77861667,13.10571667,2282.00,
5959,,,,,2019-07-23T12:35:28Z,46.77876667,13.10575000,2283.00,
5960,,,,,2019-07-23T12:35:29Z,46.77891667,13.10576667,2285.00,
5961,,,,,2019-07-23T12:35:30Z,46.77908333,13.10575000,2286.00,
5962,,,,,2019-07-23T12:35:31Z,46.77926667,13.10566667,2286.00,
5963,,,,,2019-07-23T12:35:32Z,46.77940000,13.10551667,2288.00,
5964,,,,,2019-07-23T12:35:33Z,46.77951667,13.10531667,2290.00,
5965,,,,,2019-07-23T12:35:34Z,46.77960000,13.10511667,2291.00,
5966,,,,,2019-07-23T12:35:35Z,46.77963333,13.10488333,2292.00,
5967,,,,,2019-07-23T12:35:36Z,46.77965000,13.10463333,2291.00,
5968,,,,,2019-07-23T12:35:37Z,46.77965000,13.10440000,2291.00,
5969,,,,,2019-07-23T12:35:38Z,46.77955000,13.10418333,2290.00,
5970,,,,,2019-07-23T12:35:39Z,46.77943333,13.10396667,2291.00,
5971,,,,,2019-07-23T12:35:40Z,46.77933333,13.10378333,2290.00,
5972,,,,,2019-07-23T12:35:41Z,46.77920000,13.10360000,2288.00,
5973,,,,,2019-07-23T12:35:42Z,46.77908333,13.10340000,2285.00,
5974,,,,,2019-07-23T12:35:43Z,46.77895000,13.10320000,2283.00,
5975,,,,,2019-07-23T12:35:44Z,46.77883333,13.10300000,2282.00,
5976,,,,,2019-07-23T12:35:45Z,46.77870000,13.10280000,2282.00,
5977,,,,,2019-07-23T12:35:46Z,46.77860000,13.10261667,2282.00,
5978,,,,,2019-07-23T12:35:47Z,46.77850000,13.10243333,2284.00,
5979,,,,,2019-07-23T12:35:48Z,46.77843333,13.10225000,2286.00,
5980,,,,,2019-07-23T12:35:49Z,46.77836667,13.10206667,2287.00,
5981,,,,,2019-07-23T12:35:50Z,46.77831667,13.10188333,2291.00,
5982,,,,,2019-07-23T12:35:51Z,46.77826667,13.10166667,2292.00,
5983,,,,,2019-07-23T12:35:52Z,46.77821667,13.10143333,2292.00,
5984,,,,,2019-07-23T12:35:53Z,46.77816667,13.10118333,2289.00,
5985,,,,,2019-07-23T12:35:54Z,46.77813333,13.10095000,2288.00,
5986,,,,,2019-07-23T12:35:55Z,46.77808333,13.10073333,2288.00,
5987,,,,,2019-07-23T12:35:56Z,46.77803333,13.10051667,2288.00,
5988,,,,,2019-07-23T12:35:57Z,46.77796667,13.10031667,2287.00,
5989,,,,,2019-07-23T12:35:58Z,46.77788333,13.10011667,2288.00,
5990,,,,,2019-07-23T12:35:59Z,46.77780000,13.09991667,2288.00,
5991,,,,,2019-07-23T12:36:00Z,46.77771667,13.09973333,2287.00,
5992,,,,,2019-07-23T12:36:01Z,46.77765000,13.09955000,2287.00,
5993,,,,,2019-07-23T12:36:02Z,46.77756667,13.09936667,2288.00,
5994,,,,,2019-07-23T12:36:03Z,46.77750000,13.09916667,2286.00,
5995,,,,,2019-07-23T12:36:04Z,46.77745000,13.09895000,2287.00,
5996,,,,,2019-07-23T12:36:05Z,46.77740000,13.09870000,2288.00,
5997,,,,,2019-07-23T12:36:06Z,46.77738333,13.09845000,2285.00,
5998,,,,,2019-07-23T12:36:07Z,46.77736667,13.09818333,2283.00,
5999,,,,,2019-07-23T12:36:08Z,46.77735000,13.09791667,2279.00,
6000,,,,,2019-07-23T12:36:09Z,46.77733333,13.09765000,2277.00,
6001,,,,,2019-07-23T12:36:10Z,46.77728333,13.09738333,2274.00,
6002,,,,,2019-07-23T12:36:11Z,46.77721667,13.09715000,2272.00,
6003,,,,,2019-07-23T12:36:12Z,46.77715000,13.09691667,2269.00,
6004,,,,,2019-07-23T12:36:13Z,46.77706667,13.09670000,2268.00,
6005,,,,,2019-07-23T12:36:14Z,46.77700000,13.09648333,2267.00,
6006,,,,,2019-07-23T12:36:15Z,46.77695000,13.09625000,2268.00,
6007,,,,,2019-07-23T12:36:16Z,46.77690000,13.09601667,2265.00,
6008,,,,,2019-07-23T12:36:17Z,46.77688333,13.09576667,2263.00,
6009,,,,,2019-07-23T12:36:18Z,46.77685000,13.09551667,2261.00,
6010,,,,,2019-07-23T12:36:19Z,46.77683333,13.09521667,2259.00,
6011,,,,,2019-07-23T12:36:20Z,46.77681667,13.09493333,2254.00,
6012,,,,,2019-07-23T12:36:21Z,46.77680000,13.09463333,2250.00,
6013,,,,,2019-07-23T12:36:22Z,46.77676667,13.09435000,2245.00,
6014,,,,,2019-07-23T12:36:23Z,46.77671667,13.09406667,2242.00,
6015,,,,,2019-07-23T12:36:24Z,46.77666667,13.09381667,2239.00,
6016,,,,,2019-07-23T12:36:25Z,46.77660000,13.09356667,2238.00,
6017,,,,,2019-07-23T12:36:26Z,46.77653333,13.09333333,2236.00,
6018,,,,,2019-07-23T12:36:27Z,46.77646667,13.09308333,2233.00,
6019,,,,,2019-07-23T12:36:28Z,46.77641667,13.09281667,2230.00,
6020,,,,,2019-07-23T12:36:29Z,46.77638333,13.09255000,2226.00,
6021,,,,,2019-07-23T12:36:30Z,46.77635000,13.09226667,2221.00,
6022,,,,,2019-07-23T12:36:31Z,46.77631667,13.09200000,2219.00,
6023,,,,,2019-07-23T12:36:32Z,46.77626667,13.09171667,2217.00,
6024,,,,,2019-07-23T12:36:33Z,46.77621667,13.09143333,2216.00,
6025,,,,,2019-07-23T12:36:34Z,46.77616667,13.09115000,2215.00,
6026,,,,,2019-07-23T12:36:35Z,46.77613333,13.09088333,2212.00,
6027,,,,,2019-07-23T12:36:36Z,46.77610000,13.09063333,2211.00,
6028,,,,,2019-07-23T12:36:37Z,46.77608333,13.09038333,2209.00,
6029,,,,,2019-07-23T12:36:38Z,46.77606667,13.09013333,2206.00,
6030,,,,,2019-07-23T12:36:39Z,46.77605000,13.08986667,2201.00,
6031,,,,,2019-07-23T12:36:40Z,46.77600000,13.08961667,2197.00,
6032,,,,,2019-07-23T12:36:41Z,46.77593333,13.08935000,2193.00,
6033,,,,,2019-07-23T12:36:42Z,46.77583333,13.08911667,2191.00,
6034,,,,,2019-07-23T12:36:43Z,46.77573333,13.08888333,2187.00,
6035,,,,,2019-07-23T12:36:44Z,46.77565000,13.08865000,2187.00,
6036,,,,,2019-07-23T12:36:45Z,46.77556667,13.08843333,2184.00,
6037,,,,,2019-07-23T12:36:46Z,46.77551667,13.08818333,2182.00,
6038,,,,,2019-07-23T12:36:47Z,46.77546667,13.08795000,2179.00,
6039,,,,,2019-07-23T12:36:48Z,46.77541667,13.08770000,2175.00,
6040,,,,,2019-07-23T12:36:49Z,46.77538333,13.08745000,2172.00,
6041,,,,,2019-07-23T12:36:50Z,46.77531667,13.08720000,2171.00,
6042,,,,,2019-07-23T12:36:51Z,46.77525000,13.08695000,2170.00,
6043,,,,,2019-07-23T12:36:52Z,46.77516667,13.08671667,2168.00,
6044,,,,,2019-07-23T12:36:53Z,46.77506667,13.08648333,2166.00,
6045,,,,,2019-07-23T12:36:54Z,46.77498333,13.08625000,2163.00,
6046,,,,,2019-07-23T12:36:55Z,46.77491667,13.08603333,2162.00,
6047,,,,,2019-07-23T12:36:56Z,46.77486667,13.08580000,2161.00,
6048,,,,,2019-07-23T12:36:57Z,46.77481667,13.08556667,2160.00,
6049,,,,,2019-07-23T12:36:58Z,46.77478333,13.08531667,2159.00,
6050,,,,,2019-07-23T12:36:59Z,46.77475000,13.08508333,2156.00,
6051,,,,,2019-07-23T12:37:00Z,46.77470000,13.08483333,2155.00,
6052,,,,,2019-07-23T12:37:01Z,46.77465000,13.08458333,2153.00,
6053,,,,,2019-07-23T12:37:02Z,46.77460000,13.08435000,2153.00,
6054,,,,,2019-07-23T12:37:03Z,46.77453333,13.08411667,2152.00,
6055,,,,,2019-07-23T12:37:04Z,46.77446667,13.08388333,2150.00,
6056,,,,,2019-07-23T12:37:05Z,46.77441667,13.08366667,2149.00,
6057,,,,,2019-07-23T12:37:06Z,46.77436667,13.08343333,2148.00,
6058,,,,,2019-07-23T12:37:07Z,46.77431667,13.08321667,2147.00,
6059,,,,,2019-07-23T12:37:08Z,46.77428333,13.08300000,2147.00,
6060,,,,,2019-07-23T12:37:09Z,46.77425000,13.08278333,2146.00,
6061,,,,,2019-07-23T12:37:10Z,46.77420000,13.08256667,2145.00,
6062,,,,,2019-07-23T12:37:11Z,46.77415000,13.08233333,2143.00,
6063,,,,,2019-07-23T12:37:12Z,46.77410000,13.08210000,2141.00,
6064,,,,,2019-07-23T12:37:13Z,46.77405000,13.08186667,2139.00,
6065,,,,,2019-07-23T12:37:14Z,46.77400000,13.08161667,2137.00,
6066,,,,,2019-07-23T12:37:15Z,46.77395000,13.08136667,2134.00,
6067,,,,,2019-07-23T12:37:16Z,46.77390000,13.08110000,2132.00,
6068,,,,,2019-07-23T12:37:17Z,46.77385000,13.08083333,2130.00,
6069,,,,,2019-07-23T12:37:18Z,46.77380000,13.08058333,2129.00,
6070,,,,,2019-07-23T12:37:19Z,46.77373333,13.08031667,2128.00,
6071,,,,,2019-07-23T12:37:20Z,46.77368333,13.08008333,2128.00,
6072,,,,,2019-07-23T12:37:21Z,46.77363333,13.07985000,2128.00,
6073,,,,,2019-07-23T12:37:22Z,46.77360000,13.07960000,2126.00,
6074,,,,,2019-07-23T12:37:23Z,46.77355000,13.07936667,2125.00,
6075,,,,,2019-07-23T12:37:24Z,46.77351667,13.07910000,2124.00,
6076,,,,,2019-07-23T12:37:25Z,46.77350000,13.07885000,2122.00,
6077,,,,,2019-07-23T12:37:26Z,46.77350000,13.07856667,2120.00,
6078,,,,,2019-07-23T12:37:27Z,46.77350000,13.07830000,2118.00,
6079,,,,,2019-07-23T12:37:28Z,46.77348333,13.07801667,2115.00,
6080,,,,,2019-07-23T12:37:29Z,46.77348333,13.07773333,2115.00,
6081,,,,,2019-07-23T12:37:30Z,46.77346667,13.07746667,2114.00,
6082,,,,,2019-07-23T12:37:31Z,46.77345000,13.07720000,2113.00,
6083,,,,,2019-07-23T12:37:32Z,46.77343333,13.07693333,2113.00,
6084,,,,,2019-07-23T12:37:33Z,46.77341667,13.07668333,2112.00,
6085,,,,,2019-07-23T12:37:34Z,46.77341667,13.07643333,2112.00,
6086,,,,,2019-07-23T12:37:35Z,46.77340000,13.07618333,2112.00,
6087,,,,,2019-07-23T12:37:36Z,46.77338333,13.07591667,2111.00,
6088,,,,,2019-07-23T12:37:37Z,46.77336667,13.07566667,2111.00,
6089,,,,,2019-07-23T12:37:38Z,46.77336667,13.07541667,2111.00,
6090,,,,,2019-07-23T12:37:39Z,46.77335000,13.07515000,2111.00,
6091,,,,,2019-07-23T12:37:40Z,46.77333333,13.07490000,2111.00,
6092,,,,,2019-07-23T12:37:41Z,46.77333333,13.07465000,2108.00,
6093,,,,,2019-07-23T12:37:42Z,46.77335000,13.07438333,2108.00,
6094,,,,,2019-07-23T12:37:43Z,46.77335000,13.07411667,2107.00,
6095,,,,,2019-07-23T12:37:44Z,46.77336667,13.07386667,2106.00,
6096,,,,,2019-07-23T12:37:45Z,46.77338333,13.07360000,2104.00,
6097,,,,,2019-07-23T12:37:46Z,46.77340000,13.07333333,2101.00,
6098,,,,,2019-07-23T12:37:47Z,46.77341667,13.07305000,2099.00,
6099,,,,,2019-07-23T12:37:48Z,46.77343333,13.07278333,2097.00,
6100,,,,,2019-07-23T12:37:49Z,46.77345000,13.07251667,2095.00,
6101,,,,,2019-07-23T12:37:50Z,46.77346667,13.07225000,2093.00,
6102,,,,,2019-07-23T12:37:51Z,46.77348333,13.07196667,2092.00,
6103,,,,,2019-07-23T12:37:52Z,46.77350000,13.07170000,2089.00,
6104,,,,,2019-07-23T12:37:53Z,46.77351667,13.07141667,2087.00,
6105,,,,,2019-07-23T12:37:54Z,46.77353333,13.07113333,2084.00,
6106,,,,,2019-07-23T12:37:55Z,46.77355000,13.07085000,2082.00,
6107,,,,,2019-07-23T12:37:56Z,46.77358333,13.07058333,2080.00,
6108,,,,,2019-07-23T12:37:57Z,46.77360000,13.07031667,2078.00,
6109,,,,,2019-07-23T12:37:58Z,46.77360000,13.07005000,2076.00,
6110,,,,,2019-07-23T12:37:59Z,46.77361667,13.06978333,2075.00,
6111,,,,,2019-07-23T12:38:00Z,46.77361667,13.06950000,2074.00,
6112,,,,,2019-07-23T12:38:01Z,46.77361667,13.06923333,2072.00,
6113,,,,,2019-07-23T12:38:02Z,46.77363333,13.06895000,2071.00,
6114,,,,,2019-07-23T12:38:03Z,46.77365000,13.06868333,2070.00,
6115,,,,,2019-07-23T12:38:04Z,46.77368333,13.06843333,2070.00,
6116,,,,,2019-07-23T12:38:05Z,46.77371667,13.06818333,2071.00,
6117,,,,,2019-07-23T12:38:06Z,46.77376667,13.06795000,2072.00,
6118,,,,,2019-07-23T12:38:07Z,46.77380000,13.06771667,2073.00,
6119,,,,,2019-07-23T12:38:08Z,46.77385000,13.06748333,2075.00,
6120,,,,,2019-07-23T12:38:09Z,46.77388333,13.06725000,2074.00,
6121,,,,,2019-07-23T12:38:10Z,46.77391667,13.06700000,2075.00,
6122,,,,,2019-07-23T12:38:11Z,46.77396667,13.06673333,2078.00,
6123,,,,,2019-07-23T12:38:12Z,46.77403333,13.06650000,2079.00,
6124,,,,,2019-07-23T12:38:13Z,46.77410000,13.06626667,2080.00,
6125,,,,,2019-07-23T12:38:14Z,46.77415000,13.06605000,2082.00,
6126,,,,,2019-07-23T12:38:15Z,46.77420000,13.06586667,2086.00,
6127,,,,,2019-07-23T12:38:16Z,46.77423333,13.06570000,2090.00,
6128,,,,,2019-07-23T12:38:17Z,46.77425000,13.06553333,2093.00,
6129,,,,,2019-07-23T12:38:18Z,46.77428333,13.06535000,2096.00,
6130,,,,,2019-07-23T12:38:19Z,46.77433333,13.06516667,2101.00,
6131,,,,,2019-07-23T12:38:20Z,46.77435000,13.06500000,2107.00,
6132,,,,,2019-07-23T12:38:21Z,46.77438333,13.06481667,2111.00,
6133,,,,,2019-07-23T12:38:22Z,46.77441667,13.06465000,2114.00,
6134,,,,,2019-07-23T12:38:23Z,46.77441667,13.06448333,2116.00,
6135,,,,,2019-07-23T12:38:24Z,46.77438333,13.06435000,2120.00,
6136,,,,,2019-07-23T12:38:25Z,46.77431667,13.06425000,2124.00,
6137,,,,,2019-07-23T12:38:26Z,46.77423333,13.06420000,2127.00,
6138,,,,,2019-07-23T12:38:27Z,46.77413333,13.06421667,2128.00,
6139,,,,,2019-07-23T12:38:28Z,46.77403333,13.06430000,2128.00,
6140,,,,,2019-07-23T12:38:29Z,46.77393333,13.06443333,2131.00,
6141,,,,,2019-07-23T12:38:30Z,46.77380000,13.06458333,2133.00,
6142,,,,,2019-07-23T12:38:31Z,46.77368333,13.06470000,2134.00,
6143,,,,,2019-07-23T12:38:32Z,46.77356667,13.06475000,2135.00,
6144,,,,,2019-07-23T12:38:33Z,46.77345000,13.06471667,2137.00,
6145,,,,,2019-07-23T12:38:34Z,46.77336667,13.06465000,2141.00,
6146,,,,,2019-07-23T12:38:35Z,46.77328333,13.06453333,2144.00,
6147,,,,,2019-07-23T12:38:36Z,46.77321667,13.06435000,2147.00,
6148,,,,,2019-07-23T12:38:37Z,46.77320000,13.06415000,2148.00,
6149,,,,,2019-07-23T12:38:38Z,46.77321667,13.06395000,2152.00,
6150,,,,,2019-07-23T12:38:39Z,46.77323333,13.06375000,2157.00,
6151,,,,,2019-07-23T12:38:40Z,46.77330000,13.06355000,2159.00,
6152,,,,,2019-07-23T12:38:41Z,46.77338333,13.06335000,2160.00,
6153,,,,,2019-07-23T12:38:42Z,46.77350000,13.06318333,2161.00,
6154,,,,,2019-07-23T12:38:43Z,46.77365000,13.06303333,2164.00,
6155,,,,,2019-07-23T12:38:44Z,46.77381667,13.06291667,2167.00,
6156,,,,,2019-07-23T12:38:45Z,46.77400000,13.06283333,2168.00,
6157,,,,,2019-07-23T12:38:46Z,46.77421667,13.06280000,2168.00,
6158,,,,,2019-07-23T12:38:47Z,46.77443333,13.06281667,2168.00,
6159,,,,,2019-07-23T12:38:48Z,46.77463333,13.06283333,2171.00,
6160,,,,,2019-07-23T12:38:49Z,46.77483333,13.06286667,2176.00,
6161,,,,,2019-07-23T12:38:50Z,46.77503333,13.06291667,2178.00,
6162,,,,,2019-07-23T12:38:51Z,46.77521667,13.06296667,2177.00,
6163,,,,,2019-07-23T12:38:52Z,46.77541667,13.06301667,2180.00,
6164,,,,,2019-07-23T12:38:53Z,46.77560000,13.06305000,2184.00,
6165,,,,,2019-07-23T12:38:54Z,46.77578333,13.06310000,2190.00,
6166,,,,,2019-07-23T12:38:55Z,46.77593333,13.06318333,2194.00,
6167,,,,,2019-07-23T12:38:56Z,46.77605000,13.06331667,2199.00,
6168,,,,,2019-07-23T12:38:57Z,46.77611667,13.06348333,2204.00,
6169,,,,,2019-07-23T12:38:58Z,46.77616667,13.06368333,2207.00,
6170,,,,,2019-07-23T12:38:59Z,46.77618333,13.06386667,2212.00,
6171,,,,,2019-07-23T12:39:00Z,46.77618333,13.06406667,2218.00,
6172,,,,,2019-07-23T12:39:01Z,46.77615000,13.06425000,2222.00,
6173,,,,,2019-07-23T12:39:02Z,46.77608333,13.06443333,2223.00,
6174,,,,,2019-07-23T12:39:03Z,46.77598333,13.06458333,2227.00,
6175,,,,,2019-07-23T12:39:04Z,46.77588333,13.06471667,2227.00,
6176,,,,,2019-07-23T12:39:05Z,46.77576667,13.06483333,2225.00,
6177,,,,,2019-07-23T12:39:06Z,46.77565000,13.06496667,2225.00,
6178,,,,,2019-07-23T12:39:07Z,46.77553333,13.06510000,2227.00,
6179,,,,,2019-07-23T12:39:08Z,46.77541667,13.06523333,2231.00,
6180,,,,,2019-07-23T12:39:09Z,46.77530000,13.06533333,2233.00,
6181,,,,,2019-07-23T12:39:10Z,46.77518333,13.06540000,2237.00,
6182,,,,,2019-07-23T12:39:11Z,46.77506667,13.06541667,2242.00,
6183,,,,,2019-07-23T12:39:12Z,46.77495000,13.06538333,2244.00,
6184,,,,,2019-07-23T12:39:13Z,46.77483333,13.06531667,2244.00,
6185,,,,,2019-07-23T12:39:14Z,46.77470000,13.06518333,2243.00,
6186,,,,,2019-07-23T12:39:15Z,46.77458333,13.06503333,2244.00,
6187,,,,,2019-07-23T12:39:16Z,46.77448333,13.06483333,2243.00,
6188,,,,,2019-07-23T12:39:17Z,46.77441667,13.06461667,2243.00,
6189,,,,,2019-07-23T12:39:18Z,46.77436667,13.06438333,2242.00,
6190,,,,,2019-07-23T12:39:19Z,46.77433333,13.06415000,2244.00,
6191,,,,,2019-07-23T12:39:20Z,46.77433333,13.06391667,2247.00,
6192,,,,,2019-07-23T12:39:21Z,46.77435000,13.06371667,2253.00,
6193,,,,,2019-07-23T12:39:22Z,46.77440000,13.06348333,2257.00,
6194,,,,,2019-07-23T12:39:23Z,46.77450000,13.06325000,2259.00,
6195,,,,,2019-07-23T12:39:24Z,46.77463333,13.06305000,2261.00,
6196,,,,,2019-07-23T12:39:25Z,46.77481667,13.06286667,2261.00,
6197,,,,,2019-07-23T12:39:26Z,46.77501667,13.06275000,2261.00,
6198,,,,,2019-07-23T12:39:27Z,46.77521667,13.06266667,2261.00,
6199,,,,,2019-07-23T12:39:28Z,46.77541667,13.06261667,2263.00,
6200,,,,,2019-07-23T12:39:29Z,46.77561667,13.06261667,2267.00,
6201,,,,,2019-07-23T12:39:30Z,46.77581667,13.06266667,2271.00,
6202,,,,,2019-07-23T12:39:31Z,46.77598333,13.06276667,2276.00,
6203,,,,,2019-07-23T12:39:32Z,46.77613333,13.06295000,2278.00,
6204,,,,,2019-07-23T12:39:33Z,46.77625000,13.06320000,2277.00,
6205,,,,,2019-07-23T12:39:34Z,46.77628333,13.06345000,2278.00,
6206,,,,,2019-07-23T12:39:35Z,46.77628333,13.06370000,2280.00,
6207,,,,,2019-07-23T12:39:36Z,46.77623333,13.06393333,2284.00,
6208,,,,,2019-07-23T12:39:37Z,46.77613333,13.06411667,2286.00,
6209,,,,,2019-07-23T12:39:38Z,46.77600000,13.06423333,2286.00,
6210,,,,,2019-07-23T12:39:39Z,46.77585000,13.06428333,2288.00,
6211,,,,,2019-07-23T12:39:40Z,46.77570000,13.06425000,2290.00,
6212,,,,,2019-07-23T12:39:41Z,46.77556667,13.06415000,2293.00,
6213,,,,,2019-07-23T12:39:42Z,46.77545000,13.06398333,2295.00,
6214,,,,,2019-07-23T12:39:43Z,46.77538333,13.06376667,2298.00,
6215,,,,,2019-07-23T12:39:44Z,46.77538333,13.06351667,2300.00,
6216,,,,,2019-07-23T12:39:45Z,46.77543333,13.06325000,2300.00,
6217,,,,,2019-07-23T12:39:46Z,46.77551667,13.06300000,2300.00,
6218,,,,,2019-07-23T12:39:47Z,46.77563333,13.06275000,2299.00,
6219,,,,,2019-07-23T12:39:48Z,46.77575000,13.06251667,2297.00,
6220,,,,,2019-07-23T12:39:49Z,46.77585000,13.06228333,2297.00,
6221,,,,,2019-07-23T12:39:50Z,46.77593333,13.06203333,2298.00,
6222,,,,,2019-07-23T12:39:51Z,46.77601667,13.06178333,2302.00,
6223,,,,,2019-07-23T12:39:52Z,46.77608333,13.06153333,2308.00,
6224,,,,,2019-07-23T12:39:53Z,46.77618333,13.06130000,2310.00,
6225,,,,,2019-07-23T12:39:54Z,46.77628333,13.06108333,2313.00,
6226,,,,,2019-07-23T12:39:55Z,46.77640000,13.06090000,2316.00,
6227,,,,,2019-07-23T12:39:56Z,46.77653333,13.06073333,2319.00,
6228,,,,,2019-07-23T12:39:57Z,46.77668333,13.06056667,2321.00,
6229,,,,,2019-07-23T12:39:58Z,46.77685000,13.06043333,2321.00,
6230,,,,,2019-07-23T12:39:59Z,46.77701667,13.06028333,2322.00,
6231,,,,,2019-07-23T12:40:00Z,46.77716667,13.06011667,2326.00,
6232,,,,,2019-07-23T12:40:01Z,46.77731667,13.05995000,2328.00,
6233,,,,,2019-07-23T12:40:02Z,46.77746667,13.05976667,2331.00,
6234,,,,,2019-07-23T12:40:03Z,46.77761667,13.05958333,2332.00,
6235,,,,,2019-07-23T12:40:04Z,46.77775000,13.05940000,2333.00,
6236,,,,,2019-07-23T12:40:05Z,46.77790000,13.05921667,2334.00,
6237,,,,,2019-07-23T12:40:06Z,46.77801667,13.05903333,2334.00,
6238,,,,,2019-07-23T12:40:07Z,46.77813333,13.05883333,2338.00,
6239,,,,,2019-07-23T12:40:08Z,46.77823333,13.05865000,2343.00,
6240,,,,,2019-07-23T12:40:09Z,46.77833333,13.05850000,2348.00,
6241,,,,,2019-07-23T12:40:10Z,46.77845000,13.05838333,2354.00,
6242,,,,,2019-07-23T12:40:11Z,46.77858333,13.05831667,2358.00,
6243,,,,,2019-07-23T12:40:12Z,46.77873333,13.05831667,2361.00,
6244,,,,,2019-07-23T12:40:13Z,46.77886667,13.05840000,2363.00,
6245,,,,,2019-07-23T12:40:14Z,46.77896667,13.05855000,2365.00,
6246,,,,,2019-07-23T12:40:15Z,46.77903333,13.05873333,2367.00,
6247,,,,,2019-07-23T12:40:16Z,46.77906667,13.05895000,2370.00,
6248,,,,,2019-07-23T12:40:17Z,46.77903333,13.05913333,2372.00,
6249,,,,,2019-07-23T12:40:18Z,46.77895000,13.05930000,2376.00,
6250,,,,,2019-07-23T12:40:19Z,46.77885000,13.05945000,2377.00,
6251,,,,,2019-07-23T12:40:20Z,46.77871667,13.05956667,2376.00,
6252,,,,,2019-07-23T12:40:21Z,46.77856667,13.05965000,2378.00,
6253,,,,,2019-07-23T12:40:22Z,46.77841667,13.05968333,2382.00,
6254,,,,,2019-07-23T12:40:23Z,46.77826667,13.05970000,2386.00,
6255,,,,,2019-07-23T12:40:24Z,46.77811667,13.05966667,2386.00,
6256,,,,,2019-07-23T12:40:25Z,46.77796667,13.05958333,2387.00,
6257,,,,,2019-07-23T12:40:26Z,46.77783333,13.05943333,2388.00,
6258,,,,,2019-07-23T12:40:27Z,46.77773333,13.05925000,2392.00,
6259,,,,,2019-07-23T12:40:28Z,46.77765000,13.05903333,2397.00,
6260,,,,,2019-07-23T12:40:29Z,46.77761667,13.05878333,2398.00,
6261,,,,,2019-07-23T12:40:30Z,46.77763333,13.05851667,2397.00,
6262,,,,,2019-07-23T12:40:31Z,46.77770000,13.05826667,2398.00,
6263,,,,,2019-07-23T12:40:32Z,46.77778333,13.05803333,2402.00,
6264,,,,,2019-07-23T12:40:33Z,46.77791667,13.05781667,2405.00,
6265,,,,,2019-07-23T12:40:34Z,46.77805000,13.05765000,2408.00,
6266,,,,,2019-07-23T12:40:35Z,46.77821667,13.05753333,2409.00,
6267,,,,,2019-07-23T12:40:36Z,46.77836667,13.05748333,2409.00,
6268,,,,,2019-07-23T12:40:37Z,46.77853333,13.05748333,2411.00,
6269,,,,,2019-07-23T12:40:38Z,46.77870000,13.05753333,2414.00,
6270,,,,,2019-07-23T12:40:39Z,46.77883333,13.05763333,2418.00,
6271,,,,,2019-07-23T12:40:40Z,46.77896667,13.05776667,2421.00,
6272,,,,,2019-07-23T12:40:41Z,46.77906667,13.05793333,2423.00,
6273,,,,,2019-07-23T12:40:42Z,46.77913333,13.05813333,2426.00,
6274,,,,,2019-07-23T12:40:43Z,46.77916667,13.05833333,2432.00,
6275,,,,,2019-07-23T12:40:44Z,46.77913333,13.05855000,2436.00,
6276,,,,,2019-07-23T12:40:45Z,46.77906667,13.05875000,2438.00,
6277,,,,,2019-07-23T12:40:46Z,46.77896667,13.05891667,2440.00,
6278,,,,,2019-07-23T12:40:47Z,46.77883333,13.05903333,2444.00,
6279,,,,,2019-07-23T12:40:48Z,46.77866667,13.05908333,2446.00,
6280,,,,,2019-07-23T12:40:49Z,46.77850000,13.05908333,2447.00,
6281,,,,,2019-07-23T12:40:50Z,46.77833333,13.05898333,2450.00,
6282,,,,,2019-07-23T12:40:51Z,46.77821667,13.05883333,2455.00,
6283,,,,,2019-07-23T12:40:52Z,46.77813333,13.05863333,2460.00,
6284,,,,,2019-07-23T12:40:53Z,46.77810000,13.05840000,2464.00,
6285,,,,,2019-07-23T12:40:54Z,46.77813333,13.05815000,2469.00,
6286,,,,,2019-07-23T12:40:55Z,46.77821667,13.05795000,2471.00,
6287,,,,,2019-07-23T12:40:56Z,46.77836667,13.05781667,2471.00,
6288,,,,,2019-07-23T12:40:57Z,46.77851667,13.05776667,2471.00,
6289,,,,,2019-07-23T12:40:58Z,46.77868333,13.05778333,2474.00,
6290,,,,,2019-07-23T12:40:59Z,46.77883333,13.05788333,2477.00,
6291,,,,,2019-07-23T12:41:00Z,46.77895000,13.05805000,2478.00,
6292,,,,,2019-07-23T12:41:01Z,46.77905000,13.05825000,2481.00,
6293,,,,,2019-07-23T12:41:02Z,46.77910000,13.05848333,2484.00,
6294,,,,,2019-07-23T12:41:03Z,46.77913333,13.05871667,2487.00,
6295,,,,,2019-07-23T12:41:04Z,46.77916667,13.05895000,2488.00,
6296,,,,,2019-07-23T12:41:05Z,46.77920000,13.05918333,2489.00,
6297,,,,,2019-07-23T12:41:06Z,46.77923333,13.05941667,2493.00,
6298,,,,,2019-07-23T12:41:07Z,46.77928333,13.05965000,2498.00,
6299,,,,,2019-07-23T12:41:08Z,46.77935000,13.05986667,2503.00,
6300,,,,,2019-07-23T12:41:09Z,46.77941667,13.06008333,2508.00,
6301,,,,,2019-07-23T12:41:10Z,46.77946667,13.06028333,2512.00,
6302,,,,,2019-07-23T12:41:11Z,46.77953333,13.06050000,2515.00,
6303,,,,,2019-07-23T12:41:12Z,46.77960000,13.06070000,2516.00,
6304,,,,,2019-07-23T12:41:13Z,46.77966667,13.06091667,2520.00,
6305,,,,,2019-07-23T12:41:14Z,46.77973333,13.06113333,2523.00,
6306,,,,,2019-07-23T12:41:15Z,46.77980000,13.06136667,2523.00,
6307,,,,,2019-07-23T12:41:16Z,46.77986667,13.06160000,2524.00,
6308,,,,,2019-07-23T12:41:17Z,46.77993333,13.06185000,2527.00,
6309,,,,,2019-07-23T12:41:18Z,46.78001667,13.06210000,2528.00,
6310,,,,,2019-07-23T12:41:19Z,46.78010000,13.06235000,2528.00,
6311,,,,,2019-07-23T12:41:20Z,46.78020000,13.06256667,2529.00,
6312,,,,,2019-07-23T12:41:21Z,46.78031667,13.06276667,2531.00,
6313,,,,,2019-07-23T12:41:22Z,46.78045000,13.06296667,2534.00,
6314,,,,,2019-07-23T12:41:23Z,46.78061667,13.06311667,2535.00,
6315,,,,,2019-07-23T12:41:24Z,46.78080000,13.06325000,2536.00,
6316,,,,,2019-07-23T12:41:25Z,46.78100000,13.06333333,2536.00,
6317,,,,,2019-07-23T12:41:26Z,46.78121667,13.06341667,2536.00,
6318,,,,,2019-07-23T12:41:27Z,46.78140000,13.06348333,2538.00,
6319,,,,,2019-07-23T12:41:28Z,46.78158333,13.06353333,2540.00,
6320,,,,,2019-07-23T12:41:29Z,46.78176667,13.06358333,2543.00,
6321,,,,,2019-07-23T12:41:30Z,46.78191667,13.06358333,2545.00,
6322,,,,,2019-07-23T12:41:31Z,46.78208333,13.06358333,2549.00,
6323,,,,,2019-07-23T12:41:32Z,46.78223333,13.06353333,2553.00,
6324,,,,,2019-07-23T12:41:33Z,46.78238333,13.06345000,2556.00,
6325,,,,,2019-07-23T12:41:34Z,46.78253333,13.06333333,2557.00,
6326,,,,,2019-07-23T12:41:35Z,46.78265000,13.06320000,2558.00,
6327,,,,,2019-07-23T12:41:36Z,46.78273333,13.06303333,2559.00,
6328,,,,,2019-07-23T12:41:37Z,46.78280000,13.06285000,2559.00,
6329,,,,,2019-07-23T12:41:38Z,46.78280000,13.06261667,2563.00,
6330,,,,,2019-07-23T12:41:39Z,46.78278333,13.06240000,2564.00,
6331,,,,,2019-07-23T12:41:40Z,46.78273333,13.06216667,2566.00,
6332,,,,,2019-07-23T12:41:41Z,46.78265000,13.06196667,2565.00,
6333,,,,,2019-07-23T12:41:42Z,46.78256667,13.06178333,2564.00,
6334,,,,,2019-07-23T12:41:43Z,46.78245000,13.06163333,2566.00,
6335,,,,,2019-07-23T12:41:44Z,46.78231667,13.06151667,2566.00,
6336,,,,,2019-07-23T12:41:45Z,46.78215000,13.06146667,2568.00,
6337,,,,,2019-07-23T12:41:46Z,46.78200000,13.06146667,2570.00,
6338,,,,,2019-07-23T12:41:47Z,46.78185000,13.06151667,2572.00,
6339,,,,,2019-07-23T12:41:48Z,46.78171667,13.06161667,2574.00,
6340,,,,,2019-07-23T12:41:49Z,46.78158333,13.06176667,2578.00,
6341,,,,,2019-07-23T12:41:50Z,46.78150000,13.06195000,2580.00,
6342,,,,,2019-07-23T12:41:51Z,46.78143333,13.06215000,2583.00,
6343,,,,,2019-07-23T12:41:52Z,46.78141667,13.06235000,2586.00,
6344,,,,,2019-07-23T12:41:53Z,46.78141667,13.06255000,2588.00,
6345,,,,,2019-07-23T12:41:54Z,46.78143333,13.06276667,2588.00,
6346,,,,,2019-07-23T12:41:55Z,46.78150000,13.06300000,2590.00,
6347,,,,,2019-07-23T12:41:56Z,46.78158333,13.06325000,2593.00,
6348,,,,,2019-07-23T12:41:57Z,46.78170000,13.06350000,2594.00,
6349,,,,,2019-07-23T12:41:58Z,46.78181667,13.06371667,2593.00,
6350,,,,,2019-07-23T12:41:59Z,46.78195000,13.06391667,2594.00,
6351,,,,,2019-07-23T12:42:00Z,46.78210000,13.06405000,2595.00,
6352,,,,,2019-07-23T12:42:01Z,46.78225000,13.06413333,2598.00,
6353,,,,,2019-07-23T12:42:02Z,46.78240000,13.06415000,2600.00,
6354,,,,,2019-07-23T12:42:03Z,46.78256667,13.06410000,2601.00,
6355,,,,,2019-07-23T12:42:04Z,46.78270000,13.06396667,2602.00,
6356,,,,,2019-07-23T12:42:05Z,46.78280000,13.06376667,2602.00,
6357,,,,,2019-07-23T12:42:06Z,46.78285000,13.06356667,2601.00,
6358,,,,,2019-07-23T12:42:07Z,46.78285000,13.06336667,2602.00,
6359,,,,,2019-07-23T12:42:08Z,46.78281667,13.06316667,2603.00,
6360,,,,,2019-07-23T12:42:09Z,46.78273333,13.06300000,2605.00,
6361,,,,,2019-07-23T12:42:10Z,46.78261667,13.06285000,2605.00,
6362,,,,,2019-07-23T12:42:11Z,46.78246667,13.06271667,2604.00,
6363,,,,,2019-07-23T12:42:12Z,46.78230000,13.06263333,2602.00,
6364,,,,,2019-07-23T12:42:13Z,46.78211667,13.06255000,2602.00,
6365,,,,,2019-07-23T12:42:14Z,46.78195000,13.06248333,2602.00,
6366,,,,,2019-07-23T12:42:15Z,46.78178333,13.06240000,2602.00,
6367,,,,,2019-07-23T12:42:16Z,46.78163333,13.06231667,2604.00,
6368,,,,,2019-07-23T12:42:17Z,46.78150000,13.06220000,2605.00,
6369,,,,,2019-07-23T12:42:18Z,46.78138333,13.06208333,2609.00,
6370,,,,,2019-07-23T12:42:19Z,46.78126667,13.06195000,2612.00,
6371,,,,,2019-07-23T12:42:20Z,46.78118333,13.06181667,2615.00,
6372,,,,,2019-07-23T12:42:21Z,46.78108333,13.06165000,2619.00,
6373,,,,,2019-07-23T12:42:22Z,46.78101667,13.06148333,2624.00,
6374,,,,,2019-07-23T12:42:23Z,46.78095000,13.06128333,2629.00,
6375,,,,,2019-07-23T12:42:24Z,46.78090000,13.06108333,2630.00,
6376,,,,,2019-07-23T12:42:25Z,46.78086667,13.06085000,2631.00,
6377,,,,,2019-07-23T12:42:26Z,46.78085000,13.06063333,2634.00,
6378,,,,,2019-07-23T12:42:27Z,46.78086667,13.06040000,2638.00,
6379,,,,,2019-07-23T12:42:28Z,46.78088333,13.06016667,2641.00,
6380,,,,,2019-07-23T12:42:29Z,46.78091667,13.05993333,2643.00,
6381,,,,,2019-07-23T12:42:30Z,46.78098333,13.05973333,2649.00,
6382,,,,,2019-07-23T12:42:31Z,46.78108333,13.05956667,2654.00,
6383,,,,,2019-07-23T12:42:32Z,46.78120000,13.05946667,2658.00,
6384,,,,,2019-07-23T12:42:33Z,46.78133333,13.05940000,2661.00,
6385,,,,,2019-07-23T12:42:34Z,46.78145000,13.05940000,2664.00,
6386,,,,,2019-07-23T12:42:35Z,46.78158333,13.05945000,2667.00,
6387,,,,,2019-07-23T12:42:36Z,46.78170000,13.05953333,2669.00,
6388,,,,,2019-07-23T12:42:37Z,46.78180000,13.05970000,2670.00,
6389,,,,,2019-07-23T12:42:38Z,46.78185000,13.05993333,2670.00,
6390,,,,,2019-07-23T12:42:39Z,46.78185000,13.06018333,2670.00,
6391,,,,,2019-07-23T12:42:40Z,46.78181667,13.06043333,2671.00,
6392,,,,,2019-07-23T12:42:41Z,46.78173333,13.06066667,2673.00,
6393,,,,,2019-07-23T12:42:42Z,46.78161667,13.06086667,2675.00,
6394,,,,,2019-07-23T12:42:43Z,46.78148333,13.06101667,2676.00,
6395,,,,,2019-07-23T12:42:44Z,46.78135000,13.06113333,2677.00,
6396,,,,,2019-07-23T12:42:45Z,46.78121667,13.06121667,2682.00,
6397,,,,,2019-07-23T12:42:46Z,46.78108333,13.06128333,2688.00,
6398,,,,,2019-07-23T12:42:47Z,46.78096667,13.06133333,2697.00,
6399,,,,,2019-07-23T12:42:48Z,46.78085000,13.06136667,2703.00,
6400,,,,,2019-07-23T12:42:49Z,46.78073333,13.06136667,2708.00,
6401,,,,,2019-07-23T12:42:50Z,46.78063333,13.06133333,2714.00,
6402,,,,,2019-07-23T12:42:51Z,46.78053333,13.06126667,2720.00,
6403,,,,,2019-07-23T12:42:52Z,46.78046667,13.06116667,2725.00,
6404,,,,,2019-07-23T12:42:53Z,46.78040000,13.06103333,2731.00,
6405,,,,,2019-07-23T12:42:54Z,46.78036667,13.06088333,2735.00,
6406,,,,,2019-07-23T12:42:55Z,46.78038333,13.06070000,2736.00,
6407,,,,,2019-07-23T12:42:56Z,46.78045000,13.06053333,2741.00,
6408,,,,,2019-07-23T12:42:57Z,46.78056667,13.06041667,2744.00,
6409,,,,,2019-07-23T12:42:58Z,46.78071667,13.06038333,2747.00,
6410,,,,,2019-07-23T12:42:59Z,46.78085000,13.06043333,2750.00,
6411,,,,,2019-07-23T12:43:00Z,46.78096667,13.06056667,2752.00,
6412,,,,,2019-07-23T12:43:01Z,46.78103333,13.06076667,2755.00,
6413,,,,,2019-07-23T12:43:02Z,46.78105000,13.06098333,2761.00,
6414,,,,,2019-07-23T12:43:03Z,46.78101667,13.06120000,2766.00,
6415,,,,,2019-07-23T12:43:04Z,46.78093333,13.06140000,2772.00,
6416,,,,,2019-07-23T12:43:05Z,46.78080000,13.06150000,2775.00,
6417,,,,,2019-07-23T12:43:06Z,46.78066667,13.06151667,2779.00,
6418,,,,,2019-07-23T12:43:07Z,46.78053333,13.06146667,2782.00,
6419,,,,,2019-07-23T12:43:08Z,46.78043333,13.06135000,2785.00,
6420,,,,,2019-07-23T12:43:09Z,46.78036667,13.06116667,2787.00,
6421,,,,,2019-07-23T12:43:10Z,46.78036667,13.06096667,2790.00,
6422,,,,,2019-07-23T12:43:11Z,46.78041667,13.06076667,2792.00,
6423,,,,,2019-07-23T12:43:12Z,46.78050000,13.06061667,2794.00,
6424,,,,,2019-07-23T12:43:13Z,46.78063333,13.06053333,2799.00,
6425,,,,,2019-07-23T12:43:14Z,46.78076667,13.06053333,2802.00,
6426,,,,,2019-07-23T12:43:15Z,46.78088333,13.06061667,2804.00,
6427,,,,,2019-07-23T12:43:16Z,46.78098333,13.06071667,2808.00,
6428,,,,,2019-07-23T12:43:17Z,46.78105000,13.06086667,2814.00,
6429,,,,,2019-07-23T12:43:18Z,46.78108333,13.06105000,2819.00,
6430,,,,,2019-07-23T12:43:19Z,46.78106667,13.06125000,2823.00,
6431,,,,,2019-07-23T12:43:20Z,46.78100000,13.06145000,2826.00,
6432,,,,,2019-07-23T12:43:21Z,46.78086667,13.06160000,2828.00,
6433,,,,,2019-07-23T12:43:22Z,46.78073333,13.06168333,2831.00,
6434,,,,,2019-07-23T12:43:23Z,46.78058333,13.06170000,2833.00,
6435,,,,,2019-07-23T12:43:24Z,46.78045000,13.06165000,2837.00,
6436,,,,,2019-07-23T12:43:25Z,46.78035000,13.06151667,2842.00,
6437,,,,,2019-07-23T12:43:26Z,46.78026667,13.06135000,2845.00,
6438,,,,,2019-07-23T12:43:27Z,46.78026667,13.06113333,2846.00,
6439,,,,,2019-07-23T12:43:28Z,46.78031667,13.06091667,2846.00,
6440,,,,,2019-07-23T12:43:29Z,46.78041667,13.06071667,2849.00,
6441,,,,,2019-07-23T12:43:30Z,46.78055000,13.06058333,2852.00,
6442,,,,,2019-07-23T12:43:31Z,46.78070000,13.06053333,2854.00,
6443,,,,,2019-07-23T12:43:32Z,46.78083333,13.06056667,2856.00,
6444,,,,,2019-07-23T12:43:33Z,46.78095000,13.06066667,2860.00,
6445,,,,,2019-07-23T12:43:34Z,46.78103333,13.06080000,2866.00,
6446,,,,,2019-07-23T12:43:35Z,46.78108333,13.06098333,2869.00,
6447,,,,,2019-07-23T12:43:36Z,46.78108333,13.06121667,2872.00,
6448,,,,,2019-07-23T12:43:37Z,46.78101667,13.06143333,2875.00,
6449,,,,,2019-07-23T12:43:38Z,46.78090000,13.06158333,2878.00,
6450,,,,,2019-07-23T12:43:39Z,46.78075000,13.06163333,2879.00,
6451,,,,,2019-07-23T12:43:40Z,46.78060000,13.06161667,2882.00,
6452,,,,,2019-07-23T12:43:41Z,46.78046667,13.06150000,2884.00,
6453,,,,,2019-07-23T12:43:42Z,46.78040000,13.06131667,2888.00,
6454,,,,,2019-07-23T12:43:43Z,46.78036667,13.06110000,2890.00,
6455,,,,,2019-07-23T12:43:44Z,46.78040000,13.06088333,2892.00,
6456,,,,,2019-07-23T12:43:45Z,46.78048333,13.06070000,2893.00,
6457,,,,,2019-07-23T12:43:46Z,46.78060000,13.06058333,2896.00,
6458,,,,,2019-07-23T12:43:47Z,46.78073333,13.06055000,2899.00,
6459,,,,,2019-07-23T12:43:48Z,46.78086667,13.06056667,2903.00,
6460,,,,,2019-07-23T12:43:49Z,46.78100000,13.06066667,2905.00,
6461,,,,,2019-07-23T12:43:50Z,46.78108333,13.06081667,2907.00,
6462,,,,,2019-07-23T12:43:51Z,46.78113333,13.06101667,2909.00,
6463,,,,,2019-07-23T12:43:52Z,46.78113333,13.06123333,2912.00,
6464,,,,,2019-07-23T12:43:53Z,46.78110000,13.06145000,2913.00,
6465,,,,,2019-07-23T12:43:54Z,46.78100000,13.06163333,2920.00,
6466,,,,,2019-07-23T12:43:55Z,46.78085000,13.06173333,2922.00,
6467,,,,,2019-07-23T12:43:56Z,46.78070000,13.06176667,2922.00,
6468,,,,,2019-07-23T12:43:57Z,46.78055000,13.06173333,2923.00,
6469,,,,,2019-07-23T12:43:58Z,46.78041667,13.06166667,2927.00,
6470,,,,,2019-07-23T12:43:59Z,46.78030000,13.06153333,2930.00,
6471,,,,,2019-07-23T12:44:00Z,46.78020000,13.06135000,2929.00,
6472,,,,,2019-07-23T12:44:01Z,46.78013333,13.06115000,2931.00,
6473,,,,,2019-07-23T12:44:02Z,46.78008333,13.06093333,2934.00,
6474,,,,,2019-07-23T12:44:03Z,46.78005000,13.06070000,2936.00,
6475,,,,,2019-07-23T12:44:04Z,46.78006667,13.06048333,2938.00,
6476,,,,,2019-07-23T12:44:05Z,46.78011667,13.06028333,2942.00,
6477,,,,,2019-07-23T12:44:06Z,46.78018333,13.06010000,2945.00,
6478,,,,,2019-07-23T12:44:07Z,46.78026667,13.05991667,2947.00,
6479,,,,,2019-07-23T12:44:08Z,46.78036667,13.05973333,2946.00,
6480,,,,,2019-07-23T12:44:09Z,46.78046667,13.05953333,2945.00,
6481,,,,,2019-07-23T12:44:10Z,46.78055000,13.05933333,2944.00,
6482,,,,,2019-07-23T12:44:11Z,46.78063333,13.05911667,2945.00,
6483,,,,,2019-07-23T12:44:12Z,46.78070000,13.05888333,2947.00,
6484,,,,,2019-07-23T12:44:13Z,46.78073333,13.05866667,2947.00,
6485,,,,,2019-07-23T12:44:14Z,46.78076667,13.05845000,2947.00,
6486,,,,,2019-07-23T12:44:15Z,46.78076667,13.05821667,2949.00,
6487,,,,,2019-07-23T12:44:16Z,46.78076667,13.05795000,2948.00,
6488,,,,,2019-07-23T12:44:17Z,46.78075000,13.05766667,2945.00,
6489,,,,,2019-07-23T12:44:18Z,46.78073333,13.05738333,2942.00,
6490,,,,,2019-07-23T12:44:19Z,46.78071667,13.05708333,2938.00,
6491,,,,,2019-07-23T12:44:20Z,46.78070000,13.05678333,2933.00,
6492,,,,,2019-07-23T12:44:21Z,46.78066667,13.05648333,2930.00,
6493,,,,,2019-07-23T12:44:22Z,46.78061667,13.05620000,2929.00,
6494,,,,,2019-07-23T12:44:23Z,46.78056667,13.05593333,2926.00,
6495,,,,,2019-07-23T12:44:24Z,46.78051667,13.05568333,2925.00,
6496,,,,,2019-07-23T12:44:25Z,46.78045000,13.05543333,2924.00,
6497,,,,,2019-07-23T12:44:26Z,46.78036667,13.05518333,2925.00,
6498,,,,,2019-07-23T12:44:27Z,46.78030000,13.05493333,2925.00,
6499,,,,,2019-07-23T12:44:28Z,46.78023333,13.05466667,2921.00,
6500,,,,,2019-07-23T12:44:29Z,46.78016667,13.05438333,2918.00,
6501,,,,,2019-07-23T12:44:30Z,46.78013333,13.05410000,2912.00,
6502,,,,,2019-07-23T12:44:31Z,46.78010000,13.05381667,2909.00,
6503,,,,,2019-07-23T12:44:32Z,46.78006667,13.05353333,2907.00,
6504,,,,,2019-07-23T12:44:33Z,46.78005000,13.05328333,2907.00,
6505,,,,,2019-07-23T12:44:34Z,46.78003333,13.05303333,2906.00,
6506,,,,,2019-07-23T12:44:35Z,46.78003333,13.05278333,2903.00,
6507,,,,,2019-07-23T12:44:36Z,46.78003333,13.05251667,2903.00,
6508,,,,,2019-07-23T12:44:37Z,46.78003333,13.05226667,2901.00,
6509,,,,,2019-07-23T12:44:38Z,46.78003333,13.05200000,2899.00,
6510,,,,,2019-07-23T12:44:39Z,46.78003333,13.05171667,2895.00,
6511,,,,,2019-07-23T12:44:40Z,46.78003333,13.05143333,2891.00,
6512,,,,,2019-07-23T12:44:41Z,46.78001667,13.05113333,2887.00,
6513,,,,,2019-07-23T12:44:42Z,46.77998333,13.05085000,2883.00,
6514,,,,,2019-07-23T12:44:43Z,46.77996667,13.05055000,2879.00,
6515,,,,,2019-07-23T12:44:44Z,46.77993333,13.05023333,2874.00,
6516,,,,,2019-07-23T12:44:45Z,46.77986667,13.04991667,2871.00,
6517,,,,,2019-07-23T12:44:46Z,46.77980000,13.04961667,2869.00,
6518,,,,,2019-07-23T12:44:47Z,46.77973333,13.04933333,2868.00,
6519,,,,,2019-07-23T12:44:48Z,46.77968333,13.04905000,2867.00,
6520,,,,,2019-07-23T12:44:49Z,46.77966667,13.04876667,2866.00,
6521,,,,,2019-07-23T12:44:50Z,46.77965000,13.04848333,2864.00,
6522,,,,,2019-07-23T12:44:51Z,46.77966667,13.04820000,2862.00,
6523,,,,,2019-07-23T12:44:52Z,46.77968333,13.04791667,2859.00,
6524,,,,,2019-07-23T12:44:53Z,46.77970000,13.04765000,2856.00,
6525,,,,,2019-07-23T12:44:54Z,46.77970000,13.04736667,2854.00,
6526,,,,,2019-07-23T12:44:55Z,46.77970000,13.04710000,2851.00,
6527,,,,,2019-07-23T12:44:56Z,46.77968333,13.04681667,2851.00,
6528,,,,,2019-07-23T12:44:57Z,46.77966667,13.04653333,2849.00,
6529,,,,,2019-07-23T12:44:58Z,46.77965000,13.04625000,2845.00,
6530,,,,,2019-07-23T12:44:59Z,46.77961667,13.04595000,2841.00,
6531,,,,,2019-07-23T12:45:00Z,46.77958333,13.04566667,2840.00,
6532,,,,,2019-07-23T12:45:01Z,46.77955000,13.04538333,2837.00,
6533,,,,,2019-07-23T12:45:02Z,46.77950000,13.04511667,2837.00,
6534,,,,,2019-07-23T12:45:03Z,46.77946667,13.04485000,2837.00,
6535,,,,,2019-07-23T12:45:04Z,46.77943333,13.04458333,2836.00,
6536,,,,,2019-07-23T12:45:05Z,46.77943333,13.04431667,2833.00,
6537,,,,,2019-07-23T12:45:06Z,46.77945000,13.04406667,2830.00,
6538,,,,,2019-07-23T12:45:07Z,46.77946667,13.04380000,2827.00,
6539,,,,,2019-07-23T12:45:08Z,46.77950000,13.04355000,2825.00,
6540,,,,,2019-07-23T12:45:09Z,46.77955000,13.04330000,2822.00,
6541,,,,,2019-07-23T12:45:10Z,46.77958333,13.04303333,2820.00,
6542,,,,,2019-07-23T12:45:11Z,46.77961667,13.04278333,2818.00,
6543,,,,,2019-07-23T12:45:12Z,46.77963333,13.04250000,2815.00,
6544,,,,,2019-07-23T12:45:13Z,46.77963333,13.04223333,2812.00,
6545,,,,,2019-07-23T12:45:14Z,46.77965000,13.04196667,2810.00,
6546,,,,,2019-07-23T12:45:15Z,46.77965000,13.04168333,2808.00,
6547,,,,,2019-07-23T12:45:16Z,46.77968333,13.04141667,2806.00,
6548,,,,,2019-07-23T12:45:17Z,46.77971667,13.04116667,2805.00,
6549,,,,,2019-07-23T12:45:18Z,46.77975000,13.04091667,2804.00,
6550,,,,,2019-07-23T12:45:19Z,46.77980000,13.04068333,2805.00,
6551,,,,,2019-07-23T12:45:20Z,46.77986667,13.04046667,2803.00,
6552,,,,,2019-07-23T12:45:21Z,46.77991667,13.04023333,2801.00,
6553,,,,,2019-07-23T12:45:22Z,46.77996667,13.04001667,2801.00,
6554,,,,,2019-07-23T12:45:23Z,46.78000000,13.03976667,2801.00,
6555,,,,,2019-07-23T12:45:24Z,46.78005000,13.03953333,2800.00,
6556,,,,,2019-07-23T12:45:25Z,46.78008333,13.03930000,2797.00,
6557,,,,,2019-07-23T12:45:26Z,46.78011667,13.03908333,2797.00,
6558,,,,,2019-07-23T12:45:27Z,46.78013333,13.03886667,2796.00,
6559,,,,,2019-07-23T12:45:28Z,46.78015000,13.03866667,2795.00,
6560,,,,,2019-07-23T12:45:29Z,46.78015000,13.03845000,2791.00,
6561,,,,,2019-07-23T12:45:30Z,46.78015000,13.03823333,2794.00,
6562,,,,,2019-07-23T12:45:31Z,46.78015000,13.03801667,2796.00,
6563,,,,,2019-07-23T12:45:32Z,46.78015000,13.03780000,2796.00,
6564,,,,,2019-07-23T12:45:33Z,46.78016667,13.03758333,2795.00,
6565,,,,,2019-07-23T12:45:34Z,46.78016667,13.03735000,2793.00,
6566,,,,,2019-07-23T12:45:35Z,46.78018333,13.03710000,2791.00,
6567,,,,,2019-07-23T12:45:36Z,46.78020000,13.03685000,2789.00,
6568,,,,,2019-07-23T12:45:37Z,46.78021667,13.03660000,2785.00,
6569,,,,,2019-07-23T12:45:38Z,46.78021667,13.03633333,2784.00,
6570,,,,,2019-07-23T12:45:39Z,46.78023333,13.03608333,2783.00,
6571,,,,,2019-07-23T12:45:40Z,46.78025000,13.03581667,2782.00,
6572,,,,,2019-07-23T12:45:41Z,46.78028333,13.03556667,2780.00,
6573,,,,,2019-07-23T12:45:42Z,46.78031667,13.03531667,2779.00,
6574,,,,,2019-07-23T12:45:43Z,46.78036667,13.03506667,2779.00,
6575,,,,,2019-07-23T12:45:44Z,46.78041667,13.03483333,2779.00,
6576,,,,,2019-07-23T12:45:45Z,46.78046667,13.03458333,2780.00,
6577,,,,,2019-07-23T12:45:46Z,46.78053333,13.03435000,2780.00,
6578,,,,,2019-07-23T12:45:47Z,46.78060000,13.03410000,2779.00,
6579,,,,,2019-07-23T12:45:48Z,46.78068333,13.03386667,2778.00,
6580,,,,,2019-07-23T12:45:49Z,46.78076667,13.03365000,2776.00,
6581,,,,,2019-07-23T12:45:50Z,46.78083333,13.03341667,2774.00,
6582,,,,,2019-07-23T12:45:51Z,46.78088333,13.03318333,2774.00,
6583,,,,,2019-07-23T12:45:52Z,46.78093333,13.03293333,2774.00,
6584,,,,,2019-07-23T12:45:53Z,46.78096667,13.03268333,2772.00,
6585,,,,,2019-07-23T12:45:54Z,46.78098333,13.03243333,2771.00,
6586,,,,,2019-07-23T12:45:55Z,46.78100000,13.03216667,2771.00,
6587,,,,,2019-07-23T12:45:56Z,46.78101667,13.03188333,2769.00,
6588,,,,,2019-07-23T12:45:57Z,46.78103333,13.03161667,2767.00,
6589,,,,,2019-07-23T12:45:58Z,46.78106667,13.03133333,2765.00,
6590,,,,,2019-07-23T12:45:59Z,46.78110000,13.03105000,2764.00,
6591,,,,,2019-07-23T12:46:00Z,46.78113333,13.03075000,2762.00,
6592,,,,,2019-07-23T12:46:01Z,46.78118333,13.03046667,2760.00,
6593,,,,,2019-07-23T12:46:02Z,46.78123333,13.03018333,2756.00,
6594,,,,,2019-07-23T12:46:03Z,46.78130000,13.02990000,2752.00,
6595,,,,,2019-07-23T12:46:04Z,46.78138333,13.02961667,2748.00,
6596,,,,,2019-07-23T12:46:05Z,46.78145000,13.02935000,2746.00,
6597,,,,,2019-07-23T12:46:06Z,46.78151667,13.02906667,2744.00,
6598,,,,,2019-07-23T12:46:07Z,46.78158333,13.02878333,2742.00,
6599,,,,,2019-07-23T12:46:08Z,46.78163333,13.02850000,2739.00,
6600,,,,,2019-07-23T12:46:09Z,46.78168333,13.02821667,2738.00,
6601,,,,,2019-07-23T12:46:10Z,46.78171667,13.02793333,2736.00,
6602,,,,,2019-07-23T12:46:11Z,46.78176667,13.02763333,2735.00,
6603,,,,,2019-07-23T12:46:12Z,46.78181667,13.02733333,2732.00,
6604,,,,,2019-07-23T12:46:13Z,46.78185000,13.02703333,2730.00,
6605,,,,,2019-07-23T12:46:14Z,46.78191667,13.02673333,2727.00,
6606,,,,,2019-07-23T12:46:15Z,46.78196667,13.02643333,2725.00,
6607,,,,,2019-07-23T12:46:16Z,46.78201667,13.02615000,2724.00,
6608,,,,,2019-07-23T12:46:17Z,46.78206667,13.02585000,2723.00,
6609,,,,,2019-07-23T12:46:18Z,46.78211667,13.02558333,2723.00,
6610,,,,,2019-07-23T12:46:19Z,46.78216667,13.02531667,2724.00,
6611,,,,,2019-07-23T12:46:20Z,46.78221667,13.02505000,2723.00,
6612,,,,,2019-07-23T12:46:21Z,46.78225000,13.02476667,2721.00,
6613,,,,,2019-07-23T12:46:22Z,46.78230000,13.02448333,2721.00,
6614,,,,,2019-07-23T12:46:23Z,46.78233333,13.02416667,2722.00,
6615,,,,,2019-07-23T12:46:24Z,46.78238333,13.02386667,2720.00,
6616,,,,,2019-07-23T12:46:25Z,46.78243333,13.02356667,2718.00,
6617,,,,,2019-07-23T12:46:26Z,46.78250000,13.02328333,2719.00,
6618,,,,,2019-07-23T12:46:27Z,46.78256667,13.02301667,2722.00,
6619,,,,,2019-07-23T12:46:28Z,46.78263333,13.02276667,2721.00,
6620,,,,,2019-07-23T12:46:29Z,46.78270000,13.02251667,2720.00,
6621,,,,,2019-07-23T12:46:30Z,46.78275000,13.02225000,2721.00,
6622,,,,,2019-07-23T12:46:31Z,46.78278333,13.02196667,2723.00,
6623,,,,,2019-07-23T12:46:32Z,46.78278333,13.02171667,2722.00,
6624,,,,,2019-07-23T12:46:33Z,46.78276667,13.02145000,2723.00,
6625,,,,,2019-07-23T12:46:34Z,46.78276667,13.02120000,2722.00,
6626,,,,,2019-07-23T12:46:35Z,46.78276667,13.02093333,2720.00,
6627,,,,,2019-07-23T12:46:36Z,46.78278333,13.02066667,2719.00,
6628,,,,,2019-07-23T12:46:37Z,46.78280000,13.02040000,2717.00,
6629,,,,,2019-07-23T12:46:38Z,46.78281667,13.02011667,2714.00,
6630,,,,,2019-07-23T12:46:39Z,46.78285000,13.01983333,2712.00,
6631,,,,,2019-07-23T12:46:40Z,46.78288333,13.01955000,2709.00,
6632,,,,,2019-07-23T12:46:41Z,46.78290000,13.01926667,2708.00,
6633,,,,,2019-07-23T12:46:42Z,46.78291667,13.01900000,2708.00,
6634,,,,,2019-07-23T12:46:43Z,46.78293333,13.01875000,2708.00,
6635,,,,,2019-07-23T12:46:44Z,46.78296667,13.01851667,2709.00,
6636,,,,,2019-07-23T12:46:45Z,46.78298333,13.01830000,2708.00,
6637,,,,,2019-07-23T12:46:46Z,46.78301667,13.01806667,2706.00,
6638,,,,,2019-07-23T12:46:47Z,46.78305000,13.01785000,2706.00,
6639,,,,,2019-07-23T12:46:48Z,46.78308333,13.01761667,2705.00,
6640,,,,,2019-07-23T12:46:49Z,46.78310000,13.01736667,2704.00,
6641,,,,,2019-07-23T12:46:50Z,46.78313333,13.01713333,2701.00,
6642,,,,,2019-07-23T12:46:51Z,46.78316667,13.01688333,2699.00,
6643,,,,,2019-07-23T12:46:52Z,46.78318333,13.01663333,2697.00,
6644,,,,,2019-07-23T12:46:53Z,46.78321667,13.01636667,2693.00,
6645,,,,,2019-07-23T12:46:54Z,46.78323333,13.01611667,2691.00,
6646,,,,,2019-07-23T12:46:55Z,46.78323333,13.01586667,2689.00,
6647,,,,,2019-07-23T12:46:56Z,46.78323333,13.01561667,2690.00,
6648,,,,,2019-07-23T12:46:57Z,46.78321667,13.01536667,2689.00,
6649,,,,,2019-07-23T12:46:58Z,46.78321667,13.01511667,2689.00,
6650,,,,,2019-07-23T12:46:59Z,46.78321667,13.01486667,2688.00,
6651,,,,,2019-07-23T12:47:00Z,46.78323333,13.01461667,2687.00,
6652,,,,,2019-07-23T12:47:01Z,46.78325000,13.01435000,2685.00,
6653,,,,,2019-07-23T12:47:02Z,46.78326667,13.01408333,2685.00,
6654,,,,,2019-07-23T12:47:03Z,46.78326667,13.01381667,2685.00,
6655,,,,,2019-07-23T12:47:04Z,46.78326667,13.01353333,2684.00,
6656,,,,,2019-07-23T12:47:05Z,46.78326667,13.01325000,2684.00,
6657,,,,,2019-07-23T12:47:06Z,46.78325000,13.01296667,2684.00,
6658,,,,,2019-07-23T12:47:07Z,46.78325000,13.01268333,2684.00,
6659,,,,,2019-07-23T12:47:08Z,46.78325000,13.01240000,2685.00,
6660,,,,,2019-07-23T12:47:09Z,46.78326667,13.01211667,2685.00,
6661,,,,,2019-07-23T12:47:10Z,46.78328333,13.01185000,2684.00,
6662,,,,,2019-07-23T12:47:11Z,46.78330000,13.01158333,2684.00,
6663,,,,,2019-07-23T12:47:12Z,46.78331667,13.01131667,2685.00,
6664,,,,,2019-07-23T12:47:13Z,46.78330000,13.01103333,2685.00,
6665,,,,,2019-07-23T12:47:14Z,46.78328333,13.01073333,2683.00,
6666,,,,,2019-07-23T12:47:15Z,46.78326667,13.01045000,2682.00,
6667,,,,,2019-07-23T12:47:16Z,46.78326667,13.01016667,2681.00,
6668,,,,,2019-07-23T12:47:17Z,46.78326667,13.00988333,2679.00,
6669,,,,,2019-07-23T12:47:18Z,46.78328333,13.00958333,2678.00,
6670,,,,,2019-07-23T12:47:19Z,46.78331667,13.00931667,2678.00,
6671,,,,,2019-07-23T12:47:20Z,46.78335000,13.00903333,2677.00,
6672,,,,,2019-07-23T12:47:21Z,46.78336667,13.00875000,2678.00,
6673,,,,,2019-07-23T12:47:22Z,46.78340000,13.00846667,2678.00,
6674,,,,,2019-07-23T12:47:23Z,46.78343333,13.00818333,2677.00,
6675,,,,,2019-07-23T12:47:24Z,46.78345000,13.00791667,2675.00,
6676,,,,,2019-07-23T12:47:25Z,46.78346667,13.00765000,2675.00,
6677,,,,,2019-07-23T12:47:26Z,46.78350000,13.00740000,2675.00,
6678,,,,,2019-07-23T12:47:27Z,46.78351667,13.00713333,2676.00,
6679,,,,,2019-07-23T12:47:28Z,46.78355000,13.00688333,2675.00,
6680,,,,,2019-07-23T12:47:29Z,46.78356667,13.00663333,2676.00,
6681,,,,,2019-07-23T12:47:30Z,46.78360000,13.00638333,2676.00,
6682,,,,,2019-07-23T12:47:31Z,46.78361667,13.00611667,2675.00,
6683,,,,,2019-07-23T12:47:32Z,46.78363333,13.00585000,2673.00,
6684,,,,,2019-07-23T12:47:33Z,46.78366667,13.00560000,2672.00,
6685,,,,,2019-07-23T12:47:34Z,46.78368333,13.00535000,2670.00,
6686,,,,,2019-07-23T12:47:35Z,46.78371667,13.00511667,2670.00,
6687,,,,,2019-07-23T12:47:36Z,46.78375000,13.00488333,2671.00,
6688,,,,,2019-07-23T12:47:37Z,46.78380000,13.00468333,2671.00,
6689,,,,,2019-07-23T12:47:38Z,46.78385000,13.00448333,2672.00,
6690,,,,,2019-07-23T12:47:39Z,46.78391667,13.00428333,2671.00,
6691,,,,,2019-07-23T12:47:40Z,46.78398333,13.00408333,2670.00,
6692,,,,,2019-07-23T12:47:41Z,46.78405000,13.00386667,2666.00,
6693,,,,,2019-07-23T12:47:42Z,46.78411667,13.00365000,2664.00,
6694,,,,,2019-07-23T12:47:43Z,46.78416667,13.00341667,2663.00,
6695,,,,,2019-07-23T12:47:44Z,46.78420000,13.00315000,2660.00,
6696,,,,,2019-07-23T12:47:45Z,46.78423333,13.00290000,2659.00,
6697,,,,,2019-07-23T12:47:46Z,46.78426667,13.00261667,2658.00,
6698,,,,,2019-07-23T12:47:47Z,46.78428333,13.00235000,2656.00,
6699,,,,,2019-07-23T12:47:48Z,46.78431667,13.00208333,2654.00,
6700,,,,,2019-07-23T12:47:49Z,46.78433333,13.00181667,2651.00,
6701,,,,,2019-07-23T12:47:50Z,46.78436667,13.00155000,2652.00,
6702,,,,,2019-07-23T12:47:51Z,46.78438333,13.00128333,2651.00,
6703,,,,,2019-07-23T12:47:52Z,46.78438333,13.00101667,2652.00,
6704,,,,,2019-07-23T12:47:53Z,46.78438333,13.00073333,2651.00,
6705,,,,,2019-07-23T12:47:54Z,46.78438333,13.00046667,2650.00,
6706,,,,,2019-07-23T12:47:55Z,46.78440000,13.00021667,2646.00,
6707,,,,,2019-07-23T12:47:56Z,46.78443333,12.99995000,2645.00,
6708,,,,,2019-07-23T12:47:57Z,46.78448333,12.99968333,2643.00,
6709,,,,,2019-07-23T12:47:58Z,46.78455000,12.99943333,2640.00,
6710,,,,,2019-07-23T12:47:59Z,46.78463333,12.99918333,2640.00,
6711,,,,,2019-07-23T12:48:00Z,46.78471667,12.99893333,2638.00,
6712,,,,,2019-07-23T12:48:01Z,46.78481667,12.99868333,2634.00,
6713,,,,,2019-07-23T12:48:02Z,46.78491667,12.99845000,2633.00,
6714,,,,,2019-07-23T12:48:03Z,46.78500000,12.99820000,2633.00,
6715,,,,,2019-07-23T12:48:04Z,46.78510000,12.99796667,2633.00,
6716,,,,,2019-07-23T12:48:05Z,46.78518333,12.99773333,2631.00,
6717,,,,,2019-07-23T12:48:06Z,46.78528333,12.99750000,2628.00,
6718,,,,,2019-07-23T12:48:07Z,46.78536667,12.99726667,2627.00,
6719,,,,,2019-07-23T12:48:08Z,46.78545000,12.99703333,2627.00,
6720,,,,,2019-07-23T12:48:09Z,46.78553333,12.99681667,2624.00,
6721,,,,,2019-07-23T12:48:10Z,46.78561667,12.99656667,2621.00,
6722,,,,,2019-07-23T12:48:11Z,46.78570000,12.99633333,2620.00,
6723,,,,,2019-07-23T12:48:12Z,46.78576667,12.99606667,2617.00,
6724,,,,,2019-07-23T12:48:13Z,46.78585000,12.99581667,2613.00,
6725,,,,,2019-07-23T12:48:14Z,46.78591667,12.99555000,2610.00,
6726,,,,,2019-07-23T12:48:15Z,46.78600000,12.99530000,2605.00,
6727,,,,,2019-07-23T12:48:16Z,46.78608333,12.99505000,2602.00,
6728,,,,,2019-07-23T12:48:17Z,46.78613333,12.99478333,2600.00,
6729,,,,,2019-07-23T12:48:18Z,46.78618333,12.99450000,2599.00,
6730,,,,,2019-07-23T12:48:19Z,46.78621667,12.99421667,2594.00,
6731,,,,,2019-07-23T12:48:20Z,46.78625000,12.99393333,2592.00,
6732,,,,,2019-07-23T12:48:21Z,46.78628333,12.99366667,2592.00,
6733,,,,,2019-07-23T12:48:22Z,46.78631667,12.99340000,2592.00,
6734,,,,,2019-07-23T12:48:23Z,46.78636667,12.99315000,2591.00,
6735,,,,,2019-07-23T12:48:24Z,46.78641667,12.99288333,2589.00,
6736,,,,,2019-07-23T12:48:25Z,46.78648333,12.99261667,2588.00,
6737,,,,,2019-07-23T12:48:26Z,46.78653333,12.99233333,2585.00,
6738,,,,,2019-07-23T12:48:27Z,46.78658333,12.99205000,2582.00,
6739,,,,,2019-07-23T12:48:28Z,46.78663333,12.99175000,2581.00,
6740,,,,,2019-07-23T12:48:29Z,46.78668333,12.99146667,2580.00,
6741,,,,,2019-07-23T12:48:30Z,46.78673333,12.99118333,2578.00,
6742,,,,,2019-07-23T12:48:31Z,46.78678333,12.99090000,2575.00,
6743,,,,,2019-07-23T12:48:32Z,46.78686667,12.99063333,2572.00,
6744,,,,,2019-07-23T12:48:33Z,46.78695000,12.99036667,2570.00,
6745,,,,,2019-07-23T12:48:34Z,46.78701667,12.99010000,2568.00,
6746,,,,,2019-07-23T12:48:35Z,46.78708333,12.98981667,2566.00,
6747,,,,,2019-07-23T12:48:36Z,46.78711667,12.98955000,2565.00,
6748,,,,,2019-07-23T12:48:37Z,46.78716667,12.98926667,2562.00,
6749,,,,,2019-07-23T12:48:38Z,46.78721667,12.98901667,2558.00,
6750,,,,,2019-07-23T12:48:39Z,46.78726667,12.98875000,2555.00,
6751,,,,,2019-07-23T12:48:40Z,46.78733333,12.98850000,2553.00,
6752,,,,,2019-07-23T12:48:41Z,46.78741667,12.98823333,2552.00,
6753,,,,,2019-07-23T12:48:42Z,46.78748333,12.98798333,2549.00,
6754,,,,,2019-07-23T12:48:43Z,46.78756667,12.98771667,2547.00,
6755,,,,,2019-07-23T12:48:44Z,46.78765000,12.98743333,2545.00,
6756,,,,,2019-07-23T12:48:45Z,46.78775000,12.98716667,2544.00,
6757,,,,,2019-07-23T12:48:46Z,46.78783333,12.98690000,2542.00,
6758,,,,,2019-07-23T12:48:47Z,46.78791667,12.98663333,2541.00,
6759,,,,,2019-07-23T12:48:48Z,46.78800000,12.98638333,2538.00,
6760,,,,,2019-07-23T12:48:49Z,46.78808333,12.98611667,2535.00,
6761,,,,,2019-07-23T12:48:50Z,46.78815000,12.98586667,2535.00,
6762,,,,,2019-07-23T12:48:51Z,46.78820000,12.98558333,2533.00,
6763,,,,,2019-07-23T12:48:52Z,46.78825000,12.98530000,2529.00,
6764,,,,,2019-07-23T12:48:53Z,46.78828333,12.98500000,2523.00,
6765,,,,,2019-07-23T12:48:54Z,46.78833333,12.98471667,2521.00,
6766,,,,,2019-07-23T12:48:55Z,46.78836667,12.98441667,2519.00,
6767,,,,,2019-07-23T12:48:56Z,46.78841667,12.98411667,2516.00,
6768,,,,,2019-07-23T12:48:57Z,46.78845000,12.98381667,2513.00,
6769,,,,,2019-07-23T12:48:58Z,46.78850000,12.98355000,2511.00,
6770,,,,,2019-07-23T12:48:59Z,46.78855000,12.98328333,2507.00,
6771,,,,,2019-07-23T12:49:00Z,46.78860000,12.98303333,2508.00,
6772,,,,,2019-07-23T12:49:01Z,46.78863333,12.98278333,2508.00,
6773,,,,,2019-07-23T12:49:02Z,46.78865000,12.98251667,2508.00,
6774,,,,,2019-07-23T12:49:03Z,46.78866667,12.98225000,2508.00,
6775,,,,,2019-07-23T12:49:04Z,46.78868333,12.98196667,2508.00,
6776,,,,,2019-07-23T12:49:05Z,46.78871667,12.98170000,2508.00,
6777,,,,,2019-07-23T12:49:06Z,46.78876667,12.98145000,2506.00,
6778,,,,,2019-07-23T12:49:07Z,46.78881667,12.98120000,2503.00,
6779,,,,,2019-07-23T12:49:08Z,46.78888333,12.98095000,2500.00,
6780,,,,,2019-07-23T12:49:09Z,46.78893333,12.98071667,2500.00,
6781,,,,,2019-07-23T12:49:10Z,46.78896667,12.98046667,2500.00,
6782,,,,,2019-07-23T12:49:11Z,46.78898333,12.98021667,2498.00,
6783,,,,,2019-07-23T12:49:12Z,46.78901667,12.97996667,2495.00,
6784,,,,,2019-07-23T12:49:13Z,46.78906667,12.97973333,2492.00,
6785,,,,,2019-07-23T12:49:14Z,46.78913333,12.97948333,2487.00,
6786,,,,,2019-07-23T12:49:15Z,46.78920000,12.97923333,2485.00,
6787,,,,,2019-07-23T12:49:16Z,46.78925000,12.97896667,2483.00,
6788,,,,,2019-07-23T12:49:17Z,46.78930000,12.97870000,2480.00,
6789,,,,,2019-07-23T12:49:18Z,46.78935000,12.97845000,2478.00,
6790,,,,,2019-07-23T12:49:19Z,46.78941667,12.97821667,2477.00,
6791,,,,,2019-07-23T12:49:20Z,46.78946667,12.97798333,2477.00,
6792,,,,,2019-07-23T12:49:21Z,46.78953333,12.97775000,2479.00,
6793,,,,,2019-07-23T12:49:22Z,46.78960000,12.97751667,2478.00,
6794,,,,,2019-07-23T12:49:23Z,46.78966667,12.97728333,2478.00,
6795,,,,,2019-07-23T12:49:24Z,46.78973333,12.97705000,2476.00,
6796,,,,,2019-07-23T12:49:25Z,46.78981667,12.97681667,2475.00,
6797,,,,,2019-07-23T12:49:26Z,46.78988333,12.97658333,2475.00,
6798,,,,,2019-07-23T12:49:27Z,46.78995000,12.97635000,2476.00,
6799,,,,,2019-07-23T12:49:28Z,46.79001667,12.97613333,2477.00,
6800,,,,,2019-07-23T12:49:29Z,46.79006667,12.97591667,2479.00,
6801,,,,,2019-07-23T12:49:30Z,46.79013333,12.97568333,2481.00,
6802,,,,,2019-07-23T12:49:31Z,46.79021667,12.97546667,2481.00,
6803,,,,,2019-07-23T12:49:32Z,46.79030000,12.97521667,2481.00,
6804,,,,,2019-07-23T12:49:33Z,46.79036667,12.97496667,2481.00,
6805,,,,,2019-07-23T12:49:34Z,46.79041667,12.97473333,2482.00,
6806,,,,,2019-07-23T12:49:35Z,46.79046667,12.97448333,2483.00,
6807,,,,,2019-07-23T12:49:36Z,46.79051667,12.97425000,2484.00,
6808,,,,,2019-07-23T12:49:37Z,46.79055000,12.97401667,2483.00,
6809,,,,,2019-07-23T12:49:38Z,46.79058333,12.97376667,2483.00,
6810,,,,,2019-07-23T12:49:39Z,46.79061667,12.97350000,2483.00,
6811,,,,,2019-07-23T12:49:40Z,46.79063333,12.97323333,2483.00,
6812,,,,,2019-07-23T12:49:41Z,46.79066667,12.97295000,2482.00,
6813,,,,,2019-07-23T12:49:42Z,46.79070000,12.97268333,2480.00,
6814,,,,,2019-07-23T12:49:43Z,46.79073333,12.97243333,2480.00,
6815,,,,,2019-07-23T12:49:44Z,46.79076667,12.97220000,2480.00,
6816,,,,,2019-07-23T12:49:45Z,46.79081667,12.97198333,2480.00,
6817,,,,,2019-07-23T12:49:46Z,46.79086667,12.97175000,2481.00,
6818,,,,,2019-07-23T12:49:47Z,46.79091667,12.97153333,2485.00,
6819,,,,,2019-07-23T12:49:48Z,46.79098333,12.97131667,2486.00,
6820,,,,,2019-07-23T12:49:49Z,46.79105000,12.97108333,2487.00,
6821,,,,,2019-07-23T12:49:50Z,46.79111667,12.97085000,2488.00,
6822,,,,,2019-07-23T12:49:51Z,46.79116667,12.97063333,2490.00,
6823,,,,,2019-07-23T12:49:52Z,46.79121667,12.97043333,2492.00,
6824,,,,,2019-07-23T12:49:53Z,46.79126667,12.97023333,2495.00,
6825,,,,,2019-07-23T12:49:54Z,46.79131667,12.97005000,2500.00,
6826,,,,,2019-07-23T12:49:55Z,46.79135000,12.96986667,2504.00,
6827,,,,,2019-07-23T12:49:56Z,46.79140000,12.96970000,2508.00,
6828,,,,,2019-07-23T12:49:57Z,46.79145000,12.96951667,2511.00,
6829,,,,,2019-07-23T12:49:58Z,46.79151667,12.96933333,2512.00,
6830,,,,,2019-07-23T12:49:59Z,46.79158333,12.96915000,2514.00,
6831,,,,,2019-07-23T12:50:00Z,46.79165000,12.96896667,2517.00,
6832,,,,,2019-07-23T12:50:01Z,46.79171667,12.96878333,2521.00,
6833,,,,,2019-07-23T12:50:02Z,46.79178333,12.96856667,2523.00,
6834,,,,,2019-07-23T12:50:03Z,46.79183333,12.96836667,2524.00,
6835,,,,,2019-07-23T12:50:04Z,46.79190000,12.96816667,2525.00,
6836,,,,,2019-07-23T12:50:05Z,46.79195000,12.96796667,2526.00,
6837,,,,,2019-07-23T12:50:06Z,46.79200000,12.96776667,2529.00,
6838,,,,,2019-07-23T12:50:07Z,46.79205000,12.96756667,2530.00,
6839,,,,,2019-07-23T12:50:08Z,46.79208333,12.96736667,2532.00,
6840,,,,,2019-07-23T12:50:09Z,46.79211667,12.96715000,2532.00,
6841,,,,,2019-07-23T12:50:10Z,46.79213333,12.96691667,2532.00,
6842,,,,,2019-07-23T12:50:11Z,46.79215000,12.96670000,2532.00,
6843,,,,,2019-07-23T12:50:12Z,46.79213333,12.96646667,2536.00,
6844,,,,,2019-07-23T12:50:13Z,46.79211667,12.96623333,2537.00,
6845,,,,,2019-07-23T12:50:14Z,46.79208333,12.96600000,2541.00,
6846,,,,,2019-07-23T12:50:15Z,46.79206667,12.96575000,2542.00,
6847,,,,,2019-07-23T12:50:16Z,46.79205000,12.96550000,2542.00,
6848,,,,,2019-07-23T12:50:17Z,46.79205000,12.96526667,2541.00,
6849,,,,,2019-07-23T12:50:18Z,46.79205000,12.96501667,2541.00,
6850,,,,,2019-07-23T12:50:19Z,46.79203333,12.96478333,2542.00,
6851,,,,,2019-07-23T12:50:20Z,46.79203333,12.96453333,2545.00,
6852,,,,,2019-07-23T12:50:21Z,46.79203333,12.96428333,2547.00,
6853,,,,,2019-07-23T12:50:22Z,46.79201667,12.96400000,2549.00,
6854,,,,,2019-07-23T12:50:23Z,46.79200000,12.96373333,2552.00,
6855,,,,,2019-07-23T12:50:24Z,46.79196667,12.96345000,2557.00,
6856,,,,,2019-07-23T12:50:25Z,46.79195000,12.96318333,2560.00,
6857,,,,,2019-07-23T12:50:26Z,46.79195000,12.96293333,2559.00,
6858,,,,,2019-07-23T12:50:27Z,46.79195000,12.96270000,2563.00,
6859,,,,,2019-07-23T12:50:28Z,46.79196667,12.96245000,2566.00,
6860,,,,,2019-07-23T12:50:29Z,46.79198333,12.96221667,2569.00,
6861,,,,,2019-07-23T12:50:30Z,46.79198333,12.96198333,2571.00,
6862,,,,,2019-07-23T12:50:31Z,46.79201667,12.96173333,2572.00,
6863,,,,,2019-07-23T12:50:32Z,46.79203333,12.96148333,2572.00,
6864,,,,,2019-07-23T12:50:33Z,46.79208333,12.96123333,2573.00,
6865,,,,,2019-07-23T12:50:34Z,46.79213333,12.96098333,2574.00,
6866,,,,,2019-07-23T12:50:35Z,46.79220000,12.96075000,2574.00,
6867,,,,,2019-07-23T12:50:36Z,46.79226667,12.96050000,2576.00,
6868,,,,,2019-07-23T12:50:37Z,46.79233333,12.96028333,2576.00,
6869,,,,,2019-07-23T12:50:38Z,46.79243333,12.96008333,2578.00,
6870,,,,,2019-07-23T12:50:39Z,46.79253333,12.95990000,2578.00,
6871,,,,,2019-07-23T12:50:40Z,46.79266667,12.95971667,2577.00,
6872,,,,,2019-07-23T12:50:41Z,46.79280000,12.95953333,2576.00,
6873,,,,,2019-07-23T12:50:42Z,46.79293333,12.95935000,2575.00,
6874,,,,,2019-07-23T12:50:43Z,46.79308333,12.95918333,2573.00,
6875,,,,,2019-07-23T12:50:44Z,46.79321667,12.95900000,2573.00,
6876,,,,,2019-07-23T12:50:45Z,46.79335000,12.95883333,2571.00,
6877,,,,,2019-07-23T12:50:46Z,46.79348333,12.95865000,2572.00,
6878,,,,,2019-07-23T12:50:47Z,46.79360000,12.95848333,2573.00,
6879,,,,,2019-07-23T12:50:48Z,46.79371667,12.95830000,2572.00,
6880,,,,,2019-07-23T12:50:49Z,46.79385000,12.95813333,2573.00,
6881,,,,,2019-07-23T12:50:50Z,46.79398333,12.95796667,2574.00,
6882,,,,,2019-07-23T12:50:51Z,46.79410000,12.95780000,2573.00,
6883,,,,,2019-07-23T12:50:52Z,46.79423333,12.95766667,2574.00,
6884,,,,,2019-07-23T12:50:53Z,46.79438333,12.95751667,2573.00,
6885,,,,,2019-07-23T12:50:54Z,46.79451667,12.95736667,2572.00,
6886,,,,,2019-07-23T12:50:55Z,46.79466667,12.95723333,2569.00,
6887,,,,,2019-07-23T12:50:56Z,46.79481667,12.95710000,2568.00,
6888,,,,,2019-07-23T12:50:57Z,46.79495000,12.95696667,2567.00,
6889,,,,,2019-07-23T12:50:58Z,46.79510000,12.95685000,2569.00,
6890,,,,,2019-07-23T12:50:59Z,46.79523333,12.95671667,2569.00,
6891,,,,,2019-07-23T12:51:00Z,46.79536667,12.95658333,2569.00,
6892,,,,,2019-07-23T12:51:01Z,46.79550000,12.95645000,2568.00,
6893,,,,,2019-07-23T12:51:02Z,46.79565000,12.95631667,2569.00,
6894,,,,,2019-07-23T12:51:03Z,46.79580000,12.95618333,2569.00,
6895,,,,,2019-07-23T12:51:04Z,46.79595000,12.95606667,2566.00,
6896,,,,,2019-07-23T12:51:05Z,46.79610000,12.95595000,2565.00,
6897,,,,,2019-07-23T12:51:06Z,46.79626667,12.95583333,2565.00,
6898,,,,,2019-07-23T12:51:07Z,46.79643333,12.95571667,2565.00,
6899,,,,,2019-07-23T12:51:08Z,46.79658333,12.95561667,2562.00,
6900,,,,,2019-07-23T12:51:09Z,46.79673333,12.95551667,2561.00,
6901,,,,,2019-07-23T12:51:10Z,46.79688333,12.95541667,2563.00,
6902,,,,,2019-07-23T12:51:11Z,46.79701667,12.95531667,2563.00,
6903,,,,,2019-07-23T12:51:12Z,46.79715000,12.95520000,2564.00,
6904,,,,,2019-07-23T12:51:13Z,46.79725000,12.95510000,2565.00,
6905,,,,,2019-07-23T12:51:14Z,46.79736667,12.95498333,2568.00,
6906,,,,,2019-07-23T12:51:15Z,46.79745000,12.95481667,2571.00,
6907,,,,,2019-07-23T12:51:16Z,46.79753333,12.95465000,2572.00,
6908,,,,,2019-07-23T12:51:17Z,46.79761667,12.95445000,2574.00,
6909,,,,,2019-07-23T12:51:18Z,46.79770000,12.95428333,2575.00,
6910,,,,,2019-07-23T12:51:19Z,46.79778333,12.95411667,2576.00,
6911,,,,,2019-07-23T12:51:20Z,46.79788333,12.95396667,2577.00,
6912,,,,,2019-07-23T12:51:21Z,46.79800000,12.95383333,2578.00,
6913,,,,,2019-07-23T12:51:22Z,46.79811667,12.95373333,2580.00,
6914,,,,,2019-07-23T12:51:23Z,46.79823333,12.95368333,2582.00,
6915,,,,,2019-07-23T12:51:24Z,46.79836667,12.95365000,2586.00,
6916,,,,,2019-07-23T12:51:25Z,46.79850000,12.95368333,2589.00,
6917,,,,,2019-07-23T12:51:26Z,46.79861667,12.95376667,2590.00,
6918,,,,,2019-07-23T12:51:27Z,46.79873333,12.95388333,2591.00,
6919,,,,,2019-07-23T12:51:28Z,46.79881667,12.95403333,2595.00,
6920,,,,,2019-07-23T12:51:29Z,46.79886667,12.95421667,2599.00,
6921,,,,,2019-07-23T12:51:30Z,46.79888333,12.95443333,2602.00,
6922,,,,,2019-07-23T12:51:31Z,46.79883333,12.95466667,2604.00,
6923,,,,,2019-07-23T12:51:32Z,46.79873333,12.95486667,2605.00,
6924,,,,,2019-07-23T12:51:33Z,46.79858333,12.95501667,2606.00,
6925,,,,,2019-07-23T12:51:34Z,46.79840000,12.95510000,2607.00,
6926,,,,,2019-07-23T12:51:35Z,46.79821667,12.95508333,2607.00,
6927,,,,,2019-07-23T12:51:36Z,46.79803333,12.95496667,2608.00,
6928,,,,,2019-07-23T12:51:37Z,46.79788333,12.95480000,2609.00,
6929,,,,,2019-07-23T12:51:38Z,46.79778333,12.95458333,2609.00,
6930,,,,,2019-07-23T12:51:39Z,46.79771667,12.95433333,2609.00,
6931,,,,,2019-07-23T12:51:40Z,46.79770000,12.95408333,2610.00,
6932,,,,,2019-07-23T12:51:41Z,46.79770000,12.95383333,2613.00,
6933,,,,,2019-07-23T12:51:42Z,46.79775000,12.95358333,2614.00,
6934,,,,,2019-07-23T12:51:43Z,46.79783333,12.95336667,2615.00,
6935,,,,,2019-07-23T12:51:44Z,46.79793333,12.95316667,2617.00,
6936,,,,,2019-07-23T12:51:45Z,46.79803333,12.95300000,2619.00,
6937,,,,,2019-07-23T12:51:46Z,46.79816667,12.95285000,2621.00,
6938,,,,,2019-07-23T12:51:47Z,46.79830000,12.95273333,2624.00,
6939,,,,,2019-07-23T12:51:48Z,46.79845000,12.95266667,2627.00,
6940,,,,,2019-07-23T12:51:49Z,46.79860000,12.95268333,2629.00,
6941,,,,,2019-07-23T12:51:50Z,46.79873333,12.95278333,2629.00,
6942,,,,,2019-07-23T12:51:51Z,46.79881667,12.95293333,2632.00,
6943,,,,,2019-07-23T12:51:52Z,46.79886667,12.95311667,2636.00,
6944,,,,,2019-07-23T12:51:53Z,46.79886667,12.95333333,2637.00,
6945,,,,,2019-07-23T12:51:54Z,46.79876667,12.95355000,2639.00,
6946,,,,,2019-07-23T12:51:55Z,46.79863333,12.95371667,2640.00,
6947,,,,,2019-07-23T12:51:56Z,46.79846667,12.95380000,2641.00,
6948,,,,,2019-07-23T12:51:57Z,46.79828333,12.95383333,2641.00,
6949,,,,,2019-07-23T12:51:58Z,46.79810000,12.95378333,2643.00,
6950,,,,,2019-07-23T12:51:59Z,46.79793333,12.95368333,2643.00,
6951,,,,,2019-07-23T12:52:00Z,46.79778333,12.95353333,2646.00,
6952,,,,,2019-07-23T12:52:01Z,46.79766667,12.95335000,2647.00,
6953,,,,,2019-07-23T12:52:02Z,46.79756667,12.95313333,2649.00,
6954,,,,,2019-07-23T12:52:03Z,46.79750000,12.95288333,2649.00,
6955,,,,,2019-07-23T12:52:04Z,46.79746667,12.95261667,2651.00,
6956,,,,,2019-07-23T12:52:05Z,46.79746667,12.95233333,2653.00,
6957,,,,,2019-07-23T12:52:06Z,46.79750000,12.95206667,2653.00,
6958,,,,,2019-07-23T12:52:07Z,46.79755000,12.95181667,2654.00,
6959,,,,,2019-07-23T12:52:08Z,46.79763333,12.95160000,2654.00,
6960,,,,,2019-07-23T12:52:09Z,46.79773333,12.95143333,2656.00,
6961,,,,,2019-07-23T12:52:10Z,46.79783333,12.95130000,2657.00,
6962,,,,,2019-07-23T12:52:11Z,46.79793333,12.95118333,2659.00,
6963,,,,,2019-07-23T12:52:12Z,46.79801667,12.95108333,2662.00,
6964,,,,,2019-07-23T12:52:13Z,46.79811667,12.95100000,2666.00,
6965,,,,,2019-07-23T12:52:14Z,46.79820000,12.95093333,2669.00,
6966,,,,,2019-07-23T12:52:15Z,46.79831667,12.95086667,2670.00,
6967,,,,,2019-07-23T12:52:16Z,46.79843333,12.95080000,2670.00,
6968,,,,,2019-07-23T12:52:17Z,46.79856667,12.95071667,2667.00,
6969,,,,,2019-07-23T12:52:18Z,46.79870000,12.95065000,2663.00,
6970,,,,,2019-07-23T12:52:19Z,46.79883333,12.95055000,2661.00,
6971,,,,,2019-07-23T12:52:20Z,46.79896667,12.95041667,2660.00,
6972,,,,,2019-07-23T12:52:21Z,46.79908333,12.95028333,2660.00,
6973,,,,,2019-07-23T12:52:22Z,46.79920000,12.95013333,2655.00,
6974,,,,,2019-07-23T12:52:23Z,46.79931667,12.94996667,2655.00,
6975,,,,,2019-07-23T12:52:24Z,46.79941667,12.94980000,2654.00,
6976,,,,,2019-07-23T12:52:25Z,46.79953333,12.94961667,2653.00,
6977,,,,,2019-07-23T12:52:26Z,46.79963333,12.94943333,2651.00,
6978,,,,,2019-07-23T12:52:27Z,46.79975000,12.94925000,2649.00,
6979,,,,,2019-07-23T12:52:28Z,46.79986667,12.94906667,2647.00,
6980,,,,,2019-07-23T12:52:29Z,46.79998333,12.94890000,2644.00,
6981,,,,,2019-07-23T12:52:30Z,46.80010000,12.94873333,2643.00,
6982,,,,,2019-07-23T12:52:31Z,46.80021667,12.94856667,2641.00,
6983,,,,,2019-07-23T12:52:32Z,46.80031667,12.94841667,2640.00,
6984,,,,,2019-07-23T12:52:33Z,46.80043333,12.94826667,2639.00,
6985,,,,,2019-07-23T12:52:34Z,46.80053333,12.94810000,2637.00,
6986,,,,,2019-07-23T12:52:35Z,46.80063333,12.94795000,2636.00,
6987,,,,,2019-07-23T12:52:36Z,46.80075000,12.94778333,2634.00,
6988,,,,,2019-07-23T12:52:37Z,46.80085000,12.94761667,2633.00,
6989,,,,,2019-07-23T12:52:38Z,46.80095000,12.94745000,2632.00,
6990,,,,,2019-07-23T12:52:39Z,46.80105000,12.94728333,2631.00,
6991,,,,,2019-07-23T12:52:40Z,46.80116667,12.94711667,2629.00,
6992,,,,,2019-07-23T12:52:41Z,46.80126667,12.94693333,2627.00,
6993,,,,,2019-07-23T12:52:42Z,46.80140000,12.94678333,2625.00,
6994,,,,,2019-07-23T12:52:43Z,46.80151667,12.94661667,2623.00,
6995,,,,,2019-07-23T12:52:44Z,46.80165000,12.94646667,2621.00,
6996,,,,,2019-07-23T12:52:45Z,46.80178333,12.94631667,2618.00,
6997,,,,,2019-07-23T12:52:46Z,46.80191667,12.94616667,2616.00,
6998,,,,,2019-07-23T12:52:47Z,46.80205000,12.94601667,2613.00,
6999,,,,,2019-07-23T12:52:48Z,46.80216667,12.94588333,2611.00,
7000,,,,,2019-07-23T12:52:49Z,46.80228333,12.94573333,2608.00,
7001,,,,,2019-07-23T12:52:50Z,46.80241667,12.94556667,2607.00,
7002,,,,,2019-07-23T12:52:51Z,46.80253333,12.94538333,2604.00,
7003,,,,,2019-07-23T12:52:52Z,46.80265000,12.94520000,2601.00,
7004,,,,,2019-07-23T12:52:53Z,46.80276667,12.94501667,2599.00,
7005,,,,,2019-07-23T12:52:54Z,46.80288333,12.94481667,2599.00,
7006,,,,,2019-07-23T12:52:55Z,46.80300000,12.94460000,2598.00,
7007,,,,,2019-07-23T12:52:56Z,46.80313333,12.94441667,2597.00,
7008,,,,,2019-07-23T12:52:57Z,46.80326667,12.94423333,2595.00,
7009,,,,,2019-07-23T12:52:58Z,46.80340000,12.94406667,2593.00,
7010,,,,,2019-07-23T12:52:59Z,46.80355000,12.94391667,2593.00,
7011,,,,,2019-07-23T12:53:00Z,46.80366667,12.94375000,2593.00,
7012,,,,,2019-07-23T12:53:01Z,46.80380000,12.94358333,2593.00,
7013,,,,,2019-07-23T12:53:02Z,46.80393333,12.94340000,2592.00,
7014,,,,,2019-07-23T12:53:03Z,46.80406667,12.94323333,2592.00,
7015,,,,,2019-07-23T12:53:04Z,46.80420000,12.94305000,2591.00,
7016,,,,,2019-07-23T12:53:05Z,46.80435000,12.94288333,2589.00,
7017,,,,,2019-07-23T12:53:06Z,46.80448333,12.94268333,2587.00,
7018,,,,,2019-07-23T12:53:07Z,46.80460000,12.94250000,2586.00,
7019,,,,,2019-07-23T12:53:08Z,46.80473333,12.94230000,2585.00,
7020,,,,,2019-07-23T12:53:09Z,46.80485000,12.94210000,2584.00,
7021,,,,,2019-07-23T12:53:10Z,46.80496667,12.94190000,2586.00,
7022,,,,,2019-07-23T12:53:11Z,46.80506667,12.94168333,2586.00,
7023,,,,,2019-07-23T12:53:12Z,46.80516667,12.94145000,2586.00,
7024,,,,,2019-07-23T12:53:13Z,46.80528333,12.94123333,2584.00,
7025,,,,,2019-07-23T12:53:14Z,46.80538333,12.94100000,2583.00,
7026,,,,,2019-07-23T12:53:15Z,46.80548333,12.94076667,2582.00,
7027,,,,,2019-07-23T12:53:16Z,46.80560000,12.94053333,2582.00,
7028,,,,,2019-07-23T12:53:17Z,46.80571667,12.94030000,2581.00,
7029,,,,,2019-07-23T12:53:18Z,46.80585000,12.94008333,2581.00,
7030,,,,,2019-07-23T12:53:19Z,46.80596667,12.93986667,2584.00,
7031,,,,,2019-07-23T12:53:20Z,46.80608333,12.93966667,2586.00,
7032,,,,,2019-07-23T12:53:21Z,46.80620000,12.93946667,2590.00,
7033,,,,,2019-07-23T12:53:22Z,46.80633333,12.93928333,2592.00,
7034,,,,,2019-07-23T12:53:23Z,46.80645000,12.93910000,2593.00,
7035,,,,,2019-07-23T12:53:24Z,46.80656667,12.93893333,2595.00,
7036,,,,,2019-07-23T12:53:25Z,46.80666667,12.93876667,2597.00,
7037,,,,,2019-07-23T12:53:26Z,46.80676667,12.93856667,2599.00,
7038,,,,,2019-07-23T12:53:27Z,46.80686667,12.93836667,2600.00,
7039,,,,,2019-07-23T12:53:28Z,46.80696667,12.93813333,2600.00,
7040,,,,,2019-07-23T12:53:29Z,46.80705000,12.93790000,2600.00,
7041,,,,,2019-07-23T12:53:30Z,46.80713333,12.93763333,2600.00,
7042,,,,,2019-07-23T12:53:31Z,46.80721667,12.93738333,2601.00,
7043,,,,,2019-07-23T12:53:32Z,46.80730000,12.93711667,2602.00,
7044,,,,,2019-07-23T12:53:33Z,46.80736667,12.93686667,2603.00,
7045,,,,,2019-07-23T12:53:34Z,46.80746667,12.93661667,2604.00,
7046,,,,,2019-07-23T12:53:35Z,46.80756667,12.93636667,2604.00,
7047,,,,,2019-07-23T12:53:36Z,46.80766667,12.93613333,2603.00,
7048,,,,,2019-07-23T12:53:37Z,46.80776667,12.93588333,2605.00,
7049,,,,,2019-07-23T12:53:38Z,46.80785000,12.93563333,2609.00,
7050,,,,,2019-07-23T12:53:39Z,46.80795000,12.93540000,2612.00,
7051,,,,,2019-07-23T12:53:40Z,46.80803333,12.93518333,2613.00,
7052,,,,,2019-07-23T12:53:41Z,46.80813333,12.93498333,2614.00,
7053,,,,,2019-07-23T12:53:42Z,46.80825000,12.93476667,2617.00,
7054,,,,,2019-07-23T12:53:43Z,46.80835000,12.93456667,2619.00,
7055,,,,,2019-07-23T12:53:44Z,46.80846667,12.93436667,2622.00,
7056,,,,,2019-07-23T12:53:45Z,46.80856667,12.93418333,2626.00,
7057,,,,,2019-07-23T12:53:46Z,46.80870000,12.93398333,2628.00,
7058,,,,,2019-07-23T12:53:47Z,46.80881667,12.93380000,2630.00,
7059,,,,,2019-07-23T12:53:48Z,46.80891667,12.93361667,2630.00,
7060,,,,,2019-07-23T12:53:49Z,46.80900000,12.93338333,2631.00,
7061,,,,,2019-07-23T12:53:50Z,46.80905000,12.93315000,2635.00,
7062,,,,,2019-07-23T12:53:51Z,46.80903333,12.93288333,2638.00,
7063,,,,,2019-07-23T12:53:52Z,46.80896667,12.93265000,2644.00,
7064,,,,,2019-07-23T12:53:53Z,46.80886667,12.93245000,2648.00,
7065,,,,,2019-07-23T12:53:54Z,46.80871667,12.93230000,2650.00,
7066,,,,,2019-07-23T12:53:55Z,46.80856667,12.93220000,2651.00,
7067,,,,,2019-07-23T12:53:56Z,46.80840000,12.93218333,2652.00,
7068,,,,,2019-07-23T12:53:57Z,46.80825000,12.93226667,2654.00,
7069,,,,,2019-07-23T12:53:58Z,46.80813333,12.93243333,2654.00,
7070,,,,,2019-07-23T12:53:59Z,46.80808333,12.93263333,2655.00,
7071,,,,,2019-07-23T12:54:00Z,46.80808333,12.93285000,2655.00,
7072,,,,,2019-07-23T12:54:01Z,46.80811667,12.93303333,2656.00,
7073,,,,,2019-07-23T12:54:02Z,46.80820000,12.93320000,2658.00,
7074,,,,,2019-07-23T12:54:03Z,46.80831667,12.93331667,2660.00,
7075,,,,,2019-07-23T12:54:04Z,46.80846667,12.93338333,2663.00,
7076,,,,,2019-07-23T12:54:05Z,46.80860000,12.93335000,2666.00,
7077,,,,,2019-07-23T12:54:06Z,46.80873333,12.93326667,2668.00,
7078,,,,,2019-07-23T12:54:07Z,46.80885000,12.93311667,2671.00,
7079,,,,,2019-07-23T12:54:08Z,46.80890000,12.93290000,2674.00,
7080,,,,,2019-07-23T12:54:09Z,46.80890000,12.93266667,2678.00,
7081,,,,,2019-07-23T12:54:10Z,46.80881667,12.93248333,2682.00,
7082,,,,,2019-07-23T12:54:11Z,46.80868333,12.93235000,2684.00,
7083,,,,,2019-07-23T12:54:12Z,46.80850000,12.93228333,2685.00,
7084,,,,,2019-07-23T12:54:13Z,46.80831667,12.93233333,2685.00,
7085,,,,,2019-07-23T12:54:14Z,46.80816667,12.93250000,2686.00,
7086,,,,,2019-07-23T12:54:15Z,46.80805000,12.93270000,2687.00,
7087,,,,,2019-07-23T12:54:16Z,46.80798333,12.93293333,2688.00,
7088,,,,,2019-07-23T12:54:17Z,46.80796667,12.93315000,2690.00,
7089,,,,,2019-07-23T12:54:18Z,46.80803333,12.93338333,2693.00,
7090,,,,,2019-07-23T12:54:19Z,46.80813333,12.93356667,2697.00,
7091,,,,,2019-07-23T12:54:20Z,46.80825000,12.93370000,2700.00,
7092,,,,,2019-07-23T12:54:21Z,46.80835000,12.93368333,2702.00,
7093,,,,,2019-07-23T12:54:22Z,46.80846667,12.93366667,2704.00,
7094,,,,,2019-07-23T12:54:23Z,46.80858333,12.93358333,2708.00,
7095,,,,,2019-07-23T12:54:24Z,46.80870000,12.93341667,2711.00,
7096,,,,,2019-07-23T12:54:25Z,46.80878333,12.93321667,2712.00,
7097,,,,,2019-07-23T12:54:26Z,46.80883333,12.93300000,2714.00,
7098,,,,,2019-07-23T12:54:27Z,46.80883333,12.93278333,2717.00,
7099,,,,,2019-07-23T12:54:28Z,46.80878333,12.93256667,2719.00,
7100,,,,,2019-07-23T12:54:29Z,46.80865000,12.93241667,2721.00,
7101,,,,,2019-07-23T12:54:30Z,46.80846667,12.93235000,2724.00,
7102,,,,,2019-07-23T12:54:31Z,46.80830000,12.93240000,2726.00,
7103,,,,,2019-07-23T12:54:32Z,46.80816667,12.93251667,2728.00,
7104,,,,,2019-07-23T12:54:33Z,46.80810000,12.93270000,2730.00,
7105,,,,,2019-07-23T12:54:34Z,46.80813333,12.93290000,2731.00,
7106,,,,,2019-07-23T12:54:35Z,46.80825000,12.93311667,2732.00,
7107,,,,,2019-07-23T12:54:36Z,46.80838333,12.93318333,2735.00,
7108,,,,,2019-07-23T12:54:37Z,46.80853333,12.93318333,2738.00,
7109,,,,,2019-07-23T12:54:38Z,46.80866667,12.93310000,2742.00,
7110,,,,,2019-07-23T12:54:39Z,46.80880000,12.93296667,2745.00,
7111,,,,,2019-07-23T12:54:40Z,46.80888333,12.93276667,2746.00,
7112,,,,,2019-07-23T12:54:41Z,46.80895000,12.93255000,2748.00,
7113,,,,,2019-07-23T12:54:42Z,46.80896667,12.93231667,2751.00,
7114,,,,,2019-07-23T12:54:43Z,46.80893333,12.93208333,2754.00,
7115,,,,,2019-07-23T12:54:44Z,46.80886667,12.93186667,2757.00,
7116,,,,,2019-07-23T12:54:45Z,46.80873333,12.93166667,2759.00,
7117,,,,,2019-07-23T12:54:46Z,46.80856667,12.93151667,2761.00,
7118,,,,,2019-07-23T12:54:47Z,46.80841667,12.93145000,2763.00,
7119,,,,,2019-07-23T12:54:48Z,46.80826667,12.93148333,2765.00,
7120,,,,,2019-07-23T12:54:49Z,46.80811667,12.93153333,2767.00,
7121,,,,,2019-07-23T12:54:50Z,46.80798333,12.93163333,2767.00,
7122,,,,,2019-07-23T12:54:51Z,46.80786667,12.93181667,2769.00,
7123,,,,,2019-07-23T12:54:52Z,46.80786667,12.93196667,2770.00,
7124,,,,,2019-07-23T12:54:53Z,46.80803333,12.93211667,2772.00,
7125,,,,,2019-07-23T12:54:54Z,46.80811667,12.93221667,2772.00,
7126,,,,,2019-07-23T12:54:55Z,46.80825000,12.93223333,2770.00,
7127,,,,,2019-07-23T12:54:56Z,46.80840000,12.93215000,2774.00,
7128,,,,,2019-07-23T12:54:57Z,46.80851667,12.93196667,2776.00,
7129,,,,,2019-07-23T12:54:58Z,46.80858333,12.93176667,2777.00,
7130,,,,,2019-07-23T12:54:59Z,46.80856667,12.93155000,2779.00,
7131,,,,,2019-07-23T12:55:00Z,46.80851667,12.93126667,2781.00,
7132,,,,,2019-07-23T12:55:01Z,46.80848333,12.93106667,2783.00,
7133,,,,,2019-07-23T12:55:02Z,46.80840000,12.93093333,2785.00,
7134,,,,,2019-07-23T12:55:03Z,46.80830000,12.93085000,2788.00,
7135,,,,,2019-07-23T12:55:04Z,46.80806667,12.93075000,2790.00,
7136,,,,,2019-07-23T12:55:05Z,46.80790000,12.93070000,2791.00,
7137,,,,,2019-07-23T12:55:06Z,46.80775000,12.93073333,2793.00,
7138,,,,,2019-07-23T12:55:07Z,46.80761667,12.93081667,2795.00,
7139,,,,,2019-07-23T12:55:08Z,46.80746667,12.93096667,2795.00,
7140,,,,,2019-07-23T12:55:09Z,46.80741667,12.93113333,2796.00,
7141,,,,,2019-07-23T12:55:10Z,46.80745000,12.93140000,2797.00,
7142,,,,,2019-07-23T12:55:11Z,46.80746667,12.93156667,2797.00,
7143,,,,,2019-07-23T12:55:12Z,46.80751667,12.93171667,2799.00,
7144,,,,,2019-07-23T12:55:13Z,46.80765000,12.93176667,2800.00,
7145,,,,,2019-07-23T12:55:14Z,46.80776667,12.93170000,2802.00,
7146,,,,,2019-07-23T12:55:15Z,46.80788333,12.93156667,2804.00,
7147,,,,,2019-07-23T12:55:16Z,46.80798333,12.93135000,2805.00,
7148,,,,,2019-07-23T12:55:17Z,46.80805000,12.93110000,2807.00,
7149,,,,,2019-07-23T12:55:18Z,46.80808333,12.93085000,2808.00,
7150,,,,,2019-07-23T12:55:19Z,46.80806667,12.93060000,2809.00,
7151,,,,,2019-07-23T12:55:20Z,46.80800000,12.93031667,2810.00,
7152,,,,,2019-07-23T12:55:21Z,46.80788333,12.93005000,2811.00,
7153,,,,,2019-07-23T12:55:22Z,46.80773333,12.92978333,2813.00,
7154,,,,,2019-07-23T12:55:23Z,46.80758333,12.92953333,2813.00,
7155,,,,,2019-07-23T12:55:24Z,46.80745000,12.92930000,2815.00,
7156,,,,,2019-07-23T12:55:25Z,46.80731667,12.92911667,2816.00,
7157,,,,,2019-07-23T12:55:26Z,46.80716667,12.92896667,2816.00,
7158,,,,,2019-07-23T12:55:27Z,46.80703333,12.92886667,2817.00,
7159,,,,,2019-07-23T12:55:28Z,46.80688333,12.92880000,2819.00,
7160,,,,,2019-07-23T12:55:29Z,46.80673333,12.92878333,2819.00,
7161,,,,,2019-07-23T12:55:30Z,46.80658333,12.92881667,2819.00,
7162,,,,,2019-07-23T12:55:31Z,46.80646667,12.92890000,2820.00,
7163,,,,,2019-07-23T12:55:32Z,46.80635000,12.92903333,2820.00,
7164,,,,,2019-07-23T12:55:33Z,46.80630000,12.92921667,2819.00,
7165,,,,,2019-07-23T12:55:34Z,46.80623333,12.92936667,2819.00,
7166,,,,,2019-07-23T12:55:35Z,46.80616667,12.92953333,2819.00,
7167,,,,,2019-07-23T12:55:36Z,46.80610000,12.92970000,2818.00,
7168,,,,,2019-07-23T12:55:37Z,46.80605000,12.92986667,2817.00,
7169,,,,,2019-07-23T12:55:38Z,46.80601667,12.93005000,2816.00,
7170,,,,,2019-07-23T12:55:39Z,46.80600000,12.93023333,2817.00,
7171,,,,,2019-07-23T12:55:40Z,46.80600000,12.93041667,2818.00,
7172,,,,,2019-07-23T12:55:41Z,46.80603333,12.93063333,2819.00,
7173,,,,,2019-07-23T12:55:42Z,46.80610000,12.93083333,2819.00,
7174,,,,,2019-07-23T12:55:43Z,46.80616667,12.93103333,2817.00,
7175,,,,,2019-07-23T12:55:44Z,46.80625000,12.93123333,2818.00,
7176,,,,,2019-07-23T12:55:45Z,46.80635000,12.93141667,2818.00,
7177,,,,,2019-07-23T12:55:46Z,46.80643333,12.93161667,2818.00,
7178,,,,,2019-07-23T12:55:47Z,46.80653333,12.93178333,2818.00,
7179,,,,,2019-07-23T12:55:48Z,46.80661667,12.93195000,2819.00,
7180,,,,,2019-07-23T12:55:49Z,46.80671667,12.93211667,2821.00,
7181,,,,,2019-07-23T12:55:50Z,46.80680000,12.93228333,2823.00,
7182,,,,,2019-07-23T12:55:51Z,46.80688333,12.93245000,2825.00,
7183,,,,,2019-07-23T12:55:52Z,46.80696667,12.93260000,2827.00,
7184,,,,,2019-07-23T12:55:53Z,46.80706667,12.93273333,2829.00,
7185,,,,,2019-07-23T12:55:54Z,46.80715000,12.93286667,2831.00,
7186,,,,,2019-07-23T12:55:55Z,46.80725000,12.93296667,2833.00,
7187,,,,,2019-07-23T12:55:56Z,46.80736667,12.93305000,2835.00,
7188,,,,,2019-07-23T12:55:57Z,46.80748333,12.93311667,2836.00,
7189,,,,,2019-07-23T12:55:58Z,46.80761667,12.93313333,2838.00,
7190,,,,,2019-07-23T12:55:59Z,46.80776667,12.93311667,2839.00,
7191,,,,,2019-07-23T12:56:00Z,46.80791667,12.93308333,2838.00,
7192,,,,,2019-07-23T12:56:01Z,46.80806667,12.93303333,2839.00,
7193,,,,,2019-07-23T12:56:02Z,46.80823333,12.93300000,2842.00,
7194,,,,,2019-07-23T12:56:03Z,46.80838333,12.93296667,2845.00,
7195,,,,,2019-07-23T12:56:04Z,46.80853333,12.93293333,2847.00,
7196,,,,,2019-07-23T12:56:05Z,46.80866667,12.93290000,2849.00,
7197,,,,,2019-07-23T12:56:06Z,46.80878333,12.93285000,2852.00,
7198,,,,,2019-07-23T12:56:07Z,46.80890000,12.93280000,2855.00,
7199,,,,,2019-07-23T12:56:08Z,46.80900000,12.93271667,2858.00,
7200,,,,,2019-07-23T12:56:09Z,46.80910000,12.93261667,2860.00,
7201,,,,,2019-07-23T12:56:10Z,46.80916667,12.93248333,2862.00,
7202,,,,,2019-07-23T12:56:11Z,46.80923333,12.93235000,2866.00,
7203,,,,,2019-07-23T12:56:12Z,46.80933333,12.93225000,2866.00,
7204,,,,,2019-07-23T12:56:13Z,46.80945000,12.93213333,2866.00,
7205,,,,,2019-07-23T12:56:14Z,46.80956667,12.93205000,2865.00,
7206,,,,,2019-07-23T12:56:15Z,46.80970000,12.93196667,2862.00,
7207,,,,,2019-07-23T12:56:16Z,46.80983333,12.93185000,2859.00,
7208,,,,,2019-07-23T12:56:17Z,46.80996667,12.93173333,2858.00,
7209,,,,,2019-07-23T12:56:18Z,46.81006667,12.93156667,2859.00,
7210,,,,,2019-07-23T12:56:19Z,46.81015000,12.93136667,2859.00,
7211,,,,,2019-07-23T12:56:20Z,46.81020000,12.93113333,2859.00,
7212,,,,,2019-07-23T12:56:21Z,46.81021667,12.93086667,2857.00,
7213,,,,,2019-07-23T12:56:22Z,46.81021667,12.93058333,2854.00,
7214,,,,,2019-07-23T12:56:23Z,46.81015000,12.93030000,2854.00,
7215,,,,,2019-07-23T12:56:24Z,46.81010000,12.93001667,2853.00,
7216,,,,,2019-07-23T12:56:25Z,46.81005000,12.92976667,2853.00,
7217,,,,,2019-07-23T12:56:26Z,46.80998333,12.92950000,2852.00,
7218,,,,,2019-07-23T12:56:27Z,46.80993333,12.92925000,2853.00,
7219,,,,,2019-07-23T12:56:28Z,46.80988333,12.92901667,2855.00,
7220,,,,,2019-07-23T12:56:29Z,46.80981667,12.92880000,2858.00,
7221,,,,,2019-07-23T12:56:30Z,46.80975000,12.92858333,2859.00,
7222,,,,,2019-07-23T12:56:31Z,46.80966667,12.92836667,2862.00,
7223,,,,,2019-07-23T12:56:32Z,46.80958333,12.92818333,2865.00,
7224,,,,,2019-07-23T12:56:33Z,46.80946667,12.92801667,2868.00,
7225,,,,,2019-07-23T12:56:34Z,46.80926667,12.92786667,2870.00,
7226,,,,,2019-07-23T12:56:35Z,46.80908333,12.92775000,2871.00,
7227,,,,,2019-07-23T12:56:36Z,46.80890000,12.92768333,2869.00,
7228,,,,,2019-07-23T12:56:37Z,46.80870000,12.92763333,2868.00,
7229,,,,,2019-07-23T12:56:38Z,46.80851667,12.92760000,2869.00,
7230,,,,,2019-07-23T12:56:39Z,46.80833333,12.92760000,2872.00,
7231,,,,,2019-07-23T12:56:40Z,46.80815000,12.92761667,2874.00,
7232,,,,,2019-07-23T12:56:41Z,46.80796667,12.92765000,2877.00,
7233,,,,,2019-07-23T12:56:42Z,46.80778333,12.92770000,2878.00,
7234,,,,,2019-07-23T12:56:43Z,46.80761667,12.92776667,2878.00,
7235,,,,,2019-07-23T12:56:44Z,46.80746667,12.92783333,2880.00,
7236,,,,,2019-07-23T12:56:45Z,46.80733333,12.92793333,2882.00,
7237,,,,,2019-07-23T12:56:46Z,46.80720000,12.92805000,2885.00,
7238,,,,,2019-07-23T12:56:47Z,46.80708333,12.92821667,2887.00,
7239,,,,,2019-07-23T12:56:48Z,46.80696667,12.92836667,2887.00,
7240,,,,,2019-07-23T12:56:49Z,46.80688333,12.92853333,2886.00,
7241,,,,,2019-07-23T12:56:50Z,46.80680000,12.92870000,2887.00,
7242,,,,,2019-07-23T12:56:51Z,46.80676667,12.92886667,2890.00,
7243,,,,,2019-07-23T12:56:52Z,46.80675000,12.92905000,2893.00,
7244,,,,,2019-07-23T12:56:53Z,46.80676667,12.92920000,2897.00,
7245,,,,,2019-07-23T12:56:54Z,46.80678333,12.92935000,2899.00,
7246,,,,,2019-07-23T12:56:55Z,46.80686667,12.92945000,2904.00,
7247,,,,,2019-07-23T12:56:56Z,46.80695000,12.92951667,2908.00,
7248,,,,,2019-07-23T12:56:57Z,46.80705000,12.92950000,2911.00,
7249,,,,,2019-07-23T12:56:58Z,46.80716667,12.92943333,2913.00,
7250,,,,,2019-07-23T12:56:59Z,46.80726667,12.92925000,2913.00,
7251,,,,,2019-07-23T12:57:00Z,46.80733333,12.92903333,2915.00,
7252,,,,,2019-07-23T12:57:01Z,46.80735000,12.92876667,2916.00,
7253,,,,,2019-07-23T12:57:02Z,46.80731667,12.92851667,2917.00,
7254,,,,,2019-07-23T12:57:03Z,46.80725000,12.92828333,2918.00,
7255,,,,,2019-07-23T12:57:04Z,46.80715000,12.92806667,2920.00,
7256,,,,,2019-07-23T12:57:05Z,46.80701667,12.92788333,2921.00,
7257,,,,,2019-07-23T12:57:06Z,46.80686667,12.92775000,2923.00,
7258,,,,,2019-07-23T12:57:07Z,46.80668333,12.92766667,2923.00,
7259,,,,,2019-07-23T12:57:08Z,46.80650000,12.92763333,2926.00,
7260,,,,,2019-07-23T12:57:09Z,46.80631667,12.92765000,2926.00,
7261,,,,,2019-07-23T12:57:10Z,46.80615000,12.92770000,2928.00,
7262,,,,,2019-07-23T12:57:11Z,46.80600000,12.92778333,2931.00,
7263,,,,,2019-07-23T12:57:12Z,46.80590000,12.92791667,2934.00,
7264,,,,,2019-07-23T12:57:13Z,46.80583333,12.92806667,2936.00,
7265,,,,,2019-07-23T12:57:14Z,46.80581667,12.92823333,2937.00,
7266,,,,,2019-07-23T12:57:15Z,46.80583333,12.92841667,2938.00,
7267,,,,,2019-07-23T12:57:16Z,46.80591667,12.92858333,2939.00,
7268,,,,,2019-07-23T12:57:17Z,46.80601667,12.92870000,2941.00,
7269,,,,,2019-07-23T12:57:18Z,46.80613333,12.92880000,2943.00,
7270,,,,,2019-07-23T12:57:19Z,46.80625000,12.92883333,2945.00,
7271,,,,,2019-07-23T12:57:20Z,46.80636667,12.92881667,2949.00,
7272,,,,,2019-07-23T12:57:21Z,46.80650000,12.92876667,2952.00,
7273,,,,,2019-07-23T12:57:22Z,46.80661667,12.92863333,2955.00,
7274,,,,,2019-07-23T12:57:23Z,46.80671667,12.92845000,2957.00,
7275,,,,,2019-07-23T12:57:24Z,46.80678333,12.92825000,2957.00,
7276,,,,,2019-07-23T12:57:25Z,46.80681667,12.92801667,2958.00,
7277,,,,,2019-07-23T12:57:26Z,46.80683333,12.92778333,2960.00,
7278,,,,,2019-07-23T12:57:27Z,46.80680000,12.92755000,2962.00,
7279,,,,,2019-07-23T12:57:28Z,46.80673333,12.92731667,2964.00,
7280,,,,,2019-07-23T12:57:29Z,46.80663333,12.92713333,2965.00,
7281,,,,,2019-07-23T12:57:30Z,46.80648333,12.92696667,2963.00,
7282,,,,,2019-07-23T12:57:31Z,46.80631667,12.92685000,2964.00,
7283,,,,,2019-07-23T12:57:32Z,46.80611667,12.92680000,2966.00,
7284,,,,,2019-07-23T12:57:33Z,46.80595000,12.92681667,2967.00,
7285,,,,,2019-07-23T12:57:34Z,46.80578333,12.92686667,2968.00,
7286,,,,,2019-07-23T12:57:35Z,46.80563333,12.92700000,2970.00,
7287,,,,,2019-07-23T12:57:36Z,46.80553333,12.92715000,2971.00,
7288,,,,,2019-07-23T12:57:37Z,46.80545000,12.92733333,2974.00,
7289,,,,,2019-07-23T12:57:38Z,46.80541667,12.92750000,2975.00,
7290,,,,,2019-07-23T12:57:39Z,46.80540000,12.92768333,2975.00,
7291,,,,,2019-07-23T12:57:40Z,46.80543333,12.92783333,2975.00,
7292,,,,,2019-07-23T12:57:41Z,46.80548333,12.92796667,2978.00,
7293,,,,,2019-07-23T12:57:42Z,46.80556667,12.92806667,2981.00,
7294,,,,,2019-07-23T12:57:43Z,46.80568333,12.92808333,2982.00,
7295,,,,,2019-07-23T12:57:44Z,46.80581667,12.92801667,2984.00,
7296,,,,,2019-07-23T12:57:45Z,46.80593333,12.92788333,2985.00,
7297,,,,,2019-07-23T12:57:46Z,46.80601667,12.92766667,2986.00,
7298,,,,,2019-07-23T12:57:47Z,46.80608333,12.92743333,2985.00,
7299,,,,,2019-07-23T12:57:48Z,46.80613333,12.92720000,2985.00,
7300,,,,,2019-07-23T12:57:49Z,46.80616667,12.92693333,2986.00,
7301,,,,,2019-07-23T12:57:50Z,46.80616667,12.92665000,2987.00,
7302,,,,,2019-07-23T12:57:51Z,46.80615000,12.92636667,2987.00,
7303,,,,,2019-07-23T12:57:52Z,46.80613333,12.92608333,2985.00,
7304,,,,,2019-07-23T12:57:53Z,46.80611667,12.92580000,2985.00,
7305,,,,,2019-07-23T12:57:54Z,46.80610000,12.92550000,2984.00,
7306,,,,,2019-07-23T12:57:55Z,46.80610000,12.92520000,2983.00,
7307,,,,,2019-07-23T12:57:56Z,46.80611667,12.92488333,2981.00,
7308,,,,,2019-07-23T12:57:57Z,46.80616667,12.92458333,2979.00,
7309,,,,,2019-07-23T12:57:58Z,46.80621667,12.92430000,2978.00,
7310,,,,,2019-07-23T12:57:59Z,46.80628333,12.92401667,2977.00,
7311,,,,,2019-07-23T12:58:00Z,46.80633333,12.92376667,2978.00,
7312,,,,,2019-07-23T12:58:01Z,46.80640000,12.92351667,2980.00,
7313,,,,,2019-07-23T12:58:02Z,46.80643333,12.92325000,2979.00,
7314,,,,,2019-07-23T12:58:03Z,46.80648333,12.92300000,2981.00,
7315,,,,,2019-07-23T12:58:04Z,46.80653333,12.92271667,2984.00,
7316,,,,,2019-07-23T12:58:05Z,46.80658333,12.92245000,2986.00,
7317,,,,,2019-07-23T12:58:06Z,46.80665000,12.92216667,2987.00,
7318,,,,,2019-07-23T12:58:07Z,46.80673333,12.92190000,2985.00,
7319,,,,,2019-07-23T12:58:08Z,46.80681667,12.92165000,2984.00,
7320,,,,,2019-07-23T12:58:09Z,46.80693333,12.92141667,2979.00,
7321,,,,,2019-07-23T12:58:10Z,46.80703333,12.92116667,2979.00,
7322,,,,,2019-07-23T12:58:11Z,46.80715000,12.92091667,2979.00,
7323,,,,,2019-07-23T12:58:12Z,46.80723333,12.92065000,2977.00,
7324,,,,,2019-07-23T12:58:13Z,46.80731667,12.92038333,2976.00,
7325,,,,,2019-07-23T12:58:14Z,46.80738333,12.92011667,2976.00,
7326,,,,,2019-07-23T12:58:15Z,46.80745000,12.91986667,2977.00,
7327,,,,,2019-07-23T12:58:16Z,46.80750000,12.91960000,2979.00,
7328,,,,,2019-07-23T12:58:17Z,46.80756667,12.91935000,2981.00,
7329,,,,,2019-07-23T12:58:18Z,46.80763333,12.91910000,2981.00,
7330,,,,,2019-07-23T12:58:19Z,46.80770000,12.91885000,2981.00,
7331,,,,,2019-07-23T12:58:20Z,46.80776667,12.91860000,2979.00,
7332,,,,,2019-07-23T12:58:21Z,46.80785000,12.91836667,2977.00,
7333,,,,,2019-07-23T12:58:22Z,46.80791667,12.91811667,2977.00,
7334,,,,,2019-07-23T12:58:23Z,46.80800000,12.91786667,2976.00,
7335,,,,,2019-07-23T12:58:24Z,46.80810000,12.91765000,2975.00,
7336,,,,,2019-07-23T12:58:25Z,46.80818333,12.91741667,2974.00,
7337,,,,,2019-07-23T12:58:26Z,46.80826667,12.91718333,2972.00,
7338,,,,,2019-07-23T12:58:27Z,46.80836667,12.91695000,2971.00,
7339,,,,,2019-07-23T12:58:28Z,46.80845000,12.91671667,2969.00,
7340,,,,,2019-07-23T12:58:29Z,46.80853333,12.91646667,2967.00,
7341,,,,,2019-07-23T12:58:30Z,46.80861667,12.91621667,2964.00,
7342,,,,,2019-07-23T12:58:31Z,46.80871667,12.91596667,2960.00,
7343,,,,,2019-07-23T12:58:32Z,46.80881667,12.91571667,2957.00,
7344,,,,,2019-07-23T12:58:33Z,46.80891667,12.91548333,2954.00,
7345,,,,,2019-07-23T12:58:34Z,46.80903333,12.91523333,2953.00,
7346,,,,,2019-07-23T12:58:35Z,46.80913333,12.91498333,2950.00,
7347,,,,,2019-07-23T12:58:36Z,46.80923333,12.91473333,2951.00,
7348,,,,,2019-07-23T12:58:37Z,46.80933333,12.91446667,2950.00,
7349,,,,,2019-07-23T12:58:38Z,46.80943333,12.91420000,2949.00,
7350,,,,,2019-07-23T12:58:39Z,46.80955000,12.91393333,2948.00,
7351,,,,,2019-07-23T12:58:40Z,46.80966667,12.91366667,2947.00,
7352,,,,,2019-07-23T12:58:41Z,46.80976667,12.91338333,2946.00,
7353,,,,,2019-07-23T12:58:42Z,46.80986667,12.91311667,2946.00,
7354,,,,,2019-07-23T12:58:43Z,46.80993333,12.91285000,2948.00,
7355,,,,,2019-07-23T12:58:44Z,46.81001667,12.91260000,2948.00,
7356,,,,,2019-07-23T12:58:45Z,46.81008333,12.91235000,2949.00,
7357,,,,,2019-07-23T12:58:46Z,46.81016667,12.91210000,2949.00,
7358,,,,,2019-07-23T12:58:47Z,46.81023333,12.91185000,2948.00,
7359,,,,,2019-07-23T12:58:48Z,46.81031667,12.91160000,2946.00,
7360,,,,,2019-07-23T12:58:49Z,46.81040000,12.91133333,2941.00,
7361,,,,,2019-07-23T12:58:50Z,46.81046667,12.91108333,2939.00,
7362,,,,,2019-07-23T12:58:51Z,46.81053333,12.91081667,2937.00,
7363,,,,,2019-07-23T12:58:52Z,46.81058333,12.91055000,2935.00,
7364,,,,,2019-07-23T12:58:53Z,46.81065000,12.91030000,2935.00,
7365,,,,,2019-07-23T12:58:54Z,46.81068333,12.91001667,2935.00,
7366,,,,,2019-07-23T12:58:55Z,46.81070000,12.90975000,2935.00,
7367,,,,,2019-07-23T12:58:56Z,46.81073333,12.90950000,2934.00,
7368,,,,,2019-07-23T12:58:57Z,46.81076667,12.90926667,2934.00,
7369,,,,,2019-07-23T12:58:58Z,46.81080000,12.90903333,2931.00,
7370,,,,,2019-07-23T12:58:59Z,46.81085000,12.90881667,2931.00,
7371,,,,,2019-07-23T12:59:00Z,46.81090000,12.90856667,2931.00,
7372,,,,,2019-07-23T12:59:01Z,46.81096667,12.90831667,2929.00,
7373,,,,,2019-07-23T12:59:02Z,46.81103333,12.90805000,2926.00,
7374,,,,,2019-07-23T12:59:03Z,46.81110000,12.90778333,2923.00,
7375,,,,,2019-07-23T12:59:04Z,46.81113333,12.90751667,2923.00,
7376,,,,,2019-07-23T12:59:05Z,46.81116667,12.90726667,2923.00,
7377,,,,,2019-07-23T12:59:06Z,46.81120000,12.90701667,2923.00,
7378,,,,,2019-07-23T12:59:07Z,46.81121667,12.90678333,2925.00,
7379,,,,,2019-07-23T12:59:08Z,46.81123333,12.90653333,2929.00,
7380,,,,,2019-07-23T12:59:09Z,46.81126667,12.90626667,2931.00,
7381,,,,,2019-07-23T12:59:10Z,46.81128333,12.90598333,2931.00,
7382,,,,,2019-07-23T12:59:11Z,46.81131667,12.90571667,2929.00,
7383,,,,,2019-07-23T12:59:12Z,46.81138333,12.90545000,2926.00,
7384,,,,,2019-07-23T12:59:13Z,46.81143333,12.90520000,2924.00,
7385,,,,,2019-07-23T12:59:14Z,46.81150000,12.90496667,2924.00,
7386,,,,,2019-07-23T12:59:15Z,46.81156667,12.90475000,2925.00,
7387,,,,,2019-07-23T12:59:16Z,46.81161667,12.90451667,2926.00,
7388,,,,,2019-07-23T12:59:17Z,46.81166667,12.90431667,2927.00,
7389,,,,,2019-07-23T12:59:18Z,46.81173333,12.90410000,2927.00,
7390,,,,,2019-07-23T12:59:19Z,46.81180000,12.90390000,2926.00,
7391,,,,,2019-07-23T12:59:20Z,46.81186667,12.90370000,2925.00,
7392,,,,,2019-07-23T12:59:21Z,46.81195000,12.90348333,2922.00,
7393,,,,,2019-07-23T12:59:22Z,46.81201667,12.90326667,2924.00,
7394,,,,,2019-07-23T12:59:23Z,46.81206667,12.90303333,2925.00,
7395,,,,,2019-07-23T12:59:24Z,46.81213333,12.90280000,2923.00,
7396,,,,,2019-07-23T12:59:25Z,46.81218333,12.90255000,2922.00,
7397,,,,,2019-07-23T12:59:26Z,46.81221667,12.90231667,2921.00,
7398,,,,,2019-07-23T12:59:27Z,46.81226667,12.90205000,2919.00,
7399,,,,,2019-07-23T12:59:28Z,46.81231667,12.90180000,2918.00,
7400,,,,,2019-07-23T12:59:29Z,46.81236667,12.90155000,2917.00,
7401,,,,,2019-07-23T12:59:30Z,46.81240000,12.90130000,2917.00,
7402,,,,,2019-07-23T12:59:31Z,46.81246667,12.90105000,2916.00,
7403,,,,,2019-07-23T12:59:32Z,46.81251667,12.90080000,2915.00,
7404,,,,,2019-07-23T12:59:33Z,46.81258333,12.90056667,2915.00,
7405,,,,,2019-07-23T12:59:34Z,46.81265000,12.90033333,2913.00,
7406,,,,,2019-07-23T12:59:35Z,46.81270000,12.90010000,2911.00,
7407,,,,,2019-07-23T12:59:36Z,46.81273333,12.89986667,2909.00,
7408,,,,,2019-07-23T12:59:37Z,46.81278333,12.89963333,2905.00,
7409,,,,,2019-07-23T12:59:38Z,46.81281667,12.89938333,2904.00,
7410,,,,,2019-07-23T12:59:39Z,46.81285000,12.89911667,2901.00,
7411,,,,,2019-07-23T12:59:40Z,46.81290000,12.89885000,2898.00,
7412,,,,,2019-07-23T12:59:41Z,46.81295000,12.89860000,2893.00,
7413,,,,,2019-07-23T12:59:42Z,46.81301667,12.89836667,2889.00,
7414,,,,,2019-07-23T12:59:43Z,46.81308333,12.89815000,2885.00,
7415,,,,,2019-07-23T12:59:44Z,46.81315000,12.89793333,2882.00,
7416,,,,,2019-07-23T12:59:45Z,46.81323333,12.89771667,2879.00,
7417,,,,,2019-07-23T12:59:46Z,46.81330000,12.89750000,2876.00,
7418,,,,,2019-07-23T12:59:47Z,46.81336667,12.89726667,2872.00,
7419,,,,,2019-07-23T12:59:48Z,46.81343333,12.89705000,2865.00,
7420,,,,,2019-07-23T12:59:49Z,46.81351667,12.89681667,2862.00,
7421,,,,,2019-07-23T12:59:50Z,46.81358333,12.89660000,2861.00,
7422,,,,,2019-07-23T12:59:51Z,46.81365000,12.89636667,2859.00,
7423,,,,,2019-07-23T12:59:52Z,46.81373333,12.89613333,2858.00,
7424,,,,,2019-07-23T12:59:53Z,46.81381667,12.89593333,2856.00,
7425,,,,,2019-07-23T12:59:54Z,46.81391667,12.89573333,2855.00,
7426,,,,,2019-07-23T12:59:55Z,46.81401667,12.89555000,2852.00,
7427,,,,,2019-07-23T12:59:56Z,46.81410000,12.89536667,2851.00,
7428,,,,,2019-07-23T12:59:57Z,46.81420000,12.89516667,2849.00,
7429,,,,,2019-07-23T12:59:58Z,46.81426667,12.89493333,2848.00,
7430,,,,,2019-07-23T12:59:59Z,46.81433333,12.89470000,2846.00,
7431,,,,,2019-07-23T13:00:00Z,46.81438333,12.89446667,2846.00,
7432,,,,,2019-07-23T13:00:01Z,46.81445000,12.89421667,2844.00,
7433,,,,,2019-07-23T13:00:02Z,46.81450000,12.89398333,2841.00,
7434,,,,,2019-07-23T13:00:03Z,46.81456667,12.89373333,2839.00,
7435,,,,,2019-07-23T13:00:04Z,46.81461667,12.89350000,2836.00,
7436,,,,,2019-07-23T13:00:05Z,46.81468333,12.89326667,2835.00,
7437,,,,,2019-07-23T13:00:06Z,46.81475000,12.89303333,2833.00,
7438,,,,,2019-07-23T13:00:07Z,46.81483333,12.89281667,2832.00,
7439,,,,,2019-07-23T13:00:08Z,46.81490000,12.89258333,2831.00,
7440,,,,,2019-07-23T13:00:09Z,46.81500000,12.89236667,2829.00,
7441,,,,,2019-07-23T13:00:10Z,46.81510000,12.89213333,2827.00,
7442,,,,,2019-07-23T13:00:11Z,46.81521667,12.89191667,2824.00,
7443,,,,,2019-07-23T13:00:12Z,46.81531667,12.89168333,2820.00,
7444,,,,,2019-07-23T13:00:13Z,46.81540000,12.89145000,2819.00,
7445,,,,,2019-07-23T13:00:14Z,46.81546667,12.89121667,2818.00,
7446,,,,,2019-07-23T13:00:15Z,46.81553333,12.89096667,2816.00,
7447,,,,,2019-07-23T13:00:16Z,46.81558333,12.89071667,2817.00,
7448,,,,,2019-07-23T13:00:17Z,46.81561667,12.89045000,2816.00,
7449,,,,,2019-07-23T13:00:18Z,46.81565000,12.89018333,2815.00,
7450,,,,,2019-07-23T13:00:19Z,46.81566667,12.88991667,2813.00,
7451,,,,,2019-07-23T13:00:20Z,46.81570000,12.88965000,2810.00,
7452,,,,,2019-07-23T13:00:21Z,46.81571667,12.88938333,2808.00,
7453,,,,,2019-07-23T13:00:22Z,46.81575000,12.88913333,2805.00,
7454,,,,,2019-07-23T13:00:23Z,46.81578333,12.88885000,2803.00,
7455,,,,,2019-07-23T13:00:24Z,46.81580000,12.88858333,2802.00,
7456,,,,,2019-07-23T13:00:25Z,46.81581667,12.88830000,2802.00,
7457,,,,,2019-07-23T13:00:26Z,46.81581667,12.88803333,2801.00,
7458,,,,,2019-07-23T13:00:27Z,46.81580000,12.88775000,2800.00,
7459,,,,,2019-07-23T13:00:28Z,46.81580000,12.88748333,2800.00,
7460,,,,,2019-07-23T13:00:29Z,46.81581667,12.88721667,2798.00,
7461,,,,,2019-07-23T13:00:30Z,46.81585000,12.88691667,2797.00,
7462,,,,,2019-07-23T13:00:31Z,46.81586667,12.88661667,2796.00,
7463,,,,,2019-07-23T13:00:32Z,46.81591667,12.88631667,2795.00,
7464,,,,,2019-07-23T13:00:33Z,46.81596667,12.88600000,2793.00,
7465,,,,,2019-07-23T13:00:34Z,46.81600000,12.88570000,2794.00,
7466,,,,,2019-07-23T13:00:35Z,46.81603333,12.88541667,2796.00,
7467,,,,,2019-07-23T13:00:36Z,46.81608333,12.88513333,2797.00,
7468,,,,,2019-07-23T13:00:37Z,46.81613333,12.88486667,2800.00,
7469,,,,,2019-07-23T13:00:38Z,46.81618333,12.88460000,2801.00,
7470,,,,,2019-07-23T13:00:39Z,46.81625000,12.88433333,2801.00,
7471,,,,,2019-07-23T13:00:40Z,46.81630000,12.88405000,2799.00,
7472,,,,,2019-07-23T13:00:41Z,46.81635000,12.88376667,2800.00,
7473,,,,,2019-07-23T13:00:42Z,46.81640000,12.88346667,2800.00,
7474,,,,,2019-07-23T13:00:43Z,46.81643333,12.88318333,2801.00,
7475,,,,,2019-07-23T13:00:44Z,46.81648333,12.88291667,2803.00,
7476,,,,,2019-07-23T13:00:45Z,46.81653333,12.88266667,2805.00,
7477,,,,,2019-07-23T13:00:46Z,46.81658333,12.88240000,2806.00,
7478,,,,,2019-07-23T13:00:47Z,46.81663333,12.88215000,2806.00,
7479,,,,,2019-07-23T13:00:48Z,46.81670000,12.88188333,2805.00,
7480,,,,,2019-07-23T13:00:49Z,46.81676667,12.88160000,2803.00,
7481,,,,,2019-07-23T13:00:50Z,46.81683333,12.88131667,2802.00,
7482,,,,,2019-07-23T13:00:51Z,46.81690000,12.88101667,2799.00,
7483,,,,,2019-07-23T13:00:52Z,46.81695000,12.88071667,2797.00,
7484,,,,,2019-07-23T13:00:53Z,46.81701667,12.88043333,2795.00,
7485,,,,,2019-07-23T13:00:54Z,46.81710000,12.88013333,2795.00,
7486,,,,,2019-07-23T13:00:55Z,46.81716667,12.87985000,2794.00,
7487,,,,,2019-07-23T13:00:56Z,46.81725000,12.87956667,2794.00,
7488,,,,,2019-07-23T13:00:57Z,46.81731667,12.87928333,2790.00,
7489,,,,,2019-07-23T13:00:58Z,46.81740000,12.87900000,2786.00,
7490,,,,,2019-07-23T13:00:59Z,46.81746667,12.87868333,2783.00,
7491,,,,,2019-07-23T13:01:00Z,46.81753333,12.87836667,2779.00,
7492,,,,,2019-07-23T13:01:01Z,46.81758333,12.87805000,2776.00,
7493,,,,,2019-07-23T13:01:02Z,46.81765000,12.87773333,2774.00,
7494,,,,,2019-07-23T13:01:03Z,46.81771667,12.87743333,2773.00,
7495,,,,,2019-07-23T13:01:04Z,46.81778333,12.87713333,2772.00,
7496,,,,,2019-07-23T13:01:05Z,46.81786667,12.87685000,2769.00,
7497,,,,,2019-07-23T13:01:06Z,46.81793333,12.87655000,2766.00,
7498,,,,,2019-07-23T13:01:07Z,46.81801667,12.87623333,2762.00,
7499,,,,,2019-07-23T13:01:08Z,46.81806667,12.87590000,2758.00,
7500,,,,,2019-07-23T13:01:09Z,46.81811667,12.87558333,2754.00,
7501,,,,,2019-07-23T13:01:10Z,46.81818333,12.87526667,2751.00,
7502,,,,,2019-07-23T13:01:11Z,46.81823333,12.87498333,2748.00,
7503,,,,,2019-07-23T13:01:12Z,46.81830000,12.87470000,2748.00,
7504,,,,,2019-07-23T13:01:13Z,46.81836667,12.87443333,2746.00,
7505,,,,,2019-07-23T13:01:14Z,46.81845000,12.87416667,2744.00,
7506,,,,,2019-07-23T13:01:15Z,46.81853333,12.87390000,2742.00,
7507,,,,,2019-07-23T13:01:16Z,46.81863333,12.87365000,2740.00,
7508,,,,,2019-07-23T13:01:17Z,46.81875000,12.87338333,2738.00,
7509,,,,,2019-07-23T13:01:18Z,46.81886667,12.87313333,2736.00,
7510,,,,,2019-07-23T13:01:19Z,46.81896667,12.87288333,2734.00,
7511,,,,,2019-07-23T13:01:20Z,46.81908333,12.87263333,2732.00,
7512,,,,,2019-07-23T13:01:21Z,46.81918333,12.87236667,2729.00,
7513,,,,,2019-07-23T13:01:22Z,46.81928333,12.87213333,2725.00,
7514,,,,,2019-07-23T13:01:23Z,46.81938333,12.87190000,2724.00,
7515,,,,,2019-07-23T13:01:24Z,46.81950000,12.87166667,2724.00,
7516,,,,,2019-07-23T13:01:25Z,46.81960000,12.87145000,2722.00,
7517,,,,,2019-07-23T13:01:26Z,46.81971667,12.87121667,2720.00,
7518,,,,,2019-07-23T13:01:27Z,46.81983333,12.87098333,2717.00,
7519,,,,,2019-07-23T13:01:28Z,46.81995000,12.87076667,2716.00,
7520,,,,,2019-07-23T13:01:29Z,46.82006667,12.87053333,2714.00,
7521,,,,,2019-07-23T13:01:30Z,46.82018333,12.87031667,2711.00,
7522,,,,,2019-07-23T13:01:31Z,46.82030000,12.87010000,2709.00,
7523,,,,,2019-07-23T13:01:32Z,46.82041667,12.86988333,2707.00,
7524,,,,,2019-07-23T13:01:33Z,46.82055000,12.86966667,2705.00,
7525,,,,,2019-07-23T13:01:34Z,46.82065000,12.86945000,2704.00,
7526,,,,,2019-07-23T13:01:35Z,46.82078333,12.86923333,2701.00,
7527,,,,,2019-07-23T13:01:36Z,46.82093333,12.86901667,2698.00,
7528,,,,,2019-07-23T13:01:37Z,46.82108333,12.86883333,2695.00,
7529,,,,,2019-07-23T13:01:38Z,46.82125000,12.86866667,2692.00,
7530,,,,,2019-07-23T13:01:39Z,46.82140000,12.86850000,2689.00,
7531,,,,,2019-07-23T13:01:40Z,46.82156667,12.86831667,2687.00,
7532,,,,,2019-07-23T13:01:41Z,46.82170000,12.86811667,2684.00,
7533,,,,,2019-07-23T13:01:42Z,46.82181667,12.86788333,2682.00,
7534,,,,,2019-07-23T13:01:43Z,46.82191667,12.86763333,2681.00,
7535,,,,,2019-07-23T13:01:44Z,46.82200000,12.86738333,2679.00,
7536,,,,,2019-07-23T13:01:45Z,46.82205000,12.86710000,2678.00,
7537,,,,,2019-07-23T13:01:46Z,46.82211667,12.86681667,2678.00,
7538,,,,,2019-07-23T13:01:47Z,46.82216667,12.86651667,2676.00,
7539,,,,,2019-07-23T13:01:48Z,46.82220000,12.86620000,2672.00,
7540,,,,,2019-07-23T13:01:49Z,46.82226667,12.86590000,2668.00,
7541,,,,,2019-07-23T13:01:50Z,46.82233333,12.86560000,2665.00,
7542,,,,,2019-07-23T13:01:51Z,46.82241667,12.86530000,2661.00,
7543,,,,,2019-07-23T13:01:52Z,46.82250000,12.86500000,2658.00,
7544,,,,,2019-07-23T13:01:53Z,46.82260000,12.86470000,2655.00,
7545,,,,,2019-07-23T13:01:54Z,46.82270000,12.86440000,2653.00,
7546,,,,,2019-07-23T13:01:55Z,46.82280000,12.86410000,2650.00,
7547,,,,,2019-07-23T13:01:56Z,46.82290000,12.86380000,2647.00,
7548,,,,,2019-07-23T13:01:57Z,46.82301667,12.86351667,2645.00,
7549,,,,,2019-07-23T13:01:58Z,46.82313333,12.86323333,2643.00,
7550,,,,,2019-07-23T13:01:59Z,46.82325000,12.86295000,2641.00,
7551,,,,,2019-07-23T13:02:00Z,46.82335000,12.86265000,2640.00,
7552,,,,,2019-07-23T13:02:01Z,46.82343333,12.86235000,2638.00,
7553,,,,,2019-07-23T13:02:02Z,46.82351667,12.86206667,2636.00,
7554,,,,,2019-07-23T13:02:03Z,46.82360000,12.86176667,2634.00,
7555,,,,,2019-07-23T13:02:04Z,46.82368333,12.86148333,2633.00,
7556,,,,,2019-07-23T13:02:05Z,46.82376667,12.86120000,2632.00,
7557,,,,,2019-07-23T13:02:06Z,46.82386667,12.86093333,2632.00,
7558,,,,,2019-07-23T13:02:07Z,46.82396667,12.86068333,2631.00,
7559,,,,,2019-07-23T13:02:08Z,46.82406667,12.86041667,2630.00,
7560,,,,,2019-07-23T13:02:09Z,46.82418333,12.86016667,2628.00,
7561,,,,,2019-07-23T13:02:10Z,46.82428333,12.85991667,2627.00,
7562,,,,,2019-07-23T13:02:11Z,46.82438333,12.85966667,2627.00,
7563,,,,,2019-07-23T13:02:12Z,46.82448333,12.85940000,2625.00,
7564,,,,,2019-07-23T13:02:13Z,46.82460000,12.85913333,2621.00,
7565,,,,,2019-07-23T13:02:14Z,46.82473333,12.85886667,2615.00,
7566,,,,,2019-07-23T13:02:15Z,46.82486667,12.85861667,2610.00,
7567,,,,,2019-07-23T13:02:16Z,46.82498333,12.85836667,2608.00,
7568,,,,,2019-07-23T13:02:17Z,46.82508333,12.85811667,2604.00,
7569,,,,,2019-07-23T13:02:18Z,46.82518333,12.85786667,2603.00,
7570,,,,,2019-07-23T13:02:19Z,46.82526667,12.85761667,2601.00,
7571,,,,,2019-07-23T13:02:20Z,46.82536667,12.85738333,2600.00,
7572,,,,,2019-07-23T13:02:21Z,46.82546667,12.85715000,2597.00,
7573,,,,,2019-07-23T13:02:22Z,46.82558333,12.85691667,2593.00,
7574,,,,,2019-07-23T13:02:23Z,46.82568333,12.85668333,2590.00,
7575,,,,,2019-07-23T13:02:24Z,46.82580000,12.85645000,2586.00,
7576,,,,,2019-07-23T13:02:25Z,46.82590000,12.85621667,2584.00,
7577,,,,,2019-07-23T13:02:26Z,46.82600000,12.85598333,2582.00,
7578,,,,,2019-07-23T13:02:27Z,46.82610000,12.85575000,2578.00,
7579,,,,,2019-07-23T13:02:28Z,46.82621667,12.85550000,2575.00,
7580,,,,,2019-07-23T13:02:29Z,46.82633333,12.85525000,2570.00,
7581,,,,,2019-07-23T13:02:30Z,46.82645000,12.85501667,2566.00,
7582,,,,,2019-07-23T13:02:31Z,46.82658333,12.85478333,2560.00,
7583,,,,,2019-07-23T13:02:32Z,46.82670000,12.85456667,2555.00,
7584,,,,,2019-07-23T13:02:33Z,46.82683333,12.85435000,2552.00,
7585,,,,,2019-07-23T13:02:34Z,46.82695000,12.85413333,2548.00,
7586,,,,,2019-07-23T13:02:35Z,46.82708333,12.85393333,2545.00,
7587,,,,,2019-07-23T13:02:36Z,46.82721667,12.85371667,2543.00,
7588,,,,,2019-07-23T13:02:37Z,46.82735000,12.85350000,2541.00,
7589,,,,,2019-07-23T13:02:38Z,46.82748333,12.85328333,2539.00,
7590,,,,,2019-07-23T13:02:39Z,46.82761667,12.85306667,2536.00,
7591,,,,,2019-07-23T13:02:40Z,46.82776667,12.85285000,2533.00,
7592,,,,,2019-07-23T13:02:41Z,46.82791667,12.85261667,2529.00,
7593,,,,,2019-07-23T13:02:42Z,46.82806667,12.85240000,2527.00,
7594,,,,,2019-07-23T13:02:43Z,46.82821667,12.85220000,2525.00,
7595,,,,,2019-07-23T13:02:44Z,46.82836667,12.85200000,2524.00,
7596,,,,,2019-07-23T13:02:45Z,46.82851667,12.85181667,2522.00,
7597,,,,,2019-07-23T13:02:46Z,46.82865000,12.85161667,2523.00,
7598,,,,,2019-07-23T13:02:47Z,46.82880000,12.85143333,2523.00,
7599,,,,,2019-07-23T13:02:48Z,46.82893333,12.85123333,2524.00,
7600,,,,,2019-07-23T13:02:49Z,46.82906667,12.85103333,2524.00,
7601,,,,,2019-07-23T13:02:50Z,46.82921667,12.85083333,2523.00,
7602,,,,,2019-07-23T13:02:51Z,46.82935000,12.85061667,2520.00,
7603,,,,,2019-07-23T13:02:52Z,46.82948333,12.85040000,2516.00,
7604,,,,,2019-07-23T13:02:53Z,46.82961667,12.85018333,2512.00,
7605,,,,,2019-07-23T13:02:54Z,46.82975000,12.84996667,2512.00,
7606,,,,,2019-07-23T13:02:55Z,46.82988333,12.84975000,2512.00,
7607,,,,,2019-07-23T13:02:56Z,46.83000000,12.84951667,2509.00,
7608,,,,,2019-07-23T13:02:57Z,46.83010000,12.84930000,2506.00,
7609,,,,,2019-07-23T13:02:58Z,46.83021667,12.84910000,2505.00,
7610,,,,,2019-07-23T13:02:59Z,46.83033333,12.84891667,2505.00,
7611,,,,,2019-07-23T13:03:00Z,46.83046667,12.84873333,2503.00,
7612,,,,,2019-07-23T13:03:01Z,46.83060000,12.84856667,2502.00,
7613,,,,,2019-07-23T13:03:02Z,46.83071667,12.84841667,2502.00,
7614,,,,,2019-07-23T13:03:03Z,46.83085000,12.84825000,2500.00,
7615,,,,,2019-07-23T13:03:04Z,46.83098333,12.84810000,2496.00,
7616,,,,,2019-07-23T13:03:05Z,46.83110000,12.84793333,2494.00,
7617,,,,,2019-07-23T13:03:06Z,46.83121667,12.84775000,2491.00,
7618,,,,,2019-07-23T13:03:07Z,46.83133333,12.84756667,2491.00,
7619,,,,,2019-07-23T13:03:08Z,46.83145000,12.84736667,2490.00,
7620,,,,,2019-07-23T13:03:09Z,46.83155000,12.84715000,2488.00,
7621,,,,,2019-07-23T13:03:10Z,46.83166667,12.84695000,2487.00,
7622,,,,,2019-07-23T13:03:11Z,46.83176667,12.84673333,2485.00,
7623,,,,,2019-07-23T13:03:12Z,46.83186667,12.84655000,2484.00,
7624,,,,,2019-07-23T13:03:13Z,46.83196667,12.84635000,2484.00,
7625,,,,,2019-07-23T13:03:14Z,46.83206667,12.84618333,2484.00,
7626,,,,,2019-07-23T13:03:15Z,46.83216667,12.84601667,2484.00,
7627,,,,,2019-07-23T13:03:16Z,46.83230000,12.84586667,2482.00,
7628,,,,,2019-07-23T13:03:17Z,46.83243333,12.84571667,2480.00,
7629,,,,,2019-07-23T13:03:18Z,46.83256667,12.84555000,2476.00,
7630,,,,,2019-07-23T13:03:19Z,46.83270000,12.84536667,2472.00,
7631,,,,,2019-07-23T13:03:20Z,46.83281667,12.84515000,2470.00,
7632,,,,,2019-07-23T13:03:21Z,46.83291667,12.84495000,2468.00,
7633,,,,,2019-07-23T13:03:22Z,46.83301667,12.84473333,2468.00,
7634,,,,,2019-07-23T13:03:23Z,46.83308333,12.84450000,2467.00,
7635,,,,,2019-07-23T13:03:24Z,46.83315000,12.84426667,2466.00,
7636,,,,,2019-07-23T13:03:25Z,46.83323333,12.84401667,2465.00,
7637,,,,,2019-07-23T13:03:26Z,46.83330000,12.84378333,2465.00,
7638,,,,,2019-07-23T13:03:27Z,46.83340000,12.84355000,2464.00,
7639,,,,,2019-07-23T13:03:28Z,46.83351667,12.84333333,2463.00,
7640,,,,,2019-07-23T13:03:29Z,46.83363333,12.84311667,2460.00,
7641,,,,,2019-07-23T13:03:30Z,46.83376667,12.84290000,2459.00,
7642,,,,,2019-07-23T13:03:31Z,46.83388333,12.84270000,2459.00,
7643,,,,,2019-07-23T13:03:32Z,46.83398333,12.84248333,2457.00,
7644,,,,,2019-07-23T13:03:33Z,46.83406667,12.84226667,2455.00,
7645,,,,,2019-07-23T13:03:34Z,46.83415000,12.84205000,2458.00,
7646,,,,,2019-07-23T13:03:35Z,46.83421667,12.84181667,2459.00,
7647,,,,,2019-07-23T13:03:36Z,46.83430000,12.84158333,2459.00,
7648,,,,,2019-07-23T13:03:37Z,46.83438333,12.84131667,2457.00,
7649,,,,,2019-07-23T13:03:38Z,46.83446667,12.84106667,2454.00,
7650,,,,,2019-07-23T13:03:39Z,46.83456667,12.84081667,2453.00,
7651,,,,,2019-07-23T13:03:40Z,46.83468333,12.84058333,2450.00,
7652,,,,,2019-07-23T13:03:41Z,46.83481667,12.84035000,2449.00,
7653,,,,,2019-07-23T13:03:42Z,46.83493333,12.84013333,2446.00,
7654,,,,,2019-07-23T13:03:43Z,46.83505000,12.83990000,2445.00,
7655,,,,,2019-07-23T13:03:44Z,46.83518333,12.83966667,2444.00,
7656,,,,,2019-07-23T13:03:45Z,46.83531667,12.83943333,2441.00,
7657,,,,,2019-07-23T13:03:46Z,46.83543333,12.83920000,2439.00,
7658,,,,,2019-07-23T13:03:47Z,46.83556667,12.83895000,2440.00,
7659,,,,,2019-07-23T13:03:48Z,46.83568333,12.83871667,2438.00,
7660,,,,,2019-07-23T13:03:49Z,46.83581667,12.83846667,2435.00,
7661,,,,,2019-07-23T13:03:50Z,46.83593333,12.83825000,2433.00,
7662,,,,,2019-07-23T13:03:51Z,46.83606667,12.83803333,2430.00,
7663,,,,,2019-07-23T13:03:52Z,46.83618333,12.83783333,2430.00,
7664,,,,,2019-07-23T13:03:53Z,46.83628333,12.83761667,2431.00,
7665,,,,,2019-07-23T13:03:54Z,46.83640000,12.83740000,2429.00,
7666,,,,,2019-07-23T13:03:55Z,46.83651667,12.83720000,2426.00,
7667,,,,,2019-07-23T13:03:56Z,46.83663333,12.83698333,2423.00,
7668,,,,,2019-07-23T13:03:57Z,46.83675000,12.83675000,2420.00,
7669,,,,,2019-07-23T13:03:58Z,46.83685000,12.83653333,2416.00,
7670,,,,,2019-07-23T13:03:59Z,46.83695000,12.83633333,2412.00,
7671,,,,,2019-07-23T13:04:00Z,46.83706667,12.83611667,2411.00,
7672,,,,,2019-07-23T13:04:01Z,46.83716667,12.83590000,2410.00,
7673,,,,,2019-07-23T13:04:02Z,46.83728333,12.83570000,2408.00,
7674,,,,,2019-07-23T13:04:03Z,46.83740000,12.83546667,2405.00,
7675,,,,,2019-07-23T13:04:04Z,46.83751667,12.83525000,2404.00,
7676,,,,,2019-07-23T13:04:05Z,46.83765000,12.83505000,2401.00,
7677,,,,,2019-07-23T13:04:06Z,46.83776667,12.83485000,2398.00,
7678,,,,,2019-07-23T13:04:07Z,46.83790000,12.83465000,2396.00,
7679,,,,,2019-07-23T13:04:08Z,46.83803333,12.83446667,2393.00,
7680,,,,,2019-07-23T13:04:09Z,46.83816667,12.83430000,2393.00,
7681,,,,,2019-07-23T13:04:10Z,46.83830000,12.83411667,2392.00,
7682,,,,,2019-07-23T13:04:11Z,46.83843333,12.83395000,2390.00,
7683,,,,,2019-07-23T13:04:12Z,46.83858333,12.83378333,2389.00,
7684,,,,,2019-07-23T13:04:13Z,46.83871667,12.83361667,2388.00,
7685,,,,,2019-07-23T13:04:14Z,46.83885000,12.83346667,2386.00,
7686,,,,,2019-07-23T13:04:15Z,46.83898333,12.83331667,2385.00,
7687,,,,,2019-07-23T13:04:16Z,46.83913333,12.83316667,2384.00,
7688,,,,,2019-07-23T13:04:17Z,46.83926667,12.83303333,2384.00,
7689,,,,,2019-07-23T13:04:18Z,46.83941667,12.83286667,2385.00,
7690,,,,,2019-07-23T13:04:19Z,46.83955000,12.83271667,2385.00,
7691,,,,,2019-07-23T13:04:20Z,46.83968333,12.83253333,2385.00,
7692,,,,,2019-07-23T13:04:21Z,46.83981667,12.83235000,2384.00,
7693,,,,,2019-07-23T13:04:22Z,46.83993333,12.83215000,2382.00,
7694,,,,,2019-07-23T13:04:23Z,46.84006667,12.83195000,2380.00,
7695,,,,,2019-07-23T13:04:24Z,46.84018333,12.83173333,2379.00,
7696,,,,,2019-07-23T13:04:25Z,46.84030000,12.83151667,2377.00,
7697,,,,,2019-07-23T13:04:26Z,46.84043333,12.83126667,2375.00,
7698,,,,,2019-07-23T13:04:27Z,46.84053333,12.83100000,2374.00,
7699,,,,,2019-07-23T13:04:28Z,46.84066667,12.83075000,2371.00,
7700,,,,,2019-07-23T13:04:29Z,46.84078333,12.83051667,2369.00,
7701,,,,,2019-07-23T13:04:30Z,46.84091667,12.83028333,2367.00,
7702,,,,,2019-07-23T13:04:31Z,46.84105000,12.83006667,2365.00,
7703,,,,,2019-07-23T13:04:32Z,46.84118333,12.82985000,2363.00,
7704,,,,,2019-07-23T13:04:33Z,46.84131667,12.82963333,2365.00,
7705,,,,,2019-07-23T13:04:34Z,46.84143333,12.82938333,2365.00,
7706,,,,,2019-07-23T13:04:35Z,46.84155000,12.82915000,2362.00,
7707,,,,,2019-07-23T13:04:36Z,46.84166667,12.82893333,2360.00,
7708,,,,,2019-07-23T13:04:37Z,46.84178333,12.82871667,2358.00,
7709,,,,,2019-07-23T13:04:38Z,46.84191667,12.82851667,2355.00,
7710,,,,,2019-07-23T13:04:39Z,46.84205000,12.82831667,2353.00,
7711,,,,,2019-07-23T13:04:40Z,46.84218333,12.82811667,2348.00,
7712,,,,,2019-07-23T13:04:41Z,46.84231667,12.82791667,2345.00,
7713,,,,,2019-07-23T13:04:42Z,46.84245000,12.82770000,2341.00,
7714,,,,,2019-07-23T13:04:43Z,46.84258333,12.82748333,2338.00,
7715,,,,,2019-07-23T13:04:44Z,46.84270000,12.82728333,2334.00,
7716,,,,,2019-07-23T13:04:45Z,46.84281667,12.82708333,2330.00,
7717,,,,,2019-07-23T13:04:46Z,46.84293333,12.82685000,2329.00,
7718,,,,,2019-07-23T13:04:47Z,46.84305000,12.82661667,2328.00,
7719,,,,,2019-07-23T13:04:48Z,46.84318333,12.82636667,2325.00,
7720,,,,,2019-07-23T13:04:49Z,46.84330000,12.82613333,2319.00,
7721,,,,,2019-07-23T13:04:50Z,46.84341667,12.82590000,2315.00,
7722,,,,,2019-07-23T13:04:51Z,46.84355000,12.82568333,2312.00,
7723,,,,,2019-07-23T13:04:52Z,46.84370000,12.82548333,2310.00,
7724,,,,,2019-07-23T13:04:53Z,46.84385000,12.82530000,2308.00,
7725,,,,,2019-07-23T13:04:54Z,46.84400000,12.82511667,2305.00,
7726,,,,,2019-07-23T13:04:55Z,46.84415000,12.82495000,2302.00,
7727,,,,,2019-07-23T13:04:56Z,46.84428333,12.82478333,2302.00,
7728,,,,,2019-07-23T13:04:57Z,46.84441667,12.82458333,2302.00,
7729,,,,,2019-07-23T13:04:58Z,46.84451667,12.82440000,2300.00,
7730,,,,,2019-07-23T13:04:59Z,46.84461667,12.82420000,2297.00,
7731,,,,,2019-07-23T13:05:00Z,46.84470000,12.82398333,2297.00,
7732,,,,,2019-07-23T13:05:01Z,46.84478333,12.82376667,2298.00,
7733,,,,,2019-07-23T13:05:02Z,46.84485000,12.82353333,2296.00,
7734,,,,,2019-07-23T13:05:03Z,46.84491667,12.82328333,2293.00,
7735,,,,,2019-07-23T13:05:04Z,46.84500000,12.82303333,2291.00,
7736,,,,,2019-07-23T13:05:05Z,46.84510000,12.82280000,2288.00,
7737,,,,,2019-07-23T13:05:06Z,46.84520000,12.82258333,2286.00,
7738,,,,,2019-07-23T13:05:07Z,46.84531667,12.82238333,2286.00,
7739,,,,,2019-07-23T13:05:08Z,46.84545000,12.82218333,2284.00,
7740,,,,,2019-07-23T13:05:09Z,46.84558333,12.82201667,2282.00,
7741,,,,,2019-07-23T13:05:10Z,46.84573333,12.82188333,2280.00,
7742,,,,,2019-07-23T13:05:11Z,46.84586667,12.82175000,2276.00,
7743,,,,,2019-07-23T13:05:12Z,46.84600000,12.82160000,2277.00,
7744,,,,,2019-07-23T13:05:13Z,46.84613333,12.82146667,2279.00,
7745,,,,,2019-07-23T13:05:14Z,46.84626667,12.82130000,2277.00,
7746,,,,,2019-07-23T13:05:15Z,46.84638333,12.82115000,2275.00,
7747,,,,,2019-07-23T13:05:16Z,46.84650000,12.82100000,2272.00,
7748,,,,,2019-07-23T13:05:17Z,46.84661667,12.82086667,2269.00,
7749,,,,,2019-07-23T13:05:18Z,46.84671667,12.82073333,2267.00,
7750,,,,,2019-07-23T13:05:19Z,46.84683333,12.82061667,2264.00,
7751,,,,,2019-07-23T13:05:20Z,46.84695000,12.82048333,2260.00,
7752,,,,,2019-07-23T13:05:21Z,46.84705000,12.82033333,2259.00,
7753,,,,,2019-07-23T13:05:22Z,46.84713333,12.82013333,2255.00,
7754,,,,,2019-07-23T13:05:23Z,46.84721667,12.81991667,2251.00,
7755,,,,,2019-07-23T13:05:24Z,46.84730000,12.81970000,2248.00,
7756,,,,,2019-07-23T13:05:25Z,46.84740000,12.81948333,2245.00,
7757,,,,,2019-07-23T13:05:26Z,46.84748333,12.81928333,2243.00,
7758,,,,,2019-07-23T13:05:27Z,46.84760000,12.81908333,2242.00,
7759,,,,,2019-07-23T13:05:28Z,46.84770000,12.81888333,2238.00,
7760,,,,,2019-07-23T13:05:29Z,46.84781667,12.81870000,2236.00,
7761,,,,,2019-07-23T13:05:30Z,46.84795000,12.81855000,2234.00,
7762,,,,,2019-07-23T13:05:31Z,46.84808333,12.81840000,2232.00,
7763,,,,,2019-07-23T13:05:32Z,46.84821667,12.81826667,2229.00,
7764,,,,,2019-07-23T13:05:33Z,46.84835000,12.81813333,2229.00,
7765,,,,,2019-07-23T13:05:34Z,46.84850000,12.81800000,2226.00,
7766,,,,,2019-07-23T13:05:35Z,46.84861667,12.81785000,2227.00,
7767,,,,,2019-07-23T13:05:36Z,46.84875000,12.81770000,2225.00,
7768,,,,,2019-07-23T13:05:37Z,46.84886667,12.81756667,2224.00,
7769,,,,,2019-07-23T13:05:38Z,46.84898333,12.81743333,2226.00,
7770,,,,,2019-07-23T13:05:39Z,46.84908333,12.81733333,2227.00,
7771,,,,,2019-07-23T13:05:40Z,46.84920000,12.81721667,2227.00,
7772,,,,,2019-07-23T13:05:41Z,46.84930000,12.81710000,2226.00,
7773,,,,,2019-07-23T13:05:42Z,46.84941667,12.81696667,2224.00,
7774,,,,,2019-07-23T13:05:43Z,46.84953333,12.81683333,2223.00,
7775,,,,,2019-07-23T13:05:44Z,46.84966667,12.81668333,2219.00,
7776,,,,,2019-07-23T13:05:45Z,46.84980000,12.81653333,2215.00,
7777,,,,,2019-07-23T13:05:46Z,46.84993333,12.81636667,2212.00,
7778,,,,,2019-07-23T13:05:47Z,46.85006667,12.81620000,2209.00,
7779,,,,,2019-07-23T13:05:48Z,46.85020000,12.81603333,2206.00,
7780,,,,,2019-07-23T13:05:49Z,46.85035000,12.81586667,2205.00,
7781,,,,,2019-07-23T13:05:50Z,46.85046667,12.81570000,2203.00,
7782,,,,,2019-07-23T13:05:51Z,46.85060000,12.81551667,2201.00,
7783,,,,,2019-07-23T13:05:52Z,46.85073333,12.81535000,2199.00,
7784,,,,,2019-07-23T13:05:53Z,46.85085000,12.81518333,2197.00,
7785,,,,,2019-07-23T13:05:54Z,46.85098333,12.81501667,2196.00,
7786,,,,,2019-07-23T13:05:55Z,46.85110000,12.81483333,2192.00,
7787,,,,,2019-07-23T13:05:56Z,46.85123333,12.81465000,2189.00,
7788,,,,,2019-07-23T13:05:57Z,46.85136667,12.81448333,2184.00,
7789,,,,,2019-07-23T13:05:58Z,46.85151667,12.81433333,2180.00,
7790,,,,,2019-07-23T13:05:59Z,46.85165000,12.81416667,2176.00,
7791,,,,,2019-07-23T13:06:00Z,46.85178333,12.81398333,2173.00,
7792,,,,,2019-07-23T13:06:01Z,46.85191667,12.81378333,2170.00,
7793,,,,,2019-07-23T13:06:02Z,46.85203333,12.81358333,2167.00,
7794,,,,,2019-07-23T13:06:03Z,46.85215000,12.81338333,2167.00,
7795,,,,,2019-07-23T13:06:04Z,46.85228333,12.81316667,2164.00,
7796,,,,,2019-07-23T13:06:05Z,46.85240000,12.81298333,2162.00,
7797,,,,,2019-07-23T13:06:06Z,46.85255000,12.81280000,2159.00,
7798,,,,,2019-07-23T13:06:07Z,46.85270000,12.81263333,2158.00,
7799,,,,,2019-07-23T13:06:08Z,46.85285000,12.81248333,2156.00,
7800,,,,,2019-07-23T13:06:09Z,46.85301667,12.81233333,2152.00,
7801,,,,,2019-07-23T13:06:10Z,46.85318333,12.81220000,2151.00,
7802,,,,,2019-07-23T13:06:11Z,46.85336667,12.81206667,2150.00,
7803,,,,,2019-07-23T13:06:12Z,46.85353333,12.81195000,2147.00,
7804,,,,,2019-07-23T13:06:13Z,46.85370000,12.81181667,2147.00,
7805,,,,,2019-07-23T13:06:14Z,46.85386667,12.81168333,2145.00,
7806,,,,,2019-07-23T13:06:15Z,46.85405000,12.81156667,2144.00,
7807,,,,,2019-07-23T13:06:16Z,46.85421667,12.81145000,2144.00,
7808,,,,,2019-07-23T13:06:17Z,46.85438333,12.81135000,2143.00,
7809,,,,,2019-07-23T13:06:18Z,46.85456667,12.81125000,2142.00,
7810,,,,,2019-07-23T13:06:19Z,46.85473333,12.81115000,2142.00,
7811,,,,,2019-07-23T13:06:20Z,46.85490000,12.81101667,2142.00,
7812,,,,,2019-07-23T13:06:21Z,46.85506667,12.81088333,2141.00,
7813,,,,,2019-07-23T13:06:22Z,46.85523333,12.81076667,2138.00,
7814,,,,,2019-07-23T13:06:23Z,46.85541667,12.81063333,2138.00,
7815,,,,,2019-07-23T13:06:24Z,46.85558333,12.81051667,2137.00,
7816,,,,,2019-07-23T13:06:25Z,46.85575000,12.81040000,2136.00,
7817,,,,,2019-07-23T13:06:26Z,46.85591667,12.81026667,2138.00,
7818,,,,,2019-07-23T13:06:27Z,46.85608333,12.81016667,2139.00,
7819,,,,,2019-07-23T13:06:28Z,46.85625000,12.81006667,2138.00,
7820,,,,,2019-07-23T13:06:29Z,46.85641667,12.80995000,2136.00,
7821,,,,,2019-07-23T13:06:30Z,46.85656667,12.80985000,2136.00,
7822,,,,,2019-07-23T13:06:31Z,46.85673333,12.80976667,2134.00,
7823,,,,,2019-07-23T13:06:32Z,46.85688333,12.80966667,2134.00,
7824,,,,,2019-07-23T13:06:33Z,46.85703333,12.80955000,2134.00,
7825,,,,,2019-07-23T13:06:34Z,46.85720000,12.80941667,2133.00,
7826,,,,,2019-07-23T13:06:35Z,46.85735000,12.80930000,2133.00,
7827,,,,,2019-07-23T13:06:36Z,46.85751667,12.80916667,2133.00,
7828,,,,,2019-07-23T13:06:37Z,46.85766667,12.80905000,2133.00,
7829,,,,,2019-07-23T13:06:38Z,46.85783333,12.80893333,2134.00,
7830,,,,,2019-07-23T13:06:39Z,46.85800000,12.80883333,2133.00,
7831,,,,,2019-07-23T13:06:40Z,46.85815000,12.80875000,2132.00,
7832,,,,,2019-07-23T13:06:41Z,46.85831667,12.80866667,2130.00,
7833,,,,,2019-07-23T13:06:42Z,46.85848333,12.80855000,2132.00,
7834,,,,,2019-07-23T13:06:43Z,46.85863333,12.80843333,2135.00,
7835,,,,,2019-07-23T13:06:44Z,46.85878333,12.80831667,2136.00,
7836,,,,,2019-07-23T13:06:45Z,46.85893333,12.80818333,2135.00,
7837,,,,,2019-07-23T13:06:46Z,46.85908333,12.80806667,2136.00,
7838,,,,,2019-07-23T13:06:47Z,46.85923333,12.80795000,2137.00,
7839,,,,,2019-07-23T13:06:48Z,46.85936667,12.80783333,2139.00,
7840,,,,,2019-07-23T13:06:49Z,46.85950000,12.80770000,2142.00,
7841,,,,,2019-07-23T13:06:50Z,46.85961667,12.80756667,2145.00,
7842,,,,,2019-07-23T13:06:51Z,46.85973333,12.80741667,2147.00,
7843,,,,,2019-07-23T13:06:52Z,46.85985000,12.80725000,2147.00,
7844,,,,,2019-07-23T13:06:53Z,46.85995000,12.80706667,2148.00,
7845,,,,,2019-07-23T13:06:54Z,46.86003333,12.80686667,2150.00,
7846,,,,,2019-07-23T13:06:55Z,46.86011667,12.80663333,2153.00,
7847,,,,,2019-07-23T13:06:56Z,46.86015000,12.80641667,2155.00,
7848,,,,,2019-07-23T13:06:57Z,46.86018333,12.80621667,2157.00,
7849,,,,,2019-07-23T13:06:58Z,46.86020000,12.80601667,2158.00,
7850,,,,,2019-07-23T13:06:59Z,46.86021667,12.80581667,2160.00,
7851,,,,,2019-07-23T13:07:00Z,46.86023333,12.80563333,2160.00,
7852,,,,,2019-07-23T13:07:01Z,46.86021667,12.80545000,2161.00,
7853,,,,,2019-07-23T13:07:02Z,46.86016667,12.80526667,2162.00,
7854,,,,,2019-07-23T13:07:03Z,46.86008333,12.80510000,2164.00,
7855,,,,,2019-07-23T13:07:04Z,46.85998333,12.80495000,2166.00,
7856,,,,,2019-07-23T13:07:05Z,46.85986667,12.80485000,2167.00,
7857,,,,,2019-07-23T13:07:06Z,46.85971667,12.80480000,2167.00,
7858,,,,,2019-07-23T13:07:07Z,46.85956667,12.80481667,2167.00,
7859,,,,,2019-07-23T13:07:08Z,46.85943333,12.80490000,2167.00,
7860,,,,,2019-07-23T13:07:09Z,46.85933333,12.80500000,2169.00,
7861,,,,,2019-07-23T13:07:10Z,46.85925000,12.80513333,2171.00,
7862,,,,,2019-07-23T13:07:11Z,46.85920000,12.80526667,2172.00,
7863,,,,,2019-07-23T13:07:12Z,46.85915000,12.80541667,2173.00,
7864,,,,,2019-07-23T13:07:13Z,46.85915000,12.80560000,2174.00,
7865,,,,,2019-07-23T13:07:14Z,46.85916667,12.80578333,2175.00,
7866,,,,,2019-07-23T13:07:15Z,46.85925000,12.80596667,2176.00,
7867,,,,,2019-07-23T13:07:16Z,46.85936667,12.80610000,2177.00,
7868,,,,,2019-07-23T13:07:17Z,46.85951667,12.80618333,2177.00,
7869,,,,,2019-07-23T13:07:18Z,46.85968333,12.80621667,2177.00,
7870,,,,,2019-07-23T13:07:19Z,46.85985000,12.80621667,2178.00,
7871,,,,,2019-07-23T13:07:20Z,46.86000000,12.80618333,2179.00,
7872,,,,,2019-07-23T13:07:21Z,46.86015000,12.80610000,2181.00,
7873,,,,,2019-07-23T13:07:22Z,46.86028333,12.80600000,2182.00,
7874,,,,,2019-07-23T13:07:23Z,46.86040000,12.80588333,2184.00,
7875,,,,,2019-07-23T13:07:24Z,46.86050000,12.80571667,2185.00,
7876,,,,,2019-07-23T13:07:25Z,46.86058333,12.80556667,2187.00,
7877,,,,,2019-07-23T13:07:26Z,46.86065000,12.80538333,2189.00,
7878,,,,,2019-07-23T13:07:27Z,46.86073333,12.80521667,2189.00,
7879,,,,,2019-07-23T13:07:28Z,46.86085000,12.80505000,2190.00,
7880,,,,,2019-07-23T13:07:29Z,46.86095000,12.80488333,2191.00,
7881,,,,,2019-07-23T13:07:30Z,46.86106667,12.80471667,2191.00,
7882,,,,,2019-07-23T13:07:31Z,46.86120000,12.80456667,2192.00,
7883,,,,,2019-07-23T13:07:32Z,46.86135000,12.80440000,2193.00,
7884,,,,,2019-07-23T13:07:33Z,46.86148333,12.80425000,2196.00,
7885,,,,,2019-07-23T13:07:34Z,46.86163333,12.80410000,2197.00,
7886,,,,,2019-07-23T13:07:35Z,46.86178333,12.80398333,2198.00,
7887,,,,,2019-07-23T13:07:36Z,46.86195000,12.80388333,2199.00,
7888,,,,,2019-07-23T13:07:37Z,46.86211667,12.80383333,2201.00,
7889,,,,,2019-07-23T13:07:38Z,46.86230000,12.80381667,2201.00,
7890,,,,,2019-07-23T13:07:39Z,46.86250000,12.80383333,2201.00,
7891,,,,,2019-07-23T13:07:40Z,46.86268333,12.80383333,2200.00,
7892,,,,,2019-07-23T13:07:41Z,46.86288333,12.80381667,2201.00,
7893,,,,,2019-07-23T13:07:42Z,46.86306667,12.80376667,2201.00,
7894,,,,,2019-07-23T13:07:43Z,46.86323333,12.80366667,2202.00,
7895,,,,,2019-07-23T13:07:44Z,46.86338333,12.80355000,2204.00,
7896,,,,,2019-07-23T13:07:45Z,46.86353333,12.80340000,2205.00,
7897,,,,,2019-07-23T13:07:46Z,46.86366667,12.80325000,2206.00,
7898,,,,,2019-07-23T13:07:47Z,46.86381667,12.80308333,2206.00,
7899,,,,,2019-07-23T13:07:48Z,46.86395000,12.80291667,2206.00,
7900,,,,,2019-07-23T13:07:49Z,46.86410000,12.80275000,2207.00,
7901,,,,,2019-07-23T13:07:50Z,46.86423333,12.80255000,2207.00,
7902,,,,,2019-07-23T13:07:51Z,46.86436667,12.80235000,2208.00,
7903,,,,,2019-07-23T13:07:52Z,46.86448333,12.80216667,2208.00,
7904,,,,,2019-07-23T13:07:53Z,46.86456667,12.80196667,2210.00,
7905,,,,,2019-07-23T13:07:54Z,46.86465000,12.80176667,2211.00,
7906,,,,,2019-07-23T13:07:55Z,46.86471667,12.80155000,2212.00,
7907,,,,,2019-07-23T13:07:56Z,46.86475000,12.80133333,2213.00,
7908,,,,,2019-07-23T13:07:57Z,46.86476667,12.80108333,2213.00,
7909,,,,,2019-07-23T13:07:58Z,46.86476667,12.80078333,2211.00,
7910,,,,,2019-07-23T13:07:59Z,46.86473333,12.80046667,2210.00,
7911,,,,,2019-07-23T13:08:00Z,46.86471667,12.80015000,2209.00,
7912,,,,,2019-07-23T13:08:01Z,46.86471667,12.79983333,2208.00,
7913,,,,,2019-07-23T13:08:02Z,46.86473333,12.79955000,2208.00,
7914,,,,,2019-07-23T13:08:03Z,46.86478333,12.79931667,2211.00,
7915,,,,,2019-07-23T13:08:04Z,46.86486667,12.79913333,2216.00,
7916,,,,,2019-07-23T13:08:05Z,46.86496667,12.79896667,2219.00,
7917,,,,,2019-07-23T13:08:06Z,46.86508333,12.79885000,2223.00,
7918,,,,,2019-07-23T13:08:07Z,46.86523333,12.79876667,2224.00,
7919,,,,,2019-07-23T13:08:08Z,46.86538333,12.79871667,2224.00,
7920,,,,,2019-07-23T13:08:09Z,46.86556667,12.79868333,2222.00,
7921,,,,,2019-07-23T13:08:10Z,46.86576667,12.79868333,2222.00,
7922,,,,,2019-07-23T13:08:11Z,46.86596667,12.79865000,2221.00,
7923,,,,,2019-07-23T13:08:12Z,46.86615000,12.79863333,2220.00,
7924,,,,,2019-07-23T13:08:13Z,46.86633333,12.79861667,2220.00,
7925,,,,,2019-07-23T13:08:14Z,46.86650000,12.79856667,2222.00,
7926,,,,,2019-07-23T13:08:15Z,46.86668333,12.79851667,2225.00,
7927,,,,,2019-07-23T13:08:16Z,46.86685000,12.79841667,2227.00,
7928,,,,,2019-07-23T13:08:17Z,46.86701667,12.79830000,2229.00,
7929,,,,,2019-07-23T13:08:18Z,46.86715000,12.79815000,2229.00,
7930,,,,,2019-07-23T13:08:19Z,46.86728333,12.79798333,2231.00,
7931,,,,,2019-07-23T13:08:20Z,46.86741667,12.79780000,2232.00,
7932,,,,,2019-07-23T13:08:21Z,46.86751667,12.79756667,2233.00,
7933,,,,,2019-07-23T13:08:22Z,46.86761667,12.79733333,2234.00,
7934,,,,,2019-07-23T13:08:23Z,46.86770000,12.79708333,2234.00,
7935,,,,,2019-07-23T13:08:24Z,46.86781667,12.79685000,2231.00,
7936,,,,,2019-07-23T13:08:25Z,46.86791667,12.79660000,2230.00,
7937,,,,,2019-07-23T13:08:26Z,46.86801667,12.79635000,2231.00,
7938,,,,,2019-07-23T13:08:27Z,46.86813333,12.79610000,2232.00,
7939,,,,,2019-07-23T13:08:28Z,46.86826667,12.79586667,2232.00,
7940,,,,,2019-07-23T13:08:29Z,46.86840000,12.79565000,2232.00,
7941,,,,,2019-07-23T13:08:30Z,46.86856667,12.79548333,2233.00,
7942,,,,,2019-07-23T13:08:31Z,46.86871667,12.79533333,2233.00,
7943,,,,,2019-07-23T13:08:32Z,46.86888333,12.79521667,2233.00,
7944,,,,,2019-07-23T13:08:33Z,46.86901667,12.79510000,2236.00,
7945,,,,,2019-07-23T13:08:34Z,46.86916667,12.79500000,2238.00,
7946,,,,,2019-07-23T13:08:35Z,46.86930000,12.79490000,2240.00,
7947,,,,,2019-07-23T13:08:36Z,46.86943333,12.79476667,2240.00,
7948,,,,,2019-07-23T13:08:37Z,46.86958333,12.79463333,2240.00,
7949,,,,,2019-07-23T13:08:38Z,46.86973333,12.79446667,2239.00,
7950,,,,,2019-07-23T13:08:39Z,46.86990000,12.79431667,2236.00,
7951,,,,,2019-07-23T13:08:40Z,46.87006667,12.79415000,2235.00,
7952,,,,,2019-07-23T13:08:41Z,46.87021667,12.79400000,2236.00,
7953,,,,,2019-07-23T13:08:42Z,46.87036667,12.79385000,2236.00,
7954,,,,,2019-07-23T13:08:43Z,46.87051667,12.79371667,2237.00,
7955,,,,,2019-07-23T13:08:44Z,46.87066667,12.79358333,2240.00,
7956,,,,,2019-07-23T13:08:45Z,46.87081667,12.79345000,2238.00,
7957,,,,,2019-07-23T13:08:46Z,46.87096667,12.79331667,2240.00,
7958,,,,,2019-07-23T13:08:47Z,46.87113333,12.79316667,2239.00,
7959,,,,,2019-07-23T13:08:48Z,46.87131667,12.79305000,2239.00,
7960,,,,,2019-07-23T13:08:49Z,46.87148333,12.79295000,2240.00,
7961,,,,,2019-07-23T13:08:50Z,46.87163333,12.79283333,2241.00,
7962,,,,,2019-07-23T13:08:51Z,46.87178333,12.79275000,2243.00,
7963,,,,,2019-07-23T13:08:52Z,46.87193333,12.79266667,2243.00,
7964,,,,,2019-07-23T13:08:53Z,46.87208333,12.79258333,2246.00,
7965,,,,,2019-07-23T13:08:54Z,46.87223333,12.79248333,2249.00,
7966,,,,,2019-07-23T13:08:55Z,46.87238333,12.79238333,2251.00,
7967,,,,,2019-07-23T13:08:56Z,46.87253333,12.79225000,2252.00,
7968,,,,,2019-07-23T13:08:57Z,46.87266667,12.79210000,2251.00,
7969,,,,,2019-07-23T13:08:58Z,46.87278333,12.79190000,2250.00,
7970,,,,,2019-07-23T13:08:59Z,46.87286667,12.79168333,2251.00,
7971,,,,,2019-07-23T13:09:00Z,46.87291667,12.79145000,2252.00,
7972,,,,,2019-07-23T13:09:01Z,46.87293333,12.79121667,2253.00,
7973,,,,,2019-07-23T13:09:02Z,46.87290000,12.79100000,2254.00,
7974,,,,,2019-07-23T13:09:03Z,46.87285000,12.79080000,2256.00,
7975,,,,,2019-07-23T13:09:04Z,46.87275000,12.79063333,2256.00,
7976,,,,,2019-07-23T13:09:05Z,46.87263333,12.79050000,2256.00,
7977,,,,,2019-07-23T13:09:06Z,46.87248333,12.79041667,2257.00,
7978,,,,,2019-07-23T13:09:07Z,46.87233333,12.79041667,2259.00,
7979,,,,,2019-07-23T13:09:08Z,46.87220000,12.79046667,2261.00,
7980,,,,,2019-07-23T13:09:09Z,46.87208333,12.79055000,2262.00,
7981,,,,,2019-07-23T13:09:10Z,46.87196667,12.79070000,2262.00,
7982,,,,,2019-07-23T13:09:11Z,46.87188333,12.79086667,2263.00,
7983,,,,,2019-07-23T13:09:12Z,46.87181667,12.79105000,2266.00,
7984,,,,,2019-07-23T13:09:13Z,46.87180000,12.79123333,2268.00,
7985,,,,,2019-07-23T13:09:14Z,46.87180000,12.79143333,2269.00,
7986,,,,,2019-07-23T13:09:15Z,46.87185000,12.79161667,2269.00,
7987,,,,,2019-07-23T13:09:16Z,46.87193333,12.79180000,2269.00,
7988,,,,,2019-07-23T13:09:17Z,46.87208333,12.79193333,2271.00,
7989,,,,,2019-07-23T13:09:18Z,46.87223333,12.79203333,2272.00,
7990,,,,,2019-07-23T13:09:19Z,46.87240000,12.79206667,2273.00,
7991,,,,,2019-07-23T13:09:20Z,46.87255000,12.79205000,2274.00,
7992,,,,,2019-07-23T13:09:21Z,46.87271667,12.79196667,2275.00,
7993,,,,,2019-07-23T13:09:22Z,46.87283333,12.79186667,2276.00,
7994,,,,,2019-07-23T13:09:23Z,46.87296667,12.79171667,2276.00,
7995,,,,,2019-07-23T13:09:24Z,46.87301667,12.79150000,2276.00,
7996,,,,,2019-07-23T13:09:25Z,46.87300000,12.79126667,2277.00,
7997,,,,,2019-07-23T13:09:26Z,46.87291667,12.79103333,2276.00,
7998,,,,,2019-07-23T13:09:27Z,46.87280000,12.79086667,2276.00,
7999,,,,,2019-07-23T13:09:28Z,46.87270000,12.79071667,2276.00,
8000,,,,,2019-07-23T13:09:29Z,46.87261667,12.79063333,2278.00,
8001,,,,,2019-07-23T13:09:30Z,46.87243333,12.79061667,2279.00,
8002,,,,,2019-07-23T13:09:31Z,46.87231667,12.79070000,2281.00,
8003,,,,,2019-07-23T13:09:32Z,46.87220000,12.79076667,2284.00,
8004,,,,,2019-07-23T13:09:33Z,46.87210000,12.79086667,2287.00,
8005,,,,,2019-07-23T13:09:34Z,46.87200000,12.79101667,2288.00,
8006,,,,,2019-07-23T13:09:35Z,46.87195000,12.79118333,2289.00,
8007,,,,,2019-07-23T13:09:36Z,46.87198333,12.79145000,2289.00,
8008,,,,,2019-07-23T13:09:37Z,46.87206667,12.79170000,2288.00,
8009,,,,,2019-07-23T13:09:38Z,46.87216667,12.79193333,2289.00,
8010,,,,,2019-07-23T13:09:39Z,46.87226667,12.79213333,2289.00,
8011,,,,,2019-07-23T13:09:40Z,46.87240000,12.79230000,2291.00,
8012,,,,,2019-07-23T13:09:41Z,46.87256667,12.79243333,2293.00,
8013,,,,,2019-07-23T13:09:42Z,46.87273333,12.79248333,2295.00,
8014,,,,,2019-07-23T13:09:43Z,46.87291667,12.79248333,2297.00,
8015,,,,,2019-07-23T13:09:44Z,46.87305000,12.79241667,2299.00,
8016,,,,,2019-07-23T13:09:45Z,46.87321667,12.79236667,2302.00,
8017,,,,,2019-07-23T13:09:46Z,46.87335000,12.79225000,2305.00,
8018,,,,,2019-07-23T13:09:47Z,46.87345000,12.79213333,2308.00,
8019,,,,,2019-07-23T13:09:48Z,46.87350000,12.79193333,2308.00,
8020,,,,,2019-07-23T13:09:49Z,46.87350000,12.79170000,2309.00,
8021,,,,,2019-07-23T13:09:50Z,46.87345000,12.79148333,2312.00,
8022,,,,,2019-07-23T13:09:51Z,46.87336667,12.79138333,2312.00,
8023,,,,,2019-07-23T13:09:52Z,46.87321667,12.79128333,2313.00,
8024,,,,,2019-07-23T13:09:53Z,46.87310000,12.79130000,2315.00,
8025,,,,,2019-07-23T13:09:54Z,46.87300000,12.79138333,2317.00,
8026,,,,,2019-07-23T13:09:55Z,46.87291667,12.79153333,2318.00,
8027,,,,,2019-07-23T13:09:56Z,46.87285000,12.79170000,2318.00,
8028,,,,,2019-07-23T13:09:57Z,46.87281667,12.79188333,2316.00,
8029,,,,,2019-07-23T13:09:58Z,46.87285000,12.79210000,2317.00,
8030,,,,,2019-07-23T13:09:59Z,46.87291667,12.79235000,2319.00,
8031,,,,,2019-07-23T13:10:00Z,46.87306667,12.79256667,2321.00,
8032,,,,,2019-07-23T13:10:01Z,46.87316667,12.79275000,2323.00,
8033,,,,,2019-07-23T13:10:02Z,46.87328333,12.79290000,2323.00,
8034,,,,,2019-07-23T13:10:03Z,46.87341667,12.79303333,2325.00,
8035,,,,,2019-07-23T13:10:04Z,46.87356667,12.79315000,2326.00,
8036,,,,,2019-07-23T13:10:05Z,46.87371667,12.79323333,2328.00,
8037,,,,,2019-07-23T13:10:06Z,46.87386667,12.79328333,2330.00,
8038,,,,,2019-07-23T13:10:07Z,46.87400000,12.79333333,2330.00,
8039,,,,,2019-07-23T13:10:08Z,46.87415000,12.79335000,2331.00,
8040,,,,,2019-07-23T13:10:09Z,46.87430000,12.79331667,2331.00,
8041,,,,,2019-07-23T13:10:10Z,46.87446667,12.79325000,2332.00,
8042,,,,,2019-07-23T13:10:11Z,46.87460000,12.79313333,2335.00,
8043,,,,,2019-07-23T13:10:12Z,46.87471667,12.79296667,2338.00,
8044,,,,,2019-07-23T13:10:13Z,46.87480000,12.79275000,2339.00,
8045,,,,,2019-07-23T13:10:14Z,46.87481667,12.79243333,2340.00,
8046,,,,,2019-07-23T13:10:15Z,46.87476667,12.79208333,2340.00,
8047,,,,,2019-07-23T13:10:16Z,46.87473333,12.79180000,2339.00,
8048,,,,,2019-07-23T13:10:17Z,46.87465000,12.79155000,2338.00,
8049,,,,,2019-07-23T13:10:18Z,46.87455000,12.79133333,2340.00,
8050,,,,,2019-07-23T13:10:19Z,46.87443333,12.79116667,2343.00,
8051,,,,,2019-07-23T13:10:20Z,46.87430000,12.79106667,2345.00,
8052,,,,,2019-07-23T13:10:21Z,46.87418333,12.79101667,2346.00,
8053,,,,,2019-07-23T13:10:22Z,46.87403333,12.79100000,2345.00,
8054,,,,,2019-07-23T13:10:23Z,46.87390000,12.79106667,2345.00,
8055,,,,,2019-07-23T13:10:24Z,46.87375000,12.79121667,2346.00,
8056,,,,,2019-07-23T13:10:25Z,46.87366667,12.79140000,2348.00,
8057,,,,,2019-07-23T13:10:26Z,46.87365000,12.79160000,2349.00,
8058,,,,,2019-07-23T13:10:27Z,46.87366667,12.79181667,2349.00,
8059,,,,,2019-07-23T13:10:28Z,46.87375000,12.79200000,2350.00,
8060,,,,,2019-07-23T13:10:29Z,46.87385000,12.79216667,2353.00,
8061,,,,,2019-07-23T13:10:30Z,46.87400000,12.79223333,2355.00,
8062,,,,,2019-07-23T13:10:31Z,46.87416667,12.79218333,2356.00,
8063,,,,,2019-07-23T13:10:32Z,46.87433333,12.79203333,2357.00,
8064,,,,,2019-07-23T13:10:33Z,46.87445000,12.79186667,2359.00,
8065,,,,,2019-07-23T13:10:34Z,46.87451667,12.79166667,2360.00,
8066,,,,,2019-07-23T13:10:35Z,46.87451667,12.79145000,2362.00,
8067,,,,,2019-07-23T13:10:36Z,46.87443333,12.79121667,2365.00,
8068,,,,,2019-07-23T13:10:37Z,46.87431667,12.79105000,2366.00,
8069,,,,,2019-07-23T13:10:38Z,46.87421667,12.79091667,2366.00,
8070,,,,,2019-07-23T13:10:39Z,46.87410000,12.79083333,2368.00,
8071,,,,,2019-07-23T13:10:40Z,46.87396667,12.79085000,2369.00,
8072,,,,,2019-07-23T13:10:41Z,46.87381667,12.79093333,2370.00,
8073,,,,,2019-07-23T13:10:42Z,46.87368333,12.79103333,2370.00,
8074,,,,,2019-07-23T13:10:43Z,46.87356667,12.79116667,2368.00,
8075,,,,,2019-07-23T13:10:44Z,46.87346667,12.79130000,2368.00,
8076,,,,,2019-07-23T13:10:45Z,46.87338333,12.79146667,2369.00,
8077,,,,,2019-07-23T13:10:46Z,46.87331667,12.79165000,2370.00,
8078,,,,,2019-07-23T13:10:47Z,46.87328333,12.79185000,2372.00,
8079,,,,,2019-07-23T13:10:48Z,46.87328333,12.79206667,2375.00,
8080,,,,,2019-07-23T13:10:49Z,46.87331667,12.79228333,2376.00,
8081,,,,,2019-07-23T13:10:50Z,46.87336667,12.79246667,2376.00,
8082,,,,,2019-07-23T13:10:51Z,46.87348333,12.79263333,2378.00,
8083,,,,,2019-07-23T13:10:52Z,46.87360000,12.79275000,2381.00,
8084,,,,,2019-07-23T13:10:53Z,46.87375000,12.79273333,2383.00,
8085,,,,,2019-07-23T13:10:54Z,46.87393333,12.79263333,2383.00,
8086,,,,,2019-07-23T13:10:55Z,46.87408333,12.79251667,2383.00,
8087,,,,,2019-07-23T13:10:56Z,46.87418333,12.79231667,2384.00,
8088,,,,,2019-07-23T13:10:57Z,46.87421667,12.79208333,2386.00,
8089,,,,,2019-07-23T13:10:58Z,46.87418333,12.79185000,2388.00,
8090,,,,,2019-07-23T13:10:59Z,46.87410000,12.79163333,2388.00,
8091,,,,,2019-07-23T13:11:00Z,46.87401667,12.79146667,2389.00,
8092,,,,,2019-07-23T13:11:01Z,46.87388333,12.79135000,2390.00,
8093,,,,,2019-07-23T13:11:02Z,46.87373333,12.79131667,2390.00,
8094,,,,,2019-07-23T13:11:03Z,46.87361667,12.79140000,2391.00,
8095,,,,,2019-07-23T13:11:04Z,46.87350000,12.79151667,2392.00,
8096,,,,,2019-07-23T13:11:05Z,46.87341667,12.79168333,2394.00,
8097,,,,,2019-07-23T13:11:06Z,46.87335000,12.79185000,2395.00,
8098,,,,,2019-07-23T13:11:07Z,46.87333333,12.79203333,2397.00,
8099,,,,,2019-07-23T13:11:08Z,46.87340000,12.79220000,2401.00,
8100,,,,,2019-07-23T13:11:09Z,46.87348333,12.79236667,2403.00,
8101,,,,,2019-07-23T13:11:10Z,46.87361667,12.79243333,2403.00,
8102,,,,,2019-07-23T13:11:11Z,46.87383333,12.79236667,2405.00,
8103,,,,,2019-07-23T13:11:12Z,46.87403333,12.79225000,2407.00,
8104,,,,,2019-07-23T13:11:13Z,46.87411667,12.79200000,2408.00,
8105,,,,,2019-07-23T13:11:14Z,46.87418333,12.79178333,2409.00,
8106,,,,,2019-07-23T13:11:15Z,46.87420000,12.79155000,2410.00,
8107,,,,,2019-07-23T13:11:16Z,46.87415000,12.79130000,2412.00,
8108,,,,,2019-07-23T13:11:17Z,46.87410000,12.79111667,2414.00,
8109,,,,,2019-07-23T13:11:18Z,46.87398333,12.79096667,2415.00,
8110,,,,,2019-07-23T13:11:19Z,46.87385000,12.79088333,2416.00,
8111,,,,,2019-07-23T13:11:20Z,46.87371667,12.79088333,2416.00,
8112,,,,,2019-07-23T13:11:21Z,46.87358333,12.79093333,2416.00,
8113,,,,,2019-07-23T13:11:22Z,46.87348333,12.79108333,2417.00,
8114,,,,,2019-07-23T13:11:23Z,46.87338333,12.79126667,2418.00,
8115,,,,,2019-07-23T13:11:24Z,46.87333333,12.79146667,2419.00,
8116,,,,,2019-07-23T13:11:25Z,46.87333333,12.79166667,2420.00,
8117,,,,,2019-07-23T13:11:26Z,46.87335000,12.79185000,2421.00,
8118,,,,,2019-07-23T13:11:27Z,46.87338333,12.79203333,2423.00,
8119,,,,,2019-07-23T13:11:28Z,46.87348333,12.79220000,2426.00,
8120,,,,,2019-07-23T13:11:29Z,46.87358333,12.79226667,2429.00,
8121,,,,,2019-07-23T13:11:30Z,46.87370000,12.79230000,2431.00,
8122,,,,,2019-07-23T13:11:31Z,46.87383333,12.79225000,2433.00,
8123,,,,,2019-07-23T13:11:32Z,46.87395000,12.79220000,2436.00,
8124,,,,,2019-07-23T13:11:33Z,46.87403333,12.79215000,2438.00,
8125,,,,,2019-07-23T13:11:34Z,46.87403333,12.79205000,2440.00,
8126,,,,,2019-07-23T13:11:35Z,46.87398333,12.79195000,2442.00,
8127,,,,,2019-07-23T13:11:36Z,46.87390000,12.79185000,2444.00,
8128,,,,,2019-07-23T13:11:37Z,46.87378333,12.79178333,2445.00,
8129,,,,,2019-07-23T13:11:38Z,46.87365000,12.79175000,2446.00,
8130,,,,,2019-07-23T13:11:39Z,46.87355000,12.79181667,2448.00,
8131,,,,,2019-07-23T13:11:40Z,46.87350000,12.79198333,2448.00,
8132,,,,,2019-07-23T13:11:41Z,46.87346667,12.79218333,2449.00,
8133,,,,,2019-07-23T13:11:42Z,46.87348333,12.79238333,2451.00,
8134,,,,,2019-07-23T13:11:43Z,46.87356667,12.79256667,2452.00,
8135,,,,,2019-07-23T13:11:44Z,46.87375000,12.79280000,2454.00,
8136,,,,,2019-07-23T13:11:45Z,46.87393333,12.79293333,2457.00,
8137,,,,,2019-07-23T13:11:46Z,46.87408333,12.79298333,2458.00,
8138,,,,,2019-07-23T13:11:47Z,46.87423333,12.79291667,2460.00,
8139,,,,,2019-07-23T13:11:48Z,46.87440000,12.79280000,2462.00,
8140,,,,,2019-07-23T13:11:49Z,46.87450000,12.79256667,2465.00,
8141,,,,,2019-07-23T13:11:50Z,46.87461667,12.79245000,2467.00,
8142,,,,,2019-07-23T13:11:51Z,46.87466667,12.79223333,2469.00,
8143,,,,,2019-07-23T13:11:52Z,46.87465000,12.79200000,2471.00,
8144,,,,,2019-07-23T13:11:53Z,46.87460000,12.79181667,2473.00,
8145,,,,,2019-07-23T13:11:54Z,46.87453333,12.79165000,2475.00,
8146,,,,,2019-07-23T13:11:55Z,46.87441667,12.79158333,2475.00,
8147,,,,,2019-07-23T13:11:56Z,46.87430000,12.79156667,2476.00,
8148,,,,,2019-07-23T13:11:57Z,46.87418333,12.79153333,2477.00,
8149,,,,,2019-07-23T13:11:58Z,46.87406667,12.79153333,2478.00,
8150,,,,,2019-07-23T13:11:59Z,46.87398333,12.79163333,2475.00,
8151,,,,,2019-07-23T13:12:00Z,46.87395000,12.79178333,2478.00,
8152,,,,,2019-07-23T13:12:01Z,46.87400000,12.79203333,2480.00,
8153,,,,,2019-07-23T13:12:02Z,46.87408333,12.79228333,2480.00,
8154,,,,,2019-07-23T13:12:03Z,46.87418333,12.79248333,2480.00,
8155,,,,,2019-07-23T13:12:04Z,46.87430000,12.79260000,2481.00,
8156,,,,,2019-07-23T13:12:05Z,46.87441667,12.79265000,2483.00,
8157,,,,,2019-07-23T13:12:06Z,46.87456667,12.79261667,2485.00,
8158,,,,,2019-07-23T13:12:07Z,46.87473333,12.79250000,2488.00,
8159,,,,,2019-07-23T13:12:08Z,46.87485000,12.79233333,2489.00,
8160,,,,,2019-07-23T13:12:09Z,46.87490000,12.79210000,2490.00,
8161,,,,,2019-07-23T13:12:10Z,46.87490000,12.79188333,2492.00,
8162,,,,,2019-07-23T13:12:11Z,46.87483333,12.79168333,2493.00,
8163,,,,,2019-07-23T13:12:12Z,46.87476667,12.79153333,2495.00,
8164,,,,,2019-07-23T13:12:13Z,46.87461667,12.79148333,2497.00,
8165,,,,,2019-07-23T13:12:14Z,46.87448333,12.79148333,2499.00,
8166,,,,,2019-07-23T13:12:15Z,46.87438333,12.79158333,2500.00,
8167,,,,,2019-07-23T13:12:16Z,46.87435000,12.79178333,2502.00,
8168,,,,,2019-07-23T13:12:17Z,46.87433333,12.79196667,2503.00,
8169,,,,,2019-07-23T13:12:18Z,46.87435000,12.79213333,2505.00,
8170,,,,,2019-07-23T13:12:19Z,46.87441667,12.79230000,2507.00,
8171,,,,,2019-07-23T13:12:20Z,46.87448333,12.79238333,2508.00,
8172,,,,,2019-07-23T13:12:21Z,46.87455000,12.79238333,2508.00,
8173,,,,,2019-07-23T13:12:22Z,46.87468333,12.79236667,2508.00,
8174,,,,,2019-07-23T13:12:23Z,46.87485000,12.79210000,2509.00,
8175,,,,,2019-07-23T13:12:24Z,46.87493333,12.79185000,2510.00,
8176,,,,,2019-07-23T13:12:25Z,46.87496667,12.79163333,2513.00,
8177,,,,,2019-07-23T13:12:26Z,46.87493333,12.79138333,2513.00,
8178,,,,,2019-07-23T13:12:27Z,46.87480000,12.79111667,2514.00,
8179,,,,,2019-07-23T13:12:28Z,46.87471667,12.79093333,2515.00,
8180,,,,,2019-07-23T13:12:29Z,46.87463333,12.79083333,2516.00,
8181,,,,,2019-07-23T13:12:30Z,46.87448333,12.79080000,2518.00,
8182,,,,,2019-07-23T13:12:31Z,46.87436667,12.79085000,2519.00,
8183,,,,,2019-07-23T13:12:32Z,46.87428333,12.79095000,2520.00,
8184,,,,,2019-07-23T13:12:33Z,46.87418333,12.79106667,2521.00,
8185,,,,,2019-07-23T13:12:34Z,46.87410000,12.79123333,2522.00,
8186,,,,,2019-07-23T13:12:35Z,46.87405000,12.79143333,2523.00,
8187,,,,,2019-07-23T13:12:36Z,46.87405000,12.79165000,2524.00,
8188,,,,,2019-07-23T13:12:37Z,46.87403333,12.79183333,2525.00,
8189,,,,,2019-07-23T13:12:38Z,46.87410000,12.79201667,2527.00,
8190,,,,,2019-07-23T13:12:39Z,46.87413333,12.79215000,2529.00,
8191,,,,,2019-07-23T13:12:40Z,46.87435000,12.79225000,2530.00,
8192,,,,,2019-07-23T13:12:41Z,46.87460000,12.79228333,2532.00,
8193,,,,,2019-07-23T13:12:42Z,46.87475000,12.79225000,2535.00,
8194,,,,,2019-07-23T13:12:43Z,46.87486667,12.79223333,2537.00,
8195,,,,,2019-07-23T13:12:44Z,46.87498333,12.79216667,2539.00,
8196,,,,,2019-07-23T13:12:45Z,46.87510000,12.79201667,2541.00,
8197,,,,,2019-07-23T13:12:46Z,46.87516667,12.79185000,2542.00,
8198,,,,,2019-07-23T13:12:47Z,46.87513333,12.79153333,2544.00,
8199,,,,,2019-07-23T13:12:48Z,46.87511667,12.79135000,2546.00,
8200,,,,,2019-07-23T13:12:49Z,46.87506667,12.79121667,2547.00,
8201,,,,,2019-07-23T13:12:50Z,46.87501667,12.79110000,2548.00,
8202,,,,,2019-07-23T13:12:51Z,46.87493333,12.79106667,2549.00,
8203,,,,,2019-07-23T13:12:52Z,46.87488333,12.79110000,2551.00,
8204,,,,,2019-07-23T13:12:53Z,46.87483333,12.79123333,2552.00,
8205,,,,,2019-07-23T13:12:54Z,46.87478333,12.79141667,2553.00,
8206,,,,,2019-07-23T13:12:55Z,46.87473333,12.79153333,2556.00,
8207,,,,,2019-07-23T13:12:56Z,46.87468333,12.79170000,2557.00,
8208,,,,,2019-07-23T13:12:57Z,46.87465000,12.79183333,2560.00,
8209,,,,,2019-07-23T13:12:58Z,46.87465000,12.79195000,2563.00,
8210,,,,,2019-07-23T13:12:59Z,46.87468333,12.79205000,2565.00,
8211,,,,,2019-07-23T13:13:00Z,46.87473333,12.79208333,2567.00,
8212,,,,,2019-07-23T13:13:01Z,46.87483333,12.79205000,2568.00,
8213,,,,,2019-07-23T13:13:02Z,46.87521667,12.79193333,2568.00,
8214,,,,,2019-07-23T13:13:03Z,46.87540000,12.79176667,2569.00,
8215,,,,,2019-07-23T13:13:04Z,46.87553333,12.79166667,2571.00,
8216,,,,,2019-07-23T13:13:05Z,46.87566667,12.79150000,2573.00,
8217,,,,,2019-07-23T13:13:06Z,46.87575000,12.79131667,2573.00,
8218,,,,,2019-07-23T13:13:07Z,46.87576667,12.79110000,2574.00,
8219,,,,,2019-07-23T13:13:08Z,46.87586667,12.79090000,2576.00,
8220,,,,,2019-07-23T13:13:09Z,46.87595000,12.79068333,2579.00,
8221,,,,,2019-07-23T13:13:10Z,46.87601667,12.79048333,2582.00,
8222,,,,,2019-07-23T13:13:11Z,46.87605000,12.79035000,2583.00,
8223,,,,,2019-07-23T13:13:12Z,46.87603333,12.79016667,2584.00,
8224,,,,,2019-07-23T13:13:13Z,46.87600000,12.79001667,2582.00,
8225,,,,,2019-07-23T13:13:14Z,46.87578333,12.79010000,2583.00,
8226,,,,,2019-07-23T13:13:15Z,46.87558333,12.79021667,2583.00,
8227,,,,,2019-07-23T13:13:16Z,46.87543333,12.79038333,2583.00,
8228,,,,,2019-07-23T13:13:17Z,46.87533333,12.79058333,2583.00,
8229,,,,,2019-07-23T13:13:18Z,46.87528333,12.79078333,2584.00,
8230,,,,,2019-07-23T13:13:19Z,46.87530000,12.79096667,2584.00,
8231,,,,,2019-07-23T13:13:20Z,46.87538333,12.79115000,2585.00,
8232,,,,,2019-07-23T13:13:21Z,46.87556667,12.79126667,2587.00,
8233,,,,,2019-07-23T13:13:22Z,46.87573333,12.79138333,2588.00,
8234,,,,,2019-07-23T13:13:23Z,46.87590000,12.79141667,2588.00,
8235,,,,,2019-07-23T13:13:24Z,46.87606667,12.79131667,2589.00,
8236,,,,,2019-07-23T13:13:25Z,46.87625000,12.79120000,2589.00,
8237,,,,,2019-07-23T13:13:26Z,46.87641667,12.79101667,2589.00,
8238,,,,,2019-07-23T13:13:27Z,46.87651667,12.79076667,2590.00,
8239,,,,,2019-07-23T13:13:28Z,46.87653333,12.79048333,2590.00,
8240,,,,,2019-07-23T13:13:29Z,46.87656667,12.79023333,2591.00,
8241,,,,,2019-07-23T13:13:30Z,46.87658333,12.79000000,2592.00,
8242,,,,,2019-07-23T13:13:31Z,46.87656667,12.78978333,2593.00,
8243,,,,,2019-07-23T13:13:32Z,46.87656667,12.78960000,2595.00,
8244,,,,,2019-07-23T13:13:33Z,46.87653333,12.78940000,2597.00,
8245,,,,,2019-07-23T13:13:34Z,46.87645000,12.78916667,2598.00,
8246,,,,,2019-07-23T13:13:35Z,46.87635000,12.78895000,2597.00,
8247,,,,,2019-07-23T13:13:36Z,46.87620000,12.78875000,2597.00,
8248,,,,,2019-07-23T13:13:37Z,46.87606667,12.78851667,2595.00,
8249,,,,,2019-07-23T13:13:38Z,46.87596667,12.78828333,2594.00,
8250,,,,,2019-07-23T13:13:39Z,46.87588333,12.78800000,2592.00,
8251,,,,,2019-07-23T13:13:40Z,46.87585000,12.78771667,2590.00,
8252,,,,,2019-07-23T13:13:41Z,46.87586667,12.78743333,2587.00,
8253,,,,,2019-07-23T13:13:42Z,46.87590000,12.78716667,2585.00,
8254,,,,,2019-07-23T13:13:43Z,46.87595000,12.78690000,2582.00,
8255,,,,,2019-07-23T13:13:44Z,46.87601667,12.78663333,2578.00,
8256,,,,,2019-07-23T13:13:45Z,46.87606667,12.78635000,2576.00,
8257,,,,,2019-07-23T13:13:46Z,46.87613333,12.78608333,2576.00,
8258,,,,,2019-07-23T13:13:47Z,46.87618333,12.78581667,2576.00,
8259,,,,,2019-07-23T13:13:48Z,46.87623333,12.78555000,2576.00,
8260,,,,,2019-07-23T13:13:49Z,46.87630000,12.78528333,2577.00,
8261,,,,,2019-07-23T13:13:50Z,46.87636667,12.78503333,2578.00,
8262,,,,,2019-07-23T13:13:51Z,46.87643333,12.78476667,2578.00,
8263,,,,,2019-07-23T13:13:52Z,46.87648333,12.78448333,2577.00,
8264,,,,,2019-07-23T13:13:53Z,46.87655000,12.78421667,2575.00,
8265,,,,,2019-07-23T13:13:54Z,46.87660000,12.78393333,2571.00,
8266,,,,,2019-07-23T13:13:55Z,46.87663333,12.78363333,2570.00,
8267,,,,,2019-07-23T13:13:56Z,46.87663333,12.78331667,2568.00,
8268,,,,,2019-07-23T13:13:57Z,46.87665000,12.78301667,2565.00,
8269,,,,,2019-07-23T13:13:58Z,46.87665000,12.78270000,2562.00,
8270,,,,,2019-07-23T13:13:59Z,46.87665000,12.78241667,2560.00,
8271,,,,,2019-07-23T13:14:00Z,46.87666667,12.78213333,2559.00,
8272,,,,,2019-07-23T13:14:01Z,46.87666667,12.78186667,2558.00,
8273,,,,,2019-07-23T13:14:02Z,46.87666667,12.78160000,2558.00,
8274,,,,,2019-07-23T13:14:03Z,46.87665000,12.78133333,2558.00,
8275,,,,,2019-07-23T13:14:04Z,46.87663333,12.78105000,2558.00,
8276,,,,,2019-07-23T13:14:05Z,46.87656667,12.78076667,2554.00,
8277,,,,,2019-07-23T13:14:06Z,46.87651667,12.78050000,2556.00,
8278,,,,,2019-07-23T13:14:07Z,46.87646667,12.78021667,2557.00,
8279,,,,,2019-07-23T13:14:08Z,46.87645000,12.77995000,2555.00,
8280,,,,,2019-07-23T13:14:09Z,46.87643333,12.77970000,2555.00,
8281,,,,,2019-07-23T13:14:10Z,46.87641667,12.77948333,2560.00,
8282,,,,,2019-07-23T13:14:11Z,46.87640000,12.77926667,2561.00,
8283,,,,,2019-07-23T13:14:12Z,46.87636667,12.77906667,2562.00,
8284,,,,,2019-07-23T13:14:13Z,46.87633333,12.77886667,2566.00,
8285,,,,,2019-07-23T13:14:14Z,46.87625000,12.77866667,2566.00,
8286,,,,,2019-07-23T13:14:15Z,46.87616667,12.77845000,2566.00,
8287,,,,,2019-07-23T13:14:16Z,46.87608333,12.77821667,2565.00,
8288,,,,,2019-07-23T13:14:17Z,46.87600000,12.77796667,2564.00,
8289,,,,,2019-07-23T13:14:18Z,46.87591667,12.77771667,2566.00,
8290,,,,,2019-07-23T13:14:19Z,46.87588333,12.77745000,2566.00,
8291,,,,,2019-07-23T13:14:20Z,46.87585000,12.77718333,2565.00,
8292,,,,,2019-07-23T13:14:21Z,46.87581667,12.77691667,2562.00,
8293,,,,,2019-07-23T13:14:22Z,46.87578333,12.77663333,2562.00,
8294,,,,,2019-07-23T13:14:23Z,46.87573333,12.77638333,2563.00,
8295,,,,,2019-07-23T13:14:24Z,46.87566667,12.77615000,2566.00,
8296,,,,,2019-07-23T13:14:25Z,46.87560000,12.77593333,2568.00,
8297,,,,,2019-07-23T13:14:26Z,46.87550000,12.77575000,2571.00,
8298,,,,,2019-07-23T13:14:27Z,46.87538333,12.77558333,2574.00,
8299,,,,,2019-07-23T13:14:28Z,46.87523333,12.77545000,2576.00,
8300,,,,,2019-07-23T13:14:29Z,46.87506667,12.77535000,2576.00,
8301,,,,,2019-07-23T13:14:30Z,46.87490000,12.77528333,2577.00,
8302,,,,,2019-07-23T13:14:31Z,46.87475000,12.77528333,2579.00,
8303,,,,,2019-07-23T13:14:32Z,46.87460000,12.77530000,2580.00,
8304,,,,,2019-07-23T13:14:33Z,46.87443333,12.77540000,2585.00,
8305,,,,,2019-07-23T13:14:34Z,46.87430000,12.77553333,2588.00,
8306,,,,,2019-07-23T13:14:35Z,46.87420000,12.77570000,2592.00,
8307,,,,,2019-07-23T13:14:36Z,46.87413333,12.77586667,2594.00,
8308,,,,,2019-07-23T13:14:37Z,46.87408333,12.77603333,2594.00,
8309,,,,,2019-07-23T13:14:38Z,46.87408333,12.77618333,2596.00,
8310,,,,,2019-07-23T13:14:39Z,46.87408333,12.77635000,2596.00,
8311,,,,,2019-07-23T13:14:40Z,46.87415000,12.77651667,2596.00,
8312,,,,,2019-07-23T13:14:41Z,46.87428333,12.77665000,2595.00,
8313,,,,,2019-07-23T13:14:42Z,46.87443333,12.77676667,2592.00,
8314,,,,,2019-07-23T13:14:43Z,46.87465000,12.77681667,2590.00,
8315,,,,,2019-07-23T13:14:44Z,46.87486667,12.77686667,2591.00,
8316,,,,,2019-07-23T13:14:45Z,46.87505000,12.77686667,2592.00,
8317,,,,,2019-07-23T13:14:46Z,46.87521667,12.77686667,2595.00,
8318,,,,,2019-07-23T13:14:47Z,46.87536667,12.77685000,2599.00,
8319,,,,,2019-07-23T13:14:48Z,46.87548333,12.77681667,2603.00,
8320,,,,,2019-07-23T13:14:49Z,46.87558333,12.77676667,2607.00,
8321,,,,,2019-07-23T13:14:50Z,46.87566667,12.77666667,2611.00,
8322,,,,,2019-07-23T13:14:51Z,46.87575000,12.77651667,2613.00,
8323,,,,,2019-07-23T13:14:52Z,46.87576667,12.77633333,2615.00,
8324,,,,,2019-07-23T13:14:53Z,46.87573333,12.77615000,2617.00,
8325,,,,,2019-07-23T13:14:54Z,46.87565000,12.77603333,2618.00,
8326,,,,,2019-07-23T13:14:55Z,46.87548333,12.77595000,2621.00,
8327,,,,,2019-07-23T13:14:56Z,46.87531667,12.77596667,2623.00,
8328,,,,,2019-07-23T13:14:57Z,46.87516667,12.77608333,2625.00,
8329,,,,,2019-07-23T13:14:58Z,46.87506667,12.77630000,2626.00,
8330,,,,,2019-07-23T13:14:59Z,46.87503333,12.77653333,2627.00,
8331,,,,,2019-07-23T13:15:00Z,46.87503333,12.77680000,2630.00,
8332,,,,,2019-07-23T13:15:01Z,46.87506667,12.77703333,2631.00,
8333,,,,,2019-07-23T13:15:02Z,46.87515000,12.77725000,2634.00,
8334,,,,,2019-07-23T13:15:03Z,46.87528333,12.77738333,2637.00,
8335,,,,,2019-07-23T13:15:04Z,46.87541667,12.77741667,2640.00,
8336,,,,,2019-07-23T13:15:05Z,46.87556667,12.77740000,2643.00,
8337,,,,,2019-07-23T13:15:06Z,46.87568333,12.77730000,2647.00,
8338,,,,,2019-07-23T13:15:07Z,46.87578333,12.77706667,2649.00,
8339,,,,,2019-07-23T13:15:08Z,46.87578333,12.77683333,2650.00,
8340,,,,,2019-07-23T13:15:09Z,46.87571667,12.77660000,2651.00,
8341,,,,,2019-07-23T13:15:10Z,46.87560000,12.77643333,2652.00,
8342,,,,,2019-07-23T13:15:11Z,46.87546667,12.77631667,2653.00,
8343,,,,,2019-07-23T13:15:12Z,46.87528333,12.77625000,2655.00,
8344,,,,,2019-07-23T13:15:13Z,46.87513333,12.77628333,2657.00,
8345,,,,,2019-07-23T13:15:14Z,46.87501667,12.77641667,2659.00,
8346,,,,,2019-07-23T13:15:15Z,46.87495000,12.77663333,2657.00,
8347,,,,,2019-07-23T13:15:16Z,46.87496667,12.77688333,2660.00,
8348,,,,,2019-07-23T13:15:17Z,46.87503333,12.77710000,2664.00,
8349,,,,,2019-07-23T13:15:18Z,46.87516667,12.77721667,2667.00,
8350,,,,,2019-07-23T13:15:19Z,46.87530000,12.77725000,2668.00,
8351,,,,,2019-07-23T13:15:20Z,46.87543333,12.77720000,2668.00,
8352,,,,,2019-07-23T13:15:21Z,46.87555000,12.77710000,2670.00,
8353,,,,,2019-07-23T13:15:22Z,46.87561667,12.77693333,2672.00,
8354,,,,,2019-07-23T13:15:23Z,46.87565000,12.77675000,2674.00,
8355,,,,,2019-07-23T13:15:24Z,46.87561667,12.77650000,2676.00,
8356,,,,,2019-07-23T13:15:25Z,46.87555000,12.77628333,2678.00,
8357,,,,,2019-07-23T13:15:26Z,46.87546667,12.77610000,2681.00,
8358,,,,,2019-07-23T13:15:27Z,46.87531667,12.77596667,2683.00,
8359,,,,,2019-07-23T13:15:28Z,46.87515000,12.77593333,2684.00,
8360,,,,,2019-07-23T13:15:29Z,46.87498333,12.77596667,2684.00,
8361,,,,,2019-07-23T13:15:30Z,46.87483333,12.77610000,2685.00,
8362,,,,,2019-07-23T13:15:31Z,46.87475000,12.77630000,2685.00,
8363,,,,,2019-07-23T13:15:32Z,46.87473333,12.77650000,2686.00,
8364,,,,,2019-07-23T13:15:33Z,46.87480000,12.77673333,2688.00,
8365,,,,,2019-07-23T13:15:34Z,46.87488333,12.77690000,2691.00,
8366,,,,,2019-07-23T13:15:35Z,46.87501667,12.77705000,2693.00,
8367,,,,,2019-07-23T13:15:36Z,46.87513333,12.77711667,2693.00,
8368,,,,,2019-07-23T13:15:37Z,46.87525000,12.77708333,2694.00,
8369,,,,,2019-07-23T13:15:38Z,46.87536667,12.77691667,2696.00,
8370,,,,,2019-07-23T13:15:39Z,46.87546667,12.77675000,2697.00,
8371,,,,,2019-07-23T13:15:40Z,46.87551667,12.77655000,2700.00,
8372,,,,,2019-07-23T13:15:41Z,46.87551667,12.77631667,2702.00,
8373,,,,,2019-07-23T13:15:42Z,46.87546667,12.77611667,2703.00,
8374,,,,,2019-07-23T13:15:43Z,46.87538333,12.77596667,2706.00,
8375,,,,,2019-07-23T13:15:44Z,46.87526667,12.77585000,2708.00,
8376,,,,,2019-07-23T13:15:45Z,46.87513333,12.77580000,2711.00,
8377,,,,,2019-07-23T13:15:46Z,46.87503333,12.77585000,2713.00,
8378,,,,,2019-07-23T13:15:47Z,46.87493333,12.77600000,2713.00,
8379,,,,,2019-07-23T13:15:48Z,46.87490000,12.77618333,2715.00,
8380,,,,,2019-07-23T13:15:49Z,46.87495000,12.77641667,2716.00,
8381,,,,,2019-07-23T13:15:50Z,46.87503333,12.77658333,2717.00,
8382,,,,,2019-07-23T13:15:51Z,46.87516667,12.77666667,2719.00,
8383,,,,,2019-07-23T13:15:52Z,46.87531667,12.77666667,2719.00,
8384,,,,,2019-07-23T13:15:53Z,46.87546667,12.77658333,2719.00,
8385,,,,,2019-07-23T13:15:54Z,46.87555000,12.77636667,2721.00,
8386,,,,,2019-07-23T13:15:55Z,46.87568333,12.77620000,2722.00,
8387,,,,,2019-07-23T13:15:56Z,46.87576667,12.77601667,2724.00,
8388,,,,,2019-07-23T13:15:57Z,46.87578333,12.77578333,2726.00,
8389,,,,,2019-07-23T13:15:58Z,46.87575000,12.77553333,2729.00,
8390,,,,,2019-07-23T13:15:59Z,46.87570000,12.77531667,2732.00,
8391,,,,,2019-07-23T13:16:00Z,46.87560000,12.77516667,2734.00,
8392,,,,,2019-07-23T13:16:01Z,46.87548333,12.77505000,2737.00,
8393,,,,,2019-07-23T13:16:02Z,46.87531667,12.77498333,2739.00,
8394,,,,,2019-07-23T13:16:03Z,46.87516667,12.77500000,2742.00,
8395,,,,,2019-07-23T13:16:04Z,46.87503333,12.77508333,2744.00,
8396,,,,,2019-07-23T13:16:05Z,46.87493333,12.77523333,2744.00,
8397,,,,,2019-07-23T13:16:06Z,46.87486667,12.77543333,2744.00,
8398,,,,,2019-07-23T13:16:07Z,46.87483333,12.77565000,2744.00,
8399,,,,,2019-07-23T13:16:08Z,46.87481667,12.77585000,2744.00,
8400,,,,,2019-07-23T13:16:09Z,46.87488333,12.77606667,2744.00,
8401,,,,,2019-07-23T13:16:10Z,46.87500000,12.77623333,2746.00,
8402,,,,,2019-07-23T13:16:11Z,46.87511667,12.77638333,2746.00,
8403,,,,,2019-07-23T13:16:12Z,46.87528333,12.77646667,2747.00,
8404,,,,,2019-07-23T13:16:13Z,46.87545000,12.77650000,2747.00,
8405,,,,,2019-07-23T13:16:14Z,46.87560000,12.77643333,2749.00,
8406,,,,,2019-07-23T13:16:15Z,46.87571667,12.77626667,2750.00,
8407,,,,,2019-07-23T13:16:16Z,46.87585000,12.77608333,2753.00,
8408,,,,,2019-07-23T13:16:17Z,46.87595000,12.77588333,2755.00,
8409,,,,,2019-07-23T13:16:18Z,46.87600000,12.77565000,2757.00,
8410,,,,,2019-07-23T13:16:19Z,46.87600000,12.77540000,2760.00,
8411,,,,,2019-07-23T13:16:20Z,46.87596667,12.77515000,2761.00,
8412,,,,,2019-07-23T13:16:21Z,46.87590000,12.77493333,2764.00,
8413,,,,,2019-07-23T13:16:22Z,46.87578333,12.77475000,2765.00,
8414,,,,,2019-07-23T13:16:23Z,46.87566667,12.77461667,2769.00,
8415,,,,,2019-07-23T13:16:24Z,46.87551667,12.77455000,2772.00,
8416,,,,,2019-07-23T13:16:25Z,46.87535000,12.77455000,2776.00,
8417,,,,,2019-07-23T13:16:26Z,46.87525000,12.77468333,2778.00,
8418,,,,,2019-07-23T13:16:27Z,46.87521667,12.77491667,2779.00,
8419,,,,,2019-07-23T13:16:28Z,46.87523333,12.77515000,2778.00,
8420,,,,,2019-07-23T13:16:29Z,46.87526667,12.77533333,2780.00,
8421,,,,,2019-07-23T13:16:30Z,46.87535000,12.77548333,2779.00,
8422,,,,,2019-07-23T13:16:31Z,46.87548333,12.77560000,2780.00,
8423,,,,,2019-07-23T13:16:32Z,46.87563333,12.77568333,2783.00,
8424,,,,,2019-07-23T13:16:33Z,46.87578333,12.77573333,2785.00,
8425,,,,,2019-07-23T13:16:34Z,46.87593333,12.77571667,2787.00,
8426,,,,,2019-07-23T13:16:35Z,46.87608333,12.77566667,2787.00,
8427,,,,,2019-07-23T13:16:36Z,46.87620000,12.77548333,2789.00,
8428,,,,,2019-07-23T13:16:37Z,46.87633333,12.77531667,2791.00,
8429,,,,,2019-07-23T13:16:38Z,46.87638333,12.77508333,2791.00,
8430,,,,,2019-07-23T13:16:39Z,46.87640000,12.77483333,2790.00,
8431,,,,,2019-07-23T13:16:40Z,46.87636667,12.77453333,2790.00,
8432,,,,,2019-07-23T13:16:41Z,46.87630000,12.77428333,2790.00,
8433,,,,,2019-07-23T13:16:42Z,46.87618333,12.77411667,2791.00,
8434,,,,,2019-07-23T13:16:43Z,46.87605000,12.77395000,2792.00,
8435,,,,,2019-07-23T13:16:44Z,46.87591667,12.77386667,2794.00,
8436,,,,,2019-07-23T13:16:45Z,46.87578333,12.77385000,2796.00,
8437,,,,,2019-07-23T13:16:46Z,46.87566667,12.77385000,2798.00,
8438,,,,,2019-07-23T13:16:47Z,46.87555000,12.77391667,2799.00,
8439,,,,,2019-07-23T13:16:48Z,46.87541667,12.77408333,2799.00,
8440,,,,,2019-07-23T13:16:49Z,46.87535000,12.77430000,2799.00,
8441,,,,,2019-07-23T13:16:50Z,46.87535000,12.77453333,2798.00,
8442,,,,,2019-07-23T13:16:51Z,46.87535000,12.77478333,2800.00,
8443,,,,,2019-07-23T13:16:52Z,46.87535000,12.77500000,2799.00,
8444,,,,,2019-07-23T13:16:53Z,46.87535000,12.77520000,2801.00,
8445,,,,,2019-07-23T13:16:54Z,46.87535000,12.77540000,2802.00,
8446,,,,,2019-07-23T13:16:55Z,46.87533333,12.77560000,2805.00,
8447,,,,,2019-07-23T13:16:56Z,46.87531667,12.77580000,2810.00,
8448,,,,,2019-07-23T13:16:57Z,46.87526667,12.77598333,2808.00,
8449,,,,,2019-07-23T13:16:58Z,46.87520000,12.77615000,2810.00,
8450,,,,,2019-07-23T13:16:59Z,46.87506667,12.77630000,2812.00,
8451,,,,,2019-07-23T13:17:00Z,46.87488333,12.77640000,2810.00,
8452,,,,,2019-07-23T13:17:01Z,46.87470000,12.77643333,2809.00,
8453,,,,,2019-07-23T13:17:02Z,46.87451667,12.77636667,2810.00,
8454,,,,,2019-07-23T13:17:03Z,46.87435000,12.77621667,2810.00,
8455,,,,,2019-07-23T13:17:04Z,46.87423333,12.77600000,2811.00,
8456,,,,,2019-07-23T13:17:05Z,46.87418333,12.77578333,2813.00,
8457,,,,,2019-07-23T13:17:06Z,46.87416667,12.77555000,2815.00,
8458,,,,,2019-07-23T13:17:07Z,46.87420000,12.77533333,2818.00,
8459,,,,,2019-07-23T13:17:08Z,46.87428333,12.77511667,2819.00,
8460,,,,,2019-07-23T13:17:09Z,46.87441667,12.77495000,2820.00,
8461,,,,,2019-07-23T13:17:10Z,46.87455000,12.77485000,2819.00,
8462,,,,,2019-07-23T13:17:11Z,46.87471667,12.77478333,2818.00,
8463,,,,,2019-07-23T13:17:12Z,46.87488333,12.77476667,2816.00,
8464,,,,,2019-07-23T13:17:13Z,46.87503333,12.77480000,2817.00,
8465,,,,,2019-07-23T13:17:14Z,46.87518333,12.77486667,2817.00,
8466,,,,,2019-07-23T13:17:15Z,46.87531667,12.77496667,2817.00,
8467,,,,,2019-07-23T13:17:16Z,46.87543333,12.77508333,2816.00,
8468,,,,,2019-07-23T13:17:17Z,46.87553333,12.77523333,2814.00,
8469,,,,,2019-07-23T13:17:18Z,46.87561667,12.77536667,2815.00,
8470,,,,,2019-07-23T13:17:19Z,46.87566667,12.77551667,2816.00,
8471,,,,,2019-07-23T13:17:20Z,46.87571667,12.77566667,2818.00,
8472,,,,,2019-07-23T13:17:21Z,46.87575000,12.77583333,2820.00,
8473,,,,,2019-07-23T13:17:22Z,46.87575000,12.77600000,2822.00,
8474,,,,,2019-07-23T13:17:23Z,46.87573333,12.77615000,2821.00,
8475,,,,,2019-07-23T13:17:24Z,46.87568333,12.77630000,2822.00,
8476,,,,,2019-07-23T13:17:25Z,46.87560000,12.77645000,2822.00,
8477,,,,,2019-07-23T13:17:26Z,46.87548333,12.77655000,2822.00,
8478,,,,,2019-07-23T13:17:27Z,46.87531667,12.77660000,2821.00,
8479,,,,,2019-07-23T13:17:28Z,46.87513333,12.77651667,2820.00,
8480,,,,,2019-07-23T13:17:29Z,46.87500000,12.77635000,2819.00,
8481,,,,,2019-07-23T13:17:30Z,46.87488333,12.77611667,2818.00,
8482,,,,,2019-07-23T13:17:31Z,46.87481667,12.77586667,2817.00,
8483,,,,,2019-07-23T13:17:32Z,46.87475000,12.77558333,2816.00,
8484,,,,,2019-07-23T13:17:33Z,46.87473333,12.77530000,2816.00,
8485,,,,,2019-07-23T13:17:34Z,46.87475000,12.77500000,2814.00,
8486,,,,,2019-07-23T13:17:35Z,46.87476667,12.77471667,2814.00,
8487,,,,,2019-07-23T13:17:36Z,46.87478333,12.77443333,2812.00,
8488,,,,,2019-07-23T13:17:37Z,46.87481667,12.77415000,2816.00,
8489,,,,,2019-07-23T13:17:38Z,46.87486667,12.77386667,2817.00,
8490,,,,,2019-07-23T13:17:39Z,46.87493333,12.77358333,2816.00,
8491,,,,,2019-07-23T13:17:40Z,46.87498333,12.77330000,2818.00,
8492,,,,,2019-07-23T13:17:41Z,46.87503333,12.77303333,2819.00,
8493,,,,,2019-07-23T13:17:42Z,46.87508333,12.77275000,2821.00,
8494,,,,,2019-07-23T13:17:43Z,46.87515000,12.77248333,2823.00,
8495,,,,,2019-07-23T13:17:44Z,46.87520000,12.77220000,2823.00,
8496,,,,,2019-07-23T13:17:45Z,46.87525000,12.77191667,2821.00,
8497,,,,,2019-07-23T13:17:46Z,46.87531667,12.77161667,2820.00,
8498,,,,,2019-07-23T13:17:47Z,46.87536667,12.77130000,2819.00,
8499,,,,,2019-07-23T13:17:48Z,46.87541667,12.77100000,2818.00,
8500,,,,,2019-07-23T13:17:49Z,46.87546667,12.77070000,2816.00,
8501,,,,,2019-07-23T13:17:50Z,46.87551667,12.77041667,2815.00,
8502,,,,,2019-07-23T13:17:51Z,46.87556667,12.77013333,2815.00,
8503,,,,,2019-07-23T13:17:52Z,46.87561667,12.76986667,2814.00,
8504,,,,,2019-07-23T13:17:53Z,46.87568333,12.76958333,2812.00,
8505,,,,,2019-07-23T13:17:54Z,46.87573333,12.76930000,2811.00,
8506,,,,,2019-07-23T13:17:55Z,46.87581667,12.76903333,2808.00,
8507,,,,,2019-07-23T13:17:56Z,46.87590000,12.76875000,2807.00,
8508,,,,,2019-07-23T13:17:57Z,46.87598333,12.76848333,2806.00,
8509,,,,,2019-07-23T13:17:58Z,46.87608333,12.76823333,2805.00,
8510,,,,,2019-07-23T13:17:59Z,46.87618333,12.76795000,2803.00,
8511,,,,,2019-07-23T13:18:00Z,46.87633333,12.76770000,2801.00,
8512,,,,,2019-07-23T13:18:01Z,46.87651667,12.76746667,2797.00,
8513,,,,,2019-07-23T13:18:02Z,46.87668333,12.76721667,2795.00,
8514,,,,,2019-07-23T13:18:03Z,46.87685000,12.76698333,2794.00,
8515,,,,,2019-07-23T13:18:04Z,46.87701667,12.76675000,2796.00,
8516,,,,,2019-07-23T13:18:05Z,46.87716667,12.76648333,2798.00,
8517,,,,,2019-07-23T13:18:06Z,46.87731667,12.76623333,2799.00,
8518,,,,,2019-07-23T13:18:07Z,46.87745000,12.76596667,2800.00,
8519,,,,,2019-07-23T13:18:08Z,46.87756667,12.76570000,2800.00,
8520,,,,,2019-07-23T13:18:09Z,46.87768333,12.76545000,2801.00,
8521,,,,,2019-07-23T13:18:10Z,46.87778333,12.76518333,2802.00,
8522,,,,,2019-07-23T13:18:11Z,46.87788333,12.76493333,2805.00,
8523,,,,,2019-07-23T13:18:12Z,46.87796667,12.76468333,2808.00,
8524,,,,,2019-07-23T13:18:13Z,46.87805000,12.76445000,2808.00,
8525,,,,,2019-07-23T13:18:14Z,46.87813333,12.76421667,2809.00,
8526,,,,,2019-07-23T13:18:15Z,46.87823333,12.76398333,2807.00,
8527,,,,,2019-07-23T13:18:16Z,46.87831667,12.76373333,2804.00,
8528,,,,,2019-07-23T13:18:17Z,46.87841667,12.76348333,2800.00,
8529,,,,,2019-07-23T13:18:18Z,46.87853333,12.76321667,2796.00,
8530,,,,,2019-07-23T13:18:19Z,46.87863333,12.76296667,2791.00,
8531,,,,,2019-07-23T13:18:20Z,46.87875000,12.76271667,2787.00,
8532,,,,,2019-07-23T13:18:21Z,46.87885000,12.76246667,2780.00,
8533,,,,,2019-07-23T13:18:22Z,46.87895000,12.76220000,2774.00,
8534,,,,,2019-07-23T13:18:23Z,46.87903333,12.76191667,2771.00,
8535,,,,,2019-07-23T13:18:24Z,46.87910000,12.76163333,2770.00,
8536,,,,,2019-07-23T13:18:25Z,46.87916667,12.76133333,2767.00,
8537,,,,,2019-07-23T13:18:26Z,46.87923333,12.76103333,2763.00,
8538,,,,,2019-07-23T13:18:27Z,46.87930000,12.76075000,2759.00,
8539,,,,,2019-07-23T13:18:28Z,46.87941667,12.76048333,2755.00,
8540,,,,,2019-07-23T13:18:29Z,46.87953333,12.76025000,2749.00,
8541,,,,,2019-07-23T13:18:30Z,46.87966667,12.76005000,2745.00,
8542,,,,,2019-07-23T13:18:31Z,46.87976667,12.75986667,2743.00,
8543,,,,,2019-07-23T13:18:32Z,46.87986667,12.75966667,2742.00,
8544,,,,,2019-07-23T13:18:33Z,46.87996667,12.75945000,2742.00,
8545,,,,,2019-07-23T13:18:34Z,46.88003333,12.75921667,2740.00,
8546,,,,,2019-07-23T13:18:35Z,46.88011667,12.75898333,2740.00,
8547,,,,,2019-07-23T13:18:36Z,46.88020000,12.75873333,2735.00,
8548,,,,,2019-07-23T13:18:37Z,46.88028333,12.75850000,2736.00,
8549,,,,,2019-07-23T13:18:38Z,46.88035000,12.75828333,2734.00,
8550,,,,,2019-07-23T13:18:39Z,46.88043333,12.75805000,2732.00,
8551,,,,,2019-07-23T13:18:40Z,46.88050000,12.75781667,2732.00,
8552,,,,,2019-07-23T13:18:41Z,46.88056667,12.75758333,2730.00,
8553,,,,,2019-07-23T13:18:42Z,46.88063333,12.75733333,2729.00,
8554,,,,,2019-07-23T13:18:43Z,46.88071667,12.75706667,2726.00,
8555,,,,,2019-07-23T13:18:44Z,46.88083333,12.75681667,2724.00,
8556,,,,,2019-07-23T13:18:45Z,46.88093333,12.75658333,2722.00,
8557,,,,,2019-07-23T13:18:46Z,46.88105000,12.75635000,2721.00,
8558,,,,,2019-07-23T13:18:47Z,46.88116667,12.75613333,2721.00,
8559,,,,,2019-07-23T13:18:48Z,46.88128333,12.75593333,2722.00,
8560,,,,,2019-07-23T13:18:49Z,46.88138333,12.75573333,2723.00,
8561,,,,,2019-07-23T13:18:50Z,46.88148333,12.75553333,2724.00,
8562,,,,,2019-07-23T13:18:51Z,46.88158333,12.75533333,2723.00,
8563,,,,,2019-07-23T13:18:52Z,46.88168333,12.75510000,2724.00,
8564,,,,,2019-07-23T13:18:53Z,46.88178333,12.75488333,2724.00,
8565,,,,,2019-07-23T13:18:54Z,46.88186667,12.75465000,2722.00,
8566,,,,,2019-07-23T13:18:55Z,46.88196667,12.75440000,2721.00,
8567,,,,,2019-07-23T13:18:56Z,46.88205000,12.75416667,2719.00,
8568,,,,,2019-07-23T13:18:57Z,46.88215000,12.75393333,2718.00,
8569,,,,,2019-07-23T13:18:58Z,46.88223333,12.75370000,2719.00,
8570,,,,,2019-07-23T13:18:59Z,46.88230000,12.75346667,2719.00,
8571,,,,,2019-07-23T13:19:00Z,46.88238333,12.75323333,2721.00,
8572,,,,,2019-07-23T13:19:01Z,46.88248333,12.75301667,2721.00,
8573,,,,,2019-07-23T13:19:02Z,46.88256667,12.75278333,2721.00,
8574,,,,,2019-07-23T13:19:03Z,46.88265000,12.75255000,2721.00,
8575,,,,,2019-07-23T13:19:04Z,46.88273333,12.75230000,2722.00,
8576,,,,,2019-07-23T13:19:05Z,46.88280000,12.75206667,2723.00,
8577,,,,,2019-07-23T13:19:06Z,46.88288333,12.75181667,2724.00,
8578,,,,,2019-07-23T13:19:07Z,46.88296667,12.75158333,2726.00,
8579,,,,,2019-07-23T13:19:08Z,46.88305000,12.75135000,2727.00,
8580,,,,,2019-07-23T13:19:09Z,46.88315000,12.75113333,2729.00,
8581,,,,,2019-07-23T13:19:10Z,46.88325000,12.75093333,2731.00,
8582,,,,,2019-07-23T13:19:11Z,46.88335000,12.75073333,2732.00,
8583,,,,,2019-07-23T13:19:12Z,46.88343333,12.75051667,2734.00,
8584,,,,,2019-07-23T13:19:13Z,46.88350000,12.75030000,2734.00,
8585,,,,,2019-07-23T13:19:14Z,46.88355000,12.75006667,2736.00,
8586,,,,,2019-07-23T13:19:15Z,46.88356667,12.74981667,2737.00,
8587,,,,,2019-07-23T13:19:16Z,46.88358333,12.74953333,2738.00,
8588,,,,,2019-07-23T13:19:17Z,46.88356667,12.74926667,2738.00,
8589,,,,,2019-07-23T13:19:18Z,46.88356667,12.74898333,2738.00,
8590,,,,,2019-07-23T13:19:19Z,46.88358333,12.74870000,2737.00,
8591,,,,,2019-07-23T13:19:20Z,46.88360000,12.74841667,2734.00,
8592,,,,,2019-07-23T13:19:21Z,46.88363333,12.74813333,2733.00,
8593,,,,,2019-07-23T13:19:22Z,46.88368333,12.74785000,2730.00,
8594,,,,,2019-07-23T13:19:23Z,46.88373333,12.74760000,2728.00,
8595,,,,,2019-07-23T13:19:24Z,46.88381667,12.74735000,2726.00,
8596,,,,,2019-07-23T13:19:25Z,46.88390000,12.74713333,2724.00,
8597,,,,,2019-07-23T13:19:26Z,46.88400000,12.74690000,2720.00,
8598,,,,,2019-07-23T13:19:27Z,46.88410000,12.74668333,2720.00,
8599,,,,,2019-07-23T13:19:28Z,46.88418333,12.74646667,2719.00,
8600,,,,,2019-07-23T13:19:29Z,46.88428333,12.74626667,2716.00,
8601,,,,,2019-07-23T13:19:30Z,46.88438333,12.74605000,2715.00,
8602,,,,,2019-07-23T13:19:31Z,46.88450000,12.74585000,2713.00,
8603,,,,,2019-07-23T13:19:32Z,46.88460000,12.74565000,2712.00,
8604,,,,,2019-07-23T13:19:33Z,46.88470000,12.74541667,2711.00,
8605,,,,,2019-07-23T13:19:34Z,46.88480000,12.74518333,2710.00,
8606,,,,,2019-07-23T13:19:35Z,46.88491667,12.74495000,2707.00,
8607,,,,,2019-07-23T13:19:36Z,46.88501667,12.74471667,2705.00,
8608,,,,,2019-07-23T13:19:37Z,46.88513333,12.74448333,2702.00,
8609,,,,,2019-07-23T13:19:38Z,46.88523333,12.74426667,2700.00,
8610,,,,,2019-07-23T13:19:39Z,46.88531667,12.74403333,2700.00,
8611,,,,,2019-07-23T13:19:40Z,46.88538333,12.74380000,2701.00,
8612,,,,,2019-07-23T13:19:41Z,46.88545000,12.74358333,2702.00,
8613,,,,,2019-07-23T13:19:42Z,46.88550000,12.74335000,2703.00,
8614,,,,,2019-07-23T13:19:43Z,46.88555000,12.74313333,2703.00,
8615,,,,,2019-07-23T13:19:44Z,46.88560000,12.74290000,2704.00,
8616,,,,,2019-07-23T13:19:45Z,46.88563333,12.74268333,2704.00,
8617,,,,,2019-07-23T13:19:46Z,46.88568333,12.74243333,2705.00,
8618,,,,,2019-07-23T13:19:47Z,46.88573333,12.74218333,2704.00,
8619,,,,,2019-07-23T13:19:48Z,46.88578333,12.74193333,2704.00,
8620,,,,,2019-07-23T13:19:49Z,46.88585000,12.74168333,2704.00,
8621,,,,,2019-07-23T13:19:50Z,46.88591667,12.74143333,2703.00,
8622,,,,,2019-07-23T13:19:51Z,46.88600000,12.74118333,2702.00,
8623,,,,,2019-07-23T13:19:52Z,46.88606667,12.74093333,2703.00,
8624,,,,,2019-07-23T13:19:53Z,46.88613333,12.74068333,2704.00,
8625,,,,,2019-07-23T13:19:54Z,46.88621667,12.74043333,2704.00,
8626,,,,,2019-07-23T13:19:55Z,46.88628333,12.74018333,2705.00,
8627,,,,,2019-07-23T13:19:56Z,46.88636667,12.73993333,2704.00,
8628,,,,,2019-07-23T13:19:57Z,46.88645000,12.73966667,2702.00,
8629,,,,,2019-07-23T13:19:58Z,46.88653333,12.73938333,2702.00,
8630,,,,,2019-07-23T13:19:59Z,46.88663333,12.73910000,2701.00,
8631,,,,,2019-07-23T13:20:00Z,46.88673333,12.73883333,2702.00,
8632,,,,,2019-07-23T13:20:01Z,46.88683333,12.73858333,2701.00,
8633,,,,,2019-07-23T13:20:02Z,46.88696667,12.73835000,2702.00,
8634,,,,,2019-07-23T13:20:03Z,46.88708333,12.73815000,2703.00,
8635,,,,,2019-07-23T13:20:04Z,46.88721667,12.73798333,2704.00,
8636,,,,,2019-07-23T13:20:05Z,46.88733333,12.73783333,2706.00,
8637,,,,,2019-07-23T13:20:06Z,46.88745000,12.73766667,2709.00,
8638,,,,,2019-07-23T13:20:07Z,46.88755000,12.73750000,2713.00,
8639,,,,,2019-07-23T13:20:08Z,46.88761667,12.73731667,2716.00,
8640,,,,,2019-07-23T13:20:09Z,46.88766667,12.73711667,2718.00,
8641,,,,,2019-07-23T13:20:10Z,46.88768333,12.73691667,2719.00,
8642,,,,,2019-07-23T13:20:11Z,46.88766667,12.73671667,2720.00,
8643,,,,,2019-07-23T13:20:12Z,46.88758333,12.73655000,2722.00,
8644,,,,,2019-07-23T13:20:13Z,46.88748333,12.73643333,2722.00,
8645,,,,,2019-07-23T13:20:14Z,46.88736667,12.73635000,2723.00,
8646,,,,,2019-07-23T13:20:15Z,46.88723333,12.73631667,2724.00,
8647,,,,,2019-07-23T13:20:16Z,46.88710000,12.73635000,2724.00,
8648,,,,,2019-07-23T13:20:17Z,46.88700000,12.73646667,2725.00,
8649,,,,,2019-07-23T13:20:18Z,46.88691667,12.73663333,2724.00,
8650,,,,,2019-07-23T13:20:19Z,46.88690000,12.73681667,2723.00,
8651,,,,,2019-07-23T13:20:20Z,46.88691667,12.73701667,2723.00,
8652,,,,,2019-07-23T13:20:21Z,46.88700000,12.73721667,2722.00,
8653,,,,,2019-07-23T13:20:22Z,46.88713333,12.73735000,2721.00,
8654,,,,,2019-07-23T13:20:23Z,46.88730000,12.73740000,2720.00,
8655,,,,,2019-07-23T13:20:24Z,46.88746667,12.73735000,2719.00,
8656,,,,,2019-07-23T13:20:25Z,46.88763333,12.73723333,2720.00,
8657,,,,,2019-07-23T13:20:26Z,46.88776667,12.73706667,2720.00,
8658,,,,,2019-07-23T13:20:27Z,46.88788333,12.73686667,2721.00,
8659,,,,,2019-07-23T13:20:28Z,46.88795000,12.73663333,2722.00,
8660,,,,,2019-07-23T13:20:29Z,46.88801667,12.73640000,2723.00,
8661,,,,,2019-07-23T13:20:30Z,46.88803333,12.73615000,2725.00,
8662,,,,,2019-07-23T13:20:31Z,46.88805000,12.73591667,2726.00,
8663,,,,,2019-07-23T13:20:32Z,46.88801667,12.73570000,2726.00,
8664,,,,,2019-07-23T13:20:33Z,46.88796667,12.73550000,2726.00,
8665,,,,,2019-07-23T13:20:34Z,46.88790000,12.73535000,2727.00,
8666,,,,,2019-07-23T13:20:35Z,46.88780000,12.73525000,2728.00,
8667,,,,,2019-07-23T13:20:36Z,46.88768333,12.73520000,2728.00,
8668,,,,,2019-07-23T13:20:37Z,46.88753333,12.73521667,2727.00,
8669,,,,,2019-07-23T13:20:38Z,46.88743333,12.73533333,2725.00,
8670,,,,,2019-07-23T13:20:39Z,46.88735000,12.73550000,2723.00,
8671,,,,,2019-07-23T13:20:40Z,46.88733333,12.73571667,2721.00,
8672,,,,,2019-07-23T13:20:41Z,46.88740000,12.73593333,2721.00,
8673,,,,,2019-07-23T13:20:42Z,46.88751667,12.73613333,2721.00,
8674,,,,,2019-07-23T13:20:43Z,46.88768333,12.73625000,2721.00,
8675,,,,,2019-07-23T13:20:44Z,46.88785000,12.73628333,2719.00,
8676,,,,,2019-07-23T13:20:45Z,46.88801667,12.73621667,2717.00,
8677,,,,,2019-07-23T13:20:46Z,46.88818333,12.73611667,2716.00,
8678,,,,,2019-07-23T13:20:47Z,46.88831667,12.73596667,2714.00,
8679,,,,,2019-07-23T13:20:48Z,46.88843333,12.73576667,2712.00,
8680,,,,,2019-07-23T13:20:49Z,46.88850000,12.73551667,2711.00,
8681,,,,,2019-07-23T13:20:50Z,46.88851667,12.73520000,2708.00,
8682,,,,,2019-07-23T13:20:51Z,46.88851667,12.73486667,2704.00,
8683,,,,,2019-07-23T13:20:52Z,46.88851667,12.73453333,2699.00,
8684,,,,,2019-07-23T13:20:53Z,46.88855000,12.73423333,2696.00,
8685,,,,,2019-07-23T13:20:54Z,46.88863333,12.73396667,2696.00,
8686,,,,,2019-07-23T13:20:55Z,46.88871667,12.73371667,2696.00,
8687,,,,,2019-07-23T13:20:56Z,46.88881667,12.73348333,2697.00,
8688,,,,,2019-07-23T13:20:57Z,46.88891667,12.73325000,2698.00,
8689,,,,,2019-07-23T13:20:58Z,46.88903333,12.73303333,2698.00,
8690,,,,,2019-07-23T13:20:59Z,46.88915000,12.73278333,2698.00,
8691,,,,,2019-07-23T13:21:00Z,46.88926667,12.73255000,2696.00,
8692,,,,,2019-07-23T13:21:01Z,46.88936667,12.73230000,2695.00,
8693,,,,,2019-07-23T13:21:02Z,46.88945000,12.73205000,2695.00,
8694,,,,,2019-07-23T13:21:03Z,46.88953333,12.73178333,2696.00,
8695,,,,,2019-07-23T13:21:04Z,46.88960000,12.73153333,2696.00,
8696,,,,,2019-07-23T13:21:05Z,46.88968333,12.73126667,2698.00,
8697,,,,,2019-07-23T13:21:06Z,46.88975000,12.73101667,2700.00,
8698,,,,,2019-07-23T13:21:07Z,46.88985000,12.73076667,2701.00,
8699,,,,,2019-07-23T13:21:08Z,46.88995000,12.73051667,2699.00,
8700,,,,,2019-07-23T13:21:09Z,46.89005000,12.73025000,2700.00,
8701,,,,,2019-07-23T13:21:10Z,46.89016667,12.73000000,2700.00,
8702,,,,,2019-07-23T13:21:11Z,46.89028333,12.72976667,2699.00,
8703,,,,,2019-07-23T13:21:12Z,46.89040000,12.72953333,2698.00,
8704,,,,,2019-07-23T13:21:13Z,46.89055000,12.72930000,2696.00,
8705,,,,,2019-07-23T13:21:14Z,46.89068333,12.72906667,2694.00,
8706,,,,,2019-07-23T13:21:15Z,46.89083333,12.72883333,2693.00,
8707,,,,,2019-07-23T13:21:16Z,46.89098333,12.72861667,2693.00,
8708,,,,,2019-07-23T13:21:17Z,46.89115000,12.72838333,2691.00,
8709,,,,,2019-07-23T13:21:18Z,46.89131667,12.72815000,2687.00,
8710,,,,,2019-07-23T13:21:19Z,46.89146667,12.72790000,2686.00,
8711,,,,,2019-07-23T13:21:20Z,46.89156667,12.72761667,2686.00,
8712,,,,,2019-07-23T13:21:21Z,46.89163333,12.72733333,2687.00,
8713,,,,,2019-07-23T13:21:22Z,46.89170000,12.72706667,2687.00,
8714,,,,,2019-07-23T13:21:23Z,46.89175000,12.72683333,2688.00,
8715,,,,,2019-07-23T13:21:24Z,46.89181667,12.72661667,2689.00,
8716,,,,,2019-07-23T13:21:25Z,46.89188333,12.72641667,2688.00,
8717,,,,,2019-07-23T13:21:26Z,46.89196667,12.72623333,2688.00,
8718,,,,,2019-07-23T13:21:27Z,46.89203333,12.72605000,2687.00,
8719,,,,,2019-07-23T13:21:28Z,46.89211667,12.72583333,2685.00,
8720,,,,,2019-07-23T13:21:29Z,46.89220000,12.72561667,2683.00,
8721,,,,,2019-07-23T13:21:30Z,46.89228333,12.72540000,2679.00,
8722,,,,,2019-07-23T13:21:31Z,46.89235000,12.72516667,2678.00,
8723,,,,,2019-07-23T13:21:32Z,46.89241667,12.72491667,2673.00,
8724,,,,,2019-07-23T13:21:33Z,46.89246667,12.72468333,2671.00,
8725,,,,,2019-07-23T13:21:34Z,46.89250000,12.72445000,2669.00,
8726,,,,,2019-07-23T13:21:35Z,46.89255000,12.72423333,2669.00,
8727,,,,,2019-07-23T13:21:36Z,46.89256667,12.72401667,2667.00,
8728,,,,,2019-07-23T13:21:37Z,46.89260000,12.72381667,2667.00,
8729,,,,,2019-07-23T13:21:38Z,46.89261667,12.72361667,2669.00,
8730,,,,,2019-07-23T13:21:39Z,46.89263333,12.72343333,2669.00,
8731,,,,,2019-07-23T13:21:40Z,46.89265000,12.72323333,2672.00,
8732,,,,,2019-07-23T13:21:41Z,46.89268333,12.72303333,2673.00,
8733,,,,,2019-07-23T13:21:42Z,46.89273333,12.72283333,2671.00,
8734,,,,,2019-07-23T13:21:43Z,46.89280000,12.72263333,2669.00,
8735,,,,,2019-07-23T13:21:44Z,46.89288333,12.72243333,2667.00,
8736,,,,,2019-07-23T13:21:45Z,46.89296667,12.72221667,2666.00,
8737,,,,,2019-07-23T13:21:46Z,46.89305000,12.72201667,2665.00,
8738,,,,,2019-07-23T13:21:47Z,46.89313333,12.72178333,2664.00,
8739,,,,,2019-07-23T13:21:48Z,46.89323333,12.72155000,2661.00,
8740,,,,,2019-07-23T13:21:49Z,46.89333333,12.72131667,2658.00,
8741,,,,,2019-07-23T13:21:50Z,46.89343333,12.72110000,2656.00,
8742,,,,,2019-07-23T13:21:51Z,46.89353333,12.72088333,2655.00,
8743,,,,,2019-07-23T13:21:52Z,46.89363333,12.72070000,2656.00,
8744,,,,,2019-07-23T13:21:53Z,46.89373333,12.72053333,2657.00,
8745,,,,,2019-07-23T13:21:54Z,46.89381667,12.72036667,2659.00,
8746,,,,,2019-07-23T13:21:55Z,46.89391667,12.72021667,2660.00,
8747,,,,,2019-07-23T13:21:56Z,46.89400000,12.72005000,2661.00,
8748,,,,,2019-07-23T13:21:57Z,46.89408333,12.71986667,2662.00,
8749,,,,,2019-07-23T13:21:58Z,46.89418333,12.71966667,2661.00,
8750,,,,,2019-07-23T13:21:59Z,46.89428333,12.71945000,2660.00,
8751,,,,,2019-07-23T13:22:00Z,46.89440000,12.71921667,2657.00,
8752,,,,,2019-07-23T13:22:01Z,46.89451667,12.71896667,2656.00,
8753,,,,,2019-07-23T13:22:02Z,46.89461667,12.71871667,2655.00,
8754,,,,,2019-07-23T13:22:03Z,46.89470000,12.71850000,2655.00,
8755,,,,,2019-07-23T13:22:04Z,46.89480000,12.71828333,2655.00,
8756,,,,,2019-07-23T13:22:05Z,46.89488333,12.71806667,2655.00,
8757,,,,,2019-07-23T13:22:06Z,46.89496667,12.71786667,2655.00,
8758,,,,,2019-07-23T13:22:07Z,46.89503333,12.71766667,2656.00,
8759,,,,,2019-07-23T13:22:08Z,46.89510000,12.71745000,2655.00,
8760,,,,,2019-07-23T13:22:09Z,46.89516667,12.71721667,2654.00,
8761,,,,,2019-07-23T13:22:10Z,46.89521667,12.71696667,2651.00,
8762,,,,,2019-07-23T13:22:11Z,46.89528333,12.71671667,2648.00,
8763,,,,,2019-07-23T13:22:12Z,46.89533333,12.71646667,2646.00,
8764,,,,,2019-07-23T13:22:13Z,46.89541667,12.71620000,2644.00,
8765,,,,,2019-07-23T13:22:14Z,46.89550000,12.71595000,2642.00,
8766,,,,,2019-07-23T13:22:15Z,46.89560000,12.71570000,2639.00,
8767,,,,,2019-07-23T13:22:16Z,46.89571667,12.71545000,2634.00,
8768,,,,,2019-07-23T13:22:17Z,46.89583333,12.71521667,2632.00,
8769,,,,,2019-07-23T13:22:18Z,46.89595000,12.71500000,2632.00,
8770,,,,,2019-07-23T13:22:19Z,46.89605000,12.71476667,2629.00,
8771,,,,,2019-07-23T13:22:20Z,46.89615000,12.71453333,2628.00,
8772,,,,,2019-07-23T13:22:21Z,46.89626667,12.71430000,2628.00,
8773,,,,,2019-07-23T13:22:22Z,46.89640000,12.71406667,2625.00,
8774,,,,,2019-07-23T13:22:23Z,46.89653333,12.71383333,2622.00,
8775,,,,,2019-07-23T13:22:24Z,46.89665000,12.71361667,2622.00,
8776,,,,,2019-07-23T13:22:25Z,46.89676667,12.71340000,2621.00,
8777,,,,,2019-07-23T13:22:26Z,46.89688333,12.71316667,2620.00,
8778,,,,,2019-07-23T13:22:27Z,46.89698333,12.71293333,2620.00,
8779,,,,,2019-07-23T13:22:28Z,46.89710000,12.71270000,2622.00,
8780,,,,,2019-07-23T13:22:29Z,46.89720000,12.71246667,2621.00,
8781,,,,,2019-07-23T13:22:30Z,46.89731667,12.71223333,2620.00,
8782,,,,,2019-07-23T13:22:31Z,46.89743333,12.71200000,2618.00,
8783,,,,,2019-07-23T13:22:32Z,46.89755000,12.71178333,2619.00,
8784,,,,,2019-07-23T13:22:33Z,46.89765000,12.71155000,2620.00,
8785,,,,,2019-07-23T13:22:34Z,46.89773333,12.71130000,2623.00,
8786,,,,,2019-07-23T13:22:35Z,46.89780000,12.71105000,2627.00,
8787,,,,,2019-07-23T13:22:36Z,46.89786667,12.71078333,2629.00,
8788,,,,,2019-07-23T13:22:37Z,46.89793333,12.71053333,2631.00,
8789,,,,,2019-07-23T13:22:38Z,46.89800000,12.71028333,2631.00,
8790,,,,,2019-07-23T13:22:39Z,46.89808333,12.71001667,2633.00,
8791,,,,,2019-07-23T13:22:40Z,46.89818333,12.70975000,2633.00,
8792,,,,,2019-07-23T13:22:41Z,46.89831667,12.70950000,2634.00,
8793,,,,,2019-07-23T13:22:42Z,46.89846667,12.70925000,2634.00,
8794,,,,,2019-07-23T13:22:43Z,46.89860000,12.70901667,2633.00,
8795,,,,,2019-07-23T13:22:44Z,46.89873333,12.70880000,2635.00,
8796,,,,,2019-07-23T13:22:45Z,46.89885000,12.70858333,2636.00,
8797,,,,,2019-07-23T13:22:46Z,46.89895000,12.70835000,2640.00,
8798,,,,,2019-07-23T13:22:47Z,46.89903333,12.70810000,2643.00,
8799,,,,,2019-07-23T13:22:48Z,46.89908333,12.70783333,2643.00,
8800,,,,,2019-07-23T13:22:49Z,46.89913333,12.70756667,2643.00,
8801,,,,,2019-07-23T13:22:50Z,46.89915000,12.70728333,2642.00,
8802,,,,,2019-07-23T13:22:51Z,46.89915000,12.70698333,2644.00,
8803,,,,,2019-07-23T13:22:52Z,46.89916667,12.70668333,2642.00,
8804,,,,,2019-07-23T13:22:53Z,46.89921667,12.70640000,2640.00,
8805,,,,,2019-07-23T13:22:54Z,46.89926667,12.70613333,2639.00,
8806,,,,,2019-07-23T13:22:55Z,46.89935000,12.70590000,2637.00,
8807,,,,,2019-07-23T13:22:56Z,46.89941667,12.70568333,2639.00,
8808,,,,,2019-07-23T13:22:57Z,46.89950000,12.70545000,2639.00,
8809,,,,,2019-07-23T13:22:58Z,46.89958333,12.70523333,2642.00,
8810,,,,,2019-07-23T13:22:59Z,46.89966667,12.70501667,2642.00,
8811,,,,,2019-07-23T13:23:00Z,46.89976667,12.70480000,2640.00,
8812,,,,,2019-07-23T13:23:01Z,46.89988333,12.70458333,2638.00,
8813,,,,,2019-07-23T13:23:02Z,46.90000000,12.70436667,2637.00,
8814,,,,,2019-07-23T13:23:03Z,46.90011667,12.70413333,2634.00,
8815,,,,,2019-07-23T13:23:04Z,46.90023333,12.70391667,2632.00,
8816,,,,,2019-07-23T13:23:05Z,46.90033333,12.70368333,2631.00,
8817,,,,,2019-07-23T13:23:06Z,46.90045000,12.70345000,2629.00,
8818,,,,,2019-07-23T13:23:07Z,46.90055000,12.70320000,2627.00,
8819,,,,,2019-07-23T13:23:08Z,46.90063333,12.70293333,2625.00,
8820,,,,,2019-07-23T13:23:09Z,46.90070000,12.70265000,2626.00,
8821,,,,,2019-07-23T13:23:10Z,46.90076667,12.70236667,2626.00,
8822,,,,,2019-07-23T13:23:11Z,46.90085000,12.70208333,2623.00,
8823,,,,,2019-07-23T13:23:12Z,46.90093333,12.70181667,2621.00,
8824,,,,,2019-07-23T13:23:13Z,46.90103333,12.70158333,2619.00,
8825,,,,,2019-07-23T13:23:14Z,46.90113333,12.70135000,2618.00,
8826,,,,,2019-07-23T13:23:15Z,46.90123333,12.70113333,2616.00,
8827,,,,,2019-07-23T13:23:16Z,46.90133333,12.70090000,2614.00,
8828,,,,,2019-07-23T13:23:17Z,46.90143333,12.70068333,2613.00,
8829,,,,,2019-07-23T13:23:18Z,46.90155000,12.70045000,2611.00,
8830,,,,,2019-07-23T13:23:19Z,46.90165000,12.70021667,2609.00,
8831,,,,,2019-07-23T13:23:20Z,46.90175000,12.69998333,2608.00,
8832,,,,,2019-07-23T13:23:21Z,46.90185000,12.69975000,2604.00,
8833,,,,,2019-07-23T13:23:22Z,46.90195000,12.69951667,2603.00,
8834,,,,,2019-07-23T13:23:23Z,46.90203333,12.69926667,2602.00,
8835,,,,,2019-07-23T13:23:24Z,46.90211667,12.69903333,2602.00,
8836,,,,,2019-07-23T13:23:25Z,46.90220000,12.69881667,2602.00,
8837,,,,,2019-07-23T13:23:26Z,46.90228333,12.69861667,2599.00,
8838,,,,,2019-07-23T13:23:27Z,46.90240000,12.69841667,2599.00,
8839,,,,,2019-07-23T13:23:28Z,46.90251667,12.69821667,2598.00,
8840,,,,,2019-07-23T13:23:29Z,46.90265000,12.69805000,2596.00,
8841,,,,,2019-07-23T13:23:30Z,46.90278333,12.69786667,2593.00,
8842,,,,,2019-07-23T13:23:31Z,46.90291667,12.69768333,2591.00,
8843,,,,,2019-07-23T13:23:32Z,46.90306667,12.69750000,2588.00,
8844,,,,,2019-07-23T13:23:33Z,46.90320000,12.69730000,2585.00,
8845,,,,,2019-07-23T13:23:34Z,46.90330000,12.69710000,2587.00,
8846,,,,,2019-07-23T13:23:35Z,46.90338333,12.69690000,2589.00,
8847,,,,,2019-07-23T13:23:36Z,46.90345000,12.69671667,2589.00,
8848,,,,,2019-07-23T13:23:37Z,46.90350000,12.69651667,2589.00,
8849,,,,,2019-07-23T13:23:38Z,46.90353333,12.69631667,2590.00,
8850,,,,,2019-07-23T13:23:39Z,46.90355000,12.69608333,2592.00,
8851,,,,,2019-07-23T13:23:40Z,46.90356667,12.69583333,2591.00,
8852,,,,,2019-07-23T13:23:41Z,46.90360000,12.69558333,2591.00,
8853,,,,,2019-07-23T13:23:42Z,46.90363333,12.69535000,2591.00,
8854,,,,,2019-07-23T13:23:43Z,46.90370000,12.69513333,2592.00,
8855,,,,,2019-07-23T13:23:44Z,46.90378333,12.69491667,2593.00,
8856,,,,,2019-07-23T13:23:45Z,46.90386667,12.69471667,2597.00,
8857,,,,,2019-07-23T13:23:46Z,46.90398333,12.69455000,2602.00,
8858,,,,,2019-07-23T13:23:47Z,46.90413333,12.69443333,2606.00,
8859,,,,,2019-07-23T13:23:48Z,46.90431667,12.69440000,2610.00,
8860,,,,,2019-07-23T13:23:49Z,46.90446667,12.69446667,2611.00,
8861,,,,,2019-07-23T13:23:50Z,46.90460000,12.69461667,2613.00,
8862,,,,,2019-07-23T13:23:51Z,46.90470000,12.69481667,2617.00,
8863,,,,,2019-07-23T13:23:52Z,46.90473333,12.69503333,2619.00,
8864,,,,,2019-07-23T13:23:53Z,46.90473333,12.69525000,2622.00,
8865,,,,,2019-07-23T13:23:54Z,46.90468333,12.69541667,2624.00,
8866,,,,,2019-07-23T13:23:55Z,46.90460000,12.69553333,2626.00,
8867,,,,,2019-07-23T13:23:56Z,46.90446667,12.69556667,2627.00,
8868,,,,,2019-07-23T13:23:57Z,46.90435000,12.69548333,2627.00,
8869,,,,,2019-07-23T13:23:58Z,46.90425000,12.69533333,2627.00,
8870,,,,,2019-07-23T13:23:59Z,46.90420000,12.69511667,2629.00,
8871,,,,,2019-07-23T13:24:00Z,46.90418333,12.69488333,2631.00,
8872,,,,,2019-07-23T13:24:01Z,46.90423333,12.69461667,2631.00,
8873,,,,,2019-07-23T13:24:02Z,46.90433333,12.69438333,2633.00,
8874,,,,,2019-07-23T13:24:03Z,46.90446667,12.69418333,2636.00,
8875,,,,,2019-07-23T13:24:04Z,46.90463333,12.69405000,2639.00,
8876,,,,,2019-07-23T13:24:05Z,46.90480000,12.69396667,2642.00,
8877,,,,,2019-07-23T13:24:06Z,46.90500000,12.69396667,2648.00,
8878,,,,,2019-07-23T13:24:07Z,46.90516667,12.69406667,2650.00,
8879,,,,,2019-07-23T13:24:08Z,46.90528333,12.69426667,2652.00,
8880,,,,,2019-07-23T13:24:09Z,46.90533333,12.69450000,2653.00,
8881,,,,,2019-07-23T13:24:10Z,46.90531667,12.69471667,2657.00,
8882,,,,,2019-07-23T13:24:11Z,46.90526667,12.69491667,2659.00,
8883,,,,,2019-07-23T13:24:12Z,46.90520000,12.69508333,2661.00,
8884,,,,,2019-07-23T13:24:13Z,46.90510000,12.69523333,2667.00,
8885,,,,,2019-07-23T13:24:14Z,46.90500000,12.69535000,2667.00,
8886,,,,,2019-07-23T13:24:15Z,46.90490000,12.69540000,2670.00,
8887,,,,,2019-07-23T13:24:16Z,46.90478333,12.69541667,2672.00,
8888,,,,,2019-07-23T13:24:17Z,46.90468333,12.69535000,2676.00,
8889,,,,,2019-07-23T13:24:18Z,46.90458333,12.69523333,2680.00,
8890,,,,,2019-07-23T13:24:19Z,46.90451667,12.69503333,2681.00,
8891,,,,,2019-07-23T13:24:20Z,46.90450000,12.69480000,2681.00,
8892,,,,,2019-07-23T13:24:21Z,46.90453333,12.69453333,2681.00,
8893,,,,,2019-07-23T13:24:22Z,46.90461667,12.69428333,2682.00,
8894,,,,,2019-07-23T13:24:23Z,46.90473333,12.69406667,2684.00,
8895,,,,,2019-07-23T13:24:24Z,46.90486667,12.69388333,2686.00,
8896,,,,,2019-07-23T13:24:25Z,46.90503333,12.69373333,2688.00,
8897,,,,,2019-07-23T13:24:26Z,46.90521667,12.69368333,2693.00,
8898,,,,,2019-07-23T13:24:27Z,46.90538333,12.69368333,2698.00,
8899,,,,,2019-07-23T13:24:28Z,46.90555000,12.69373333,2704.00,
8900,,,,,2019-07-23T13:24:29Z,46.90570000,12.69386667,2709.00,
8901,,,,,2019-07-23T13:24:30Z,46.90580000,12.69408333,2713.00,
8902,,,,,2019-07-23T13:24:31Z,46.90585000,12.69433333,2717.00,
8903,,,,,2019-07-23T13:24:32Z,46.90580000,12.69456667,2720.00,
8904,,,,,2019-07-23T13:24:33Z,46.90570000,12.69475000,2721.00,
8905,,,,,2019-07-23T13:24:34Z,46.90556667,12.69486667,2724.00,
8906,,,,,2019-07-23T13:24:35Z,46.90541667,12.69490000,2729.00,
8907,,,,,2019-07-23T13:24:36Z,46.90526667,12.69485000,2731.00,
8908,,,,,2019-07-23T13:24:37Z,46.90513333,12.69470000,2734.00,
8909,,,,,2019-07-23T13:24:38Z,46.90505000,12.69448333,2735.00,
8910,,,,,2019-07-23T13:24:39Z,46.90503333,12.69423333,2736.00,
8911,,,,,2019-07-23T13:24:40Z,46.90506667,12.69396667,2738.00,
8912,,,,,2019-07-23T13:24:41Z,46.90513333,12.69370000,2740.00,
8913,,,,,2019-07-23T13:24:42Z,46.90525000,12.69343333,2742.00,
8914,,,,,2019-07-23T13:24:43Z,46.90538333,12.69320000,2743.00,
8915,,,,,2019-07-23T13:24:44Z,46.90553333,12.69298333,2744.00,
8916,,,,,2019-07-23T13:24:45Z,46.90568333,12.69280000,2748.00,
8917,,,,,2019-07-23T13:24:46Z,46.90581667,12.69263333,2753.00,
8918,,,,,2019-07-23T13:24:47Z,46.90596667,12.69250000,2759.00,
8919,,,,,2019-07-23T13:24:48Z,46.90611667,12.69238333,2766.00,
8920,,,,,2019-07-23T13:24:49Z,46.90628333,12.69230000,2771.00,
8921,,,,,2019-07-23T13:24:50Z,46.90645000,12.69228333,2776.00,
8922,,,,,2019-07-23T13:24:51Z,46.90661667,12.69236667,2781.00,
8923,,,,,2019-07-23T13:24:52Z,46.90675000,12.69250000,2787.00,
8924,,,,,2019-07-23T13:24:53Z,46.90683333,12.69271667,2791.00,
8925,,,,,2019-07-23T13:24:54Z,46.90683333,12.69293333,2794.00,
8926,,,,,2019-07-23T13:24:55Z,46.90678333,12.69313333,2799.00,
8927,,,,,2019-07-23T13:24:56Z,46.90666667,12.69328333,2804.00,
8928,,,,,2019-07-23T13:24:57Z,46.90653333,12.69331667,2806.00,
8929,,,,,2019-07-23T13:24:58Z,46.90640000,12.69323333,2809.00,
8930,,,,,2019-07-23T13:24:59Z,46.90631667,12.69306667,2813.00,
8931,,,,,2019-07-23T13:25:00Z,46.90628333,12.69283333,2816.00,
8932,,,,,2019-07-23T13:25:01Z,46.90635000,12.69258333,2817.00,
8933,,,,,2019-07-23T13:25:02Z,46.90648333,12.69236667,2820.00,
8934,,,,,2019-07-23T13:25:03Z,46.90665000,12.69221667,2823.00,
8935,,,,,2019-07-23T13:25:04Z,46.90685000,12.69215000,2827.00,
8936,,,,,2019-07-23T13:25:05Z,46.90706667,12.69221667,2830.00,
8937,,,,,2019-07-23T13:25:06Z,46.90723333,12.69235000,2833.00,
8938,,,,,2019-07-23T13:25:07Z,46.90736667,12.69251667,2839.00,
8939,,,,,2019-07-23T13:25:08Z,46.90745000,12.69273333,2844.00,
8940,,,,,2019-07-23T13:25:09Z,46.90746667,12.69295000,2849.00,
8941,,,,,2019-07-23T13:25:10Z,46.90745000,12.69316667,2852.00,
8942,,,,,2019-07-23T13:25:11Z,46.90735000,12.69333333,2855.00,
8943,,,,,2019-07-23T13:25:12Z,46.90720000,12.69340000,2857.00,
8944,,,,,2019-07-23T13:25:13Z,46.90705000,12.69336667,2859.00,
8945,,,,,2019-07-23T13:25:14Z,46.90691667,12.69323333,2861.00,
8946,,,,,2019-07-23T13:25:15Z,46.90683333,12.69305000,2864.00,
8947,,,,,2019-07-23T13:25:16Z,46.90676667,12.69283333,2872.00,
8948,,,,,2019-07-23T13:25:17Z,46.90676667,12.69256667,2876.00,
8949,,,,,2019-07-23T13:25:18Z,46.90685000,12.69233333,2878.00,
8950,,,,,2019-07-23T13:25:19Z,46.90700000,12.69216667,2881.00,
8951,,,,,2019-07-23T13:25:20Z,46.90718333,12.69208333,2885.00,
8952,,,,,2019-07-23T13:25:21Z,46.90738333,12.69211667,2890.00,
8953,,,,,2019-07-23T13:25:22Z,46.90755000,12.69223333,2892.00,
8954,,,,,2019-07-23T13:25:23Z,46.90768333,12.69241667,2894.00,
8955,,,,,2019-07-23T13:25:24Z,46.90773333,12.69265000,2897.00,
8956,,,,,2019-07-23T13:25:25Z,46.90775000,12.69290000,2901.00,
8957,,,,,2019-07-23T13:25:26Z,46.90770000,12.69313333,2903.00,
8958,,,,,2019-07-23T13:25:27Z,46.90758333,12.69328333,2905.00,
8959,,,,,2019-07-23T13:25:28Z,46.90745000,12.69338333,2909.00,
8960,,,,,2019-07-23T13:25:29Z,46.90730000,12.69343333,2913.00,
8961,,,,,2019-07-23T13:25:30Z,46.90715000,12.69340000,2917.00,
8962,,,,,2019-07-23T13:25:31Z,46.90701667,12.69330000,2921.00,
8963,,,,,2019-07-23T13:25:32Z,46.90688333,12.69311667,2923.00,
8964,,,,,2019-07-23T13:25:33Z,46.90680000,12.69290000,2928.00,
8965,,,,,2019-07-23T13:25:34Z,46.90673333,12.69263333,2935.00,
8966,,,,,2019-07-23T13:25:35Z,46.90671667,12.69235000,2938.00,
8967,,,,,2019-07-23T13:25:36Z,46.90681667,12.69210000,2940.00,
8968,,,,,2019-07-23T13:25:37Z,46.90698333,12.69195000,2941.00,
8969,,,,,2019-07-23T13:25:38Z,46.90716667,12.69188333,2945.00,
8970,,,,,2019-07-23T13:25:39Z,46.90735000,12.69191667,2950.00,
8971,,,,,2019-07-23T13:25:40Z,46.90753333,12.69203333,2953.00,
8972,,,,,2019-07-23T13:25:41Z,46.90766667,12.69223333,2955.00,
8973,,,,,2019-07-23T13:25:42Z,46.90775000,12.69246667,2959.00,
8974,,,,,2019-07-23T13:25:43Z,46.90776667,12.69270000,2965.00,
8975,,,,,2019-07-23T13:25:44Z,46.90773333,12.69293333,2969.00,
8976,,,,,2019-07-23T13:25:45Z,46.90765000,12.69310000,2971.00,
8977,,,,,2019-07-23T13:25:46Z,46.90753333,12.69323333,2974.00,
8978,,,,,2019-07-23T13:25:47Z,46.90740000,12.69330000,2978.00,
8979,,,,,2019-07-23T13:25:48Z,46.90725000,12.69330000,2981.00,
8980,,,,,2019-07-23T13:25:49Z,46.90711667,12.69326667,2986.00,
8981,,,,,2019-07-23T13:25:50Z,46.90698333,12.69318333,2991.00,
8982,,,,,2019-07-23T13:25:51Z,46.90685000,12.69305000,2997.00,
8983,,,,,2019-07-23T13:25:52Z,46.90675000,12.69286667,3001.00,
8984,,,,,2019-07-23T13:25:53Z,46.90670000,12.69263333,3006.00,
8985,,,,,2019-07-23T13:25:54Z,46.90668333,12.69236667,3008.00,
8986,,,,,2019-07-23T13:25:55Z,46.90671667,12.69210000,3011.00,
8987,,,,,2019-07-23T13:25:56Z,46.90681667,12.69186667,3013.00,
8988,,,,,2019-07-23T13:25:57Z,46.90693333,12.69168333,3016.00,
8989,,,,,2019-07-23T13:25:58Z,46.90706667,12.69155000,3020.00,
8990,,,,,2019-07-23T13:25:59Z,46.90723333,12.69148333,3025.00,
8991,,,,,2019-07-23T13:26:00Z,46.90740000,12.69148333,3030.00,
8992,,,,,2019-07-23T13:26:01Z,46.90756667,12.69160000,3033.00,
8993,,,,,2019-07-23T13:26:02Z,46.90766667,12.69180000,3035.00,
8994,,,,,2019-07-23T13:26:03Z,46.90770000,12.69205000,3037.00,
8995,,,,,2019-07-23T13:26:04Z,46.90766667,12.69231667,3039.00,
8996,,,,,2019-07-23T13:26:05Z,46.90760000,12.69255000,3043.00,
8997,,,,,2019-07-23T13:26:06Z,46.90748333,12.69273333,3046.00,
8998,,,,,2019-07-23T13:26:07Z,46.90735000,12.69286667,3051.00,
8999,,,,,2019-07-23T13:26:08Z,46.90718333,12.69291667,3053.00,
9000,,,,,2019-07-23T13:26:09Z,46.90701667,12.69290000,3056.00,
9001,,,,,2019-07-23T13:26:10Z,46.90685000,12.69283333,3062.00,
9002,,,,,2019-07-23T13:26:11Z,46.90670000,12.69270000,3066.00,
9003,,,,,2019-07-23T13:26:12Z,46.90658333,12.69250000,3068.00,
9004,,,,,2019-07-23T13:26:13Z,46.90651667,12.69221667,3069.00,
9005,,,,,2019-07-23T13:26:14Z,46.90651667,12.69193333,3071.00,
9006,,,,,2019-07-23T13:26:15Z,46.90656667,12.69165000,3073.00,
9007,,,,,2019-07-23T13:26:16Z,46.90668333,12.69141667,3076.00,
9008,,,,,2019-07-23T13:26:17Z,46.90685000,12.69125000,3079.00,
9009,,,,,2019-07-23T13:26:18Z,46.90703333,12.69118333,3082.00,
9010,,,,,2019-07-23T13:26:19Z,46.90723333,12.69120000,3084.00,
9011,,,,,2019-07-23T13:26:20Z,46.90740000,12.69130000,3086.00,
9012,,,,,2019-07-23T13:26:21Z,46.90753333,12.69148333,3089.00,
9013,,,,,2019-07-23T13:26:22Z,46.90761667,12.69171667,3094.00,
9014,,,,,2019-07-23T13:26:23Z,46.90763333,12.69198333,3098.00,
9015,,,,,2019-07-23T13:26:24Z,46.90756667,12.69220000,3099.00,
9016,,,,,2019-07-23T13:26:25Z,46.90746667,12.69236667,3103.00,
9017,,,,,2019-07-23T13:26:26Z,46.90733333,12.69245000,3108.00,
9018,,,,,2019-07-23T13:26:27Z,46.90716667,12.69246667,3112.00,
9019,,,,,2019-07-23T13:26:28Z,46.90700000,12.69240000,3115.00,
9020,,,,,2019-07-23T13:26:29Z,46.90685000,12.69223333,3118.00,
9021,,,,,2019-07-23T13:26:30Z,46.90673333,12.69198333,3119.00,
9022,,,,,2019-07-23T13:26:31Z,46.90666667,12.69168333,3119.00,
9023,,,,,2019-07-23T13:26:32Z,46.90666667,12.69138333,3120.00,
9024,,,,,2019-07-23T13:26:33Z,46.90670000,12.69108333,3122.00,
9025,,,,,2019-07-23T13:26:34Z,46.90678333,12.69081667,3128.00,
9026,,,,,2019-07-23T13:26:35Z,46.90688333,12.69058333,3131.00,
9027,,,,,2019-07-23T13:26:36Z,46.90705000,12.69040000,3132.00,
9028,,,,,2019-07-23T13:26:37Z,46.90721667,12.69028333,3133.00,
9029,,,,,2019-07-23T13:26:38Z,46.90740000,12.69026667,3133.00,
9030,,,,,2019-07-23T13:26:39Z,46.90760000,12.69033333,3135.00,
9031,,,,,2019-07-23T13:26:40Z,46.90775000,12.69048333,3138.00,
9032,,,,,2019-07-23T13:26:41Z,46.90786667,12.69068333,3141.00,
9033,,,,,2019-07-23T13:26:42Z,46.90793333,12.69093333,3143.00,
9034,,,,,2019-07-23T13:26:43Z,46.90793333,12.69116667,3146.00,
9035,,,,,2019-07-23T13:26:44Z,46.90786667,12.69136667,3149.00,
9036,,,,,2019-07-23T13:26:45Z,46.90776667,12.69153333,3153.00,
9037,,,,,2019-07-23T13:26:46Z,46.90763333,12.69161667,3157.00,
9038,,,,,2019-07-23T13:26:47Z,46.90748333,12.69165000,3163.00,
9039,,,,,2019-07-23T13:26:48Z,46.90731667,12.69163333,3169.00,
9040,,,,,2019-07-23T13:26:49Z,46.90715000,12.69156667,3172.00,
9041,,,,,2019-07-23T13:26:50Z,46.90700000,12.69141667,3173.00,
9042,,,,,2019-07-23T13:26:51Z,46.90686667,12.69120000,3174.00,
9043,,,,,2019-07-23T13:26:52Z,46.90675000,12.69096667,3173.00,
9044,,,,,2019-07-23T13:26:53Z,46.90665000,12.69071667,3174.00,
9045,,,,,2019-07-23T13:26:54Z,46.90658333,12.69043333,3176.00,
9046,,,,,2019-07-23T13:26:55Z,46.90653333,12.69015000,3178.00,
9047,,,,,2019-07-23T13:26:56Z,46.90651667,12.68986667,3181.00,
9048,,,,,2019-07-23T13:26:57Z,46.90653333,12.68956667,3183.00,
9049,,,,,2019-07-23T13:26:58Z,46.90656667,12.68928333,3186.00,
9050,,,,,2019-07-23T13:26:59Z,46.90665000,12.68901667,3191.00,
9051,,,,,2019-07-23T13:27:00Z,46.90673333,12.68880000,3194.00,
9052,,,,,2019-07-23T13:27:01Z,46.90685000,12.68861667,3198.00,
9053,,,,,2019-07-23T13:27:02Z,46.90696667,12.68846667,3204.00,
9054,,,,,2019-07-23T13:27:03Z,46.90710000,12.68836667,3210.00,
9055,,,,,2019-07-23T13:27:04Z,46.90725000,12.68831667,3213.00,
9056,,,,,2019-07-23T13:27:05Z,46.90740000,12.68833333,3216.00,
9057,,,,,2019-07-23T13:27:06Z,46.90753333,12.68838333,3218.00,
9058,,,,,2019-07-23T13:27:07Z,46.90766667,12.68850000,3220.00,
9059,,,,,2019-07-23T13:27:08Z,46.90776667,12.68865000,3221.00,
9060,,,,,2019-07-23T13:27:09Z,46.90785000,12.68883333,3223.00,
9061,,,,,2019-07-23T13:27:10Z,46.90791667,12.68901667,3224.00,
9062,,,,,2019-07-23T13:27:11Z,46.90796667,12.68921667,3224.00,
9063,,,,,2019-07-23T13:27:12Z,46.90800000,12.68941667,3225.00,
9064,,,,,2019-07-23T13:27:13Z,46.90801667,12.68961667,3226.00,
9065,,,,,2019-07-23T13:27:14Z,46.90800000,12.68983333,3227.00,
9066,,,,,2019-07-23T13:27:15Z,46.90798333,12.69005000,3228.00,
9067,,,,,2019-07-23T13:27:16Z,46.90793333,12.69026667,3228.00,
9068,,,,,2019-07-23T13:27:17Z,46.90785000,12.69046667,3230.00,
9069,,,,,2019-07-23T13:27:18Z,46.90775000,12.69063333,3231.00,
9070,,,,,2019-07-23T13:27:19Z,46.90761667,12.69076667,3234.00,
9071,,,,,2019-07-23T13:27:20Z,46.90745000,12.69086667,3237.00,
9072,,,,,2019-07-23T13:27:21Z,46.90728333,12.69091667,3240.00,
9073,,,,,2019-07-23T13:27:22Z,46.90708333,12.69091667,3243.00,
9074,,,,,2019-07-23T13:27:23Z,46.90690000,12.69083333,3243.00,
9075,,,,,2019-07-23T13:27:24Z,46.90671667,12.69071667,3243.00,
9076,,,,,2019-07-23T13:27:25Z,46.90655000,12.69055000,3244.00,
9077,,,,,2019-07-23T13:27:26Z,46.90641667,12.69035000,3248.00,
9078,,,,,2019-07-23T13:27:27Z,46.90628333,12.69013333,3253.00,
9079,,,,,2019-07-23T13:27:28Z,46.90618333,12.68988333,3256.00,
9080,,,,,2019-07-23T13:27:29Z,46.90610000,12.68961667,3258.00,
9081,,,,,2019-07-23T13:27:30Z,46.90606667,12.68933333,3259.00,
9082,,,,,2019-07-23T13:27:31Z,46.90605000,12.68905000,3262.00,
9083,,,,,2019-07-23T13:27:32Z,46.90605000,12.68876667,3265.00,
9084,,,,,2019-07-23T13:27:33Z,46.90606667,12.68850000,3268.00,
9085,,,,,2019-07-23T13:27:34Z,46.90610000,12.68823333,3270.00,
9086,,,,,2019-07-23T13:27:35Z,46.90615000,12.68798333,3273.00,
9087,,,,,2019-07-23T13:27:36Z,46.90623333,12.68775000,3273.00,
9088,,,,,2019-07-23T13:27:37Z,46.90635000,12.68753333,3274.00,
9089,,,,,2019-07-23T13:27:38Z,46.90650000,12.68738333,3277.00,
9090,,,,,2019-07-23T13:27:39Z,46.90663333,12.68728333,3280.00,
9091,,,,,2019-07-23T13:27:40Z,46.90678333,12.68723333,3284.00,
9092,,,,,2019-07-23T13:27:41Z,46.90695000,12.68726667,3288.00,
9093,,,,,2019-07-23T13:27:42Z,46.90706667,12.68738333,3289.00,
9094,,,,,2019-07-23T13:27:43Z,46.90715000,12.68756667,3290.00,
9095,,,,,2019-07-23T13:27:44Z,46.90718333,12.68778333,3291.00,
9096,,,,,2019-07-23T13:27:45Z,46.90716667,12.68801667,3290.00,
9097,,,,,2019-07-23T13:27:46Z,46.90711667,12.68825000,3293.00,
9098,,,,,2019-07-23T13:27:47Z,46.90701667,12.68843333,3295.00,
9099,,,,,2019-07-23T13:27:48Z,46.90686667,12.68855000,3298.00,
9100,,,,,2019-07-23T13:27:49Z,46.90671667,12.68860000,3300.00,
9101,,,,,2019-07-23T13:27:50Z,46.90655000,12.68858333,3301.00,
9102,,,,,2019-07-23T13:27:51Z,46.90640000,12.68850000,3303.00,
9103,,,,,2019-07-23T13:27:52Z,46.90626667,12.68835000,3304.00,
9104,,,,,2019-07-23T13:27:53Z,46.90615000,12.68815000,3307.00,
9105,,,,,2019-07-23T13:27:54Z,46.90605000,12.68791667,3311.00,
9106,,,,,2019-07-23T13:27:55Z,46.90598333,12.68765000,3312.00,
9107,,,,,2019-07-23T13:27:56Z,46.90595000,12.68738333,3312.00,
9108,,,,,2019-07-23T13:27:57Z,46.90595000,12.68711667,3314.00,
9109,,,,,2019-07-23T13:27:58Z,46.90595000,12.68685000,3316.00,
9110,,,,,2019-07-23T13:27:59Z,46.90596667,12.68658333,3317.00,
9111,,,,,2019-07-23T13:28:00Z,46.90598333,12.68630000,3319.00,
9112,,,,,2019-07-23T13:28:01Z,46.90603333,12.68601667,3320.00,
9113,,,,,2019-07-23T13:28:02Z,46.90608333,12.68573333,3321.00,
9114,,,,,2019-07-23T13:28:03Z,46.90613333,12.68548333,3322.00,
9115,,,,,2019-07-23T13:28:04Z,46.90621667,12.68523333,3323.00,
9116,,,,,2019-07-23T13:28:05Z,46.90628333,12.68498333,3323.00,
9117,,,,,2019-07-23T13:28:06Z,46.90636667,12.68473333,3322.00,
9118,,,,,2019-07-23T13:28:07Z,46.90643333,12.68448333,3321.00,
9119,,,,,2019-07-23T13:28:08Z,46.90648333,12.68421667,3320.00,
9120,,,,,2019-07-23T13:28:09Z,46.90651667,12.68393333,3319.00,
9121,,,,,2019-07-23T13:28:10Z,46.90651667,12.68363333,3318.00,
9122,,,,,2019-07-23T13:28:11Z,46.90650000,12.68335000,3319.00,
9123,,,,,2019-07-23T13:28:12Z,46.90645000,12.68306667,3321.00,
9124,,,,,2019-07-23T13:28:13Z,46.90641667,12.68280000,3322.00,
9125,,,,,2019-07-23T13:28:14Z,46.90638333,12.68253333,3323.00,
9126,,,,,2019-07-23T13:28:15Z,46.90636667,12.68226667,3324.00,
9127,,,,,2019-07-23T13:28:16Z,46.90636667,12.68198333,3324.00,
9128,,,,,2019-07-23T13:28:17Z,46.90638333,12.68170000,3322.00,
9129,,,,,2019-07-23T13:28:18Z,46.90640000,12.68141667,3322.00,
9130,,,,,2019-07-23T13:28:19Z,46.90641667,12.68113333,3321.00,
9131,,,,,2019-07-23T13:28:20Z,46.90643333,12.68083333,3321.00,
9132,,,,,2019-07-23T13:28:21Z,46.90643333,12.68055000,3323.00,
9133,,,,,2019-07-23T13:28:22Z,46.90645000,12.68026667,3322.00,
9134,,,,,2019-07-23T13:28:23Z,46.90646667,12.67998333,3320.00,
9135,,,,,2019-07-23T13:28:24Z,46.90646667,12.67971667,3319.00,
9136,,,,,2019-07-23T13:28:25Z,46.90646667,12.67946667,3318.00,
9137,,,,,2019-07-23T13:28:26Z,46.90645000,12.67920000,3317.00,
9138,,,,,2019-07-23T13:28:27Z,46.90643333,12.67893333,3318.00,
9139,,,,,2019-07-23T13:28:28Z,46.90641667,12.67865000,3318.00,
9140,,,,,2019-07-23T13:28:29Z,46.90640000,12.67836667,3316.00,
9141,,,,,2019-07-23T13:28:30Z,46.90638333,12.67806667,3315.00,
9142,,,,,2019-07-23T13:28:31Z,46.90638333,12.67778333,3313.00,
9143,,,,,2019-07-23T13:28:32Z,46.90640000,12.67750000,3311.00,
9144,,,,,2019-07-23T13:28:33Z,46.90640000,12.67723333,3310.00,
9145,,,,,2019-07-23T13:28:34Z,46.90641667,12.67698333,3309.00,
9146,,,,,2019-07-23T13:28:35Z,46.90643333,12.67671667,3308.00,
9147,,,,,2019-07-23T13:28:36Z,46.90643333,12.67645000,3307.00,
9148,,,,,2019-07-23T13:28:37Z,46.90643333,12.67618333,3307.00,
9149,,,,,2019-07-23T13:28:38Z,46.90643333,12.67590000,3306.00,
9150,,,,,2019-07-23T13:28:39Z,46.90641667,12.67561667,3304.00,
9151,,,,,2019-07-23T13:28:40Z,46.90641667,12.67531667,3302.00,
9152,,,,,2019-07-23T13:28:41Z,46.90641667,12.67501667,3300.00,
9153,,,,,2019-07-23T13:28:42Z,46.90641667,12.67470000,3299.00,
9154,,,,,2019-07-23T13:28:43Z,46.90641667,12.67438333,3296.00,
9155,,,,,2019-07-23T13:28:44Z,46.90643333,12.67408333,3293.00,
9156,,,,,2019-07-23T13:28:45Z,46.90643333,12.67376667,3292.00,
9157,,,,,2019-07-23T13:28:46Z,46.90645000,12.67348333,3292.00,
9158,,,,,2019-07-23T13:28:47Z,46.90648333,12.67318333,3290.00,
9159,,,,,2019-07-23T13:28:48Z,46.90650000,12.67288333,3290.00,
9160,,,,,2019-07-23T13:28:49Z,46.90653333,12.67258333,3288.00,
9161,,,,,2019-07-23T13:28:50Z,46.90655000,12.67226667,3287.00,
9162,,,,,2019-07-23T13:28:51Z,46.90655000,12.67196667,3285.00,
9163,,,,,2019-07-23T13:28:52Z,46.90656667,12.67165000,3284.00,
9164,,,,,2019-07-23T13:28:53Z,46.90656667,12.67135000,3284.00,
9165,,,,,2019-07-23T13:28:54Z,46.90658333,12.67106667,3285.00,
9166,,,,,2019-07-23T13:28:55Z,46.90658333,12.67076667,3285.00,
9167,,,,,2019-07-23T13:28:56Z,46.90660000,12.67048333,3285.00,
9168,,,,,2019-07-23T13:28:57Z,46.90661667,12.67020000,3283.00,
9169,,,,,2019-07-23T13:28:58Z,46.90665000,12.66991667,3282.00,
9170,,,,,2019-07-23T13:28:59Z,46.90666667,12.66963333,3284.00,
9171,,,,,2019-07-23T13:29:00Z,46.90670000,12.66936667,3284.00,
9172,,,,,2019-07-23T13:29:01Z,46.90671667,12.66908333,3284.00,
9173,,,,,2019-07-23T13:29:02Z,46.90675000,12.66881667,3283.00,
9174,,,,,2019-07-23T13:29:03Z,46.90678333,12.66855000,3282.00,
9175,,,,,2019-07-23T13:29:04Z,46.90681667,12.66826667,3282.00,
9176,,,,,2019-07-23T13:29:05Z,46.90683333,12.66800000,3282.00,
9177,,,,,2019-07-23T13:29:06Z,46.90685000,12.66775000,3282.00,
9178,,,,,2019-07-23T13:29:07Z,46.90685000,12.66750000,3282.00,
9179,,,,,2019-07-23T13:29:08Z,46.90683333,12.66726667,3282.00,
9180,,,,,2019-07-23T13:29:09Z,46.90681667,12.66703333,3281.00,
9181,,,,,2019-07-23T13:29:10Z,46.90681667,12.66680000,3281.00,
9182,,,,,2019-07-23T13:29:11Z,46.90683333,12.66656667,3278.00,
9183,,,,,2019-07-23T13:29:12Z,46.90685000,12.66630000,3275.00,
9184,,,,,2019-07-23T13:29:13Z,46.90686667,12.66603333,3272.00,
9185,,,,,2019-07-23T13:29:14Z,46.90690000,12.66575000,3270.00,
9186,,,,,2019-07-23T13:29:15Z,46.90693333,12.66550000,3269.00,
9187,,,,,2019-07-23T13:29:16Z,46.90696667,12.66523333,3268.00,
9188,,,,,2019-07-23T13:29:17Z,46.90700000,12.66498333,3265.00,
9189,,,,,2019-07-23T13:29:18Z,46.90703333,12.66473333,3265.00,
9190,,,,,2019-07-23T13:29:19Z,46.90705000,12.66448333,3265.00,
9191,,,,,2019-07-23T13:29:20Z,46.90706667,12.66421667,3264.00,
9192,,,,,2019-07-23T13:29:21Z,46.90706667,12.66395000,3263.00,
9193,,,,,2019-07-23T13:29:22Z,46.90706667,12.66366667,3261.00,
9194,,,,,2019-07-23T13:29:23Z,46.90706667,12.66336667,3258.00,
9195,,,,,2019-07-23T13:29:24Z,46.90706667,12.66306667,3256.00,
9196,,,,,2019-07-23T13:29:25Z,46.90706667,12.66276667,3254.00,
9197,,,,,2019-07-23T13:29:26Z,46.90705000,12.66243333,3251.00,
9198,,,,,2019-07-23T13:29:27Z,46.90703333,12.66210000,3247.00,
9199,,,,,2019-07-23T13:29:28Z,46.90698333,12.66176667,3243.00,
9200,,,,,2019-07-23T13:29:29Z,46.90693333,12.66143333,3241.00,
9201,,,,,2019-07-23T13:29:30Z,46.90686667,12.66113333,3239.00,
9202,,,,,2019-07-23T13:29:31Z,46.90681667,12.66083333,3238.00,
9203,,,,,2019-07-23T13:29:32Z,46.90675000,12.66056667,3238.00,
9204,,,,,2019-07-23T13:29:33Z,46.90670000,12.66028333,3238.00,
9205,,,,,2019-07-23T13:29:34Z,46.90666667,12.66000000,3237.00,
9206,,,,,2019-07-23T13:29:35Z,46.90661667,12.65970000,3235.00,
9207,,,,,2019-07-23T13:29:36Z,46.90658333,12.65938333,3234.00,
9208,,,,,2019-07-23T13:29:37Z,46.90655000,12.65905000,3232.00,
9209,,,,,2019-07-23T13:29:38Z,46.90653333,12.65873333,3228.00,
9210,,,,,2019-07-23T13:29:39Z,46.90650000,12.65840000,3225.00,
9211,,,,,2019-07-23T13:29:40Z,46.90646667,12.65808333,3224.00,
9212,,,,,2019-07-23T13:29:41Z,46.90643333,12.65775000,3226.00,
9213,,,,,2019-07-23T13:29:42Z,46.90638333,12.65741667,3226.00,
9214,,,,,2019-07-23T13:29:43Z,46.90633333,12.65710000,3226.00,
9215,,,,,2019-07-23T13:29:44Z,46.90630000,12.65678333,3225.00,
9216,,,,,2019-07-23T13:29:45Z,46.90625000,12.65648333,3227.00,
9217,,,,,2019-07-23T13:29:46Z,46.90620000,12.65620000,3229.00,
9218,,,,,2019-07-23T13:29:47Z,46.90616667,12.65591667,3229.00,
9219,,,,,2019-07-23T13:29:48Z,46.90611667,12.65563333,3229.00,
9220,,,,,2019-07-23T13:29:49Z,46.90608333,12.65533333,3230.00,
9221,,,,,2019-07-23T13:29:50Z,46.90603333,12.65503333,3229.00,
9222,,,,,2019-07-23T13:29:51Z,46.90598333,12.65473333,3228.00,
9223,,,,,2019-07-23T13:29:52Z,46.90591667,12.65445000,3227.00,
9224,,,,,2019-07-23T13:29:53Z,46.90585000,12.65416667,3226.00,
9225,,,,,2019-07-23T13:29:54Z,46.90578333,12.65390000,3227.00,
9226,,,,,2019-07-23T13:29:55Z,46.90573333,12.65363333,3227.00,
9227,,,,,2019-07-23T13:29:56Z,46.90566667,12.65336667,3229.00,
9228,,,,,2019-07-23T13:29:57Z,46.90561667,12.65310000,3230.00,
9229,,,,,2019-07-23T13:29:58Z,46.90556667,12.65283333,3230.00,
9230,,,,,2019-07-23T13:29:59Z,46.90550000,12.65256667,3231.00,
9231,,,,,2019-07-23T13:30:00Z,46.90545000,12.65226667,3231.00,
9232,,,,,2019-07-23T13:30:01Z,46.90541667,12.65196667,3231.00,
9233,,,,,2019-07-23T13:30:02Z,46.90538333,12.65166667,3230.00,
9234,,,,,2019-07-23T13:30:03Z,46.90535000,12.65136667,3227.00,
9235,,,,,2019-07-23T13:30:04Z,46.90533333,12.65105000,3224.00,
9236,,,,,2019-07-23T13:30:05Z,46.90530000,12.65071667,3221.00,
9237,,,,,2019-07-23T13:30:06Z,46.90525000,12.65040000,3220.00,
9238,,,,,2019-07-23T13:30:07Z,46.90520000,12.65008333,3218.00,
9239,,,,,2019-07-23T13:30:08Z,46.90516667,12.64976667,3216.00,
9240,,,,,2019-07-23T13:30:09Z,46.90513333,12.64945000,3214.00,
9241,,,,,2019-07-23T13:30:10Z,46.90508333,12.64915000,3212.00,
9242,,,,,2019-07-23T13:30:11Z,46.90505000,12.64883333,3212.00,
9243,,,,,2019-07-23T13:30:12Z,46.90500000,12.64853333,3210.00,
9244,,,,,2019-07-23T13:30:13Z,46.90495000,12.64821667,3208.00,
9245,,,,,2019-07-23T13:30:14Z,46.90490000,12.64790000,3205.00,
9246,,,,,2019-07-23T13:30:15Z,46.90485000,12.64758333,3202.00,
9247,,,,,2019-07-23T13:30:16Z,46.90480000,12.64728333,3197.00,
9248,,,,,2019-07-23T13:30:17Z,46.90473333,12.64696667,3194.00,
9249,,,,,2019-07-23T13:30:18Z,46.90468333,12.64666667,3192.00,
9250,,,,,2019-07-23T13:30:19Z,46.90461667,12.64636667,3190.00,
9251,,,,,2019-07-23T13:30:20Z,46.90455000,12.64606667,3187.00,
9252,,,,,2019-07-23T13:30:21Z,46.90448333,12.64576667,3183.00,
9253,,,,,2019-07-23T13:30:22Z,46.90443333,12.64546667,3177.00,
9254,,,,,2019-07-23T13:30:23Z,46.90436667,12.64516667,3176.00,
9255,,,,,2019-07-23T13:30:24Z,46.90430000,12.64486667,3172.00,
9256,,,,,2019-07-23T13:30:25Z,46.90425000,12.64455000,3167.00,
9257,,,,,2019-07-23T13:30:26Z,46.90418333,12.64423333,3161.00,
9258,,,,,2019-07-23T13:30:27Z,46.90413333,12.64391667,3157.00,
9259,,,,,2019-07-23T13:30:28Z,46.90406667,12.64358333,3152.00,
9260,,,,,2019-07-23T13:30:29Z,46.90400000,12.64326667,3148.00,
9261,,,,,2019-07-23T13:30:30Z,46.90395000,12.64295000,3146.00,
9262,,,,,2019-07-23T13:30:31Z,46.90388333,12.64265000,3143.00,
9263,,,,,2019-07-23T13:30:32Z,46.90383333,12.64236667,3139.00,
9264,,,,,2019-07-23T13:30:33Z,46.90375000,12.64210000,3140.00,
9265,,,,,2019-07-23T13:30:34Z,46.90368333,12.64181667,3142.00,
9266,,,,,2019-07-23T13:30:35Z,46.90363333,12.64153333,3140.00,
9267,,,,,2019-07-23T13:30:36Z,46.90358333,12.64121667,3136.00,
9268,,,,,2019-07-23T13:30:37Z,46.90353333,12.64088333,3131.00,
9269,,,,,2019-07-23T13:30:38Z,46.90350000,12.64055000,3126.00,
9270,,,,,2019-07-23T13:30:39Z,46.90345000,12.64021667,3121.00,
9271,,,,,2019-07-23T13:30:40Z,46.90338333,12.63990000,3117.00,
9272,,,,,2019-07-23T13:30:41Z,46.90331667,12.63961667,3116.00,
9273,,,,,2019-07-23T13:30:42Z,46.90323333,12.63933333,3116.00,
9274,,,,,2019-07-23T13:30:43Z,46.90315000,12.63905000,3115.00,
9275,,,,,2019-07-23T13:30:44Z,46.90306667,12.63878333,3113.00,
9276,,,,,2019-07-23T13:30:45Z,46.90298333,12.63850000,3110.00,
9277,,,,,2019-07-23T13:30:46Z,46.90290000,12.63823333,3108.00,
9278,,,,,2019-07-23T13:30:47Z,46.90281667,12.63795000,3105.00,
9279,,,,,2019-07-23T13:30:48Z,46.90273333,12.63766667,3102.00,
9280,,,,,2019-07-23T13:30:49Z,46.90263333,12.63738333,3098.00,
9281,,,,,2019-07-23T13:30:50Z,46.90255000,12.63708333,3095.00,
9282,,,,,2019-07-23T13:30:51Z,46.90246667,12.63680000,3091.00,
9283,,,,,2019-07-23T13:30:52Z,46.90238333,12.63648333,3087.00,
9284,,,,,2019-07-23T13:30:53Z,46.90230000,12.63618333,3083.00,
9285,,,,,2019-07-23T13:30:54Z,46.90223333,12.63586667,3079.00,
9286,,,,,2019-07-23T13:30:55Z,46.90218333,12.63555000,3077.00,
9287,,,,,2019-07-23T13:30:56Z,46.90213333,12.63523333,3074.00,
9288,,,,,2019-07-23T13:30:57Z,46.90210000,12.63491667,3073.00,
9289,,,,,2019-07-23T13:30:58Z,46.90205000,12.63461667,3072.00,
9290,,,,,2019-07-23T13:30:59Z,46.90201667,12.63431667,3071.00,
9291,,,,,2019-07-23T13:31:00Z,46.90196667,12.63401667,3070.00,
9292,,,,,2019-07-23T13:31:01Z,46.90193333,12.63371667,3070.00,
9293,,,,,2019-07-23T13:31:02Z,46.90188333,12.63341667,3070.00,
9294,,,,,2019-07-23T13:31:03Z,46.90183333,12.63313333,3070.00,
9295,,,,,2019-07-23T13:31:04Z,46.90180000,12.63283333,3069.00,
9296,,,,,2019-07-23T13:31:05Z,46.90175000,12.63255000,3068.00,
9297,,,,,2019-07-23T13:31:06Z,46.90173333,12.63225000,3067.00,
9298,,,,,2019-07-23T13:31:07Z,46.90168333,12.63196667,3066.00,
9299,,,,,2019-07-23T13:31:08Z,46.90166667,12.63168333,3063.00,
9300,,,,,2019-07-23T13:31:09Z,46.90163333,12.63141667,3063.00,
9301,,,,,2019-07-23T13:31:10Z,46.90158333,12.63113333,3062.00,
9302,,,,,2019-07-23T13:31:11Z,46.90155000,12.63083333,3060.00,
9303,,,,,2019-07-23T13:31:12Z,46.90151667,12.63055000,3057.00,
9304,,,,,2019-07-23T13:31:13Z,46.90146667,12.63025000,3054.00,
9305,,,,,2019-07-23T13:31:14Z,46.90145000,12.62996667,3050.00,
9306,,,,,2019-07-23T13:31:15Z,46.90143333,12.62966667,3045.00,
9307,,,,,2019-07-23T13:31:16Z,46.90141667,12.62938333,3042.00,
9308,,,,,2019-07-23T13:31:17Z,46.90138333,12.62908333,3038.00,
9309,,,,,2019-07-23T13:31:18Z,46.90135000,12.62878333,3034.00,
9310,,,,,2019-07-23T13:31:19Z,46.90128333,12.62848333,3031.00,
9311,,,,,2019-07-23T13:31:20Z,46.90121667,12.62818333,3027.00,
9312,,,,,2019-07-23T13:31:21Z,46.90113333,12.62788333,3024.00,
9313,,,,,2019-07-23T13:31:22Z,46.90106667,12.62760000,3022.00,
9314,,,,,2019-07-23T13:31:23Z,46.90098333,12.62731667,3019.00,
9315,,,,,2019-07-23T13:31:24Z,46.90090000,12.62703333,3017.00,
9316,,,,,2019-07-23T13:31:25Z,46.90081667,12.62676667,3017.00,
9317,,,,,2019-07-23T13:31:26Z,46.90076667,12.62650000,3015.00,
9318,,,,,2019-07-23T13:31:27Z,46.90070000,12.62621667,3014.00,
9319,,,,,2019-07-23T13:31:28Z,46.90065000,12.62593333,3014.00,
9320,,,,,2019-07-23T13:31:29Z,46.90061667,12.62566667,3013.00,
9321,,,,,2019-07-23T13:31:30Z,46.90058333,12.62536667,3010.00,
9322,,,,,2019-07-23T13:31:31Z,46.90056667,12.62506667,3008.00,
9323,,,,,2019-07-23T13:31:32Z,46.90056667,12.62476667,3006.00,
9324,,,,,2019-07-23T13:31:33Z,46.90055000,12.62445000,3003.00,
9325,,,,,2019-07-23T13:31:34Z,46.90055000,12.62415000,3000.00,
9326,,,,,2019-07-23T13:31:35Z,46.90056667,12.62385000,2998.00,
9327,,,,,2019-07-23T13:31:36Z,46.90056667,12.62355000,2995.00,
9328,,,,,2019-07-23T13:31:37Z,46.90058333,12.62325000,2994.00,
9329,,,,,2019-07-23T13:31:38Z,46.90060000,12.62296667,2991.00,
9330,,,,,2019-07-23T13:31:39Z,46.90063333,12.62266667,2989.00,
9331,,,,,2019-07-23T13:31:40Z,46.90065000,12.62238333,2989.00,
9332,,,,,2019-07-23T13:31:41Z,46.90068333,12.62210000,2985.00,
9333,,,,,2019-07-23T13:31:42Z,46.90071667,12.62183333,2982.00,
9334,,,,,2019-07-23T13:31:43Z,46.90073333,12.62155000,2980.00,
9335,,,,,2019-07-23T13:31:44Z,46.90075000,12.62128333,2980.00,
9336,,,,,2019-07-23T13:31:45Z,46.90075000,12.62101667,2978.00,
9337,,,,,2019-07-23T13:31:46Z,46.90075000,12.62073333,2976.00,
9338,,,,,2019-07-23T13:31:47Z,46.90075000,12.62046667,2974.00,
9339,,,,,2019-07-23T13:31:48Z,46.90075000,12.62018333,2971.00,
9340,,,,,2019-07-23T13:31:49Z,46.90076667,12.61990000,2968.00,
9341,,,,,2019-07-23T13:31:50Z,46.90078333,12.61961667,2965.00,
9342,,,,,2019-07-23T13:31:51Z,46.90080000,12.61935000,2963.00,
9343,,,,,2019-07-23T13:31:52Z,46.90081667,12.61908333,2960.00,
9344,,,,,2019-07-23T13:31:53Z,46.90083333,12.61881667,2962.00,
9345,,,,,2019-07-23T13:31:54Z,46.90086667,12.61855000,2960.00,
9346,,,,,2019-07-23T13:31:55Z,46.90088333,12.61828333,2959.00,
9347,,,,,2019-07-23T13:31:56Z,46.90091667,12.61801667,2956.00,
9348,,,,,2019-07-23T13:31:57Z,46.90093333,12.61775000,2954.00,
9349,,,,,2019-07-23T13:31:58Z,46.90093333,12.61748333,2951.00,
9350,,,,,2019-07-23T13:31:59Z,46.90095000,12.61721667,2950.00,
9351,,,,,2019-07-23T13:32:00Z,46.90095000,12.61693333,2949.00,
9352,,,,,2019-07-23T13:32:01Z,46.90093333,12.61666667,2948.00,
9353,,,,,2019-07-23T13:32:02Z,46.90093333,12.61640000,2945.00,
9354,,,,,2019-07-23T13:32:03Z,46.90091667,12.61611667,2943.00,
9355,,,,,2019-07-23T13:32:04Z,46.90088333,12.61585000,2941.00,
9356,,,,,2019-07-23T13:32:05Z,46.90085000,12.61556667,2941.00,
9357,,,,,2019-07-23T13:32:06Z,46.90080000,12.61528333,2940.00,
9358,,,,,2019-07-23T13:32:07Z,46.90076667,12.61501667,2939.00,
9359,,,,,2019-07-23T13:32:08Z,46.90071667,12.61473333,2937.00,
9360,,,,,2019-07-23T13:32:09Z,46.90068333,12.61445000,2935.00,
9361,,,,,2019-07-23T13:32:10Z,46.90065000,12.61416667,2933.00,
9362,,,,,2019-07-23T13:32:11Z,46.90061667,12.61390000,2933.00,
9363,,,,,2019-07-23T13:32:12Z,46.90060000,12.61361667,2932.00,
9364,,,,,2019-07-23T13:32:13Z,46.90058333,12.61333333,2929.00,
9365,,,,,2019-07-23T13:32:14Z,46.90056667,12.61305000,2926.00,
9366,,,,,2019-07-23T13:32:15Z,46.90056667,12.61278333,2923.00,
9367,,,,,2019-07-23T13:32:16Z,46.90058333,12.61253333,2922.00,
9368,,,,,2019-07-23T13:32:17Z,46.90058333,12.61228333,2923.00,
9369,,,,,2019-07-23T13:32:18Z,46.90058333,12.61203333,2924.00,
9370,,,,,2019-07-23T13:32:19Z,46.90056667,12.61180000,2924.00,
9371,,,,,2019-07-23T13:32:20Z,46.90056667,12.61158333,2923.00,
9372,,,,,2019-07-23T13:32:21Z,46.90058333,12.61135000,2923.00,
9373,,,,,2019-07-23T13:32:22Z,46.90060000,12.61111667,2922.00,
9374,,,,,2019-07-23T13:32:23Z,46.90063333,12.61086667,2920.00,
9375,,,,,2019-07-23T13:32:24Z,46.90066667,12.61061667,2917.00,
9376,,,,,2019-07-23T13:32:25Z,46.90070000,12.61036667,2915.00,
9377,,,,,2019-07-23T13:32:26Z,46.90071667,12.61010000,2912.00,
9378,,,,,2019-07-23T13:32:27Z,46.90073333,12.60985000,2910.00,
9379,,,,,2019-07-23T13:32:28Z,46.90075000,12.60958333,2909.00,
9380,,,,,2019-07-23T13:32:29Z,46.90076667,12.60933333,2909.00,
9381,,,,,2019-07-23T13:32:30Z,46.90080000,12.60906667,2909.00,
9382,,,,,2019-07-23T13:32:31Z,46.90083333,12.60881667,2909.00,
9383,,,,,2019-07-23T13:32:32Z,46.90086667,12.60855000,2907.00,
9384,,,,,2019-07-23T13:32:33Z,46.90091667,12.60828333,2904.00,
9385,,,,,2019-07-23T13:32:34Z,46.90095000,12.60803333,2902.00,
9386,,,,,2019-07-23T13:32:35Z,46.90100000,12.60778333,2900.00,
9387,,,,,2019-07-23T13:32:36Z,46.90105000,12.60753333,2900.00,
9388,,,,,2019-07-23T13:32:37Z,46.90108333,12.60728333,2901.00,
9389,,,,,2019-07-23T13:32:38Z,46.90111667,12.60701667,2900.00,
9390,,,,,2019-07-23T13:32:39Z,46.90113333,12.60676667,2899.00,
9391,,,,,2019-07-23T13:32:40Z,46.90116667,12.60651667,2897.00,
9392,,,,,2019-07-23T13:32:41Z,46.90118333,12.60625000,2896.00,
9393,,,,,2019-07-23T13:32:42Z,46.90121667,12.60598333,2896.00,
9394,,,,,2019-07-23T13:32:43Z,46.90125000,12.60571667,2894.00,
9395,,,,,2019-07-23T13:32:44Z,46.90128333,12.60545000,2893.00,
9396,,,,,2019-07-23T13:32:45Z,46.90131667,12.60520000,2892.00,
9397,,,,,2019-07-23T13:32:46Z,46.90135000,12.60493333,2892.00,
9398,,,,,2019-07-23T13:32:47Z,46.90138333,12.60466667,2891.00,
9399,,,,,2019-07-23T13:32:48Z,46.90143333,12.60440000,2890.00,
9400,,,,,2019-07-23T13:32:49Z,46.90148333,12.60413333,2888.00,
9401,,,,,2019-07-23T13:32:50Z,46.90151667,12.60388333,2888.00,
9402,,,,,2019-07-23T13:32:51Z,46.90151667,12.60365000,2889.00,
9403,,,,,2019-07-23T13:32:52Z,46.90151667,12.60340000,2889.00,
9404,,,,,2019-07-23T13:32:53Z,46.90150000,12.60316667,2890.00,
9405,,,,,2019-07-23T13:32:54Z,46.90148333,12.60291667,2889.00,
9406,,,,,2019-07-23T13:32:55Z,46.90146667,12.60268333,2889.00,
9407,,,,,2019-07-23T13:32:56Z,46.90143333,12.60245000,2889.00,
9408,,,,,2019-07-23T13:32:57Z,46.90141667,12.60221667,2890.00,
9409,,,,,2019-07-23T13:32:58Z,46.90138333,12.60198333,2890.00,
9410,,,,,2019-07-23T13:32:59Z,46.90136667,12.60173333,2890.00,
9411,,,,,2019-07-23T13:33:00Z,46.90135000,12.60148333,2889.00,
9412,,,,,2019-07-23T13:33:01Z,46.90135000,12.60121667,2886.00,
9413,,,,,2019-07-23T13:33:02Z,46.90136667,12.60093333,2883.00,
9414,,,,,2019-07-23T13:33:03Z,46.90136667,12.60065000,2882.00,
9415,,,,,2019-07-23T13:33:04Z,46.90138333,12.60036667,2878.00,
9416,,,,,2019-07-23T13:33:05Z,46.90140000,12.60008333,2874.00,
9417,,,,,2019-07-23T13:33:06Z,46.90141667,12.59980000,2871.00,
9418,,,,,2019-07-23T13:33:07Z,46.90145000,12.59953333,2869.00,
9419,,,,,2019-07-23T13:33:08Z,46.90146667,12.59928333,2865.00,
9420,,,,,2019-07-23T13:33:09Z,46.90150000,12.59901667,2862.00,
9421,,,,,2019-07-23T13:33:10Z,46.90151667,12.59876667,2860.00,
9422,,,,,2019-07-23T13:33:11Z,46.90155000,12.59851667,2857.00,
9423,,,,,2019-07-23T13:33:12Z,46.90156667,12.59825000,2855.00,
9424,,,,,2019-07-23T13:33:13Z,46.90160000,12.59798333,2850.00,
9425,,,,,2019-07-23T13:33:14Z,46.90161667,12.59771667,2847.00,
9426,,,,,2019-07-23T13:33:15Z,46.90165000,12.59745000,2843.00,
9427,,,,,2019-07-23T13:33:16Z,46.90166667,12.59718333,2839.00,
9428,,,,,2019-07-23T13:33:17Z,46.90170000,12.59690000,2834.00,
9429,,,,,2019-07-23T13:33:18Z,46.90173333,12.59663333,2828.00,
9430,,,,,2019-07-23T13:33:19Z,46.90176667,12.59636667,2823.00,
9431,,,,,2019-07-23T13:33:20Z,46.90180000,12.59611667,2821.00,
9432,,,,,2019-07-23T13:33:21Z,46.90183333,12.59586667,2818.00,
9433,,,,,2019-07-23T13:33:22Z,46.90186667,12.59561667,2816.00,
9434,,,,,2019-07-23T13:33:23Z,46.90188333,12.59538333,2814.00,
9435,,,,,2019-07-23T13:33:24Z,46.90190000,12.59511667,2811.00,
9436,,,,,2019-07-23T13:33:25Z,46.90193333,12.59486667,2809.00,
9437,,,,,2019-07-23T13:33:26Z,46.90195000,12.59460000,2805.00,
9438,,,,,2019-07-23T13:33:27Z,46.90196667,12.59435000,2802.00,
9439,,,,,2019-07-23T13:33:28Z,46.90196667,12.59408333,2799.00,
9440,,,,,2019-07-23T13:33:29Z,46.90198333,12.59381667,2796.00,
9441,,,,,2019-07-23T13:33:30Z,46.90200000,12.59356667,2794.00,
9442,,,,,2019-07-23T13:33:31Z,46.90201667,12.59330000,2792.00,
9443,,,,,2019-07-23T13:33:32Z,46.90203333,12.59305000,2790.00,
9444,,,,,2019-07-23T13:33:33Z,46.90206667,12.59280000,2788.00,
9445,,,,,2019-07-23T13:33:34Z,46.90208333,12.59255000,2786.00,
9446,,,,,2019-07-23T13:33:35Z,46.90208333,12.59230000,2785.00,
9447,,,,,2019-07-23T13:33:36Z,46.90210000,12.59205000,2784.00,
9448,,,,,2019-07-23T13:33:37Z,46.90208333,12.59178333,2782.00,
9449,,,,,2019-07-23T13:33:38Z,46.90208333,12.59153333,2780.00,
9450,,,,,2019-07-23T13:33:39Z,46.90208333,12.59128333,2777.00,
9451,,,,,2019-07-23T13:33:40Z,46.90208333,12.59103333,2774.00,
9452,,,,,2019-07-23T13:33:41Z,46.90208333,12.59076667,2771.00,
9453,,,,,2019-07-23T13:33:42Z,46.90210000,12.59051667,2769.00,
9454,,,,,2019-07-23T13:33:43Z,46.90213333,12.59025000,2767.00,
9455,,,,,2019-07-23T13:33:44Z,46.90216667,12.58998333,2765.00,
9456,,,,,2019-07-23T13:33:45Z,46.90221667,12.58971667,2762.00,
9457,,,,,2019-07-23T13:33:46Z,46.90226667,12.58945000,2759.00,
9458,,,,,2019-07-23T13:33:47Z,46.90233333,12.58920000,2756.00,
9459,,,,,2019-07-23T13:33:48Z,46.90236667,12.58895000,2755.00,
9460,,,,,2019-07-23T13:33:49Z,46.90241667,12.58870000,2754.00,
9461,,,,,2019-07-23T13:33:50Z,46.90245000,12.58845000,2752.00,
9462,,,,,2019-07-23T13:33:51Z,46.90246667,12.58820000,2751.00,
9463,,,,,2019-07-23T13:33:52Z,46.90248333,12.58795000,2748.00,
9464,,,,,2019-07-23T13:33:53Z,46.90248333,12.58768333,2748.00,
9465,,,,,2019-07-23T13:33:54Z,46.90248333,12.58743333,2746.00,
9466,,,,,2019-07-23T13:33:55Z,46.90248333,12.58718333,2743.00,
9467,,,,,2019-07-23T13:33:56Z,46.90246667,12.58691667,2740.00,
9468,,,,,2019-07-23T13:33:57Z,46.90245000,12.58665000,2737.00,
9469,,,,,2019-07-23T13:33:58Z,46.90240000,12.58638333,2734.00,
9470,,,,,2019-07-23T13:33:59Z,46.90236667,12.58613333,2730.00,
9471,,,,,2019-07-23T13:34:00Z,46.90233333,12.58586667,2726.00,
9472,,,,,2019-07-23T13:34:01Z,46.90230000,12.58560000,2723.00,
9473,,,,,2019-07-23T13:34:02Z,46.90226667,12.58533333,2721.00,
9474,,,,,2019-07-23T13:34:03Z,46.90223333,12.58506667,2718.00,
9475,,,,,2019-07-23T13:34:04Z,46.90220000,12.58480000,2717.00,
9476,,,,,2019-07-23T13:34:05Z,46.90216667,12.58453333,2715.00,
9477,,,,,2019-07-23T13:34:06Z,46.90211667,12.58425000,2712.00,
9478,,,,,2019-07-23T13:34:07Z,46.90208333,12.58396667,2710.00,
9479,,,,,2019-07-23T13:34:08Z,46.90206667,12.58368333,2708.00,
9480,,,,,2019-07-23T13:34:09Z,46.90203333,12.58340000,2705.00,
9481,,,,,2019-07-23T13:34:10Z,46.90201667,12.58313333,2702.00,
9482,,,,,2019-07-23T13:34:11Z,46.90200000,12.58285000,2700.00,
9483,,,,,2019-07-23T13:34:12Z,46.90196667,12.58258333,2698.00,
9484,,,,,2019-07-23T13:34:13Z,46.90195000,12.58230000,2697.00,
9485,,,,,2019-07-23T13:34:14Z,46.90193333,12.58203333,2697.00,
9486,,,,,2019-07-23T13:34:15Z,46.90190000,12.58176667,2695.00,
9487,,,,,2019-07-23T13:34:16Z,46.90190000,12.58150000,2692.00,
9488,,,,,2019-07-23T13:34:17Z,46.90188333,12.58123333,2690.00,
9489,,,,,2019-07-23T13:34:18Z,46.90188333,12.58096667,2687.00,
9490,,,,,2019-07-23T13:34:19Z,46.90186667,12.58070000,2686.00,
9491,,,,,2019-07-23T13:34:20Z,46.90185000,12.58043333,2685.00,
9492,,,,,2019-07-23T13:34:21Z,46.90181667,12.58018333,2684.00,
9493,,,,,2019-07-23T13:34:22Z,46.90178333,12.57991667,2681.00,
9494,,,,,2019-07-23T13:34:23Z,46.90175000,12.57965000,2677.00,
9495,,,,,2019-07-23T13:34:24Z,46.90170000,12.57940000,2674.00,
9496,,,,,2019-07-23T13:34:25Z,46.90165000,12.57915000,2672.00,
9497,,,,,2019-07-23T13:34:26Z,46.90160000,12.57891667,2671.00,
9498,,,,,2019-07-23T13:34:27Z,46.90155000,12.57866667,2669.00,
9499,,,,,2019-07-23T13:34:28Z,46.90148333,12.57843333,2668.00,
9500,,,,,2019-07-23T13:34:29Z,46.90143333,12.57818333,2666.00,
9501,,,,,2019-07-23T13:34:30Z,46.90135000,12.57795000,2664.00,
9502,,,,,2019-07-23T13:34:31Z,46.90128333,12.57771667,2661.00,
9503,,,,,2019-07-23T13:34:32Z,46.90121667,12.57748333,2658.00,
9504,,,,,2019-07-23T13:34:33Z,46.90113333,12.57726667,2656.00,
9505,,,,,2019-07-23T13:34:34Z,46.90103333,12.57703333,2651.00,
9506,,,,,2019-07-23T13:34:35Z,46.90093333,12.57681667,2646.00,
9507,,,,,2019-07-23T13:34:36Z,46.90081667,12.57661667,2641.00,
9508,,,,,2019-07-23T13:34:37Z,46.90070000,12.57640000,2637.00,
9509,,,,,2019-07-23T13:34:38Z,46.90058333,12.57618333,2634.00,
9510,,,,,2019-07-23T13:34:39Z,46.90048333,12.57595000,2630.00,
9511,,,,,2019-07-23T13:34:40Z,46.90038333,12.57570000,2626.00,
9512,,,,,2019-07-23T13:34:41Z,46.90030000,12.57545000,2624.00,
9513,,,,,2019-07-23T13:34:42Z,46.90021667,12.57518333,2620.00,
9514,,,,,2019-07-23T13:34:43Z,46.90015000,12.57491667,2616.00,
9515,,,,,2019-07-23T13:34:44Z,46.90005000,12.57466667,2614.00,
9516,,,,,2019-07-23T13:34:45Z,46.89995000,12.57441667,2612.00,
9517,,,,,2019-07-23T13:34:46Z,46.89985000,12.57418333,2608.00,
9518,,,,,2019-07-23T13:34:47Z,46.89973333,12.57396667,2604.00,
9519,,,,,2019-07-23T13:34:48Z,46.89961667,12.57375000,2605.00,
9520,,,,,2019-07-23T13:34:49Z,46.89950000,12.57355000,2603.00,
9521,,,,,2019-07-23T13:34:50Z,46.89936667,12.57336667,2599.00,
9522,,,,,2019-07-23T13:34:51Z,46.89921667,12.57320000,2596.00,
9523,,,,,2019-07-23T13:34:52Z,46.89906667,12.57305000,2592.00,
9524,,,,,2019-07-23T13:34:53Z,46.89891667,12.57288333,2588.00,
9525,,,,,2019-07-23T13:34:54Z,46.89875000,12.57271667,2585.00,
9526,,,,,2019-07-23T13:34:55Z,46.89860000,12.57255000,2581.00,
9527,,,,,2019-07-23T13:34:56Z,46.89843333,12.57236667,2577.00,
9528,,,,,2019-07-23T13:34:57Z,46.89828333,12.57220000,2574.00,
9529,,,,,2019-07-23T13:34:58Z,46.89811667,12.57203333,2572.00,
9530,,,,,2019-07-23T13:34:59Z,46.89796667,12.57186667,2570.00,
9531,,,,,2019-07-23T13:35:00Z,46.89780000,12.57168333,2567.00,
9532,,,,,2019-07-23T13:35:01Z,46.89763333,12.57151667,2564.00,
9533,,,,,2019-07-23T13:35:02Z,46.89748333,12.57133333,2562.00,
9534,,,,,2019-07-23T13:35:03Z,46.89731667,12.57115000,2559.00,
9535,,,,,2019-07-23T13:35:04Z,46.89715000,12.57098333,2557.00,
9536,,,,,2019-07-23T13:35:05Z,46.89698333,12.57081667,2554.00,
9537,,,,,2019-07-23T13:35:06Z,46.89683333,12.57065000,2552.00,
9538,,,,,2019-07-23T13:35:07Z,46.89666667,12.57046667,2550.00,
9539,,,,,2019-07-23T13:35:08Z,46.89651667,12.57030000,2547.00,
9540,,,,,2019-07-23T13:35:09Z,46.89638333,12.57013333,2545.00,
9541,,,,,2019-07-23T13:35:10Z,46.89623333,12.56996667,2544.00,
9542,,,,,2019-07-23T13:35:11Z,46.89608333,12.56981667,2545.00,
9543,,,,,2019-07-23T13:35:12Z,46.89595000,12.56968333,2545.00,
9544,,,,,2019-07-23T13:35:13Z,46.89578333,12.56955000,2544.00,
9545,,,,,2019-07-23T13:35:14Z,46.89563333,12.56941667,2544.00,
9546,,,,,2019-07-23T13:35:15Z,46.89546667,12.56928333,2544.00,
9547,,,,,2019-07-23T13:35:16Z,46.89530000,12.56915000,2543.00,
9548,,,,,2019-07-23T13:35:17Z,46.89513333,12.56901667,2541.00,
9549,,,,,2019-07-23T13:35:18Z,46.89498333,12.56888333,2542.00,
9550,,,,,2019-07-23T13:35:19Z,46.89481667,12.56876667,2543.00,
9551,,,,,2019-07-23T13:35:20Z,46.89465000,12.56865000,2542.00,
9552,,,,,2019-07-23T13:35:21Z,46.89448333,12.56853333,2543.00,
9553,,,,,2019-07-23T13:35:22Z,46.89430000,12.56840000,2541.00,
9554,,,,,2019-07-23T13:35:23Z,46.89413333,12.56826667,2540.00,
9555,,,,,2019-07-23T13:35:24Z,46.89396667,12.56815000,2539.00,
9556,,,,,2019-07-23T13:35:25Z,46.89380000,12.56805000,2539.00,
9557,,,,,2019-07-23T13:35:26Z,46.89365000,12.56795000,2541.00,
9558,,,,,2019-07-23T13:35:27Z,46.89350000,12.56786667,2543.00,
9559,,,,,2019-07-23T13:35:28Z,46.89336667,12.56781667,2544.00,
9560,,,,,2019-07-23T13:35:29Z,46.89323333,12.56778333,2547.00,
9561,,,,,2019-07-23T13:35:30Z,46.89310000,12.56776667,2549.00,
9562,,,,,2019-07-23T13:35:31Z,46.89295000,12.56781667,2550.00,
9563,,,,,2019-07-23T13:35:32Z,46.89281667,12.56790000,2550.00,
9564,,,,,2019-07-23T13:35:33Z,46.89270000,12.56805000,2551.00,
9565,,,,,2019-07-23T13:35:34Z,46.89261667,12.56823333,2552.00,
9566,,,,,2019-07-23T13:35:35Z,46.89255000,12.56841667,2553.00,
9567,,,,,2019-07-23T13:35:36Z,46.89253333,12.56861667,2554.00,
9568,,,,,2019-07-23T13:35:37Z,46.89253333,12.56883333,2555.00,
9569,,,,,2019-07-23T13:35:38Z,46.89260000,12.56905000,2556.00,
9570,,,,,2019-07-23T13:35:39Z,46.89270000,12.56923333,2558.00,
9571,,,,,2019-07-23T13:35:40Z,46.89283333,12.56936667,2558.00,
9572,,,,,2019-07-23T13:35:41Z,46.89298333,12.56943333,2560.00,
9573,,,,,2019-07-23T13:35:42Z,46.89315000,12.56941667,2562.00,
9574,,,,,2019-07-23T13:35:43Z,46.89328333,12.56935000,2564.00,
9575,,,,,2019-07-23T13:35:44Z,46.89341667,12.56918333,2567.00,
9576,,,,,2019-07-23T13:35:45Z,46.89350000,12.56898333,2569.00,
9577,,,,,2019-07-23T13:35:46Z,46.89351667,12.56873333,2567.00,
9578,,,,,2019-07-23T13:35:47Z,46.89348333,12.56848333,2569.00,
9579,,,,,2019-07-23T13:35:48Z,46.89340000,12.56825000,2571.00,
9580,,,,,2019-07-23T13:35:49Z,46.89326667,12.56808333,2572.00,
9581,,,,,2019-07-23T13:35:50Z,46.89310000,12.56798333,2573.00,
9582,,,,,2019-07-23T13:35:51Z,46.89295000,12.56795000,2573.00,
9583,,,,,2019-07-23T13:35:52Z,46.89280000,12.56800000,2573.00,
9584,,,,,2019-07-23T13:35:53Z,46.89266667,12.56808333,2573.00,
9585,,,,,2019-07-23T13:35:54Z,46.89255000,12.56821667,2575.00,
9586,,,,,2019-07-23T13:35:55Z,46.89246667,12.56838333,2577.00,
9587,,,,,2019-07-23T13:35:56Z,46.89241667,12.56858333,2578.00,
9588,,,,,2019-07-23T13:35:57Z,46.89241667,12.56876667,2580.00,
9589,,,,,2019-07-23T13:35:58Z,46.89243333,12.56896667,2581.00,
9590,,,,,2019-07-23T13:35:59Z,46.89251667,12.56915000,2582.00,
9591,,,,,2019-07-23T13:36:00Z,46.89263333,12.56931667,2582.00,
9592,,,,,2019-07-23T13:36:01Z,46.89276667,12.56941667,2585.00,
9593,,,,,2019-07-23T13:36:02Z,46.89293333,12.56948333,2586.00,
9594,,,,,2019-07-23T13:36:03Z,46.89311667,12.56948333,2586.00,
9595,,,,,2019-07-23T13:36:04Z,46.89326667,12.56943333,2586.00,
9596,,,,,2019-07-23T13:36:05Z,46.89341667,12.56931667,2587.00,
9597,,,,,2019-07-23T13:36:06Z,46.89353333,12.56911667,2587.00,
9598,,,,,2019-07-23T13:36:07Z,46.89358333,12.56886667,2588.00,
9599,,,,,2019-07-23T13:36:08Z,46.89356667,12.56858333,2590.00,
9600,,,,,2019-07-23T13:36:09Z,46.89346667,12.56833333,2590.00,
9601,,,,,2019-07-23T13:36:10Z,46.89333333,12.56816667,2591.00,
9602,,,,,2019-07-23T13:36:11Z,46.89318333,12.56805000,2590.00,
9603,,,,,2019-07-23T13:36:12Z,46.89303333,12.56800000,2591.00,
9604,,,,,2019-07-23T13:36:13Z,46.89290000,12.56803333,2592.00,
9605,,,,,2019-07-23T13:36:14Z,46.89275000,12.56810000,2592.00,
9606,,,,,2019-07-23T13:36:15Z,46.89263333,12.56823333,2592.00,
9607,,,,,2019-07-23T13:36:16Z,46.89253333,12.56840000,2592.00,
9608,,,,,2019-07-23T13:36:17Z,46.89246667,12.56860000,2592.00,
9609,,,,,2019-07-23T13:36:18Z,46.89241667,12.56881667,2594.00,
9610,,,,,2019-07-23T13:36:19Z,46.89240000,12.56903333,2595.00,
9611,,,,,2019-07-23T13:36:20Z,46.89240000,12.56926667,2595.00,
9612,,,,,2019-07-23T13:36:21Z,46.89241667,12.56948333,2595.00,
9613,,,,,2019-07-23T13:36:22Z,46.89245000,12.56966667,2596.00,
9614,,,,,2019-07-23T13:36:23Z,46.89250000,12.56985000,2598.00,
9615,,,,,2019-07-23T13:36:24Z,46.89255000,12.57000000,2598.00,
9616,,,,,2019-07-23T13:36:25Z,46.89263333,12.57015000,2599.00,
9617,,,,,2019-07-23T13:36:26Z,46.89271667,12.57030000,2601.00,
9618,,,,,2019-07-23T13:36:27Z,46.89283333,12.57043333,2602.00,
9619,,,,,2019-07-23T13:36:28Z,46.89296667,12.57053333,2603.00,
9620,,,,,2019-07-23T13:36:29Z,46.89311667,12.57063333,2604.00,
9621,,,,,2019-07-23T13:36:30Z,46.89326667,12.57068333,2606.00,
9622,,,,,2019-07-23T13:36:31Z,46.89341667,12.57068333,2607.00,
9623,,,,,2019-07-23T13:36:32Z,46.89356667,12.57065000,2609.00,
9624,,,,,2019-07-23T13:36:33Z,46.89371667,12.57056667,2610.00,
9625,,,,,2019-07-23T13:36:34Z,46.89386667,12.57041667,2612.00,
9626,,,,,2019-07-23T13:36:35Z,46.89396667,12.57020000,2611.00,
9627,,,,,2019-07-23T13:36:36Z,46.89401667,12.56991667,2610.00,
9628,,,,,2019-07-23T13:36:37Z,46.89400000,12.56963333,2610.00,
9629,,,,,2019-07-23T13:36:38Z,46.89393333,12.56935000,2608.00,
9630,,,,,2019-07-23T13:36:39Z,46.89381667,12.56911667,2608.00,
9631,,,,,2019-07-23T13:36:40Z,46.89368333,12.56893333,2609.00,
9632,,,,,2019-07-23T13:36:41Z,46.89355000,12.56878333,2611.00,
9633,,,,,2019-07-23T13:36:42Z,46.89340000,12.56870000,2612.00,
9634,,,,,2019-07-23T13:36:43Z,46.89326667,12.56865000,2613.00,
9635,,,,,2019-07-23T13:36:44Z,46.89313333,12.56866667,2615.00,
9636,,,,,2019-07-23T13:36:45Z,46.89301667,12.56875000,2618.00,
9637,,,,,2019-07-23T13:36:46Z,46.89293333,12.56886667,2620.00,
9638,,,,,2019-07-23T13:36:47Z,46.89288333,12.56901667,2623.00,
9639,,,,,2019-07-23T13:36:48Z,46.89288333,12.56916667,2624.00,
9640,,,,,2019-07-23T13:36:49Z,46.89293333,12.56933333,2625.00,
9641,,,,,2019-07-23T13:36:50Z,46.89301667,12.56946667,2627.00,
9642,,,,,2019-07-23T13:36:51Z,46.89315000,12.56955000,2628.00,
9643,,,,,2019-07-23T13:36:52Z,46.89330000,12.56956667,2630.00,
9644,,,,,2019-07-23T13:36:53Z,46.89345000,12.56950000,2632.00,
9645,,,,,2019-07-23T13:36:54Z,46.89358333,12.56936667,2633.00,
9646,,,,,2019-07-23T13:36:55Z,46.89370000,12.56916667,2636.00,
9647,,,,,2019-07-23T13:36:56Z,46.89373333,12.56888333,2637.00,
9648,,,,,2019-07-23T13:36:57Z,46.89375000,12.56860000,2638.00,
9649,,,,,2019-07-23T13:36:58Z,46.89371667,12.56831667,2639.00,
9650,,,,,2019-07-23T13:36:59Z,46.89365000,12.56806667,2640.00,
9651,,,,,2019-07-23T13:37:00Z,46.89353333,12.56785000,2642.00,
9652,,,,,2019-07-23T13:37:01Z,46.89341667,12.56770000,2645.00,
9653,,,,,2019-07-23T13:37:02Z,46.89328333,12.56758333,2647.00,
9654,,,,,2019-07-23T13:37:03Z,46.89315000,12.56750000,2649.00,
9655,,,,,2019-07-23T13:37:04Z,46.89301667,12.56746667,2648.00,
9656,,,,,2019-07-23T13:37:05Z,46.89290000,12.56746667,2648.00,
9657,,,,,2019-07-23T13:37:06Z,46.89276667,12.56748333,2648.00,
9658,,,,,2019-07-23T13:37:07Z,46.89263333,12.56758333,2648.00,
9659,,,,,2019-07-23T13:37:08Z,46.89251667,12.56771667,2649.00,
9660,,,,,2019-07-23T13:37:09Z,46.89238333,12.56788333,2648.00,
9661,,,,,2019-07-23T13:37:10Z,46.89225000,12.56806667,2647.00,
9662,,,,,2019-07-23T13:37:11Z,46.89216667,12.56826667,2646.00,
9663,,,,,2019-07-23T13:37:12Z,46.89210000,12.56845000,2646.00,
9664,,,,,2019-07-23T13:37:13Z,46.89206667,12.56863333,2647.00,
9665,,,,,2019-07-23T13:37:14Z,46.89206667,12.56881667,2650.00,
9666,,,,,2019-07-23T13:37:15Z,46.89210000,12.56903333,2651.00,
9667,,,,,2019-07-23T13:37:16Z,46.89218333,12.56923333,2651.00,
9668,,,,,2019-07-23T13:37:17Z,46.89230000,12.56938333,2651.00,
9669,,,,,2019-07-23T13:37:18Z,46.89243333,12.56951667,2651.00,
9670,,,,,2019-07-23T13:37:19Z,46.89260000,12.56961667,2651.00,
9671,,,,,2019-07-23T13:37:20Z,46.89276667,12.56966667,2652.00,
9672,,,,,2019-07-23T13:37:21Z,46.89295000,12.56970000,2650.00,
9673,,,,,2019-07-23T13:37:22Z,46.89311667,12.56968333,2650.00,
9674,,,,,2019-07-23T13:37:23Z,46.89328333,12.56961667,2653.00,
9675,,,,,2019-07-23T13:37:24Z,46.89343333,12.56953333,2654.00,
9676,,,,,2019-07-23T13:37:25Z,46.89355000,12.56940000,2656.00,
9677,,,,,2019-07-23T13:37:26Z,46.89365000,12.56925000,2657.00,
9678,,,,,2019-07-23T13:37:27Z,46.89373333,12.56906667,2659.00,
9679,,,,,2019-07-23T13:37:28Z,46.89376667,12.56881667,2659.00,
9680,,,,,2019-07-23T13:37:29Z,46.89378333,12.56855000,2658.00,
9681,,,,,2019-07-23T13:37:30Z,46.89373333,12.56828333,2659.00,
9682,,,,,2019-07-23T13:37:31Z,46.89366667,12.56803333,2659.00,
9683,,,,,2019-07-23T13:37:32Z,46.89355000,12.56783333,2658.00,
9684,,,,,2019-07-23T13:37:33Z,46.89340000,12.56766667,2659.00,
9685,,,,,2019-07-23T13:37:34Z,46.89325000,12.56758333,2661.00,
9686,,,,,2019-07-23T13:37:35Z,46.89310000,12.56760000,2661.00,
9687,,,,,2019-07-23T13:37:36Z,46.89296667,12.56768333,2662.00,
9688,,,,,2019-07-23T13:37:37Z,46.89288333,12.56781667,2665.00,
9689,,,,,2019-07-23T13:37:38Z,46.89286667,12.56798333,2667.00,
9690,,,,,2019-07-23T13:37:39Z,46.89291667,12.56811667,2670.00,
9691,,,,,2019-07-23T13:37:40Z,46.89301667,12.56825000,2672.00,
9692,,,,,2019-07-23T13:37:41Z,46.89315000,12.56830000,2673.00,
9693,,,,,2019-07-23T13:37:42Z,46.89330000,12.56830000,2675.00,
9694,,,,,2019-07-23T13:37:43Z,46.89346667,12.56820000,2677.00,
9695,,,,,2019-07-23T13:37:44Z,46.89358333,12.56803333,2679.00,
9696,,,,,2019-07-23T13:37:45Z,46.89368333,12.56781667,2681.00,
9697,,,,,2019-07-23T13:37:46Z,46.89370000,12.56755000,2683.00,
9698,,,,,2019-07-23T13:37:47Z,46.89368333,12.56728333,2684.00,
9699,,,,,2019-07-23T13:37:48Z,46.89361667,12.56705000,2686.00,
9700,,,,,2019-07-23T13:37:49Z,46.89348333,12.56681667,2687.00,
9701,,,,,2019-07-23T13:37:50Z,46.89335000,12.56668333,2688.00,
9702,,,,,2019-07-23T13:37:51Z,46.89321667,12.56661667,2691.00,
9703,,,,,2019-07-23T13:37:52Z,46.89308333,12.56663333,2692.00,
9704,,,,,2019-07-23T13:37:53Z,46.89298333,12.56670000,2693.00,
9705,,,,,2019-07-23T13:37:54Z,46.89290000,12.56681667,2695.00,
9706,,,,,2019-07-23T13:37:55Z,46.89288333,12.56698333,2697.00,
9707,,,,,2019-07-23T13:37:56Z,46.89295000,12.56716667,2699.00,
9708,,,,,2019-07-23T13:37:57Z,46.89303333,12.56730000,2701.00,
9709,,,,,2019-07-23T13:37:58Z,46.89315000,12.56736667,2702.00,
9710,,,,,2019-07-23T13:37:59Z,46.89330000,12.56738333,2704.00,
9711,,,,,2019-07-23T13:38:00Z,46.89345000,12.56735000,2707.00,
9712,,,,,2019-07-23T13:38:01Z,46.89358333,12.56723333,2710.00,
9713,,,,,2019-07-23T13:38:02Z,46.89366667,12.56706667,2712.00,
9714,,,,,2019-07-23T13:38:03Z,46.89368333,12.56681667,2714.00,
9715,,,,,2019-07-23T13:38:04Z,46.89365000,12.56658333,2713.00,
9716,,,,,2019-07-23T13:38:05Z,46.89355000,12.56636667,2715.00,
9717,,,,,2019-07-23T13:38:06Z,46.89341667,12.56626667,2719.00,
9718,,,,,2019-07-23T13:38:07Z,46.89328333,12.56626667,2720.00,
9719,,,,,2019-07-23T13:38:08Z,46.89315000,12.56630000,2720.00,
9720,,,,,2019-07-23T13:38:09Z,46.89303333,12.56638333,2721.00,
9721,,,,,2019-07-23T13:38:10Z,46.89298333,12.56651667,2722.00,
9722,,,,,2019-07-23T13:38:11Z,46.89300000,12.56668333,2723.00,
9723,,,,,2019-07-23T13:38:12Z,46.89306667,12.56683333,2724.00,
9724,,,,,2019-07-23T13:38:13Z,46.89320000,12.56695000,2724.00,
9725,,,,,2019-07-23T13:38:14Z,46.89338333,12.56700000,2725.00,
9726,,,,,2019-07-23T13:38:15Z,46.89355000,12.56696667,2726.00,
9727,,,,,2019-07-23T13:38:16Z,46.89370000,12.56680000,2727.00,
9728,,,,,2019-07-23T13:38:17Z,46.89383333,12.56658333,2728.00,
9729,,,,,2019-07-23T13:38:18Z,46.89391667,12.56635000,2729.00,
9730,,,,,2019-07-23T13:38:19Z,46.89398333,12.56610000,2731.00,
9731,,,,,2019-07-23T13:38:20Z,46.89401667,12.56590000,2733.00,
9732,,,,,2019-07-23T13:38:21Z,46.89403333,12.56570000,2736.00,
9733,,,,,2019-07-23T13:38:22Z,46.89401667,12.56551667,2739.00,
9734,,,,,2019-07-23T13:38:23Z,46.89395000,12.56535000,2741.00,
9735,,,,,2019-07-23T13:38:24Z,46.89390000,12.56520000,2742.00,
9736,,,,,2019-07-23T13:38:25Z,46.89385000,12.56510000,2743.00,
9737,,,,,2019-07-23T13:38:26Z,46.89378333,12.56501667,2748.00,
9738,,,,,2019-07-23T13:38:27Z,46.89370000,12.56495000,2750.00,
9739,,,,,2019-07-23T13:38:28Z,46.89363333,12.56490000,2751.00,
9740,,,,,2019-07-23T13:38:29Z,46.89358333,12.56490000,2751.00,
9741,,,,,2019-07-23T13:38:30Z,46.89353333,12.56493333,2752.00,
9742,,,,,2019-07-23T13:38:31Z,46.89350000,12.56490000,2753.00,
9743,,,,,2019-07-23T13:38:32Z,46.89350000,12.56495000,2754.00,
9744,,,,,2019-07-23T13:38:33Z,46.89353333,12.56496667,2755.00,
9745,,,,,2019-07-23T13:38:34Z,46.89355000,12.56498333,2756.00,
9746,,,,,2019-07-23T13:38:35Z,46.89363333,12.56498333,2757.00,
9747,,,,,2019-07-23T13:38:36Z,46.89361667,12.56495000,2756.00,
9748,,,,,2019-07-23T13:38:37Z,46.89370000,12.56496667,2757.00,
9749,,,,,2019-07-23T13:38:38Z,46.89386667,12.56496667,2757.00,
9750,,,,,2019-07-23T13:38:39Z,46.89396667,12.56473333,2759.00,
9751,,,,,2019-07-23T13:38:40Z,46.89405000,12.56458333,2759.00,
9752,,,,,2019-07-23T13:38:41Z,46.89413333,12.56446667,2760.00,
9753,,,,,2019-07-23T13:38:42Z,46.89420000,12.56440000,2764.00,
9754,,,,,2019-07-23T13:38:43Z,46.89421667,12.56418333,2766.00,
9755,,,,,2019-07-23T13:38:44Z,46.89413333,12.56400000,2767.00,
9756,,,,,2019-07-23T13:38:45Z,46.89406667,12.56391667,2769.00,
9757,,,,,2019-07-23T13:38:46Z,46.89408333,12.56386667,2770.00,
9758,,,,,2019-07-23T13:38:47Z,46.89396667,12.56385000,2769.00,
9759,,,,,2019-07-23T13:38:48Z,46.89383333,12.56398333,2770.00,
9760,,,,,2019-07-23T13:38:49Z,46.89376667,12.56408333,2772.00,
9761,,,,,2019-07-23T13:38:50Z,46.89373333,12.56418333,2773.00,
9762,,,,,2019-07-23T13:38:51Z,46.89375000,12.56431667,2776.00,
9763,,,,,2019-07-23T13:38:52Z,46.89381667,12.56448333,2777.00,
9764,,,,,2019-07-23T13:38:53Z,46.89393333,12.56460000,2778.00,
9765,,,,,2019-07-23T13:38:54Z,46.89408333,12.56465000,2779.00,
9766,,,,,2019-07-23T13:38:55Z,46.89423333,12.56466667,2779.00,
9767,,,,,2019-07-23T13:38:56Z,46.89435000,12.56456667,2779.00,
9768,,,,,2019-07-23T13:38:57Z,46.89445000,12.56428333,2779.00,
9769,,,,,2019-07-23T13:38:58Z,46.89451667,12.56396667,2779.00,
9770,,,,,2019-07-23T13:38:59Z,46.89456667,12.56358333,2780.00,
9771,,,,,2019-07-23T13:39:00Z,46.89456667,12.56330000,2780.00,
9772,,,,,2019-07-23T13:39:01Z,46.89453333,12.56303333,2782.00,
9773,,,,,2019-07-23T13:39:02Z,46.89446667,12.56278333,2782.00,
9774,,,,,2019-07-23T13:39:03Z,46.89438333,12.56256667,2782.00,
9775,,,,,2019-07-23T13:39:04Z,46.89426667,12.56238333,2781.00,
9776,,,,,2019-07-23T13:39:05Z,46.89411667,12.56228333,2782.00,
9777,,,,,2019-07-23T13:39:06Z,46.89396667,12.56215000,2785.00,
9778,,,,,2019-07-23T13:39:07Z,46.89385000,12.56211667,2787.00,
9779,,,,,2019-07-23T13:39:08Z,46.89373333,12.56210000,2788.00,
9780,,,,,2019-07-23T13:39:09Z,46.89363333,12.56211667,2790.00,
9781,,,,,2019-07-23T13:39:10Z,46.89355000,12.56218333,2792.00,
9782,,,,,2019-07-23T13:39:11Z,46.89346667,12.56230000,2793.00,
9783,,,,,2019-07-23T13:39:12Z,46.89345000,12.56246667,2795.00,
9784,,,,,2019-07-23T13:39:13Z,46.89350000,12.56250000,2798.00,
9785,,,,,2019-07-23T13:39:14Z,46.89353333,12.56255000,2800.00,
9786,,,,,2019-07-23T13:39:15Z,46.89355000,12.56251667,2803.00,
9787,,,,,2019-07-23T13:39:16Z,46.89355000,12.56243333,2806.00,
9788,,,,,2019-07-23T13:39:17Z,46.89360000,12.56226667,2810.00,
9789,,,,,2019-07-23T13:39:18Z,46.89360000,12.56208333,2811.00,
9790,,,,,2019-07-23T13:39:19Z,46.89353333,12.56185000,2812.00,
9791,,,,,2019-07-23T13:39:20Z,46.89345000,12.56161667,2812.00,
9792,,,,,2019-07-23T13:39:21Z,46.89331667,12.56138333,2813.00,
9793,,,,,2019-07-23T13:39:22Z,46.89325000,12.56115000,2813.00,
9794,,,,,2019-07-23T13:39:23Z,46.89310000,12.56100000,2817.00,
9795,,,,,2019-07-23T13:39:24Z,46.89300000,12.56086667,2818.00,
9796,,,,,2019-07-23T13:39:25Z,46.89288333,12.56086667,2819.00,
9797,,,,,2019-07-23T13:39:26Z,46.89281667,12.56093333,2817.00,
9798,,,,,2019-07-23T13:39:27Z,46.89275000,12.56108333,2817.00,
9799,,,,,2019-07-23T13:39:28Z,46.89258333,12.56128333,2817.00,
9800,,,,,2019-07-23T13:39:29Z,46.89243333,12.56145000,2817.00,
9801,,,,,2019-07-23T13:39:30Z,46.89228333,12.56161667,2817.00,
9802,,,,,2019-07-23T13:39:31Z,46.89213333,12.56176667,2818.00,
9803,,,,,2019-07-23T13:39:32Z,46.89198333,12.56190000,2818.00,
9804,,,,,2019-07-23T13:39:33Z,46.89185000,12.56203333,2818.00,
9805,,,,,2019-07-23T13:39:34Z,46.89173333,12.56216667,2817.00,
9806,,,,,2019-07-23T13:39:35Z,46.89161667,12.56230000,2816.00,
9807,,,,,2019-07-23T13:39:36Z,46.89150000,12.56245000,2817.00,
9808,,,,,2019-07-23T13:39:37Z,46.89140000,12.56265000,2819.00,
9809,,,,,2019-07-23T13:39:38Z,46.89141667,12.56293333,2821.00,
9810,,,,,2019-07-23T13:39:39Z,46.89141667,12.56320000,2822.00,
9811,,,,,2019-07-23T13:39:40Z,46.89141667,12.56348333,2823.00,
9812,,,,,2019-07-23T13:39:41Z,46.89141667,12.56376667,2822.00,
9813,,,,,2019-07-23T13:39:42Z,46.89140000,12.56405000,2821.00,
9814,,,,,2019-07-23T13:39:43Z,46.89136667,12.56431667,2823.00,
9815,,,,,2019-07-23T13:39:44Z,46.89130000,12.56456667,2825.00,
9816,,,,,2019-07-23T13:39:45Z,46.89123333,12.56478333,2827.00,
9817,,,,,2019-07-23T13:39:46Z,46.89113333,12.56495000,2830.00,
9818,,,,,2019-07-23T13:39:47Z,46.89103333,12.56506667,2833.00,
9819,,,,,2019-07-23T13:39:48Z,46.89095000,12.56508333,2836.00,
9820,,,,,2019-07-23T13:39:49Z,46.89085000,12.56501667,2839.00,
9821,,,,,2019-07-23T13:39:50Z,46.89075000,12.56490000,2843.00,
9822,,,,,2019-07-23T13:39:51Z,46.89073333,12.56470000,2844.00,
9823,,,,,2019-07-23T13:39:52Z,46.89075000,12.56446667,2845.00,
9824,,,,,2019-07-23T13:39:53Z,46.89085000,12.56423333,2848.00,
9825,,,,,2019-07-23T13:39:54Z,46.89098333,12.56401667,2855.00,
9826,,,,,2019-07-23T13:39:55Z,46.89113333,12.56385000,2860.00,
9827,,,,,2019-07-23T13:39:56Z,46.89131667,12.56373333,2864.00,
9828,,,,,2019-07-23T13:39:57Z,46.89150000,12.56371667,2866.00,
9829,,,,,2019-07-23T13:39:58Z,46.89168333,12.56376667,2869.00,
9830,,,,,2019-07-23T13:39:59Z,46.89183333,12.56390000,2872.00,
9831,,,,,2019-07-23T13:40:00Z,46.89195000,12.56406667,2875.00,
9832,,,,,2019-07-23T13:40:01Z,46.89201667,12.56431667,2878.00,
9833,,,,,2019-07-23T13:40:02Z,46.89203333,12.56455000,2880.00,
9834,,,,,2019-07-23T13:40:03Z,46.89198333,12.56476667,2881.00,
9835,,,,,2019-07-23T13:40:04Z,46.89190000,12.56493333,2882.00,
9836,,,,,2019-07-23T13:40:05Z,46.89176667,12.56506667,2883.00,
9837,,,,,2019-07-23T13:40:06Z,46.89161667,12.56513333,2886.00,
9838,,,,,2019-07-23T13:40:07Z,46.89145000,12.56510000,2891.00,
9839,,,,,2019-07-23T13:40:08Z,46.89128333,12.56501667,2895.00,
9840,,,,,2019-07-23T13:40:09Z,46.89118333,12.56481667,2899.00,
9841,,,,,2019-07-23T13:40:10Z,46.89111667,12.56458333,2902.00,
9842,,,,,2019-07-23T13:40:11Z,46.89115000,12.56431667,2905.00,
9843,,,,,2019-07-23T13:40:12Z,46.89125000,12.56406667,2908.00,
9844,,,,,2019-07-23T13:40:13Z,46.89138333,12.56388333,2913.00,
9845,,,,,2019-07-23T13:40:14Z,46.89155000,12.56375000,2918.00,
9846,,,,,2019-07-23T13:40:15Z,46.89171667,12.56370000,2923.00,
9847,,,,,2019-07-23T13:40:16Z,46.89190000,12.56370000,2925.00,
9848,,,,,2019-07-23T13:40:17Z,46.89208333,12.56378333,2928.00,
9849,,,,,2019-07-23T13:40:18Z,46.89221667,12.56391667,2932.00,
9850,,,,,2019-07-23T13:40:19Z,46.89233333,12.56408333,2935.00,
9851,,,,,2019-07-23T13:40:20Z,46.89241667,12.56430000,2939.00,
9852,,,,,2019-07-23T13:40:21Z,46.89241667,12.56453333,2941.00,
9853,,,,,2019-07-23T13:40:22Z,46.89240000,12.56475000,2942.00,
9854,,,,,2019-07-23T13:40:23Z,46.89231667,12.56495000,2944.00,
9855,,,,,2019-07-23T13:40:24Z,46.89220000,12.56510000,2946.00,
9856,,,,,2019-07-23T13:40:25Z,46.89206667,12.56518333,2948.00,
9857,,,,,2019-07-23T13:40:26Z,46.89191667,12.56521667,2953.00,
9858,,,,,2019-07-23T13:40:27Z,46.89175000,12.56518333,2957.00,
9859,,,,,2019-07-23T13:40:28Z,46.89161667,12.56508333,2961.00,
9860,,,,,2019-07-23T13:40:29Z,46.89150000,12.56490000,2965.00,
9861,,,,,2019-07-23T13:40:30Z,46.89143333,12.56466667,2968.00,
9862,,,,,2019-07-23T13:40:31Z,46.89143333,12.56441667,2972.00,
9863,,,,,2019-07-23T13:40:32Z,46.89150000,12.56416667,2975.00,
9864,,,,,2019-07-23T13:40:33Z,46.89161667,12.56395000,2981.00,
9865,,,,,2019-07-23T13:40:34Z,46.89176667,12.56378333,2986.00,
9866,,,,,2019-07-23T13:40:35Z,46.89195000,12.56370000,2990.00,
9867,,,,,2019-07-23T13:40:36Z,46.89213333,12.56370000,2992.00,
9868,,,,,2019-07-23T13:40:37Z,46.89231667,12.56378333,2995.00,
9869,,,,,2019-07-23T13:40:38Z,46.89245000,12.56393333,2998.00,
9870,,,,,2019-07-23T13:40:39Z,46.89255000,12.56415000,3002.00,
9871,,,,,2019-07-23T13:40:40Z,46.89258333,12.56438333,3006.00,
9872,,,,,2019-07-23T13:40:41Z,46.89255000,12.56461667,3009.00,
9873,,,,,2019-07-23T13:40:42Z,46.89248333,12.56480000,3011.00,
9874,,,,,2019-07-23T13:40:43Z,46.89236667,12.56491667,3015.00,
9875,,,,,2019-07-23T13:40:44Z,46.89225000,12.56501667,3020.00,
9876,,,,,2019-07-23T13:40:45Z,46.89210000,12.56505000,3025.00,
9877,,,,,2019-07-23T13:40:46Z,46.89195000,12.56506667,3029.00,
9878,,,,,2019-07-23T13:40:47Z,46.89180000,12.56498333,3032.00,
9879,,,,,2019-07-23T13:40:48Z,46.89168333,12.56483333,3034.00,
9880,,,,,2019-07-23T13:40:49Z,46.89160000,12.56463333,3036.00,
9881,,,,,2019-07-23T13:40:50Z,46.89156667,12.56440000,3039.00,
9882,,,,,2019-07-23T13:40:51Z,46.89158333,12.56413333,3043.00,
9883,,,,,2019-07-23T13:40:52Z,46.89165000,12.56390000,3048.00,
9884,,,,,2019-07-23T13:40:53Z,46.89180000,12.56370000,3052.00,
9885,,,,,2019-07-23T13:40:54Z,46.89195000,12.56356667,3056.00,
9886,,,,,2019-07-23T13:40:55Z,46.89213333,12.56351667,3056.00,
9887,,,,,2019-07-23T13:40:56Z,46.89230000,12.56351667,3060.00,
9888,,,,,2019-07-23T13:40:57Z,46.89245000,12.56356667,3065.00,
9889,,,,,2019-07-23T13:40:58Z,46.89260000,12.56365000,3070.00,
9890,,,,,2019-07-23T13:40:59Z,46.89273333,12.56378333,3074.00,
9891,,,,,2019-07-23T13:41:00Z,46.89283333,12.56395000,3078.00,
9892,,,,,2019-07-23T13:41:01Z,46.89285000,12.56416667,3080.00,
9893,,,,,2019-07-23T13:41:02Z,46.89283333,12.56438333,3082.00,
9894,,,,,2019-07-23T13:41:03Z,46.89276667,12.56456667,3083.00,
9895,,,,,2019-07-23T13:41:04Z,46.89266667,12.56470000,3087.00,
9896,,,,,2019-07-23T13:41:05Z,46.89256667,12.56481667,3089.00,
9897,,,,,2019-07-23T13:41:06Z,46.89243333,12.56490000,3093.00,
9898,,,,,2019-07-23T13:41:07Z,46.89225000,12.56498333,3095.00,
9899,,,,,2019-07-23T13:41:08Z,46.89206667,12.56503333,3096.00,
9900,,,,,2019-07-23T13:41:09Z,46.89190000,12.56505000,3097.00,
9901,,,,,2019-07-23T13:41:10Z,46.89171667,12.56505000,3101.00,
9902,,,,,2019-07-23T13:41:11Z,46.89155000,12.56500000,3103.00,
9903,,,,,2019-07-23T13:41:12Z,46.89138333,12.56493333,3106.00,
9904,,,,,2019-07-23T13:41:13Z,46.89123333,12.56483333,3111.00,
9905,,,,,2019-07-23T13:41:14Z,46.89111667,12.56468333,3115.00,
9906,,,,,2019-07-23T13:41:15Z,46.89100000,12.56450000,3118.00,
9907,,,,,2019-07-23T13:41:16Z,46.89091667,12.56426667,3121.00,
9908,,,,,2019-07-23T13:41:17Z,46.89090000,12.56400000,3122.00,
9909,,,,,2019-07-23T13:41:18Z,46.89091667,12.56373333,3124.00,
9910,,,,,2019-07-23T13:41:19Z,46.89101667,12.56350000,3125.00,
9911,,,,,2019-07-23T13:41:20Z,46.89115000,12.56326667,3125.00,
9912,,,,,2019-07-23T13:41:21Z,46.89131667,12.56311667,3126.00,
9913,,,,,2019-07-23T13:41:22Z,46.89150000,12.56300000,3128.00,
9914,,,,,2019-07-23T13:41:23Z,46.89168333,12.56291667,3132.00,
9915,,,,,2019-07-23T13:41:24Z,46.89186667,12.56288333,3137.00,
9916,,,,,2019-07-23T13:41:25Z,46.89205000,12.56293333,3141.00,
9917,,,,,2019-07-23T13:41:26Z,46.89221667,12.56305000,3145.00,
9918,,,,,2019-07-23T13:41:27Z,46.89233333,12.56325000,3148.00,
9919,,,,,2019-07-23T13:41:28Z,46.89241667,12.56350000,3149.00,
9920,,,,,2019-07-23T13:41:29Z,46.89241667,12.56378333,3149.00,
9921,,,,,2019-07-23T13:41:30Z,46.89233333,12.56403333,3149.00,
9922,,,,,2019-07-23T13:41:31Z,46.89220000,12.56423333,3150.00,
9923,,,,,2019-07-23T13:41:32Z,46.89203333,12.56436667,3151.00,
9924,,,,,2019-07-23T13:41:33Z,46.89186667,12.56443333,3153.00,
9925,,,,,2019-07-23T13:41:34Z,46.89168333,12.56443333,3157.00,
9926,,,,,2019-07-23T13:41:35Z,46.89153333,12.56438333,3159.00,
9927,,,,,2019-07-23T13:41:36Z,46.89140000,12.56425000,3164.00,
9928,,,,,2019-07-23T13:41:37Z,46.89128333,12.56408333,3170.00,
9929,,,,,2019-07-23T13:41:38Z,46.89120000,12.56386667,3173.00,
9930,,,,,2019-07-23T13:41:39Z,46.89116667,12.56360000,3174.00,
9931,,,,,2019-07-23T13:41:40Z,46.89120000,12.56335000,3174.00,
9932,,,,,2019-07-23T13:41:41Z,46.89128333,12.56310000,3174.00,
9933,,,,,2019-07-23T13:41:42Z,46.89143333,12.56290000,3175.00,
9934,,,,,2019-07-23T13:41:43Z,46.89160000,12.56273333,3178.00,
9935,,,,,2019-07-23T13:41:44Z,46.89178333,12.56263333,3182.00,
9936,,,,,2019-07-23T13:41:45Z,46.89198333,12.56263333,3185.00,
9937,,,,,2019-07-23T13:41:46Z,46.89218333,12.56271667,3188.00,
9938,,,,,2019-07-23T13:41:47Z,46.89233333,12.56286667,3192.00,
9939,,,,,2019-07-23T13:41:48Z,46.89245000,12.56308333,3196.00,
9940,,,,,2019-07-23T13:41:49Z,46.89253333,12.56335000,3200.00,
9941,,,,,2019-07-23T13:41:50Z,46.89255000,12.56361667,3202.00,
9942,,,,,2019-07-23T13:41:51Z,46.89250000,12.56388333,3202.00,
9943,,,,,2019-07-23T13:41:52Z,46.89238333,12.56410000,3203.00,
9944,,,,,2019-07-23T13:41:53Z,46.89223333,12.56425000,3205.00,
9945,,,,,2019-07-23T13:41:54Z,46.89206667,12.56433333,3207.00,
9946,,,,,2019-07-23T13:41:55Z,46.89190000,12.56435000,3210.00,
9947,,,,,2019-07-23T13:41:56Z,46.89175000,12.56430000,3214.00,
9948,,,,,2019-07-23T13:41:57Z,46.89161667,12.56420000,3217.00,
9949,,,,,2019-07-23T13:41:58Z,46.89150000,12.56401667,3219.00,
9950,,,,,2019-07-23T13:41:59Z,46.89141667,12.56378333,3220.00,
9951,,,,,2019-07-23T13:42:00Z,46.89140000,12.56353333,3221.00,
9952,,,,,2019-07-23T13:42:01Z,46.89145000,12.56326667,3223.00,
9953,,,,,2019-07-23T13:42:02Z,46.89155000,12.56303333,3224.00,
9954,,,,,2019-07-23T13:42:03Z,46.89168333,12.56283333,3226.00,
9955,,,,,2019-07-23T13:42:04Z,46.89181667,12.56266667,3231.00,
9956,,,,,2019-07-23T13:42:05Z,46.89196667,12.56253333,3236.00,
9957,,,,,2019-07-23T13:42:06Z,46.89213333,12.56245000,3241.00,
9958,,,,,2019-07-23T13:42:07Z,46.89231667,12.56241667,3246.00,
9959,,,,,2019-07-23T13:42:08Z,46.89250000,12.56243333,3250.00,
9960,,,,,2019-07-23T13:42:09Z,46.89266667,12.56253333,3254.00,
9961,,,,,2019-07-23T13:42:10Z,46.89280000,12.56268333,3257.00,
9962,,,,,2019-07-23T13:42:11Z,46.89291667,12.56290000,3258.00,
9963,,,,,2019-07-23T13:42:12Z,46.89298333,12.56313333,3259.00,
9964,,,,,2019-07-23T13:42:13Z,46.89301667,12.56338333,3261.00,
9965,,,,,2019-07-23T13:42:14Z,46.89301667,12.56365000,3263.00,
9966,,,,,2019-07-23T13:42:15Z,46.89300000,12.56390000,3267.00,
9967,,,,,2019-07-23T13:42:16Z,46.89293333,12.56413333,3268.00,
9968,,,,,2019-07-23T13:42:17Z,46.89285000,12.56433333,3270.00,
9969,,,,,2019-07-23T13:42:18Z,46.89271667,12.56448333,3270.00,
9970,,,,,2019-07-23T13:42:19Z,46.89258333,12.56460000,3271.00,
9971,,,,,2019-07-23T13:42:20Z,46.89245000,12.56465000,3274.00,
9972,,,,,2019-07-23T13:42:21Z,46.89231667,12.56468333,3276.00,
9973,,,,,2019-07-23T13:42:22Z,46.89216667,12.56466667,3278.00,
9974,,,,,2019-07-23T13:42:23Z,46.89201667,12.56461667,3281.00,
9975,,,,,2019-07-23T13:42:24Z,46.89186667,12.56450000,3281.00,
9976,,,,,2019-07-23T13:42:25Z,46.89173333,12.56433333,3281.00,
9977,,,,,2019-07-23T13:42:26Z,46.89161667,12.56413333,3281.00,
9978,,,,,2019-07-23T13:42:27Z,46.89153333,12.56390000,3281.00,
9979,,,,,2019-07-23T13:42:28Z,46.89145000,12.56366667,3281.00,
9980,,,,,2019-07-23T13:42:29Z,46.89141667,12.56341667,3282.00,
9981,,,,,2019-07-23T13:42:30Z,46.89140000,12.56316667,3282.00,
9982,,,,,2019-07-23T13:42:31Z,46.89141667,12.56291667,3283.00,
9983,,,,,2019-07-23T13:42:32Z,46.89146667,12.56266667,3286.00,
9984,,,,,2019-07-23T13:42:33Z,46.89155000,12.56241667,3289.00,
9985,,,,,2019-07-23T13:42:34Z,46.89165000,12.56220000,3291.00,
9986,,,,,2019-07-23T13:42:35Z,46.89180000,12.56203333,3294.00,
9987,,,,,2019-07-23T13:42:36Z,46.89196667,12.56188333,3299.00,
9988,,,,,2019-07-23T13:42:37Z,46.89216667,12.56181667,3302.00,
9989,,,,,2019-07-23T13:42:38Z,46.89235000,12.56183333,3303.00,
9990,,,,,2019-07-23T13:42:39Z,46.89251667,12.56191667,3305.00,
9991,,,,,2019-07-23T13:42:40Z,46.89266667,12.56206667,3310.00,
9992,,,,,2019-07-23T13:42:41Z,46.89278333,12.56228333,3315.00,
9993,,,,,2019-07-23T13:42:42Z,46.89283333,12.56253333,3319.00,
9994,,,,,2019-07-23T13:42:43Z,46.89283333,12.56278333,3317.00,
9995,,,,,2019-07-23T13:42:44Z,46.89275000,12.56296667,3321.00,
9996,,,,,2019-07-23T13:42:45Z,46.89263333,12.56310000,3324.00,
9997,,,,,2019-07-23T13:42:46Z,46.89246667,12.56316667,3325.00,
9998,,,,,2019-07-23T13:42:47Z,46.89230000,12.56313333,3325.00,
9999,,,,,2019-07-23T13:42:48Z,46.89215000,12.56301667,3326.00,
10000,,,,,2019-07-23T13:42:49Z,46.89205000,12.56283333,3328.00,
10001,,,,,2019-07-23T13:42:50Z,46.89201667,12.56261667,3331.00,
10002,,,,,2019-07-23T13:42:51Z,46.89205000,12.56236667,3334.00,
10003,,,,,2019-07-23T13:42:52Z,46.89215000,12.56215000,3336.00,
10004,,,,,2019-07-23T13:42:53Z,46.89230000,12.56198333,3338.00,
10005,,,,,2019-07-23T13:42:54Z,46.89248333,12.56186667,3340.00,
10006,,,,,2019-07-23T13:42:55Z,46.89270000,12.56181667,3341.00,
10007,,,,,2019-07-23T13:42:56Z,46.89291667,12.56186667,3344.00,
10008,,,,,2019-07-23T13:42:57Z,46.89311667,12.56195000,3347.00,
10009,,,,,2019-07-23T13:42:58Z,46.89328333,12.56208333,3350.00,
10010,,,,,2019-07-23T13:42:59Z,46.89343333,12.56226667,3353.00,
10011,,,,,2019-07-23T13:43:00Z,46.89353333,12.56248333,3357.00,
10012,,,,,2019-07-23T13:43:01Z,46.89361667,12.56271667,3360.00,
10013,,,,,2019-07-23T13:43:02Z,46.89365000,12.56296667,3362.00,
10014,,,,,2019-07-23T13:43:03Z,46.89365000,12.56321667,3362.00,
10015,,,,,2019-07-23T13:43:04Z,46.89361667,12.56343333,3363.00,
10016,,,,,2019-07-23T13:43:05Z,46.89355000,12.56363333,3363.00,
10017,,,,,2019-07-23T13:43:06Z,46.89341667,12.56378333,3364.00,
10018,,,,,2019-07-23T13:43:07Z,46.89326667,12.56388333,3364.00,
10019,,,,,2019-07-23T13:43:08Z,46.89311667,12.56395000,3364.00,
10020,,,,,2019-07-23T13:43:09Z,46.89295000,12.56396667,3363.00,
10021,,,,,2019-07-23T13:43:10Z,46.89280000,12.56395000,3363.00,
10022,,,,,2019-07-23T13:43:11Z,46.89265000,12.56391667,3365.00,
10023,,,,,2019-07-23T13:43:12Z,46.89251667,12.56385000,3366.00,
10024,,,,,2019-07-23T13:43:13Z,46.89238333,12.56370000,3366.00,
10025,,,,,2019-07-23T13:43:14Z,46.89225000,12.56353333,3366.00,
10026,,,,,2019-07-23T13:43:15Z,46.89213333,12.56333333,3365.00,
10027,,,,,2019-07-23T13:43:16Z,46.89203333,12.56313333,3365.00,
10028,,,,,2019-07-23T13:43:17Z,46.89193333,12.56293333,3366.00,
10029,,,,,2019-07-23T13:43:18Z,46.89186667,12.56271667,3365.00,
10030,,,,,2019-07-23T13:43:19Z,46.89180000,12.56248333,3366.00,
10031,,,,,2019-07-23T13:43:20Z,46.89175000,12.56225000,3367.00,
10032,,,,,2019-07-23T13:43:21Z,46.89171667,12.56200000,3370.00,
10033,,,,,2019-07-23T13:43:22Z,46.89171667,12.56175000,3371.00,
10034,,,,,2019-07-23T13:43:23Z,46.89173333,12.56150000,3373.00,
10035,,,,,2019-07-23T13:43:24Z,46.89180000,12.56126667,3376.00,
10036,,,,,2019-07-23T13:43:25Z,46.89188333,12.56103333,3380.00,
10037,,,,,2019-07-23T13:43:26Z,46.89198333,12.56085000,3382.00,
10038,,,,,2019-07-23T13:43:27Z,46.89215000,12.56068333,3383.00,
10039,,,,,2019-07-23T13:43:28Z,46.89231667,12.56055000,3383.00,
10040,,,,,2019-07-23T13:43:29Z,46.89251667,12.56046667,3382.00,
10041,,,,,2019-07-23T13:43:30Z,46.89270000,12.56043333,3381.00,
10042,,,,,2019-07-23T13:43:31Z,46.89288333,12.56043333,3384.00,
10043,,,,,2019-07-23T13:43:32Z,46.89306667,12.56048333,3387.00,
10044,,,,,2019-07-23T13:43:33Z,46.89323333,12.56056667,3388.00,
10045,,,,,2019-07-23T13:43:34Z,46.89338333,12.56066667,3389.00,
10046,,,,,2019-07-23T13:43:35Z,46.89351667,12.56081667,3391.00,
10047,,,,,2019-07-23T13:43:36Z,46.89361667,12.56100000,3392.00,
10048,,,,,2019-07-23T13:43:37Z,46.89370000,12.56120000,3393.00,
10049,,,,,2019-07-23T13:43:38Z,46.89370000,12.56143333,3392.00,
10050,,,,,2019-07-23T13:43:39Z,46.89366667,12.56165000,3391.00,
10051,,,,,2019-07-23T13:43:40Z,46.89358333,12.56185000,3392.00,
10052,,,,,2019-07-23T13:43:41Z,46.89348333,12.56203333,3393.00,
10053,,,,,2019-07-23T13:43:42Z,46.89335000,12.56216667,3394.00,
10054,,,,,2019-07-23T13:43:43Z,46.89320000,12.56225000,3395.00,
10055,,,,,2019-07-23T13:43:44Z,46.89303333,12.56228333,3395.00,
10056,,,,,2019-07-23T13:43:45Z,46.89288333,12.56226667,3395.00,
10057,,,,,2019-07-23T13:43:46Z,46.89275000,12.56220000,3397.00,
10058,,,,,2019-07-23T13:43:47Z,46.89261667,12.56210000,3398.00,
10059,,,,,2019-07-23T13:43:48Z,46.89250000,12.56196667,3398.00,
10060,,,,,2019-07-23T13:43:49Z,46.89238333,12.56178333,3398.00,
10061,,,,,2019-07-23T13:43:50Z,46.89230000,12.56158333,3399.00,
10062,,,,,2019-07-23T13:43:51Z,46.89225000,12.56136667,3400.00,
10063,,,,,2019-07-23T13:43:52Z,46.89220000,12.56113333,3402.00,
10064,,,,,2019-07-23T13:43:53Z,46.89218333,12.56088333,3404.00,
10065,,,,,2019-07-23T13:43:54Z,46.89220000,12.56063333,3405.00,
10066,,,,,2019-07-23T13:43:55Z,46.89223333,12.56038333,3406.00,
10067,,,,,2019-07-23T13:43:56Z,46.89228333,12.56013333,3407.00,
10068,,,,,2019-07-23T13:43:57Z,46.89235000,12.55988333,3408.00,
10069,,,,,2019-07-23T13:43:58Z,46.89243333,12.55963333,3410.00,
10070,,,,,2019-07-23T13:43:59Z,46.89250000,12.55938333,3411.00,
10071,,,,,2019-07-23T13:44:00Z,46.89258333,12.55913333,3410.00,
10072,,,,,2019-07-23T13:44:01Z,46.89271667,12.55888333,3407.00,
10073,,,,,2019-07-23T13:44:02Z,46.89288333,12.55866667,3404.00,
10074,,,,,2019-07-23T13:44:03Z,46.89306667,12.55848333,3403.00,
10075,,,,,2019-07-23T13:44:04Z,46.89325000,12.55835000,3403.00,
10076,,,,,2019-07-23T13:44:05Z,46.89343333,12.55826667,3403.00,
10077,,,,,2019-07-23T13:44:06Z,46.89363333,12.55823333,3404.00,
10078,,,,,2019-07-23T13:44:07Z,46.89380000,12.55828333,3403.00,
10079,,,,,2019-07-23T13:44:08Z,46.89396667,12.55838333,3403.00,
10080,,,,,2019-07-23T13:44:09Z,46.89410000,12.55853333,3404.00,
10081,,,,,2019-07-23T13:44:10Z,46.89420000,12.55873333,3405.00,
10082,,,,,2019-07-23T13:44:11Z,46.89426667,12.55898333,3407.00,
10083,,,,,2019-07-23T13:44:12Z,46.89428333,12.55921667,3407.00,
10084,,,,,2019-07-23T13:44:13Z,46.89426667,12.55945000,3405.00,
10085,,,,,2019-07-23T13:44:14Z,46.89420000,12.55965000,3403.00,
10086,,,,,2019-07-23T13:44:15Z,46.89408333,12.55980000,3401.00,
10087,,,,,2019-07-23T13:44:16Z,46.89391667,12.55986667,3399.00,
10088,,,,,2019-07-23T13:44:17Z,46.89376667,12.55985000,3397.00,
10089,,,,,2019-07-23T13:44:18Z,46.89361667,12.55976667,3395.00,
10090,,,,,2019-07-23T13:44:19Z,46.89351667,12.55961667,3394.00,
10091,,,,,2019-07-23T13:44:20Z,46.89343333,12.55940000,3392.00,
10092,,,,,2019-07-23T13:44:21Z,46.89338333,12.55918333,3392.00,
10093,,,,,2019-07-23T13:44:22Z,46.89336667,12.55893333,3389.00,
10094,,,,,2019-07-23T13:44:23Z,46.89338333,12.55868333,3387.00,
10095,,,,,2019-07-23T13:44:24Z,46.89343333,12.55841667,3385.00,
10096,,,,,2019-07-23T13:44:25Z,46.89350000,12.55816667,3383.00,
10097,,,,,2019-07-23T13:44:26Z,46.89360000,12.55793333,3380.00,
10098,,,,,2019-07-23T13:44:27Z,46.89373333,12.55771667,3378.00,
10099,,,,,2019-07-23T13:44:28Z,46.89386667,12.55751667,3377.00,
10100,,,,,2019-07-23T13:44:29Z,46.89400000,12.55735000,3377.00,
10101,,,,,2019-07-23T13:44:30Z,46.89411667,12.55718333,3377.00,
10102,,,,,2019-07-23T13:44:31Z,46.89425000,12.55703333,3378.00,
10103,,,,,2019-07-23T13:44:32Z,46.89436667,12.55686667,3379.00,
10104,,,,,2019-07-23T13:44:33Z,46.89448333,12.55670000,3379.00,
10105,,,,,2019-07-23T13:44:34Z,46.89458333,12.55651667,3380.00,
10106,,,,,2019-07-23T13:44:35Z,46.89468333,12.55631667,3380.00,
10107,,,,,2019-07-23T13:44:36Z,46.89476667,12.55610000,3379.00,
10108,,,,,2019-07-23T13:44:37Z,46.89483333,12.55586667,3378.00,
10109,,,,,2019-07-23T13:44:38Z,46.89486667,12.55560000,3378.00,
10110,,,,,2019-07-23T13:44:39Z,46.89486667,12.55533333,3376.00,
10111,,,,,2019-07-23T13:44:40Z,46.89485000,12.55505000,3375.00,
10112,,,,,2019-07-23T13:44:41Z,46.89480000,12.55476667,3374.00,
10113,,,,,2019-07-23T13:44:42Z,46.89471667,12.55450000,3373.00,
10114,,,,,2019-07-23T13:44:43Z,46.89461667,12.55425000,3371.00,
10115,,,,,2019-07-23T13:44:44Z,46.89451667,12.55400000,3369.00,
10116,,,,,2019-07-23T13:44:45Z,46.89440000,12.55376667,3367.00,
10117,,,,,2019-07-23T13:44:46Z,46.89430000,12.55351667,3367.00,
10118,,,,,2019-07-23T13:44:47Z,46.89420000,12.55325000,3367.00,
10119,,,,,2019-07-23T13:44:48Z,46.89410000,12.55298333,3366.00,
10120,,,,,2019-07-23T13:44:49Z,46.89400000,12.55271667,3367.00,
10121,,,,,2019-07-23T13:44:50Z,46.89391667,12.55243333,3365.00,
10122,,,,,2019-07-23T13:44:51Z,46.89385000,12.55215000,3365.00,
10123,,,,,2019-07-23T13:44:52Z,46.89378333,12.55186667,3366.00,
10124,,,,,2019-07-23T13:44:53Z,46.89371667,12.55160000,3366.00,
10125,,,,,2019-07-23T13:44:54Z,46.89365000,12.55133333,3367.00,
10126,,,,,2019-07-23T13:44:55Z,46.89358333,12.55106667,3368.00,
10127,,,,,2019-07-23T13:44:56Z,46.89351667,12.55081667,3369.00,
10128,,,,,2019-07-23T13:44:57Z,46.89346667,12.55056667,3370.00,
10129,,,,,2019-07-23T13:44:58Z,46.89340000,12.55030000,3370.00,
10130,,,,,2019-07-23T13:44:59Z,46.89335000,12.55005000,3369.00,
10131,,,,,2019-07-23T13:45:00Z,46.89328333,12.54980000,3368.00,
10132,,,,,2019-07-23T13:45:01Z,46.89320000,12.54953333,3367.00,
10133,,,,,2019-07-23T13:45:02Z,46.89311667,12.54928333,3366.00,
10134,,,,,2019-07-23T13:45:03Z,46.89301667,12.54901667,3364.00,
10135,,,,,2019-07-23T13:45:04Z,46.89291667,12.54876667,3362.00,
10136,,,,,2019-07-23T13:45:05Z,46.89280000,12.54851667,3359.00,
10137,,,,,2019-07-23T13:45:06Z,46.89270000,12.54828333,3357.00,
10138,,,,,2019-07-23T13:45:07Z,46.89258333,12.54805000,3355.00,
10139,,,,,2019-07-23T13:45:08Z,46.89248333,12.54781667,3353.00,
10140,,,,,2019-07-23T13:45:09Z,46.89236667,12.54756667,3349.00,
10141,,,,,2019-07-23T13:45:10Z,46.89226667,12.54731667,3348.00,
10142,,,,,2019-07-23T13:45:11Z,46.89216667,12.54705000,3347.00,
10143,,,,,2019-07-23T13:45:12Z,46.89208333,12.54680000,3345.00,
10144,,,,,2019-07-23T13:45:13Z,46.89198333,12.54653333,3343.00,
10145,,,,,2019-07-23T13:45:14Z,46.89190000,12.54626667,3340.00,
10146,,,,,2019-07-23T13:45:15Z,46.89181667,12.54600000,3337.00,
10147,,,,,2019-07-23T13:45:16Z,46.89173333,12.54573333,3335.00,
10148,,,,,2019-07-23T13:45:17Z,46.89166667,12.54546667,3334.00,
10149,,,,,2019-07-23T13:45:18Z,46.89160000,12.54518333,3332.00,
10150,,,,,2019-07-23T13:45:19Z,46.89151667,12.54491667,3329.00,
10151,,,,,2019-07-23T13:45:20Z,46.89145000,12.54465000,3326.00,
10152,,,,,2019-07-23T13:45:21Z,46.89138333,12.54440000,3323.00,
10153,,,,,2019-07-23T13:45:22Z,46.89130000,12.54415000,3320.00,
10154,,,,,2019-07-23T13:45:23Z,46.89118333,12.54391667,3319.00,
10155,,,,,2019-07-23T13:45:24Z,46.89108333,12.54366667,3316.00,
10156,,,,,2019-07-23T13:45:25Z,46.89096667,12.54343333,3314.00,
10157,,,,,2019-07-23T13:45:26Z,46.89086667,12.54318333,3310.00,
10158,,,,,2019-07-23T13:45:27Z,46.89076667,12.54293333,3308.00,
10159,,,,,2019-07-23T13:45:28Z,46.89068333,12.54268333,3305.00,
10160,,,,,2019-07-23T13:45:29Z,46.89061667,12.54241667,3303.00,
10161,,,,,2019-07-23T13:45:30Z,46.89053333,12.54215000,3301.00,
10162,,,,,2019-07-23T13:45:31Z,46.89046667,12.54188333,3299.00,
10163,,,,,2019-07-23T13:45:32Z,46.89040000,12.54161667,3296.00,
10164,,,,,2019-07-23T13:45:33Z,46.89033333,12.54136667,3294.00,
10165,,,,,2019-07-23T13:45:34Z,46.89026667,12.54111667,3293.00,
10166,,,,,2019-07-23T13:45:35Z,46.89018333,12.54086667,3291.00,
10167,,,,,2019-07-23T13:45:36Z,46.89010000,12.54063333,3290.00,
10168,,,,,2019-07-23T13:45:37Z,46.89000000,12.54038333,3287.00,
10169,,,,,2019-07-23T13:45:38Z,46.88991667,12.54015000,3282.00,
10170,,,,,2019-07-23T13:45:39Z,46.88983333,12.53990000,3282.00,
10171,,,,,2019-07-23T13:45:40Z,46.88975000,12.53965000,3281.00,
10172,,,,,2019-07-23T13:45:41Z,46.88966667,12.53940000,3280.00,
10173,,,,,2019-07-23T13:45:42Z,46.88958333,12.53915000,3277.00,
10174,,,,,2019-07-23T13:45:43Z,46.88950000,12.53890000,3276.00,
10175,,,,,2019-07-23T13:45:44Z,46.88941667,12.53866667,3274.00,
10176,,,,,2019-07-23T13:45:45Z,46.88933333,12.53841667,3271.00,
10177,,,,,2019-07-23T13:45:46Z,46.88925000,12.53816667,3268.00,
10178,,,,,2019-07-23T13:45:47Z,46.88915000,12.53793333,3263.00,
10179,,,,,2019-07-23T13:45:48Z,46.88905000,12.53768333,3259.00,
10180,,,,,2019-07-23T13:45:49Z,46.88895000,12.53743333,3256.00,
10181,,,,,2019-07-23T13:45:50Z,46.88885000,12.53718333,3251.00,
10182,,,,,2019-07-23T13:45:51Z,46.88873333,12.53693333,3249.00,
10183,,,,,2019-07-23T13:45:52Z,46.88861667,12.53668333,3245.00,
10184,,,,,2019-07-23T13:45:53Z,46.88851667,12.53641667,3242.00,
10185,,,,,2019-07-23T13:45:54Z,46.88841667,12.53615000,3238.00,
10186,,,,,2019-07-23T13:45:55Z,46.88831667,12.53590000,3233.00,
10187,,,,,2019-07-23T13:45:56Z,46.88823333,12.53563333,3229.00,
10188,,,,,2019-07-23T13:45:57Z,46.88813333,12.53536667,3227.00,
10189,,,,,2019-07-23T13:45:58Z,46.88805000,12.53511667,3226.00,
10190,,,,,2019-07-23T13:45:59Z,46.88793333,12.53486667,3224.00,
10191,,,,,2019-07-23T13:46:00Z,46.88783333,12.53463333,3223.00,
10192,,,,,2019-07-23T13:46:01Z,46.88773333,12.53438333,3220.00,
10193,,,,,2019-07-23T13:46:02Z,46.88763333,12.53411667,3219.00,
10194,,,,,2019-07-23T13:46:03Z,46.88755000,12.53386667,3216.00,
10195,,,,,2019-07-23T13:46:04Z,46.88746667,12.53360000,3214.00,
10196,,,,,2019-07-23T13:46:05Z,46.88738333,12.53333333,3211.00,
10197,,,,,2019-07-23T13:46:06Z,46.88731667,12.53306667,3209.00,
10198,,,,,2019-07-23T13:46:07Z,46.88725000,12.53280000,3208.00,
10199,,,,,2019-07-23T13:46:08Z,46.88720000,12.53251667,3206.00,
10200,,,,,2019-07-23T13:46:09Z,46.88715000,12.53225000,3203.00,
10201,,,,,2019-07-23T13:46:10Z,46.88708333,12.53198333,3202.00,
10202,,,,,2019-07-23T13:46:11Z,46.88703333,12.53171667,3201.00,
10203,,,,,2019-07-23T13:46:12Z,46.88700000,12.53143333,3198.00,
10204,,,,,2019-07-23T13:46:13Z,46.88695000,12.53115000,3196.00,
10205,,,,,2019-07-23T13:46:14Z,46.88690000,12.53086667,3193.00,
10206,,,,,2019-07-23T13:46:15Z,46.88685000,12.53060000,3191.00,
10207,,,,,2019-07-23T13:46:16Z,46.88680000,12.53031667,3189.00,
10208,,,,,2019-07-23T13:46:17Z,46.88673333,12.53005000,3186.00,
10209,,,,,2019-07-23T13:46:18Z,46.88666667,12.52978333,3187.00,
10210,,,,,2019-07-23T13:46:19Z,46.88660000,12.52951667,3185.00,
10211,,,,,2019-07-23T13:46:20Z,46.88651667,12.52925000,3183.00,
10212,,,,,2019-07-23T13:46:21Z,46.88645000,12.52896667,3180.00,
10213,,,,,2019-07-23T13:46:22Z,46.88638333,12.52868333,3179.00,
10214,,,,,2019-07-23T13:46:23Z,46.88631667,12.52838333,3177.00,
10215,,,,,2019-07-23T13:46:24Z,46.88625000,12.52810000,3175.00,
10216,,,,,2019-07-23T13:46:25Z,46.88620000,12.52780000,3173.00,
10217,,,,,2019-07-23T13:46:26Z,46.88615000,12.52750000,3171.00,
10218,,,,,2019-07-23T13:46:27Z,46.88610000,12.52720000,3169.00,
10219,,,,,2019-07-23T13:46:28Z,46.88606667,12.52691667,3167.00,
10220,,,,,2019-07-23T13:46:29Z,46.88601667,12.52663333,3165.00,
10221,,,,,2019-07-23T13:46:30Z,46.88596667,12.52635000,3164.00,
10222,,,,,2019-07-23T13:46:31Z,46.88591667,12.52608333,3163.00,
10223,,,,,2019-07-23T13:46:32Z,46.88586667,12.52581667,3162.00,
10224,,,,,2019-07-23T13:46:33Z,46.88580000,12.52555000,3159.00,
10225,,,,,2019-07-23T13:46:34Z,46.88575000,12.52528333,3157.00,
10226,,,,,2019-07-23T13:46:35Z,46.88570000,12.52503333,3154.00,
10227,,,,,2019-07-23T13:46:36Z,46.88565000,12.52475000,3152.00,
10228,,,,,2019-07-23T13:46:37Z,46.88560000,12.52448333,3150.00,
10229,,,,,2019-07-23T13:46:38Z,46.88556667,12.52420000,3148.00,
10230,,,,,2019-07-23T13:46:39Z,46.88551667,12.52393333,3146.00,
10231,,,,,2019-07-23T13:46:40Z,46.88548333,12.52365000,3143.00,
10232,,,,,2019-07-23T13:46:41Z,46.88545000,12.52335000,3143.00,
10233,,,,,2019-07-23T13:46:42Z,46.88541667,12.52306667,3141.00,
10234,,,,,2019-07-23T13:46:43Z,46.88538333,12.52276667,3140.00,
10235,,,,,2019-07-23T13:46:44Z,46.88536667,12.52250000,3137.00,
10236,,,,,2019-07-23T13:46:45Z,46.88535000,12.52221667,3135.00,
10237,,,,,2019-07-23T13:46:46Z,46.88531667,12.52195000,3133.00,
10238,,,,,2019-07-23T13:46:47Z,46.88530000,12.52168333,3132.00,
10239,,,,,2019-07-23T13:46:48Z,46.88528333,12.52141667,3129.00,
10240,,,,,2019-07-23T13:46:49Z,46.88526667,12.52115000,3128.00,
10241,,,,,2019-07-23T13:46:50Z,46.88523333,12.52086667,3126.00,
10242,,,,,2019-07-23T13:46:51Z,46.88523333,12.52060000,3124.00,
10243,,,,,2019-07-23T13:46:52Z,46.88521667,12.52033333,3121.00,
10244,,,,,2019-07-23T13:46:53Z,46.88520000,12.52006667,3118.00,
10245,,,,,2019-07-23T13:46:54Z,46.88516667,12.51980000,3116.00,
10246,,,,,2019-07-23T13:46:55Z,46.88513333,12.51953333,3113.00,
10247,,,,,2019-07-23T13:46:56Z,46.88508333,12.51926667,3110.00,
10248,,,,,2019-07-23T13:46:57Z,46.88503333,12.51901667,3107.00,
10249,,,,,2019-07-23T13:46:58Z,46.88498333,12.51875000,3104.00,
10250,,,,,2019-07-23T13:46:59Z,46.88490000,12.51848333,3101.00,
10251,,,,,2019-07-23T13:47:00Z,46.88483333,12.51821667,3098.00,
10252,,,,,2019-07-23T13:47:01Z,46.88475000,12.51795000,3095.00,
10253,,,,,2019-07-23T13:47:02Z,46.88465000,12.51770000,3093.00,
10254,,,,,2019-07-23T13:47:03Z,46.88456667,12.51743333,3091.00,
10255,,,,,2019-07-23T13:47:04Z,46.88446667,12.51716667,3089.00,
10256,,,,,2019-07-23T13:47:05Z,46.88438333,12.51690000,3085.00,
10257,,,,,2019-07-23T13:47:06Z,46.88430000,12.51663333,3082.00,
10258,,,,,2019-07-23T13:47:07Z,46.88423333,12.51635000,3079.00,
10259,,,,,2019-07-23T13:47:08Z,46.88416667,12.51605000,3077.00,
10260,,,,,2019-07-23T13:47:09Z,46.88410000,12.51575000,3075.00,
10261,,,,,2019-07-23T13:47:10Z,46.88403333,12.51545000,3072.00,
10262,,,,,2019-07-23T13:47:11Z,46.88396667,12.51515000,3070.00,
10263,,,,,2019-07-23T13:47:12Z,46.88390000,12.51485000,3067.00,
10264,,,,,2019-07-23T13:47:13Z,46.88383333,12.51456667,3064.00,
10265,,,,,2019-07-23T13:47:14Z,46.88376667,12.51428333,3063.00,
10266,,,,,2019-07-23T13:47:15Z,46.88370000,12.51401667,3061.00,
10267,,,,,2019-07-23T13:47:16Z,46.88361667,12.51375000,3060.00,
10268,,,,,2019-07-23T13:47:17Z,46.88355000,12.51346667,3059.00,
10269,,,,,2019-07-23T13:47:18Z,46.88348333,12.51318333,3058.00,
10270,,,,,2019-07-23T13:47:19Z,46.88343333,12.51290000,3056.00,
10271,,,,,2019-07-23T13:47:20Z,46.88336667,12.51261667,3054.00,
10272,,,,,2019-07-23T13:47:21Z,46.88333333,12.51230000,3051.00,
10273,,,,,2019-07-23T13:47:22Z,46.88330000,12.51198333,3048.00,
10274,,,,,2019-07-23T13:47:23Z,46.88325000,12.51166667,3047.00,
10275,,,,,2019-07-23T13:47:24Z,46.88321667,12.51135000,3047.00,
10276,,,,,2019-07-23T13:47:25Z,46.88316667,12.51103333,3045.00,
10277,,,,,2019-07-23T13:47:26Z,46.88313333,12.51075000,3044.00,
10278,,,,,2019-07-23T13:47:27Z,46.88311667,12.51045000,3044.00,
10279,,,,,2019-07-23T13:47:28Z,46.88308333,12.51016667,3046.00,
10280,,,,,2019-07-23T13:47:29Z,46.88305000,12.50988333,3047.00,
10281,,,,,2019-07-23T13:47:30Z,46.88300000,12.50958333,3048.00,
10282,,,,,2019-07-23T13:47:31Z,46.88296667,12.50928333,3048.00,
10283,,,,,2019-07-23T13:47:32Z,46.88290000,12.50898333,3049.00,
10284,,,,,2019-07-23T13:47:33Z,46.88286667,12.50866667,3049.00,
10285,,,,,2019-07-23T13:47:34Z,46.88281667,12.50835000,3048.00,
10286,,,,,2019-07-23T13:47:35Z,46.88278333,12.50803333,3048.00,
10287,,,,,2019-07-23T13:47:36Z,46.88275000,12.50771667,3048.00,
10288,,,,,2019-07-23T13:47:37Z,46.88275000,12.50740000,3048.00,
10289,,,,,2019-07-23T13:47:38Z,46.88273333,12.50710000,3049.00,
10290,,,,,2019-07-23T13:47:39Z,46.88271667,12.50681667,3050.00,
10291,,,,,2019-07-23T13:47:40Z,46.88270000,12.50655000,3052.00,
10292,,,,,2019-07-23T13:47:41Z,46.88268333,12.50628333,3053.00,
10293,,,,,2019-07-23T13:47:42Z,46.88265000,12.50600000,3054.00,
10294,,,,,2019-07-23T13:47:43Z,46.88261667,12.50570000,3054.00,
10295,,,,,2019-07-23T13:47:44Z,46.88258333,12.50541667,3054.00,
10296,,,,,2019-07-23T13:47:45Z,46.88256667,12.50510000,3053.00,
10297,,,,,2019-07-23T13:47:46Z,46.88255000,12.50480000,3052.00,
10298,,,,,2019-07-23T13:47:47Z,46.88255000,12.50450000,3052.00,
10299,,,,,2019-07-23T13:47:48Z,46.88253333,12.50421667,3054.00,
10300,,,,,2019-07-23T13:47:49Z,46.88253333,12.50395000,3055.00,
10301,,,,,2019-07-23T13:47:50Z,46.88251667,12.50368333,3056.00,
10302,,,,,2019-07-23T13:47:51Z,46.88251667,12.50343333,3057.00,
10303,,,,,2019-07-23T13:47:52Z,46.88250000,12.50318333,3059.00,
10304,,,,,2019-07-23T13:47:53Z,46.88246667,12.50291667,3060.00,
10305,,,,,2019-07-23T13:47:54Z,46.88243333,12.50266667,3058.00,
10306,,,,,2019-07-23T13:47:55Z,46.88238333,12.50241667,3060.00,
10307,,,,,2019-07-23T13:47:56Z,46.88233333,12.50215000,3060.00,
10308,,,,,2019-07-23T13:47:57Z,46.88228333,12.50190000,3058.00,
10309,,,,,2019-07-23T13:47:58Z,46.88220000,12.50165000,3056.00,
10310,,,,,2019-07-23T13:47:59Z,46.88213333,12.50140000,3054.00,
10311,,,,,2019-07-23T13:48:00Z,46.88206667,12.50115000,3050.00,
10312,,,,,2019-07-23T13:48:01Z,46.88203333,12.50088333,3046.00,
10313,,,,,2019-07-23T13:48:02Z,46.88198333,12.50061667,3043.00,
10314,,,,,2019-07-23T13:48:03Z,46.88191667,12.50035000,3042.00,
10315,,,,,2019-07-23T13:48:04Z,46.88185000,12.50008333,3038.00,
10316,,,,,2019-07-23T13:48:05Z,46.88178333,12.49981667,3033.00,
10317,,,,,2019-07-23T13:48:06Z,46.88171667,12.49956667,3029.00,
10318,,,,,2019-07-23T13:48:07Z,46.88165000,12.49930000,3024.00,
10319,,,,,2019-07-23T13:48:08Z,46.88160000,12.49901667,3021.00,
10320,,,,,2019-07-23T13:48:09Z,46.88156667,12.49873333,3017.00,
10321,,,,,2019-07-23T13:48:10Z,46.88153333,12.49845000,3014.00,
10322,,,,,2019-07-23T13:48:11Z,46.88153333,12.49815000,3010.00,
10323,,,,,2019-07-23T13:48:12Z,46.88151667,12.49786667,3006.00,
10324,,,,,2019-07-23T13:48:13Z,46.88150000,12.49758333,3002.00,
10325,,,,,2019-07-23T13:48:14Z,46.88150000,12.49730000,3001.00,
10326,,,,,2019-07-23T13:48:15Z,46.88146667,12.49701667,3000.00,
10327,,,,,2019-07-23T13:48:16Z,46.88143333,12.49675000,2997.00,
10328,,,,,2019-07-23T13:48:17Z,46.88140000,12.49648333,2993.00,
10329,,,,,2019-07-23T13:48:18Z,46.88135000,12.49620000,2988.00,
10330,,,,,2019-07-23T13:48:19Z,46.88130000,12.49593333,2984.00,
10331,,,,,2019-07-23T13:48:20Z,46.88123333,12.49566667,2981.00,
10332,,,,,2019-07-23T13:48:21Z,46.88116667,12.49538333,2978.00,
10333,,,,,2019-07-23T13:48:22Z,46.88111667,12.49510000,2973.00,
10334,,,,,2019-07-23T13:48:23Z,46.88106667,12.49480000,2968.00,
10335,,,,,2019-07-23T13:48:24Z,46.88101667,12.49451667,2963.00,
10336,,,,,2019-07-23T13:48:25Z,46.88098333,12.49421667,2959.00,
10337,,,,,2019-07-23T13:48:26Z,46.88095000,12.49393333,2956.00,
10338,,,,,2019-07-23T13:48:27Z,46.88091667,12.49365000,2951.00,
10339,,,,,2019-07-23T13:48:28Z,46.88091667,12.49335000,2947.00,
10340,,,,,2019-07-23T13:48:29Z,46.88091667,12.49306667,2945.00,
10341,,,,,2019-07-23T13:48:30Z,46.88093333,12.49278333,2940.00,
10342,,,,,2019-07-23T13:48:31Z,46.88095000,12.49248333,2934.00,
10343,,,,,2019-07-23T13:48:32Z,46.88098333,12.49220000,2930.00,
10344,,,,,2019-07-23T13:48:33Z,46.88103333,12.49193333,2926.00,
10345,,,,,2019-07-23T13:48:34Z,46.88106667,12.49166667,2923.00,
10346,,,,,2019-07-23T13:48:35Z,46.88111667,12.49141667,2921.00,
10347,,,,,2019-07-23T13:48:36Z,46.88118333,12.49118333,2919.00,
10348,,,,,2019-07-23T13:48:37Z,46.88121667,12.49095000,2918.00,
10349,,,,,2019-07-23T13:48:38Z,46.88126667,12.49071667,2916.00,
10350,,,,,2019-07-23T13:48:39Z,46.88131667,12.49046667,2914.00,
10351,,,,,2019-07-23T13:48:40Z,46.88136667,12.49021667,2911.00,
10352,,,,,2019-07-23T13:48:41Z,46.88140000,12.48993333,2906.00,
10353,,,,,2019-07-23T13:48:42Z,46.88141667,12.48965000,2903.00,
10354,,,,,2019-07-23T13:48:43Z,46.88141667,12.48936667,2900.00,
10355,,,,,2019-07-23T13:48:44Z,46.88141667,12.48906667,2898.00,
10356,,,,,2019-07-23T13:48:45Z,46.88141667,12.48878333,2896.00,
10357,,,,,2019-07-23T13:48:46Z,46.88141667,12.48848333,2894.00,
10358,,,,,2019-07-23T13:48:47Z,46.88141667,12.48818333,2893.00,
10359,,,,,2019-07-23T13:48:48Z,46.88143333,12.48788333,2891.00,
10360,,,,,2019-07-23T13:48:49Z,46.88145000,12.48756667,2888.00,
10361,,,,,2019-07-23T13:48:50Z,46.88146667,12.48725000,2886.00,
10362,,,,,2019-07-23T13:48:51Z,46.88148333,12.48695000,2886.00,
10363,,,,,2019-07-23T13:48:52Z,46.88150000,12.48665000,2884.00,
10364,,,,,2019-07-23T13:48:53Z,46.88151667,12.48635000,2883.00,
10365,,,,,2019-07-23T13:48:54Z,46.88155000,12.48606667,2881.00,
10366,,,,,2019-07-23T13:48:55Z,46.88158333,12.48578333,2879.00,
10367,,,,,2019-07-23T13:48:56Z,46.88163333,12.48551667,2876.00,
10368,,,,,2019-07-23T13:48:57Z,46.88168333,12.48525000,2874.00,
10369,,,,,2019-07-23T13:48:58Z,46.88171667,12.48498333,2872.00,
10370,,,,,2019-07-23T13:48:59Z,46.88175000,12.48471667,2871.00,
10371,,,,,2019-07-23T13:49:00Z,46.88176667,12.48445000,2870.00,
10372,,,,,2019-07-23T13:49:01Z,46.88180000,12.48418333,2868.00,
10373,,,,,2019-07-23T13:49:02Z,46.88181667,12.48390000,2866.00,
10374,,,,,2019-07-23T13:49:03Z,46.88185000,12.48360000,2863.00,
10375,,,,,2019-07-23T13:49:04Z,46.88190000,12.48330000,2859.00,
10376,,,,,2019-07-23T13:49:05Z,46.88196667,12.48296667,2855.00,
10377,,,,,2019-07-23T13:49:06Z,46.88203333,12.48265000,2850.00,
10378,,,,,2019-07-23T13:49:07Z,46.88208333,12.48233333,2847.00,
10379,,,,,2019-07-23T13:49:08Z,46.88215000,12.48201667,2845.00,
10380,,,,,2019-07-23T13:49:09Z,46.88220000,12.48171667,2842.00,
10381,,,,,2019-07-23T13:49:10Z,46.88223333,12.48141667,2840.00,
10382,,,,,2019-07-23T13:49:11Z,46.88228333,12.48113333,2837.00,
10383,,,,,2019-07-23T13:49:12Z,46.88231667,12.48085000,2837.00,
10384,,,,,2019-07-23T13:49:13Z,46.88235000,12.48056667,2835.00,
10385,,,,,2019-07-23T13:49:14Z,46.88240000,12.48028333,2830.00,
10386,,,,,2019-07-23T13:49:15Z,46.88245000,12.48000000,2826.00,
10387,,,,,2019-07-23T13:49:16Z,46.88250000,12.47971667,2821.00,
10388,,,,,2019-07-23T13:49:17Z,46.88255000,12.47943333,2819.00,
10389,,,,,2019-07-23T13:49:18Z,46.88260000,12.47915000,2817.00,
10390,,,,,2019-07-23T13:49:19Z,46.88263333,12.47886667,2814.00,
10391,,,,,2019-07-23T13:49:20Z,46.88266667,12.47858333,2810.00,
10392,,,,,2019-07-23T13:49:21Z,46.88271667,12.47828333,2806.00,
10393,,,,,2019-07-23T13:49:22Z,46.88275000,12.47798333,2803.00,
10394,,,,,2019-07-23T13:49:23Z,46.88280000,12.47768333,2800.00,
10395,,,,,2019-07-23T13:49:24Z,46.88286667,12.47738333,2797.00,
10396,,,,,2019-07-23T13:49:25Z,46.88291667,12.47708333,2794.00,
10397,,,,,2019-07-23T13:49:26Z,46.88295000,12.47676667,2793.00,
10398,,,,,2019-07-23T13:49:27Z,46.88300000,12.47645000,2793.00,
10399,,,,,2019-07-23T13:49:28Z,46.88303333,12.47616667,2793.00,
10400,,,,,2019-07-23T13:49:29Z,46.88306667,12.47590000,2794.00,
10401,,,,,2019-07-23T13:49:30Z,46.88310000,12.47565000,2797.00,
10402,,,,,2019-07-23T13:49:31Z,46.88310000,12.47540000,2801.00,
10403,,,,,2019-07-23T13:49:32Z,46.88311667,12.47516667,2804.00,
10404,,,,,2019-07-23T13:49:33Z,46.88310000,12.47495000,2807.00,
10405,,,,,2019-07-23T13:49:34Z,46.88306667,12.47473333,2809.00,
10406,,,,,2019-07-23T13:49:35Z,46.88303333,12.47453333,2810.00,
10407,,,,,2019-07-23T13:49:36Z,46.88296667,12.47433333,2811.00,
10408,,,,,2019-07-23T13:49:37Z,46.88288333,12.47416667,2811.00,
10409,,,,,2019-07-23T13:49:38Z,46.88275000,12.47403333,2812.00,
10410,,,,,2019-07-23T13:49:39Z,46.88261667,12.47393333,2812.00,
10411,,,,,2019-07-23T13:49:40Z,46.88245000,12.47390000,2811.00,
10412,,,,,2019-07-23T13:49:41Z,46.88230000,12.47396667,2810.00,
10413,,,,,2019-07-23T13:49:42Z,46.88216667,12.47408333,2808.00,
10414,,,,,2019-07-23T13:49:43Z,46.88205000,12.47425000,2807.00,
10415,,,,,2019-07-23T13:49:44Z,46.88200000,12.47446667,2805.00,
10416,,,,,2019-07-23T13:49:45Z,46.88198333,12.47468333,2803.00,
10417,,,,,2019-07-23T13:49:46Z,46.88203333,12.47490000,2800.00,
10418,,,,,2019-07-23T13:49:47Z,46.88208333,12.47510000,2798.00,
10419,,,,,2019-07-23T13:49:48Z,46.88220000,12.47525000,2796.00,
10420,,,,,2019-07-23T13:49:49Z,46.88238333,12.47531667,2795.00,
10421,,,,,2019-07-23T13:49:50Z,46.88255000,12.47533333,2793.00,
10422,,,,,2019-07-23T13:49:51Z,46.88271667,12.47528333,2792.00,
10423,,,,,2019-07-23T13:49:52Z,46.88290000,12.47518333,2792.00,
10424,,,,,2019-07-23T13:49:53Z,46.88305000,12.47506667,2791.00,
10425,,,,,2019-07-23T13:49:54Z,46.88318333,12.47488333,2792.00,
10426,,,,,2019-07-23T13:49:55Z,46.88330000,12.47466667,2793.00,
10427,,,,,2019-07-23T13:49:56Z,46.88340000,12.47446667,2794.00,
10428,,,,,2019-07-23T13:49:57Z,46.88350000,12.47425000,2793.00,
10429,,,,,2019-07-23T13:49:58Z,46.88358333,12.47401667,2793.00,
10430,,,,,2019-07-23T13:49:59Z,46.88365000,12.47378333,2793.00,
10431,,,,,2019-07-23T13:50:00Z,46.88370000,12.47351667,2794.00,
10432,,,,,2019-07-23T13:50:01Z,46.88373333,12.47323333,2792.00,
10433,,,,,2019-07-23T13:50:02Z,46.88375000,12.47295000,2791.00,
10434,,,,,2019-07-23T13:50:03Z,46.88375000,12.47263333,2789.00,
10435,,,,,2019-07-23T13:50:04Z,46.88376667,12.47233333,2787.00,
10436,,,,,2019-07-23T13:50:05Z,46.88378333,12.47201667,2785.00,
10437,,,,,2019-07-23T13:50:06Z,46.88380000,12.47171667,2783.00,
10438,,,,,2019-07-23T13:50:07Z,46.88385000,12.47141667,2780.00,
10439,,,,,2019-07-23T13:50:08Z,46.88391667,12.47113333,2779.00,
10440,,,,,2019-07-23T13:50:09Z,46.88400000,12.47086667,2776.00,
10441,,,,,2019-07-23T13:50:10Z,46.88406667,12.47060000,2776.00,
10442,,,,,2019-07-23T13:50:11Z,46.88415000,12.47033333,2775.00,
10443,,,,,2019-07-23T13:50:12Z,46.88421667,12.47006667,2773.00,
10444,,,,,2019-07-23T13:50:13Z,46.88430000,12.46980000,2772.00,
10445,,,,,2019-07-23T13:50:14Z,46.88436667,12.46953333,2772.00,
10446,,,,,2019-07-23T13:50:15Z,46.88443333,12.46925000,2770.00,
10447,,,,,2019-07-23T13:50:16Z,46.88450000,12.46896667,2767.00,
10448,,,,,2019-07-23T13:50:17Z,46.88458333,12.46866667,2765.00,
10449,,,,,2019-07-23T13:50:18Z,46.88466667,12.46838333,2761.00,
10450,,,,,2019-07-23T13:50:19Z,46.88475000,12.46811667,2758.00,
10451,,,,,2019-07-23T13:50:20Z,46.88483333,12.46783333,2754.00,
10452,,,,,2019-07-23T13:50:21Z,46.88493333,12.46755000,2750.00,
10453,,,,,2019-07-23T13:50:22Z,46.88501667,12.46726667,2747.00,
10454,,,,,2019-07-23T13:50:23Z,46.88510000,12.46698333,2745.00,
10455,,,,,2019-07-23T13:50:24Z,46.88516667,12.46668333,2741.00,
10456,,,,,2019-07-23T13:50:25Z,46.88523333,12.46640000,2739.00,
10457,,,,,2019-07-23T13:50:26Z,46.88530000,12.46611667,2735.00,
10458,,,,,2019-07-23T13:50:27Z,46.88538333,12.46585000,2731.00,
10459,,,,,2019-07-23T13:50:28Z,46.88546667,12.46556667,2729.00,
10460,,,,,2019-07-23T13:50:29Z,46.88555000,12.46528333,2726.00,
10461,,,,,2019-07-23T13:50:30Z,46.88563333,12.46500000,2721.00,
10462,,,,,2019-07-23T13:50:31Z,46.88570000,12.46471667,2718.00,
10463,,,,,2019-07-23T13:50:32Z,46.88576667,12.46443333,2714.00,
10464,,,,,2019-07-23T13:50:33Z,46.88583333,12.46415000,2711.00,
10465,,,,,2019-07-23T13:50:34Z,46.88588333,12.46385000,2709.00,
10466,,,,,2019-07-23T13:50:35Z,46.88591667,12.46356667,2707.00,
10467,,,,,2019-07-23T13:50:36Z,46.88595000,12.46326667,2704.00,
10468,,,,,2019-07-23T13:50:37Z,46.88598333,12.46296667,2703.00,
10469,,,,,2019-07-23T13:50:38Z,46.88601667,12.46266667,2700.00,
10470,,,,,2019-07-23T13:50:39Z,46.88605000,12.46238333,2698.00,
10471,,,,,2019-07-23T13:50:40Z,46.88606667,12.46208333,2696.00,
10472,,,,,2019-07-23T13:50:41Z,46.88610000,12.46178333,2695.00,
10473,,,,,2019-07-23T13:50:42Z,46.88611667,12.46150000,2694.00,
10474,,,,,2019-07-23T13:50:43Z,46.88611667,12.46121667,2694.00,
10475,,,,,2019-07-23T13:50:44Z,46.88611667,12.46095000,2697.00,
10476,,,,,2019-07-23T13:50:45Z,46.88611667,12.46068333,2699.00,
10477,,,,,2019-07-23T13:50:46Z,46.88611667,12.46043333,2700.00,
10478,,,,,2019-07-23T13:50:47Z,46.88610000,12.46020000,2701.00,
10479,,,,,2019-07-23T13:50:48Z,46.88608333,12.45995000,2700.00,
10480,,,,,2019-07-23T13:50:49Z,46.88605000,12.45973333,2702.00,
10481,,,,,2019-07-23T13:50:50Z,46.88600000,12.45951667,2702.00,
10482,,,,,2019-07-23T13:50:51Z,46.88595000,12.45931667,2702.00,
10483,,,,,2019-07-23T13:50:52Z,46.88588333,12.45911667,2703.00,
10484,,,,,2019-07-23T13:50:53Z,46.88581667,12.45891667,2703.00,
10485,,,,,2019-07-23T13:50:54Z,46.88573333,12.45870000,2703.00,
10486,,,,,2019-07-23T13:50:55Z,46.88565000,12.45848333,2701.00,
10487,,,,,2019-07-23T13:50:56Z,46.88556667,12.45826667,2699.00,
10488,,,,,2019-07-23T13:50:57Z,46.88548333,12.45803333,2697.00,
10489,,,,,2019-07-23T13:50:58Z,46.88543333,12.45776667,2694.00,
10490,,,,,2019-07-23T13:50:59Z,46.88538333,12.45750000,2691.00,
10491,,,,,2019-07-23T13:51:00Z,46.88536667,12.45723333,2687.00,
10492,,,,,2019-07-23T13:51:01Z,46.88535000,12.45695000,2685.00,
10493,,,,,2019-07-23T13:51:02Z,46.88533333,12.45668333,2682.00,
10494,,,,,2019-07-23T13:51:03Z,46.88533333,12.45641667,2680.00,
10495,,,,,2019-07-23T13:51:04Z,46.88533333,12.45616667,2678.00,
10496,,,,,2019-07-23T13:51:05Z,46.88533333,12.45591667,2675.00,
10497,,,,,2019-07-23T13:51:06Z,46.88533333,12.45565000,2673.00,
10498,,,,,2019-07-23T13:51:07Z,46.88533333,12.45540000,2671.00,
10499,,,,,2019-07-23T13:51:08Z,46.88535000,12.45513333,2668.00,
10500,,,,,2019-07-23T13:51:09Z,46.88535000,12.45486667,2665.00,
10501,,,,,2019-07-23T13:51:10Z,46.88535000,12.45460000,2661.00,
10502,,,,,2019-07-23T13:51:11Z,46.88533333,12.45435000,2658.00,
10503,,,,,2019-07-23T13:51:12Z,46.88531667,12.45408333,2656.00,
10504,,,,,2019-07-23T13:51:13Z,46.88528333,12.45381667,2653.00,
10505,,,,,2019-07-23T13:51:14Z,46.88525000,12.45355000,2651.00,
10506,,,,,2019-07-23T13:51:15Z,46.88521667,12.45326667,2649.00,
10507,,,,,2019-07-23T13:51:16Z,46.88520000,12.45300000,2646.00,
10508,,,,,2019-07-23T13:51:17Z,46.88520000,12.45275000,2644.00,
10509,,,,,2019-07-23T13:51:18Z,46.88518333,12.45250000,2643.00,
10510,,,,,2019-07-23T13:51:19Z,46.88518333,12.45223333,2641.00,
10511,,,,,2019-07-23T13:51:20Z,46.88520000,12.45198333,2639.00,
10512,,,,,2019-07-23T13:51:21Z,46.88520000,12.45173333,2638.00,
10513,,,,,2019-07-23T13:51:22Z,46.88521667,12.45150000,2638.00,
10514,,,,,2019-07-23T13:51:23Z,46.88521667,12.45125000,2637.00,
10515,,,,,2019-07-23T13:51:24Z,46.88521667,12.45100000,2635.00,
10516,,,,,2019-07-23T13:51:25Z,46.88520000,12.45075000,2633.00,
10517,,,,,2019-07-23T13:51:26Z,46.88518333,12.45048333,2629.00,
10518,,,,,2019-07-23T13:51:27Z,46.88516667,12.45023333,2625.00,
10519,,,,,2019-07-23T13:51:28Z,46.88513333,12.44996667,2623.00,
10520,,,,,2019-07-23T13:51:29Z,46.88511667,12.44971667,2620.00,
10521,,,,,2019-07-23T13:51:30Z,46.88508333,12.44945000,2617.00,
10522,,,,,2019-07-23T13:51:31Z,46.88505000,12.44921667,2616.00,
10523,,,,,2019-07-23T13:51:32Z,46.88501667,12.44896667,2615.00,
10524,,,,,2019-07-23T13:51:33Z,46.88501667,12.44870000,2614.00,
10525,,,,,2019-07-23T13:51:34Z,46.88503333,12.44846667,2611.00,
10526,,,,,2019-07-23T13:51:35Z,46.88511667,12.44823333,2608.00,
10527,,,,,2019-07-23T13:51:36Z,46.88521667,12.44803333,2603.00,
10528,,,,,2019-07-23T13:51:37Z,46.88533333,12.44786667,2602.00,
10529,,,,,2019-07-23T13:51:38Z,46.88548333,12.44773333,2601.00,
10530,,,,,2019-07-23T13:51:39Z,46.88566667,12.44768333,2599.00,
10531,,,,,2019-07-23T13:51:40Z,46.88583333,12.44770000,2597.00,
10532,,,,,2019-07-23T13:51:41Z,46.88600000,12.44776667,2595.00,
10533,,,,,2019-07-23T13:51:42Z,46.88615000,12.44788333,2593.00,
10534,,,,,2019-07-23T13:51:43Z,46.88626667,12.44803333,2591.00,
10535,,,,,2019-07-23T13:51:44Z,46.88636667,12.44821667,2588.00,
10536,,,,,2019-07-23T13:51:45Z,46.88646667,12.44841667,2589.00,
10537,,,,,2019-07-23T13:51:46Z,46.88655000,12.44863333,2588.00,
10538,,,,,2019-07-23T13:51:47Z,46.88661667,12.44886667,2586.00,
10539,,,,,2019-07-23T13:51:48Z,46.88666667,12.44910000,2584.00,
10540,,,,,2019-07-23T13:51:49Z,46.88673333,12.44935000,2583.00,
10541,,,,,2019-07-23T13:51:50Z,46.88680000,12.44960000,2580.00,
10542,,,,,2019-07-23T13:51:51Z,46.88686667,12.44985000,2578.00,
10543,,,,,2019-07-23T13:51:52Z,46.88691667,12.45011667,2576.00,
10544,,,,,2019-07-23T13:51:53Z,46.88695000,12.45038333,2575.00,
10545,,,,,2019-07-23T13:51:54Z,46.88698333,12.45065000,2572.00,
10546,,,,,2019-07-23T13:51:55Z,46.88701667,12.45090000,2571.00,
10547,,,,,2019-07-23T13:51:56Z,46.88705000,12.45116667,2570.00,
10548,,,,,2019-07-23T13:51:57Z,46.88708333,12.45143333,2568.00,
10549,,,,,2019-07-23T13:51:58Z,46.88715000,12.45168333,2565.00,
10550,,,,,2019-07-23T13:51:59Z,46.88720000,12.45195000,2563.00,
10551,,,,,2019-07-23T13:52:00Z,46.88723333,12.45223333,2560.00,
10552,,,,,2019-07-23T13:52:01Z,46.88726667,12.45251667,2557.00,
10553,,,,,2019-07-23T13:52:02Z,46.88730000,12.45280000,2555.00,
10554,,,,,2019-07-23T13:52:03Z,46.88733333,12.45308333,2552.00,
10555,,,,,2019-07-23T13:52:04Z,46.88736667,12.45335000,2551.00,
10556,,,,,2019-07-23T13:52:05Z,46.88741667,12.45361667,2550.00,
10557,,,,,2019-07-23T13:52:06Z,46.88746667,12.45388333,2548.00,
10558,,,,,2019-07-23T13:52:07Z,46.88753333,12.45413333,2544.00,
10559,,,,,2019-07-23T13:52:08Z,46.88761667,12.45438333,2541.00,
10560,,,,,2019-07-23T13:52:09Z,46.88770000,12.45465000,2539.00,
10561,,,,,2019-07-23T13:52:10Z,46.88778333,12.45491667,2535.00,
10562,,,,,2019-07-23T13:52:11Z,46.88788333,12.45518333,2531.00,
10563,,,,,2019-07-23T13:52:12Z,46.88800000,12.45543333,2527.00,
10564,,,,,2019-07-23T13:52:13Z,46.88810000,12.45568333,2524.00,
10565,,,,,2019-07-23T13:52:14Z,46.88821667,12.45593333,2520.00,
10566,,,,,2019-07-23T13:52:15Z,46.88833333,12.45618333,2517.00,
10567,,,,,2019-07-23T13:52:16Z,46.88845000,12.45640000,2514.00,
10568,,,,,2019-07-23T13:52:17Z,46.88856667,12.45661667,2512.00,
10569,,,,,2019-07-23T13:52:18Z,46.88870000,12.45680000,2509.00,
10570,,,,,2019-07-23T13:52:19Z,46.88885000,12.45696667,2506.00,
10571,,,,,2019-07-23T13:52:20Z,46.88900000,12.45711667,2503.00,
10572,,,,,2019-07-23T13:52:21Z,46.88915000,12.45728333,2499.00,
10573,,,,,2019-07-23T13:52:22Z,46.88930000,12.45746667,2495.00,
10574,,,,,2019-07-23T13:52:23Z,46.88943333,12.45765000,2492.00,
10575,,,,,2019-07-23T13:52:24Z,46.88958333,12.45781667,2489.00,
10576,,,,,2019-07-23T13:52:25Z,46.88971667,12.45800000,2485.00,
10577,,,,,2019-07-23T13:52:26Z,46.88986667,12.45815000,2483.00,
10578,,,,,2019-07-23T13:52:27Z,46.89000000,12.45831667,2481.00,
10579,,,,,2019-07-23T13:52:28Z,46.89015000,12.45850000,2479.00,
10580,,,,,2019-07-23T13:52:29Z,46.89028333,12.45866667,2475.00,
10581,,,,,2019-07-23T13:52:30Z,46.89041667,12.45885000,2471.00,
10582,,,,,2019-07-23T13:52:31Z,46.89055000,12.45906667,2470.00,
10583,,,,,2019-07-23T13:52:32Z,46.89065000,12.45928333,2468.00,
10584,,,,,2019-07-23T13:52:33Z,46.89075000,12.45950000,2467.00,
10585,,,,,2019-07-23T13:52:34Z,46.89085000,12.45971667,2466.00,
10586,,,,,2019-07-23T13:52:35Z,46.89091667,12.45995000,2465.00,
10587,,,,,2019-07-23T13:52:36Z,46.89098333,12.46020000,2464.00,
10588,,,,,2019-07-23T13:52:37Z,46.89101667,12.46045000,2463.00,
10589,,,,,2019-07-23T13:52:38Z,46.89105000,12.46071667,2462.00,
10590,,,,,2019-07-23T13:52:39Z,46.89106667,12.46098333,2459.00,
10591,,,,,2019-07-23T13:52:40Z,46.89108333,12.46125000,2458.00,
10592,,,,,2019-07-23T13:52:41Z,46.89110000,12.46150000,2458.00,
10593,,,,,2019-07-23T13:52:42Z,46.89110000,12.46176667,2458.00,
10594,,,,,2019-07-23T13:52:43Z,46.89111667,12.46203333,2458.00,
10595,,,,,2019-07-23T13:52:44Z,46.89113333,12.46230000,2458.00,
10596,,,,,2019-07-23T13:52:45Z,46.89113333,12.46256667,2455.00,
10597,,,,,2019-07-23T13:52:46Z,46.89115000,12.46285000,2454.00,
10598,,,,,2019-07-23T13:52:47Z,46.89116667,12.46311667,2453.00,
10599,,,,,2019-07-23T13:52:48Z,46.89118333,12.46340000,2453.00,
10600,,,,,2019-07-23T13:52:49Z,46.89120000,12.46366667,2453.00,
10601,,,,,2019-07-23T13:52:50Z,46.89121667,12.46395000,2452.00,
10602,,,,,2019-07-23T13:52:51Z,46.89120000,12.46420000,2452.00,
10603,,,,,2019-07-23T13:52:52Z,46.89118333,12.46445000,2451.00,
10604,,,,,2019-07-23T13:52:53Z,46.89115000,12.46468333,2451.00,
10605,,,,,2019-07-23T13:52:54Z,46.89111667,12.46490000,2451.00,
10606,,,,,2019-07-23T13:52:55Z,46.89108333,12.46513333,2450.00,
10607,,,,,2019-07-23T13:52:56Z,46.89106667,12.46536667,2449.00,
10608,,,,,2019-07-23T13:52:57Z,46.89103333,12.46560000,2448.00,
10609,,,,,2019-07-23T13:52:58Z,46.89101667,12.46585000,2445.00,
10610,,,,,2019-07-23T13:52:59Z,46.89098333,12.46610000,2443.00,
10611,,,,,2019-07-23T13:53:00Z,46.89096667,12.46633333,2440.00,
10612,,,,,2019-07-23T13:53:01Z,46.89093333,12.46658333,2437.00,
10613,,,,,2019-07-23T13:53:02Z,46.89091667,12.46681667,2437.00,
10614,,,,,2019-07-23T13:53:03Z,46.89091667,12.46706667,2434.00,
10615,,,,,2019-07-23T13:53:04Z,46.89090000,12.46733333,2431.00,
10616,,,,,2019-07-23T13:53:05Z,46.89090000,12.46758333,2429.00,
10617,,,,,2019-07-23T13:53:06Z,46.89090000,12.46785000,2427.00,
10618,,,,,2019-07-23T13:53:07Z,46.89090000,12.46810000,2425.00,
10619,,,,,2019-07-23T13:53:08Z,46.89090000,12.46836667,2424.00,
10620,,,,,2019-07-23T13:53:09Z,46.89088333,12.46861667,2423.00,
10621,,,,,2019-07-23T13:53:10Z,46.89086667,12.46885000,2421.00,
10622,,,,,2019-07-23T13:53:11Z,46.89085000,12.46908333,2419.00,
10623,,,,,2019-07-23T13:53:12Z,46.89081667,12.46933333,2417.00,
10624,,,,,2019-07-23T13:53:13Z,46.89076667,12.46956667,2417.00,
10625,,,,,2019-07-23T13:53:14Z,46.89071667,12.46981667,2414.00,
10626,,,,,2019-07-23T13:53:15Z,46.89065000,12.47005000,2410.00,
10627,,,,,2019-07-23T13:53:16Z,46.89056667,12.47030000,2408.00,
10628,,,,,2019-07-23T13:53:17Z,46.89046667,12.47053333,2402.00,
10629,,,,,2019-07-23T13:53:18Z,46.89038333,12.47076667,2400.00,
10630,,,,,2019-07-23T13:53:19Z,46.89028333,12.47100000,2398.00,
10631,,,,,2019-07-23T13:53:20Z,46.89020000,12.47123333,2396.00,
10632,,,,,2019-07-23T13:53:21Z,46.89013333,12.47146667,2396.00,
10633,,,,,2019-07-23T13:53:22Z,46.89005000,12.47168333,2394.00,
10634,,,,,2019-07-23T13:53:23Z,46.88998333,12.47188333,2393.00,
10635,,,,,2019-07-23T13:53:24Z,46.88991667,12.47208333,2393.00,
10636,,,,,2019-07-23T13:53:25Z,46.88985000,12.47230000,2393.00,
10637,,,,,2019-07-23T13:53:26Z,46.88978333,12.47251667,2392.00,
10638,,,,,2019-07-23T13:53:27Z,46.88975000,12.47276667,2389.00,
10639,,,,,2019-07-23T13:53:28Z,46.88970000,12.47301667,2386.00,
10640,,,,,2019-07-23T13:53:29Z,46.88965000,12.47330000,2383.00,
10641,,,,,2019-07-23T13:53:30Z,46.88960000,12.47356667,2378.00,
10642,,,,,2019-07-23T13:53:31Z,46.88955000,12.47385000,2374.00,
10643,,,,,2019-07-23T13:53:32Z,46.88953333,12.47411667,2372.00,
10644,,,,,2019-07-23T13:53:33Z,46.88953333,12.47440000,2371.00,
10645,,,,,2019-07-23T13:53:34Z,46.88955000,12.47466667,2369.00,
10646,,,,,2019-07-23T13:53:35Z,46.88958333,12.47495000,2367.00,
10647,,,,,2019-07-23T13:53:36Z,46.88960000,12.47520000,2366.00,
10648,,,,,2019-07-23T13:53:37Z,46.88963333,12.47545000,2364.00,
10649,,,,,2019-07-23T13:53:38Z,46.88966667,12.47570000,2364.00,
10650,,,,,2019-07-23T13:53:39Z,46.88968333,12.47591667,2365.00,
10651,,,,,2019-07-23T13:53:40Z,46.88971667,12.47615000,2366.00,
10652,,,,,2019-07-23T13:53:41Z,46.88976667,12.47635000,2366.00,
10653,,,,,2019-07-23T13:53:42Z,46.88983333,12.47655000,2366.00,
10654,,,,,2019-07-23T13:53:43Z,46.88990000,12.47676667,2365.00,
10655,,,,,2019-07-23T13:53:44Z,46.88995000,12.47700000,2362.00,
10656,,,,,2019-07-23T13:53:45Z,46.89001667,12.47723333,2359.00,
10657,,,,,2019-07-23T13:53:46Z,46.89008333,12.47745000,2357.00,
10658,,,,,2019-07-23T13:53:47Z,46.89016667,12.47766667,2356.00,
10659,,,,,2019-07-23T13:53:48Z,46.89025000,12.47788333,2356.00,
10660,,,,,2019-07-23T13:53:49Z,46.89031667,12.47810000,2355.00,
10661,,,,,2019-07-23T13:53:50Z,46.89041667,12.47831667,2355.00,
10662,,,,,2019-07-23T13:53:51Z,46.89050000,12.47851667,2353.00,
10663,,,,,2019-07-23T13:53:52Z,46.89058333,12.47873333,2352.00,
10664,,,,,2019-07-23T13:53:53Z,46.89068333,12.47895000,2350.00,
10665,,,,,2019-07-23T13:53:54Z,46.89078333,12.47918333,2347.00,
10666,,,,,2019-07-23T13:53:55Z,46.89088333,12.47940000,2346.00,
10667,,,,,2019-07-23T13:53:56Z,46.89098333,12.47961667,2344.00,
10668,,,,,2019-07-23T13:53:57Z,46.89110000,12.47983333,2341.00,
10669,,,,,2019-07-23T13:53:58Z,46.89123333,12.48001667,2342.00,
10670,,,,,2019-07-23T13:53:59Z,46.89138333,12.48020000,2341.00,
10671,,,,,2019-07-23T13:54:00Z,46.89153333,12.48036667,2341.00,
10672,,,,,2019-07-23T13:54:01Z,46.89168333,12.48053333,2337.00,
10673,,,,,2019-07-23T13:54:02Z,46.89181667,12.48071667,2333.00,
10674,,,,,2019-07-23T13:54:03Z,46.89195000,12.48090000,2332.00,
10675,,,,,2019-07-23T13:54:04Z,46.89206667,12.48111667,2330.00,
10676,,,,,2019-07-23T13:54:05Z,46.89218333,12.48135000,2327.00,
10677,,,,,2019-07-23T13:54:06Z,46.89226667,12.48158333,2324.00,
10678,,,,,2019-07-23T13:54:07Z,46.89236667,12.48181667,2321.00,
10679,,,,,2019-07-23T13:54:08Z,46.89245000,12.48206667,2319.00,
10680,,,,,2019-07-23T13:54:09Z,46.89253333,12.48231667,2317.00,
10681,,,,,2019-07-23T13:54:10Z,46.89260000,12.48255000,2314.00,
10682,,,,,2019-07-23T13:54:11Z,46.89268333,12.48280000,2315.00,
10683,,,,,2019-07-23T13:54:12Z,46.89276667,12.48303333,2314.00,
10684,,,,,2019-07-23T13:54:13Z,46.89283333,12.48326667,2311.00,
10685,,,,,2019-07-23T13:54:14Z,46.89290000,12.48353333,2308.00,
10686,,,,,2019-07-23T13:54:15Z,46.89295000,12.48378333,2304.00,
10687,,,,,2019-07-23T13:54:16Z,46.89300000,12.48403333,2301.00,
10688,,,,,2019-07-23T13:54:17Z,46.89306667,12.48428333,2300.00,
10689,,,,,2019-07-23T13:54:18Z,46.89311667,12.48451667,2298.00,
10690,,,,,2019-07-23T13:54:19Z,46.89316667,12.48475000,2298.00,
10691,,,,,2019-07-23T13:54:20Z,46.89323333,12.48498333,2298.00,
10692,,,,,2019-07-23T13:54:21Z,46.89331667,12.48523333,2298.00,
10693,,,,,2019-07-23T13:54:22Z,46.89340000,12.48550000,2295.00,
10694,,,,,2019-07-23T13:54:23Z,46.89348333,12.48575000,2290.00,
10695,,,,,2019-07-23T13:54:24Z,46.89356667,12.48600000,2288.00,
10696,,,,,2019-07-23T13:54:25Z,46.89366667,12.48623333,2287.00,
10697,,,,,2019-07-23T13:54:26Z,46.89376667,12.48646667,2287.00,
10698,,,,,2019-07-23T13:54:27Z,46.89386667,12.48670000,2286.00,
10699,,,,,2019-07-23T13:54:28Z,46.89396667,12.48693333,2286.00,
10700,,,,,2019-07-23T13:54:29Z,46.89405000,12.48716667,2285.00,
10701,,,,,2019-07-23T13:54:30Z,46.89415000,12.48740000,2283.00,
10702,,,,,2019-07-23T13:54:31Z,46.89426667,12.48765000,2281.00,
10703,,,,,2019-07-23T13:54:32Z,46.89436667,12.48788333,2279.00,
10704,,,,,2019-07-23T13:54:33Z,46.89446667,12.48811667,2276.00,
10705,,,,,2019-07-23T13:54:34Z,46.89456667,12.48835000,2273.00,
10706,,,,,2019-07-23T13:54:35Z,46.89466667,12.48858333,2272.00,
10707,,,,,2019-07-23T13:54:36Z,46.89476667,12.48881667,2269.00,
10708,,,,,2019-07-23T13:54:37Z,46.89486667,12.48901667,2267.00,
10709,,,,,2019-07-23T13:54:38Z,46.89498333,12.48923333,2266.00,
10710,,,,,2019-07-23T13:54:39Z,46.89511667,12.48943333,2265.00,
10711,,,,,2019-07-23T13:54:40Z,46.89526667,12.48961667,2263.00,
10712,,,,,2019-07-23T13:54:41Z,46.89540000,12.48981667,2258.00,
10713,,,,,2019-07-23T13:54:42Z,46.89555000,12.49001667,2255.00,
10714,,,,,2019-07-23T13:54:43Z,46.89568333,12.49025000,2254.00,
10715,,,,,2019-07-23T13:54:44Z,46.89581667,12.49045000,2253.00,
10716,,,,,2019-07-23T13:54:45Z,46.89593333,12.49061667,2254.00,
10717,,,,,2019-07-23T13:54:46Z,46.89605000,12.49080000,2258.00,
10718,,,,,2019-07-23T13:54:47Z,46.89615000,12.49095000,2260.00,
10719,,,,,2019-07-23T13:54:48Z,46.89626667,12.49108333,2261.00,
10720,,,,,2019-07-23T13:54:49Z,46.89638333,12.49120000,2261.00,
10721,,,,,2019-07-23T13:54:50Z,46.89651667,12.49125000,2261.00,
10722,,,,,2019-07-23T13:54:51Z,46.89666667,12.49125000,2263.00,
10723,,,,,2019-07-23T13:54:52Z,46.89680000,12.49125000,2265.00,
10724,,,,,2019-07-23T13:54:53Z,46.89693333,12.49121667,2267.00,
10725,,,,,2019-07-23T13:54:54Z,46.89703333,12.49116667,2268.00,
10726,,,,,2019-07-23T13:54:55Z,46.89710000,12.49106667,2269.00,
10727,,,,,2019-07-23T13:54:56Z,46.89710000,12.49095000,2267.00,
10728,,,,,2019-07-23T13:54:57Z,46.89711667,12.49080000,2266.00,
10729,,,,,2019-07-23T13:54:58Z,46.89710000,12.49061667,2265.00,
10730,,,,,2019-07-23T13:54:59Z,46.89706667,12.49043333,2266.00,
10731,,,,,2019-07-23T13:55:00Z,46.89701667,12.49026667,2268.00,
10732,,,,,2019-07-23T13:55:01Z,46.89691667,12.49010000,2268.00,
10733,,,,,2019-07-23T13:55:02Z,46.89683333,12.49000000,2267.00,
10734,,,,,2019-07-23T13:55:03Z,46.89668333,12.48993333,2267.00,
10735,,,,,2019-07-23T13:55:04Z,46.89655000,12.48991667,2266.00,
10736,,,,,2019-07-23T13:55:05Z,46.89643333,12.48991667,2266.00,
10737,,,,,2019-07-23T13:55:06Z,46.89631667,12.48996667,2266.00,
10738,,,,,2019-07-23T13:55:07Z,46.89620000,12.48998333,2263.00,
10739,,,,,2019-07-23T13:55:08Z,46.89606667,12.49006667,2260.00,
10740,,,,,2019-07-23T13:55:09Z,46.89593333,12.49016667,2259.00,
10741,,,,,2019-07-23T13:55:10Z,46.89580000,12.49031667,2260.00,
10742,,,,,2019-07-23T13:55:11Z,46.89570000,12.49051667,2261.00,
10743,,,,,2019-07-23T13:55:12Z,46.89561667,12.49071667,2261.00,
10744,,,,,2019-07-23T13:55:13Z,46.89555000,12.49091667,2261.00,
10745,,,,,2019-07-23T13:55:14Z,46.89551667,12.49111667,2263.00,
10746,,,,,2019-07-23T13:55:15Z,46.89551667,12.49133333,2262.00,
10747,,,,,2019-07-23T13:55:16Z,46.89555000,12.49153333,2263.00,
10748,,,,,2019-07-23T13:55:17Z,46.89563333,12.49176667,2263.00,
10749,,,,,2019-07-23T13:55:18Z,46.89570000,12.49198333,2262.00,
10750,,,,,2019-07-23T13:55:19Z,46.89580000,12.49220000,2261.00,
10751,,,,,2019-07-23T13:55:20Z,46.89590000,12.49241667,2259.00,
10752,,,,,2019-07-23T13:55:21Z,46.89600000,12.49261667,2256.00,
10753,,,,,2019-07-23T13:55:22Z,46.89608333,12.49285000,2253.00,
10754,,,,,2019-07-23T13:55:23Z,46.89618333,12.49308333,2251.00,
10755,,,,,2019-07-23T13:55:24Z,46.89626667,12.49330000,2250.00,
10756,,,,,2019-07-23T13:55:25Z,46.89635000,12.49353333,2249.00,
10757,,,,,2019-07-23T13:55:26Z,46.89643333,12.49376667,2248.00,
10758,,,,,2019-07-23T13:55:27Z,46.89653333,12.49401667,2246.00,
10759,,,,,2019-07-23T13:55:28Z,46.89661667,12.49428333,2246.00,
10760,,,,,2019-07-23T13:55:29Z,46.89670000,12.49453333,2246.00,
10761,,,,,2019-07-23T13:55:30Z,46.89678333,12.49478333,2248.00,
10762,,,,,2019-07-23T13:55:31Z,46.89683333,12.49498333,2250.00,
10763,,,,,2019-07-23T13:55:32Z,46.89691667,12.49515000,2253.00,
10764,,,,,2019-07-23T13:55:33Z,46.89696667,12.49530000,2256.00,
10765,,,,,2019-07-23T13:55:34Z,46.89705000,12.49541667,2260.00,
10766,,,,,2019-07-23T13:55:35Z,46.89713333,12.49550000,2264.00,
10767,,,,,2019-07-23T13:55:36Z,46.89725000,12.49550000,2266.00,
10768,,,,,2019-07-23T13:55:37Z,46.89735000,12.49546667,2267.00,
10769,,,,,2019-07-23T13:55:38Z,46.89743333,12.49538333,2269.00,
10770,,,,,2019-07-23T13:55:39Z,46.89750000,12.49523333,2271.00,
10771,,,,,2019-07-23T13:55:40Z,46.89753333,12.49495000,2272.00,
10772,,,,,2019-07-23T13:55:41Z,46.89753333,12.49475000,2273.00,
10773,,,,,2019-07-23T13:55:42Z,46.89746667,12.49450000,2274.00,
10774,,,,,2019-07-23T13:55:43Z,46.89731667,12.49426667,2274.00,
10775,,,,,2019-07-23T13:55:44Z,46.89718333,12.49408333,2276.00,
10776,,,,,2019-07-23T13:55:45Z,46.89705000,12.49395000,2278.00,
10777,,,,,2019-07-23T13:55:46Z,46.89691667,12.49388333,2281.00,
10778,,,,,2019-07-23T13:55:47Z,46.89680000,12.49385000,2284.00,
10779,,,,,2019-07-23T13:55:48Z,46.89666667,12.49390000,2286.00,
10780,,,,,2019-07-23T13:55:49Z,46.89656667,12.49406667,2288.00,
10781,,,,,2019-07-23T13:55:50Z,46.89648333,12.49428333,2290.00,
10782,,,,,2019-07-23T13:55:51Z,46.89648333,12.49451667,2291.00,
10783,,,,,2019-07-23T13:55:52Z,46.89648333,12.49470000,2293.00,
10784,,,,,2019-07-23T13:55:53Z,46.89651667,12.49480000,2295.00,
10785,,,,,2019-07-23T13:55:54Z,46.89658333,12.49486667,2296.00,
10786,,,,,2019-07-23T13:55:55Z,46.89665000,12.49483333,2298.00,
10787,,,,,2019-07-23T13:55:56Z,46.89665000,12.49481667,2300.00,
10788,,,,,2019-07-23T13:55:57Z,46.89666667,12.49480000,2302.00,
10789,,,,,2019-07-23T13:55:58Z,46.89666667,12.49475000,2304.00,
10790,,,,,2019-07-23T13:55:59Z,46.89668333,12.49473333,2306.00,
10791,,,,,2019-07-23T13:56:00Z,46.89668333,12.49468333,2307.00,
10792,,,,,2019-07-23T13:56:01Z,46.89666667,12.49465000,2306.00,
10793,,,,,2019-07-23T13:56:02Z,46.89655000,12.49466667,2309.00,
10794,,,,,2019-07-23T13:56:03Z,46.89643333,12.49478333,2313.00,
10795,,,,,2019-07-23T13:56:04Z,46.89638333,12.49491667,2314.00,
10796,,,,,2019-07-23T13:56:05Z,46.89648333,12.49518333,2316.00,
10797,,,,,2019-07-23T13:56:06Z,46.89646667,12.49528333,2319.00,
10798,,,,,2019-07-23T13:56:07Z,46.89645000,12.49538333,2321.00,
10799,,,,,2019-07-23T13:56:08Z,46.89643333,12.49548333,2322.00,
10800,,,,,2019-07-23T13:56:09Z,46.89636667,12.49550000,2323.00,
10801,,,,,2019-07-23T13:56:10Z,46.89640000,12.49548333,2323.00,
10802,,,,,2019-07-23T13:56:11Z,46.89640000,12.49548333,2327.00,
10803,,,,,2019-07-23T13:56:12Z,46.89635000,12.49550000,2329.00,
10804,,,,,2019-07-23T13:56:13Z,46.89640000,12.49538333,2330.00,
10805,,,,,2019-07-23T13:56:14Z,46.89638333,12.49535000,2332.00,
10806,,,,,2019-07-23T13:56:15Z,46.89633333,12.49530000,2333.00,
10807,,,,,2019-07-23T13:56:16Z,46.89628333,12.49531667,2334.00,
10808,,,,,2019-07-23T13:56:17Z,46.89621667,12.49536667,2336.00,
10809,,,,,2019-07-23T13:56:18Z,46.89606667,12.49551667,2339.00,
10810,,,,,2019-07-23T13:56:19Z,46.89595000,12.49560000,2341.00,
10811,,,,,2019-07-23T13:56:20Z,46.89593333,12.49575000,2343.00,
10812,,,,,2019-07-23T13:56:21Z,46.89596667,12.49595000,2346.00,
10813,,,,,2019-07-23T13:56:22Z,46.89600000,12.49603333,2348.00,
10814,,,,,2019-07-23T13:56:23Z,46.89615000,12.49601667,2349.00,
10815,,,,,2019-07-23T13:56:24Z,46.89636667,12.49586667,2352.00,
10816,,,,,2019-07-23T13:56:25Z,46.89651667,12.49583333,2355.00,
10817,,,,,2019-07-23T13:56:26Z,46.89665000,12.49575000,2357.00,
10818,,,,,2019-07-23T13:56:27Z,46.89670000,12.49553333,2358.00,
10819,,,,,2019-07-23T13:56:28Z,46.89676667,12.49536667,2360.00,
10820,,,,,2019-07-23T13:56:29Z,46.89680000,12.49516667,2362.00,
10821,,,,,2019-07-23T13:56:30Z,46.89681667,12.49500000,2365.00,
10822,,,,,2019-07-23T13:56:31Z,46.89681667,12.49483333,2367.00,
10823,,,,,2019-07-23T13:56:32Z,46.89678333,12.49470000,2369.00,
10824,,,,,2019-07-23T13:56:33Z,46.89670000,12.49455000,2370.00,
10825,,,,,2019-07-23T13:56:34Z,46.89661667,12.49450000,2371.00,
10826,,,,,2019-07-23T13:56:35Z,46.89648333,12.49451667,2373.00,
10827,,,,,2019-07-23T13:56:36Z,46.89638333,12.49461667,2376.00,
10828,,,,,2019-07-23T13:56:37Z,46.89633333,12.49483333,2376.00,
10829,,,,,2019-07-23T13:56:38Z,46.89636667,12.49508333,2379.00,
10830,,,,,2019-07-23T13:56:39Z,46.89646667,12.49523333,2383.00,
10831,,,,,2019-07-23T13:56:40Z,46.89650000,12.49533333,2384.00,
10832,,,,,2019-07-23T13:56:41Z,46.89656667,12.49541667,2385.00,
10833,,,,,2019-07-23T13:56:42Z,46.89658333,12.49540000,2385.00,
10834,,,,,2019-07-23T13:56:43Z,46.89673333,12.49531667,2387.00,
10835,,,,,2019-07-23T13:56:44Z,46.89676667,12.49516667,2389.00,
10836,,,,,2019-07-23T13:56:45Z,46.89676667,12.49500000,2392.00,
10837,,,,,2019-07-23T13:56:46Z,46.89676667,12.49485000,2395.00,
10838,,,,,2019-07-23T13:56:47Z,46.89675000,12.49473333,2396.00,
10839,,,,,2019-07-23T13:56:48Z,46.89656667,12.49455000,2398.00,
10840,,,,,2019-07-23T13:56:49Z,46.89645000,12.49456667,2400.00,
10841,,,,,2019-07-23T13:56:50Z,46.89631667,12.49465000,2401.00,
10842,,,,,2019-07-23T13:56:51Z,46.89618333,12.49476667,2403.00,
10843,,,,,2019-07-23T13:56:52Z,46.89610000,12.49495000,2405.00,
10844,,,,,2019-07-23T13:56:53Z,46.89605000,12.49520000,2406.00,
10845,,,,,2019-07-23T13:56:54Z,46.89603333,12.49543333,2409.00,
10846,,,,,2019-07-23T13:56:55Z,46.89610000,12.49570000,2410.00,
10847,,,,,2019-07-23T13:56:56Z,46.89615000,12.49590000,2410.00,
10848,,,,,2019-07-23T13:56:57Z,46.89618333,12.49603333,2414.00,
10849,,,,,2019-07-23T13:56:58Z,46.89623333,12.49616667,2417.00,
10850,,,,,2019-07-23T13:56:59Z,46.89641667,12.49620000,2418.00,
10851,,,,,2019-07-23T13:57:00Z,46.89655000,12.49615000,2419.00,
10852,,,,,2019-07-23T13:57:01Z,46.89663333,12.49601667,2420.00,
10853,,,,,2019-07-23T13:57:02Z,46.89670000,12.49583333,2420.00,
10854,,,,,2019-07-23T13:57:03Z,46.89668333,12.49561667,2421.00,
10855,,,,,2019-07-23T13:57:04Z,46.89663333,12.49540000,2424.00,
10856,,,,,2019-07-23T13:57:05Z,46.89655000,12.49516667,2425.00,
10857,,,,,2019-07-23T13:57:06Z,46.89645000,12.49496667,2427.00,
10858,,,,,2019-07-23T13:57:07Z,46.89628333,12.49483333,2427.00,
10859,,,,,2019-07-23T13:57:08Z,46.89615000,12.49475000,2430.00,
10860,,,,,2019-07-23T13:57:09Z,46.89603333,12.49478333,2432.00,
10861,,,,,2019-07-23T13:57:10Z,46.89593333,12.49488333,2435.00,
10862,,,,,2019-07-23T13:57:11Z,46.89586667,12.49501667,2436.00,
10863,,,,,2019-07-23T13:57:12Z,46.89583333,12.49523333,2438.00,
10864,,,,,2019-07-23T13:57:13Z,46.89593333,12.49536667,2439.00,
10865,,,,,2019-07-23T13:57:14Z,46.89596667,12.49550000,2442.00,
10866,,,,,2019-07-23T13:57:15Z,46.89613333,12.49555000,2443.00,
10867,,,,,2019-07-23T13:57:16Z,46.89626667,12.49561667,2446.00,
10868,,,,,2019-07-23T13:57:17Z,46.89638333,12.49565000,2448.00,
10869,,,,,2019-07-23T13:57:18Z,46.89645000,12.49551667,2450.00,
10870,,,,,2019-07-23T13:57:19Z,46.89646667,12.49536667,2451.00,
10871,,,,,2019-07-23T13:57:20Z,46.89645000,12.49523333,2453.00,
10872,,,,,2019-07-23T13:57:21Z,46.89636667,12.49501667,2454.00,
10873,,,,,2019-07-23T13:57:22Z,46.89626667,12.49485000,2455.00,
10874,,,,,2019-07-23T13:57:23Z,46.89611667,12.49466667,2455.00,
10875,,,,,2019-07-23T13:57:24Z,46.89596667,12.49461667,2458.00,
10876,,,,,2019-07-23T13:57:25Z,46.89578333,12.49463333,2459.00,
10877,,,,,2019-07-23T13:57:26Z,46.89561667,12.49473333,2460.00,
10878,,,,,2019-07-23T13:57:27Z,46.89543333,12.49488333,2462.00,
10879,,,,,2019-07-23T13:57:28Z,46.89530000,12.49506667,2464.00,
10880,,,,,2019-07-23T13:57:29Z,46.89520000,12.49521667,2466.00,
10881,,,,,2019-07-23T13:57:30Z,46.89511667,12.49541667,2468.00,
10882,,,,,2019-07-23T13:57:31Z,46.89508333,12.49560000,2469.00,
10883,,,,,2019-07-23T13:57:32Z,46.89510000,12.49583333,2471.00,
10884,,,,,2019-07-23T13:57:33Z,46.89521667,12.49613333,2474.00,
10885,,,,,2019-07-23T13:57:34Z,46.89533333,12.49630000,2475.00,
10886,,,,,2019-07-23T13:57:35Z,46.89546667,12.49640000,2476.00,
10887,,,,,2019-07-23T13:57:36Z,46.89560000,12.49648333,2477.00,
10888,,,,,2019-07-23T13:57:37Z,46.89575000,12.49650000,2478.00,
10889,,,,,2019-07-23T13:57:38Z,46.89591667,12.49648333,2479.00,
10890,,,,,2019-07-23T13:57:39Z,46.89608333,12.49636667,2480.00,
10891,,,,,2019-07-23T13:57:40Z,46.89618333,12.49620000,2481.00,
10892,,,,,2019-07-23T13:57:41Z,46.89628333,12.49605000,2482.00,
10893,,,,,2019-07-23T13:57:42Z,46.89635000,12.49586667,2482.00,
10894,,,,,2019-07-23T13:57:43Z,46.89641667,12.49568333,2482.00,
10895,,,,,2019-07-23T13:57:44Z,46.89643333,12.49543333,2481.00,
10896,,,,,2019-07-23T13:57:45Z,46.89641667,12.49516667,2481.00,
10897,,,,,2019-07-23T13:57:46Z,46.89638333,12.49491667,2480.00,
10898,,,,,2019-07-23T13:57:47Z,46.89630000,12.49466667,2481.00,
10899,,,,,2019-07-23T13:57:48Z,46.89618333,12.49445000,2482.00,
10900,,,,,2019-07-23T13:57:49Z,46.89603333,12.49421667,2484.00,
10901,,,,,2019-07-23T13:57:50Z,46.89590000,12.49403333,2483.00,
10902,,,,,2019-07-23T13:57:51Z,46.89576667,12.49386667,2485.00,
10903,,,,,2019-07-23T13:57:52Z,46.89561667,12.49375000,2489.00,
10904,,,,,2019-07-23T13:57:53Z,46.89548333,12.49368333,2491.00,
10905,,,,,2019-07-23T13:57:54Z,46.89533333,12.49370000,2494.00,
10906,,,,,2019-07-23T13:57:55Z,46.89520000,12.49380000,2496.00,
10907,,,,,2019-07-23T13:57:56Z,46.89511667,12.49398333,2497.00,
10908,,,,,2019-07-23T13:57:57Z,46.89506667,12.49418333,2498.00,
10909,,,,,2019-07-23T13:57:58Z,46.89506667,12.49436667,2501.00,
10910,,,,,2019-07-23T13:57:59Z,46.89513333,12.49450000,2503.00,
10911,,,,,2019-07-23T13:58:00Z,46.89528333,12.49458333,2505.00,
10912,,,,,2019-07-23T13:58:01Z,46.89541667,12.49456667,2507.00,
10913,,,,,2019-07-23T13:58:02Z,46.89551667,12.49446667,2509.00,
10914,,,,,2019-07-23T13:58:03Z,46.89558333,12.49428333,2512.00,
10915,,,,,2019-07-23T13:58:04Z,46.89560000,12.49406667,2514.00,
10916,,,,,2019-07-23T13:58:05Z,46.89556667,12.49386667,2515.00,
10917,,,,,2019-07-23T13:58:06Z,46.89548333,12.49368333,2517.00,
10918,,,,,2019-07-23T13:58:07Z,46.89533333,12.49358333,2519.00,
10919,,,,,2019-07-23T13:58:08Z,46.89516667,12.49350000,2521.00,
10920,,,,,2019-07-23T13:58:09Z,46.89501667,12.49348333,2523.00,
10921,,,,,2019-07-23T13:58:10Z,46.89486667,12.49358333,2525.00,
10922,,,,,2019-07-23T13:58:11Z,46.89473333,12.49376667,2527.00,
10923,,,,,2019-07-23T13:58:12Z,46.89463333,12.49396667,2530.00,
10924,,,,,2019-07-23T13:58:13Z,46.89456667,12.49416667,2531.00,
10925,,,,,2019-07-23T13:58:14Z,46.89451667,12.49440000,2534.00,
10926,,,,,2019-07-23T13:58:15Z,46.89456667,12.49461667,2536.00,
10927,,,,,2019-07-23T13:58:16Z,46.89463333,12.49485000,2538.00,
10928,,,,,2019-07-23T13:58:17Z,46.89473333,12.49501667,2539.00,
10929,,,,,2019-07-23T13:58:18Z,46.89486667,12.49516667,2539.00,
10930,,,,,2019-07-23T13:58:19Z,46.89503333,12.49526667,2539.00,
10931,,,,,2019-07-23T13:58:20Z,46.89521667,12.49526667,2541.00,
10932,,,,,2019-07-23T13:58:21Z,46.89540000,12.49513333,2542.00,
10933,,,,,2019-07-23T13:58:22Z,46.89553333,12.49500000,2543.00,
10934,,,,,2019-07-23T13:58:23Z,46.89563333,12.49485000,2545.00,
10935,,,,,2019-07-23T13:58:24Z,46.89570000,12.49466667,2547.00,
10936,,,,,2019-07-23T13:58:25Z,46.89573333,12.49441667,2549.00,
10937,,,,,2019-07-23T13:58:26Z,46.89570000,12.49421667,2551.00,
10938,,,,,2019-07-23T13:58:27Z,46.89561667,12.49401667,2553.00,
10939,,,,,2019-07-23T13:58:28Z,46.89548333,12.49383333,2555.00,
10940,,,,,2019-07-23T13:58:29Z,46.89530000,12.49371667,2556.00,
10941,,,,,2019-07-23T13:58:30Z,46.89511667,12.49368333,2558.00,
10942,,,,,2019-07-23T13:58:31Z,46.89495000,12.49371667,2560.00,
10943,,,,,2019-07-23T13:58:32Z,46.89478333,12.49386667,2562.00,
10944,,,,,2019-07-23T13:58:33Z,46.89463333,12.49406667,2564.00,
10945,,,,,2019-07-23T13:58:34Z,46.89451667,12.49423333,2566.00,
10946,,,,,2019-07-23T13:58:35Z,46.89448333,12.49446667,2569.00,
10947,,,,,2019-07-23T13:58:36Z,46.89446667,12.49470000,2570.00,
10948,,,,,2019-07-23T13:58:37Z,46.89456667,12.49496667,2572.00,
10949,,,,,2019-07-23T13:58:38Z,46.89465000,12.49520000,2573.00,
10950,,,,,2019-07-23T13:58:39Z,46.89476667,12.49538333,2574.00,
10951,,,,,2019-07-23T13:58:40Z,46.89493333,12.49551667,2574.00,
10952,,,,,2019-07-23T13:58:41Z,46.89511667,12.49558333,2575.00,
10953,,,,,2019-07-23T13:58:42Z,46.89528333,12.49560000,2575.00,
10954,,,,,2019-07-23T13:58:43Z,46.89543333,12.49553333,2576.00,
10955,,,,,2019-07-23T13:58:44Z,46.89555000,12.49540000,2578.00,
10956,,,,,2019-07-23T13:58:45Z,46.89566667,12.49528333,2580.00,
10957,,,,,2019-07-23T13:58:46Z,46.89575000,12.49510000,2581.00,
10958,,,,,2019-07-23T13:58:47Z,46.89580000,12.49488333,2582.00,
10959,,,,,2019-07-23T13:58:48Z,46.89580000,12.49463333,2582.00,
10960,,,,,2019-07-23T13:58:49Z,46.89575000,12.49440000,2583.00,
10961,,,,,2019-07-23T13:58:50Z,46.89565000,12.49415000,2585.00,
10962,,,,,2019-07-23T13:58:51Z,46.89550000,12.49395000,2586.00,
10963,,,,,2019-07-23T13:58:52Z,46.89531667,12.49380000,2588.00,
10964,,,,,2019-07-23T13:58:53Z,46.89513333,12.49373333,2591.00,
10965,,,,,2019-07-23T13:58:54Z,46.89493333,12.49371667,2593.00,
10966,,,,,2019-07-23T13:58:55Z,46.89476667,12.49371667,2595.00,
10967,,,,,2019-07-23T13:58:56Z,46.89460000,12.49380000,2597.00,
10968,,,,,2019-07-23T13:58:57Z,46.89448333,12.49391667,2600.00,
10969,,,,,2019-07-23T13:58:58Z,46.89438333,12.49410000,2602.00,
10970,,,,,2019-07-23T13:58:59Z,46.89433333,12.49430000,2604.00,
10971,,,,,2019-07-23T13:59:00Z,46.89433333,12.49448333,2606.00,
10972,,,,,2019-07-23T13:59:01Z,46.89440000,12.49466667,2606.00,
10973,,,,,2019-07-23T13:59:02Z,46.89446667,12.49478333,2606.00,
10974,,,,,2019-07-23T13:59:03Z,46.89461667,12.49480000,2606.00,
10975,,,,,2019-07-23T13:59:04Z,46.89481667,12.49471667,2605.00,
10976,,,,,2019-07-23T13:59:05Z,46.89496667,12.49458333,2604.00,
10977,,,,,2019-07-23T13:59:06Z,46.89506667,12.49443333,2604.00,
10978,,,,,2019-07-23T13:59:07Z,46.89513333,12.49423333,2605.00,
10979,,,,,2019-07-23T13:59:08Z,46.89518333,12.49403333,2608.00,
10980,,,,,2019-07-23T13:59:09Z,46.89521667,12.49383333,2611.00,
10981,,,,,2019-07-23T13:59:10Z,46.89525000,12.49361667,2614.00,
10982,,,,,2019-07-23T13:59:11Z,46.89521667,12.49341667,2617.00,
10983,,,,,2019-07-23T13:59:12Z,46.89513333,12.49321667,2619.00,
10984,,,,,2019-07-23T13:59:13Z,46.89501667,12.49301667,2622.00,
10985,,,,,2019-07-23T13:59:14Z,46.89486667,12.49286667,2624.00,
10986,,,,,2019-07-23T13:59:15Z,46.89470000,12.49280000,2627.00,
10987,,,,,2019-07-23T13:59:16Z,46.89451667,12.49280000,2628.00,
10988,,,,,2019-07-23T13:59:17Z,46.89436667,12.49286667,2630.00,
10989,,,,,2019-07-23T13:59:18Z,46.89420000,12.49296667,2632.00,
10990,,,,,2019-07-23T13:59:19Z,46.89406667,12.49315000,2634.00,
10991,,,,,2019-07-23T13:59:20Z,46.89398333,12.49331667,2635.00,
10992,,,,,2019-07-23T13:59:21Z,46.89391667,12.49350000,2636.00,
10993,,,,,2019-07-23T13:59:22Z,46.89386667,12.49366667,2637.00,
10994,,,,,2019-07-23T13:59:23Z,46.89381667,12.49386667,2637.00,
10995,,,,,2019-07-23T13:59:24Z,46.89380000,12.49410000,2636.00,
10996,,,,,2019-07-23T13:59:25Z,46.89376667,12.49433333,2631.00,
10997,,,,,2019-07-23T13:59:26Z,46.89373333,12.49460000,2628.00,
10998,,,,,2019-07-23T13:59:27Z,46.89370000,12.49488333,2625.00,
10999,,,,,2019-07-23T13:59:28Z,46.89365000,12.49515000,2623.00,
11000,,,,,2019-07-23T13:59:29Z,46.89358333,12.49540000,2620.00,
11001,,,,,2019-07-23T13:59:30Z,46.89351667,12.49563333,2619.00,
11002,,,,,2019-07-23T13:59:31Z,46.89345000,12.49586667,2617.00,
11003,,,,,2019-07-23T13:59:32Z,46.89336667,12.49606667,2617.00,
11004,,,,,2019-07-23T13:59:33Z,46.89330000,12.49625000,2616.00,
11005,,,,,2019-07-23T13:59:34Z,46.89321667,12.49645000,2615.00,
11006,,,,,2019-07-23T13:59:35Z,46.89315000,12.49665000,2612.00,
11007,,,,,2019-07-23T13:59:36Z,46.89308333,12.49686667,2610.00,
11008,,,,,2019-07-23T13:59:37Z,46.89303333,12.49708333,2607.00,
11009,,,,,2019-07-23T13:59:38Z,46.89298333,12.49731667,2603.00,
11010,,,,,2019-07-23T13:59:39Z,46.89298333,12.49755000,2599.00,
11011,,,,,2019-07-23T13:59:40Z,46.89301667,12.49783333,2596.00,
11012,,,,,2019-07-23T13:59:41Z,46.89305000,12.49810000,2592.00,
11013,,,,,2019-07-23T13:59:42Z,46.89308333,12.49836667,2586.00,
11014,,,,,2019-07-23T13:59:43Z,46.89310000,12.49865000,2583.00,
11015,,,,,2019-07-23T13:59:44Z,46.89311667,12.49891667,2580.00,
11016,,,,,2019-07-23T13:59:45Z,46.89311667,12.49918333,2576.00,
11017,,,,,2019-07-23T13:59:46Z,46.89308333,12.49945000,2572.00,
11018,,,,,2019-07-23T13:59:47Z,46.89305000,12.49970000,2568.00,
11019,,,,,2019-07-23T13:59:48Z,46.89301667,12.49995000,2565.00,
11020,,,,,2019-07-23T13:59:49Z,46.89296667,12.50020000,2562.00,
11021,,,,,2019-07-23T13:59:50Z,46.89293333,12.50043333,2559.00,
11022,,,,,2019-07-23T13:59:51Z,46.89291667,12.50066667,2558.00,
11023,,,,,2019-07-23T13:59:52Z,46.89288333,12.50091667,2557.00,
11024,,,,,2019-07-23T13:59:53Z,46.89285000,12.50115000,2554.00,
11025,,,,,2019-07-23T13:59:54Z,46.89281667,12.50140000,2550.00,
11026,,,,,2019-07-23T13:59:55Z,46.89278333,12.50166667,2546.00,
11027,,,,,2019-07-23T13:59:56Z,46.89273333,12.50191667,2544.00,
11028,,,,,2019-07-23T13:59:57Z,46.89268333,12.50218333,2539.00,
11029,,,,,2019-07-23T13:59:58Z,46.89263333,12.50245000,2536.00,
11030,,,,,2019-07-23T13:59:59Z,46.89256667,12.50270000,2534.00,
11031,,,,,2019-07-23T14:00:00Z,46.89251667,12.50293333,2532.00,
11032,,,,,2019-07-23T14:00:01Z,46.89245000,12.50318333,2531.00,
11033,,,,,2019-07-23T14:00:02Z,46.89240000,12.50341667,2529.00,
11034,,,,,2019-07-23T14:00:03Z,46.89236667,12.50365000,2527.00,
11035,,,,,2019-07-23T14:00:04Z,46.89233333,12.50388333,2527.00,
11036,,,,,2019-07-23T14:00:05Z,46.89230000,12.50413333,2526.00,
11037,,,,,2019-07-23T14:00:06Z,46.89226667,12.50438333,2524.00,
11038,,,,,2019-07-23T14:00:07Z,46.89221667,12.50463333,2521.00,
11039,,,,,2019-07-23T14:00:08Z,46.89218333,12.50488333,2519.00,
11040,,,,,2019-07-23T14:00:09Z,46.89213333,12.50513333,2517.00,
11041,,,,,2019-07-23T14:00:10Z,46.89210000,12.50540000,2516.00,
11042,,,,,2019-07-23T14:00:11Z,46.89205000,12.50566667,2514.00,
11043,,,,,2019-07-23T14:00:12Z,46.89198333,12.50595000,2511.00,
11044,,,,,2019-07-23T14:00:13Z,46.89190000,12.50623333,2507.00,
11045,,,,,2019-07-23T14:00:14Z,46.89181667,12.50650000,2504.00,
11046,,,,,2019-07-23T14:00:15Z,46.89175000,12.50676667,2502.00,
11047,,,,,2019-07-23T14:00:16Z,46.89168333,12.50705000,2500.00,
11048,,,,,2019-07-23T14:00:17Z,46.89163333,12.50731667,2499.00,
11049,,,,,2019-07-23T14:00:18Z,46.89160000,12.50758333,2498.00,
11050,,,,,2019-07-23T14:00:19Z,46.89156667,12.50786667,2497.00,
11051,,,,,2019-07-23T14:00:20Z,46.89153333,12.50815000,2497.00,
11052,,,,,2019-07-23T14:00:21Z,46.89150000,12.50843333,2496.00,
11053,,,,,2019-07-23T14:00:22Z,46.89146667,12.50870000,2495.00,
11054,,,,,2019-07-23T14:00:23Z,46.89141667,12.50898333,2494.00,
11055,,,,,2019-07-23T14:00:24Z,46.89136667,12.50925000,2492.00,
11056,,,,,2019-07-23T14:00:25Z,46.89133333,12.50953333,2492.00,
11057,,,,,2019-07-23T14:00:26Z,46.89130000,12.50981667,2492.00,
11058,,,,,2019-07-23T14:00:27Z,46.89128333,12.51010000,2492.00,
11059,,,,,2019-07-23T14:00:28Z,46.89125000,12.51038333,2491.00,
11060,,,,,2019-07-23T14:00:29Z,46.89121667,12.51065000,2490.00,
11061,,,,,2019-07-23T14:00:30Z,46.89116667,12.51090000,2490.00,
11062,,,,,2019-07-23T14:00:31Z,46.89110000,12.51113333,2490.00,
11063,,,,,2019-07-23T14:00:32Z,46.89105000,12.51136667,2490.00,
11064,,,,,2019-07-23T14:00:33Z,46.89098333,12.51158333,2492.00,
11065,,,,,2019-07-23T14:00:34Z,46.89091667,12.51181667,2491.00,
11066,,,,,2019-07-23T14:00:35Z,46.89088333,12.51205000,2491.00,
11067,,,,,2019-07-23T14:00:36Z,46.89083333,12.51230000,2492.00,
11068,,,,,2019-07-23T14:00:37Z,46.89078333,12.51256667,2491.00,
11069,,,,,2019-07-23T14:00:38Z,46.89073333,12.51283333,2490.00,
11070,,,,,2019-07-23T14:00:39Z,46.89065000,12.51310000,2489.00,
11071,,,,,2019-07-23T14:00:40Z,46.89058333,12.51335000,2489.00,
11072,,,,,2019-07-23T14:00:41Z,46.89053333,12.51360000,2490.00,
11073,,,,,2019-07-23T14:00:42Z,46.89046667,12.51381667,2491.00,
11074,,,,,2019-07-23T14:00:43Z,46.89043333,12.51405000,2493.00,
11075,,,,,2019-07-23T14:00:44Z,46.89040000,12.51428333,2495.00,
11076,,,,,2019-07-23T14:00:45Z,46.89040000,12.51451667,2497.00,
11077,,,,,2019-07-23T14:00:46Z,46.89038333,12.51478333,2497.00,
11078,,,,,2019-07-23T14:00:47Z,46.89038333,12.51505000,2497.00,
11079,,,,,2019-07-23T14:00:48Z,46.89036667,12.51533333,2496.00,
11080,,,,,2019-07-23T14:00:49Z,46.89033333,12.51560000,2495.00,
11081,,,,,2019-07-23T14:00:50Z,46.89028333,12.51588333,2494.00,
11082,,,,,2019-07-23T14:00:51Z,46.89023333,12.51615000,2492.00,
11083,,,,,2019-07-23T14:00:52Z,46.89016667,12.51641667,2491.00,
11084,,,,,2019-07-23T14:00:53Z,46.89008333,12.51666667,2492.00,
11085,,,,,2019-07-23T14:00:54Z,46.89001667,12.51691667,2492.00,
11086,,,,,2019-07-23T14:00:55Z,46.88993333,12.51716667,2492.00,
11087,,,,,2019-07-23T14:00:56Z,46.88985000,12.51741667,2493.00,
11088,,,,,2019-07-23T14:00:57Z,46.88976667,12.51765000,2495.00,
11089,,,,,2019-07-23T14:00:58Z,46.88968333,12.51788333,2496.00,
11090,,,,,2019-07-23T14:00:59Z,46.88960000,12.51810000,2496.00,
11091,,,,,2019-07-23T14:01:00Z,46.88951667,12.51831667,2497.00,
11092,,,,,2019-07-23T14:01:01Z,46.88943333,12.51853333,2499.00,
11093,,,,,2019-07-23T14:01:02Z,46.88936667,12.51875000,2501.00,
11094,,,,,2019-07-23T14:01:03Z,46.88931667,12.51896667,2502.00,
11095,,,,,2019-07-23T14:01:04Z,46.88926667,12.51916667,2503.00,
11096,,,,,2019-07-23T14:01:05Z,46.88923333,12.51938333,2503.00,
11097,,,,,2019-07-23T14:01:06Z,46.88921667,12.51961667,2503.00,
11098,,,,,2019-07-23T14:01:07Z,46.88920000,12.51985000,2505.00,
11099,,,,,2019-07-23T14:01:08Z,46.88918333,12.52011667,2505.00,
11100,,,,,2019-07-23T14:01:09Z,46.88916667,12.52040000,2505.00,
11101,,,,,2019-07-23T14:01:10Z,46.88915000,12.52065000,2506.00,
11102,,,,,2019-07-23T14:01:11Z,46.88910000,12.52090000,2509.00,
11103,,,,,2019-07-23T14:01:12Z,46.88906667,12.52113333,2511.00,
11104,,,,,2019-07-23T14:01:13Z,46.88901667,12.52136667,2512.00,
11105,,,,,2019-07-23T14:01:14Z,46.88900000,12.52160000,2514.00,
11106,,,,,2019-07-23T14:01:15Z,46.88896667,12.52186667,2514.00,
11107,,,,,2019-07-23T14:01:16Z,46.88893333,12.52213333,2518.00,
11108,,,,,2019-07-23T14:01:17Z,46.88890000,12.52241667,2517.00,
11109,,,,,2019-07-23T14:01:18Z,46.88885000,12.52268333,2516.00,
11110,,,,,2019-07-23T14:01:19Z,46.88880000,12.52293333,2515.00,
11111,,,,,2019-07-23T14:01:20Z,46.88873333,12.52316667,2514.00,
11112,,,,,2019-07-23T14:01:21Z,46.88868333,12.52338333,2515.00,
11113,,,,,2019-07-23T14:01:22Z,46.88865000,12.52360000,2517.00,
11114,,,,,2019-07-23T14:01:23Z,46.88861667,12.52381667,2519.00,
11115,,,,,2019-07-23T14:01:24Z,46.88856667,12.52403333,2517.00,
11116,,,,,2019-07-23T14:01:25Z,46.88853333,12.52423333,2516.00,
11117,,,,,2019-07-23T14:01:26Z,46.88848333,12.52445000,2515.00,
11118,,,,,2019-07-23T14:01:27Z,46.88843333,12.52466667,2515.00,
11119,,,,,2019-07-23T14:01:28Z,46.88836667,12.52488333,2513.00,
11120,,,,,2019-07-23T14:01:29Z,46.88830000,12.52508333,2511.00,
11121,,,,,2019-07-23T14:01:30Z,46.88823333,12.52530000,2508.00,
11122,,,,,2019-07-23T14:01:31Z,46.88815000,12.52550000,2503.00,
11123,,,,,2019-07-23T14:01:32Z,46.88806667,12.52571667,2501.00,
11124,,,,,2019-07-23T14:01:33Z,46.88798333,12.52593333,2498.00,
11125,,,,,2019-07-23T14:01:34Z,46.88791667,12.52615000,2495.00,
11126,,,,,2019-07-23T14:01:35Z,46.88785000,12.52638333,2492.00,
11127,,,,,2019-07-23T14:01:36Z,46.88778333,12.52660000,2491.00,
11128,,,,,2019-07-23T14:01:37Z,46.88770000,12.52681667,2488.00,
11129,,,,,2019-07-23T14:01:38Z,46.88763333,12.52705000,2487.00,
11130,,,,,2019-07-23T14:01:39Z,46.88756667,12.52726667,2485.00,
11131,,,,,2019-07-23T14:01:40Z,46.88748333,12.52750000,2483.00,
11132,,,,,2019-07-23T14:01:41Z,46.88740000,12.52773333,2481.00,
11133,,,,,2019-07-23T14:01:42Z,46.88731667,12.52796667,2479.00,
11134,,,,,2019-07-23T14:01:43Z,46.88725000,12.52820000,2476.00,
11135,,,,,2019-07-23T14:01:44Z,46.88718333,12.52845000,2473.00,
11136,,,,,2019-07-23T14:01:45Z,46.88713333,12.52868333,2472.00,
11137,,,,,2019-07-23T14:01:46Z,46.88708333,12.52893333,2469.00,
11138,,,,,2019-07-23T14:01:47Z,46.88701667,12.52918333,2467.00,
11139,,,,,2019-07-23T14:01:48Z,46.88696667,12.52943333,2464.00,
11140,,,,,2019-07-23T14:01:49Z,46.88691667,12.52968333,2466.00,
11141,,,,,2019-07-23T14:01:50Z,46.88685000,12.52993333,2466.00,
11142,,,,,2019-07-23T14:01:51Z,46.88680000,12.53018333,2464.00,
11143,,,,,2019-07-23T14:01:52Z,46.88673333,12.53043333,2462.00,
11144,,,,,2019-07-23T14:01:53Z,46.88666667,12.53068333,2461.00,
11145,,,,,2019-07-23T14:01:54Z,46.88660000,12.53093333,2458.00,
11146,,,,,2019-07-23T14:01:55Z,46.88651667,12.53120000,2456.00,
11147,,,,,2019-07-23T14:01:56Z,46.88645000,12.53145000,2454.00,
11148,,,,,2019-07-23T14:01:57Z,46.88638333,12.53171667,2451.00,
11149,,,,,2019-07-23T14:01:58Z,46.88630000,12.53196667,2449.00,
11150,,,,,2019-07-23T14:01:59Z,46.88623333,12.53221667,2448.00,
11151,,,,,2019-07-23T14:02:00Z,46.88616667,12.53246667,2447.00,
11152,,,,,2019-07-23T14:02:01Z,46.88610000,12.53271667,2445.00,
11153,,,,,2019-07-23T14:02:02Z,46.88601667,12.53298333,2444.00,
11154,,,,,2019-07-23T14:02:03Z,46.88593333,12.53321667,2443.00,
11155,,,,,2019-07-23T14:02:04Z,46.88583333,12.53346667,2442.00,
11156,,,,,2019-07-23T14:02:05Z,46.88573333,12.53370000,2440.00,
11157,,,,,2019-07-23T14:02:06Z,46.88563333,12.53393333,2438.00,
11158,,,,,2019-07-23T14:02:07Z,46.88553333,12.53416667,2437.00,
11159,,,,,2019-07-23T14:02:08Z,46.88545000,12.53441667,2436.00,
11160,,,,,2019-07-23T14:02:09Z,46.88535000,12.53465000,2435.00,
11161,,,,,2019-07-23T14:02:10Z,46.88526667,12.53490000,2436.00,
11162,,,,,2019-07-23T14:02:11Z,46.88518333,12.53513333,2436.00,
11163,,,,,2019-07-23T14:02:12Z,46.88510000,12.53540000,2434.00,
11164,,,,,2019-07-23T14:02:13Z,46.88501667,12.53565000,2430.00,
11165,,,,,2019-07-23T14:02:14Z,46.88491667,12.53591667,2427.00,
11166,,,,,2019-07-23T14:02:15Z,46.88481667,12.53616667,2425.00,
11167,,,,,2019-07-23T14:02:16Z,46.88471667,12.53641667,2424.00,
11168,,,,,2019-07-23T14:02:17Z,46.88463333,12.53665000,2421.00,
11169,,,,,2019-07-23T14:02:18Z,46.88453333,12.53690000,2418.00,
11170,,,,,2019-07-23T14:02:19Z,46.88443333,12.53715000,2416.00,
11171,,,,,2019-07-23T14:02:20Z,46.88435000,12.53740000,2414.00,
11172,,,,,2019-07-23T14:02:21Z,46.88426667,12.53765000,2412.00,
11173,,,,,2019-07-23T14:02:22Z,46.88418333,12.53788333,2410.00,
11174,,,,,2019-07-23T14:02:23Z,46.88410000,12.53811667,2408.00,
11175,,,,,2019-07-23T14:02:24Z,46.88401667,12.53835000,2407.00,
11176,,,,,2019-07-23T14:02:25Z,46.88395000,12.53860000,2406.00,
11177,,,,,2019-07-23T14:02:26Z,46.88388333,12.53883333,2405.00,
11178,,,,,2019-07-23T14:02:27Z,46.88380000,12.53908333,2403.00,
11179,,,,,2019-07-23T14:02:28Z,46.88371667,12.53933333,2401.00,
11180,,,,,2019-07-23T14:02:29Z,46.88365000,12.53958333,2398.00,
11181,,,,,2019-07-23T14:02:30Z,46.88356667,12.53981667,2395.00,
11182,,,,,2019-07-23T14:02:31Z,46.88348333,12.54005000,2392.00,
11183,,,,,2019-07-23T14:02:32Z,46.88341667,12.54028333,2389.00,
11184,,,,,2019-07-23T14:02:33Z,46.88333333,12.54051667,2388.00,
11185,,,,,2019-07-23T14:02:34Z,46.88326667,12.54076667,2386.00,
11186,,,,,2019-07-23T14:02:35Z,46.88320000,12.54101667,2384.00,
11187,,,,,2019-07-23T14:02:36Z,46.88313333,12.54126667,2382.00,
11188,,,,,2019-07-23T14:02:37Z,46.88306667,12.54151667,2378.00,
11189,,,,,2019-07-23T14:02:38Z,46.88300000,12.54176667,2375.00,
11190,,,,,2019-07-23T14:02:39Z,46.88293333,12.54200000,2373.00,
11191,,,,,2019-07-23T14:02:40Z,46.88288333,12.54223333,2370.00,
11192,,,,,2019-07-23T14:02:41Z,46.88281667,12.54248333,2368.00,
11193,,,,,2019-07-23T14:02:42Z,46.88275000,12.54273333,2366.00,
11194,,,,,2019-07-23T14:02:43Z,46.88270000,12.54300000,2363.00,
11195,,,,,2019-07-23T14:02:44Z,46.88265000,12.54325000,2359.00,
11196,,,,,2019-07-23T14:02:45Z,46.88258333,12.54350000,2357.00,
11197,,,,,2019-07-23T14:02:46Z,46.88251667,12.54373333,2355.00,
11198,,,,,2019-07-23T14:02:47Z,46.88245000,12.54398333,2353.00,
11199,,,,,2019-07-23T14:02:48Z,46.88238333,12.54421667,2351.00,
11200,,,,,2019-07-23T14:02:49Z,46.88231667,12.54446667,2349.00,
11201,,,,,2019-07-23T14:02:50Z,46.88225000,12.54471667,2346.00,
11202,,,,,2019-07-23T14:02:51Z,46.88218333,12.54496667,2343.00,
11203,,,,,2019-07-23T14:02:52Z,46.88213333,12.54521667,2339.00,
11204,,,,,2019-07-23T14:02:53Z,46.88208333,12.54546667,2336.00,
11205,,,,,2019-07-23T14:02:54Z,46.88206667,12.54575000,2332.00,
11206,,,,,2019-07-23T14:02:55Z,46.88205000,12.54601667,2328.00,
11207,,,,,2019-07-23T14:02:56Z,46.88206667,12.54630000,2323.00,
11208,,,,,2019-07-23T14:02:57Z,46.88210000,12.54658333,2320.00,
11209,,,,,2019-07-23T14:02:58Z,46.88215000,12.54685000,2316.00,
11210,,,,,2019-07-23T14:02:59Z,46.88221667,12.54711667,2311.00,
11211,,,,,2019-07-23T14:03:00Z,46.88230000,12.54736667,2308.00,
11212,,,,,2019-07-23T14:03:01Z,46.88240000,12.54761667,2306.00,
11213,,,,,2019-07-23T14:03:02Z,46.88250000,12.54783333,2303.00,
11214,,,,,2019-07-23T14:03:03Z,46.88260000,12.54805000,2301.00,
11215,,,,,2019-07-23T14:03:04Z,46.88270000,12.54825000,2299.00,
11216,,,,,2019-07-23T14:03:05Z,46.88281667,12.54846667,2295.00,
11217,,,,,2019-07-23T14:03:06Z,46.88295000,12.54868333,2289.00,
11218,,,,,2019-07-23T14:03:07Z,46.88311667,12.54890000,2284.00,
11219,,,,,2019-07-23T14:03:08Z,46.88330000,12.54906667,2280.00,
11220,,,,,2019-07-23T14:03:09Z,46.88346667,12.54916667,2278.00,
11221,,,,,2019-07-23T14:03:10Z,46.88363333,12.54923333,2278.00,
11222,,,,,2019-07-23T14:03:11Z,46.88376667,12.54930000,2280.00,
11223,,,,,2019-07-23T14:03:12Z,46.88388333,12.54938333,2282.00,
11224,,,,,2019-07-23T14:03:13Z,46.88398333,12.54946667,2282.00,
11225,,,,,2019-07-23T14:03:14Z,46.88410000,12.54958333,2284.00,
11226,,,,,2019-07-23T14:03:15Z,46.88420000,12.54968333,2286.00,
11227,,,,,2019-07-23T14:03:16Z,46.88431667,12.54978333,2284.00,
11228,,,,,2019-07-23T14:03:17Z,46.88445000,12.54991667,2284.00,
11229,,,,,2019-07-23T14:03:18Z,46.88456667,12.55005000,2282.00,
11230,,,,,2019-07-23T14:03:19Z,46.88466667,12.55021667,2283.00,
11231,,,,,2019-07-23T14:03:20Z,46.88476667,12.55038333,2281.00,
11232,,,,,2019-07-23T14:03:21Z,46.88486667,12.55056667,2281.00,
11233,,,,,2019-07-23T14:03:22Z,46.88495000,12.55073333,2281.00,
11234,,,,,2019-07-23T14:03:23Z,46.88505000,12.55091667,2283.00,
11235,,,,,2019-07-23T14:03:24Z,46.88513333,12.55111667,2283.00,
11236,,,,,2019-07-23T14:03:25Z,46.88521667,12.55133333,2282.00,
11237,,,,,2019-07-23T14:03:26Z,46.88528333,12.55156667,2280.00,
11238,,,,,2019-07-23T14:03:27Z,46.88535000,12.55180000,2277.00,
11239,,,,,2019-07-23T14:03:28Z,46.88540000,12.55205000,2273.00,
11240,,,,,2019-07-23T14:03:29Z,46.88548333,12.55228333,2272.00,
11241,,,,,2019-07-23T14:03:30Z,46.88558333,12.55250000,2270.00,
11242,,,,,2019-07-23T14:03:31Z,46.88568333,12.55270000,2270.00,
11243,,,,,2019-07-23T14:03:32Z,46.88581667,12.55288333,2269.00,
11244,,,,,2019-07-23T14:03:33Z,46.88593333,12.55305000,2267.00,
11245,,,,,2019-07-23T14:03:34Z,46.88605000,12.55321667,2264.00,
11246,,,,,2019-07-23T14:03:35Z,46.88616667,12.55338333,2263.00,
11247,,,,,2019-07-23T14:03:36Z,46.88628333,12.55353333,2262.00,
11248,,,,,2019-07-23T14:03:37Z,46.88641667,12.55368333,2261.00,
11249,,,,,2019-07-23T14:03:38Z,46.88653333,12.55383333,2259.00,
11250,,,,,2019-07-23T14:03:39Z,46.88665000,12.55400000,2258.00,
11251,,,,,2019-07-23T14:03:40Z,46.88676667,12.55415000,2255.00,
11252,,,,,2019-07-23T14:03:41Z,46.88688333,12.55433333,2251.00,
11253,,,,,2019-07-23T14:03:42Z,46.88700000,12.55453333,2248.00,
11254,,,,,2019-07-23T14:03:43Z,46.88711667,12.55473333,2243.00,
11255,,,,,2019-07-23T14:03:44Z,46.88725000,12.55491667,2239.00,
11256,,,,,2019-07-23T14:03:45Z,46.88738333,12.55508333,2235.00,
11257,,,,,2019-07-23T14:03:46Z,46.88755000,12.55525000,2231.00,
11258,,,,,2019-07-23T14:03:47Z,46.88770000,12.55538333,2231.00,
11259,,,,,2019-07-23T14:03:48Z,46.88785000,12.55551667,2229.00,
11260,,,,,2019-07-23T14:03:49Z,46.88800000,12.55566667,2228.00,
11261,,,,,2019-07-23T14:03:50Z,46.88816667,12.55581667,2225.00,
11262,,,,,2019-07-23T14:03:51Z,46.88831667,12.55596667,2223.00,
11263,,,,,2019-07-23T14:03:52Z,46.88846667,12.55610000,2223.00,
11264,,,,,2019-07-23T14:03:53Z,46.88860000,12.55623333,2223.00,
11265,,,,,2019-07-23T14:03:54Z,46.88873333,12.55638333,2223.00,
11266,,,,,2019-07-23T14:03:55Z,46.88886667,12.55653333,2224.00,
11267,,,,,2019-07-23T14:03:56Z,46.88898333,12.55668333,2224.00,
11268,,,,,2019-07-23T14:03:57Z,46.88908333,12.55686667,2223.00,
11269,,,,,2019-07-23T14:03:58Z,46.88918333,12.55705000,2222.00,
11270,,,,,2019-07-23T14:03:59Z,46.88928333,12.55726667,2221.00,
11271,,,,,2019-07-23T14:04:00Z,46.88936667,12.55748333,2219.00,
11272,,,,,2019-07-23T14:04:01Z,46.88948333,12.55771667,2219.00,
11273,,,,,2019-07-23T14:04:02Z,46.88958333,12.55793333,2217.00,
11274,,,,,2019-07-23T14:04:03Z,46.88968333,12.55813333,2218.00,
11275,,,,,2019-07-23T14:04:04Z,46.88980000,12.55831667,2220.00,
11276,,,,,2019-07-23T14:04:05Z,46.88991667,12.55846667,2223.00,
11277,,,,,2019-07-23T14:04:06Z,46.89003333,12.55860000,2225.00,
11278,,,,,2019-07-23T14:04:07Z,46.89015000,12.55871667,2226.00,
11279,,,,,2019-07-23T14:04:08Z,46.89028333,12.55878333,2229.00,
11280,,,,,2019-07-23T14:04:09Z,46.89041667,12.55878333,2232.00,
11281,,,,,2019-07-23T14:04:10Z,46.89053333,12.55866667,2233.00,
11282,,,,,2019-07-23T14:04:11Z,46.89061667,12.55851667,2234.00,
11283,,,,,2019-07-23T14:04:12Z,46.89068333,12.55835000,2234.00,
11284,,,,,2019-07-23T14:04:13Z,46.89068333,12.55813333,2236.00,
11285,,,,,2019-07-23T14:04:14Z,46.89063333,12.55793333,2237.00,
11286,,,,,2019-07-23T14:04:15Z,46.89055000,12.55778333,2239.00,
11287,,,,,2019-07-23T14:04:16Z,46.89045000,12.55766667,2241.00,
11288,,,,,2019-07-23T14:04:17Z,46.89031667,12.55763333,2243.00,
11289,,,,,2019-07-23T14:04:18Z,46.89018333,12.55770000,2244.00,
11290,,,,,2019-07-23T14:04:19Z,46.89001667,12.55788333,2243.00,
11291,,,,,2019-07-23T14:04:20Z,46.88995000,12.55811667,2243.00,
11292,,,,,2019-07-23T14:04:21Z,46.88996667,12.55841667,2243.00,
11293,,,,,2019-07-23T14:04:22Z,46.89003333,12.55868333,2242.00,
11294,,,,,2019-07-23T14:04:23Z,46.89010000,12.55891667,2240.00,
11295,,,,,2019-07-23T14:04:24Z,46.89020000,12.55913333,2241.00,
11296,,,,,2019-07-23T14:04:25Z,46.89031667,12.55930000,2242.00,
11297,,,,,2019-07-23T14:04:26Z,46.89045000,12.55945000,2244.00,
11298,,,,,2019-07-23T14:04:27Z,46.89056667,12.55958333,2246.00,
11299,,,,,2019-07-23T14:04:28Z,46.89070000,12.55966667,2247.00,
11300,,,,,2019-07-23T14:04:29Z,46.89083333,12.55971667,2248.00,
11301,,,,,2019-07-23T14:04:30Z,46.89095000,12.55975000,2249.00,
11302,,,,,2019-07-23T14:04:31Z,46.89108333,12.55970000,2250.00,
11303,,,,,2019-07-23T14:04:32Z,46.89118333,12.55961667,2252.00,
11304,,,,,2019-07-23T14:04:33Z,46.89125000,12.55946667,2254.00,
11305,,,,,2019-07-23T14:04:34Z,46.89125000,12.55928333,2257.00,
11306,,,,,2019-07-23T14:04:35Z,46.89121667,12.55910000,2259.00,
11307,,,,,2019-07-23T14:04:36Z,46.89111667,12.55891667,2259.00,
11308,,,,,2019-07-23T14:04:37Z,46.89096667,12.55886667,2261.00,
11309,,,,,2019-07-23T14:04:38Z,46.89081667,12.55890000,2261.00,
11310,,,,,2019-07-23T14:04:39Z,46.89066667,12.55901667,2262.00,
11311,,,,,2019-07-23T14:04:40Z,46.89055000,12.55921667,2263.00,
11312,,,,,2019-07-23T14:04:41Z,46.89050000,12.55943333,2264.00,
11313,,,,,2019-07-23T14:04:42Z,46.89053333,12.55966667,2265.00,
11314,,,,,2019-07-23T14:04:43Z,46.89058333,12.55986667,2267.00,
11315,,,,,2019-07-23T14:04:44Z,46.89070000,12.55998333,2268.00,
11316,,,,,2019-07-23T14:04:45Z,46.89085000,12.56008333,2268.00,
11317,,,,,2019-07-23T14:04:46Z,46.89098333,12.56010000,2268.00,
11318,,,,,2019-07-23T14:04:47Z,46.89108333,12.56005000,2268.00,
11319,,,,,2019-07-23T14:04:48Z,46.89115000,12.55995000,2269.00,
11320,,,,,2019-07-23T14:04:49Z,46.89120000,12.55980000,2270.00,
11321,,,,,2019-07-23T14:04:50Z,46.89120000,12.55966667,2271.00,
11322,,,,,2019-07-23T14:04:51Z,46.89118333,12.55955000,2273.00,
11323,,,,,2019-07-23T14:04:52Z,46.89113333,12.55940000,2275.00,
11324,,,,,2019-07-23T14:04:53Z,46.89103333,12.55933333,2277.00,
11325,,,,,2019-07-23T14:04:54Z,46.89088333,12.55933333,2278.00,
11326,,,,,2019-07-23T14:04:55Z,46.89075000,12.55941667,2278.00,
11327,,,,,2019-07-23T14:04:56Z,46.89060000,12.55965000,2279.00,
11328,,,,,2019-07-23T14:04:57Z,46.89053333,12.55985000,2280.00,
11329,,,,,2019-07-23T14:04:58Z,46.89056667,12.56013333,2282.00,
11330,,,,,2019-07-23T14:04:59Z,46.89061667,12.56031667,2282.00,
11331,,,,,2019-07-23T14:05:00Z,46.89070000,12.56046667,2282.00,
11332,,,,,2019-07-23T14:05:01Z,46.89083333,12.56058333,2280.00,
11333,,,,,2019-07-23T14:05:02Z,46.89103333,12.56065000,2281.00,
11334,,,,,2019-07-23T14:05:03Z,46.89118333,12.56065000,2281.00,
11335,,,,,2019-07-23T14:05:04Z,46.89135000,12.56063333,2280.00,
11336,,,,,2019-07-23T14:05:05Z,46.89150000,12.56065000,2279.00,
11337,,,,,2019-07-23T14:05:06Z,46.89163333,12.56070000,2278.00,
11338,,,,,2019-07-23T14:05:07Z,46.89175000,12.56076667,2278.00,
11339,,,,,2019-07-23T14:05:08Z,46.89186667,12.56085000,2279.00,
11340,,,,,2019-07-23T14:05:09Z,46.89198333,12.56093333,2281.00,
11341,,,,,2019-07-23T14:05:10Z,46.89210000,12.56103333,2284.00,
11342,,,,,2019-07-23T14:05:11Z,46.89223333,12.56115000,2284.00,
11343,,,,,2019-07-23T14:05:12Z,46.89233333,12.56131667,2281.00,
11344,,,,,2019-07-23T14:05:13Z,46.89241667,12.56148333,2280.00,
11345,,,,,2019-07-23T14:05:14Z,46.89250000,12.56166667,2281.00,
11346,,,,,2019-07-23T14:05:15Z,46.89256667,12.56186667,2280.00,
11347,,,,,2019-07-23T14:05:16Z,46.89261667,12.56205000,2281.00,
11348,,,,,2019-07-23T14:05:17Z,46.89266667,12.56225000,2280.00,
11349,,,,,2019-07-23T14:05:18Z,46.89270000,12.56245000,2278.00,
11350,,,,,2019-07-23T14:05:19Z,46.89275000,12.56265000,2279.00,
11351,,,,,2019-07-23T14:05:20Z,46.89281667,12.56285000,2279.00,
11352,,,,,2019-07-23T14:05:21Z,46.89291667,12.56305000,2278.00,
11353,,,,,2019-07-23T14:05:22Z,46.89301667,12.56325000,2276.00,
11354,,,,,2019-07-23T14:05:23Z,46.89315000,12.56343333,2271.00,
11355,,,,,2019-07-23T14:05:24Z,46.89330000,12.56358333,2269.00,
11356,,,,,2019-07-23T14:05:25Z,46.89345000,12.56371667,2267.00,
11357,,,,,2019-07-23T14:05:26Z,46.89360000,12.56378333,2266.00,
11358,,,,,2019-07-23T14:05:27Z,46.89375000,12.56383333,2265.00,
11359,,,,,2019-07-23T14:05:28Z,46.89388333,12.56383333,2265.00,
11360,,,,,2019-07-23T14:05:29Z,46.89400000,12.56378333,2266.00,
11361,,,,,2019-07-23T14:05:30Z,46.89413333,12.56370000,2269.00,
11362,,,,,2019-07-23T14:05:31Z,46.89423333,12.56360000,2269.00,
11363,,,,,2019-07-23T14:05:32Z,46.89428333,12.56346667,2271.00,
11364,,,,,2019-07-23T14:05:33Z,46.89428333,12.56328333,2273.00,
11365,,,,,2019-07-23T14:05:34Z,46.89425000,12.56311667,2276.00,
11366,,,,,2019-07-23T14:05:35Z,46.89418333,12.56298333,2279.00,
11367,,,,,2019-07-23T14:05:36Z,46.89408333,12.56285000,2280.00,
11368,,,,,2019-07-23T14:05:37Z,46.89396667,12.56278333,2281.00,
11369,,,,,2019-07-23T14:05:38Z,46.89385000,12.56281667,2283.00,
11370,,,,,2019-07-23T14:05:39Z,46.89375000,12.56291667,2285.00,
11371,,,,,2019-07-23T14:05:40Z,46.89363333,12.56303333,2286.00,
11372,,,,,2019-07-23T14:05:41Z,46.89356667,12.56313333,2286.00,
11373,,,,,2019-07-23T14:05:42Z,46.89353333,12.56318333,2285.00,
11374,,,,,2019-07-23T14:05:43Z,46.89351667,12.56331667,2284.00,
11375,,,,,2019-07-23T14:05:44Z,46.89353333,12.56348333,2284.00,
11376,,,,,2019-07-23T14:05:45Z,46.89363333,12.56351667,2284.00,
11377,,,,,2019-07-23T14:05:46Z,46.89378333,12.56356667,2284.00,
11378,,,,,2019-07-23T14:05:47Z,46.89398333,12.56353333,2287.00,
11379,,,,,2019-07-23T14:05:48Z,46.89411667,12.56345000,2289.00,
11380,,,,,2019-07-23T14:05:49Z,46.89420000,12.56338333,2291.00,
11381,,,,,2019-07-23T14:05:50Z,46.89426667,12.56330000,2293.00,
11382,,,,,2019-07-23T14:05:51Z,46.89431667,12.56316667,2296.00,
11383,,,,,2019-07-23T14:05:52Z,46.89428333,12.56303333,2299.00,
11384,,,,,2019-07-23T14:05:53Z,46.89421667,12.56298333,2302.00,
11385,,,,,2019-07-23T14:05:54Z,46.89411667,12.56296667,2303.00,
11386,,,,,2019-07-23T14:05:55Z,46.89401667,12.56296667,2304.00,
11387,,,,,2019-07-23T14:05:56Z,46.89390000,12.56311667,2305.00,
11388,,,,,2019-07-23T14:05:57Z,46.89378333,12.56328333,2307.00,
11389,,,,,2019-07-23T14:05:58Z,46.89371667,12.56341667,2307.00,
11390,,,,,2019-07-23T14:05:59Z,46.89371667,12.56366667,2306.00,
11391,,,,,2019-07-23T14:06:00Z,46.89371667,12.56383333,2307.00,
11392,,,,,2019-07-23T14:06:01Z,46.89370000,12.56393333,2307.00,
11393,,,,,2019-07-23T14:06:02Z,46.89370000,12.56401667,2307.00,
11394,,,,,2019-07-23T14:06:03Z,46.89373333,12.56406667,2309.00,
11395,,,,,2019-07-23T14:06:04Z,46.89370000,12.56415000,2312.00,
11396,,,,,2019-07-23T14:06:05Z,46.89366667,12.56411667,2316.00,
11397,,,,,2019-07-23T14:06:06Z,46.89361667,12.56410000,2319.00,
11398,,,,,2019-07-23T14:06:07Z,46.89358333,12.56408333,2322.00,
11399,,,,,2019-07-23T14:06:08Z,46.89353333,12.56406667,2324.00,
11400,,,,,2019-07-23T14:06:09Z,46.89346667,12.56406667,2325.00,
11401,,,,,2019-07-23T14:06:10Z,46.89338333,12.56406667,2325.00,
11402,,,,,2019-07-23T14:06:11Z,46.89325000,12.56430000,2325.00,
11403,,,,,2019-07-23T14:06:12Z,46.89315000,12.56453333,2325.00,
11404,,,,,2019-07-23T14:06:13Z,46.89311667,12.56480000,2326.00,
11405,,,,,2019-07-23T14:06:14Z,46.89315000,12.56500000,2327.00,
11406,,,,,2019-07-23T14:06:15Z,46.89335000,12.56510000,2328.00,
11407,,,,,2019-07-23T14:06:16Z,46.89355000,12.56506667,2329.00,
11408,,,,,2019-07-23T14:06:17Z,46.89383333,12.56498333,2331.00,
11409,,,,,2019-07-23T14:06:18Z,46.89393333,12.56498333,2331.00,
11410,,,,,2019-07-23T14:06:19Z,46.89398333,12.56491667,2332.00,
11411,,,,,2019-07-23T14:06:20Z,46.89403333,12.56486667,2336.00,
11412,,,,,2019-07-23T14:06:21Z,46.89406667,12.56481667,2339.00,
11413,,,,,2019-07-23T14:06:22Z,46.89406667,12.56476667,2342.00,
11414,,,,,2019-07-23T14:06:23Z,46.89405000,12.56471667,2343.00,
11415,,,,,2019-07-23T14:06:24Z,46.89406667,12.56470000,2345.00,
11416,,,,,2019-07-23T14:06:25Z,46.89408333,12.56463333,2346.00,
11417,,,,,2019-07-23T14:06:26Z,46.89411667,12.56443333,2347.00,
11418,,,,,2019-07-23T14:06:27Z,46.89411667,12.56431667,2349.00,
11419,,,,,2019-07-23T14:06:28Z,46.89408333,12.56421667,2349.00,
11420,,,,,2019-07-23T14:06:29Z,46.89395000,12.56420000,2350.00,
11421,,,,,2019-07-23T14:06:30Z,46.89386667,12.56410000,2350.00,
11422,,,,,2019-07-23T14:06:31Z,46.89373333,12.56395000,2351.00,
11423,,,,,2019-07-23T14:06:32Z,46.89368333,12.56383333,2353.00,
11424,,,,,2019-07-23T14:06:33Z,46.89378333,12.56363333,2354.00,
11425,,,,,2019-07-23T14:06:34Z,46.89376667,12.56345000,2355.00,
11426,,,,,2019-07-23T14:06:35Z,46.89373333,12.56331667,2355.00,
11427,,,,,2019-07-23T14:06:36Z,46.89363333,12.56318333,2356.00,
11428,,,,,2019-07-23T14:06:37Z,46.89353333,12.56300000,2359.00,
11429,,,,,2019-07-23T14:06:38Z,46.89340000,12.56293333,2363.00,
11430,,,,,2019-07-23T14:06:39Z,46.89325000,12.56293333,2366.00,
11431,,,,,2019-07-23T14:06:40Z,46.89310000,12.56296667,2368.00,
11432,,,,,2019-07-23T14:06:41Z,46.89293333,12.56301667,2370.00,
11433,,,,,2019-07-23T14:06:42Z,46.89281667,12.56305000,2371.00,
11434,,,,,2019-07-23T14:06:43Z,46.89268333,12.56311667,2372.00,
11435,,,,,2019-07-23T14:06:44Z,46.89256667,12.56320000,2373.00,
11436,,,,,2019-07-23T14:06:45Z,46.89248333,12.56328333,2373.00,
11437,,,,,2019-07-23T14:06:46Z,46.89251667,12.56343333,2373.00,
11438,,,,,2019-07-23T14:06:47Z,46.89251667,12.56356667,2373.00,
11439,,,,,2019-07-23T14:06:48Z,46.89256667,12.56370000,2373.00,
11440,,,,,2019-07-23T14:06:49Z,46.89273333,12.56388333,2373.00,
11441,,,,,2019-07-23T14:06:50Z,46.89281667,12.56395000,2375.00,
11442,,,,,2019-07-23T14:06:51Z,46.89291667,12.56396667,2375.00,
11443,,,,,2019-07-23T14:06:52Z,46.89303333,12.56393333,2376.00,
11444,,,,,2019-07-23T14:06:53Z,46.89313333,12.56386667,2378.00,
11445,,,,,2019-07-23T14:06:54Z,46.89320000,12.56376667,2379.00,
11446,,,,,2019-07-23T14:06:55Z,46.89325000,12.56365000,2382.00,
11447,,,,,2019-07-23T14:06:56Z,46.89325000,12.56348333,2385.00,
11448,,,,,2019-07-23T14:06:57Z,46.89321667,12.56333333,2386.00,
11449,,,,,2019-07-23T14:06:58Z,46.89313333,12.56320000,2387.00,
11450,,,,,2019-07-23T14:06:59Z,46.89295000,12.56323333,2388.00,
11451,,,,,2019-07-23T14:07:00Z,46.89280000,12.56331667,2390.00,
11452,,,,,2019-07-23T14:07:01Z,46.89271667,12.56353333,2391.00,
11453,,,,,2019-07-23T14:07:02Z,46.89263333,12.56376667,2392.00,
11454,,,,,2019-07-23T14:07:03Z,46.89253333,12.56401667,2394.00,
11455,,,,,2019-07-23T14:07:04Z,46.89246667,12.56426667,2397.00,
11456,,,,,2019-07-23T14:07:05Z,46.89250000,12.56448333,2397.00,
11457,,,,,2019-07-23T14:07:06Z,46.89260000,12.56470000,2398.00,
11458,,,,,2019-07-23T14:07:07Z,46.89275000,12.56488333,2397.00,
11459,,,,,2019-07-23T14:07:08Z,46.89293333,12.56500000,2397.00,
11460,,,,,2019-07-23T14:07:09Z,46.89311667,12.56508333,2397.00,
11461,,,,,2019-07-23T14:07:10Z,46.89330000,12.56513333,2396.00,
11462,,,,,2019-07-23T14:07:11Z,46.89348333,12.56511667,2397.00,
11463,,,,,2019-07-23T14:07:12Z,46.89368333,12.56508333,2398.00,
11464,,,,,2019-07-23T14:07:13Z,46.89383333,12.56500000,2400.00,
11465,,,,,2019-07-23T14:07:14Z,46.89398333,12.56493333,2403.00,
11466,,,,,2019-07-23T14:07:15Z,46.89413333,12.56485000,2406.00,
11467,,,,,2019-07-23T14:07:16Z,46.89423333,12.56475000,2410.00,
11468,,,,,2019-07-23T14:07:17Z,46.89433333,12.56463333,2413.00,
11469,,,,,2019-07-23T14:07:18Z,46.89440000,12.56448333,2417.00,
11470,,,,,2019-07-23T14:07:19Z,46.89440000,12.56426667,2422.00,
11471,,,,,2019-07-23T14:07:20Z,46.89440000,12.56408333,2425.00,
11472,,,,,2019-07-23T14:07:21Z,46.89433333,12.56393333,2427.00,
11473,,,,,2019-07-23T14:07:22Z,46.89425000,12.56383333,2430.00,
11474,,,,,2019-07-23T14:07:23Z,46.89413333,12.56381667,2432.00,
11475,,,,,2019-07-23T14:07:24Z,46.89400000,12.56388333,2435.00,
11476,,,,,2019-07-23T14:07:25Z,46.89385000,12.56406667,2436.00,
11477,,,,,2019-07-23T14:07:26Z,46.89370000,12.56433333,2438.00,
11478,,,,,2019-07-23T14:07:27Z,46.89358333,12.56456667,2441.00,
11479,,,,,2019-07-23T14:07:28Z,46.89351667,12.56480000,2445.00,
11480,,,,,2019-07-23T14:07:29Z,46.89351667,12.56506667,2446.00,
11481,,,,,2019-07-23T14:07:30Z,46.89353333,12.56530000,2447.00,
11482,,,,,2019-07-23T14:07:31Z,46.89358333,12.56551667,2449.00,
11483,,,,,2019-07-23T14:07:32Z,46.89368333,12.56570000,2452.00,
11484,,,,,2019-07-23T14:07:33Z,46.89381667,12.56581667,2453.00,
11485,,,,,2019-07-23T14:07:34Z,46.89400000,12.56585000,2456.00,
11486,,,,,2019-07-23T14:07:35Z,46.89415000,12.56581667,2458.00,
11487,,,,,2019-07-23T14:07:36Z,46.89430000,12.56568333,2462.00,
11488,,,,,2019-07-23T14:07:37Z,46.89435000,12.56551667,2467.00,
11489,,,,,2019-07-23T14:07:38Z,46.89438333,12.56535000,2469.00,
11490,,,,,2019-07-23T14:07:39Z,46.89436667,12.56518333,2472.00,
11491,,,,,2019-07-23T14:07:40Z,46.89431667,12.56501667,2473.00,
11492,,,,,2019-07-23T14:07:41Z,46.89420000,12.56488333,2474.00,
11493,,,,,2019-07-23T14:07:42Z,46.89405000,12.56480000,2477.00,
11494,,,,,2019-07-23T14:07:43Z,46.89390000,12.56483333,2476.00,
11495,,,,,2019-07-23T14:07:44Z,46.89375000,12.56493333,2474.00,
11496,,,,,2019-07-23T14:07:45Z,46.89361667,12.56523333,2474.00,
11497,,,,,2019-07-23T14:07:46Z,46.89355000,12.56553333,2477.00,
11498,,,,,2019-07-23T14:07:47Z,46.89351667,12.56578333,2478.00,
11499,,,,,2019-07-23T14:07:48Z,46.89350000,12.56605000,2480.00,
11500,,,,,2019-07-23T14:07:49Z,46.89351667,12.56630000,2482.00,
11501,,,,,2019-07-23T14:07:50Z,46.89356667,12.56655000,2484.00,
11502,,,,,2019-07-23T14:07:51Z,46.89363333,12.56676667,2487.00,
11503,,,,,2019-07-23T14:07:52Z,46.89373333,12.56698333,2489.00,
11504,,,,,2019-07-23T14:07:53Z,46.89385000,12.56711667,2493.00,
11505,,,,,2019-07-23T14:07:54Z,46.89405000,12.56705000,2495.00,
11506,,,,,2019-07-23T14:07:55Z,46.89420000,12.56706667,2497.00,
11507,,,,,2019-07-23T14:07:56Z,46.89435000,12.56703333,2500.00,
11508,,,,,2019-07-23T14:07:57Z,46.89446667,12.56695000,2502.00,
11509,,,,,2019-07-23T14:07:58Z,46.89453333,12.56676667,2506.00,
11510,,,,,2019-07-23T14:07:59Z,46.89460000,12.56658333,2510.00,
11511,,,,,2019-07-23T14:08:00Z,46.89460000,12.56638333,2513.00,
11512,,,,,2019-07-23T14:08:01Z,46.89458333,12.56618333,2516.00,
11513,,,,,2019-07-23T14:08:02Z,46.89453333,12.56601667,2519.00,
11514,,,,,2019-07-23T14:08:03Z,46.89441667,12.56585000,2521.00,
11515,,,,,2019-07-23T14:08:04Z,46.89428333,12.56575000,2523.00,
11516,,,,,2019-07-23T14:08:05Z,46.89416667,12.56573333,2524.00,
11517,,,,,2019-07-23T14:08:06Z,46.89401667,12.56586667,2526.00,
11518,,,,,2019-07-23T14:08:07Z,46.89388333,12.56598333,2526.00,
11519,,,,,2019-07-23T14:08:08Z,46.89381667,12.56615000,2527.00,
11520,,,,,2019-07-23T14:08:09Z,46.89381667,12.56640000,2529.00,
11521,,,,,2019-07-23T14:08:10Z,46.89385000,12.56666667,2532.00,
11522,,,,,2019-07-23T14:08:11Z,46.89391667,12.56690000,2533.00,
11523,,,,,2019-07-23T14:08:12Z,46.89401667,12.56713333,2535.00,
11524,,,,,2019-07-23T14:08:13Z,46.89415000,12.56731667,2537.00,
11525,,,,,2019-07-23T14:08:14Z,46.89428333,12.56741667,2539.00,
11526,,,,,2019-07-23T14:08:15Z,46.89443333,12.56743333,2543.00,
11527,,,,,2019-07-23T14:08:16Z,46.89458333,12.56741667,2545.00,
11528,,,,,2019-07-23T14:08:17Z,46.89471667,12.56735000,2547.00,
11529,,,,,2019-07-23T14:08:18Z,46.89483333,12.56730000,2550.00,
11530,,,,,2019-07-23T14:08:19Z,46.89491667,12.56718333,2555.00,
11531,,,,,2019-07-23T14:08:20Z,46.89495000,12.56703333,2559.00,
11532,,,,,2019-07-23T14:08:21Z,46.89498333,12.56686667,2562.00,
11533,,,,,2019-07-23T14:08:22Z,46.89501667,12.56661667,2564.00,
11534,,,,,2019-07-23T14:08:23Z,46.89501667,12.56645000,2568.00,
11535,,,,,2019-07-23T14:08:24Z,46.89500000,12.56626667,2573.00,
11536,,,,,2019-07-23T14:08:25Z,46.89495000,12.56610000,2579.00,
11537,,,,,2019-07-23T14:08:26Z,46.89486667,12.56596667,2582.00,
11538,,,,,2019-07-23T14:08:27Z,46.89473333,12.56588333,2587.00,
11539,,,,,2019-07-23T14:08:28Z,46.89456667,12.56593333,2590.00,
11540,,,,,2019-07-23T14:08:29Z,46.89450000,12.56606667,2593.00,
11541,,,,,2019-07-23T14:08:30Z,46.89446667,12.56630000,2596.00,
11542,,,,,2019-07-23T14:08:31Z,46.89450000,12.56653333,2599.00,
11543,,,,,2019-07-23T14:08:32Z,46.89455000,12.56670000,2601.00,
11544,,,,,2019-07-23T14:08:33Z,46.89466667,12.56685000,2603.00,
11545,,,,,2019-07-23T14:08:34Z,46.89480000,12.56696667,2605.00,
11546,,,,,2019-07-23T14:08:35Z,46.89491667,12.56695000,2609.00,
11547,,,,,2019-07-23T14:08:36Z,46.89503333,12.56685000,2614.00,
11548,,,,,2019-07-23T14:08:37Z,46.89510000,12.56666667,2618.00,
11549,,,,,2019-07-23T14:08:38Z,46.89511667,12.56648333,2623.00,
11550,,,,,2019-07-23T14:08:39Z,46.89510000,12.56631667,2628.00,
11551,,,,,2019-07-23T14:08:40Z,46.89503333,12.56618333,2633.00,
11552,,,,,2019-07-23T14:08:41Z,46.89491667,12.56613333,2639.00,
11553,,,,,2019-07-23T14:08:42Z,46.89478333,12.56611667,2644.00,
11554,,,,,2019-07-23T14:08:43Z,46.89466667,12.56620000,2648.00,
11555,,,,,2019-07-23T14:08:44Z,46.89456667,12.56636667,2653.00,
11556,,,,,2019-07-23T14:08:45Z,46.89448333,12.56658333,2658.00,
11557,,,,,2019-07-23T14:08:46Z,46.89448333,12.56681667,2662.00,
11558,,,,,2019-07-23T14:08:47Z,46.89451667,12.56700000,2663.00,
11559,,,,,2019-07-23T14:08:48Z,46.89456667,12.56716667,2663.00,
11560,,,,,2019-07-23T14:08:49Z,46.89463333,12.56726667,2665.00,
11561,,,,,2019-07-23T14:08:50Z,46.89466667,12.56738333,2667.00,
11562,,,,,2019-07-23T14:08:51Z,46.89468333,12.56738333,2671.00,
11563,,,,,2019-07-23T14:08:52Z,46.89486667,12.56733333,2674.00,
11564,,,,,2019-07-23T14:08:53Z,46.89486667,12.56690000,2677.00,
11565,,,,,2019-07-23T14:08:54Z,46.89483333,12.56665000,2683.00,
11566,,,,,2019-07-23T14:08:55Z,46.89478333,12.56651667,2689.00,
11567,,,,,2019-07-23T14:08:56Z,46.89471667,12.56640000,2696.00,
11568,,,,,2019-07-23T14:08:57Z,46.89458333,12.56630000,2702.00,
11569,,,,,2019-07-23T14:08:58Z,46.89451667,12.56630000,2707.00,
11570,,,,,2019-07-23T14:08:59Z,46.89446667,12.56628333,2712.00,
11571,,,,,2019-07-23T14:09:00Z,46.89446667,12.56630000,2715.00,
11572,,,,,2019-07-23T14:09:01Z,46.89433333,12.56656667,2716.00,
11573,,,,,2019-07-23T14:09:02Z,46.89430000,12.56670000,2721.00,
11574,,,,,2019-07-23T14:09:03Z,46.89430000,12.56683333,2725.00,
11575,,,,,2019-07-23T14:09:04Z,46.89430000,12.56698333,2728.00,
11576,,,,,2019-07-23T14:09:05Z,46.89430000,12.56713333,2731.00,
11577,,,,,2019-07-23T14:09:06Z,46.89430000,12.56730000,2733.00,
11578,,,,,2019-07-23T14:09:07Z,46.89438333,12.56751667,2737.00,
11579,,,,,2019-07-23T14:09:08Z,46.89436667,12.56756667,2741.00,
11580,,,,,2019-07-23T14:09:09Z,46.89445000,12.56755000,2744.00,
11581,,,,,2019-07-23T14:09:10Z,46.89465000,12.56740000,2747.00,
11582,,,,,2019-07-23T14:09:11Z,46.89470000,12.56735000,2750.00,
11583,,,,,2019-07-23T14:09:12Z,46.89478333,12.56718333,2753.00,
11584,,,,,2019-07-23T14:09:13Z,46.89488333,12.56701667,2755.00,
11585,,,,,2019-07-23T14:09:14Z,46.89491667,12.56690000,2756.00,
11586,,,,,2019-07-23T14:09:15Z,46.89496667,12.56680000,2759.00,
11587,,,,,2019-07-23T14:09:16Z,46.89500000,12.56670000,2764.00,
11588,,,,,2019-07-23T14:09:17Z,46.89510000,12.56655000,2767.00,
11589,,,,,2019-07-23T14:09:18Z,46.89513333,12.56640000,2768.00,
11590,,,,,2019-07-23T14:09:19Z,46.89510000,12.56650000,2770.00,
11591,,,,,2019-07-23T14:09:20Z,46.89513333,12.56660000,2773.00,
11592,,,,,2019-07-23T14:09:21Z,46.89528333,12.56675000,2777.00,
11593,,,,,2019-07-23T14:09:22Z,46.89533333,12.56673333,2782.00,
11594,,,,,2019-07-23T14:09:23Z,46.89540000,12.56675000,2786.00,
11595,,,,,2019-07-23T14:09:24Z,46.89543333,12.56668333,2790.00,
11596,,,,,2019-07-23T14:09:25Z,46.89555000,12.56658333,2794.00,
11597,,,,,2019-07-23T14:09:26Z,46.89566667,12.56650000,2798.00,
11598,,,,,2019-07-23T14:09:27Z,46.89578333,12.56640000,2800.00,
11599,,,,,2019-07-23T14:09:28Z,46.89588333,12.56625000,2803.00,
11600,,,,,2019-07-23T14:09:29Z,46.89598333,12.56615000,2806.00,
11601,,,,,2019-07-23T14:09:30Z,46.89606667,12.56601667,2809.00,
11602,,,,,2019-07-23T14:09:31Z,46.89605000,12.56583333,2813.00,
11603,,,,,2019-07-23T14:09:32Z,46.89588333,12.56573333,2816.00,
11604,,,,,2019-07-23T14:09:33Z,46.89583333,12.56568333,2820.00,
11605,,,,,2019-07-23T14:09:34Z,46.89578333,12.56568333,2824.00,
11606,,,,,2019-07-23T14:09:35Z,46.89573333,12.56570000,2827.00,
11607,,,,,2019-07-23T14:09:36Z,46.89570000,12.56588333,2829.00,
11608,,,,,2019-07-23T14:09:37Z,46.89566667,12.56601667,2832.00,
11609,,,,,2019-07-23T14:09:38Z,46.89563333,12.56616667,2836.00,
11610,,,,,2019-07-23T14:09:39Z,46.89566667,12.56631667,2841.00,
11611,,,,,2019-07-23T14:09:40Z,46.89576667,12.56636667,2844.00,
11612,,,,,2019-07-23T14:09:41Z,46.89583333,12.56631667,2848.00,
11613,,,,,2019-07-23T14:09:42Z,46.89601667,12.56591667,2852.00,
11614,,,,,2019-07-23T14:09:43Z,46.89605000,12.56583333,2857.00,
11615,,,,,2019-07-23T14:09:44Z,46.89613333,12.56560000,2861.00,
11616,,,,,2019-07-23T14:09:45Z,46.89616667,12.56543333,2863.00,
11617,,,,,2019-07-23T14:09:46Z,46.89601667,12.56551667,2867.00,
11618,,,,,2019-07-23T14:09:47Z,46.89561667,12.56548333,2868.00,
11619,,,,,2019-07-23T14:09:48Z,46.89548333,12.56570000,2870.00,
11620,,,,,2019-07-23T14:09:49Z,46.89540000,12.56585000,2874.00,
11621,,,,,2019-07-23T14:09:50Z,46.89533333,12.56605000,2880.00,
11622,,,,,2019-07-23T14:09:51Z,46.89530000,12.56621667,2884.00,
11623,,,,,2019-07-23T14:09:52Z,46.89528333,12.56643333,2887.00,
11624,,,,,2019-07-23T14:09:53Z,46.89526667,12.56660000,2893.00,
11625,,,,,2019-07-23T14:09:54Z,46.89528333,12.56683333,2897.00,
11626,,,,,2019-07-23T14:09:55Z,46.89546667,12.56710000,2899.00,
11627,,,,,2019-07-23T14:09:56Z,46.89556667,12.56720000,2901.00,
11628,,,,,2019-07-23T14:09:57Z,46.89560000,12.56720000,2905.00,
11629,,,,,2019-07-23T14:09:58Z,46.89566667,12.56711667,2908.00,
11630,,,,,2019-07-23T14:09:59Z,46.89568333,12.56691667,2912.00,
11631,,,,,2019-07-23T14:10:00Z,46.89571667,12.56676667,2916.00,
11632,,,,,2019-07-23T14:10:01Z,46.89568333,12.56661667,2921.00,
11633,,,,,2019-07-23T14:10:02Z,46.89556667,12.56648333,2923.00,
11634,,,,,2019-07-23T14:10:03Z,46.89548333,12.56645000,2926.00,
11635,,,,,2019-07-23T14:10:04Z,46.89540000,12.56643333,2929.00,
11636,,,,,2019-07-23T14:10:05Z,46.89521667,12.56656667,2932.00,
11637,,,,,2019-07-23T14:10:06Z,46.89518333,12.56655000,2936.00,
11638,,,,,2019-07-23T14:10:07Z,46.89511667,12.56653333,2938.00,
11639,,,,,2019-07-23T14:10:08Z,46.89508333,12.56653333,2943.00,
11640,,,,,2019-07-23T14:10:09Z,46.89508333,12.56645000,2945.00,
11641,,,,,2019-07-23T14:10:10Z,46.89515000,12.56636667,2951.00,
11642,,,,,2019-07-23T14:10:11Z,46.89513333,12.56635000,2956.00,
11643,,,,,2019-07-23T14:10:12Z,46.89530000,12.56638333,2959.00,
11644,,,,,2019-07-23T14:10:13Z,46.89545000,12.56636667,2962.00,
11645,,,,,2019-07-23T14:10:14Z,46.89563333,12.56616667,2963.00,
11646,,,,,2019-07-23T14:10:15Z,46.89578333,12.56578333,2965.00,
11647,,,,,2019-07-23T14:10:16Z,46.89583333,12.56558333,2968.00,
11648,,,,,2019-07-23T14:10:17Z,46.89586667,12.56556667,2972.00,
11649,,,,,2019-07-23T14:10:18Z,46.89581667,12.56548333,2975.00,
11650,,,,,2019-07-23T14:10:19Z,46.89573333,12.56546667,2979.00,
11651,,,,,2019-07-23T14:10:20Z,46.89573333,12.56546667,2986.00,
11652,,,,,2019-07-23T14:10:21Z,46.89570000,12.56553333,2990.00,
11653,,,,,2019-07-23T14:10:22Z,46.89571667,12.56568333,2992.00,
11654,,,,,2019-07-23T14:10:23Z,46.89578333,12.56581667,2996.00,
11655,,,,,2019-07-23T14:10:24Z,46.89580000,12.56593333,3002.00,
11656,,,,,2019-07-23T14:10:25Z,46.89586667,12.56608333,3004.00,
11657,,,,,2019-07-23T14:10:26Z,46.89605000,12.56610000,3006.00,
11658,,,,,2019-07-23T14:10:27Z,46.89625000,12.56616667,3009.00,
11659,,,,,2019-07-23T14:10:28Z,46.89641667,12.56600000,3011.00,
11660,,,,,2019-07-23T14:10:29Z,46.89658333,12.56591667,3014.00,
11661,,,,,2019-07-23T14:10:30Z,46.89675000,12.56580000,3016.00,
11662,,,,,2019-07-23T14:10:31Z,46.89691667,12.56561667,3019.00,
11663,,,,,2019-07-23T14:10:32Z,46.89705000,12.56548333,3022.00,
11664,,,,,2019-07-23T14:10:33Z,46.89716667,12.56540000,3024.00,
11665,,,,,2019-07-23T14:10:34Z,46.89726667,12.56540000,3025.00,
11666,,,,,2019-07-23T14:10:35Z,46.89706667,12.56546667,3028.00,
11667,,,,,2019-07-23T14:10:36Z,46.89685000,12.56555000,3029.00,
11668,,,,,2019-07-23T14:10:37Z,46.89670000,12.56581667,3030.00,
11669,,,,,2019-07-23T14:10:38Z,46.89670000,12.56603333,3034.00,
11670,,,,,2019-07-23T14:10:39Z,46.89681667,12.56641667,3038.00,
11671,,,,,2019-07-23T14:10:40Z,46.89695000,12.56661667,3039.00,
11672,,,,,2019-07-23T14:10:41Z,46.89711667,12.56678333,3042.00,
11673,,,,,2019-07-23T14:10:42Z,46.89725000,12.56691667,3046.00,
11674,,,,,2019-07-23T14:10:43Z,46.89740000,12.56693333,3049.00,
11675,,,,,2019-07-23T14:10:44Z,46.89748333,12.56683333,3053.00,
11676,,,,,2019-07-23T14:10:45Z,46.89763333,12.56663333,3053.00,
11677,,,,,2019-07-23T14:10:46Z,46.89773333,12.56646667,3054.00,
11678,,,,,2019-07-23T14:10:47Z,46.89783333,12.56626667,3056.00,
11679,,,,,2019-07-23T14:10:48Z,46.89785000,12.56606667,3057.00,
11680,,,,,2019-07-23T14:10:49Z,46.89781667,12.56586667,3058.00,
11681,,,,,2019-07-23T14:10:50Z,46.89771667,12.56571667,3060.00,
11682,,,,,2019-07-23T14:10:51Z,46.89760000,12.56561667,3063.00,
11683,,,,,2019-07-23T14:10:52Z,46.89748333,12.56553333,3063.00,
11684,,,,,2019-07-23T14:10:53Z,46.89733333,12.56548333,3065.00,
11685,,,,,2019-07-23T14:10:54Z,46.89718333,12.56551667,3069.00,
11686,,,,,2019-07-23T14:10:55Z,46.89700000,12.56558333,3071.00,
11687,,,,,2019-07-23T14:10:56Z,46.89681667,12.56566667,3073.00,
11688,,,,,2019-07-23T14:10:57Z,46.89666667,12.56588333,3074.00,
11689,,,,,2019-07-23T14:10:58Z,46.89653333,12.56606667,3075.00,
11690,,,,,2019-07-23T14:10:59Z,46.89643333,12.56626667,3077.00,
11691,,,,,2019-07-23T14:11:00Z,46.89635000,12.56648333,3078.00,
11692,,,,,2019-07-23T14:11:01Z,46.89635000,12.56671667,3082.00,
11693,,,,,2019-07-23T14:11:02Z,46.89636667,12.56695000,3087.00,
11694,,,,,2019-07-23T14:11:03Z,46.89640000,12.56716667,3092.00,
11695,,,,,2019-07-23T14:11:04Z,46.89648333,12.56733333,3096.00,
11696,,,,,2019-07-23T14:11:05Z,46.89658333,12.56743333,3099.00,
11697,,,,,2019-07-23T14:11:06Z,46.89668333,12.56745000,3101.00,
11698,,,,,2019-07-23T14:11:07Z,46.89678333,12.56738333,3106.00,
11699,,,,,2019-07-23T14:11:08Z,46.89690000,12.56723333,3111.00,
11700,,,,,2019-07-23T14:11:09Z,46.89696667,12.56703333,3114.00,
11701,,,,,2019-07-23T14:11:10Z,46.89698333,12.56676667,3118.00,
11702,,,,,2019-07-23T14:11:11Z,46.89695000,12.56651667,3121.00,
11703,,,,,2019-07-23T14:11:12Z,46.89681667,12.56635000,3124.00,
11704,,,,,2019-07-23T14:11:13Z,46.89656667,12.56631667,3126.00,
11705,,,,,2019-07-23T14:11:14Z,46.89643333,12.56623333,3128.00,
11706,,,,,2019-07-23T14:11:15Z,46.89628333,12.56623333,3128.00,
11707,,,,,2019-07-23T14:11:16Z,46.89608333,12.56645000,3130.00,
11708,,,,,2019-07-23T14:11:17Z,46.89595000,12.56675000,3133.00,
11709,,,,,2019-07-23T14:11:18Z,46.89590000,12.56691667,3137.00,
11710,,,,,2019-07-23T14:11:19Z,46.89591667,12.56711667,3141.00,
11711,,,,,2019-07-23T14:11:20Z,46.89595000,12.56731667,3147.00,
11712,,,,,2019-07-23T14:11:21Z,46.89600000,12.56750000,3152.00,
11713,,,,,2019-07-23T14:11:22Z,46.89603333,12.56765000,3154.00,
11714,,,,,2019-07-23T14:11:23Z,46.89610000,12.56771667,3157.00,
11715,,,,,2019-07-23T14:11:24Z,46.89616667,12.56768333,3161.00,
11716,,,,,2019-07-23T14:11:25Z,46.89621667,12.56753333,3161.00,
11717,,,,,2019-07-23T14:11:26Z,46.89626667,12.56723333,3163.00,
11718,,,,,2019-07-23T14:11:27Z,46.89623333,12.56696667,3165.00,
11719,,,,,2019-07-23T14:11:28Z,46.89625000,12.56675000,3170.00,
11720,,,,,2019-07-23T14:11:29Z,46.89618333,12.56655000,3175.00,
11721,,,,,2019-07-23T14:11:30Z,46.89606667,12.56640000,3178.00,
11722,,,,,2019-07-23T14:11:31Z,46.89595000,12.56636667,3181.00,
11723,,,,,2019-07-23T14:11:32Z,46.89583333,12.56640000,3186.00,
11724,,,,,2019-07-23T14:11:33Z,46.89568333,12.56653333,3190.00,
11725,,,,,2019-07-23T14:11:34Z,46.89563333,12.56663333,3193.00,
11726,,,,,2019-07-23T14:11:35Z,46.89561667,12.56676667,3197.00,
11727,,,,,2019-07-23T14:11:36Z,46.89571667,12.56698333,3200.00,
11728,,,,,2019-07-23T14:11:37Z,46.89591667,12.56718333,3204.00,
11729,,,,,2019-07-23T14:11:38Z,46.89613333,12.56725000,3205.00,
11730,,,,,2019-07-23T14:11:39Z,46.89640000,12.56723333,3206.00,
11731,,,,,2019-07-23T14:11:40Z,46.89665000,12.56715000,3207.00,
11732,,,,,2019-07-23T14:11:41Z,46.89686667,12.56705000,3209.00,
11733,,,,,2019-07-23T14:11:42Z,46.89700000,12.56691667,3211.00,
11734,,,,,2019-07-23T14:11:43Z,46.89713333,12.56671667,3215.00,
11735,,,,,2019-07-23T14:11:44Z,46.89718333,12.56646667,3220.00,
11736,,,,,2019-07-23T14:11:45Z,46.89720000,12.56625000,3223.00,
11737,,,,,2019-07-23T14:11:46Z,46.89715000,12.56608333,3228.00,
11738,,,,,2019-07-23T14:11:47Z,46.89703333,12.56595000,3231.00,
11739,,,,,2019-07-23T14:11:48Z,46.89695000,12.56593333,3234.00,
11740,,,,,2019-07-23T14:11:49Z,46.89685000,12.56601667,3238.00,
11741,,,,,2019-07-23T14:11:50Z,46.89671667,12.56635000,3241.00,
11742,,,,,2019-07-23T14:11:51Z,46.89666667,12.56655000,3244.00,
11743,,,,,2019-07-23T14:11:52Z,46.89665000,12.56675000,3246.00,
11744,,,,,2019-07-23T14:11:53Z,46.89666667,12.56696667,3249.00,
11745,,,,,2019-07-23T14:11:54Z,46.89676667,12.56715000,3252.00,
11746,,,,,2019-07-23T14:11:55Z,46.89690000,12.56728333,3255.00,
11747,,,,,2019-07-23T14:11:56Z,46.89701667,12.56726667,3259.00,
11748,,,,,2019-07-23T14:11:57Z,46.89716667,12.56711667,3262.00,
11749,,,,,2019-07-23T14:11:58Z,46.89721667,12.56685000,3264.00,
11750,,,,,2019-07-23T14:11:59Z,46.89723333,12.56658333,3265.00,
11751,,,,,2019-07-23T14:12:00Z,46.89718333,12.56631667,3269.00,
11752,,,,,2019-07-23T14:12:01Z,46.89710000,12.56616667,3274.00,
11753,,,,,2019-07-23T14:12:02Z,46.89705000,12.56603333,3278.00,
11754,,,,,2019-07-23T14:12:03Z,46.89695000,12.56593333,3281.00,
11755,,,,,2019-07-23T14:12:04Z,46.89683333,12.56595000,3285.00,
11756,,,,,2019-07-23T14:12:05Z,46.89665000,12.56603333,3289.00,
11757,,,,,2019-07-23T14:12:06Z,46.89655000,12.56613333,3293.00,
11758,,,,,2019-07-23T14:12:07Z,46.89646667,12.56621667,3296.00,
11759,,,,,2019-07-23T14:12:08Z,46.89651667,12.56636667,3297.00,
11760,,,,,2019-07-23T14:12:09Z,46.89656667,12.56648333,3298.00,
11761,,,,,2019-07-23T14:12:10Z,46.89668333,12.56663333,3300.00,
11762,,,,,2019-07-23T14:12:11Z,46.89685000,12.56666667,3303.00,
11763,,,,,2019-07-23T14:12:12Z,46.89701667,12.56661667,3307.00,
11764,,,,,2019-07-23T14:12:13Z,46.89713333,12.56645000,3310.00,
11765,,,,,2019-07-23T14:12:14Z,46.89720000,12.56625000,3312.00,
11766,,,,,2019-07-23T14:12:15Z,46.89723333,12.56605000,3316.00,
11767,,,,,2019-07-23T14:12:16Z,46.89723333,12.56583333,3319.00,
11768,,,,,2019-07-23T14:12:17Z,46.89726667,12.56560000,3324.00,
11769,,,,,2019-07-23T14:12:18Z,46.89726667,12.56536667,3329.00,
11770,,,,,2019-07-23T14:12:19Z,46.89720000,12.56521667,3331.00,
11771,,,,,2019-07-23T14:12:20Z,46.89710000,12.56505000,3333.00,
11772,,,,,2019-07-23T14:12:21Z,46.89703333,12.56495000,3337.00,
11773,,,,,2019-07-23T14:12:22Z,46.89700000,12.56498333,3340.00,
11774,,,,,2019-07-23T14:12:23Z,46.89691667,12.56513333,3342.00,
11775,,,,,2019-07-23T14:12:24Z,46.89688333,12.56526667,3343.00,
11776,,,,,2019-07-23T14:12:25Z,46.89690000,12.56548333,3345.00,
11777,,,,,2019-07-23T14:12:26Z,46.89700000,12.56576667,3347.00,
11778,,,,,2019-07-23T14:12:27Z,46.89708333,12.56601667,3351.00,
11779,,,,,2019-07-23T14:12:28Z,46.89720000,12.56621667,3354.00,
11780,,,,,2019-07-23T14:12:29Z,46.89735000,12.56638333,3355.00,
11781,,,,,2019-07-23T14:12:30Z,46.89745000,12.56650000,3359.00,
11782,,,,,2019-07-23T14:12:31Z,46.89755000,12.56658333,3363.00,
11783,,,,,2019-07-23T14:12:32Z,46.89766667,12.56663333,3367.00,
11784,,,,,2019-07-23T14:12:33Z,46.89780000,12.56668333,3369.00,
11785,,,,,2019-07-23T14:12:34Z,46.89791667,12.56675000,3373.00,
11786,,,,,2019-07-23T14:12:35Z,46.89796667,12.56675000,3376.00,
11787,,,,,2019-07-23T14:12:36Z,46.89796667,12.56670000,3377.00,
11788,,,,,2019-07-23T14:12:37Z,46.89790000,12.56665000,3382.00,
11789,,,,,2019-07-23T14:12:38Z,46.89778333,12.56656667,3384.00,
11790,,,,,2019-07-23T14:12:39Z,46.89750000,12.56633333,3387.00,
11791,,,,,2019-07-23T14:12:40Z,46.89733333,12.56638333,3388.00,
11792,,,,,2019-07-23T14:12:41Z,46.89720000,12.56660000,3391.00,
11793,,,,,2019-07-23T14:12:42Z,46.89708333,12.56690000,3392.00,
11794,,,,,2019-07-23T14:12:43Z,46.89701667,12.56705000,3394.00,
11795,,,,,2019-07-23T14:12:44Z,46.89696667,12.56716667,3395.00,
11796,,,,,2019-07-23T14:12:45Z,46.89693333,12.56728333,3397.00,
11797,,,,,2019-07-23T14:12:46Z,46.89695000,12.56741667,3399.00,
11798,,,,,2019-07-23T14:12:47Z,46.89703333,12.56760000,3401.00,
11799,,,,,2019-07-23T14:12:48Z,46.89710000,12.56778333,3403.00,
11800,,,,,2019-07-23T14:12:49Z,46.89723333,12.56786667,3405.00,
11801,,,,,2019-07-23T14:12:50Z,46.89735000,12.56798333,3408.00,
11802,,,,,2019-07-23T14:12:51Z,46.89746667,12.56808333,3410.00,
11803,,,,,2019-07-23T14:12:52Z,46.89760000,12.56815000,3413.00,
11804,,,,,2019-07-23T14:12:53Z,46.89771667,12.56816667,3416.00,
11805,,,,,2019-07-23T14:12:54Z,46.89791667,12.56796667,3418.00,
11806,,,,,2019-07-23T14:12:55Z,46.89806667,12.56788333,3419.00,
11807,,,,,2019-07-23T14:12:56Z,46.89818333,12.56783333,3421.00,
11808,,,,,2019-07-23T14:12:57Z,46.89828333,12.56771667,3424.00,
11809,,,,,2019-07-23T14:12:58Z,46.89835000,12.56760000,3425.00,
11810,,,,,2019-07-23T14:12:59Z,46.89836667,12.56745000,3426.00,
11811,,,,,2019-07-23T14:13:00Z,46.89836667,12.56743333,3427.00,
11812,,,,,2019-07-23T14:13:01Z,46.89835000,12.56738333,3429.00,
11813,,,,,2019-07-23T14:13:02Z,46.89828333,12.56735000,3432.00,
11814,,,,,2019-07-23T14:13:03Z,46.89820000,12.56720000,3435.00,
11815,,,,,2019-07-23T14:13:04Z,46.89810000,12.56708333,3437.00,
11816,,,,,2019-07-23T14:13:05Z,46.89791667,12.56690000,3439.00,
11817,,,,,2019-07-23T14:13:06Z,46.89780000,12.56690000,3440.00,
11818,,,,,2019-07-23T14:13:07Z,46.89760000,12.56690000,3442.00,
11819,,,,,2019-07-23T14:13:08Z,46.89740000,12.56698333,3444.00,
11820,,,,,2019-07-23T14:13:09Z,46.89731667,12.56708333,3445.00,
11821,,,,,2019-07-23T14:13:10Z,46.89723333,12.56716667,3447.00,
11822,,,,,2019-07-23T14:13:11Z,46.89720000,12.56731667,3447.00,
11823,,,,,2019-07-23T14:13:12Z,46.89725000,12.56756667,3449.00,
11824,,,,,2019-07-23T14:13:13Z,46.89736667,12.56786667,3450.00,
11825,,,,,2019-07-23T14:13:14Z,46.89756667,12.56816667,3452.00,
11826,,,,,2019-07-23T14:13:15Z,46.89765000,12.56830000,3455.00,
11827,,,,,2019-07-23T14:13:16Z,46.89773333,12.56846667,3457.00,
11828,,,,,2019-07-23T14:13:17Z,46.89781667,12.56856667,3460.00,
11829,,,,,2019-07-23T14:13:18Z,46.89793333,12.56866667,3462.00,
11830,,,,,2019-07-23T14:13:19Z,46.89811667,12.56868333,3463.00,
11831,,,,,2019-07-23T14:13:20Z,46.89826667,12.56863333,3466.00,
11832,,,,,2019-07-23T14:13:21Z,46.89840000,12.56853333,3468.00,
11833,,,,,2019-07-23T14:13:22Z,46.89846667,12.56836667,3469.00,
11834,,,,,2019-07-23T14:13:23Z,46.89855000,12.56818333,3469.00,
11835,,,,,2019-07-23T14:13:24Z,46.89860000,12.56796667,3470.00,
11836,,,,,2019-07-23T14:13:25Z,46.89858333,12.56773333,3472.00,
11837,,,,,2019-07-23T14:13:26Z,46.89853333,12.56753333,3472.00,
11838,,,,,2019-07-23T14:13:27Z,46.89833333,12.56748333,3471.00,
11839,,,,,2019-07-23T14:13:28Z,46.89816667,12.56741667,3469.00,
11840,,,,,2019-07-23T14:13:29Z,46.89800000,12.56743333,3471.00,
11841,,,,,2019-07-23T14:13:30Z,46.89781667,12.56753333,3473.00,
11842,,,,,2019-07-23T14:13:31Z,46.89765000,12.56766667,3473.00,
11843,,,,,2019-07-23T14:13:32Z,46.89751667,12.56780000,3475.00,
11844,,,,,2019-07-23T14:13:33Z,46.89740000,12.56796667,3478.00,
11845,,,,,2019-07-23T14:13:34Z,46.89730000,12.56813333,3482.00,
11846,,,,,2019-07-23T14:13:35Z,46.89723333,12.56831667,3485.00,
11847,,,,,2019-07-23T14:13:36Z,46.89718333,12.56851667,3488.00,
11848,,,,,2019-07-23T14:13:37Z,46.89720000,12.56876667,3491.00,
11849,,,,,2019-07-23T14:13:38Z,46.89726667,12.56900000,3491.00,
11850,,,,,2019-07-23T14:13:39Z,46.89736667,12.56918333,3490.00,
11851,,,,,2019-07-23T14:13:40Z,46.89751667,12.56933333,3488.00,
11852,,,,,2019-07-23T14:13:41Z,46.89765000,12.56931667,3487.00,
11853,,,,,2019-07-23T14:13:42Z,46.89783333,12.56931667,3487.00,
11854,,,,,2019-07-23T14:13:43Z,46.89800000,12.56920000,3485.00,
11855,,,,,2019-07-23T14:13:44Z,46.89815000,12.56908333,3484.00,
11856,,,,,2019-07-23T14:13:45Z,46.89823333,12.56883333,3482.00,
11857,,,,,2019-07-23T14:13:46Z,46.89828333,12.56858333,3482.00,
11858,,,,,2019-07-23T14:13:47Z,46.89831667,12.56835000,3480.00,
11859,,,,,2019-07-23T14:13:48Z,46.89835000,12.56810000,3481.00,
11860,,,,,2019-07-23T14:13:49Z,46.89836667,12.56778333,3479.00,
11861,,,,,2019-07-23T14:13:50Z,46.89838333,12.56750000,3478.00,
11862,,,,,2019-07-23T14:13:51Z,46.89840000,12.56723333,3480.00,
11863,,,,,2019-07-23T14:13:52Z,46.89841667,12.56696667,3484.00,
11864,,,,,2019-07-23T14:13:53Z,46.89841667,12.56673333,3488.00,
11865,,,,,2019-07-23T14:13:54Z,46.89840000,12.56648333,3491.00,
11866,,,,,2019-07-23T14:13:55Z,46.89836667,12.56626667,3495.00,
11867,,,,,2019-07-23T14:13:56Z,46.89830000,12.56606667,3499.00,
11868,,,,,2019-07-23T14:13:57Z,46.89818333,12.56590000,3503.00,
11869,,,,,2019-07-23T14:13:58Z,46.89800000,12.56576667,3506.00,
11870,,,,,2019-07-23T14:13:59Z,46.89783333,12.56571667,3507.00,
11871,,,,,2019-07-23T14:14:00Z,46.89768333,12.56575000,3508.00,
11872,,,,,2019-07-23T14:14:01Z,46.89756667,12.56585000,3510.00,
11873,,,,,2019-07-23T14:14:02Z,46.89745000,12.56608333,3511.00,
11874,,,,,2019-07-23T14:14:03Z,46.89736667,12.56638333,3512.00,
11875,,,,,2019-07-23T14:14:04Z,46.89733333,12.56665000,3512.00,
11876,,,,,2019-07-23T14:14:05Z,46.89733333,12.56695000,3512.00,
11877,,,,,2019-07-23T14:14:06Z,46.89740000,12.56723333,3514.00,
11878,,,,,2019-07-23T14:14:07Z,46.89746667,12.56753333,3517.00,
11879,,,,,2019-07-23T14:14:08Z,46.89753333,12.56783333,3519.00,
11880,,,,,2019-07-23T14:14:09Z,46.89761667,12.56808333,3521.00,
11881,,,,,2019-07-23T14:14:10Z,46.89770000,12.56831667,3523.00,
11882,,,,,2019-07-23T14:14:11Z,46.89780000,12.56853333,3527.00,
11883,,,,,2019-07-23T14:14:12Z,46.89791667,12.56871667,3529.00,
11884,,,,,2019-07-23T14:14:13Z,46.89806667,12.56888333,3530.00,
11885,,,,,2019-07-23T14:14:14Z,46.89821667,12.56901667,3530.00,
11886,,,,,2019-07-23T14:14:15Z,46.89836667,12.56915000,3531.00,
11887,,,,,2019-07-23T14:14:16Z,46.89853333,12.56925000,3530.00,
11888,,,,,2019-07-23T14:14:17Z,46.89870000,12.56933333,3527.00,
11889,,,,,2019-07-23T14:14:18Z,46.89888333,12.56935000,3525.00,
11890,,,,,2019-07-23T14:14:19Z,46.89908333,12.56935000,3523.00,
11891,,,,,2019-07-23T14:14:20Z,46.89926667,12.56928333,3523.00,
11892,,,,,2019-07-23T14:14:21Z,46.89943333,12.56918333,3522.00,
11893,,,,,2019-07-23T14:14:22Z,46.89958333,12.56906667,3521.00,
11894,,,,,2019-07-23T14:14:23Z,46.89971667,12.56893333,3521.00,
11895,,,,,2019-07-23T14:14:24Z,46.89983333,12.56878333,3521.00,
11896,,,,,2019-07-23T14:14:25Z,46.89995000,12.56865000,3520.00,
11897,,,,,2019-07-23T14:14:26Z,46.90003333,12.56848333,3519.00,
11898,,,,,2019-07-23T14:14:27Z,46.90011667,12.56826667,3517.00,
11899,,,,,2019-07-23T14:14:28Z,46.90018333,12.56805000,3513.00,
11900,,,,,2019-07-23T14:14:29Z,46.90021667,12.56780000,3510.00,
11901,,,,,2019-07-23T14:14:30Z,46.90025000,12.56755000,3507.00,
11902,,,,,2019-07-23T14:14:31Z,46.90023333,12.56731667,3505.00,
11903,,,,,2019-07-23T14:14:32Z,46.90018333,12.56706667,3503.00,
11904,,,,,2019-07-23T14:14:33Z,46.90010000,12.56685000,3501.00,
11905,,,,,2019-07-23T14:14:34Z,46.89996667,12.56666667,3500.00,
11906,,,,,2019-07-23T14:14:35Z,46.89981667,12.56653333,3502.00,
11907,,,,,2019-07-23T14:14:36Z,46.89968333,12.56643333,3506.00,
11908,,,,,2019-07-23T14:14:37Z,46.89955000,12.56633333,3511.00,
11909,,,,,2019-07-23T14:14:38Z,46.89943333,12.56623333,3514.00,
11910,,,,,2019-07-23T14:14:39Z,46.89930000,12.56613333,3517.00,
11911,,,,,2019-07-23T14:14:40Z,46.89916667,12.56603333,3519.00,
11912,,,,,2019-07-23T14:14:41Z,46.89901667,12.56593333,3518.00,
11913,,,,,2019-07-23T14:14:42Z,46.89886667,12.56588333,3518.00,
11914,,,,,2019-07-23T14:14:43Z,46.89870000,12.56588333,3520.00,
11915,,,,,2019-07-23T14:14:44Z,46.89851667,12.56593333,3523.00,
11916,,,,,2019-07-23T14:14:45Z,46.89833333,12.56600000,3525.00,
11917,,,,,2019-07-23T14:14:46Z,46.89816667,12.56608333,3526.00,
11918,,,,,2019-07-23T14:14:47Z,46.89801667,12.56618333,3527.00,
11919,,,,,2019-07-23T14:14:48Z,46.89786667,12.56631667,3529.00,
11920,,,,,2019-07-23T14:14:49Z,46.89771667,12.56648333,3532.00,
11921,,,,,2019-07-23T14:14:50Z,46.89761667,12.56670000,3535.00,
11922,,,,,2019-07-23T14:14:51Z,46.89751667,12.56691667,3536.00,
11923,,,,,2019-07-23T14:14:52Z,46.89745000,12.56716667,3537.00,
11924,,,,,2019-07-23T14:14:53Z,46.89738333,12.56741667,3538.00,
11925,,,,,2019-07-23T14:14:54Z,46.89730000,12.56768333,3538.00,
11926,,,,,2019-07-23T14:14:55Z,46.89721667,12.56793333,3538.00,
11927,,,,,2019-07-23T14:14:56Z,46.89715000,12.56820000,3539.00,
11928,,,,,2019-07-23T14:14:57Z,46.89706667,12.56843333,3539.00,
11929,,,,,2019-07-23T14:14:58Z,46.89700000,12.56866667,3539.00,
11930,,,,,2019-07-23T14:14:59Z,46.89693333,12.56888333,3541.00,
11931,,,,,2019-07-23T14:15:00Z,46.89690000,12.56910000,3540.00,
11932,,,,,2019-07-23T14:15:01Z,46.89685000,12.56935000,3541.00,
11933,,,,,2019-07-23T14:15:02Z,46.89683333,12.56960000,3542.00,
11934,,,,,2019-07-23T14:15:03Z,46.89680000,12.56986667,3541.00,
11935,,,,,2019-07-23T14:15:04Z,46.89678333,12.57013333,3539.00,
11936,,,,,2019-07-23T14:15:05Z,46.89675000,12.57041667,3536.00,
11937,,,,,2019-07-23T14:15:06Z,46.89671667,12.57070000,3532.00,
11938,,,,,2019-07-23T14:15:07Z,46.89668333,12.57098333,3529.00,
11939,,,,,2019-07-23T14:15:08Z,46.89665000,12.57128333,3529.00,
11940,,,,,2019-07-23T14:15:09Z,46.89661667,12.57160000,3527.00,
11941,,,,,2019-07-23T14:15:10Z,46.89660000,12.57188333,3525.00,
11942,,,,,2019-07-23T14:15:11Z,46.89656667,12.57218333,3523.00,
11943,,,,,2019-07-23T14:15:12Z,46.89655000,12.57246667,3518.00,
11944,,,,,2019-07-23T14:15:13Z,46.89655000,12.57275000,3518.00,
11945,,,,,2019-07-23T14:15:14Z,46.89653333,12.57305000,3517.00,
11946,,,,,2019-07-23T14:15:15Z,46.89651667,12.57333333,3515.00,
11947,,,,,2019-07-23T14:15:16Z,46.89650000,12.57361667,3512.00,
11948,,,,,2019-07-23T14:15:17Z,46.89646667,12.57391667,3510.00,
11949,,,,,2019-07-23T14:15:18Z,46.89643333,12.57421667,3505.00,
11950,,,,,2019-07-23T14:15:19Z,46.89640000,12.57453333,3503.00,
11951,,,,,2019-07-23T14:15:20Z,46.89636667,12.57483333,3499.00,
11952,,,,,2019-07-23T14:15:21Z,46.89631667,12.57515000,3496.00,
11953,,,,,2019-07-23T14:15:22Z,46.89626667,12.57545000,3492.00,
11954,,,,,2019-07-23T14:15:23Z,46.89621667,12.57576667,3488.00,
11955,,,,,2019-07-23T14:15:24Z,46.89615000,12.57606667,3485.00,
11956,,,,,2019-07-23T14:15:25Z,46.89608333,12.57635000,3482.00,
11957,,,,,2019-07-23T14:15:26Z,46.89601667,12.57665000,3479.00,
11958,,,,,2019-07-23T14:15:27Z,46.89595000,12.57693333,3476.00,
11959,,,,,2019-07-23T14:15:28Z,46.89588333,12.57723333,3473.00,
11960,,,,,2019-07-23T14:15:29Z,46.89583333,12.57751667,3471.00,
11961,,,,,2019-07-23T14:15:30Z,46.89576667,12.57781667,3467.00,
11962,,,,,2019-07-23T14:15:31Z,46.89571667,12.57811667,3464.00,
11963,,,,,2019-07-23T14:15:32Z,46.89566667,12.57843333,3459.00,
11964,,,,,2019-07-23T14:15:33Z,46.89563333,12.57875000,3458.00,
11965,,,,,2019-07-23T14:15:34Z,46.89560000,12.57906667,3455.00,
11966,,,,,2019-07-23T14:15:35Z,46.89558333,12.57938333,3452.00,
11967,,,,,2019-07-23T14:15:36Z,46.89558333,12.57970000,3448.00,
11968,,,,,2019-07-23T14:15:37Z,46.89558333,12.58001667,3445.00,
11969,,,,,2019-07-23T14:15:38Z,46.89556667,12.58035000,3441.00,
11970,,,,,2019-07-23T14:15:39Z,46.89553333,12.58068333,3437.00,
11971,,,,,2019-07-23T14:15:40Z,46.89548333,12.58100000,3433.00,
11972,,,,,2019-07-23T14:15:41Z,46.89541667,12.58133333,3429.00,
11973,,,,,2019-07-23T14:15:42Z,46.89533333,12.58165000,3425.00,
11974,,,,,2019-07-23T14:15:43Z,46.89526667,12.58198333,3422.00,
11975,,,,,2019-07-23T14:15:44Z,46.89521667,12.58230000,3419.00,
11976,,,,,2019-07-23T14:15:45Z,46.89516667,12.58263333,3417.00,
11977,,,,,2019-07-23T14:15:46Z,46.89513333,12.58295000,3414.00,
11978,,,,,2019-07-23T14:15:47Z,46.89511667,12.58326667,3414.00,
11979,,,,,2019-07-23T14:15:48Z,46.89510000,12.58356667,3412.00,
11980,,,,,2019-07-23T14:15:49Z,46.89508333,12.58388333,3409.00,
11981,,,,,2019-07-23T14:15:50Z,46.89505000,12.58420000,3406.00,
11982,,,,,2019-07-23T14:15:51Z,46.89501667,12.58451667,3403.00,
11983,,,,,2019-07-23T14:15:52Z,46.89496667,12.58483333,3402.00,
11984,,,,,2019-07-23T14:15:53Z,46.89491667,12.58515000,3400.00,
11985,,,,,2019-07-23T14:15:54Z,46.89488333,12.58546667,3398.00,
11986,,,,,2019-07-23T14:15:55Z,46.89481667,12.58576667,3395.00,
11987,,,,,2019-07-23T14:15:56Z,46.89476667,12.58606667,3393.00,
11988,,,,,2019-07-23T14:15:57Z,46.89470000,12.58636667,3391.00,
11989,,,,,2019-07-23T14:15:58Z,46.89463333,12.58665000,3390.00,
11990,,,,,2019-07-23T14:15:59Z,46.89456667,12.58695000,3388.00,
11991,,,,,2019-07-23T14:16:00Z,46.89451667,12.58725000,3386.00,
11992,,,,,2019-07-23T14:16:01Z,46.89445000,12.58755000,3383.00,
11993,,,,,2019-07-23T14:16:02Z,46.89436667,12.58786667,3379.00,
11994,,,,,2019-07-23T14:16:03Z,46.89426667,12.58818333,3374.00,
11995,,,,,2019-07-23T14:16:04Z,46.89416667,12.58848333,3370.00,
11996,,,,,2019-07-23T14:16:05Z,46.89405000,12.58878333,3366.00,
11997,,,,,2019-07-23T14:16:06Z,46.89391667,12.58905000,3364.00,
11998,,,,,2019-07-23T14:16:07Z,46.89380000,12.58931667,3361.00,
11999,,,,,2019-07-23T14:16:08Z,46.89368333,12.58958333,3360.00,
12000,,,,,2019-07-23T14:16:09Z,46.89356667,12.58985000,3358.00,
12001,,,,,2019-07-23T14:16:10Z,46.89346667,12.59011667,3355.00,
12002,,,,,2019-07-23T14:16:11Z,46.89336667,12.59040000,3353.00,
12003,,,,,2019-07-23T14:16:12Z,46.89326667,12.59070000,3350.00,
12004,,,,,2019-07-23T14:16:13Z,46.89318333,12.59098333,3347.00,
12005,,,,,2019-07-23T14:16:14Z,46.89308333,12.59128333,3343.00,
12006,,,,,2019-07-23T14:16:15Z,46.89300000,12.59158333,3340.00,
12007,,,,,2019-07-23T14:16:16Z,46.89290000,12.59188333,3337.00,
12008,,,,,2019-07-23T14:16:17Z,46.89280000,12.59218333,3335.00,
12009,,,,,2019-07-23T14:16:18Z,46.89270000,12.59246667,3332.00,
12010,,,,,2019-07-23T14:16:19Z,46.89258333,12.59275000,3329.00,
12011,,,,,2019-07-23T14:16:20Z,46.89245000,12.59301667,3327.00,
12012,,,,,2019-07-23T14:16:21Z,46.89230000,12.59328333,3324.00,
12013,,,,,2019-07-23T14:16:22Z,46.89215000,12.59355000,3322.00,
12014,,,,,2019-07-23T14:16:23Z,46.89201667,12.59380000,3318.00,
12015,,,,,2019-07-23T14:16:24Z,46.89190000,12.59408333,3316.00,
12016,,,,,2019-07-23T14:16:25Z,46.89181667,12.59436667,3315.00,
12017,,,,,2019-07-23T14:16:26Z,46.89173333,12.59466667,3313.00,
12018,,,,,2019-07-23T14:16:27Z,46.89168333,12.59495000,3311.00,
12019,,,,,2019-07-23T14:16:28Z,46.89160000,12.59523333,3308.00,
12020,,,,,2019-07-23T14:16:29Z,46.89153333,12.59551667,3305.00,
12021,,,,,2019-07-23T14:16:30Z,46.89146667,12.59580000,3303.00,
12022,,,,,2019-07-23T14:16:31Z,46.89140000,12.59610000,3298.00,
12023,,,,,2019-07-23T14:16:32Z,46.89133333,12.59638333,3298.00,
12024,,,,,2019-07-23T14:16:33Z,46.89126667,12.59668333,3296.00,
12025,,,,,2019-07-23T14:16:34Z,46.89120000,12.59698333,3293.00,
12026,,,,,2019-07-23T14:16:35Z,46.89113333,12.59726667,3290.00,
12027,,,,,2019-07-23T14:16:36Z,46.89105000,12.59755000,3287.00,
12028,,,,,2019-07-23T14:16:37Z,46.89096667,12.59781667,3284.00,
12029,,,,,2019-07-23T14:16:38Z,46.89086667,12.59810000,3282.00,
12030,,,,,2019-07-23T14:16:39Z,46.89076667,12.59838333,3277.00,
12031,,,,,2019-07-23T14:16:40Z,46.89066667,12.59865000,3275.00,
12032,,,,,2019-07-23T14:16:41Z,46.89058333,12.59893333,3275.00,
12033,,,,,2019-07-23T14:16:42Z,46.89048333,12.59921667,3272.00,
12034,,,,,2019-07-23T14:16:43Z,46.89040000,12.59950000,3270.00,
12035,,,,,2019-07-23T14:16:44Z,46.89031667,12.59980000,3269.00,
12036,,,,,2019-07-23T14:16:45Z,46.89023333,12.60010000,3269.00,
12037,,,,,2019-07-23T14:16:46Z,46.89016667,12.60038333,3267.00,
12038,,,,,2019-07-23T14:16:47Z,46.89008333,12.60066667,3262.00,
12039,,,,,2019-07-23T14:16:48Z,46.89001667,12.60093333,3262.00,
12040,,,,,2019-07-23T14:16:49Z,46.88993333,12.60121667,3262.00,
12041,,,,,2019-07-23T14:16:50Z,46.88985000,12.60148333,3261.00,
12042,,,,,2019-07-23T14:16:51Z,46.88978333,12.60176667,3259.00,
12043,,,,,2019-07-23T14:16:52Z,46.88973333,12.60205000,3257.00,
12044,,,,,2019-07-23T14:16:53Z,46.88966667,12.60235000,3255.00,
12045,,,,,2019-07-23T14:16:54Z,46.88960000,12.60265000,3253.00,
12046,,,,,2019-07-23T14:16:55Z,46.88955000,12.60295000,3249.00,
12047,,,,,2019-07-23T14:16:56Z,46.88948333,12.60325000,3246.00,
12048,,,,,2019-07-23T14:16:57Z,46.88943333,12.60356667,3243.00,
12049,,,,,2019-07-23T14:16:58Z,46.88936667,12.60386667,3241.00,
12050,,,,,2019-07-23T14:16:59Z,46.88931667,12.60418333,3239.00,
12051,,,,,2019-07-23T14:17:00Z,46.88925000,12.60450000,3235.00,
12052,,,,,2019-07-23T14:17:01Z,46.88916667,12.60480000,3233.00,
12053,,,,,2019-07-23T14:17:02Z,46.88908333,12.60510000,3231.00,
12054,,,,,2019-07-23T14:17:03Z,46.88900000,12.60540000,3229.00,
12055,,,,,2019-07-23T14:17:04Z,46.88888333,12.60568333,3227.00,
12056,,,,,2019-07-23T14:17:05Z,46.88876667,12.60595000,3226.00,
12057,,,,,2019-07-23T14:17:06Z,46.88865000,12.60623333,3225.00,
12058,,,,,2019-07-23T14:17:07Z,46.88853333,12.60648333,3223.00,
12059,,,,,2019-07-23T14:17:08Z,46.88841667,12.60675000,3220.00,
12060,,,,,2019-07-23T14:17:09Z,46.88830000,12.60701667,3217.00,
12061,,,,,2019-07-23T14:17:10Z,46.88816667,12.60728333,3215.00,
12062,,,,,2019-07-23T14:17:11Z,46.88805000,12.60753333,3212.00,
12063,,,,,2019-07-23T14:17:12Z,46.88791667,12.60780000,3210.00,
12064,,,,,2019-07-23T14:17:13Z,46.88780000,12.60808333,3208.00,
12065,,,,,2019-07-23T14:17:14Z,46.88770000,12.60836667,3205.00,
12066,,,,,2019-07-23T14:17:15Z,46.88758333,12.60865000,3203.00,
12067,,,,,2019-07-23T14:17:16Z,46.88748333,12.60895000,3203.00,
12068,,,,,2019-07-23T14:17:17Z,46.88740000,12.60923333,3202.00,
12069,,,,,2019-07-23T14:17:18Z,46.88731667,12.60953333,3200.00,
12070,,,,,2019-07-23T14:17:19Z,46.88723333,12.60983333,3199.00,
12071,,,,,2019-07-23T14:17:20Z,46.88715000,12.61011667,3197.00,
12072,,,,,2019-07-23T14:17:21Z,46.88706667,12.61041667,3195.00,
12073,,,,,2019-07-23T14:17:22Z,46.88700000,12.61070000,3190.00,
12074,,,,,2019-07-23T14:17:23Z,46.88691667,12.61098333,3189.00,
12075,,,,,2019-07-23T14:17:24Z,46.88683333,12.61128333,3186.00,
12076,,,,,2019-07-23T14:17:25Z,46.88676667,12.61156667,3183.00,
12077,,,,,2019-07-23T14:17:26Z,46.88670000,12.61185000,3180.00,
12078,,,,,2019-07-23T14:17:27Z,46.88661667,12.61215000,3177.00,
12079,,,,,2019-07-23T14:17:28Z,46.88653333,12.61245000,3174.00,
12080,,,,,2019-07-23T14:17:29Z,46.88645000,12.61275000,3171.00,
12081,,,,,2019-07-23T14:17:30Z,46.88636667,12.61305000,3167.00,
12082,,,,,2019-07-23T14:17:31Z,46.88626667,12.61333333,3164.00,
12083,,,,,2019-07-23T14:17:32Z,46.88618333,12.61361667,3161.00,
12084,,,,,2019-07-23T14:17:33Z,46.88608333,12.61390000,3159.00,
12085,,,,,2019-07-23T14:17:34Z,46.88598333,12.61416667,3158.00,
12086,,,,,2019-07-23T14:17:35Z,46.88588333,12.61443333,3158.00,
12087,,,,,2019-07-23T14:17:36Z,46.88580000,12.61471667,3157.00,
12088,,,,,2019-07-23T14:17:37Z,46.88571667,12.61498333,3155.00,
12089,,,,,2019-07-23T14:17:38Z,46.88565000,12.61526667,3152.00,
12090,,,,,2019-07-23T14:17:39Z,46.88556667,12.61555000,3149.00,
12091,,,,,2019-07-23T14:17:40Z,46.88550000,12.61585000,3145.00,
12092,,,,,2019-07-23T14:17:41Z,46.88545000,12.61613333,3142.00,
12093,,,,,2019-07-23T14:17:42Z,46.88538333,12.61645000,3138.00,
12094,,,,,2019-07-23T14:17:43Z,46.88533333,12.61675000,3135.00,
12095,,,,,2019-07-23T14:17:44Z,46.88528333,12.61705000,3131.00,
12096,,,,,2019-07-23T14:17:45Z,46.88521667,12.61733333,3128.00,
12097,,,,,2019-07-23T14:17:46Z,46.88515000,12.61763333,3125.00,
12098,,,,,2019-07-23T14:17:47Z,46.88508333,12.61795000,3123.00,
12099,,,,,2019-07-23T14:17:48Z,46.88503333,12.61825000,3122.00,
12100,,,,,2019-07-23T14:17:49Z,46.88496667,12.61855000,3120.00,
12101,,,,,2019-07-23T14:17:50Z,46.88491667,12.61885000,3118.00,
12102,,,,,2019-07-23T14:17:51Z,46.88486667,12.61915000,3116.00,
12103,,,,,2019-07-23T14:17:52Z,46.88480000,12.61946667,3114.00,
12104,,,,,2019-07-23T14:17:53Z,46.88475000,12.61976667,3112.00,
12105,,,,,2019-07-23T14:17:54Z,46.88468333,12.62008333,3110.00,
12106,,,,,2019-07-23T14:17:55Z,46.88461667,12.62038333,3107.00,
12107,,,,,2019-07-23T14:17:56Z,46.88455000,12.62070000,3105.00,
12108,,,,,2019-07-23T14:17:57Z,46.88446667,12.62100000,3103.00,
12109,,,,,2019-07-23T14:17:58Z,46.88438333,12.62130000,3101.00,
12110,,,,,2019-07-23T14:17:59Z,46.88431667,12.62160000,3098.00,
12111,,,,,2019-07-23T14:18:00Z,46.88425000,12.62190000,3094.00,
12112,,,,,2019-07-23T14:18:01Z,46.88416667,12.62221667,3090.00,
12113,,,,,2019-07-23T14:18:02Z,46.88410000,12.62251667,3086.00,
12114,,,,,2019-07-23T14:18:03Z,46.88405000,12.62281667,3083.00,
12115,,,,,2019-07-23T14:18:04Z,46.88398333,12.62313333,3080.00,
12116,,,,,2019-07-23T14:18:05Z,46.88393333,12.62345000,3078.00,
12117,,,,,2019-07-23T14:18:06Z,46.88388333,12.62376667,3076.00,
12118,,,,,2019-07-23T14:18:07Z,46.88383333,12.62408333,3074.00,
12119,,,,,2019-07-23T14:18:08Z,46.88378333,12.62441667,3072.00,
12120,,,,,2019-07-23T14:18:09Z,46.88371667,12.62473333,3069.00,
12121,,,,,2019-07-23T14:18:10Z,46.88365000,12.62505000,3066.00,
12122,,,,,2019-07-23T14:18:11Z,46.88358333,12.62535000,3064.00,
12123,,,,,2019-07-23T14:18:12Z,46.88351667,12.62566667,3063.00,
12124,,,,,2019-07-23T14:18:13Z,46.88343333,12.62596667,3060.00,
12125,,,,,2019-07-23T14:18:14Z,46.88336667,12.62626667,3059.00,
12126,,,,,2019-07-23T14:18:15Z,46.88326667,12.62656667,3059.00,
12127,,,,,2019-07-23T14:18:16Z,46.88318333,12.62685000,3059.00,
12128,,,,,2019-07-23T14:18:17Z,46.88308333,12.62713333,3057.00,
12129,,,,,2019-07-23T14:18:18Z,46.88298333,12.62741667,3055.00,
12130,,,,,2019-07-23T14:18:19Z,46.88288333,12.62770000,3053.00,
12131,,,,,2019-07-23T14:18:20Z,46.88278333,12.62798333,3051.00,
12132,,,,,2019-07-23T14:18:21Z,46.88268333,12.62828333,3048.00,
12133,,,,,2019-07-23T14:18:22Z,46.88258333,12.62856667,3045.00,
12134,,,,,2019-07-23T14:18:23Z,46.88250000,12.62886667,3043.00,
12135,,,,,2019-07-23T14:18:24Z,46.88241667,12.62915000,3042.00,
12136,,,,,2019-07-23T14:18:25Z,46.88233333,12.62945000,3040.00,
12137,,,,,2019-07-23T14:18:26Z,46.88226667,12.62975000,3038.00,
12138,,,,,2019-07-23T14:18:27Z,46.88218333,12.63006667,3036.00,
12139,,,,,2019-07-23T14:18:28Z,46.88211667,12.63036667,3034.00,
12140,,,,,2019-07-23T14:18:29Z,46.88203333,12.63068333,3031.00,
12141,,,,,2019-07-23T14:18:30Z,46.88196667,12.63098333,3029.00,
12142,,,,,2019-07-23T14:18:31Z,46.88188333,12.63128333,3026.00,
12143,,,,,2019-07-23T14:18:32Z,46.88180000,12.63160000,3024.00,
12144,,,,,2019-07-23T14:18:33Z,46.88173333,12.63190000,3022.00,
12145,,,,,2019-07-23T14:18:34Z,46.88165000,12.63220000,3019.00,
12146,,,,,2019-07-23T14:18:35Z,46.88156667,12.63250000,3017.00,
12147,,,,,2019-07-23T14:18:36Z,46.88146667,12.63278333,3014.00,
12148,,,,,2019-07-23T14:18:37Z,46.88138333,12.63306667,3012.00,
12149,,,,,2019-07-23T14:18:38Z,46.88130000,12.63335000,3010.00,
12150,,,,,2019-07-23T14:18:39Z,46.88120000,12.63365000,3008.00,
12151,,,,,2019-07-23T14:18:40Z,46.88111667,12.63393333,3004.00,
12152,,,,,2019-07-23T14:18:41Z,46.88101667,12.63423333,3000.00,
12153,,,,,2019-07-23T14:18:42Z,46.88091667,12.63453333,2996.00,
12154,,,,,2019-07-23T14:18:43Z,46.88081667,12.63481667,2991.00,
12155,,,,,2019-07-23T14:18:44Z,46.88070000,12.63511667,2989.00,
12156,,,,,2019-07-23T14:18:45Z,46.88058333,12.63540000,2986.00,
12157,,,,,2019-07-23T14:18:46Z,46.88048333,12.63568333,2983.00,
12158,,,,,2019-07-23T14:18:47Z,46.88038333,12.63596667,2982.00,
12159,,,,,2019-07-23T14:18:48Z,46.88028333,12.63625000,2978.00,
12160,,,,,2019-07-23T14:18:49Z,46.88020000,12.63653333,2978.00,
12161,,,,,2019-07-23T14:18:50Z,46.88011667,12.63681667,2975.00,
12162,,,,,2019-07-23T14:18:51Z,46.88003333,12.63711667,2972.00,
12163,,,,,2019-07-23T14:18:52Z,46.87995000,12.63740000,2969.00,
12164,,,,,2019-07-23T14:18:53Z,46.87988333,12.63771667,2966.00,
12165,,,,,2019-07-23T14:18:54Z,46.87980000,12.63801667,2963.00,
12166,,,,,2019-07-23T14:18:55Z,46.87971667,12.63831667,2959.00,
12167,,,,,2019-07-23T14:18:56Z,46.87963333,12.63863333,2956.00,
12168,,,,,2019-07-23T14:18:57Z,46.87956667,12.63893333,2953.00,
12169,,,,,2019-07-23T14:18:58Z,46.87948333,12.63925000,2951.00,
12170,,,,,2019-07-23T14:18:59Z,46.87938333,12.63953333,2950.00,
12171,,,,,2019-07-23T14:19:00Z,46.87930000,12.63983333,2948.00,
12172,,,,,2019-07-23T14:19:01Z,46.87921667,12.64013333,2946.00,
12173,,,,,2019-07-23T14:19:02Z,46.87915000,12.64045000,2945.00,
12174,,,,,2019-07-23T14:19:03Z,46.87908333,12.64076667,2942.00,
12175,,,,,2019-07-23T14:19:04Z,46.87901667,12.64106667,2940.00,
12176,,,,,2019-07-23T14:19:05Z,46.87895000,12.64138333,2936.00,
12177,,,,,2019-07-23T14:19:06Z,46.87888333,12.64170000,2935.00,
12178,,,,,2019-07-23T14:19:07Z,46.87883333,12.64201667,2932.00,
12179,,,,,2019-07-23T14:19:08Z,46.87878333,12.64233333,2930.00,
12180,,,,,2019-07-23T14:19:09Z,46.87873333,12.64266667,2928.00,
12181,,,,,2019-07-23T14:19:10Z,46.87868333,12.64298333,2925.00,
12182,,,,,2019-07-23T14:19:11Z,46.87863333,12.64330000,2923.00,
12183,,,,,2019-07-23T14:19:12Z,46.87858333,12.64363333,2921.00,
12184,,,,,2019-07-23T14:19:13Z,46.87855000,12.64396667,2919.00,
12185,,,,,2019-07-23T14:19:14Z,46.87850000,12.64430000,2916.00,
12186,,,,,2019-07-23T14:19:15Z,46.87845000,12.64463333,2913.00,
12187,,,,,2019-07-23T14:19:16Z,46.87840000,12.64496667,2909.00,
12188,,,,,2019-07-23T14:19:17Z,46.87835000,12.64530000,2906.00,
12189,,,,,2019-07-23T14:19:18Z,46.87831667,12.64565000,2904.00,
12190,,,,,2019-07-23T14:19:19Z,46.87828333,12.64598333,2900.00,
12191,,,,,2019-07-23T14:19:20Z,46.87823333,12.64630000,2897.00,
12192,,,,,2019-07-23T14:19:21Z,46.87820000,12.64660000,2895.00,
12193,,,,,2019-07-23T14:19:22Z,46.87815000,12.64691667,2892.00,
12194,,,,,2019-07-23T14:19:23Z,46.87811667,12.64721667,2892.00,
12195,,,,,2019-07-23T14:19:24Z,46.87806667,12.64751667,2890.00,
12196,,,,,2019-07-23T14:19:25Z,46.87801667,12.64783333,2887.00,
12197,,,,,2019-07-23T14:19:26Z,46.87796667,12.64815000,2885.00,
12198,,,,,2019-07-23T14:19:27Z,46.87793333,12.64845000,2884.00,
12199,,,,,2019-07-23T14:19:28Z,46.87786667,12.64876667,2882.00,
12200,,,,,2019-07-23T14:19:29Z,46.87781667,12.64908333,2878.00,
12201,,,,,2019-07-23T14:19:30Z,46.87775000,12.64938333,2873.00,
12202,,,,,2019-07-23T14:19:31Z,46.87770000,12.64968333,2870.00,
12203,,,,,2019-07-23T14:19:32Z,46.87765000,12.65000000,2868.00,
12204,,,,,2019-07-23T14:19:33Z,46.87760000,12.65030000,2866.00,
12205,,,,,2019-07-23T14:19:34Z,46.87756667,12.65060000,2863.00,
12206,,,,,2019-07-23T14:19:35Z,46.87751667,12.65090000,2860.00,
12207,,,,,2019-07-23T14:19:36Z,46.87745000,12.65118333,2857.00,
12208,,,,,2019-07-23T14:19:37Z,46.87740000,12.65146667,2855.00,
12209,,,,,2019-07-23T14:19:38Z,46.87733333,12.65176667,2854.00,
12210,,,,,2019-07-23T14:19:39Z,46.87728333,12.65205000,2853.00,
12211,,,,,2019-07-23T14:19:40Z,46.87723333,12.65235000,2849.00,
12212,,,,,2019-07-23T14:19:41Z,46.87720000,12.65265000,2847.00,
12213,,,,,2019-07-23T14:19:42Z,46.87716667,12.65295000,2846.00,
12214,,,,,2019-07-23T14:19:43Z,46.87713333,12.65325000,2843.00,
12215,,,,,2019-07-23T14:19:44Z,46.87710000,12.65356667,2842.00,
12216,,,,,2019-07-23T14:19:45Z,46.87706667,12.65386667,2841.00,
12217,,,,,2019-07-23T14:19:46Z,46.87701667,12.65418333,2838.00,
12218,,,,,2019-07-23T14:19:47Z,46.87696667,12.65448333,2834.00,
12219,,,,,2019-07-23T14:19:48Z,46.87693333,12.65480000,2829.00,
12220,,,,,2019-07-23T14:19:49Z,46.87688333,12.65510000,2824.00,
12221,,,,,2019-07-23T14:19:50Z,46.87685000,12.65540000,2822.00,
12222,,,,,2019-07-23T14:19:51Z,46.87683333,12.65570000,2823.00,
12223,,,,,2019-07-23T14:19:52Z,46.87685000,12.65600000,2823.00,
12224,,,,,2019-07-23T14:19:53Z,46.87685000,12.65630000,2822.00,
12225,,,,,2019-07-23T14:19:54Z,46.87686667,12.65660000,2821.00,
12226,,,,,2019-07-23T14:19:55Z,46.87686667,12.65691667,2818.00,
12227,,,,,2019-07-23T14:19:56Z,46.87686667,12.65721667,2817.00,
12228,,,,,2019-07-23T14:19:57Z,46.87685000,12.65753333,2815.00,
12229,,,,,2019-07-23T14:19:58Z,46.87681667,12.65785000,2813.00,
12230,,,,,2019-07-23T14:19:59Z,46.87678333,12.65815000,2811.00,
12231,,,,,2019-07-23T14:20:00Z,46.87675000,12.65845000,2809.00,
12232,,,,,2019-07-23T14:20:01Z,46.87671667,12.65875000,2807.00,
12233,,,,,2019-07-23T14:20:02Z,46.87668333,12.65903333,2806.00,
12234,,,,,2019-07-23T14:20:03Z,46.87665000,12.65933333,2804.00,
12235,,,,,2019-07-23T14:20:04Z,46.87660000,12.65963333,2801.00,
12236,,,,,2019-07-23T14:20:05Z,46.87656667,12.65993333,2799.00,
12237,,,,,2019-07-23T14:20:06Z,46.87653333,12.66023333,2797.00,
12238,,,,,2019-07-23T14:20:07Z,46.87651667,12.66053333,2794.00,
12239,,,,,2019-07-23T14:20:08Z,46.87648333,12.66083333,2791.00,
12240,,,,,2019-07-23T14:20:09Z,46.87645000,12.66113333,2791.00,
12241,,,,,2019-07-23T14:20:10Z,46.87641667,12.66145000,2789.00,
12242,,,,,2019-07-23T14:20:11Z,46.87638333,12.66175000,2785.00,
12243,,,,,2019-07-23T14:20:12Z,46.87635000,12.66206667,2782.00,
12244,,,,,2019-07-23T14:20:13Z,46.87631667,12.66236667,2780.00,
12245,,,,,2019-07-23T14:20:14Z,46.87628333,12.66268333,2778.00,
12246,,,,,2019-07-23T14:20:15Z,46.87626667,12.66300000,2775.00,
12247,,,,,2019-07-23T14:20:16Z,46.87625000,12.66330000,2771.00,
12248,,,,,2019-07-23T14:20:17Z,46.87623333,12.66361667,2768.00,
12249,,,,,2019-07-23T14:20:18Z,46.87620000,12.66393333,2765.00,
12250,,,,,2019-07-23T14:20:19Z,46.87618333,12.66426667,2761.00,
12251,,,,,2019-07-23T14:20:20Z,46.87616667,12.66458333,2758.00,
12252,,,,,2019-07-23T14:20:21Z,46.87615000,12.66490000,2754.00,
12253,,,,,2019-07-23T14:20:22Z,46.87611667,12.66523333,2750.00,
12254,,,,,2019-07-23T14:20:23Z,46.87610000,12.66555000,2747.00,
12255,,,,,2019-07-23T14:20:24Z,46.87608333,12.66586667,2745.00,
12256,,,,,2019-07-23T14:20:25Z,46.87605000,12.66620000,2742.00,
12257,,,,,2019-07-23T14:20:26Z,46.87603333,12.66651667,2739.00,
12258,,,,,2019-07-23T14:20:27Z,46.87601667,12.66685000,2737.00,
12259,,,,,2019-07-23T14:20:28Z,46.87600000,12.66718333,2734.00,
12260,,,,,2019-07-23T14:20:29Z,46.87596667,12.66751667,2731.00,
12261,,,,,2019-07-23T14:20:30Z,46.87593333,12.66785000,2730.00,
12262,,,,,2019-07-23T14:20:31Z,46.87590000,12.66816667,2729.00,
12263,,,,,2019-07-23T14:20:32Z,46.87585000,12.66848333,2728.00,
12264,,,,,2019-07-23T14:20:33Z,46.87581667,12.66880000,2728.00,
12265,,,,,2019-07-23T14:20:34Z,46.87576667,12.66911667,2727.00,
12266,,,,,2019-07-23T14:20:35Z,46.87571667,12.66941667,2726.00,
12267,,,,,2019-07-23T14:20:36Z,46.87566667,12.66973333,2725.00,
12268,,,,,2019-07-23T14:20:37Z,46.87560000,12.67005000,2723.00,
12269,,,,,2019-07-23T14:20:38Z,46.87555000,12.67036667,2720.00,
12270,,,,,2019-07-23T14:20:39Z,46.87550000,12.67070000,2719.00,
12271,,,,,2019-07-23T14:20:40Z,46.87546667,12.67103333,2717.00,
12272,,,,,2019-07-23T14:20:41Z,46.87543333,12.67135000,2715.00,
12273,,,,,2019-07-23T14:20:42Z,46.87538333,12.67168333,2713.00,
12274,,,,,2019-07-23T14:20:43Z,46.87535000,12.67201667,2710.00,
12275,,,,,2019-07-23T14:20:44Z,46.87530000,12.67235000,2707.00,
12276,,,,,2019-07-23T14:20:45Z,46.87525000,12.67266667,2704.00,
12277,,,,,2019-07-23T14:20:46Z,46.87520000,12.67300000,2701.00,
12278,,,,,2019-07-23T14:20:47Z,46.87515000,12.67331667,2698.00,
12279,,,,,2019-07-23T14:20:48Z,46.87511667,12.67363333,2696.00,
12280,,,,,2019-07-23T14:20:49Z,46.87508333,12.67395000,2695.00,
12281,,,,,2019-07-23T14:20:50Z,46.87505000,12.67426667,2694.00,
12282,,,,,2019-07-23T14:20:51Z,46.87503333,12.67460000,2694.00,
12283,,,,,2019-07-23T14:20:52Z,46.87501667,12.67491667,2692.00,
12284,,,,,2019-07-23T14:20:53Z,46.87501667,12.67523333,2690.00,
12285,,,,,2019-07-23T14:20:54Z,46.87500000,12.67555000,2688.00,
12286,,,,,2019-07-23T14:20:55Z,46.87500000,12.67586667,2688.00,
12287,,,,,2019-07-23T14:20:56Z,46.87500000,12.67618333,2688.00,
12288,,,,,2019-07-23T14:20:57Z,46.87501667,12.67650000,2687.00,
12289,,,,,2019-07-23T14:20:58Z,46.87501667,12.67681667,2686.00,
12290,,,,,2019-07-23T14:20:59Z,46.87501667,12.67715000,2683.00,
12291,,,,,2019-07-23T14:21:00Z,46.87503333,12.67746667,2681.00,
12292,,,,,2019-07-23T14:21:01Z,46.87501667,12.67780000,2679.00,
12293,,,,,2019-07-23T14:21:02Z,46.87501667,12.67813333,2676.00,
12294,,,,,2019-07-23T14:21:03Z,46.87500000,12.67846667,2674.00,
12295,,,,,2019-07-23T14:21:04Z,46.87500000,12.67880000,2673.00,
12296,,,,,2019-07-23T14:21:05Z,46.87498333,12.67913333,2671.00,
12297,,,,,2019-07-23T14:21:06Z,46.87498333,12.67946667,2670.00,
12298,,,,,2019-07-23T14:21:07Z,46.87498333,12.67978333,2671.00,
12299,,,,,2019-07-23T14:21:08Z,46.87500000,12.68010000,2671.00,
12300,,,,,2019-07-23T14:21:09Z,46.87501667,12.68041667,2670.00,
12301,,,,,2019-07-23T14:21:10Z,46.87505000,12.68073333,2669.00,
12302,,,,,2019-07-23T14:21:11Z,46.87508333,12.68105000,2667.00,
12303,,,,,2019-07-23T14:21:12Z,46.87511667,12.68136667,2665.00,
12304,,,,,2019-07-23T14:21:13Z,46.87515000,12.68170000,2663.00,
12305,,,,,2019-07-23T14:21:14Z,46.87518333,12.68201667,2661.00,
12306,,,,,2019-07-23T14:21:15Z,46.87523333,12.68233333,2660.00,
12307,,,,,2019-07-23T14:21:16Z,46.87528333,12.68266667,2657.00,
12308,,,,,2019-07-23T14:21:17Z,46.87533333,12.68298333,2655.00,
12309,,,,,2019-07-23T14:21:18Z,46.87536667,12.68330000,2651.00,
12310,,,,,2019-07-23T14:21:19Z,46.87541667,12.68361667,2648.00,
12311,,,,,2019-07-23T14:21:20Z,46.87545000,12.68395000,2649.00,
12312,,,,,2019-07-23T14:21:21Z,46.87550000,12.68425000,2647.00,
12313,,,,,2019-07-23T14:21:22Z,46.87553333,12.68456667,2646.00,
12314,,,,,2019-07-23T14:21:23Z,46.87558333,12.68488333,2645.00,
12315,,,,,2019-07-23T14:21:24Z,46.87561667,12.68520000,2645.00,
12316,,,,,2019-07-23T14:21:25Z,46.87566667,12.68551667,2645.00,
12317,,,,,2019-07-23T14:21:26Z,46.87570000,12.68581667,2643.00,
12318,,,,,2019-07-23T14:21:27Z,46.87573333,12.68613333,2642.00,
12319,,,,,2019-07-23T14:21:28Z,46.87576667,12.68646667,2640.00,
12320,,,,,2019-07-23T14:21:29Z,46.87578333,12.68680000,2638.00,
12321,,,,,2019-07-23T14:21:30Z,46.87578333,12.68713333,2636.00,
12322,,,,,2019-07-23T14:21:31Z,46.87578333,12.68748333,2633.00,
12323,,,,,2019-07-23T14:21:32Z,46.87576667,12.68783333,2630.00,
12324,,,,,2019-07-23T14:21:33Z,46.87576667,12.68818333,2628.00,
12325,,,,,2019-07-23T14:21:34Z,46.87573333,12.68853333,2625.00,
12326,,,,,2019-07-23T14:21:35Z,46.87571667,12.68886667,2622.00,
12327,,,,,2019-07-23T14:21:36Z,46.87570000,12.68921667,2620.00,
12328,,,,,2019-07-23T14:21:37Z,46.87568333,12.68955000,2618.00,
12329,,,,,2019-07-23T14:21:38Z,46.87566667,12.68988333,2614.00,
12330,,,,,2019-07-23T14:21:39Z,46.87566667,12.69020000,2611.00,
12331,,,,,2019-07-23T14:21:40Z,46.87565000,12.69051667,2608.00,
12332,,,,,2019-07-23T14:21:41Z,46.87563333,12.69085000,2606.00,
12333,,,,,2019-07-23T14:21:42Z,46.87563333,12.69116667,2605.00,
12334,,,,,2019-07-23T14:21:43Z,46.87561667,12.69148333,2603.00,
12335,,,,,2019-07-23T14:21:44Z,46.87560000,12.69180000,2601.00,
12336,,,,,2019-07-23T14:21:45Z,46.87558333,12.69211667,2599.00,
12337,,,,,2019-07-23T14:21:46Z,46.87555000,12.69243333,2595.00,
12338,,,,,2019-07-23T14:21:47Z,46.87553333,12.69275000,2591.00,
12339,,,,,2019-07-23T14:21:48Z,46.87551667,12.69306667,2588.00,
12340,,,,,2019-07-23T14:21:49Z,46.87550000,12.69338333,2584.00,
12341,,,,,2019-07-23T14:21:50Z,46.87548333,12.69370000,2580.00,
12342,,,,,2019-07-23T14:21:51Z,46.87548333,12.69400000,2575.00,
12343,,,,,2019-07-23T14:21:52Z,46.87546667,12.69431667,2574.00,
12344,,,,,2019-07-23T14:21:53Z,46.87545000,12.69463333,2569.00,
12345,,,,,2019-07-23T14:21:54Z,46.87543333,12.69495000,2565.00,
12346,,,,,2019-07-23T14:21:55Z,46.87541667,12.69526667,2560.00,
12347,,,,,2019-07-23T14:21:56Z,46.87540000,12.69556667,2557.00,
12348,,,,,2019-07-23T14:21:57Z,46.87538333,12.69586667,2554.00,
12349,,,,,2019-07-23T14:21:58Z,46.87538333,12.69618333,2551.00,
12350,,,,,2019-07-23T14:21:59Z,46.87536667,12.69648333,2548.00,
12351,,,,,2019-07-23T14:22:00Z,46.87536667,12.69680000,2545.00,
12352,,,,,2019-07-23T14:22:01Z,46.87535000,12.69710000,2542.00,
12353,,,,,2019-07-23T14:22:02Z,46.87535000,12.69738333,2540.00,
12354,,,,,2019-07-23T14:22:03Z,46.87535000,12.69768333,2538.00,
12355,,,,,2019-07-23T14:22:04Z,46.87533333,12.69798333,2536.00,
12356,,,,,2019-07-23T14:22:05Z,46.87531667,12.69828333,2533.00,
12357,,,,,2019-07-23T14:22:06Z,46.87528333,12.69858333,2528.00,
12358,,,,,2019-07-23T14:22:07Z,46.87528333,12.69888333,2524.00,
12359,,,,,2019-07-23T14:22:08Z,46.87526667,12.69916667,2519.00,
12360,,,,,2019-07-23T14:22:09Z,46.87528333,12.69948333,2516.00,
12361,,,,,2019-07-23T14:22:10Z,46.87531667,12.69976667,2513.00,
12362,,,,,2019-07-23T14:22:11Z,46.87535000,12.70006667,2508.00,
12363,,,,,2019-07-23T14:22:12Z,46.87538333,12.70036667,2503.00,
12364,,,,,2019-07-23T14:22:13Z,46.87538333,12.70068333,2501.00,
12365,,,,,2019-07-23T14:22:14Z,46.87538333,12.70098333,2498.00,
12366,,,,,2019-07-23T14:22:15Z,46.87538333,12.70128333,2494.00,
12367,,,,,2019-07-23T14:22:16Z,46.87536667,12.70156667,2492.00,
12368,,,,,2019-07-23T14:22:17Z,46.87536667,12.70185000,2488.00,
12369,,,,,2019-07-23T14:22:18Z,46.87536667,12.70211667,2486.00,
12370,,,,,2019-07-23T14:22:19Z,46.87538333,12.70240000,2483.00,
12371,,,,,2019-07-23T14:22:20Z,46.87540000,12.70268333,2480.00,
12372,,,,,2019-07-23T14:22:21Z,46.87541667,12.70296667,2477.00,
12373,,,,,2019-07-23T14:22:22Z,46.87543333,12.70325000,2474.00,
12374,,,,,2019-07-23T14:22:23Z,46.87546667,12.70355000,2471.00,
12375,,,,,2019-07-23T14:22:24Z,46.87548333,12.70385000,2468.00,
12376,,,,,2019-07-23T14:22:25Z,46.87548333,12.70416667,2464.00,
12377,,,,,2019-07-23T14:22:26Z,46.87546667,12.70446667,2461.00,
12378,,,,,2019-07-23T14:22:27Z,46.87545000,12.70476667,2459.00,
12379,,,,,2019-07-23T14:22:28Z,46.87543333,12.70503333,2459.00,
12380,,,,,2019-07-23T14:22:29Z,46.87541667,12.70531667,2459.00,
12381,,,,,2019-07-23T14:22:30Z,46.87541667,12.70558333,2457.00,
12382,,,,,2019-07-23T14:22:31Z,46.87540000,12.70585000,2456.00,
12383,,,,,2019-07-23T14:22:32Z,46.87538333,12.70610000,2455.00,
12384,,,,,2019-07-23T14:22:33Z,46.87538333,12.70636667,2453.00,
12385,,,,,2019-07-23T14:22:34Z,46.87536667,12.70661667,2451.00,
12386,,,,,2019-07-23T14:22:35Z,46.87535000,12.70688333,2449.00,
12387,,,,,2019-07-23T14:22:36Z,46.87535000,12.70716667,2446.00,
12388,,,,,2019-07-23T14:22:37Z,46.87535000,12.70745000,2442.00,
12389,,,,,2019-07-23T14:22:38Z,46.87533333,12.70773333,2439.00,
12390,,,,,2019-07-23T14:22:39Z,46.87531667,12.70803333,2436.00,
12391,,,,,2019-07-23T14:22:40Z,46.87530000,12.70833333,2433.00,
12392,,,,,2019-07-23T14:22:41Z,46.87526667,12.70861667,2431.00,
12393,,,,,2019-07-23T14:22:42Z,46.87523333,12.70891667,2429.00,
12394,,,,,2019-07-23T14:22:43Z,46.87518333,12.70920000,2426.00,
12395,,,,,2019-07-23T14:22:44Z,46.87515000,12.70946667,2427.00,
12396,,,,,2019-07-23T14:22:45Z,46.87511667,12.70975000,2425.00,
12397,,,,,2019-07-23T14:22:46Z,46.87510000,12.71003333,2422.00,
12398,,,,,2019-07-23T14:22:47Z,46.87510000,12.71031667,2422.00,
12399,,,,,2019-07-23T14:22:48Z,46.87510000,12.71060000,2420.00,
12400,,,,,2019-07-23T14:22:49Z,46.87510000,12.71086667,2418.00,
12401,,,,,2019-07-23T14:22:50Z,46.87508333,12.71115000,2416.00,
12402,,,,,2019-07-23T14:22:51Z,46.87508333,12.71141667,2415.00,
12403,,,,,2019-07-23T14:22:52Z,46.87508333,12.71170000,2415.00,
12404,,,,,2019-07-23T14:22:53Z,46.87506667,12.71196667,2414.00,
12405,,,,,2019-07-23T14:22:54Z,46.87506667,12.71225000,2412.00,
12406,,,,,2019-07-23T14:22:55Z,46.87505000,12.71251667,2411.00,
12407,,,,,2019-07-23T14:22:56Z,46.87505000,12.71280000,2410.00,
12408,,,,,2019-07-23T14:22:57Z,46.87505000,12.71306667,2408.00,
12409,,,,,2019-07-23T14:22:58Z,46.87505000,12.71333333,2406.00,
12410,,,,,2019-07-23T14:22:59Z,46.87505000,12.71361667,2405.00,
12411,,,,,2019-07-23T14:23:00Z,46.87505000,12.71390000,2403.00,
12412,,,,,2019-07-23T14:23:01Z,46.87505000,12.71420000,2401.00,
12413,,,,,2019-07-23T14:23:02Z,46.87506667,12.71450000,2399.00,
12414,,,,,2019-07-23T14:23:03Z,46.87505000,12.71478333,2396.00,
12415,,,,,2019-07-23T14:23:04Z,46.87505000,12.71506667,2392.00,
12416,,,,,2019-07-23T14:23:05Z,46.87505000,12.71535000,2390.00,
12417,,,,,2019-07-23T14:23:06Z,46.87506667,12.71565000,2386.00,
12418,,,,,2019-07-23T14:23:07Z,46.87506667,12.71593333,2382.00,
12419,,,,,2019-07-23T14:23:08Z,46.87506667,12.71623333,2378.00,
12420,,,,,2019-07-23T14:23:09Z,46.87506667,12.71653333,2375.00,
12421,,,,,2019-07-23T14:23:10Z,46.87505000,12.71681667,2371.00,
12422,,,,,2019-07-23T14:23:11Z,46.87501667,12.71711667,2368.00,
12423,,,,,2019-07-23T14:23:12Z,46.87498333,12.71740000,2366.00,
12424,,,,,2019-07-23T14:23:13Z,46.87496667,12.71768333,2363.00,
12425,,,,,2019-07-23T14:23:14Z,46.87495000,12.71796667,2361.00,
12426,,,,,2019-07-23T14:23:15Z,46.87495000,12.71825000,2359.00,
12427,,,,,2019-07-23T14:23:16Z,46.87493333,12.71853333,2356.00,
12428,,,,,2019-07-23T14:23:17Z,46.87493333,12.71881667,2353.00,
12429,,,,,2019-07-23T14:23:18Z,46.87490000,12.71910000,2351.00,
12430,,,,,2019-07-23T14:23:19Z,46.87488333,12.71938333,2349.00,
12431,,,,,2019-07-23T14:23:20Z,46.87486667,12.71966667,2345.00,
12432,,,,,2019-07-23T14:23:21Z,46.87485000,12.71995000,2346.00,
12433,,,,,2019-07-23T14:23:22Z,46.87483333,12.72021667,2347.00,
12434,,,,,2019-07-23T14:23:23Z,46.87483333,12.72050000,2345.00,
12435,,,,,2019-07-23T14:23:24Z,46.87483333,12.72076667,2342.00,
12436,,,,,2019-07-23T14:23:25Z,46.87483333,12.72105000,2339.00,
12437,,,,,2019-07-23T14:23:26Z,46.87483333,12.72131667,2336.00,
12438,,,,,2019-07-23T14:23:27Z,46.87481667,12.72160000,2333.00,
12439,,,,,2019-07-23T14:23:28Z,46.87480000,12.72186667,2331.00,
12440,,,,,2019-07-23T14:23:29Z,46.87478333,12.72213333,2329.00,
12441,,,,,2019-07-23T14:23:30Z,46.87478333,12.72238333,2328.00,
12442,,,,,2019-07-23T14:23:31Z,46.87478333,12.72265000,2328.00,
12443,,,,,2019-07-23T14:23:32Z,46.87478333,12.72290000,2327.00,
12444,,,,,2019-07-23T14:23:33Z,46.87478333,12.72316667,2323.00,
12445,,,,,2019-07-23T14:23:34Z,46.87478333,12.72343333,2320.00,
12446,,,,,2019-07-23T14:23:35Z,46.87476667,12.72370000,2317.00,
12447,,,,,2019-07-23T14:23:36Z,46.87475000,12.72396667,2313.00,
12448,,,,,2019-07-23T14:23:37Z,46.87473333,12.72425000,2310.00,
12449,,,,,2019-07-23T14:23:38Z,46.87471667,12.72453333,2305.00,
12450,,,,,2019-07-23T14:23:39Z,46.87471667,12.72480000,2302.00,
12451,,,,,2019-07-23T14:23:40Z,46.87470000,12.72506667,2300.00,
12452,,,,,2019-07-23T14:23:41Z,46.87468333,12.72535000,2297.00,
12453,,,,,2019-07-23T14:23:42Z,46.87466667,12.72561667,2295.00,
12454,,,,,2019-07-23T14:23:43Z,46.87463333,12.72590000,2290.00,
12455,,,,,2019-07-23T14:23:44Z,46.87460000,12.72616667,2285.00,
12456,,,,,2019-07-23T14:23:45Z,46.87456667,12.72645000,2282.00,
12457,,,,,2019-07-23T14:23:46Z,46.87453333,12.72671667,2281.00,
12458,,,,,2019-07-23T14:23:47Z,46.87450000,12.72698333,2279.00,
12459,,,,,2019-07-23T14:23:48Z,46.87446667,12.72725000,2275.00,
12460,,,,,2019-07-23T14:23:49Z,46.87443333,12.72751667,2271.00,
12461,,,,,2019-07-23T14:23:50Z,46.87440000,12.72778333,2268.00,
12462,,,,,2019-07-23T14:23:51Z,46.87436667,12.72803333,2265.00,
12463,,,,,2019-07-23T14:23:52Z,46.87433333,12.72828333,2261.00,
12464,,,,,2019-07-23T14:23:53Z,46.87428333,12.72855000,2259.00,
12465,,,,,2019-07-23T14:23:54Z,46.87426667,12.72880000,2258.00,
12466,,,,,2019-07-23T14:23:55Z,46.87423333,12.72905000,2252.00,
12467,,,,,2019-07-23T14:23:56Z,46.87420000,12.72930000,2248.00,
12468,,,,,2019-07-23T14:23:57Z,46.87416667,12.72955000,2245.00,
12469,,,,,2019-07-23T14:23:58Z,46.87413333,12.72980000,2240.00,
12470,,,,,2019-07-23T14:23:59Z,46.87408333,12.73003333,2240.00,
12471,,,,,2019-07-23T14:24:00Z,46.87403333,12.73028333,2237.00,
12472,,,,,2019-07-23T14:24:01Z,46.87398333,12.73051667,2231.00,
12473,,,,,2019-07-23T14:24:02Z,46.87393333,12.73075000,2227.00,
12474,,,,,2019-07-23T14:24:03Z,46.87388333,12.73098333,2223.00,
12475,,,,,2019-07-23T14:24:04Z,46.87383333,12.73121667,2221.00,
12476,,,,,2019-07-23T14:24:05Z,46.87380000,12.73143333,2220.00,
12477,,,,,2019-07-23T14:24:06Z,46.87376667,12.73166667,2219.00,
12478,,,,,2019-07-23T14:24:07Z,46.87373333,12.73190000,2217.00,
12479,,,,,2019-07-23T14:24:08Z,46.87371667,12.73213333,2215.00,
12480,,,,,2019-07-23T14:24:09Z,46.87370000,12.73236667,2212.00,
12481,,,,,2019-07-23T14:24:10Z,46.87368333,12.73261667,2209.00,
12482,,,,,2019-07-23T14:24:11Z,46.87366667,12.73286667,2206.00,
12483,,,,,2019-07-23T14:24:12Z,46.87365000,12.73311667,2203.00,
12484,,,,,2019-07-23T14:24:13Z,46.87363333,12.73338333,2200.00,
12485,,,,,2019-07-23T14:24:14Z,46.87360000,12.73363333,2196.00,
12486,,,,,2019-07-23T14:24:15Z,46.87358333,12.73388333,2193.00,
12487,,,,,2019-07-23T14:24:16Z,46.87356667,12.73415000,2190.00,
12488,,,,,2019-07-23T14:24:17Z,46.87355000,12.73441667,2186.00,
12489,,,,,2019-07-23T14:24:18Z,46.87355000,12.73466667,2181.00,
12490,,,,,2019-07-23T14:24:19Z,46.87353333,12.73493333,2178.00,
12491,,,,,2019-07-23T14:24:20Z,46.87353333,12.73518333,2176.00,
12492,,,,,2019-07-23T14:24:21Z,46.87351667,12.73545000,2174.00,
12493,,,,,2019-07-23T14:24:22Z,46.87350000,12.73570000,2172.00,
12494,,,,,2019-07-23T14:24:23Z,46.87348333,12.73596667,2169.00,
12495,,,,,2019-07-23T14:24:24Z,46.87346667,12.73623333,2166.00,
12496,,,,,2019-07-23T14:24:25Z,46.87346667,12.73648333,2162.00,
12497,,,,,2019-07-23T14:24:26Z,46.87345000,12.73675000,2159.00,
12498,,,,,2019-07-23T14:24:27Z,46.87345000,12.73701667,2156.00,
12499,,,,,2019-07-23T14:24:28Z,46.87343333,12.73728333,2154.00,
12500,,,,,2019-07-23T14:24:29Z,46.87340000,12.73755000,2151.00,
12501,,,,,2019-07-23T14:24:30Z,46.87336667,12.73781667,2148.00,
12502,,,,,2019-07-23T14:24:31Z,46.87330000,12.73808333,2144.00,
12503,,,,,2019-07-23T14:24:32Z,46.87323333,12.73833333,2143.00,
12504,,,,,2019-07-23T14:24:33Z,46.87315000,12.73860000,2143.00,
12505,,,,,2019-07-23T14:24:34Z,46.87308333,12.73885000,2138.00,
12506,,,,,2019-07-23T14:24:35Z,46.87300000,12.73910000,2135.00,
12507,,,,,2019-07-23T14:24:36Z,46.87291667,12.73935000,2132.00,
12508,,,,,2019-07-23T14:24:37Z,46.87281667,12.73958333,2129.00,
12509,,,,,2019-07-23T14:24:38Z,46.87273333,12.73981667,2129.00,
12510,,,,,2019-07-23T14:24:39Z,46.87265000,12.74006667,2125.00,
12511,,,,,2019-07-23T14:24:40Z,46.87258333,12.74030000,2126.00,
12512,,,,,2019-07-23T14:24:41Z,46.87250000,12.74055000,2124.00,
12513,,,,,2019-07-23T14:24:42Z,46.87243333,12.74080000,2120.00,
12514,,,,,2019-07-23T14:24:43Z,46.87235000,12.74103333,2115.00,
12515,,,,,2019-07-23T14:24:44Z,46.87225000,12.74126667,2111.00,
12516,,,,,2019-07-23T14:24:45Z,46.87216667,12.74150000,2109.00,
12517,,,,,2019-07-23T14:24:46Z,46.87206667,12.74173333,2107.00,
12518,,,,,2019-07-23T14:24:47Z,46.87196667,12.74196667,2103.00,
12519,,,,,2019-07-23T14:24:48Z,46.87188333,12.74220000,2099.00,
12520,,,,,2019-07-23T14:24:49Z,46.87180000,12.74245000,2096.00,
12521,,,,,2019-07-23T14:24:50Z,46.87171667,12.74268333,2093.00,
12522,,,,,2019-07-23T14:24:51Z,46.87165000,12.74295000,2091.00,
12523,,,,,2019-07-23T14:24:52Z,46.87156667,12.74320000,2088.00,
12524,,,,,2019-07-23T14:24:53Z,46.87150000,12.74345000,2086.00,
12525,,,,,2019-07-23T14:24:54Z,46.87145000,12.74371667,2083.00,
12526,,,,,2019-07-23T14:24:55Z,46.87138333,12.74398333,2081.00,
12527,,,,,2019-07-23T14:24:56Z,46.87131667,12.74423333,2078.00,
12528,,,,,2019-07-23T14:24:57Z,46.87123333,12.74448333,2075.00,
12529,,,,,2019-07-23T14:24:58Z,46.87116667,12.74473333,2072.00,
12530,,,,,2019-07-23T14:24:59Z,46.87108333,12.74498333,2069.00,
12531,,,,,2019-07-23T14:25:00Z,46.87100000,12.74521667,2067.00,
12532,,,,,2019-07-23T14:25:01Z,46.87091667,12.74543333,2065.00,
12533,,,,,2019-07-23T14:25:02Z,46.87083333,12.74563333,2063.00,
12534,,,,,2019-07-23T14:25:03Z,46.87075000,12.74585000,2061.00,
12535,,,,,2019-07-23T14:25:04Z,46.87066667,12.74606667,2060.00,
12536,,,,,2019-07-23T14:25:05Z,46.87060000,12.74630000,2057.00,
12537,,,,,2019-07-23T14:25:06Z,46.87053333,12.74653333,2053.00,
12538,,,,,2019-07-23T14:25:07Z,46.87045000,12.74678333,2049.00,
12539,,,,,2019-07-23T14:25:08Z,46.87036667,12.74703333,2045.00,
12540,,,,,2019-07-23T14:25:09Z,46.87026667,12.74730000,2041.00,
12541,,,,,2019-07-23T14:25:10Z,46.87016667,12.74755000,2038.00,
12542,,,,,2019-07-23T14:25:11Z,46.87008333,12.74780000,2035.00,
12543,,,,,2019-07-23T14:25:12Z,46.86998333,12.74805000,2032.00,
12544,,,,,2019-07-23T14:25:13Z,46.86988333,12.74830000,2031.00,
12545,,,,,2019-07-23T14:25:14Z,46.86980000,12.74855000,2030.00,
12546,,,,,2019-07-23T14:25:15Z,46.86971667,12.74881667,2027.00,
12547,,,,,2019-07-23T14:25:16Z,46.86963333,12.74906667,2025.00,
12548,,,,,2019-07-23T14:25:17Z,46.86958333,12.74931667,2023.00,
12549,,,,,2019-07-23T14:25:18Z,46.86953333,12.74956667,2023.00,
12550,,,,,2019-07-23T14:25:19Z,46.86948333,12.74981667,2022.00,
12551,,,,,2019-07-23T14:25:20Z,46.86943333,12.75008333,2020.00,
12552,,,,,2019-07-23T14:25:21Z,46.86938333,12.75035000,2017.00,
12553,,,,,2019-07-23T14:25:22Z,46.86933333,12.75061667,2014.00,
12554,,,,,2019-07-23T14:25:23Z,46.86928333,12.75088333,2010.00,
12555,,,,,2019-07-23T14:25:24Z,46.86923333,12.75115000,2008.00,
12556,,,,,2019-07-23T14:25:25Z,46.86915000,12.75141667,2004.00,
12557,,,,,2019-07-23T14:25:26Z,46.86908333,12.75166667,2001.00,
12558,,,,,2019-07-23T14:25:27Z,46.86900000,12.75193333,1999.00,
12559,,,,,2019-07-23T14:25:28Z,46.86891667,12.75218333,1997.00,
12560,,,,,2019-07-23T14:25:29Z,46.86883333,12.75243333,1995.00,
12561,,,,,2019-07-23T14:25:30Z,46.86876667,12.75270000,1993.00,
12562,,,,,2019-07-23T14:25:31Z,46.86868333,12.75296667,1993.00,
12563,,,,,2019-07-23T14:25:32Z,46.86861667,12.75323333,1990.00,
12564,,,,,2019-07-23T14:25:33Z,46.86853333,12.75348333,1988.00,
12565,,,,,2019-07-23T14:25:34Z,46.86843333,12.75375000,1985.00,
12566,,,,,2019-07-23T14:25:35Z,46.86831667,12.75398333,1981.00,
12567,,,,,2019-07-23T14:25:36Z,46.86820000,12.75423333,1978.00,
12568,,,,,2019-07-23T14:25:37Z,46.86810000,12.75446667,1976.00,
12569,,,,,2019-07-23T14:25:38Z,46.86798333,12.75470000,1973.00,
12570,,,,,2019-07-23T14:25:39Z,46.86786667,12.75495000,1970.00,
12571,,,,,2019-07-23T14:25:40Z,46.86776667,12.75516667,1967.00,
12572,,,,,2019-07-23T14:25:41Z,46.86765000,12.75540000,1965.00,
12573,,,,,2019-07-23T14:25:42Z,46.86755000,12.75563333,1963.00,
12574,,,,,2019-07-23T14:25:43Z,46.86745000,12.75586667,1959.00,
12575,,,,,2019-07-23T14:25:44Z,46.86733333,12.75610000,1954.00,
12576,,,,,2019-07-23T14:25:45Z,46.86721667,12.75631667,1952.00,
12577,,,,,2019-07-23T14:25:46Z,46.86711667,12.75656667,1949.00,
12578,,,,,2019-07-23T14:25:47Z,46.86700000,12.75680000,1946.00,
12579,,,,,2019-07-23T14:25:48Z,46.86690000,12.75703333,1943.00,
12580,,,,,2019-07-23T14:25:49Z,46.86680000,12.75728333,1940.00,
12581,,,,,2019-07-23T14:25:50Z,46.86670000,12.75751667,1939.00,
12582,,,,,2019-07-23T14:25:51Z,46.86660000,12.75776667,1939.00,
12583,,,,,2019-07-23T14:25:52Z,46.86650000,12.75801667,1934.00,
12584,,,,,2019-07-23T14:25:53Z,46.86640000,12.75826667,1931.00,
12585,,,,,2019-07-23T14:25:54Z,46.86630000,12.75851667,1928.00,
12586,,,,,2019-07-23T14:25:55Z,46.86620000,12.75876667,1927.00,
12587,,,,,2019-07-23T14:25:56Z,46.86611667,12.75903333,1925.00,
12588,,,,,2019-07-23T14:25:57Z,46.86601667,12.75928333,1925.00,
12589,,,,,2019-07-23T14:25:58Z,46.86593333,12.75953333,1923.00,
12590,,,,,2019-07-23T14:25:59Z,46.86585000,12.75980000,1920.00,
12591,,,,,2019-07-23T14:26:00Z,46.86575000,12.76005000,1917.00,
12592,,,,,2019-07-23T14:26:01Z,46.86566667,12.76030000,1915.00,
12593,,,,,2019-07-23T14:26:02Z,46.86558333,12.76055000,1914.00,
12594,,,,,2019-07-23T14:26:03Z,46.86550000,12.76080000,1913.00,
12595,,,,,2019-07-23T14:26:04Z,46.86540000,12.76106667,1912.00,
12596,,,,,2019-07-23T14:26:05Z,46.86530000,12.76131667,1908.00,
12597,,,,,2019-07-23T14:26:06Z,46.86520000,12.76156667,1904.00,
12598,,,,,2019-07-23T14:26:07Z,46.86511667,12.76183333,1903.00,
12599,,,,,2019-07-23T14:26:08Z,46.86501667,12.76208333,1901.00,
12600,,,,,2019-07-23T14:26:09Z,46.86493333,12.76233333,1898.00,
12601,,,,,2019-07-23T14:26:10Z,46.86485000,12.76258333,1895.00,
12602,,,,,2019-07-23T14:26:11Z,46.86476667,12.76283333,1894.00,
12603,,,,,2019-07-23T14:26:12Z,46.86468333,12.76306667,1893.00,
12604,,,,,2019-07-23T14:26:13Z,46.86460000,12.76330000,1892.00,
12605,,,,,2019-07-23T14:26:14Z,46.86451667,12.76355000,1887.00,
12606,,,,,2019-07-23T14:26:15Z,46.86443333,12.76380000,1885.00,
12607,,,,,2019-07-23T14:26:16Z,46.86436667,12.76405000,1885.00,
12608,,,,,2019-07-23T14:26:17Z,46.86428333,12.76430000,1883.00,
12609,,,,,2019-07-23T14:26:18Z,46.86421667,12.76455000,1880.00,
12610,,,,,2019-07-23T14:26:19Z,46.86413333,12.76480000,1876.00,
12611,,,,,2019-07-23T14:26:20Z,46.86406667,12.76505000,1874.00,
12612,,,,,2019-07-23T14:26:21Z,46.86400000,12.76531667,1873.00,
12613,,,,,2019-07-23T14:26:22Z,46.86393333,12.76556667,1872.00,
12614,,,,,2019-07-23T14:26:23Z,46.86388333,12.76583333,1870.00,
12615,,,,,2019-07-23T14:26:24Z,46.86383333,12.76610000,1869.00,
12616,,,,,2019-07-23T14:26:25Z,46.86378333,12.76636667,1868.00,
12617,,,,,2019-07-23T14:26:26Z,46.86373333,12.76663333,1867.00,
12618,,,,,2019-07-23T14:26:27Z,46.86366667,12.76688333,1866.00,
12619,,,,,2019-07-23T14:26:28Z,46.86361667,12.76713333,1864.00,
12620,,,,,2019-07-23T14:26:29Z,46.86356667,12.76736667,1864.00,
12621,,,,,2019-07-23T14:26:30Z,46.86350000,12.76760000,1863.00,
12622,,,,,2019-07-23T14:26:31Z,46.86346667,12.76781667,1863.00,
12623,,,,,2019-07-23T14:26:32Z,46.86341667,12.76803333,1864.00,
12624,,,,,2019-07-23T14:26:33Z,46.86338333,12.76823333,1865.00,
12625,,,,,2019-07-23T14:26:34Z,46.86336667,12.76845000,1866.00,
12626,,,,,2019-07-23T14:26:35Z,46.86335000,12.76865000,1867.00,
12627,,,,,2019-07-23T14:26:36Z,46.86335000,12.76886667,1866.00,
12628,,,,,2019-07-23T14:26:37Z,46.86336667,12.76910000,1865.00,
12629,,,,,2019-07-23T14:26:38Z,46.86338333,12.76933333,1864.00,
12630,,,,,2019-07-23T14:26:39Z,46.86343333,12.76956667,1863.00,
12631,,,,,2019-07-23T14:26:40Z,46.86346667,12.76980000,1862.00,
12632,,,,,2019-07-23T14:26:41Z,46.86351667,12.77005000,1861.00,
12633,,,,,2019-07-23T14:26:42Z,46.86356667,12.77028333,1859.00,
12634,,,,,2019-07-23T14:26:43Z,46.86361667,12.77050000,1858.00,
12635,,,,,2019-07-23T14:26:44Z,46.86368333,12.77073333,1857.00,
12636,,,,,2019-07-23T14:26:45Z,46.86375000,12.77095000,1857.00,
12637,,,,,2019-07-23T14:26:46Z,46.86380000,12.77116667,1856.00,
12638,,,,,2019-07-23T14:26:47Z,46.86385000,12.77140000,1854.00,
12639,,,,,2019-07-23T14:26:48Z,46.86390000,12.77163333,1853.00,
12640,,,,,2019-07-23T14:26:49Z,46.86393333,12.77188333,1851.00,
12641,,,,,2019-07-23T14:26:50Z,46.86396667,12.77211667,1850.00,
12642,,,,,2019-07-23T14:26:51Z,46.86401667,12.77235000,1849.00,
12643,,,,,2019-07-23T14:26:52Z,46.86405000,12.77256667,1848.00,
12644,,,,,2019-07-23T14:26:53Z,46.86406667,12.77280000,1848.00,
12645,,,,,2019-07-23T14:26:54Z,46.86410000,12.77301667,1848.00,
12646,,,,,2019-07-23T14:26:55Z,46.86411667,12.77325000,1848.00,
12647,,,,,2019-07-23T14:26:56Z,46.86415000,12.77348333,1848.00,
12648,,,,,2019-07-23T14:26:57Z,46.86416667,12.77371667,1847.00,
12649,,,,,2019-07-23T14:26:58Z,46.86418333,12.77395000,1845.00,
12650,,,,,2019-07-23T14:26:59Z,46.86421667,12.77418333,1843.00,
12651,,,,,2019-07-23T14:27:00Z,46.86423333,12.77443333,1841.00,
12652,,,,,2019-07-23T14:27:01Z,46.86426667,12.77468333,1839.00,
12653,,,,,2019-07-23T14:27:02Z,46.86428333,12.77493333,1837.00,
12654,,,,,2019-07-23T14:27:03Z,46.86430000,12.77520000,1834.00,
12655,,,,,2019-07-23T14:27:04Z,46.86430000,12.77545000,1831.00,
12656,,,,,2019-07-23T14:27:05Z,46.86430000,12.77571667,1828.00,
12657,,,,,2019-07-23T14:27:06Z,46.86430000,12.77596667,1826.00,
12658,,,,,2019-07-23T14:27:07Z,46.86430000,12.77620000,1824.00,
12659,,,,,2019-07-23T14:27:08Z,46.86428333,12.77645000,1823.00,
12660,,,,,2019-07-23T14:27:09Z,46.86425000,12.77668333,1822.00,
12661,,,,,2019-07-23T14:27:10Z,46.86421667,12.77691667,1821.00,
12662,,,,,2019-07-23T14:27:11Z,46.86416667,12.77715000,1820.00,
12663,,,,,2019-07-23T14:27:12Z,46.86413333,12.77738333,1819.00,
12664,,,,,2019-07-23T14:27:13Z,46.86411667,12.77760000,1817.00,
12665,,,,,2019-07-23T14:27:14Z,46.86408333,12.77785000,1816.00,
12666,,,,,2019-07-23T14:27:15Z,46.86406667,12.77808333,1815.00,
12667,,,,,2019-07-23T14:27:16Z,46.86405000,12.77833333,1812.00,
12668,,,,,2019-07-23T14:27:17Z,46.86401667,12.77860000,1809.00,
12669,,,,,2019-07-23T14:27:18Z,46.86400000,12.77885000,1807.00,
12670,,,,,2019-07-23T14:27:19Z,46.86396667,12.77911667,1805.00,
12671,,,,,2019-07-23T14:27:20Z,46.86390000,12.77935000,1802.00,
12672,,,,,2019-07-23T14:27:21Z,46.86383333,12.77958333,1799.00,
12673,,,,,2019-07-23T14:27:22Z,46.86376667,12.77980000,1798.00,
12674,,,,,2019-07-23T14:27:23Z,46.86368333,12.77998333,1798.00,
12675,,,,,2019-07-23T14:27:24Z,46.86363333,12.78015000,1799.00,
12676,,,,,2019-07-23T14:27:25Z,46.86358333,12.78031667,1800.00,
12677,,,,,2019-07-23T14:27:26Z,46.86355000,12.78048333,1801.00,
12678,,,,,2019-07-23T14:27:27Z,46.86351667,12.78063333,1803.00,
12679,,,,,2019-07-23T14:27:28Z,46.86350000,12.78081667,1803.00,
12680,,,,,2019-07-23T14:27:29Z,46.86350000,12.78103333,1802.00,
12681,,,,,2019-07-23T14:27:30Z,46.86351667,12.78126667,1801.00,
12682,,,,,2019-07-23T14:27:31Z,46.86353333,12.78150000,1800.00,
12683,,,,,2019-07-23T14:27:32Z,46.86355000,12.78171667,1798.00,
12684,,,,,2019-07-23T14:27:33Z,46.86356667,12.78193333,1796.00,
12685,,,,,2019-07-23T14:27:34Z,46.86358333,12.78215000,1795.00,
12686,,,,,2019-07-23T14:27:35Z,46.86360000,12.78238333,1793.00,
12687,,,,,2019-07-23T14:27:36Z,46.86360000,12.78261667,1792.00,
12688,,,,,2019-07-23T14:27:37Z,46.86358333,12.78285000,1790.00,
12689,,,,,2019-07-23T14:27:38Z,46.86356667,12.78310000,1788.00,
12690,,,,,2019-07-23T14:27:39Z,46.86353333,12.78336667,1786.00,
12691,,,,,2019-07-23T14:27:40Z,46.86346667,12.78361667,1784.00,
12692,,,,,2019-07-23T14:27:41Z,46.86341667,12.78385000,1781.00,
12693,,,,,2019-07-23T14:27:42Z,46.86333333,12.78406667,1779.00,
12694,,,,,2019-07-23T14:27:43Z,46.86326667,12.78430000,1778.00,
12695,,,,,2019-07-23T14:27:44Z,46.86320000,12.78451667,1776.00,
12696,,,,,2019-07-23T14:27:45Z,46.86311667,12.78473333,1773.00,
12697,,,,,2019-07-23T14:27:46Z,46.86301667,12.78495000,1771.00,
12698,,,,,2019-07-23T14:27:47Z,46.86293333,12.78515000,1770.00,
12699,,,,,2019-07-23T14:27:48Z,46.86283333,12.78535000,1768.00,
12700,,,,,2019-07-23T14:27:49Z,46.86271667,12.78553333,1766.00,
12701,,,,,2019-07-23T14:27:50Z,46.86260000,12.78571667,1766.00,
12702,,,,,2019-07-23T14:27:51Z,46.86253333,12.78590000,1768.00,
12703,,,,,2019-07-23T14:27:52Z,46.86245000,12.78606667,1770.00,
12704,,,,,2019-07-23T14:27:53Z,46.86238333,12.78621667,1771.00,
12705,,,,,2019-07-23T14:27:54Z,46.86233333,12.78636667,1771.00,
12706,,,,,2019-07-23T14:27:55Z,46.86231667,12.78653333,1772.00,
12707,,,,,2019-07-23T14:27:56Z,46.86233333,12.78670000,1773.00,
12708,,,,,2019-07-23T14:27:57Z,46.86236667,12.78685000,1775.00,
12709,,,,,2019-07-23T14:27:58Z,46.86246667,12.78700000,1776.00,
12710,,,,,2019-07-23T14:27:59Z,46.86261667,12.78710000,1776.00,
12711,,,,,2019-07-23T14:28:00Z,46.86281667,12.78703333,1777.00,
12712,,,,,2019-07-23T14:28:01Z,46.86298333,12.78686667,1778.00,
12713,,,,,2019-07-23T14:28:02Z,46.86306667,12.78666667,1778.00,
12714,,,,,2019-07-23T14:28:03Z,46.86306667,12.78648333,1779.00,
12715,,,,,2019-07-23T14:28:04Z,46.86301667,12.78635000,1781.00,
12716,,,,,2019-07-23T14:28:05Z,46.86293333,12.78625000,1783.00,
12717,,,,,2019-07-23T14:28:06Z,46.86288333,12.78626667,1783.00,
12718,,,,,2019-07-23T14:28:07Z,46.86280000,12.78641667,1785.00,
12719,,,,,2019-07-23T14:28:08Z,46.86270000,12.78660000,1786.00,
12720,,,,,2019-07-23T14:28:09Z,46.86273333,12.78676667,1786.00,
12721,,,,,2019-07-23T14:28:10Z,46.86276667,12.78696667,1787.00,
12722,,,,,2019-07-23T14:28:11Z,46.86283333,12.78710000,1789.00,
12723,,,,,2019-07-23T14:28:12Z,46.86295000,12.78720000,1792.00,
12724,,,,,2019-07-23T14:28:13Z,46.86306667,12.78721667,1794.00,
12725,,,,,2019-07-23T14:28:14Z,46.86318333,12.78716667,1796.00,
12726,,,,,2019-07-23T14:28:15Z,46.86326667,12.78701667,1796.00,
12727,,,,,2019-07-23T14:28:16Z,46.86326667,12.78683333,1795.00,
12728,,,,,2019-07-23T14:28:17Z,46.86315000,12.78663333,1794.00,
12729,,,,,2019-07-23T14:28:18Z,46.86305000,12.78648333,1793.00,
12730,,,,,2019-07-23T14:28:19Z,46.86293333,12.78641667,1793.00,
12731,,,,,2019-07-23T14:28:20Z,46.86280000,12.78641667,1794.00,
12732,,,,,2019-07-23T14:28:21Z,46.86266667,12.78648333,1796.00,
12733,,,,,2019-07-23T14:28:22Z,46.86260000,12.78655000,1798.00,
12734,,,,,2019-07-23T14:28:23Z,46.86260000,12.78665000,1800.00,
12735,,,,,2019-07-23T14:28:24Z,46.86258333,12.78678333,1801.00,
12736,,,,,2019-07-23T14:28:25Z,46.86260000,12.78688333,1801.00,
12737,,,,,2019-07-23T14:28:26Z,46.86268333,12.78695000,1802.00,
12738,,,,,2019-07-23T14:28:27Z,46.86280000,12.78693333,1801.00,
12739,,,,,2019-07-23T14:28:28Z,46.86296667,12.78681667,1801.00,
12740,,,,,2019-07-23T14:28:29Z,46.86310000,12.78665000,1801.00,
12741,,,,,2019-07-23T14:28:30Z,46.86315000,12.78641667,1802.00,
12742,,,,,2019-07-23T14:28:31Z,46.86313333,12.78618333,1802.00,
12743,,,,,2019-07-23T14:28:32Z,46.86305000,12.78598333,1804.00,
12744,,,,,2019-07-23T14:28:33Z,46.86298333,12.78583333,1807.00,
12745,,,,,2019-07-23T14:28:34Z,46.86293333,12.78575000,1808.00,
12746,,,,,2019-07-23T14:28:35Z,46.86286667,12.78571667,1808.00,
12747,,,,,2019-07-23T14:28:36Z,46.86280000,12.78578333,1809.00,
12748,,,,,2019-07-23T14:28:37Z,46.86271667,12.78591667,1810.00,
12749,,,,,2019-07-23T14:28:38Z,46.86268333,12.78611667,1811.00,
12750,,,,,2019-07-23T14:28:39Z,46.86275000,12.78626667,1814.00,
12751,,,,,2019-07-23T14:28:40Z,46.86283333,12.78636667,1816.00,
12752,,,,,2019-07-23T14:28:41Z,46.86293333,12.78646667,1818.00,
12753,,,,,2019-07-23T14:28:42Z,46.86305000,12.78651667,1818.00,
12754,,,,,2019-07-23T14:28:43Z,46.86320000,12.78646667,1817.00,
12755,,,,,2019-07-23T14:28:44Z,46.86336667,12.78635000,1816.00,
12756,,,,,2019-07-23T14:28:45Z,46.86345000,12.78621667,1815.00,
12757,,,,,2019-07-23T14:28:46Z,46.86346667,12.78600000,1815.00,
12758,,,,,2019-07-23T14:28:47Z,46.86345000,12.78580000,1816.00,
12759,,,,,2019-07-23T14:28:48Z,46.86336667,12.78558333,1816.00,
12760,,,,,2019-07-23T14:28:49Z,46.86326667,12.78541667,1816.00,
12761,,,,,2019-07-23T14:28:50Z,46.86311667,12.78530000,1817.00,
12762,,,,,2019-07-23T14:28:51Z,46.86301667,12.78523333,1819.00,
12763,,,,,2019-07-23T14:28:52Z,46.86290000,12.78518333,1821.00,
12764,,,,,2019-07-23T14:28:53Z,46.86280000,12.78518333,1822.00,
12765,,,,,2019-07-23T14:28:54Z,46.86268333,12.78523333,1823.00,
12766,,,,,2019-07-23T14:28:55Z,46.86260000,12.78533333,1823.00,
12767,,,,,2019-07-23T14:28:56Z,46.86251667,12.78548333,1825.00,
12768,,,,,2019-07-23T14:28:57Z,46.86251667,12.78563333,1827.00,
12769,,,,,2019-07-23T14:28:58Z,46.86250000,12.78586667,1828.00,
12770,,,,,2019-07-23T14:28:59Z,46.86250000,12.78605000,1828.00,
12771,,,,,2019-07-23T14:29:00Z,46.86255000,12.78618333,1829.00,
12772,,,,,2019-07-23T14:29:01Z,46.86258333,12.78630000,1830.00,
12773,,,,,2019-07-23T14:29:02Z,46.86260000,12.78638333,1829.00,
12774,,,,,2019-07-23T14:29:03Z,46.86270000,12.78641667,1829.00,
12775,,,,,2019-07-23T14:29:04Z,46.86275000,12.78630000,1830.00,
12776,,,,,2019-07-23T14:29:05Z,46.86283333,12.78608333,1831.00,
12777,,,,,2019-07-23T14:29:06Z,46.86280000,12.78595000,1833.00,
12778,,,,,2019-07-23T14:29:07Z,46.86273333,12.78581667,1835.00,
12779,,,,,2019-07-23T14:29:08Z,46.86266667,12.78576667,1837.00,
12780,,,,,2019-07-23T14:29:09Z,46.86256667,12.78581667,1839.00,
12781,,,,,2019-07-23T14:29:10Z,46.86248333,12.78593333,1840.00,
12782,,,,,2019-07-23T14:29:11Z,46.86241667,12.78620000,1840.00,
12783,,,,,2019-07-23T14:29:12Z,46.86236667,12.78635000,1842.00,
12784,,,,,2019-07-23T14:29:13Z,46.86235000,12.78650000,1844.00,
12785,,,,,2019-07-23T14:29:14Z,46.86236667,12.78661667,1845.00,
12786,,,,,2019-07-23T14:29:15Z,46.86236667,12.78675000,1846.00,
12787,,,,,2019-07-23T14:29:16Z,46.86240000,12.78678333,1847.00,
12788,,,,,2019-07-23T14:29:17Z,46.86243333,12.78678333,1848.00,
12789,,,,,2019-07-23T14:29:18Z,46.86250000,12.78676667,1848.00,
12790,,,,,2019-07-23T14:29:19Z,46.86258333,12.78673333,1848.00,
12791,,,,,2019-07-23T14:29:20Z,46.86268333,12.78671667,1850.00,
12792,,,,,2019-07-23T14:29:21Z,46.86271667,12.78665000,1852.00,
12793,,,,,2019-07-23T14:29:22Z,46.86273333,12.78658333,1854.00,
12794,,,,,2019-07-23T14:29:23Z,46.86275000,12.78651667,1854.00,
12795,,,,,2019-07-23T14:29:24Z,46.86280000,12.78641667,1857.00,
12796,,,,,2019-07-23T14:29:25Z,46.86273333,12.78621667,1859.00,
12797,,,,,2019-07-23T14:29:26Z,46.86271667,12.78608333,1859.00,
12798,,,,,2019-07-23T14:29:27Z,46.86275000,12.78605000,1860.00,
12799,,,,,2019-07-23T14:29:28Z,46.86275000,12.78606667,1860.00,
12800,,,,,2019-07-23T14:29:29Z,46.86271667,12.78608333,1862.00,
12801,,,,,2019-07-23T14:29:30Z,46.86270000,12.78608333,1863.00,
12802,,,,,2019-07-23T14:29:31Z,46.86268333,12.78613333,1864.00,
12803,,,,,2019-07-23T14:29:32Z,46.86271667,12.78618333,1865.00,
12804,,,,,2019-07-23T14:29:33Z,46.86271667,12.78621667,1868.00,
12805,,,,,2019-07-23T14:29:34Z,46.86273333,12.78623333,1869.00,
12806,,,,,2019-07-23T14:29:35Z,46.86278333,12.78620000,1870.00,
12807,,,,,2019-07-23T14:29:36Z,46.86283333,12.78603333,1870.00,
12808,,,,,2019-07-23T14:29:37Z,46.86283333,12.78588333,1871.00,
12809,,,,,2019-07-23T14:29:38Z,46.86283333,12.78570000,1872.00,
12810,,,,,2019-07-23T14:29:39Z,46.86276667,12.78551667,1872.00,
12811,,,,,2019-07-23T14:29:40Z,46.86276667,12.78540000,1872.00,
12812,,,,,2019-07-23T14:29:41Z,46.86276667,12.78528333,1872.00,
12813,,,,,2019-07-23T14:29:42Z,46.86275000,12.78536667,1873.00,
12814,,,,,2019-07-23T14:29:43Z,46.86276667,12.78531667,1875.00,
12815,,,,,2019-07-23T14:29:44Z,46.86281667,12.78526667,1875.00,
12816,,,,,2019-07-23T14:29:45Z,46.86278333,12.78536667,1877.00,
12817,,,,,2019-07-23T14:29:46Z,46.86286667,12.78531667,1878.00,
12818,,,,,2019-07-23T14:29:47Z,46.86288333,12.78530000,1879.00,
12819,,,,,2019-07-23T14:29:48Z,46.86295000,12.78530000,1879.00,
12820,,,,,2019-07-23T14:29:49Z,46.86325000,12.78508333,1880.00,
12821,,,,,2019-07-23T14:29:50Z,46.86355000,12.78490000,1881.00,
12822,,,,,2019-07-23T14:29:51Z,46.86366667,12.78478333,1883.00,
12823,,,,,2019-07-23T14:29:52Z,46.86376667,12.78468333,1882.00,
12824,,,,,2019-07-23T14:29:53Z,46.86388333,12.78468333,1882.00,
12825,,,,,2019-07-23T14:29:54Z,46.86400000,12.78456667,1883.00,
12826,,,,,2019-07-23T14:29:55Z,46.86403333,12.78448333,1884.00,
12827,,,,,2019-07-23T14:29:56Z,46.86403333,12.78436667,1884.00,
12828,,,,,2019-07-23T14:29:57Z,46.86398333,12.78421667,1885.00,
12829,,,,,2019-07-23T14:29:58Z,46.86391667,12.78408333,1886.00,
12830,,,,,2019-07-23T14:29:59Z,46.86385000,12.78400000,1886.00,
12831,,,,,2019-07-23T14:30:00Z,46.86376667,12.78396667,1887.00,
12832,,,,,2019-07-23T14:30:01Z,46.86361667,12.78405000,1887.00,
12833,,,,,2019-07-23T14:30:02Z,46.86343333,12.78410000,1885.00,
12834,,,,,2019-07-23T14:30:03Z,46.86326667,12.78420000,1886.00,
12835,,,,,2019-07-23T14:30:04Z,46.86313333,12.78430000,1888.00,
12836,,,,,2019-07-23T14:30:05Z,46.86301667,12.78441667,1890.00,
12837,,,,,2019-07-23T14:30:06Z,46.86290000,12.78453333,1891.00,
12838,,,,,2019-07-23T14:30:07Z,46.86280000,12.78466667,1893.00,
12839,,,,,2019-07-23T14:30:08Z,46.86271667,12.78480000,1894.00,
12840,,,,,2019-07-23T14:30:09Z,46.86268333,12.78493333,1895.00,
12841,,,,,2019-07-23T14:30:10Z,46.86273333,12.78511667,1895.00,
12842,,,,,2019-07-23T14:30:11Z,46.86288333,12.78528333,1894.00,
12843,,,,,2019-07-23T14:30:12Z,46.86303333,12.78540000,1893.00,
12844,,,,,2019-07-23T14:30:13Z,46.86316667,12.78543333,1892.00,
12845,,,,,2019-07-23T14:30:14Z,46.86328333,12.78540000,1892.00,
12846,,,,,2019-07-23T14:30:15Z,46.86343333,12.78533333,1892.00,
12847,,,,,2019-07-23T14:30:16Z,46.86356667,12.78518333,1894.00,
12848,,,,,2019-07-23T14:30:17Z,46.86366667,12.78500000,1896.00,
12849,,,,,2019-07-23T14:30:18Z,46.86365000,12.78486667,1897.00,
12850,,,,,2019-07-23T14:30:19Z,46.86365000,12.78473333,1898.00,
12851,,,,,2019-07-23T14:30:20Z,46.86360000,12.78461667,1897.00,
12852,,,,,2019-07-23T14:30:21Z,46.86341667,12.78453333,1897.00,
12853,,,,,2019-07-23T14:30:22Z,46.86326667,12.78451667,1897.00,
12854,,,,,2019-07-23T14:30:23Z,46.86320000,12.78456667,1897.00,
12855,,,,,2019-07-23T14:30:24Z,46.86311667,12.78463333,1897.00,
12856,,,,,2019-07-23T14:30:25Z,46.86305000,12.78476667,1897.00,
12857,,,,,2019-07-23T14:30:26Z,46.86300000,12.78493333,1899.00,
12858,,,,,2019-07-23T14:30:27Z,46.86295000,12.78516667,1900.00,
12859,,,,,2019-07-23T14:30:28Z,46.86293333,12.78538333,1901.00,
12860,,,,,2019-07-23T14:30:29Z,46.86295000,12.78560000,1901.00,
12861,,,,,2019-07-23T14:30:30Z,46.86300000,12.78581667,1903.00,
12862,,,,,2019-07-23T14:30:31Z,46.86306667,12.78600000,1903.00,
12863,,,,,2019-07-23T14:30:32Z,46.86316667,12.78605000,1903.00,
12864,,,,,2019-07-23T14:30:33Z,46.86335000,12.78603333,1904.00,
12865,,,,,2019-07-23T14:30:34Z,46.86348333,12.78596667,1904.00,
12866,,,,,2019-07-23T14:30:35Z,46.86363333,12.78586667,1905.00,
12867,,,,,2019-07-23T14:30:36Z,46.86375000,12.78571667,1906.00,
12868,,,,,2019-07-23T14:30:37Z,46.86383333,12.78556667,1906.00,
12869,,,,,2019-07-23T14:30:38Z,46.86390000,12.78540000,1905.00,
12870,,,,,2019-07-23T14:30:39Z,46.86396667,12.78521667,1905.00,
12871,,,,,2019-07-23T14:30:40Z,46.86401667,12.78505000,1905.00,
12872,,,,,2019-07-23T14:30:41Z,46.86403333,12.78486667,1906.00,
12873,,,,,2019-07-23T14:30:42Z,46.86400000,12.78466667,1906.00,
12874,,,,,2019-07-23T14:30:43Z,46.86393333,12.78448333,1905.00,
12875,,,,,2019-07-23T14:30:44Z,46.86386667,12.78435000,1904.00,
12876,,,,,2019-07-23T14:30:45Z,46.86375000,12.78428333,1901.00,
12877,,,,,2019-07-23T14:30:46Z,46.86363333,12.78426667,1901.00,
12878,,,,,2019-07-23T14:30:47Z,46.86353333,12.78425000,1901.00,
12879,,,,,2019-07-23T14:30:48Z,46.86343333,12.78425000,1901.00,
12880,,,,,2019-07-23T14:30:49Z,46.86333333,12.78425000,1901.00,
12881,,,,,2019-07-23T14:30:50Z,46.86323333,12.78436667,1902.00,
12882,,,,,2019-07-23T14:30:51Z,46.86316667,12.78446667,1903.00,
12883,,,,,2019-07-23T14:30:52Z,46.86308333,12.78460000,1904.00,
12884,,,,,2019-07-23T14:30:53Z,46.86303333,12.78475000,1905.00,
12885,,,,,2019-07-23T14:30:54Z,46.86303333,12.78486667,1906.00,
12886,,,,,2019-07-23T14:30:55Z,46.86305000,12.78501667,1906.00,
12887,,,,,2019-07-23T14:30:56Z,46.86313333,12.78505000,1904.00,
12888,,,,,2019-07-23T14:30:57Z,46.86321667,12.78513333,1900.00,
12889,,,,,2019-07-23T14:30:58Z,46.86338333,12.78505000,1898.00,
12890,,,,,2019-07-23T14:30:59Z,46.86351667,12.78485000,1898.00,
12891,,,,,2019-07-23T14:31:00Z,46.86351667,12.78463333,1896.00,
12892,,,,,2019-07-23T14:31:01Z,46.86355000,12.78441667,1894.00,
12893,,,,,2019-07-23T14:31:02Z,46.86350000,12.78415000,1891.00,
12894,,,,,2019-07-23T14:31:03Z,46.86345000,12.78391667,1888.00,
12895,,,,,2019-07-23T14:31:04Z,46.86338333,12.78378333,1886.00,
12896,,,,,2019-07-23T14:31:05Z,46.86328333,12.78368333,1886.00,
12897,,,,,2019-07-23T14:31:06Z,46.86316667,12.78361667,1883.00,
12898,,,,,2019-07-23T14:31:07Z,46.86305000,12.78356667,1883.00,
12899,,,,,2019-07-23T14:31:08Z,46.86290000,12.78358333,1884.00,
12900,,,,,2019-07-23T14:31:09Z,46.86273333,12.78358333,1884.00,
12901,,,,,2019-07-23T14:31:10Z,46.86258333,12.78358333,1884.00,
12902,,,,,2019-07-23T14:31:11Z,46.86245000,12.78360000,1882.00,
12903,,,,,2019-07-23T14:31:12Z,46.86230000,12.78365000,1882.00,
12904,,,,,2019-07-23T14:31:13Z,46.86218333,12.78373333,1881.00,
12905,,,,,2019-07-23T14:31:14Z,46.86205000,12.78381667,1881.00,
12906,,,,,2019-07-23T14:31:15Z,46.86193333,12.78393333,1881.00,
12907,,,,,2019-07-23T14:31:16Z,46.86181667,12.78405000,1883.00,
12908,,,,,2019-07-23T14:31:17Z,46.86171667,12.78420000,1882.00,
12909,,,,,2019-07-23T14:31:18Z,46.86161667,12.78441667,1881.00,
12910,,,,,2019-07-23T14:31:19Z,46.86153333,12.78461667,1879.00,
12911,,,,,2019-07-23T14:31:20Z,46.86145000,12.78480000,1878.00,
12912,,,,,2019-07-23T14:31:21Z,46.86136667,12.78498333,1877.00,
12913,,,,,2019-07-23T14:31:22Z,46.86128333,12.78516667,1876.00,
12914,,,,,2019-07-23T14:31:23Z,46.86121667,12.78538333,1876.00,
12915,,,,,2019-07-23T14:31:24Z,46.86116667,12.78561667,1875.00,
12916,,,,,2019-07-23T14:31:25Z,46.86113333,12.78588333,1873.00,
12917,,,,,2019-07-23T14:31:26Z,46.86113333,12.78615000,1872.00,
12918,,,,,2019-07-23T14:31:27Z,46.86111667,12.78641667,1871.00,
12919,,,,,2019-07-23T14:31:28Z,46.86110000,12.78666667,1869.00,
12920,,,,,2019-07-23T14:31:29Z,46.86106667,12.78691667,1867.00,
12921,,,,,2019-07-23T14:31:30Z,46.86105000,12.78716667,1865.00,
12922,,,,,2019-07-23T14:31:31Z,46.86101667,12.78741667,1864.00,
12923,,,,,2019-07-23T14:31:32Z,46.86096667,12.78765000,1862.00,
12924,,,,,2019-07-23T14:31:33Z,46.86091667,12.78790000,1861.00,
12925,,,,,2019-07-23T14:31:34Z,46.86086667,12.78813333,1860.00,
12926,,,,,2019-07-23T14:31:35Z,46.86083333,12.78836667,1860.00,
12927,,,,,2019-07-23T14:31:36Z,46.86078333,12.78861667,1860.00,
12928,,,,,2019-07-23T14:31:37Z,46.86073333,12.78885000,1859.00,
12929,,,,,2019-07-23T14:31:38Z,46.86070000,12.78908333,1859.00,
12930,,,,,2019-07-23T14:31:39Z,46.86066667,12.78931667,1858.00,
12931,,,,,2019-07-23T14:31:40Z,46.86065000,12.78955000,1858.00,
12932,,,,,2019-07-23T14:31:41Z,46.86065000,12.78978333,1857.00,
12933,,,,,2019-07-23T14:31:42Z,46.86063333,12.79001667,1856.00,
12934,,,,,2019-07-23T14:31:43Z,46.86065000,12.79025000,1856.00,
12935,,,,,2019-07-23T14:31:44Z,46.86066667,12.79050000,1855.00,
12936,,,,,2019-07-23T14:31:45Z,46.86066667,12.79076667,1853.00,
12937,,,,,2019-07-23T14:31:46Z,46.86065000,12.79101667,1851.00,
12938,,,,,2019-07-23T14:31:47Z,46.86063333,12.79126667,1848.00,
12939,,,,,2019-07-23T14:31:48Z,46.86060000,12.79150000,1846.00,
12940,,,,,2019-07-23T14:31:49Z,46.86056667,12.79173333,1844.00,
12941,,,,,2019-07-23T14:31:50Z,46.86051667,12.79196667,1843.00,
12942,,,,,2019-07-23T14:31:51Z,46.86048333,12.79220000,1841.00,
12943,,,,,2019-07-23T14:31:52Z,46.86043333,12.79241667,1840.00,
12944,,,,,2019-07-23T14:31:53Z,46.86038333,12.79261667,1840.00,
12945,,,,,2019-07-23T14:31:54Z,46.86033333,12.79283333,1838.00,
12946,,,,,2019-07-23T14:31:55Z,46.86028333,12.79305000,1837.00,
12947,,,,,2019-07-23T14:31:56Z,46.86023333,12.79326667,1835.00,
12948,,,,,2019-07-23T14:31:57Z,46.86020000,12.79350000,1833.00,
12949,,,,,2019-07-23T14:31:58Z,46.86018333,12.79371667,1832.00,
12950,,,,,2019-07-23T14:31:59Z,46.86018333,12.79396667,1829.00,
12951,,,,,2019-07-23T14:32:00Z,46.86020000,12.79423333,1826.00,
12952,,,,,2019-07-23T14:32:01Z,46.86021667,12.79448333,1823.00,
12953,,,,,2019-07-23T14:32:02Z,46.86023333,12.79473333,1820.00,
12954,,,,,2019-07-23T14:32:03Z,46.86023333,12.79500000,1816.00,
12955,,,,,2019-07-23T14:32:04Z,46.86021667,12.79526667,1812.00,
12956,,,,,2019-07-23T14:32:05Z,46.86018333,12.79553333,1809.00,
12957,,,,,2019-07-23T14:32:06Z,46.86011667,12.79576667,1806.00,
12958,,,,,2019-07-23T14:32:07Z,46.86005000,12.79600000,1804.00,
12959,,,,,2019-07-23T14:32:08Z,46.85998333,12.79620000,1803.00,
12960,,,,,2019-07-23T14:32:09Z,46.85993333,12.79640000,1803.00,
12961,,,,,2019-07-23T14:32:10Z,46.85986667,12.79658333,1804.00,
12962,,,,,2019-07-23T14:32:11Z,46.85981667,12.79678333,1804.00,
12963,,,,,2019-07-23T14:32:12Z,46.85978333,12.79696667,1802.00,
12964,,,,,2019-07-23T14:32:13Z,46.85975000,12.79715000,1799.00,
12965,,,,,2019-07-23T14:32:14Z,46.85971667,12.79735000,1797.00,
12966,,,,,2019-07-23T14:32:15Z,46.85970000,12.79755000,1794.00,
12967,,,,,2019-07-23T14:32:16Z,46.85971667,12.79780000,1791.00,
12968,,,,,2019-07-23T14:32:17Z,46.85973333,12.79803333,1788.00,
12969,,,,,2019-07-23T14:32:18Z,46.85975000,12.79826667,1787.00,
12970,,,,,2019-07-23T14:32:19Z,46.85976667,12.79848333,1784.00,
12971,,,,,2019-07-23T14:32:20Z,46.85978333,12.79870000,1784.00,
12972,,,,,2019-07-23T14:32:21Z,46.85981667,12.79891667,1782.00,
12973,,,,,2019-07-23T14:32:22Z,46.85985000,12.79913333,1782.00,
12974,,,,,2019-07-23T14:32:23Z,46.85988333,12.79935000,1781.00,
12975,,,,,2019-07-23T14:32:24Z,46.85990000,12.79956667,1782.00,
12976,,,,,2019-07-23T14:32:25Z,46.85993333,12.79976667,1784.00,
12977,,,,,2019-07-23T14:32:26Z,46.85996667,12.79996667,1785.00,
12978,,,,,2019-07-23T14:32:27Z,46.86003333,12.80013333,1784.00,
12979,,,,,2019-07-23T14:32:28Z,46.86011667,12.80028333,1785.00,
12980,,,,,2019-07-23T14:32:29Z,46.86021667,12.80041667,1787.00,
12981,,,,,2019-07-23T14:32:30Z,46.86035000,12.80051667,1789.00,
12982,,,,,2019-07-23T14:32:31Z,46.86048333,12.80055000,1789.00,
12983,,,,,2019-07-23T14:32:32Z,46.86065000,12.80051667,1787.00,
12984,,,,,2019-07-23T14:32:33Z,46.86078333,12.80038333,1786.00,
12985,,,,,2019-07-23T14:32:34Z,46.86085000,12.80018333,1785.00,
12986,,,,,2019-07-23T14:32:35Z,46.86085000,12.79996667,1785.00,
12987,,,,,2019-07-23T14:32:36Z,46.86078333,12.79975000,1784.00,
12988,,,,,2019-07-23T14:32:37Z,46.86071667,12.79956667,1783.00,
12989,,,,,2019-07-23T14:32:38Z,46.86063333,12.79945000,1783.00,
12990,,,,,2019-07-23T14:32:39Z,46.86053333,12.79938333,1783.00,
12991,,,,,2019-07-23T14:32:40Z,46.86041667,12.79936667,1783.00,
12992,,,,,2019-07-23T14:32:41Z,46.86030000,12.79940000,1785.00,
12993,,,,,2019-07-23T14:32:42Z,46.86016667,12.79946667,1786.00,
12994,,,,,2019-07-23T14:32:43Z,46.86003333,12.79955000,1784.00,
12995,,,,,2019-07-23T14:32:44Z,46.85990000,12.79966667,1783.00,
12996,,,,,2019-07-23T14:32:45Z,46.85978333,12.79978333,1783.00,
12997,,,,,2019-07-23T14:32:46Z,46.85966667,12.79993333,1785.00,
12998,,,,,2019-07-23T14:32:47Z,46.85956667,12.80010000,1784.00,
12999,,,,,2019-07-23T14:32:48Z,46.85946667,12.80030000,1785.00,
13000,,,,,2019-07-23T14:32:49Z,46.85938333,12.80048333,1785.00,
13001,,,,,2019-07-23T14:32:50Z,46.85930000,12.80068333,1786.00,
13002,,,,,2019-07-23T14:32:51Z,46.85925000,12.80091667,1788.00,
13003,,,,,2019-07-23T14:32:52Z,46.85921667,12.80116667,1789.00,
13004,,,,,2019-07-23T14:32:53Z,46.85916667,12.80141667,1789.00,
13005,,,,,2019-07-23T14:32:54Z,46.85911667,12.80165000,1789.00,
13006,,,,,2019-07-23T14:32:55Z,46.85905000,12.80186667,1789.00,
13007,,,,,2019-07-23T14:32:56Z,46.85898333,12.80206667,1788.00,
13008,,,,,2019-07-23T14:32:57Z,46.85891667,12.80225000,1787.00,
13009,,,,,2019-07-23T14:32:58Z,46.85885000,12.80243333,1787.00,
13010,,,,,2019-07-23T14:32:59Z,46.85878333,12.80260000,1786.00,
13011,,,,,2019-07-23T14:33:00Z,46.85871667,12.80280000,1785.00,
13012,,,,,2019-07-23T14:33:01Z,46.85865000,12.80300000,1782.00,
13013,,,,,2019-07-23T14:33:02Z,46.85856667,12.80321667,1778.00,
13014,,,,,2019-07-23T14:33:03Z,46.85853333,12.80348333,1774.00,
13015,,,,,2019-07-23T14:33:04Z,46.85846667,12.80375000,1769.00,
13016,,,,,2019-07-23T14:33:05Z,46.85841667,12.80401667,1765.00,
13017,,,,,2019-07-23T14:33:06Z,46.85836667,12.80426667,1763.00,
13018,,,,,2019-07-23T14:33:07Z,46.85830000,12.80453333,1761.00,
13019,,,,,2019-07-23T14:33:08Z,46.85825000,12.80478333,1759.00,
13020,,,,,2019-07-23T14:33:09Z,46.85818333,12.80501667,1757.00,
13021,,,,,2019-07-23T14:33:10Z,46.85810000,12.80526667,1755.00,
13022,,,,,2019-07-23T14:33:11Z,46.85803333,12.80550000,1753.00,
13023,,,,,2019-07-23T14:33:12Z,46.85795000,12.80573333,1753.00,
13024,,,,,2019-07-23T14:33:13Z,46.85788333,12.80598333,1750.00,
13025,,,,,2019-07-23T14:33:14Z,46.85781667,12.80621667,1747.00,
13026,,,,,2019-07-23T14:33:15Z,46.85776667,12.80646667,1744.00,
13027,,,,,2019-07-23T14:33:16Z,46.85770000,12.80673333,1741.00,
13028,,,,,2019-07-23T14:33:17Z,46.85765000,12.80698333,1739.00,
13029,,,,,2019-07-23T14:33:18Z,46.85760000,12.80725000,1738.00,
13030,,,,,2019-07-23T14:33:19Z,46.85755000,12.80751667,1738.00,
13031,,,,,2019-07-23T14:33:20Z,46.85748333,12.80778333,1739.00,
13032,,,,,2019-07-23T14:33:21Z,46.85743333,12.80801667,1740.00,
13033,,,,,2019-07-23T14:33:22Z,46.85740000,12.80823333,1741.00,
13034,,,,,2019-07-23T14:33:23Z,46.85738333,12.80845000,1743.00,
13035,,,,,2019-07-23T14:33:24Z,46.85741667,12.80863333,1744.00,
13036,,,,,2019-07-23T14:33:25Z,46.85745000,12.80878333,1748.00,
13037,,,,,2019-07-23T14:33:26Z,46.85753333,12.80890000,1750.00,
13038,,,,,2019-07-23T14:33:27Z,46.85766667,12.80903333,1753.00,
13039,,,,,2019-07-23T14:33:28Z,46.85780000,12.80908333,1751.00,
13040,,,,,2019-07-23T14:33:29Z,46.85800000,12.80901667,1753.00,
13041,,,,,2019-07-23T14:33:30Z,46.85815000,12.80886667,1754.00,
13042,,,,,2019-07-23T14:33:31Z,46.85823333,12.80865000,1755.00,
13043,,,,,2019-07-23T14:33:32Z,46.85828333,12.80846667,1755.00,
13044,,,,,2019-07-23T14:33:33Z,46.85823333,12.80825000,1755.00,
13045,,,,,2019-07-23T14:33:34Z,46.85815000,12.80805000,1755.00,
13046,,,,,2019-07-23T14:33:35Z,46.85803333,12.80791667,1755.00,
13047,,,,,2019-07-23T14:33:36Z,46.85791667,12.80783333,1756.00,
13048,,,,,2019-07-23T14:33:37Z,46.85778333,12.80780000,1758.00,
13049,,,,,2019-07-23T14:33:38Z,46.85766667,12.80781667,1760.00,
13050,,,,,2019-07-23T14:33:39Z,46.85755000,12.80786667,1762.00,
13051,,,,,2019-07-23T14:33:40Z,46.85748333,12.80801667,1763.00,
13052,,,,,2019-07-23T14:33:41Z,46.85740000,12.80813333,1765.00,
13053,,,,,2019-07-23T14:33:42Z,46.85736667,12.80818333,1768.00,
13054,,,,,2019-07-23T14:33:43Z,46.85741667,12.80823333,1770.00,
13055,,,,,2019-07-23T14:33:44Z,46.85743333,12.80825000,1774.00,
13056,,,,,2019-07-23T14:33:45Z,46.85743333,12.80823333,1776.00,
13057,,,,,2019-07-23T14:33:46Z,46.85741667,12.80816667,1778.00,
13058,,,,,2019-07-23T14:33:47Z,46.85738333,12.80805000,1779.00,
13059,,,,,2019-07-23T14:33:48Z,46.85738333,12.80798333,1781.00,
13060,,,,,2019-07-23T14:33:49Z,46.85738333,12.80783333,1785.00,
13061,,,,,2019-07-23T14:33:50Z,46.85730000,12.80770000,1787.00,
13062,,,,,2019-07-23T14:33:51Z,46.85721667,12.80765000,1787.00,
13063,,,,,2019-07-23T14:33:52Z,46.85710000,12.80765000,1787.00,
13064,,,,,2019-07-23T14:33:53Z,46.85701667,12.80771667,1789.00,
13065,,,,,2019-07-23T14:33:54Z,46.85691667,12.80781667,1792.00,
13066,,,,,2019-07-23T14:33:55Z,46.85686667,12.80790000,1795.00,
13067,,,,,2019-07-23T14:33:56Z,46.85680000,12.80796667,1798.00,
13068,,,,,2019-07-23T14:33:57Z,46.85678333,12.80800000,1801.00,
13069,,,,,2019-07-23T14:33:58Z,46.85678333,12.80800000,1803.00,
13070,,,,,2019-07-23T14:33:59Z,46.85690000,12.80790000,1805.00,
13071,,,,,2019-07-23T14:34:02Z,46.85693333,12.80763333,1813.00,
13072,,,,,2019-07-23T14:34:03Z,46.85691667,12.80750000,1815.00,
13073,,,,,2019-07-23T14:34:04Z,46.85691667,12.80741667,1817.00,
13074,,,,,2019-07-23T14:34:05Z,46.85686667,12.80746667,1820.00,
13075,,,,,2019-07-23T14:34:06Z,46.85680000,12.80748333,1823.00,
13076,,,,,2019-07-23T14:34:07Z,46.85668333,12.80763333,1826.00,
13077,,,,,2019-07-23T14:34:08Z,46.85661667,12.80773333,1828.00,
13078,,,,,2019-07-23T14:34:09Z,46.85656667,12.80780000,1831.00,
13079,,,,,2019-07-23T14:34:10Z,46.85670000,12.80803333,1835.00,
13080,,,,,2019-07-23T14:34:11Z,46.85683333,12.80795000,1838.00,
13081,,,,,2019-07-23T14:34:12Z,46.85685000,12.80791667,1840.00,
13082,,,,,2019-07-23T14:34:13Z,46.85676667,12.80758333,1841.00,
13083,,,,,2019-07-23T14:34:14Z,46.85706667,12.80753333,1844.00,
13084,,,,,2019-07-23T14:34:15Z,46.85706667,12.80735000,1846.00,
13085,,,,,2019-07-23T14:34:16Z,46.85720000,12.80736667,1848.00,
13086,,,,,2019-07-23T14:34:17Z,46.85730000,12.80733333,1851.00,
13087,,,,,2019-07-23T14:34:18Z,46.85743333,12.80718333,1854.00,
13088,,,,,2019-07-23T14:34:19Z,46.85753333,12.80706667,1857.00,
13089,,,,,2019-07-23T14:34:20Z,46.85758333,12.80701667,1858.00,
13090,,,,,2019-07-23T14:34:21Z,46.85765000,12.80700000,1860.00,
13091,,,,,2019-07-23T14:34:22Z,46.85775000,12.80710000,1862.00,
13092,,,,,2019-07-23T14:34:23Z,46.85780000,12.80718333,1864.00,
13093,,,,,2019-07-23T14:34:24Z,46.85780000,12.80720000,1866.00,
13094,,,,,2019-07-23T14:34:25Z,46.85781667,12.80723333,1868.00,
13095,,,,,2019-07-23T14:34:26Z,46.85776667,12.80735000,1870.00,
13096,,,,,2019-07-23T14:34:27Z,46.85780000,12.80740000,1873.00,
13097,,,,,2019-07-23T14:34:28Z,46.85791667,12.80743333,1878.00,
13098,,,,,2019-07-23T14:34:29Z,46.85810000,12.80756667,1882.00,
13099,,,,,2019-07-23T14:34:30Z,46.85826667,12.80748333,1885.00,
13100,,,,,2019-07-23T14:34:31Z,46.85838333,12.80738333,1887.00,
13101,,,,,2019-07-23T14:34:32Z,46.85850000,12.80726667,1890.00,
13102,,,,,2019-07-23T14:34:33Z,46.85858333,12.80721667,1892.00,
13103,,,,,2019-07-23T14:34:34Z,46.85863333,12.80723333,1894.00,
13104,,,,,2019-07-23T14:34:35Z,46.85860000,12.80726667,1896.00,
13105,,,,,2019-07-23T14:34:36Z,46.85850000,12.80736667,1898.00,
13106,,,,,2019-07-23T14:34:37Z,46.85848333,12.80771667,1900.00,
13107,,,,,2019-07-23T14:34:38Z,46.85855000,12.80815000,1902.00,
13108,,,,,2019-07-23T14:34:39Z,46.85858333,12.80848333,1904.00,
13109,,,,,2019-07-23T14:34:40Z,46.85863333,12.80873333,1907.00,
13110,,,,,2019-07-23T14:34:41Z,46.85868333,12.80895000,1910.00,
13111,,,,,2019-07-23T14:34:42Z,46.85876667,12.80910000,1913.00,
13112,,,,,2019-07-23T14:34:43Z,46.85883333,12.80923333,1917.00,
13113,,,,,2019-07-23T14:34:44Z,46.85895000,12.80925000,1921.00,
13114,,,,,2019-07-23T14:34:45Z,46.85905000,12.80930000,1923.00,
13115,,,,,2019-07-23T14:34:46Z,46.85915000,12.80915000,1923.00,
13116,,,,,2019-07-23T14:34:47Z,46.85925000,12.80910000,1921.00,
13117,,,,,2019-07-23T14:34:48Z,46.85930000,12.80903333,1922.00,
13118,,,,,2019-07-23T14:34:49Z,46.85936667,12.80896667,1923.00,
13119,,,,,2019-07-23T14:34:50Z,46.85938333,12.80890000,1922.00,
13120,,,,,2019-07-23T14:34:51Z,46.85935000,12.80878333,1924.00,
13121,,,,,2019-07-23T14:34:52Z,46.85930000,12.80876667,1926.00,
13122,,,,,2019-07-23T14:34:53Z,46.85893333,12.80890000,1926.00,
13123,,,,,2019-07-23T14:34:54Z,46.85878333,12.80896667,1925.00,
13124,,,,,2019-07-23T14:34:55Z,46.85866667,12.80906667,1927.00,
13125,,,,,2019-07-23T14:34:56Z,46.85858333,12.80915000,1930.00,
13126,,,,,2019-07-23T14:34:57Z,46.85855000,12.80941667,1932.00,
13127,,,,,2019-07-23T14:34:58Z,46.85855000,12.80963333,1934.00,
13128,,,,,2019-07-23T14:34:59Z,46.85855000,12.80986667,1935.00,
13129,,,,,2019-07-23T14:35:00Z,46.85855000,12.81005000,1936.00,
13130,,,,,2019-07-23T14:35:01Z,46.85870000,12.81041667,1938.00,
13131,,,,,2019-07-23T14:35:02Z,46.85881667,12.81063333,1938.00,
13132,,,,,2019-07-23T14:35:03Z,46.85890000,12.81086667,1938.00,
13133,,,,,2019-07-23T14:35:04Z,46.85898333,12.81111667,1934.00,
13134,,,,,2019-07-23T14:35:05Z,46.85906667,12.81136667,1932.00,
13135,,,,,2019-07-23T14:35:06Z,46.85918333,12.81158333,1932.00,
13136,,,,,2019-07-23T14:35:07Z,46.85931667,12.81176667,1934.00,
13137,,,,,2019-07-23T14:35:08Z,46.85950000,12.81190000,1936.00,
13138,,,,,2019-07-23T14:35:09Z,46.85966667,12.81203333,1937.00,
13139,,,,,2019-07-23T14:35:10Z,46.85986667,12.81206667,1938.00,
13140,,,,,2019-07-23T14:35:11Z,46.86001667,12.81208333,1937.00,
13141,,,,,2019-07-23T14:35:12Z,46.86016667,12.81196667,1935.00,
13142,,,,,2019-07-23T14:35:13Z,46.86030000,12.81176667,1933.00,
13143,,,,,2019-07-23T14:35:14Z,46.86043333,12.81155000,1930.00,
13144,,,,,2019-07-23T14:35:15Z,46.86056667,12.81131667,1930.00,
13145,,,,,2019-07-23T14:35:16Z,46.86066667,12.81110000,1929.00,
13146,,,,,2019-07-23T14:35:17Z,46.86078333,12.81081667,1928.00,
13147,,,,,2019-07-23T14:35:18Z,46.86086667,12.81055000,1927.00,
13148,,,,,2019-07-23T14:35:19Z,46.86096667,12.81028333,1925.00,
13149,,,,,2019-07-23T14:35:20Z,46.86106667,12.81005000,1925.00,
13150,,,,,2019-07-23T14:35:21Z,46.86115000,12.80980000,1926.00,
13151,,,,,2019-07-23T14:35:22Z,46.86123333,12.80960000,1928.00,
13152,,,,,2019-07-23T14:35:23Z,46.86130000,12.80940000,1927.00,
13153,,,,,2019-07-23T14:35:24Z,46.86133333,12.80920000,1929.00,
13154,,,,,2019-07-23T14:35:25Z,46.86136667,12.80900000,1931.00,
13155,,,,,2019-07-23T14:35:26Z,46.86138333,12.80881667,1932.00,
13156,,,,,2019-07-23T14:35:27Z,46.86135000,12.80861667,1931.00,
13157,,,,,2019-07-23T14:35:28Z,46.86130000,12.80841667,1932.00,
13158,,,,,2019-07-23T14:35:29Z,46.86125000,12.80823333,1932.00,
13159,,,,,2019-07-23T14:35:30Z,46.86118333,12.80803333,1932.00,
13160,,,,,2019-07-23T14:35:31Z,46.86113333,12.80783333,1932.00,
13161,,,,,2019-07-23T14:35:32Z,46.86108333,12.80765000,1929.00,
13162,,,,,2019-07-23T14:35:33Z,46.86101667,12.80746667,1928.00,
13163,,,,,2019-07-23T14:35:34Z,46.86091667,12.80735000,1927.00,
13164,,,,,2019-07-23T14:35:35Z,46.86078333,12.80723333,1929.00,
13165,,,,,2019-07-23T14:35:36Z,46.86065000,12.80718333,1929.00,
13166,,,,,2019-07-23T14:35:37Z,46.86050000,12.80715000,1930.00,
13167,,,,,2019-07-23T14:35:38Z,46.86035000,12.80718333,1932.00,
13168,,,,,2019-07-23T14:35:39Z,46.86020000,12.80720000,1932.00,
13169,,,,,2019-07-23T14:35:40Z,46.86005000,12.80721667,1932.00,
13170,,,,,2019-07-23T14:35:41Z,46.85993333,12.80725000,1933.00,
13171,,,,,2019-07-23T14:35:42Z,46.85983333,12.80728333,1935.00,
13172,,,,,2019-07-23T14:35:43Z,46.85975000,12.80736667,1938.00,
13173,,,,,2019-07-23T14:35:44Z,46.85968333,12.80748333,1941.00,
13174,,,,,2019-07-23T14:35:45Z,46.85965000,12.80761667,1945.00,
13175,,,,,2019-07-23T14:35:46Z,46.85965000,12.80775000,1947.00,
13176,,,,,2019-07-23T14:35:47Z,46.85975000,12.80790000,1948.00,
13177,,,,,2019-07-23T14:35:48Z,46.85981667,12.80798333,1949.00,
13178,,,,,2019-07-23T14:35:49Z,46.85995000,12.80798333,1951.00,
13179,,,,,2019-07-23T14:35:50Z,46.86008333,12.80796667,1952.00,
13180,,,,,2019-07-23T14:35:51Z,46.86016667,12.80783333,1953.00,
13181,,,,,2019-07-23T14:35:52Z,46.86020000,12.80760000,1954.00,
13182,,,,,2019-07-23T14:35:53Z,46.86020000,12.80735000,1955.00,
13183,,,,,2019-07-23T14:35:54Z,46.86013333,12.80715000,1958.00,
13184,,,,,2019-07-23T14:35:55Z,46.86005000,12.80698333,1959.00,
13185,,,,,2019-07-23T14:35:56Z,46.85995000,12.80693333,1962.00,
13186,,,,,2019-07-23T14:35:57Z,46.85990000,12.80703333,1965.00,
13187,,,,,2019-07-23T14:35:58Z,46.85988333,12.80718333,1969.00,
13188,,,,,2019-07-23T14:35:59Z,46.85990000,12.80736667,1970.00,
13189,,,,,2019-07-23T14:36:00Z,46.86001667,12.80750000,1971.00,
13190,,,,,2019-07-23T14:36:01Z,46.86016667,12.80750000,1974.00,
13191,,,,,2019-07-23T14:36:02Z,46.86040000,12.80746667,1976.00,
13192,,,,,2019-07-23T14:36:03Z,46.86055000,12.80726667,1979.00,
13193,,,,,2019-07-23T14:36:04Z,46.86066667,12.80705000,1980.00,
13194,,,,,2019-07-23T14:36:05Z,46.86068333,12.80678333,1982.00,
13195,,,,,2019-07-23T14:36:06Z,46.86066667,12.80646667,1984.00,
13196,,,,,2019-07-23T14:36:07Z,46.86060000,12.80618333,1985.00,
13197,,,,,2019-07-23T14:36:08Z,46.86053333,12.80601667,1987.00,
13198,,,,,2019-07-23T14:36:09Z,46.86043333,12.80596667,1990.00,
13199,,,,,2019-07-23T14:36:10Z,46.86033333,12.80600000,1991.00,
13200,,,,,2019-07-23T14:36:11Z,46.86028333,12.80611667,1993.00,
13201,,,,,2019-07-23T14:36:12Z,46.86026667,12.80631667,1993.00,
13202,,,,,2019-07-23T14:36:13Z,46.86028333,12.80645000,1996.00,
13203,,,,,2019-07-23T14:36:14Z,46.86031667,12.80660000,2000.00,
13204,,,,,2019-07-23T14:36:15Z,46.86038333,12.80670000,2002.00,
13205,,,,,2019-07-23T14:36:16Z,46.86046667,12.80671667,2003.00,
13206,,,,,2019-07-23T14:36:17Z,46.86055000,12.80673333,2003.00,
13207,,,,,2019-07-23T14:36:18Z,46.86071667,12.80666667,2004.00,
13208,,,,,2019-07-23T14:36:19Z,46.86080000,12.80660000,2005.00,
13209,,,,,2019-07-23T14:36:20Z,46.86090000,12.80658333,2007.00,
13210,,,,,2019-07-23T14:36:23Z,46.86108333,12.80650000,2009.00,
13211,,,,,2019-07-23T14:36:24Z,46.86116667,12.80648333,2010.00,
13212,,,,,2019-07-23T14:36:25Z,46.86100000,12.80648333,2011.00,
13213,,,,,2019-07-23T14:36:26Z,46.86095000,12.80673333,2012.00,
13214,,,,,2019-07-23T14:36:27Z,46.86096667,12.80676667,2015.00,
13215,,,,,2019-07-23T14:36:28Z,46.86095000,12.80686667,2016.00,
13216,,,,,2019-07-23T14:36:29Z,46.86113333,12.80710000,2018.00,
13217,,,,,2019-07-23T14:36:30Z,46.86131667,12.80723333,2020.00,
13218,,,,,2019-07-23T14:36:31Z,46.86145000,12.80710000,2020.00,
13219,,,,,2019-07-23T14:36:32Z,46.86165000,12.80646667,2022.00,
13220,,,,,2019-07-23T14:36:33Z,46.86185000,12.80625000,2025.00,
13221,,,,,2019-07-23T14:36:34Z,46.86198333,12.80615000,2025.00,
13222,,,,,2019-07-23T14:36:35Z,46.86201667,12.80608333,2026.00,
13223,,,,,2019-07-23T14:36:36Z,46.86201667,12.80576667,2027.00,
13224,,,,,2019-07-23T14:36:37Z,46.86196667,12.80558333,2029.00,
13225,,,,,2019-07-23T14:36:38Z,46.86185000,12.80543333,2030.00,
13226,,,,,2019-07-23T14:36:39Z,46.86166667,12.80528333,2031.00,
13227,,,,,2019-07-23T14:36:40Z,46.86151667,12.80536667,2033.00,
13228,,,,,2019-07-23T14:36:41Z,46.86140000,12.80546667,2033.00,
13229,,,,,2019-07-23T14:36:42Z,46.86131667,12.80558333,2035.00,
13230,,,,,2019-07-23T14:36:43Z,46.86126667,12.80568333,2037.00,
13231,,,,,2019-07-23T14:36:44Z,46.86120000,12.80580000,2041.00,
13232,,,,,2019-07-23T14:36:45Z,46.86118333,12.80593333,2043.00,
13233,,,,,2019-07-23T14:36:46Z,46.86120000,12.80601667,2045.00,
13234,,,,,2019-07-23T14:36:47Z,46.86123333,12.80608333,2048.00,
13235,,,,,2019-07-23T14:36:48Z,46.86138333,12.80608333,2050.00,
13236,,,,,2019-07-23T14:36:49Z,46.86158333,12.80610000,2052.00,
13237,,,,,2019-07-23T14:36:50Z,46.86168333,12.80596667,2055.00,
13238,,,,,2019-07-23T14:36:51Z,46.86176667,12.80573333,2057.00,
13239,,,,,2019-07-23T14:36:52Z,46.86181667,12.80548333,2058.00,
13240,,,,,2019-07-23T14:36:53Z,46.86181667,12.80521667,2058.00,
13241,,,,,2019-07-23T14:36:54Z,46.86178333,12.80495000,2059.00,
13242,,,,,2019-07-23T14:36:55Z,46.86170000,12.80476667,2058.00,
13243,,,,,2019-07-23T14:36:56Z,46.86156667,12.80466667,2057.00,
13244,,,,,2019-07-23T14:36:57Z,46.86143333,12.80461667,2055.00,
13245,,,,,2019-07-23T14:36:58Z,46.86125000,12.80465000,2057.00,
13246,,,,,2019-07-23T14:36:59Z,46.86108333,12.80471667,2059.00,
13247,,,,,2019-07-23T14:37:00Z,46.86095000,12.80476667,2061.00,
13248,,,,,2019-07-23T14:37:01Z,46.86081667,12.80485000,2063.00,
13249,,,,,2019-07-23T14:37:02Z,46.86070000,12.80493333,2064.00,
13250,,,,,2019-07-23T14:37:03Z,46.86060000,12.80505000,2068.00,
13251,,,,,2019-07-23T14:37:04Z,46.86053333,12.80520000,2071.00,
13252,,,,,2019-07-23T14:37:05Z,46.86048333,12.80535000,2074.00,
13253,,,,,2019-07-23T14:37:06Z,46.86045000,12.80555000,2076.00,
13254,,,,,2019-07-23T14:37:07Z,46.86046667,12.80576667,2077.00,
13255,,,,,2019-07-23T14:37:08Z,46.86048333,12.80596667,2079.00,
13256,,,,,2019-07-23T14:37:09Z,46.86053333,12.80613333,2083.00,
13257,,,,,2019-07-23T14:37:10Z,46.86058333,12.80626667,2085.00,
13258,,,,,2019-07-23T14:37:11Z,46.86066667,12.80633333,2089.00,
13259,,,,,2019-07-23T14:37:12Z,46.86073333,12.80626667,2093.00,
13260,,,,,2019-07-23T14:37:13Z,46.86080000,12.80608333,2096.00,
13261,,,,,2019-07-23T14:37:14Z,46.86085000,12.80591667,2097.00,
13262,,,,,2019-07-23T14:37:15Z,46.86085000,12.80568333,2099.00,
13263,,,,,2019-07-23T14:37:16Z,46.86081667,12.80543333,2103.00,
13264,,,,,2019-07-23T14:37:17Z,46.86075000,12.80526667,2108.00,
13265,,,,,2019-07-23T14:37:18Z,46.86063333,12.80515000,2110.00,
13266,,,,,2019-07-23T14:37:19Z,46.86053333,12.80510000,2111.00,
13267,,,,,2019-07-23T14:37:20Z,46.86040000,12.80513333,2112.00,
13268,,,,,2019-07-23T14:37:21Z,46.86030000,12.80523333,2112.00,
13269,,,,,2019-07-23T14:37:22Z,46.86023333,12.80543333,2113.00,
13270,,,,,2019-07-23T14:37:23Z,46.86020000,12.80560000,2116.00,
13271,,,,,2019-07-23T14:37:24Z,46.86018333,12.80578333,2119.00,
13272,,,,,2019-07-23T14:37:25Z,46.86021667,12.80603333,2123.00,
13273,,,,,2019-07-23T14:37:26Z,46.86028333,12.80625000,2124.00,
13274,,,,,2019-07-23T14:37:27Z,46.86036667,12.80640000,2127.00,
13275,,,,,2019-07-23T14:37:28Z,46.86043333,12.80641667,2132.00,
13276,,,,,2019-07-23T14:37:29Z,46.86050000,12.80631667,2137.00,
13277,,,,,2019-07-23T14:37:30Z,46.86056667,12.80620000,2140.00,
13278,,,,,2019-07-23T14:37:31Z,46.86076667,12.80586667,2143.00,
13279,,,,,2019-07-23T14:37:32Z,46.86080000,12.80563333,2147.00,
13280,,,,,2019-07-23T14:37:33Z,46.86078333,12.80540000,2150.00,
13281,,,,,2019-07-23T14:37:34Z,46.86075000,12.80518333,2152.00,
13282,,,,,2019-07-23T14:37:35Z,46.86070000,12.80503333,2154.00,
13283,,,,,2019-07-23T14:37:36Z,46.86061667,12.80493333,2156.00,
13284,,,,,2019-07-23T14:37:37Z,46.86053333,12.80490000,2158.00,
13285,,,,,2019-07-23T14:37:38Z,46.86046667,12.80491667,2159.00,
13286,,,,,2019-07-23T14:37:39Z,46.86036667,12.80505000,2159.00,
13287,,,,,2019-07-23T14:37:40Z,46.86028333,12.80531667,2161.00,
13288,,,,,2019-07-23T14:37:41Z,46.86031667,12.80550000,2166.00,
13289,,,,,2019-07-23T14:37:42Z,46.86040000,12.80570000,2170.00,
13290,,,,,2019-07-23T14:37:43Z,46.86050000,12.80591667,2172.00,
13291,,,,,2019-07-23T14:37:44Z,46.86065000,12.80611667,2173.00,
13292,,,,,2019-07-23T14:37:45Z,46.86081667,12.80623333,2174.00,
13293,,,,,2019-07-23T14:37:46Z,46.86098333,12.80625000,2177.00,
13294,,,,,2019-07-23T14:37:47Z,46.86113333,12.80616667,2180.00,
13295,,,,,2019-07-23T14:37:48Z,46.86126667,12.80595000,2182.00,
13296,,,,,2019-07-23T14:37:49Z,46.86140000,12.80573333,2184.00,
13297,,,,,2019-07-23T14:37:50Z,46.86148333,12.80560000,2186.00,
13298,,,,,2019-07-23T14:37:51Z,46.86155000,12.80550000,2190.00,
13299,,,,,2019-07-23T14:37:52Z,46.86158333,12.80541667,2193.00,
13300,,,,,2019-07-23T14:37:53Z,46.86160000,12.80536667,2195.00,
13301,,,,,2019-07-23T14:37:54Z,46.86155000,12.80548333,2197.00,
13302,,,,,2019-07-23T14:37:55Z,46.86140000,12.80571667,2200.00,
13303,,,,,2019-07-23T14:37:56Z,46.86131667,12.80596667,2203.00,
13304,,,,,2019-07-23T14:37:57Z,46.86136667,12.80615000,2205.00,
13305,,,,,2019-07-23T14:37:58Z,46.86141667,12.80633333,2206.00,
13306,,,,,2019-07-23T14:37:59Z,46.86146667,12.80645000,2209.00,
13307,,,,,2019-07-23T14:38:00Z,46.86163333,12.80660000,2211.00,
13308,,,,,2019-07-23T14:38:01Z,46.86176667,12.80660000,2213.00,
13309,,,,,2019-07-23T14:38:02Z,46.86186667,12.80650000,2215.00,
13310,,,,,2019-07-23T14:38:03Z,46.86195000,12.80628333,2216.00,
13311,,,,,2019-07-23T14:38:04Z,46.86206667,12.80610000,2217.00,
13312,,,,,2019-07-23T14:38:05Z,46.86211667,12.80590000,2218.00,
13313,,,,,2019-07-23T14:38:06Z,46.86208333,12.80571667,2220.00,
13314,,,,,2019-07-23T14:38:07Z,46.86206667,12.80561667,2222.00,
13315,,,,,2019-07-23T14:38:08Z,46.86196667,12.80555000,2224.00,
13316,,,,,2019-07-23T14:38:09Z,46.86183333,12.80556667,2226.00,
13317,,,,,2019-07-23T14:38:10Z,46.86165000,12.80556667,2228.00,
13318,,,,,2019-07-23T14:38:11Z,46.86153333,12.80571667,2230.00,
13319,,,,,2019-07-23T14:38:12Z,46.86145000,12.80583333,2232.00,
13320,,,,,2019-07-23T14:38:13Z,46.86140000,12.80593333,2234.00,
13321,,,,,2019-07-23T14:38:14Z,46.86133333,12.80598333,2234.00,
13322,,,,,2019-07-23T14:38:15Z,46.86135000,12.80608333,2234.00,
13323,,,,,2019-07-23T14:38:16Z,46.86143333,12.80616667,2236.00,
13324,,,,,2019-07-23T14:38:17Z,46.86153333,12.80625000,2237.00,
13325,,,,,2019-07-23T14:38:18Z,46.86161667,12.80626667,2239.00,
13326,,,,,2019-07-23T14:38:19Z,46.86170000,12.80618333,2241.00,
13327,,,,,2019-07-23T14:38:20Z,46.86178333,12.80606667,2243.00,
13328,,,,,2019-07-23T14:38:21Z,46.86181667,12.80596667,2245.00,
13329,,,,,2019-07-23T14:38:22Z,46.86186667,12.80588333,2246.00,
13330,,,,,2019-07-23T14:38:23Z,46.86188333,12.80578333,2247.00,
13331,,,,,2019-07-23T14:38:24Z,46.86183333,12.80560000,2249.00,
13332,,,,,2019-07-23T14:38:25Z,46.86173333,12.80546667,2251.00,
13333,,,,,2019-07-23T14:38:26Z,46.86161667,12.80546667,2252.00,
13334,,,,,2019-07-23T14:38:27Z,46.86146667,12.80551667,2253.00,
13335,,,,,2019-07-23T14:38:28Z,46.86141667,12.80571667,2254.00,
13336,,,,,2019-07-23T14:38:29Z,46.86138333,12.80575000,2254.00,
13337,,,,,2019-07-23T14:38:30Z,46.86140000,12.80586667,2255.00,
13338,,,,,2019-07-23T14:38:31Z,46.86146667,12.80593333,2255.00,
13339,,,,,2019-07-23T14:38:32Z,46.86160000,12.80603333,2257.00,
13340,,,,,2019-07-23T14:38:33Z,46.86170000,12.80610000,2257.00,
13341,,,,,2019-07-23T14:38:34Z,46.86185000,12.80606667,2258.00,
13342,,,,,2019-07-23T14:38:35Z,46.86201667,12.80603333,2256.00,
13343,,,,,2019-07-23T14:38:36Z,46.86215000,12.80585000,2258.00,
13344,,,,,2019-07-23T14:38:37Z,46.86228333,12.80555000,2259.00,
13345,,,,,2019-07-23T14:38:38Z,46.86235000,12.80535000,2260.00,
13346,,,,,2019-07-23T14:38:39Z,46.86240000,12.80513333,2262.00,
13347,,,,,2019-07-23T14:38:40Z,46.86241667,12.80488333,2264.00,
13348,,,,,2019-07-23T14:38:41Z,46.86243333,12.80463333,2266.00,
13349,,,,,2019-07-23T14:38:42Z,46.86243333,12.80443333,2266.00,
13350,,,,,2019-07-23T14:38:43Z,46.86243333,12.80420000,2268.00,
13351,,,,,2019-07-23T14:38:44Z,46.86243333,12.80400000,2270.00,
13352,,,,,2019-07-23T14:38:45Z,46.86241667,12.80381667,2271.00,
13353,,,,,2019-07-23T14:38:46Z,46.86235000,12.80365000,2271.00,
13354,,,,,2019-07-23T14:38:47Z,46.86225000,12.80355000,2273.00,
13355,,,,,2019-07-23T14:38:48Z,46.86206667,12.80353333,2276.00,
13356,,,,,2019-07-23T14:38:49Z,46.86198333,12.80346667,2278.00,
13357,,,,,2019-07-23T14:38:50Z,46.86195000,12.80343333,2278.00,
13358,,,,,2019-07-23T14:38:51Z,46.86193333,12.80340000,2278.00,
13359,,,,,2019-07-23T14:38:52Z,46.86203333,12.80340000,2279.00,
13360,,,,,2019-07-23T14:38:53Z,46.86211667,12.80340000,2280.00,
13361,,,,,2019-07-23T14:38:54Z,46.86223333,12.80346667,2280.00,
13362,,,,,2019-07-23T14:38:55Z,46.86235000,12.80345000,2281.00,
13363,,,,,2019-07-23T14:38:56Z,46.86245000,12.80333333,2281.00,
13364,,,,,2019-07-23T14:38:57Z,46.86251667,12.80318333,2283.00,
13365,,,,,2019-07-23T14:38:58Z,46.86256667,12.80305000,2285.00,
13366,,,,,2019-07-23T14:38:59Z,46.86261667,12.80290000,2287.00,
13367,,,,,2019-07-23T14:39:00Z,46.86260000,12.80265000,2288.00,
13368,,,,,2019-07-23T14:39:01Z,46.86258333,12.80245000,2289.00,
13369,,,,,2019-07-23T14:39:02Z,46.86250000,12.80228333,2289.00,
13370,,,,,2019-07-23T14:39:03Z,46.86238333,12.80218333,2290.00,
13371,,,,,2019-07-23T14:39:04Z,46.86223333,12.80206667,2290.00,
13372,,,,,2019-07-23T14:39:05Z,46.86201667,12.80205000,2291.00,
13373,,,,,2019-07-23T14:39:06Z,46.86183333,12.80206667,2291.00,
13374,,,,,2019-07-23T14:39:07Z,46.86168333,12.80211667,2292.00,
13375,,,,,2019-07-23T14:39:08Z,46.86158333,12.80220000,2293.00,
13376,,,,,2019-07-23T14:39:09Z,46.86153333,12.80236667,2295.00,
13377,,,,,2019-07-23T14:39:10Z,46.86151667,12.80255000,2296.00,
13378,,,,,2019-07-23T14:39:11Z,46.86151667,12.80271667,2297.00,
13379,,,,,2019-07-23T14:39:12Z,46.86158333,12.80290000,2296.00,
13380,,,,,2019-07-23T14:39:13Z,46.86168333,12.80305000,2296.00,
13381,,,,,2019-07-23T14:39:14Z,46.86176667,12.80313333,2297.00,
13382,,,,,2019-07-23T14:39:15Z,46.86186667,12.80318333,2297.00,
13383,,,,,2019-07-23T14:39:16Z,46.86198333,12.80321667,2297.00,
13384,,,,,2019-07-23T14:39:17Z,46.86210000,12.80321667,2297.00,
13385,,,,,2019-07-23T14:39:18Z,46.86225000,12.80315000,2297.00,
13386,,,,,2019-07-23T14:39:19Z,46.86240000,12.80300000,2298.00,
13387,,,,,2019-07-23T14:39:20Z,46.86256667,12.80285000,2299.00,
13388,,,,,2019-07-23T14:39:21Z,46.86266667,12.80266667,2301.00,
13389,,,,,2019-07-23T14:39:22Z,46.86273333,12.80248333,2303.00,
13390,,,,,2019-07-23T14:39:23Z,46.86276667,12.80230000,2304.00,
13391,,,,,2019-07-23T14:39:24Z,46.86280000,12.80205000,2305.00,
13392,,,,,2019-07-23T14:39:25Z,46.86281667,12.80176667,2306.00,
13393,,,,,2019-07-23T14:39:26Z,46.86280000,12.80155000,2307.00,
13394,,,,,2019-07-23T14:39:27Z,46.86276667,12.80136667,2308.00,
13395,,,,,2019-07-23T14:39:28Z,46.86268333,12.80123333,2307.00,
13396,,,,,2019-07-23T14:39:29Z,46.86258333,12.80110000,2307.00,
13397,,,,,2019-07-23T14:39:30Z,46.86241667,12.80113333,2309.00,
13398,,,,,2019-07-23T14:39:31Z,46.86230000,12.80110000,2308.00,
13399,,,,,2019-07-23T14:39:32Z,46.86223333,12.80111667,2308.00,
13400,,,,,2019-07-23T14:39:33Z,46.86215000,12.80158333,2307.00,
13401,,,,,2019-07-23T14:39:34Z,46.86216667,12.80183333,2307.00,
13402,,,,,2019-07-23T14:39:35Z,46.86220000,12.80208333,2307.00,
13403,,,,,2019-07-23T14:39:36Z,46.86228333,12.80233333,2307.00,
13404,,,,,2019-07-23T14:39:37Z,46.86236667,12.80255000,2307.00,
13405,,,,,2019-07-23T14:39:38Z,46.86243333,12.80278333,2307.00,
13406,,,,,2019-07-23T14:39:39Z,46.86253333,12.80298333,2307.00,
13407,,,,,2019-07-23T14:39:40Z,46.86263333,12.80320000,2307.00,
13408,,,,,2019-07-23T14:39:41Z,46.86271667,12.80340000,2308.00,
13409,,,,,2019-07-23T14:39:42Z,46.86280000,12.80361667,2308.00,
13410,,,,,2019-07-23T14:39:43Z,46.86290000,12.80383333,2307.00,
13411,,,,,2019-07-23T14:39:44Z,46.86298333,12.80406667,2305.00,
13412,,,,,2019-07-23T14:39:45Z,46.86310000,12.80426667,2305.00,
13413,,,,,2019-07-23T14:39:46Z,46.86321667,12.80445000,2303.00,
13414,,,,,2019-07-23T14:39:47Z,46.86335000,12.80463333,2304.00,
13415,,,,,2019-07-23T14:39:48Z,46.86350000,12.80480000,2304.00,
13416,,,,,2019-07-23T14:39:49Z,46.86365000,12.80493333,2305.00,
13417,,,,,2019-07-23T14:39:50Z,46.86380000,12.80506667,2304.00,
13418,,,,,2019-07-23T14:39:51Z,46.86395000,12.80518333,2306.00,
13419,,,,,2019-07-23T14:39:52Z,46.86411667,12.80523333,2310.00,
13420,,,,,2019-07-23T14:39:53Z,46.86430000,12.80526667,2312.00,
13421,,,,,2019-07-23T14:39:54Z,46.86446667,12.80528333,2313.00,
13422,,,,,2019-07-23T14:39:55Z,46.86463333,12.80525000,2316.00,
13423,,,,,2019-07-23T14:39:56Z,46.86475000,12.80513333,2317.00,
13424,,,,,2019-07-23T14:39:57Z,46.86490000,12.80496667,2317.00,
13425,,,,,2019-07-23T14:39:58Z,46.86503333,12.80486667,2318.00,
13426,,,,,2019-07-23T14:39:59Z,46.86513333,12.80466667,2319.00,
13427,,,,,2019-07-23T14:40:00Z,46.86521667,12.80455000,2320.00,
13428,,,,,2019-07-23T14:40:01Z,46.86528333,12.80435000,2320.00,
13429,,,,,2019-07-23T14:40:02Z,46.86526667,12.80408333,2320.00,
13430,,,,,2019-07-23T14:40:03Z,46.86525000,12.80385000,2323.00,
13431,,,,,2019-07-23T14:40:04Z,46.86520000,12.80365000,2325.00,
13432,,,,,2019-07-23T14:40:05Z,46.86511667,12.80341667,2327.00,
13433,,,,,2019-07-23T14:40:06Z,46.86498333,12.80323333,2329.00,
13434,,,,,2019-07-23T14:40:07Z,46.86480000,12.80313333,2331.00,
13435,,,,,2019-07-23T14:40:08Z,46.86461667,12.80310000,2332.00,
13436,,,,,2019-07-23T14:40:09Z,46.86450000,12.80320000,2333.00,
13437,,,,,2019-07-23T14:40:10Z,46.86446667,12.80351667,2335.00,
13438,,,,,2019-07-23T14:40:11Z,46.86438333,12.80366667,2337.00,
13439,,,,,2019-07-23T14:40:12Z,46.86431667,12.80380000,2338.00,
13440,,,,,2019-07-23T14:40:13Z,46.86430000,12.80395000,2341.00,
13441,,,,,2019-07-23T14:40:14Z,46.86430000,12.80410000,2344.00,
13442,,,,,2019-07-23T14:40:15Z,46.86435000,12.80425000,2347.00,
13443,,,,,2019-07-23T14:40:16Z,46.86446667,12.80440000,2348.00,
13444,,,,,2019-07-23T14:40:17Z,46.86458333,12.80450000,2349.00,
13445,,,,,2019-07-23T14:40:18Z,46.86470000,12.80453333,2351.00,
13446,,,,,2019-07-23T14:40:19Z,46.86481667,12.80448333,2353.00,
13447,,,,,2019-07-23T14:40:20Z,46.86495000,12.80435000,2355.00,
13448,,,,,2019-07-23T14:40:21Z,46.86506667,12.80416667,2357.00,
13449,,,,,2019-07-23T14:40:22Z,46.86516667,12.80391667,2359.00,
13450,,,,,2019-07-23T14:40:23Z,46.86521667,12.80361667,2360.00,
13451,,,,,2019-07-23T14:40:24Z,46.86523333,12.80335000,2362.00,
13452,,,,,2019-07-23T14:40:25Z,46.86523333,12.80311667,2364.00,
13453,,,,,2019-07-23T14:40:26Z,46.86518333,12.80290000,2365.00,
13454,,,,,2019-07-23T14:40:27Z,46.86508333,12.80266667,2367.00,
13455,,,,,2019-07-23T14:40:28Z,46.86495000,12.80248333,2370.00,
13456,,,,,2019-07-23T14:40:29Z,46.86481667,12.80236667,2373.00,
13457,,,,,2019-07-23T14:40:30Z,46.86468333,12.80228333,2375.00,
13458,,,,,2019-07-23T14:40:31Z,46.86453333,12.80228333,2377.00,
13459,,,,,2019-07-23T14:40:32Z,46.86438333,12.80231667,2379.00,
13460,,,,,2019-07-23T14:40:33Z,46.86430000,12.80245000,2380.00,
13461,,,,,2019-07-23T14:40:34Z,46.86425000,12.80268333,2382.00,
13462,,,,,2019-07-23T14:40:35Z,46.86423333,12.80290000,2384.00,
13463,,,,,2019-07-23T14:40:36Z,46.86421667,12.80306667,2385.00,
13464,,,,,2019-07-23T14:40:37Z,46.86425000,12.80321667,2387.00,
13465,,,,,2019-07-23T14:40:38Z,46.86438333,12.80340000,2389.00,
13466,,,,,2019-07-23T14:40:39Z,46.86456667,12.80358333,2391.00,
13467,,,,,2019-07-23T14:40:40Z,46.86468333,12.80365000,2393.00,
13468,,,,,2019-07-23T14:40:41Z,46.86486667,12.80365000,2395.00,
13469,,,,,2019-07-23T14:40:42Z,46.86501667,12.80361667,2397.00,
13470,,,,,2019-07-23T14:40:43Z,46.86513333,12.80345000,2399.00,
13471,,,,,2019-07-23T14:40:44Z,46.86526667,12.80331667,2402.00,
13472,,,,,2019-07-23T14:40:45Z,46.86536667,12.80321667,2405.00,
13473,,,,,2019-07-23T14:40:46Z,46.86548333,12.80313333,2407.00,
13474,,,,,2019-07-23T14:40:49Z,46.86561667,12.80278333,2410.00,
13475,,,,,2019-07-23T14:40:50Z,46.86563333,12.80268333,2411.00,
13476,,,,,2019-07-23T14:40:51Z,46.86560000,12.80261667,2413.00,
13477,,,,,2019-07-23T14:40:52Z,46.86551667,12.80255000,2415.00,
13478,,,,,2019-07-23T14:40:53Z,46.86545000,12.80253333,2416.00,
13479,,,,,2019-07-23T14:40:54Z,46.86535000,12.80250000,2419.00,
13480,,,,,2019-07-23T14:40:55Z,46.86506667,12.80235000,2420.00,
13481,,,,,2019-07-23T14:40:56Z,46.86488333,12.80230000,2424.00,
13482,,,,,2019-07-23T14:40:57Z,46.86470000,12.80235000,2426.00,
13483,,,,,2019-07-23T14:40:58Z,46.86458333,12.80245000,2428.00,
13484,,,,,2019-07-23T14:40:59Z,46.86456667,12.80266667,2429.00,
13485,,,,,2019-07-23T14:41:00Z,46.86453333,12.80276667,2430.00,
13486,,,,,2019-07-23T14:41:01Z,46.86456667,12.80291667,2430.00,
13487,,,,,2019-07-23T14:41:02Z,46.86476667,12.80310000,2431.00,
13488,,,,,2019-07-23T14:41:03Z,46.86486667,12.80316667,2431.00,
13489,,,,,2019-07-23T14:41:04Z,46.86496667,12.80316667,2431.00,
13490,,,,,2019-07-23T14:41:05Z,46.86508333,12.80310000,2432.00,
13491,,,,,2019-07-23T14:41:06Z,46.86518333,12.80296667,2433.00,
13492,,,,,2019-07-23T14:41:07Z,46.86530000,12.80281667,2435.00,
13493,,,,,2019-07-23T14:41:08Z,46.86535000,12.80266667,2436.00,
13494,,,,,2019-07-23T14:41:09Z,46.86536667,12.80246667,2438.00,
13495,,,,,2019-07-23T14:41:10Z,46.86533333,12.80223333,2439.00,
13496,,,,,2019-07-23T14:41:11Z,46.86525000,12.80203333,2441.00,
13497,,,,,2019-07-23T14:41:12Z,46.86513333,12.80193333,2441.00,
13498,,,,,2019-07-23T14:41:13Z,46.86495000,12.80190000,2441.00,
13499,,,,,2019-07-23T14:41:14Z,46.86478333,12.80191667,2443.00,
13500,,,,,2019-07-23T14:41:15Z,46.86463333,12.80198333,2444.00,
13501,,,,,2019-07-23T14:41:16Z,46.86451667,12.80206667,2446.00,
13502,,,,,2019-07-23T14:41:17Z,46.86443333,12.80220000,2447.00,
13503,,,,,2019-07-23T14:41:18Z,46.86441667,12.80235000,2449.00,
13504,,,,,2019-07-23T14:41:19Z,46.86448333,12.80253333,2451.00,
13505,,,,,2019-07-23T14:41:20Z,46.86455000,12.80268333,2452.00,
13506,,,,,2019-07-23T14:41:21Z,46.86465000,12.80273333,2451.00,
13507,,,,,2019-07-23T14:41:22Z,46.86476667,12.80273333,2450.00,
13508,,,,,2019-07-23T14:41:23Z,46.86493333,12.80266667,2451.00,
13509,,,,,2019-07-23T14:41:24Z,46.86513333,12.80253333,2451.00,
13510,,,,,2019-07-23T14:41:25Z,46.86531667,12.80248333,2452.00,
13511,,,,,2019-07-23T14:41:26Z,46.86545000,12.80248333,2454.00,
13512,,,,,2019-07-23T14:41:27Z,46.86558333,12.80250000,2454.00,
13513,,,,,2019-07-23T14:41:28Z,46.86571667,12.80250000,2454.00,
13514,,,,,2019-07-23T14:41:29Z,46.86583333,12.80245000,2457.00,
13515,,,,,2019-07-23T14:41:30Z,46.86595000,12.80241667,2461.00,
13516,,,,,2019-07-23T14:41:31Z,46.86605000,12.80233333,2465.00,
13517,,,,,2019-07-23T14:41:32Z,46.86615000,12.80221667,2468.00,
13518,,,,,2019-07-23T14:41:33Z,46.86621667,12.80193333,2470.00,
13519,,,,,2019-07-23T14:41:34Z,46.86625000,12.80173333,2471.00,
13520,,,,,2019-07-23T14:41:35Z,46.86623333,12.80151667,2472.00,
13521,,,,,2019-07-23T14:41:36Z,46.86620000,12.80131667,2472.00,
13522,,,,,2019-07-23T14:41:37Z,46.86611667,12.80115000,2473.00,
13523,,,,,2019-07-23T14:41:38Z,46.86603333,12.80106667,2475.00,
13524,,,,,2019-07-23T14:41:39Z,46.86596667,12.80101667,2477.00,
13525,,,,,2019-07-23T14:41:40Z,46.86578333,12.80106667,2478.00,
13526,,,,,2019-07-23T14:41:41Z,46.86570000,12.80118333,2480.00,
13527,,,,,2019-07-23T14:41:42Z,46.86565000,12.80135000,2482.00,
13528,,,,,2019-07-23T14:41:43Z,46.86568333,12.80153333,2483.00,
13529,,,,,2019-07-23T14:41:44Z,46.86586667,12.80176667,2485.00,
13530,,,,,2019-07-23T14:41:45Z,46.86596667,12.80186667,2487.00,
13531,,,,,2019-07-23T14:41:46Z,46.86610000,12.80190000,2489.00,
13532,,,,,2019-07-23T14:41:47Z,46.86621667,12.80186667,2490.00,
13533,,,,,2019-07-23T14:41:48Z,46.86635000,12.80171667,2491.00,
13534,,,,,2019-07-23T14:41:49Z,46.86646667,12.80153333,2492.00,
13535,,,,,2019-07-23T14:41:50Z,46.86653333,12.80130000,2496.00,
13536,,,,,2019-07-23T14:41:51Z,46.86653333,12.80106667,2499.00,
13537,,,,,2019-07-23T14:41:52Z,46.86653333,12.80085000,2500.00,
13538,,,,,2019-07-23T14:41:53Z,46.86651667,12.80060000,2500.00,
13539,,,,,2019-07-23T14:41:54Z,46.86646667,12.80038333,2502.00,
13540,,,,,2019-07-23T14:41:55Z,46.86638333,12.80026667,2505.00,
13541,,,,,2019-07-23T14:41:56Z,46.86631667,12.80018333,2507.00,
13542,,,,,2019-07-23T14:41:57Z,46.86621667,12.80016667,2507.00,
13543,,,,,2019-07-23T14:41:58Z,46.86613333,12.80023333,2509.00,
13544,,,,,2019-07-23T14:41:59Z,46.86603333,12.80036667,2507.00,
13545,,,,,2019-07-23T14:42:00Z,46.86598333,12.80053333,2510.00,
13546,,,,,2019-07-23T14:42:01Z,46.86596667,12.80075000,2511.00,
13547,,,,,2019-07-23T14:42:02Z,46.86600000,12.80095000,2513.00,
13548,,,,,2019-07-23T14:42:03Z,46.86608333,12.80113333,2514.00,
13549,,,,,2019-07-23T14:42:04Z,46.86621667,12.80121667,2515.00,
13550,,,,,2019-07-23T14:42:05Z,46.86638333,12.80121667,2517.00,
13551,,,,,2019-07-23T14:42:06Z,46.86655000,12.80113333,2519.00,
13552,,,,,2019-07-23T14:42:07Z,46.86665000,12.80103333,2520.00,
13553,,,,,2019-07-23T14:42:08Z,46.86668333,12.80083333,2522.00,
13554,,,,,2019-07-23T14:42:09Z,46.86668333,12.80060000,2523.00,
13555,,,,,2019-07-23T14:42:10Z,46.86666667,12.80041667,2525.00,
13556,,,,,2019-07-23T14:42:11Z,46.86656667,12.80023333,2526.00,
13557,,,,,2019-07-23T14:42:12Z,46.86648333,12.80008333,2528.00,
13558,,,,,2019-07-23T14:42:13Z,46.86645000,12.80000000,2530.00,
13559,,,,,2019-07-23T14:42:14Z,46.86638333,12.79996667,2532.00,
13560,,,,,2019-07-23T14:42:15Z,46.86626667,12.79991667,2533.00,
13561,,,,,2019-07-23T14:42:16Z,46.86610000,12.79996667,2533.00,
13562,,,,,2019-07-23T14:42:17Z,46.86605000,12.79996667,2534.00,
13563,,,,,2019-07-23T14:42:18Z,46.86616667,12.80011667,2534.00,
13564,,,,,2019-07-23T14:42:19Z,46.86626667,12.80016667,2534.00,
13565,,,,,2019-07-23T14:42:20Z,46.86638333,12.80020000,2538.00,
13566,,,,,2019-07-23T14:42:21Z,46.86653333,12.80026667,2540.00,
13567,,,,,2019-07-23T14:42:22Z,46.86665000,12.80026667,2542.00,
13568,,,,,2019-07-23T14:42:23Z,46.86680000,12.80011667,2543.00,
13569,,,,,2019-07-23T14:42:24Z,46.86691667,12.79993333,2545.00,
13570,,,,,2019-07-23T14:42:25Z,46.86703333,12.79976667,2546.00,
13571,,,,,2019-07-23T14:42:26Z,46.86710000,12.79950000,2547.00,
13572,,,,,2019-07-23T14:42:27Z,46.86710000,12.79916667,2547.00,
13573,,,,,2019-07-23T14:42:28Z,46.86713333,12.79893333,2547.00,
13574,,,,,2019-07-23T14:42:29Z,46.86711667,12.79870000,2546.00,
13575,,,,,2019-07-23T14:42:30Z,46.86705000,12.79846667,2546.00,
13576,,,,,2019-07-23T14:42:31Z,46.86693333,12.79828333,2547.00,
13577,,,,,2019-07-23T14:42:32Z,46.86685000,12.79810000,2549.00,
13578,,,,,2019-07-23T14:42:33Z,46.86673333,12.79800000,2551.00,
13579,,,,,2019-07-23T14:42:34Z,46.86660000,12.79793333,2553.00,
13580,,,,,2019-07-23T14:42:35Z,46.86646667,12.79786667,2553.00,
13581,,,,,2019-07-23T14:42:36Z,46.86631667,12.79780000,2554.00,
13582,,,,,2019-07-23T14:42:37Z,46.86615000,12.79781667,2554.00,
13583,,,,,2019-07-23T14:42:38Z,46.86600000,12.79785000,2554.00,
13584,,,,,2019-07-23T14:42:39Z,46.86585000,12.79791667,2553.00,
13585,,,,,2019-07-23T14:42:40Z,46.86568333,12.79801667,2553.00,
13586,,,,,2019-07-23T14:42:41Z,46.86553333,12.79813333,2553.00,
13587,,,,,2019-07-23T14:42:42Z,46.86538333,12.79823333,2554.00,
13588,,,,,2019-07-23T14:42:43Z,46.86525000,12.79836667,2555.00,
13589,,,,,2019-07-23T14:42:44Z,46.86510000,12.79848333,2555.00,
13590,,,,,2019-07-23T14:42:45Z,46.86495000,12.79861667,2554.00,
13591,,,,,2019-07-23T14:42:46Z,46.86480000,12.79875000,2553.00,
13592,,,,,2019-07-23T14:42:47Z,46.86465000,12.79890000,2553.00,
13593,,,,,2019-07-23T14:42:48Z,46.86451667,12.79908333,2554.00,
13594,,,,,2019-07-23T14:42:49Z,46.86438333,12.79925000,2554.00,
13595,,,,,2019-07-23T14:42:50Z,46.86426667,12.79941667,2553.00,
13596,,,,,2019-07-23T14:42:51Z,46.86413333,12.79958333,2553.00,
13597,,,,,2019-07-23T14:42:52Z,46.86401667,12.79975000,2554.00,
13598,,,,,2019-07-23T14:42:53Z,46.86388333,12.79993333,2554.00,
13599,,,,,2019-07-23T14:42:54Z,46.86376667,12.80010000,2551.00,
13600,,,,,2019-07-23T14:42:55Z,46.86366667,12.80030000,2554.00,
13601,,,,,2019-07-23T14:42:56Z,46.86355000,12.80051667,2554.00,
13602,,,,,2019-07-23T14:42:57Z,46.86341667,12.80071667,2552.00,
13603,,,,,2019-07-23T14:42:58Z,46.86328333,12.80090000,2550.00,
13604,,,,,2019-07-23T14:42:59Z,46.86315000,12.80108333,2548.00,
13605,,,,,2019-07-23T14:43:00Z,46.86301667,12.80126667,2548.00,
13606,,,,,2019-07-23T14:43:01Z,46.86288333,12.80146667,2548.00,
13607,,,,,2019-07-23T14:43:02Z,46.86276667,12.80166667,2550.00,
13608,,,,,2019-07-23T14:43:03Z,46.86263333,12.80186667,2550.00,
13609,,,,,2019-07-23T14:43:04Z,46.86251667,12.80205000,2551.00,
13610,,,,,2019-07-23T14:43:05Z,46.86240000,12.80221667,2552.00,
13611,,,,,2019-07-23T14:43:06Z,46.86231667,12.80236667,2552.00,
13612,,,,,2019-07-23T14:43:07Z,46.86223333,12.80251667,2553.00,
13613,,,,,2019-07-23T14:43:08Z,46.86218333,12.80268333,2554.00,
13614,,,,,2019-07-23T14:43:09Z,46.86215000,12.80288333,2555.00,
13615,,,,,2019-07-23T14:43:10Z,46.86213333,12.80310000,2555.00,
13616,,,,,2019-07-23T14:43:11Z,46.86211667,12.80330000,2554.00,
13617,,,,,2019-07-23T14:43:12Z,46.86208333,12.80351667,2550.00,
13618,,,,,2019-07-23T14:43:13Z,46.86203333,12.80373333,2549.00,
13619,,,,,2019-07-23T14:43:14Z,46.86196667,12.80393333,2548.00,
13620,,,,,2019-07-23T14:43:15Z,46.86188333,12.80413333,2546.00,
13621,,,,,2019-07-23T14:43:16Z,46.86176667,12.80431667,2542.00,
13622,,,,,2019-07-23T14:43:17Z,46.86165000,12.80450000,2542.00,
13623,,,,,2019-07-23T14:43:18Z,46.86153333,12.80468333,2541.00,
13624,,,,,2019-07-23T14:43:19Z,46.86141667,12.80486667,2538.00,
13625,,,,,2019-07-23T14:43:20Z,46.86130000,12.80505000,2535.00,
13626,,,,,2019-07-23T14:43:21Z,46.86118333,12.80523333,2533.00,
13627,,,,,2019-07-23T14:43:22Z,46.86106667,12.80540000,2531.00,
13628,,,,,2019-07-23T14:43:23Z,46.86095000,12.80556667,2529.00,
13629,,,,,2019-07-23T14:43:24Z,46.86081667,12.80571667,2528.00,
13630,,,,,2019-07-23T14:43:25Z,46.86068333,12.80586667,2527.00,
13631,,,,,2019-07-23T14:43:26Z,46.86056667,12.80601667,2524.00,
13632,,,,,2019-07-23T14:43:27Z,46.86043333,12.80618333,2523.00,
13633,,,,,2019-07-23T14:43:28Z,46.86028333,12.80633333,2521.00,
13634,,,,,2019-07-23T14:43:29Z,46.86015000,12.80650000,2518.00,
13635,,,,,2019-07-23T14:43:30Z,46.86001667,12.80666667,2516.00,
13636,,,,,2019-07-23T14:43:31Z,46.85988333,12.80681667,2513.00,
13637,,,,,2019-07-23T14:43:32Z,46.85976667,12.80698333,2511.00,
13638,,,,,2019-07-23T14:43:33Z,46.85965000,12.80715000,2510.00,
13639,,,,,2019-07-23T14:43:34Z,46.85955000,12.80735000,2508.00,
13640,,,,,2019-07-23T14:43:35Z,46.85943333,12.80751667,2505.00,
13641,,,,,2019-07-23T14:43:36Z,46.85931667,12.80770000,2502.00,
13642,,,,,2019-07-23T14:43:37Z,46.85920000,12.80785000,2499.00,
13643,,,,,2019-07-23T14:43:38Z,46.85908333,12.80800000,2496.00,
13644,,,,,2019-07-23T14:43:39Z,46.85898333,12.80816667,2494.00,
13645,,,,,2019-07-23T14:43:40Z,46.85891667,12.80835000,2494.00,
13646,,,,,2019-07-23T14:43:41Z,46.85883333,12.80856667,2492.00,
13647,,,,,2019-07-23T14:43:42Z,46.85880000,12.80881667,2491.00,
13648,,,,,2019-07-23T14:43:43Z,46.85873333,12.80906667,2489.00,
13649,,,,,2019-07-23T14:43:44Z,46.85868333,12.80933333,2485.00,
13650,,,,,2019-07-23T14:43:45Z,46.85858333,12.80960000,2481.00,
13651,,,,,2019-07-23T14:43:46Z,46.85848333,12.80986667,2479.00,
13652,,,,,2019-07-23T14:43:47Z,46.85838333,12.81011667,2478.00,
13653,,,,,2019-07-23T14:43:48Z,46.85830000,12.81035000,2478.00,
13654,,,,,2019-07-23T14:43:49Z,46.85821667,12.81058333,2479.00,
13655,,,,,2019-07-23T14:43:50Z,46.85811667,12.81081667,2480.00,
13656,,,,,2019-07-23T14:43:51Z,46.85803333,12.81105000,2482.00,
13657,,,,,2019-07-23T14:43:52Z,46.85793333,12.81128333,2482.00,
13658,,,,,2019-07-23T14:43:53Z,46.85785000,12.81151667,2482.00,
13659,,,,,2019-07-23T14:43:54Z,46.85778333,12.81176667,2483.00,
13660,,,,,2019-07-23T14:43:55Z,46.85770000,12.81201667,2483.00,
13661,,,,,2019-07-23T14:43:56Z,46.85763333,12.81228333,2482.00,
13662,,,,,2019-07-23T14:43:57Z,46.85756667,12.81255000,2481.00,
13663,,,,,2019-07-23T14:43:58Z,46.85750000,12.81283333,2482.00,
13664,,,,,2019-07-23T14:43:59Z,46.85741667,12.81310000,2482.00,
13665,,,,,2019-07-23T14:44:00Z,46.85733333,12.81336667,2483.00,
13666,,,,,2019-07-23T14:44:01Z,46.85725000,12.81361667,2483.00,
13667,,,,,2019-07-23T14:44:02Z,46.85715000,12.81386667,2483.00,
13668,,,,,2019-07-23T14:44:03Z,46.85705000,12.81410000,2483.00,
13669,,,,,2019-07-23T14:44:04Z,46.85695000,12.81433333,2484.00,
13670,,,,,2019-07-23T14:44:05Z,46.85685000,12.81455000,2485.00,
13671,,,,,2019-07-23T14:44:06Z,46.85673333,12.81475000,2485.00,
13672,,,,,2019-07-23T14:44:07Z,46.85663333,12.81495000,2486.00,
13673,,,,,2019-07-23T14:44:08Z,46.85653333,12.81516667,2487.00,
13674,,,,,2019-07-23T14:44:09Z,46.85643333,12.81536667,2487.00,
13675,,,,,2019-07-23T14:44:10Z,46.85633333,12.81558333,2486.00,
13676,,,,,2019-07-23T14:44:11Z,46.85621667,12.81580000,2484.00,
13677,,,,,2019-07-23T14:44:12Z,46.85610000,12.81601667,2483.00,
13678,,,,,2019-07-23T14:44:13Z,46.85598333,12.81621667,2485.00,
13679,,,,,2019-07-23T14:44:14Z,46.85586667,12.81638333,2488.00,
13680,,,,,2019-07-23T14:44:15Z,46.85575000,12.81655000,2491.00,
13681,,,,,2019-07-23T14:44:16Z,46.85563333,12.81666667,2494.00,
13682,,,,,2019-07-23T14:44:17Z,46.85551667,12.81678333,2496.00,
13683,,,,,2019-07-23T14:44:18Z,46.85538333,12.81688333,2499.00,
13684,,,,,2019-07-23T14:44:19Z,46.85526667,12.81698333,2500.00,
13685,,,,,2019-07-23T14:44:20Z,46.85513333,12.81708333,2499.00,
13686,,,,,2019-07-23T14:44:21Z,46.85501667,12.81720000,2500.00,
13687,,,,,2019-07-23T14:44:22Z,46.85490000,12.81735000,2499.00,
13688,,,,,2019-07-23T14:44:23Z,46.85481667,12.81753333,2498.00,
13689,,,,,2019-07-23T14:44:24Z,46.85473333,12.81771667,2496.00,
13690,,,,,2019-07-23T14:44:25Z,46.85465000,12.81791667,2494.00,
13691,,,,,2019-07-23T14:44:26Z,46.85458333,12.81811667,2492.00,
13692,,,,,2019-07-23T14:44:27Z,46.85448333,12.81831667,2490.00,
13693,,,,,2019-07-23T14:44:28Z,46.85440000,12.81851667,2489.00,
13694,,,,,2019-07-23T14:44:29Z,46.85430000,12.81870000,2488.00,
13695,,,,,2019-07-23T14:44:30Z,46.85420000,12.81888333,2487.00,
13696,,,,,2019-07-23T14:44:31Z,46.85410000,12.81905000,2486.00,
13697,,,,,2019-07-23T14:44:32Z,46.85400000,12.81921667,2486.00,
13698,,,,,2019-07-23T14:44:33Z,46.85390000,12.81936667,2487.00,
13699,,,,,2019-07-23T14:44:34Z,46.85380000,12.81953333,2487.00,
13700,,,,,2019-07-23T14:44:35Z,46.85368333,12.81968333,2487.00,
13701,,,,,2019-07-23T14:44:36Z,46.85358333,12.81983333,2486.00,
13702,,,,,2019-07-23T14:44:37Z,46.85348333,12.82000000,2486.00,
13703,,,,,2019-07-23T14:44:38Z,46.85340000,12.82015000,2486.00,
13704,,,,,2019-07-23T14:44:39Z,46.85331667,12.82031667,2488.00,
13705,,,,,2019-07-23T14:44:40Z,46.85325000,12.82050000,2489.00,
13706,,,,,2019-07-23T14:44:41Z,46.85318333,12.82068333,2489.00,
13707,,,,,2019-07-23T14:44:42Z,46.85310000,12.82086667,2488.00,
13708,,,,,2019-07-23T14:44:43Z,46.85298333,12.82105000,2487.00,
13709,,,,,2019-07-23T14:44:44Z,46.85286667,12.82123333,2487.00,
13710,,,,,2019-07-23T14:44:45Z,46.85273333,12.82138333,2486.00,
13711,,,,,2019-07-23T14:44:46Z,46.85260000,12.82153333,2486.00,
13712,,,,,2019-07-23T14:44:47Z,46.85246667,12.82165000,2487.00,
13713,,,,,2019-07-23T14:44:48Z,46.85233333,12.82178333,2487.00,
13714,,,,,2019-07-23T14:44:49Z,46.85221667,12.82191667,2489.00,
13715,,,,,2019-07-23T14:44:50Z,46.85210000,12.82205000,2490.00,
13716,,,,,2019-07-23T14:44:51Z,46.85198333,12.82220000,2491.00,
13717,,,,,2019-07-23T14:44:52Z,46.85188333,12.82236667,2490.00,
13718,,,,,2019-07-23T14:44:53Z,46.85176667,12.82253333,2488.00,
13719,,,,,2019-07-23T14:44:54Z,46.85165000,12.82271667,2486.00,
13720,,,,,2019-07-23T14:44:55Z,46.85153333,12.82290000,2482.00,
13721,,,,,2019-07-23T14:44:56Z,46.85138333,12.82305000,2480.00,
13722,,,,,2019-07-23T14:44:57Z,46.85123333,12.82320000,2480.00,
13723,,,,,2019-07-23T14:44:58Z,46.85108333,12.82331667,2479.00,
13724,,,,,2019-07-23T14:44:59Z,46.85093333,12.82345000,2481.00,
13725,,,,,2019-07-23T14:45:00Z,46.85078333,12.82356667,2482.00,
13726,,,,,2019-07-23T14:45:01Z,46.85065000,12.82366667,2482.00,
13727,,,,,2019-07-23T14:45:02Z,46.85048333,12.82376667,2483.00,
13728,,,,,2019-07-23T14:45:03Z,46.85033333,12.82386667,2483.00,
13729,,,,,2019-07-23T14:45:04Z,46.85016667,12.82396667,2484.00,
13730,,,,,2019-07-23T14:45:05Z,46.85001667,12.82408333,2483.00,
13731,,,,,2019-07-23T14:45:06Z,46.84988333,12.82423333,2483.00,
13732,,,,,2019-07-23T14:45:07Z,46.84975000,12.82440000,2482.00,
13733,,,,,2019-07-23T14:45:08Z,46.84963333,12.82456667,2480.00,
13734,,,,,2019-07-23T14:45:09Z,46.84951667,12.82475000,2482.00,
13735,,,,,2019-07-23T14:45:10Z,46.84940000,12.82495000,2483.00,
13736,,,,,2019-07-23T14:45:11Z,46.84930000,12.82515000,2482.00,
13737,,,,,2019-07-23T14:45:12Z,46.84918333,12.82535000,2484.00,
13738,,,,,2019-07-23T14:45:13Z,46.84906667,12.82555000,2484.00,
13739,,,,,2019-07-23T14:45:14Z,46.84896667,12.82573333,2483.00,
13740,,,,,2019-07-23T14:45:15Z,46.84885000,12.82590000,2483.00,
13741,,,,,2019-07-23T14:45:16Z,46.84876667,12.82605000,2484.00,
13742,,,,,2019-07-23T14:45:17Z,46.84866667,12.82621667,2484.00,
13743,,,,,2019-07-23T14:45:18Z,46.84856667,12.82640000,2483.00,
13744,,,,,2019-07-23T14:45:19Z,46.84846667,12.82656667,2482.00,
13745,,,,,2019-07-23T14:45:20Z,46.84836667,12.82675000,2480.00,
13746,,,,,2019-07-23T14:45:21Z,46.84825000,12.82691667,2478.00,
13747,,,,,2019-07-23T14:45:22Z,46.84813333,12.82708333,2476.00,
13748,,,,,2019-07-23T14:45:23Z,46.84801667,12.82726667,2473.00,
13749,,,,,2019-07-23T14:45:24Z,46.84790000,12.82745000,2470.00,
13750,,,,,2019-07-23T14:45:25Z,46.84780000,12.82765000,2469.00,
13751,,,,,2019-07-23T14:45:26Z,46.84770000,12.82785000,2468.00,
13752,,,,,2019-07-23T14:45:27Z,46.84760000,12.82805000,2466.00,
13753,,,,,2019-07-23T14:45:28Z,46.84751667,12.82825000,2464.00,
13754,,,,,2019-07-23T14:45:29Z,46.84743333,12.82845000,2463.00,
13755,,,,,2019-07-23T14:45:30Z,46.84733333,12.82866667,2462.00,
13756,,,,,2019-07-23T14:45:31Z,46.84725000,12.82888333,2461.00,
13757,,,,,2019-07-23T14:45:32Z,46.84715000,12.82910000,2460.00,
13758,,,,,2019-07-23T14:45:33Z,46.84705000,12.82930000,2459.00,
13759,,,,,2019-07-23T14:45:34Z,46.84693333,12.82951667,2457.00,
13760,,,,,2019-07-23T14:45:35Z,46.84681667,12.82970000,2457.00,
13761,,,,,2019-07-23T14:45:36Z,46.84668333,12.82988333,2456.00,
13762,,,,,2019-07-23T14:45:37Z,46.84653333,12.83006667,2454.00,
13763,,,,,2019-07-23T14:45:38Z,46.84640000,12.83025000,2453.00,
13764,,,,,2019-07-23T14:45:39Z,46.84626667,12.83045000,2454.00,
13765,,,,,2019-07-23T14:45:40Z,46.84615000,12.83065000,2453.00,
13766,,,,,2019-07-23T14:45:41Z,46.84603333,12.83085000,2451.00,
13767,,,,,2019-07-23T14:45:42Z,46.84591667,12.83105000,2451.00,
13768,,,,,2019-07-23T14:45:43Z,46.84580000,12.83125000,2450.00,
13769,,,,,2019-07-23T14:45:44Z,46.84568333,12.83146667,2449.00,
13770,,,,,2019-07-23T14:45:45Z,46.84556667,12.83166667,2449.00,
13771,,,,,2019-07-23T14:45:46Z,46.84543333,12.83185000,2447.00,
13772,,,,,2019-07-23T14:45:47Z,46.84530000,12.83205000,2444.00,
13773,,,,,2019-07-23T14:45:48Z,46.84516667,12.83225000,2443.00,
13774,,,,,2019-07-23T14:45:49Z,46.84505000,12.83243333,2442.00,
13775,,,,,2019-07-23T14:45:50Z,46.84491667,12.83263333,2440.00,
13776,,,,,2019-07-23T14:45:51Z,46.84480000,12.83283333,2439.00,
13777,,,,,2019-07-23T14:45:52Z,46.84468333,12.83303333,2438.00,
13778,,,,,2019-07-23T14:45:53Z,46.84458333,12.83323333,2437.00,
13779,,,,,2019-07-23T14:45:54Z,46.84448333,12.83341667,2436.00,
13780,,,,,2019-07-23T14:45:55Z,46.84438333,12.83360000,2435.00,
13781,,,,,2019-07-23T14:45:56Z,46.84428333,12.83380000,2433.00,
13782,,,,,2019-07-23T14:45:57Z,46.84418333,12.83401667,2432.00,
13783,,,,,2019-07-23T14:45:58Z,46.84408333,12.83421667,2431.00,
13784,,,,,2019-07-23T14:45:59Z,46.84396667,12.83443333,2428.00,
13785,,,,,2019-07-23T14:46:00Z,46.84386667,12.83465000,2426.00,
13786,,,,,2019-07-23T14:46:01Z,46.84375000,12.83486667,2424.00,
13787,,,,,2019-07-23T14:46:02Z,46.84361667,12.83506667,2422.00,
13788,,,,,2019-07-23T14:46:03Z,46.84350000,12.83526667,2421.00,
13789,,,,,2019-07-23T14:46:04Z,46.84336667,12.83545000,2418.00,
13790,,,,,2019-07-23T14:46:05Z,46.84321667,12.83560000,2417.00,
13791,,,,,2019-07-23T14:46:06Z,46.84306667,12.83575000,2415.00,
13792,,,,,2019-07-23T14:46:07Z,46.84290000,12.83588333,2413.00,
13793,,,,,2019-07-23T14:46:08Z,46.84273333,12.83601667,2412.00,
13794,,,,,2019-07-23T14:46:09Z,46.84258333,12.83615000,2411.00,
13795,,,,,2019-07-23T14:46:10Z,46.84243333,12.83631667,2411.00,
13796,,,,,2019-07-23T14:46:11Z,46.84231667,12.83646667,2410.00,
13797,,,,,2019-07-23T14:46:12Z,46.84218333,12.83663333,2408.00,
13798,,,,,2019-07-23T14:46:13Z,46.84205000,12.83681667,2408.00,
13799,,,,,2019-07-23T14:46:14Z,46.84193333,12.83700000,2407.00,
13800,,,,,2019-07-23T14:46:15Z,46.84183333,12.83716667,2406.00,
13801,,,,,2019-07-23T14:46:16Z,46.84170000,12.83733333,2404.00,
13802,,,,,2019-07-23T14:46:17Z,46.84160000,12.83753333,2402.00,
13803,,,,,2019-07-23T14:46:18Z,46.84148333,12.83771667,2401.00,
13804,,,,,2019-07-23T14:46:19Z,46.84138333,12.83790000,2398.00,
13805,,,,,2019-07-23T14:46:20Z,46.84130000,12.83808333,2397.00,
13806,,,,,2019-07-23T14:46:21Z,46.84121667,12.83823333,2397.00,
13807,,,,,2019-07-23T14:46:22Z,46.84113333,12.83838333,2398.00,
13808,,,,,2019-07-23T14:46:23Z,46.84105000,12.83851667,2400.00,
13809,,,,,2019-07-23T14:46:24Z,46.84096667,12.83863333,2401.00,
13810,,,,,2019-07-23T14:46:25Z,46.84088333,12.83876667,2402.00,
13811,,,,,2019-07-23T14:46:26Z,46.84078333,12.83888333,2403.00,
13812,,,,,2019-07-23T14:46:27Z,46.84070000,12.83901667,2404.00,
13813,,,,,2019-07-23T14:46:28Z,46.84060000,12.83916667,2404.00,
13814,,,,,2019-07-23T14:46:29Z,46.84051667,12.83930000,2405.00,
13815,,,,,2019-07-23T14:46:30Z,46.84041667,12.83945000,2404.00,
13816,,,,,2019-07-23T14:46:31Z,46.84031667,12.83960000,2404.00,
13817,,,,,2019-07-23T14:46:32Z,46.84023333,12.83976667,2403.00,
13818,,,,,2019-07-23T14:46:33Z,46.84015000,12.83993333,2403.00,
13819,,,,,2019-07-23T14:46:34Z,46.84005000,12.84011667,2401.00,
13820,,,,,2019-07-23T14:46:35Z,46.83995000,12.84026667,2399.00,
13821,,,,,2019-07-23T14:46:36Z,46.83983333,12.84041667,2399.00,
13822,,,,,2019-07-23T14:46:37Z,46.83971667,12.84056667,2398.00,
13823,,,,,2019-07-23T14:46:38Z,46.83960000,12.84070000,2396.00,
13824,,,,,2019-07-23T14:46:39Z,46.83948333,12.84083333,2394.00,
13825,,,,,2019-07-23T14:46:40Z,46.83936667,12.84096667,2393.00,
13826,,,,,2019-07-23T14:46:41Z,46.83926667,12.84115000,2392.00,
13827,,,,,2019-07-23T14:46:42Z,46.83916667,12.84133333,2390.00,
13828,,,,,2019-07-23T14:46:43Z,46.83908333,12.84155000,2389.00,
13829,,,,,2019-07-23T14:46:44Z,46.83898333,12.84175000,2388.00,
13830,,,,,2019-07-23T14:46:45Z,46.83890000,12.84196667,2387.00,
13831,,,,,2019-07-23T14:46:46Z,46.83880000,12.84218333,2386.00,
13832,,,,,2019-07-23T14:46:47Z,46.83870000,12.84238333,2385.00,
13833,,,,,2019-07-23T14:46:48Z,46.83858333,12.84258333,2384.00,
13834,,,,,2019-07-23T14:46:49Z,46.83846667,12.84278333,2382.00,
13835,,,,,2019-07-23T14:46:50Z,46.83836667,12.84300000,2382.00,
13836,,,,,2019-07-23T14:46:51Z,46.83825000,12.84321667,2382.00,
13837,,,,,2019-07-23T14:46:52Z,46.83815000,12.84346667,2380.00,
13838,,,,,2019-07-23T14:46:53Z,46.83803333,12.84370000,2378.00,
13839,,,,,2019-07-23T14:46:54Z,46.83791667,12.84393333,2377.00,
13840,,,,,2019-07-23T14:46:55Z,46.83780000,12.84416667,2375.00,
13841,,,,,2019-07-23T14:46:56Z,46.83768333,12.84438333,2376.00,
13842,,,,,2019-07-23T14:46:57Z,46.83756667,12.84456667,2378.00,
13843,,,,,2019-07-23T14:46:58Z,46.83746667,12.84475000,2380.00,
13844,,,,,2019-07-23T14:46:59Z,46.83735000,12.84493333,2383.00,
13845,,,,,2019-07-23T14:47:00Z,46.83726667,12.84513333,2385.00,
13846,,,,,2019-07-23T14:47:01Z,46.83718333,12.84535000,2388.00,
13847,,,,,2019-07-23T14:47:02Z,46.83710000,12.84558333,2391.00,
13848,,,,,2019-07-23T14:47:03Z,46.83705000,12.84581667,2394.00,
13849,,,,,2019-07-23T14:47:04Z,46.83700000,12.84605000,2396.00,
13850,,,,,2019-07-23T14:47:05Z,46.83698333,12.84628333,2398.00,
13851,,,,,2019-07-23T14:47:06Z,46.83696667,12.84651667,2401.00,
13852,,,,,2019-07-23T14:47:07Z,46.83696667,12.84673333,2403.00,
13853,,,,,2019-07-23T14:47:08Z,46.83701667,12.84693333,2406.00,
13854,,,,,2019-07-23T14:47:09Z,46.83710000,12.84711667,2408.00,
13855,,,,,2019-07-23T14:47:10Z,46.83720000,12.84723333,2410.00,
13856,,,,,2019-07-23T14:47:11Z,46.83731667,12.84728333,2411.00,
13857,,,,,2019-07-23T14:47:12Z,46.83743333,12.84726667,2413.00,
13858,,,,,2019-07-23T14:47:13Z,46.83755000,12.84716667,2413.00,
13859,,,,,2019-07-23T14:47:14Z,46.83763333,12.84703333,2413.00,
13860,,,,,2019-07-23T14:47:15Z,46.83768333,12.84681667,2413.00,
13861,,,,,2019-07-23T14:47:16Z,46.83766667,12.84660000,2412.00,
13862,,,,,2019-07-23T14:47:17Z,46.83761667,12.84638333,2411.00,
13863,,,,,2019-07-23T14:47:18Z,46.83753333,12.84618333,2412.00,
13864,,,,,2019-07-23T14:47:19Z,46.83741667,12.84605000,2413.00,
13865,,,,,2019-07-23T14:47:20Z,46.83728333,12.84595000,2413.00,
13866,,,,,2019-07-23T14:47:21Z,46.83711667,12.84588333,2413.00,
13867,,,,,2019-07-23T14:47:22Z,46.83695000,12.84585000,2412.00,
13868,,,,,2019-07-23T14:47:23Z,46.83676667,12.84586667,2412.00,
13869,,,,,2019-07-23T14:47:24Z,46.83658333,12.84596667,2414.00,
13870,,,,,2019-07-23T14:47:25Z,46.83641667,12.84608333,2416.00,
13871,,,,,2019-07-23T14:47:26Z,46.83626667,12.84625000,2417.00,
13872,,,,,2019-07-23T14:47:27Z,46.83613333,12.84643333,2418.00,
13873,,,,,2019-07-23T14:47:28Z,46.83601667,12.84663333,2418.00,
13874,,,,,2019-07-23T14:47:29Z,46.83590000,12.84683333,2417.00,
13875,,,,,2019-07-23T14:47:30Z,46.83580000,12.84706667,2417.00,
13876,,,,,2019-07-23T14:47:31Z,46.83571667,12.84728333,2416.00,
13877,,,,,2019-07-23T14:47:32Z,46.83563333,12.84751667,2415.00,
13878,,,,,2019-07-23T14:47:33Z,46.83553333,12.84776667,2413.00,
13879,,,,,2019-07-23T14:47:34Z,46.83545000,12.84800000,2411.00,
13880,,,,,2019-07-23T14:47:35Z,46.83536667,12.84823333,2408.00,
13881,,,,,2019-07-23T14:47:36Z,46.83528333,12.84846667,2405.00,
13882,,,,,2019-07-23T14:47:37Z,46.83520000,12.84870000,2403.00,
13883,,,,,2019-07-23T14:47:38Z,46.83513333,12.84891667,2401.00,
13884,,,,,2019-07-23T14:47:39Z,46.83506667,12.84916667,2399.00,
13885,,,,,2019-07-23T14:47:40Z,46.83498333,12.84940000,2397.00,
13886,,,,,2019-07-23T14:47:41Z,46.83490000,12.84963333,2393.00,
13887,,,,,2019-07-23T14:47:42Z,46.83481667,12.84986667,2389.00,
13888,,,,,2019-07-23T14:47:43Z,46.83473333,12.85008333,2387.00,
13889,,,,,2019-07-23T14:47:44Z,46.83465000,12.85028333,2386.00,
13890,,,,,2019-07-23T14:47:45Z,46.83456667,12.85048333,2384.00,
13891,,,,,2019-07-23T14:47:46Z,46.83448333,12.85070000,2382.00,
13892,,,,,2019-07-23T14:47:47Z,46.83441667,12.85091667,2381.00,
13893,,,,,2019-07-23T14:47:48Z,46.83433333,12.85113333,2377.00,
13894,,,,,2019-07-23T14:47:49Z,46.83425000,12.85135000,2376.00,
13895,,,,,2019-07-23T14:47:50Z,46.83416667,12.85155000,2375.00,
13896,,,,,2019-07-23T14:47:51Z,46.83406667,12.85176667,2372.00,
13897,,,,,2019-07-23T14:47:52Z,46.83395000,12.85198333,2370.00,
13898,,,,,2019-07-23T14:47:53Z,46.83381667,12.85218333,2367.00,
13899,,,,,2019-07-23T14:47:54Z,46.83368333,12.85240000,2365.00,
13900,,,,,2019-07-23T14:47:55Z,46.83355000,12.85260000,2364.00,
13901,,,,,2019-07-23T14:47:56Z,46.83340000,12.85280000,2362.00,
13902,,,,,2019-07-23T14:47:57Z,46.83325000,12.85300000,2362.00,
13903,,,,,2019-07-23T14:47:58Z,46.83310000,12.85316667,2361.00,
13904,,,,,2019-07-23T14:47:59Z,46.83295000,12.85333333,2362.00,
13905,,,,,2019-07-23T14:48:00Z,46.83278333,12.85348333,2364.00,
13906,,,,,2019-07-23T14:48:01Z,46.83263333,12.85361667,2365.00,
13907,,,,,2019-07-23T14:48:02Z,46.83246667,12.85373333,2365.00,
13908,,,,,2019-07-23T14:48:03Z,46.83230000,12.85386667,2364.00,
13909,,,,,2019-07-23T14:48:04Z,46.83215000,12.85400000,2362.00,
13910,,,,,2019-07-23T14:48:05Z,46.83200000,12.85416667,2365.00,
13911,,,,,2019-07-23T14:48:06Z,46.83186667,12.85433333,2365.00,
13912,,,,,2019-07-23T14:48:07Z,46.83173333,12.85450000,2363.00,
13913,,,,,2019-07-23T14:48:08Z,46.83160000,12.85466667,2360.00,
13914,,,,,2019-07-23T14:48:09Z,46.83145000,12.85483333,2360.00,
13915,,,,,2019-07-23T14:48:10Z,46.83131667,12.85500000,2359.00,
13916,,,,,2019-07-23T14:48:11Z,46.83116667,12.85518333,2358.00,
13917,,,,,2019-07-23T14:48:12Z,46.83101667,12.85535000,2358.00,
13918,,,,,2019-07-23T14:48:13Z,46.83086667,12.85551667,2356.00,
13919,,,,,2019-07-23T14:48:14Z,46.83070000,12.85570000,2355.00,
13920,,,,,2019-07-23T14:48:15Z,46.83055000,12.85586667,2354.00,
13921,,,,,2019-07-23T14:48:16Z,46.83041667,12.85605000,2353.00,
13922,,,,,2019-07-23T14:48:17Z,46.83028333,12.85625000,2352.00,
13923,,,,,2019-07-23T14:48:18Z,46.83015000,12.85645000,2351.00,
13924,,,,,2019-07-23T14:48:19Z,46.83001667,12.85665000,2351.00,
13925,,,,,2019-07-23T14:48:20Z,46.82990000,12.85683333,2352.00,
13926,,,,,2019-07-23T14:48:21Z,46.82978333,12.85701667,2353.00,
13927,,,,,2019-07-23T14:48:22Z,46.82968333,12.85718333,2355.00,
13928,,,,,2019-07-23T14:48:23Z,46.82960000,12.85733333,2356.00,
13929,,,,,2019-07-23T14:48:24Z,46.82953333,12.85746667,2358.00,
13930,,,,,2019-07-23T14:48:25Z,46.82948333,12.85761667,2360.00,
13931,,,,,2019-07-23T14:48:26Z,46.82945000,12.85778333,2361.00,
13932,,,,,2019-07-23T14:48:27Z,46.82941667,12.85798333,2362.00,
13933,,,,,2019-07-23T14:48:28Z,46.82940000,12.85820000,2362.00,
13934,,,,,2019-07-23T14:48:29Z,46.82938333,12.85841667,2361.00,
13935,,,,,2019-07-23T14:48:30Z,46.82936667,12.85861667,2360.00,
13936,,,,,2019-07-23T14:48:31Z,46.82933333,12.85883333,2360.00,
13937,,,,,2019-07-23T14:48:32Z,46.82930000,12.85903333,2360.00,
13938,,,,,2019-07-23T14:48:33Z,46.82925000,12.85926667,2360.00,
13939,,,,,2019-07-23T14:48:34Z,46.82918333,12.85948333,2359.00,
13940,,,,,2019-07-23T14:48:35Z,46.82910000,12.85971667,2358.00,
13941,,,,,2019-07-23T14:48:36Z,46.82903333,12.85993333,2356.00,
13942,,,,,2019-07-23T14:48:37Z,46.82895000,12.86015000,2355.00,
13943,,,,,2019-07-23T14:48:38Z,46.82885000,12.86035000,2356.00,
13944,,,,,2019-07-23T14:48:39Z,46.82876667,12.86055000,2356.00,
13945,,,,,2019-07-23T14:48:40Z,46.82866667,12.86075000,2358.00,
13946,,,,,2019-07-23T14:48:41Z,46.82855000,12.86093333,2358.00,
13947,,,,,2019-07-23T14:48:42Z,46.82843333,12.86111667,2358.00,
13948,,,,,2019-07-23T14:48:43Z,46.82833333,12.86128333,2359.00,
13949,,,,,2019-07-23T14:48:44Z,46.82821667,12.86146667,2361.00,
13950,,,,,2019-07-23T14:48:45Z,46.82811667,12.86165000,2360.00,
13951,,,,,2019-07-23T14:48:46Z,46.82801667,12.86185000,2360.00,
13952,,,,,2019-07-23T14:48:47Z,46.82793333,12.86206667,2358.00,
13953,,,,,2019-07-23T14:48:48Z,46.82785000,12.86228333,2357.00,
13954,,,,,2019-07-23T14:48:49Z,46.82776667,12.86251667,2355.00,
13955,,,,,2019-07-23T14:48:50Z,46.82770000,12.86275000,2353.00,
13956,,,,,2019-07-23T14:48:51Z,46.82761667,12.86300000,2351.00,
13957,,,,,2019-07-23T14:48:52Z,46.82753333,12.86325000,2350.00,
13958,,,,,2019-07-23T14:48:53Z,46.82745000,12.86348333,2346.00,
13959,,,,,2019-07-23T14:48:54Z,46.82735000,12.86373333,2344.00,
13960,,,,,2019-07-23T14:48:55Z,46.82723333,12.86395000,2345.00,
13961,,,,,2019-07-23T14:48:56Z,46.82710000,12.86416667,2343.00,
13962,,,,,2019-07-23T14:48:57Z,46.82696667,12.86438333,2341.00,
13963,,,,,2019-07-23T14:48:58Z,46.82683333,12.86458333,2339.00,
13964,,,,,2019-07-23T14:48:59Z,46.82670000,12.86476667,2339.00,
13965,,,,,2019-07-23T14:49:00Z,46.82656667,12.86495000,2338.00,
13966,,,,,2019-07-23T14:49:01Z,46.82643333,12.86513333,2337.00,
13967,,,,,2019-07-23T14:49:02Z,46.82630000,12.86531667,2336.00,
13968,,,,,2019-07-23T14:49:03Z,46.82616667,12.86550000,2336.00,
13969,,,,,2019-07-23T14:49:04Z,46.82605000,12.86568333,2335.00,
13970,,,,,2019-07-23T14:49:05Z,46.82593333,12.86588333,2334.00,
13971,,,,,2019-07-23T14:49:06Z,46.82583333,12.86610000,2332.00,
13972,,,,,2019-07-23T14:49:07Z,46.82573333,12.86631667,2331.00,
13973,,,,,2019-07-23T14:49:08Z,46.82563333,12.86653333,2329.00,
13974,,,,,2019-07-23T14:49:09Z,46.82555000,12.86675000,2327.00,
13975,,,,,2019-07-23T14:49:10Z,46.82545000,12.86698333,2325.00,
13976,,,,,2019-07-23T14:49:11Z,46.82538333,12.86721667,2323.00,
13977,,,,,2019-07-23T14:49:12Z,46.82528333,12.86743333,2321.00,
13978,,,,,2019-07-23T14:49:13Z,46.82520000,12.86766667,2319.00,
13979,,,,,2019-07-23T14:49:14Z,46.82511667,12.86790000,2317.00,
13980,,,,,2019-07-23T14:49:15Z,46.82503333,12.86813333,2315.00,
13981,,,,,2019-07-23T14:49:16Z,46.82495000,12.86836667,2313.00,
13982,,,,,2019-07-23T14:49:17Z,46.82485000,12.86858333,2311.00,
13983,,,,,2019-07-23T14:49:18Z,46.82476667,12.86881667,2309.00,
13984,,,,,2019-07-23T14:49:19Z,46.82466667,12.86903333,2308.00,
13985,,,,,2019-07-23T14:49:20Z,46.82456667,12.86925000,2307.00,
13986,,,,,2019-07-23T14:49:21Z,46.82448333,12.86945000,2306.00,
13987,,,,,2019-07-23T14:49:22Z,46.82440000,12.86965000,2303.00,
13988,,,,,2019-07-23T14:49:23Z,46.82430000,12.86986667,2301.00,
13989,,,,,2019-07-23T14:49:24Z,46.82421667,12.87006667,2301.00,
13990,,,,,2019-07-23T14:49:25Z,46.82413333,12.87028333,2300.00,
13991,,,,,2019-07-23T14:49:26Z,46.82405000,12.87051667,2297.00,
13992,,,,,2019-07-23T14:49:27Z,46.82396667,12.87073333,2293.00,
13993,,,,,2019-07-23T14:49:28Z,46.82388333,12.87095000,2292.00,
13994,,,,,2019-07-23T14:49:29Z,46.82378333,12.87115000,2289.00,
13995,,,,,2019-07-23T14:49:30Z,46.82370000,12.87136667,2289.00,
13996,,,,,2019-07-23T14:49:31Z,46.82361667,12.87156667,2288.00,
13997,,,,,2019-07-23T14:49:32Z,46.82353333,12.87178333,2287.00,
13998,,,,,2019-07-23T14:49:33Z,46.82345000,12.87200000,2284.00,
13999,,,,,2019-07-23T14:49:34Z,46.82338333,12.87223333,2283.00,
14000,,,,,2019-07-23T14:49:35Z,46.82331667,12.87246667,2282.00,
14001,,,,,2019-07-23T14:49:36Z,46.82325000,12.87268333,2282.00,
14002,,,,,2019-07-23T14:49:37Z,46.82318333,12.87290000,2281.00,
14003,,,,,2019-07-23T14:49:38Z,46.82310000,12.87311667,2279.00,
14004,,,,,2019-07-23T14:49:39Z,46.82303333,12.87333333,2278.00,
14005,,,,,2019-07-23T14:49:40Z,46.82296667,12.87353333,2277.00,
14006,,,,,2019-07-23T14:49:41Z,46.82288333,12.87373333,2277.00,
14007,,,,,2019-07-23T14:49:42Z,46.82281667,12.87395000,2277.00,
14008,,,,,2019-07-23T14:49:43Z,46.82276667,12.87416667,2278.00,
14009,,,,,2019-07-23T14:49:44Z,46.82270000,12.87438333,2281.00,
14010,,,,,2019-07-23T14:49:45Z,46.82265000,12.87463333,2282.00,
14011,,,,,2019-07-23T14:49:46Z,46.82260000,12.87486667,2282.00,
14012,,,,,2019-07-23T14:49:47Z,46.82255000,12.87511667,2281.00,
14013,,,,,2019-07-23T14:49:48Z,46.82250000,12.87536667,2281.00,
14014,,,,,2019-07-23T14:49:49Z,46.82246667,12.87560000,2285.00,
14015,,,,,2019-07-23T14:49:50Z,46.82245000,12.87583333,2287.00,
14016,,,,,2019-07-23T14:49:51Z,46.82243333,12.87605000,2289.00,
14017,,,,,2019-07-23T14:49:52Z,46.82241667,12.87625000,2289.00,
14018,,,,,2019-07-23T14:49:53Z,46.82241667,12.87643333,2290.00,
14019,,,,,2019-07-23T14:49:54Z,46.82243333,12.87658333,2290.00,
14020,,,,,2019-07-23T14:49:55Z,46.82248333,12.87670000,2291.00,
14021,,,,,2019-07-23T14:49:56Z,46.82255000,12.87678333,2293.00,
14022,,,,,2019-07-23T14:49:57Z,46.82263333,12.87681667,2292.00,
14023,,,,,2019-07-23T14:49:58Z,46.82275000,12.87676667,2292.00,
14024,,,,,2019-07-23T14:49:59Z,46.82286667,12.87665000,2291.00,
14025,,,,,2019-07-23T14:50:00Z,46.82298333,12.87648333,2289.00,
14026,,,,,2019-07-23T14:50:01Z,46.82308333,12.87628333,2288.00,
14027,,,,,2019-07-23T14:50:02Z,46.82315000,12.87605000,2287.00,
14028,,,,,2019-07-23T14:50:03Z,46.82318333,12.87580000,2288.00,
14029,,,,,2019-07-23T14:50:04Z,46.82320000,12.87555000,2288.00,
14030,,,,,2019-07-23T14:50:05Z,46.82316667,12.87530000,2288.00,
14031,,,,,2019-07-23T14:50:06Z,46.82310000,12.87505000,2289.00,
14032,,,,,2019-07-23T14:50:07Z,46.82301667,12.87483333,2291.00,
14033,,,,,2019-07-23T14:50:08Z,46.82290000,12.87463333,2292.00,
14034,,,,,2019-07-23T14:50:09Z,46.82275000,12.87448333,2293.00,
14035,,,,,2019-07-23T14:50:10Z,46.82260000,12.87440000,2295.00,
14036,,,,,2019-07-23T14:50:11Z,46.82245000,12.87436667,2297.00,
14037,,,,,2019-07-23T14:50:12Z,46.82230000,12.87440000,2300.00,
14038,,,,,2019-07-23T14:50:13Z,46.82216667,12.87445000,2301.00,
14039,,,,,2019-07-23T14:50:14Z,46.82206667,12.87453333,2302.00,
14040,,,,,2019-07-23T14:50:15Z,46.82200000,12.87466667,2304.00,
14041,,,,,2019-07-23T14:50:16Z,46.82198333,12.87483333,2305.00,
14042,,,,,2019-07-23T14:50:17Z,46.82203333,12.87496667,2307.00,
14043,,,,,2019-07-23T14:50:18Z,46.82211667,12.87505000,2309.00,
14044,,,,,2019-07-23T14:50:19Z,46.82221667,12.87508333,2311.00,
14045,,,,,2019-07-23T14:50:20Z,46.82233333,12.87506667,2312.00,
14046,,,,,2019-07-23T14:50:21Z,46.82243333,12.87500000,2312.00,
14047,,,,,2019-07-23T14:50:22Z,46.82251667,12.87490000,2314.00,
14048,,,,,2019-07-23T14:50:23Z,46.82255000,12.87470000,2315.00,
14049,,,,,2019-07-23T14:50:24Z,46.82256667,12.87448333,2314.00,
14050,,,,,2019-07-23T14:50:25Z,46.82251667,12.87425000,2316.00,
14051,,,,,2019-07-23T14:50:26Z,46.82240000,12.87401667,2315.00,
14052,,,,,2019-07-23T14:50:27Z,46.82225000,12.87383333,2314.00,
14053,,,,,2019-07-23T14:50:28Z,46.82208333,12.87375000,2316.00,
14054,,,,,2019-07-23T14:50:29Z,46.82190000,12.87371667,2316.00,
14055,,,,,2019-07-23T14:50:30Z,46.82173333,12.87370000,2318.00,
14056,,,,,2019-07-23T14:50:31Z,46.82158333,12.87373333,2320.00,
14057,,,,,2019-07-23T14:50:32Z,46.82145000,12.87381667,2323.00,
14058,,,,,2019-07-23T14:50:33Z,46.82131667,12.87393333,2325.00,
14059,,,,,2019-07-23T14:50:34Z,46.82120000,12.87410000,2326.00,
14060,,,,,2019-07-23T14:50:35Z,46.82111667,12.87426667,2327.00,
14061,,,,,2019-07-23T14:50:36Z,46.82103333,12.87445000,2327.00,
14062,,,,,2019-07-23T14:50:37Z,46.82096667,12.87463333,2326.00,
14063,,,,,2019-07-23T14:50:38Z,46.82093333,12.87481667,2326.00,
14064,,,,,2019-07-23T14:50:39Z,46.82090000,12.87498333,2327.00,
14065,,,,,2019-07-23T14:50:40Z,46.82088333,12.87516667,2327.00,
14066,,,,,2019-07-23T14:50:41Z,46.82086667,12.87535000,2328.00,
14067,,,,,2019-07-23T14:50:42Z,46.82086667,12.87555000,2328.00,
14068,,,,,2019-07-23T14:50:43Z,46.82083333,12.87575000,2328.00,
14069,,,,,2019-07-23T14:50:44Z,46.82080000,12.87593333,2328.00,
14070,,,,,2019-07-23T14:50:45Z,46.82075000,12.87610000,2328.00,
14071,,,,,2019-07-23T14:50:46Z,46.82070000,12.87626667,2328.00,
14072,,,,,2019-07-23T14:50:47Z,46.82065000,12.87641667,2328.00,
14073,,,,,2019-07-23T14:50:48Z,46.82058333,12.87656667,2329.00,
14074,,,,,2019-07-23T14:50:49Z,46.82053333,12.87671667,2330.00,
14075,,,,,2019-07-23T14:50:50Z,46.82048333,12.87688333,2330.00,
14076,,,,,2019-07-23T14:50:51Z,46.82045000,12.87705000,2333.00,
14077,,,,,2019-07-23T14:50:52Z,46.82043333,12.87723333,2333.00,
14078,,,,,2019-07-23T14:50:53Z,46.82043333,12.87743333,2333.00,
14079,,,,,2019-07-23T14:50:54Z,46.82043333,12.87765000,2331.00,
14080,,,,,2019-07-23T14:50:55Z,46.82043333,12.87786667,2328.00,
14081,,,,,2019-07-23T14:50:56Z,46.82045000,12.87810000,2327.00,
14082,,,,,2019-07-23T14:50:57Z,46.82045000,12.87831667,2326.00,
14083,,,,,2019-07-23T14:50:58Z,46.82045000,12.87853333,2325.00,
14084,,,,,2019-07-23T14:50:59Z,46.82043333,12.87873333,2322.00,
14085,,,,,2019-07-23T14:51:00Z,46.82041667,12.87895000,2321.00,
14086,,,,,2019-07-23T14:51:01Z,46.82040000,12.87915000,2321.00,
14087,,,,,2019-07-23T14:51:02Z,46.82038333,12.87935000,2318.00,
14088,,,,,2019-07-23T14:51:03Z,46.82035000,12.87955000,2316.00,
14089,,,,,2019-07-23T14:51:04Z,46.82033333,12.87976667,2313.00,
14090,,,,,2019-07-23T14:51:05Z,46.82030000,12.87998333,2311.00,
14091,,,,,2019-07-23T14:51:06Z,46.82028333,12.88020000,2308.00,
14092,,,,,2019-07-23T14:51:07Z,46.82030000,12.88041667,2307.00,
14093,,,,,2019-07-23T14:51:08Z,46.82031667,12.88061667,2305.00,
14094,,,,,2019-07-23T14:51:09Z,46.82033333,12.88081667,2304.00,
14095,,,,,2019-07-23T14:51:10Z,46.82036667,12.88103333,2304.00,
14096,,,,,2019-07-23T14:51:11Z,46.82043333,12.88123333,2303.00,
14097,,,,,2019-07-23T14:51:12Z,46.82048333,12.88145000,2303.00,
14098,,,,,2019-07-23T14:51:13Z,46.82050000,12.88166667,2302.00,
14099,,,,,2019-07-23T14:51:14Z,46.82051667,12.88188333,2301.00,
14100,,,,,2019-07-23T14:51:15Z,46.82050000,12.88206667,2301.00,
14101,,,,,2019-07-23T14:51:16Z,46.82046667,12.88225000,2301.00,
14102,,,,,2019-07-23T14:51:17Z,46.82043333,12.88241667,2299.00,
14103,,,,,2019-07-23T14:51:18Z,46.82040000,12.88260000,2297.00,
14104,,,,,2019-07-23T14:51:19Z,46.82036667,12.88276667,2297.00,
14105,,,,,2019-07-23T14:51:20Z,46.82033333,12.88295000,2296.00,
14106,,,,,2019-07-23T14:51:21Z,46.82031667,12.88313333,2295.00,
14107,,,,,2019-07-23T14:51:22Z,46.82030000,12.88333333,2293.00,
14108,,,,,2019-07-23T14:51:23Z,46.82031667,12.88351667,2292.00,
14109,,,,,2019-07-23T14:51:24Z,46.82036667,12.88371667,2291.00,
14110,,,,,2019-07-23T14:51:25Z,46.82043333,12.88391667,2290.00,
14111,,,,,2019-07-23T14:51:26Z,46.82051667,12.88411667,2289.00,
14112,,,,,2019-07-23T14:51:27Z,46.82060000,12.88431667,2287.00,
14113,,,,,2019-07-23T14:51:28Z,46.82068333,12.88451667,2285.00,
14114,,,,,2019-07-23T14:51:29Z,46.82075000,12.88471667,2287.00,
14115,,,,,2019-07-23T14:51:30Z,46.82083333,12.88488333,2287.00,
14116,,,,,2019-07-23T14:51:31Z,46.82090000,12.88505000,2289.00,
14117,,,,,2019-07-23T14:51:32Z,46.82098333,12.88518333,2292.00,
14118,,,,,2019-07-23T14:51:33Z,46.82106667,12.88530000,2295.00,
14119,,,,,2019-07-23T14:51:34Z,46.82115000,12.88540000,2297.00,
14120,,,,,2019-07-23T14:51:35Z,46.82125000,12.88546667,2298.00,
14121,,,,,2019-07-23T14:51:36Z,46.82136667,12.88551667,2300.00,
14122,,,,,2019-07-23T14:51:37Z,46.82150000,12.88551667,2299.00,
14123,,,,,2019-07-23T14:51:38Z,46.82165000,12.88550000,2300.00,
14124,,,,,2019-07-23T14:51:39Z,46.82181667,12.88550000,2299.00,
14125,,,,,2019-07-23T14:51:40Z,46.82196667,12.88551667,2297.00,
14126,,,,,2019-07-23T14:51:41Z,46.82213333,12.88555000,2296.00,
14127,,,,,2019-07-23T14:51:42Z,46.82226667,12.88563333,2295.00,
14128,,,,,2019-07-23T14:51:43Z,46.82240000,12.88575000,2293.00,
14129,,,,,2019-07-23T14:51:44Z,46.82250000,12.88590000,2292.00,
14130,,,,,2019-07-23T14:51:45Z,46.82256667,12.88606667,2292.00,
14131,,,,,2019-07-23T14:51:46Z,46.82261667,12.88626667,2291.00,
14132,,,,,2019-07-23T14:51:47Z,46.82266667,12.88646667,2291.00,
14133,,,,,2019-07-23T14:51:48Z,46.82270000,12.88666667,2290.00,
14134,,,,,2019-07-23T14:51:49Z,46.82273333,12.88688333,2289.00,
14135,,,,,2019-07-23T14:51:50Z,46.82276667,12.88711667,2290.00,
14136,,,,,2019-07-23T14:51:51Z,46.82280000,12.88736667,2290.00,
14137,,,,,2019-07-23T14:51:52Z,46.82281667,12.88761667,2289.00,
14138,,,,,2019-07-23T14:51:53Z,46.82283333,12.88786667,2290.00,
14139,,,,,2019-07-23T14:51:54Z,46.82283333,12.88811667,2291.00,
14140,,,,,2019-07-23T14:51:55Z,46.82283333,12.88835000,2290.00,
14141,,,,,2019-07-23T14:51:56Z,46.82281667,12.88858333,2289.00,
14142,,,,,2019-07-23T14:51:57Z,46.82280000,12.88881667,2291.00,
14143,,,,,2019-07-23T14:51:58Z,46.82276667,12.88903333,2294.00,
14144,,,,,2019-07-23T14:51:59Z,46.82275000,12.88925000,2294.00,
14145,,,,,2019-07-23T14:52:00Z,46.82275000,12.88946667,2296.00,
14146,,,,,2019-07-23T14:52:01Z,46.82273333,12.88968333,2297.00,
14147,,,,,2019-07-23T14:52:02Z,46.82271667,12.88991667,2297.00,
14148,,,,,2019-07-23T14:52:03Z,46.82270000,12.89013333,2297.00,
14149,,,,,2019-07-23T14:52:04Z,46.82270000,12.89036667,2298.00,
14150,,,,,2019-07-23T14:52:05Z,46.82268333,12.89058333,2300.00,
14151,,,,,2019-07-23T14:52:06Z,46.82266667,12.89080000,2302.00,
14152,,,,,2019-07-23T14:52:07Z,46.82265000,12.89101667,2303.00,
14153,,,,,2019-07-23T14:52:08Z,46.82263333,12.89123333,2303.00,
14154,,,,,2019-07-23T14:52:09Z,46.82261667,12.89145000,2304.00,
14155,,,,,2019-07-23T14:52:10Z,46.82261667,12.89168333,2306.00,
14156,,,,,2019-07-23T14:52:11Z,46.82263333,12.89190000,2306.00,
14157,,,,,2019-07-23T14:52:12Z,46.82266667,12.89211667,2306.00,
14158,,,,,2019-07-23T14:52:13Z,46.82270000,12.89231667,2307.00,
14159,,,,,2019-07-23T14:52:14Z,46.82276667,12.89253333,2307.00,
14160,,,,,2019-07-23T14:52:15Z,46.82283333,12.89271667,2309.00,
14161,,,,,2019-07-23T14:52:16Z,46.82293333,12.89288333,2310.00,
14162,,,,,2019-07-23T14:52:17Z,46.82303333,12.89301667,2311.00,
14163,,,,,2019-07-23T14:52:18Z,46.82315000,12.89315000,2312.00,
14164,,,,,2019-07-23T14:52:19Z,46.82330000,12.89323333,2313.00,
14165,,,,,2019-07-23T14:52:20Z,46.82345000,12.89328333,2313.00,
14166,,,,,2019-07-23T14:52:21Z,46.82360000,12.89330000,2314.00,
14167,,,,,2019-07-23T14:52:22Z,46.82378333,12.89325000,2315.00,
14168,,,,,2019-07-23T14:52:23Z,46.82396667,12.89315000,2316.00,
14169,,,,,2019-07-23T14:52:24Z,46.82411667,12.89301667,2318.00,
14170,,,,,2019-07-23T14:52:25Z,46.82423333,12.89285000,2319.00,
14171,,,,,2019-07-23T14:52:26Z,46.82431667,12.89263333,2320.00,
14172,,,,,2019-07-23T14:52:27Z,46.82435000,12.89236667,2322.00,
14173,,,,,2019-07-23T14:52:28Z,46.82431667,12.89215000,2325.00,
14174,,,,,2019-07-23T14:52:29Z,46.82423333,12.89198333,2328.00,
14175,,,,,2019-07-23T14:52:30Z,46.82413333,12.89183333,2329.00,
14176,,,,,2019-07-23T14:52:31Z,46.82401667,12.89175000,2331.00,
14177,,,,,2019-07-23T14:52:32Z,46.82388333,12.89175000,2333.00,
14178,,,,,2019-07-23T14:52:33Z,46.82376667,12.89183333,2334.00,
14179,,,,,2019-07-23T14:52:34Z,46.82370000,12.89195000,2337.00,
14180,,,,,2019-07-23T14:52:35Z,46.82366667,12.89211667,2339.00,
14181,,,,,2019-07-23T14:52:36Z,46.82370000,12.89233333,2340.00,
14182,,,,,2019-07-23T14:52:37Z,46.82378333,12.89250000,2342.00,
14183,,,,,2019-07-23T14:52:38Z,46.82393333,12.89261667,2344.00,
14184,,,,,2019-07-23T14:52:39Z,46.82411667,12.89266667,2345.00,
14185,,,,,2019-07-23T14:52:40Z,46.82430000,12.89260000,2346.00,
14186,,,,,2019-07-23T14:52:41Z,46.82446667,12.89248333,2348.00,
14187,,,,,2019-07-23T14:52:42Z,46.82458333,12.89230000,2350.00,
14188,,,,,2019-07-23T14:52:43Z,46.82465000,12.89210000,2352.00,
14189,,,,,2019-07-23T14:52:44Z,46.82466667,12.89188333,2354.00,
14190,,,,,2019-07-23T14:52:45Z,46.82463333,12.89166667,2356.00,
14191,,,,,2019-07-23T14:52:46Z,46.82455000,12.89148333,2359.00,
14192,,,,,2019-07-23T14:52:47Z,46.82441667,12.89141667,2361.00,
14193,,,,,2019-07-23T14:52:48Z,46.82428333,12.89145000,2362.00,
14194,,,,,2019-07-23T14:52:49Z,46.82416667,12.89155000,2363.00,
14195,,,,,2019-07-23T14:52:50Z,46.82410000,12.89171667,2366.00,
14196,,,,,2019-07-23T14:52:51Z,46.82408333,12.89193333,2367.00,
14197,,,,,2019-07-23T14:52:52Z,46.82411667,12.89213333,2369.00,
14198,,,,,2019-07-23T14:52:53Z,46.82418333,12.89231667,2371.00,
14199,,,,,2019-07-23T14:52:54Z,46.82431667,12.89245000,2374.00,
14200,,,,,2019-07-23T14:52:55Z,46.82445000,12.89253333,2376.00,
14201,,,,,2019-07-23T14:52:56Z,46.82460000,12.89256667,2378.00,
14202,,,,,2019-07-23T14:52:57Z,46.82476667,12.89250000,2380.00,
14203,,,,,2019-07-23T14:52:58Z,46.82493333,12.89236667,2381.00,
14204,,,,,2019-07-23T14:52:59Z,46.82505000,12.89216667,2383.00,
14205,,,,,2019-07-23T14:53:00Z,46.82513333,12.89196667,2384.00,
14206,,,,,2019-07-23T14:53:01Z,46.82515000,12.89173333,2386.00,
14207,,,,,2019-07-23T14:53:02Z,46.82511667,12.89150000,2387.00,
14208,,,,,2019-07-23T14:53:03Z,46.82506667,12.89128333,2389.00,
14209,,,,,2019-07-23T14:53:04Z,46.82496667,12.89110000,2391.00,
14210,,,,,2019-07-23T14:53:05Z,46.82485000,12.89095000,2393.00,
14211,,,,,2019-07-23T14:53:06Z,46.82471667,12.89090000,2396.00,
14212,,,,,2019-07-23T14:53:07Z,46.82460000,12.89090000,2397.00,
14213,,,,,2019-07-23T14:53:08Z,46.82448333,12.89095000,2399.00,
14214,,,,,2019-07-23T14:53:09Z,46.82438333,12.89106667,2401.00,
14215,,,,,2019-07-23T14:53:10Z,46.82431667,12.89120000,2403.00,
14216,,,,,2019-07-23T14:53:11Z,46.82430000,12.89138333,2405.00,
14217,,,,,2019-07-23T14:53:12Z,46.82430000,12.89158333,2407.00,
14218,,,,,2019-07-23T14:53:13Z,46.82436667,12.89175000,2409.00,
14219,,,,,2019-07-23T14:53:14Z,46.82446667,12.89188333,2412.00,
14220,,,,,2019-07-23T14:53:15Z,46.82460000,12.89196667,2414.00,
14221,,,,,2019-07-23T14:53:16Z,46.82476667,12.89196667,2416.00,
14222,,,,,2019-07-23T14:53:17Z,46.82493333,12.89188333,2418.00,
14223,,,,,2019-07-23T14:53:18Z,46.82505000,12.89173333,2419.00,
14224,,,,,2019-07-23T14:53:19Z,46.82515000,12.89151667,2420.00,
14225,,,,,2019-07-23T14:53:20Z,46.82520000,12.89130000,2422.00,
14226,,,,,2019-07-23T14:53:21Z,46.82515000,12.89106667,2423.00,
14227,,,,,2019-07-23T14:53:22Z,46.82510000,12.89086667,2424.00,
14228,,,,,2019-07-23T14:53:23Z,46.82498333,12.89068333,2426.00,
14229,,,,,2019-07-23T14:53:24Z,46.82486667,12.89061667,2428.00,
14230,,,,,2019-07-23T14:53:25Z,46.82475000,12.89056667,2431.00,
14231,,,,,2019-07-23T14:53:26Z,46.82461667,12.89065000,2433.00,
14232,,,,,2019-07-23T14:53:27Z,46.82451667,12.89076667,2436.00,
14233,,,,,2019-07-23T14:53:28Z,46.82445000,12.89091667,2438.00,
14234,,,,,2019-07-23T14:53:29Z,46.82443333,12.89105000,2441.00,
14235,,,,,2019-07-23T14:53:30Z,46.82441667,12.89121667,2443.00,
14236,,,,,2019-07-23T14:53:31Z,46.82446667,12.89138333,2446.00,
14237,,,,,2019-07-23T14:53:32Z,46.82456667,12.89153333,2449.00,
14238,,,,,2019-07-23T14:53:33Z,46.82473333,12.89160000,2452.00,
14239,,,,,2019-07-23T14:53:34Z,46.82490000,12.89153333,2454.00,
14240,,,,,2019-07-23T14:53:35Z,46.82503333,12.89141667,2456.00,
14241,,,,,2019-07-23T14:53:36Z,46.82515000,12.89121667,2457.00,
14242,,,,,2019-07-23T14:53:37Z,46.82521667,12.89095000,2459.00,
14243,,,,,2019-07-23T14:53:38Z,46.82525000,12.89071667,2460.00,
14244,,,,,2019-07-23T14:53:39Z,46.82521667,12.89050000,2461.00,
14245,,,,,2019-07-23T14:53:40Z,46.82510000,12.89031667,2463.00,
14246,,,,,2019-07-23T14:53:41Z,46.82495000,12.89018333,2466.00,
14247,,,,,2019-07-23T14:53:42Z,46.82478333,12.89011667,2468.00,
14248,,,,,2019-07-23T14:53:43Z,46.82463333,12.89006667,2470.00,
14249,,,,,2019-07-23T14:53:44Z,46.82448333,12.89003333,2473.00,
14250,,,,,2019-07-23T14:53:45Z,46.82436667,12.89001667,2474.00,
14251,,,,,2019-07-23T14:53:46Z,46.82423333,12.89003333,2474.00,
14252,,,,,2019-07-23T14:53:47Z,46.82411667,12.89006667,2478.00,
14253,,,,,2019-07-23T14:53:48Z,46.82400000,12.89013333,2479.00,
14254,,,,,2019-07-23T14:53:49Z,46.82388333,12.89025000,2479.00,
14255,,,,,2019-07-23T14:53:50Z,46.82378333,12.89043333,2479.00,
14256,,,,,2019-07-23T14:53:51Z,46.82370000,12.89061667,2477.00,
14257,,,,,2019-07-23T14:53:52Z,46.82363333,12.89081667,2476.00,
14258,,,,,2019-07-23T14:53:53Z,46.82360000,12.89103333,2475.00,
14259,,,,,2019-07-23T14:53:54Z,46.82356667,12.89126667,2476.00,
14260,,,,,2019-07-23T14:53:55Z,46.82353333,12.89151667,2476.00,
14261,,,,,2019-07-23T14:53:56Z,46.82350000,12.89176667,2476.00,
14262,,,,,2019-07-23T14:53:57Z,46.82350000,12.89200000,2475.00,
14263,,,,,2019-07-23T14:53:58Z,46.82348333,12.89223333,2473.00,
14264,,,,,2019-07-23T14:53:59Z,46.82348333,12.89248333,2472.00,
14265,,,,,2019-07-23T14:54:00Z,46.82348333,12.89273333,2472.00,
14266,,,,,2019-07-23T14:54:01Z,46.82348333,12.89296667,2471.00,
14267,,,,,2019-07-23T14:54:02Z,46.82346667,12.89321667,2470.00,
14268,,,,,2019-07-23T14:54:03Z,46.82343333,12.89343333,2468.00,
14269,,,,,2019-07-23T14:54:04Z,46.82338333,12.89365000,2466.00,
14270,,,,,2019-07-23T14:54:05Z,46.82335000,12.89388333,2466.00,
14271,,,,,2019-07-23T14:54:06Z,46.82331667,12.89410000,2466.00,
14272,,,,,2019-07-23T14:54:07Z,46.82330000,12.89433333,2465.00,
14273,,,,,2019-07-23T14:54:08Z,46.82330000,12.89456667,2465.00,
14274,,,,,2019-07-23T14:54:09Z,46.82328333,12.89478333,2466.00,
14275,,,,,2019-07-23T14:54:10Z,46.82326667,12.89503333,2463.00,
14276,,,,,2019-07-23T14:54:11Z,46.82321667,12.89526667,2460.00,
14277,,,,,2019-07-23T14:54:12Z,46.82315000,12.89550000,2458.00,
14278,,,,,2019-07-23T14:54:13Z,46.82308333,12.89571667,2454.00,
14279,,,,,2019-07-23T14:54:14Z,46.82301667,12.89593333,2452.00,
14280,,,,,2019-07-23T14:54:15Z,46.82293333,12.89615000,2450.00,
14281,,,,,2019-07-23T14:54:16Z,46.82285000,12.89636667,2448.00,
14282,,,,,2019-07-23T14:54:17Z,46.82278333,12.89656667,2445.00,
14283,,,,,2019-07-23T14:54:18Z,46.82270000,12.89678333,2442.00,
14284,,,,,2019-07-23T14:54:19Z,46.82261667,12.89700000,2441.00,
14285,,,,,2019-07-23T14:54:20Z,46.82255000,12.89720000,2440.00,
14286,,,,,2019-07-23T14:54:21Z,46.82248333,12.89741667,2438.00,
14287,,,,,2019-07-23T14:54:22Z,46.82241667,12.89763333,2435.00,
14288,,,,,2019-07-23T14:54:23Z,46.82236667,12.89786667,2432.00,
14289,,,,,2019-07-23T14:54:24Z,46.82230000,12.89810000,2430.00,
14290,,,,,2019-07-23T14:54:25Z,46.82225000,12.89833333,2429.00,
14291,,,,,2019-07-23T14:54:26Z,46.82221667,12.89858333,2426.00,
14292,,,,,2019-07-23T14:54:27Z,46.82216667,12.89883333,2423.00,
14293,,,,,2019-07-23T14:54:28Z,46.82211667,12.89908333,2420.00,
14294,,,,,2019-07-23T14:54:29Z,46.82205000,12.89935000,2419.00,
14295,,,,,2019-07-23T14:54:30Z,46.82196667,12.89958333,2417.00,
14296,,,,,2019-07-23T14:54:31Z,46.82188333,12.89980000,2416.00,
14297,,,,,2019-07-23T14:54:32Z,46.82180000,12.90000000,2416.00,
14298,,,,,2019-07-23T14:54:33Z,46.82170000,12.90018333,2417.00,
14299,,,,,2019-07-23T14:54:34Z,46.82160000,12.90035000,2419.00,
14300,,,,,2019-07-23T14:54:35Z,46.82151667,12.90053333,2420.00,
14301,,,,,2019-07-23T14:54:36Z,46.82143333,12.90070000,2421.00,
14302,,,,,2019-07-23T14:54:37Z,46.82135000,12.90090000,2421.00,
14303,,,,,2019-07-23T14:54:38Z,46.82128333,12.90111667,2423.00,
14304,,,,,2019-07-23T14:54:39Z,46.82123333,12.90133333,2425.00,
14305,,,,,2019-07-23T14:54:40Z,46.82123333,12.90156667,2428.00,
14306,,,,,2019-07-23T14:54:41Z,46.82125000,12.90180000,2430.00,
14307,,,,,2019-07-23T14:54:42Z,46.82131667,12.90200000,2433.00,
14308,,,,,2019-07-23T14:54:43Z,46.82140000,12.90215000,2437.00,
14309,,,,,2019-07-23T14:54:44Z,46.82151667,12.90228333,2439.00,
14310,,,,,2019-07-23T14:54:45Z,46.82166667,12.90233333,2442.00,
14311,,,,,2019-07-23T14:54:46Z,46.82180000,12.90228333,2444.00,
14312,,,,,2019-07-23T14:54:47Z,46.82190000,12.90215000,2447.00,
14313,,,,,2019-07-23T14:54:48Z,46.82193333,12.90195000,2450.00,
14314,,,,,2019-07-23T14:54:49Z,46.82188333,12.90173333,2454.00,
14315,,,,,2019-07-23T14:54:50Z,46.82173333,12.90153333,2456.00,
14316,,,,,2019-07-23T14:54:51Z,46.82160000,12.90141667,2458.00,
14317,,,,,2019-07-23T14:54:52Z,46.82150000,12.90141667,2461.00,
14318,,,,,2019-07-23T14:54:53Z,46.82138333,12.90146667,2463.00,
14319,,,,,2019-07-23T14:54:54Z,46.82128333,12.90171667,2466.00,
14320,,,,,2019-07-23T14:54:55Z,46.82121667,12.90183333,2469.00,
14321,,,,,2019-07-23T14:54:56Z,46.82118333,12.90196667,2471.00,
14322,,,,,2019-07-23T14:54:57Z,46.82118333,12.90210000,2474.00,
14323,,,,,2019-07-23T14:54:58Z,46.82123333,12.90223333,2478.00,
14324,,,,,2019-07-23T14:54:59Z,46.82131667,12.90231667,2481.00,
14325,,,,,2019-07-23T14:55:00Z,46.82138333,12.90238333,2483.00,
14326,,,,,2019-07-23T14:55:01Z,46.82145000,12.90246667,2486.00,
14327,,,,,2019-07-23T14:55:02Z,46.82153333,12.90251667,2489.00,
14328,,,,,2019-07-23T14:55:03Z,46.82160000,12.90256667,2492.00,
14329,,,,,2019-07-23T14:55:04Z,46.82168333,12.90256667,2496.00,
14330,,,,,2019-07-23T14:55:05Z,46.82156667,12.90245000,2499.00,
14331,,,,,2019-07-23T14:55:06Z,46.82136667,12.90228333,2502.00,
14332,,,,,2019-07-23T14:55:07Z,46.82121667,12.90218333,2503.00,
14333,,,,,2019-07-23T14:55:08Z,46.82111667,12.90216667,2507.00,
14334,,,,,2019-07-23T14:55:09Z,46.82098333,12.90225000,2510.00,
14335,,,,,2019-07-23T14:55:10Z,46.82075000,12.90253333,2511.00,
14336,,,,,2019-07-23T14:55:11Z,46.82068333,12.90260000,2511.00,
14337,,,,,2019-07-23T14:55:12Z,46.82063333,12.90281667,2514.00,
14338,,,,,2019-07-23T14:55:13Z,46.82070000,12.90286667,2517.00,
14339,,,,,2019-07-23T14:55:14Z,46.82080000,12.90291667,2521.00,
14340,,,,,2019-07-23T14:55:15Z,46.82090000,12.90295000,2525.00,
14341,,,,,2019-07-23T14:55:16Z,46.82103333,12.90295000,2528.00,
14342,,,,,2019-07-23T14:55:17Z,46.82116667,12.90295000,2530.00,
14343,,,,,2019-07-23T14:55:18Z,46.82131667,12.90281667,2533.00,
14344,,,,,2019-07-23T14:55:19Z,46.82138333,12.90261667,2536.00,
14345,,,,,2019-07-23T14:55:20Z,46.82143333,12.90248333,2538.00,
14346,,,,,2019-07-23T14:55:21Z,46.82146667,12.90231667,2539.00,
14347,,,,,2019-07-23T14:55:22Z,46.82146667,12.90211667,2542.00,
14348,,,,,2019-07-23T14:55:23Z,46.82143333,12.90185000,2547.00,
14349,,,,,2019-07-23T14:55:24Z,46.82143333,12.90163333,2548.00,
14350,,,,,2019-07-23T14:55:25Z,46.82138333,12.90158333,2551.00,
14351,,,,,2019-07-23T14:55:26Z,46.82130000,12.90163333,2554.00,
14352,,,,,2019-07-23T14:55:27Z,46.82123333,12.90170000,2556.00,
14353,,,,,2019-07-23T14:55:28Z,46.82120000,12.90181667,2559.00,
14354,,,,,2019-07-23T14:55:29Z,46.82120000,12.90200000,2561.00,
14355,,,,,2019-07-23T14:55:30Z,46.82120000,12.90213333,2564.00,
14356,,,,,2019-07-23T14:55:31Z,46.82115000,12.90228333,2568.00,
14357,,,,,2019-07-23T14:55:32Z,46.82123333,12.90236667,2571.00,
14358,,,,,2019-07-23T14:55:33Z,46.82148333,12.90241667,2574.00,
14359,,,,,2019-07-23T14:55:34Z,46.82186667,12.90243333,2576.00,
14360,,,,,2019-07-23T14:55:35Z,46.82213333,12.90233333,2578.00,
14361,,,,,2019-07-23T14:55:36Z,46.82230000,12.90213333,2580.00,
14362,,,,,2019-07-23T14:55:37Z,46.82240000,12.90183333,2582.00,
14363,,,,,2019-07-23T14:55:38Z,46.82246667,12.90160000,2585.00,
14364,,,,,2019-07-23T14:55:39Z,46.82253333,12.90136667,2587.00,
14365,,,,,2019-07-23T14:55:40Z,46.82255000,12.90113333,2589.00,
14366,,,,,2019-07-23T14:55:41Z,46.82253333,12.90083333,2592.00,
14367,,,,,2019-07-23T14:55:42Z,46.82250000,12.90055000,2593.00,
14368,,,,,2019-07-23T14:55:43Z,46.82243333,12.90031667,2595.00,
14369,,,,,2019-07-23T14:55:44Z,46.82235000,12.90015000,2598.00,
14370,,,,,2019-07-23T14:55:45Z,46.82223333,12.90011667,2600.00,
14371,,,,,2019-07-23T14:55:46Z,46.82213333,12.90011667,2603.00,
14372,,,,,2019-07-23T14:55:47Z,46.82208333,12.90015000,2606.00,
14373,,,,,2019-07-23T14:55:48Z,46.82203333,12.90018333,2609.00,
14374,,,,,2019-07-23T14:55:49Z,46.82198333,12.90023333,2611.00,
14375,,,,,2019-07-23T14:55:50Z,46.82190000,12.90035000,2613.00,
14376,,,,,2019-07-23T14:55:51Z,46.82186667,12.90038333,2614.00,
14377,,,,,2019-07-23T14:55:52Z,46.82203333,12.90038333,2616.00,
14378,,,,,2019-07-23T14:55:53Z,46.82213333,12.90035000,2617.00,
14379,,,,,2019-07-23T14:55:54Z,46.82228333,12.90028333,2618.00,
14380,,,,,2019-07-23T14:55:55Z,46.82243333,12.90023333,2620.00,
14381,,,,,2019-07-23T14:55:56Z,46.82256667,12.90010000,2623.00,
14382,,,,,2019-07-23T14:55:57Z,46.82265000,12.89988333,2626.00,
14383,,,,,2019-07-23T14:55:58Z,46.82270000,12.89966667,2629.00,
14384,,,,,2019-07-23T14:55:59Z,46.82275000,12.89950000,2631.00,
14385,,,,,2019-07-23T14:56:00Z,46.82275000,12.89931667,2635.00,
14386,,,,,2019-07-23T14:56:01Z,46.82271667,12.89918333,2638.00,
14387,,,,,2019-07-23T14:56:02Z,46.82265000,12.89908333,2641.00,
14388,,,,,2019-07-23T14:56:03Z,46.82255000,12.89906667,2643.00,
14389,,,,,2019-07-23T14:56:04Z,46.82246667,12.89910000,2646.00,
14390,,,,,2019-07-23T14:56:05Z,46.82240000,12.89920000,2649.00,
14391,,,,,2019-07-23T14:56:06Z,46.82238333,12.89935000,2650.00,
14392,,,,,2019-07-23T14:56:07Z,46.82241667,12.89953333,2652.00,
14393,,,,,2019-07-23T14:56:08Z,46.82245000,12.89965000,2654.00,
14394,,,,,2019-07-23T14:56:09Z,46.82261667,12.89988333,2656.00,
14395,,,,,2019-07-23T14:56:10Z,46.82278333,12.90006667,2659.00,
14396,,,,,2019-07-23T14:56:11Z,46.82291667,12.90013333,2661.00,
14397,,,,,2019-07-23T14:56:12Z,46.82310000,12.90010000,2664.00,
14398,,,,,2019-07-23T14:56:13Z,46.82326667,12.90003333,2663.00,
14399,,,,,2019-07-23T14:56:14Z,46.82336667,12.89993333,2667.00,
14400,,,,,2019-07-23T14:56:15Z,46.82341667,12.89976667,2670.00,
14401,,,,,2019-07-23T14:56:16Z,46.82340000,12.89953333,2674.00,
14402,,,,,2019-07-23T14:56:17Z,46.82336667,12.89931667,2677.00,
14403,,,,,2019-07-23T14:56:18Z,46.82328333,12.89915000,2681.00,
14404,,,,,2019-07-23T14:56:19Z,46.82316667,12.89910000,2684.00,
14405,,,,,2019-07-23T14:56:20Z,46.82303333,12.89911667,2687.00,
14406,,,,,2019-07-23T14:56:21Z,46.82291667,12.89920000,2689.00,
14407,,,,,2019-07-23T14:56:22Z,46.82283333,12.89931667,2690.00,
14408,,,,,2019-07-23T14:56:23Z,46.82278333,12.89950000,2692.00,
14409,,,,,2019-07-23T14:56:24Z,46.82278333,12.89976667,2693.00,
14410,,,,,2019-07-23T14:56:25Z,46.82281667,12.89996667,2695.00,
14411,,,,,2019-07-23T14:56:26Z,46.82291667,12.90013333,2697.00,
14412,,,,,2019-07-23T14:56:27Z,46.82301667,12.90030000,2700.00,
14413,,,,,2019-07-23T14:56:28Z,46.82316667,12.90040000,2703.00,
14414,,,,,2019-07-23T14:56:29Z,46.82333333,12.90035000,2706.00,
14415,,,,,2019-07-23T14:56:30Z,46.82346667,12.90023333,2709.00,
14416,,,,,2019-07-23T14:56:31Z,46.82360000,12.90010000,2712.00,
14417,,,,,2019-07-23T14:56:32Z,46.82368333,12.89990000,2714.00,
14418,,,,,2019-07-23T14:56:33Z,46.82370000,12.89968333,2717.00,
14419,,,,,2019-07-23T14:56:34Z,46.82366667,12.89946667,2719.00,
14420,,,,,2019-07-23T14:56:35Z,46.82358333,12.89926667,2722.00,
14421,,,,,2019-07-23T14:56:36Z,46.82348333,12.89910000,2724.00,
14422,,,,,2019-07-23T14:56:37Z,46.82340000,12.89898333,2725.00,
14423,,,,,2019-07-23T14:56:38Z,46.82330000,12.89890000,2727.00,
14424,,,,,2019-07-23T14:56:39Z,46.82320000,12.89888333,2728.00,
14425,,,,,2019-07-23T14:56:40Z,46.82310000,12.89896667,2729.00,
14426,,,,,2019-07-23T14:56:41Z,46.82301667,12.89906667,2732.00,
14427,,,,,2019-07-23T14:56:42Z,46.82305000,12.89928333,2734.00,
14428,,,,,2019-07-23T14:56:43Z,46.82311667,12.89950000,2736.00,
14429,,,,,2019-07-23T14:56:44Z,46.82321667,12.89966667,2738.00,
14430,,,,,2019-07-23T14:56:45Z,46.82340000,12.89975000,2740.00,
14431,,,,,2019-07-23T14:56:46Z,46.82356667,12.89976667,2743.00,
14432,,,,,2019-07-23T14:56:47Z,46.82371667,12.89968333,2745.00,
14433,,,,,2019-07-23T14:56:48Z,46.82385000,12.89955000,2748.00,
14434,,,,,2019-07-23T14:56:49Z,46.82395000,12.89941667,2751.00,
14435,,,,,2019-07-23T14:56:50Z,46.82401667,12.89921667,2754.00,
14436,,,,,2019-07-23T14:56:51Z,46.82405000,12.89898333,2757.00,
14437,,,,,2019-07-23T14:56:52Z,46.82401667,12.89878333,2760.00,
14438,,,,,2019-07-23T14:56:53Z,46.82396667,12.89860000,2762.00,
14439,,,,,2019-07-23T14:56:54Z,46.82388333,12.89846667,2763.00,
14440,,,,,2019-07-23T14:56:55Z,46.82378333,12.89838333,2765.00,
14441,,,,,2019-07-23T14:56:56Z,46.82370000,12.89836667,2765.00,
14442,,,,,2019-07-23T14:56:57Z,46.82360000,12.89838333,2766.00,
14443,,,,,2019-07-23T14:56:58Z,46.82353333,12.89850000,2767.00,
14444,,,,,2019-07-23T14:56:59Z,46.82348333,12.89870000,2769.00,
14445,,,,,2019-07-23T14:57:00Z,46.82345000,12.89891667,2770.00,
14446,,,,,2019-07-23T14:57:01Z,46.82343333,12.89913333,2770.00,
14447,,,,,2019-07-23T14:57:02Z,46.82343333,12.89936667,2771.00,
14448,,,,,2019-07-23T14:57:03Z,46.82348333,12.89958333,2773.00,
14449,,,,,2019-07-23T14:57:04Z,46.82356667,12.89978333,2777.00,
14450,,,,,2019-07-23T14:57:05Z,46.82366667,12.89996667,2782.00,
14451,,,,,2019-07-23T14:57:06Z,46.82383333,12.90011667,2784.00,
14452,,,,,2019-07-23T14:57:07Z,46.82398333,12.90021667,2787.00,
14453,,,,,2019-07-23T14:57:08Z,46.82413333,12.90030000,2789.00,
14454,,,,,2019-07-23T14:57:09Z,46.82428333,12.90030000,2791.00,
14455,,,,,2019-07-23T14:57:10Z,46.82443333,12.90023333,2794.00,
14456,,,,,2019-07-23T14:57:11Z,46.82456667,12.90011667,2798.00,
14457,,,,,2019-07-23T14:57:12Z,46.82461667,12.89996667,2800.00,
14458,,,,,2019-07-23T14:57:13Z,46.82463333,12.89971667,2802.00,
14459,,,,,2019-07-23T14:57:14Z,46.82461667,12.89950000,2804.00,
14460,,,,,2019-07-23T14:57:15Z,46.82456667,12.89930000,2804.00,
14461,,,,,2019-07-23T14:57:16Z,46.82448333,12.89910000,2807.00,
14462,,,,,2019-07-23T14:57:17Z,46.82435000,12.89898333,2811.00,
14463,,,,,2019-07-23T14:57:18Z,46.82421667,12.89893333,2814.00,
14464,,,,,2019-07-23T14:57:19Z,46.82406667,12.89891667,2816.00,
14465,,,,,2019-07-23T14:57:20Z,46.82388333,12.89896667,2818.00,
14466,,,,,2019-07-23T14:57:21Z,46.82375000,12.89906667,2818.00,
14467,,,,,2019-07-23T14:57:22Z,46.82363333,12.89920000,2819.00,
14468,,,,,2019-07-23T14:57:23Z,46.82353333,12.89933333,2820.00,
14469,,,,,2019-07-23T14:57:24Z,46.82346667,12.89953333,2823.00,
14470,,,,,2019-07-23T14:57:25Z,46.82341667,12.89971667,2825.00,
14471,,,,,2019-07-23T14:57:26Z,46.82338333,12.89988333,2827.00,
14472,,,,,2019-07-23T14:57:27Z,46.82348333,12.90003333,2829.00,
14473,,,,,2019-07-23T14:57:28Z,46.82358333,12.90011667,2832.00,
14474,,,,,2019-07-23T14:57:29Z,46.82378333,12.90020000,2836.00,
14475,,,,,2019-07-23T14:57:30Z,46.82391667,12.90018333,2839.00,
14476,,,,,2019-07-23T14:57:31Z,46.82398333,12.90000000,2842.00,
14477,,,,,2019-07-23T14:57:32Z,46.82405000,12.89976667,2845.00,
14478,,,,,2019-07-23T14:57:33Z,46.82411667,12.89953333,2845.00,
14479,,,,,2019-07-23T14:57:34Z,46.82413333,12.89933333,2846.00,
14480,,,,,2019-07-23T14:57:35Z,46.82408333,12.89911667,2849.00,
14481,,,,,2019-07-23T14:57:36Z,46.82400000,12.89888333,2852.00,
14482,,,,,2019-07-23T14:57:37Z,46.82391667,12.89870000,2854.00,
14483,,,,,2019-07-23T14:57:38Z,46.82381667,12.89855000,2856.00,
14484,,,,,2019-07-23T14:57:39Z,46.82370000,12.89841667,2858.00,
14485,,,,,2019-07-23T14:57:40Z,46.82358333,12.89841667,2860.00,
14486,,,,,2019-07-23T14:57:41Z,46.82343333,12.89843333,2861.00,
14487,,,,,2019-07-23T14:57:42Z,46.82323333,12.89861667,2862.00,
14488,,,,,2019-07-23T14:57:43Z,46.82310000,12.89871667,2865.00,
14489,,,,,2019-07-23T14:57:44Z,46.82300000,12.89893333,2868.00,
14490,,,,,2019-07-23T14:57:45Z,46.82291667,12.89908333,2870.00,
14491,,,,,2019-07-23T14:57:46Z,46.82288333,12.89935000,2872.00,
14492,,,,,2019-07-23T14:57:47Z,46.82285000,12.89955000,2875.00,
14493,,,,,2019-07-23T14:57:48Z,46.82286667,12.89975000,2879.00,
14494,,,,,2019-07-23T14:57:49Z,46.82293333,12.89993333,2883.00,
14495,,,,,2019-07-23T14:57:50Z,46.82300000,12.90008333,2886.00,
14496,,,,,2019-07-23T14:57:51Z,46.82306667,12.90025000,2888.00,
14497,,,,,2019-07-23T14:57:52Z,46.82313333,12.90038333,2890.00,
14498,,,,,2019-07-23T14:57:53Z,46.82321667,12.90048333,2893.00,
14499,,,,,2019-07-23T14:57:56Z,46.82303333,12.90046667,2910.00,
14500,,,,,2019-07-23T14:57:57Z,46.82283333,12.90036667,2914.00,
14501,,,,,2019-07-23T14:57:58Z,46.82266667,12.90040000,2917.00,
14502,,,,,2019-07-23T14:57:59Z,46.82253333,12.90050000,2920.00,
14503,,,,,2019-07-23T14:58:00Z,46.82248333,12.90053333,2923.00,
14504,,,,,2019-07-23T14:58:01Z,46.82246667,12.90058333,2927.00,
14505,,,,,2019-07-23T14:58:02Z,46.82245000,12.90071667,2930.00,
14506,,,,,2019-07-23T14:58:03Z,46.82245000,12.90076667,2934.00,
14507,,,,,2019-07-23T14:58:04Z,46.82248333,12.90085000,2937.00,
14508,,,,,2019-07-23T14:58:05Z,46.82255000,12.90093333,2940.00,
14509,,,,,2019-07-23T14:58:06Z,46.82271667,12.90096667,2945.00,
14510,,,,,2019-07-23T14:58:07Z,46.82290000,12.90093333,2949.00,
14511,,,,,2019-07-23T14:58:08Z,46.82308333,12.90090000,2952.00,
14512,,,,,2019-07-23T14:58:09Z,46.82328333,12.90091667,2954.00,
14513,,,,,2019-07-23T14:58:10Z,46.82351667,12.90090000,2956.00,
14514,,,,,2019-07-23T14:58:11Z,46.82371667,12.90083333,2959.00,
14515,,,,,2019-07-23T14:58:12Z,46.82388333,12.90073333,2964.00,
14516,,,,,2019-07-23T14:58:13Z,46.82405000,12.90060000,2969.00,
14517,,,,,2019-07-23T14:58:14Z,46.82415000,12.90043333,2973.00,
14518,,,,,2019-07-23T14:58:15Z,46.82421667,12.90023333,2975.00,
14519,,,,,2019-07-23T14:58:16Z,46.82430000,12.90005000,2977.00,
14520,,,,,2019-07-23T14:58:17Z,46.82431667,12.89985000,2980.00,
14521,,,,,2019-07-23T14:58:18Z,46.82408333,12.89951667,2982.00,
14522,,,,,2019-07-23T14:58:19Z,46.82391667,12.89928333,2985.00,
14523,,,,,2019-07-23T14:58:20Z,46.82380000,12.89913333,2987.00,
14524,,,,,2019-07-23T14:58:21Z,46.82368333,12.89903333,2990.00,
14525,,,,,2019-07-23T14:58:22Z,46.82355000,12.89896667,2990.00,
14526,,,,,2019-07-23T14:58:23Z,46.82340000,12.89891667,2992.00,
14527,,,,,2019-07-23T14:58:24Z,46.82325000,12.89890000,2994.00,
14528,,,,,2019-07-23T14:58:25Z,46.82313333,12.89890000,2997.00,
14529,,,,,2019-07-23T14:58:26Z,46.82303333,12.89893333,3001.00,
14530,,,,,2019-07-23T14:58:27Z,46.82291667,12.89901667,3004.00,
14531,,,,,2019-07-23T14:58:28Z,46.82280000,12.89910000,3007.00,
14532,,,,,2019-07-23T14:58:29Z,46.82270000,12.89926667,3009.00,
14533,,,,,2019-07-23T14:58:30Z,46.82258333,12.89940000,3012.00,
14534,,,,,2019-07-23T14:58:31Z,46.82248333,12.89955000,3014.00,
14535,,,,,2019-07-23T14:58:32Z,46.82235000,12.89971667,3016.00,
14536,,,,,2019-07-23T14:58:33Z,46.82223333,12.89985000,3021.00,
14537,,,,,2019-07-23T14:58:34Z,46.82211667,12.89998333,3025.00,
14538,,,,,2019-07-23T14:58:35Z,46.82196667,12.90010000,3028.00,
14539,,,,,2019-07-23T14:58:36Z,46.82180000,12.90020000,3031.00,
14540,,,,,2019-07-23T14:58:37Z,46.82165000,12.90028333,3034.00,
14541,,,,,2019-07-23T14:58:38Z,46.82151667,12.90033333,3038.00,
14542,,,,,2019-07-23T14:58:39Z,46.82140000,12.90040000,3043.00,
14543,,,,,2019-07-23T14:58:40Z,46.82130000,12.90046667,3048.00,
14544,,,,,2019-07-23T14:58:41Z,46.82116667,12.90053333,3051.00,
14545,,,,,2019-07-23T14:58:42Z,46.82105000,12.90060000,3054.00,
14546,,,,,2019-07-23T14:58:43Z,46.82091667,12.90068333,3055.00,
14547,,,,,2019-07-23T14:58:44Z,46.82076667,12.90078333,3057.00,
14548,,,,,2019-07-23T14:58:45Z,46.82063333,12.90090000,3058.00,
14549,,,,,2019-07-23T14:58:46Z,46.82046667,12.90103333,3059.00,
14550,,,,,2019-07-23T14:58:47Z,46.82033333,12.90116667,3060.00,
14551,,,,,2019-07-23T14:58:48Z,46.82018333,12.90131667,3062.00,
14552,,,,,2019-07-23T14:58:49Z,46.82005000,12.90146667,3064.00,
14553,,,,,2019-07-23T14:58:50Z,46.81990000,12.90160000,3067.00,
14554,,,,,2019-07-23T14:58:51Z,46.81975000,12.90171667,3069.00,
14555,,,,,2019-07-23T14:58:52Z,46.81960000,12.90181667,3070.00,
14556,,,,,2019-07-23T14:58:53Z,46.81945000,12.90190000,3071.00,
14557,,,,,2019-07-23T14:58:54Z,46.81928333,12.90198333,3072.00,
14558,,,,,2019-07-23T14:58:55Z,46.81913333,12.90206667,3072.00,
14559,,,,,2019-07-23T14:58:56Z,46.81898333,12.90215000,3072.00,
14560,,,,,2019-07-23T14:58:57Z,46.81885000,12.90226667,3071.00,
14561,,,,,2019-07-23T14:58:58Z,46.81871667,12.90238333,3071.00,
14562,,,,,2019-07-23T14:58:59Z,46.81858333,12.90251667,3070.00,
14563,,,,,2019-07-23T14:59:00Z,46.81845000,12.90266667,3069.00,
14564,,,,,2019-07-23T14:59:01Z,46.81833333,12.90283333,3067.00,
14565,,,,,2019-07-23T14:59:02Z,46.81821667,12.90300000,3065.00,
14566,,,,,2019-07-23T14:59:03Z,46.81808333,12.90318333,3062.00,
14567,,,,,2019-07-23T14:59:04Z,46.81795000,12.90335000,3059.00,
14568,,,,,2019-07-23T14:59:05Z,46.81781667,12.90350000,3056.00,
14569,,,,,2019-07-23T14:59:06Z,46.81765000,12.90363333,3053.00,
14570,,,,,2019-07-23T14:59:07Z,46.81748333,12.90376667,3050.00,
14571,,,,,2019-07-23T14:59:08Z,46.81733333,12.90390000,3048.00,
14572,,,,,2019-07-23T14:59:09Z,46.81718333,12.90403333,3048.00,
14573,,,,,2019-07-23T14:59:10Z,46.81703333,12.90420000,3047.00,
14574,,,,,2019-07-23T14:59:11Z,46.81691667,12.90436667,3044.00,
14575,,,,,2019-07-23T14:59:12Z,46.81680000,12.90456667,3042.00,
14576,,,,,2019-07-23T14:59:13Z,46.81670000,12.90478333,3040.00,
14577,,,,,2019-07-23T14:59:14Z,46.81660000,12.90501667,3038.00,
14578,,,,,2019-07-23T14:59:15Z,46.81650000,12.90525000,3037.00,
14579,,,,,2019-07-23T14:59:16Z,46.81640000,12.90548333,3036.00,
14580,,,,,2019-07-23T14:59:17Z,46.81628333,12.90570000,3035.00,
14581,,,,,2019-07-23T14:59:18Z,46.81615000,12.90591667,3033.00,
14582,,,,,2019-07-23T14:59:19Z,46.81601667,12.90611667,3033.00,
14583,,,,,2019-07-23T14:59:20Z,46.81590000,12.90630000,3031.00,
14584,,,,,2019-07-23T14:59:21Z,46.81576667,12.90648333,3032.00,
14585,,,,,2019-07-23T14:59:22Z,46.81565000,12.90666667,3032.00,
14586,,,,,2019-07-23T14:59:23Z,46.81555000,12.90685000,3031.00,
14587,,,,,2019-07-23T14:59:24Z,46.81545000,12.90705000,3031.00,
14588,,,,,2019-07-23T14:59:25Z,46.81536667,12.90726667,3032.00,
14589,,,,,2019-07-23T14:59:26Z,46.81526667,12.90746667,3030.00,
14590,,,,,2019-07-23T14:59:27Z,46.81516667,12.90768333,3029.00,
14591,,,,,2019-07-23T14:59:28Z,46.81505000,12.90788333,3026.00,
14592,,,,,2019-07-23T14:59:29Z,46.81495000,12.90808333,3023.00,
14593,,,,,2019-07-23T14:59:30Z,46.81481667,12.90826667,3021.00,
14594,,,,,2019-07-23T14:59:31Z,46.81471667,12.90845000,3022.00,
14595,,,,,2019-07-23T14:59:32Z,46.81460000,12.90863333,3023.00,
14596,,,,,2019-07-23T14:59:33Z,46.81450000,12.90881667,3024.00,
14597,,,,,2019-07-23T14:59:34Z,46.81440000,12.90901667,3023.00,
14598,,,,,2019-07-23T14:59:35Z,46.81431667,12.90923333,3023.00,
14599,,,,,2019-07-23T14:59:36Z,46.81420000,12.90946667,3023.00,
14600,,,,,2019-07-23T14:59:37Z,46.81408333,12.90970000,3026.00,
14601,,,,,2019-07-23T14:59:38Z,46.81400000,12.90990000,3030.00,
14602,,,,,2019-07-23T14:59:39Z,46.81390000,12.91008333,3035.00,
14603,,,,,2019-07-23T14:59:40Z,46.81380000,12.91025000,3039.00,
14604,,,,,2019-07-23T14:59:41Z,46.81370000,12.91041667,3045.00,
14605,,,,,2019-07-23T14:59:42Z,46.81358333,12.91056667,3050.00,
14606,,,,,2019-07-23T14:59:43Z,46.81346667,12.91073333,3056.00,
14607,,,,,2019-07-23T14:59:44Z,46.81335000,12.91091667,3059.00,
14608,,,,,2019-07-23T14:59:45Z,46.81323333,12.91108333,3063.00,
14609,,,,,2019-07-23T14:59:46Z,46.81310000,12.91128333,3066.00,
14610,,,,,2019-07-23T14:59:47Z,46.81298333,12.91146667,3068.00,
14611,,,,,2019-07-23T14:59:48Z,46.81285000,12.91165000,3072.00,
14612,,,,,2019-07-23T14:59:49Z,46.81271667,12.91183333,3075.00,
14613,,,,,2019-07-23T14:59:50Z,46.81258333,12.91201667,3077.00,
14614,,,,,2019-07-23T14:59:51Z,46.81245000,12.91218333,3080.00,
14615,,,,,2019-07-23T14:59:52Z,46.81231667,12.91235000,3081.00,
14616,,,,,2019-07-23T14:59:53Z,46.81218333,12.91250000,3082.00,
14617,,,,,2019-07-23T14:59:54Z,46.81206667,12.91265000,3085.00,
14618,,,,,2019-07-23T14:59:55Z,46.81193333,12.91280000,3087.00,
14619,,,,,2019-07-23T14:59:56Z,46.81181667,12.91293333,3088.00,
14620,,,,,2019-07-23T14:59:57Z,46.81168333,12.91306667,3090.00,
14621,,,,,2019-07-23T14:59:58Z,46.81156667,12.91318333,3094.00,
14622,,,,,2019-07-23T14:59:59Z,46.81141667,12.91331667,3095.00,
14623,,,,,2019-07-23T15:00:00Z,46.81126667,12.91346667,3097.00,
14624,,,,,2019-07-23T15:00:01Z,46.81113333,12.91361667,3099.00,
14625,,,,,2019-07-23T15:00:02Z,46.81098333,12.91378333,3101.00,
14626,,,,,2019-07-23T15:00:03Z,46.81083333,12.91395000,3102.00,
14627,,,,,2019-07-23T15:00:04Z,46.81066667,12.91410000,3101.00,
14628,,,,,2019-07-23T15:00:05Z,46.81048333,12.91421667,3100.00,
14629,,,,,2019-07-23T15:00:06Z,46.81030000,12.91430000,3101.00,
14630,,,,,2019-07-23T15:00:07Z,46.81013333,12.91438333,3102.00,
14631,,,,,2019-07-23T15:00:08Z,46.80996667,12.91445000,3105.00,
14632,,,,,2019-07-23T15:00:09Z,46.80981667,12.91450000,3108.00,
14633,,,,,2019-07-23T15:00:10Z,46.80966667,12.91456667,3110.00,
14634,,,,,2019-07-23T15:00:11Z,46.80951667,12.91461667,3113.00,
14635,,,,,2019-07-23T15:00:12Z,46.80938333,12.91470000,3114.00,
14636,,,,,2019-07-23T15:00:13Z,46.80925000,12.91481667,3114.00,
14637,,,,,2019-07-23T15:00:14Z,46.80911667,12.91493333,3113.00,
14638,,,,,2019-07-23T15:00:15Z,46.80898333,12.91506667,3111.00,
14639,,,,,2019-07-23T15:00:16Z,46.80886667,12.91523333,3110.00,
14640,,,,,2019-07-23T15:00:17Z,46.80875000,12.91541667,3108.00,
14641,,,,,2019-07-23T15:00:18Z,46.80865000,12.91560000,3106.00,
14642,,,,,2019-07-23T15:00:19Z,46.80855000,12.91581667,3107.00,
14643,,,,,2019-07-23T15:00:20Z,46.80845000,12.91601667,3107.00,
14644,,,,,2019-07-23T15:00:21Z,46.80835000,12.91621667,3107.00,
14645,,,,,2019-07-23T15:00:22Z,46.80825000,12.91641667,3106.00,
14646,,,,,2019-07-23T15:00:23Z,46.80813333,12.91660000,3106.00,
14647,,,,,2019-07-23T15:00:24Z,46.80798333,12.91676667,3106.00,
14648,,,,,2019-07-23T15:00:25Z,46.80783333,12.91691667,3104.00,
14649,,,,,2019-07-23T15:00:26Z,46.80766667,12.91705000,3103.00,
14650,,,,,2019-07-23T15:00:27Z,46.80750000,12.91716667,3103.00,
14651,,,,,2019-07-23T15:00:28Z,46.80733333,12.91728333,3104.00,
14652,,,,,2019-07-23T15:00:29Z,46.80718333,12.91740000,3106.00,
14653,,,,,2019-07-23T15:00:30Z,46.80701667,12.91753333,3105.00,
14654,,,,,2019-07-23T15:00:31Z,46.80685000,12.91765000,3103.00,
14655,,,,,2019-07-23T15:00:32Z,46.80670000,12.91778333,3101.00,
14656,,,,,2019-07-23T15:00:33Z,46.80653333,12.91790000,3101.00,
14657,,,,,2019-07-23T15:00:34Z,46.80638333,12.91803333,3101.00,
14658,,,,,2019-07-23T15:00:35Z,46.80621667,12.91816667,3100.00,
14659,,,,,2019-07-23T15:00:36Z,46.80606667,12.91831667,3097.00,
14660,,,,,2019-07-23T15:00:37Z,46.80591667,12.91846667,3094.00,
14661,,,,,2019-07-23T15:00:38Z,46.80576667,12.91861667,3093.00,
14662,,,,,2019-07-23T15:00:39Z,46.80560000,12.91876667,3090.00,
14663,,,,,2019-07-23T15:00:40Z,46.80541667,12.91891667,3087.00,
14664,,,,,2019-07-23T15:00:41Z,46.80523333,12.91905000,3084.00,
14665,,,,,2019-07-23T15:00:42Z,46.80506667,12.91920000,3082.00,
14666,,,,,2019-07-23T15:00:43Z,46.80488333,12.91935000,3080.00,
14667,,,,,2019-07-23T15:00:44Z,46.80473333,12.91951667,3078.00,
14668,,,,,2019-07-23T15:00:45Z,46.80458333,12.91970000,3075.00,
14669,,,,,2019-07-23T15:00:46Z,46.80441667,12.91986667,3072.00,
14670,,,,,2019-07-23T15:00:47Z,46.80425000,12.92001667,3070.00,
14671,,,,,2019-07-23T15:00:48Z,46.80408333,12.92018333,3069.00,
14672,,,,,2019-07-23T15:00:49Z,46.80390000,12.92031667,3069.00,
14673,,,,,2019-07-23T15:00:50Z,46.80371667,12.92046667,3067.00,
14674,,,,,2019-07-23T15:00:51Z,46.80353333,12.92061667,3066.00,
14675,,,,,2019-07-23T15:00:52Z,46.80335000,12.92075000,3064.00,
14676,,,,,2019-07-23T15:00:53Z,46.80318333,12.92091667,3063.00,
14677,,,,,2019-07-23T15:00:54Z,46.80300000,12.92108333,3062.00,
14678,,,,,2019-07-23T15:00:55Z,46.80285000,12.92125000,3059.00,
14679,,,,,2019-07-23T15:00:56Z,46.80270000,12.92141667,3058.00,
14680,,,,,2019-07-23T15:00:57Z,46.80256667,12.92158333,3055.00,
14681,,,,,2019-07-23T15:00:58Z,46.80243333,12.92175000,3054.00,
14682,,,,,2019-07-23T15:00:59Z,46.80230000,12.92193333,3053.00,
14683,,,,,2019-07-23T15:01:00Z,46.80215000,12.92210000,3051.00,
14684,,,,,2019-07-23T15:01:01Z,46.80201667,12.92226667,3050.00,
14685,,,,,2019-07-23T15:01:02Z,46.80186667,12.92241667,3049.00,
14686,,,,,2019-07-23T15:01:03Z,46.80173333,12.92256667,3050.00,
14687,,,,,2019-07-23T15:01:04Z,46.80158333,12.92270000,3051.00,
14688,,,,,2019-07-23T15:01:05Z,46.80143333,12.92285000,3051.00,
14689,,,,,2019-07-23T15:01:06Z,46.80126667,12.92298333,3050.00,
14690,,,,,2019-07-23T15:01:07Z,46.80111667,12.92313333,3049.00,
14691,,,,,2019-07-23T15:01:08Z,46.80096667,12.92326667,3048.00,
14692,,,,,2019-07-23T15:01:09Z,46.80081667,12.92343333,3046.00,
14693,,,,,2019-07-23T15:01:10Z,46.80066667,12.92358333,3043.00,
14694,,,,,2019-07-23T15:01:11Z,46.80051667,12.92376667,3039.00,
14695,,,,,2019-07-23T15:01:12Z,46.80038333,12.92393333,3036.00,
14696,,,,,2019-07-23T15:01:13Z,46.80025000,12.92411667,3033.00,
14697,,,,,2019-07-23T15:01:14Z,46.80011667,12.92431667,3031.00,
14698,,,,,2019-07-23T15:01:15Z,46.79996667,12.92450000,3029.00,
14699,,,,,2019-07-23T15:01:16Z,46.79983333,12.92470000,3025.00,
14700,,,,,2019-07-23T15:01:17Z,46.79968333,12.92488333,3023.00,
14701,,,,,2019-07-23T15:01:18Z,46.79955000,12.92506667,3021.00,
14702,,,,,2019-07-23T15:01:19Z,46.79940000,12.92526667,3019.00,
14703,,,,,2019-07-23T15:01:20Z,46.79926667,12.92545000,3016.00,
14704,,,,,2019-07-23T15:01:21Z,46.79911667,12.92563333,3014.00,
14705,,,,,2019-07-23T15:01:22Z,46.79900000,12.92581667,3012.00,
14706,,,,,2019-07-23T15:01:23Z,46.79886667,12.92601667,3010.00,
14707,,,,,2019-07-23T15:01:24Z,46.79875000,12.92620000,3008.00,
14708,,,,,2019-07-23T15:01:25Z,46.79863333,12.92638333,3007.00,
14709,,,,,2019-07-23T15:01:26Z,46.79851667,12.92656667,3005.00,
14710,,,,,2019-07-23T15:01:27Z,46.79840000,12.92675000,3003.00,
14711,,,,,2019-07-23T15:01:28Z,46.79826667,12.92691667,3000.00,
14712,,,,,2019-07-23T15:01:29Z,46.79813333,12.92708333,2997.00,
14713,,,,,2019-07-23T15:01:30Z,46.79800000,12.92726667,2995.00,
14714,,,,,2019-07-23T15:01:31Z,46.79788333,12.92746667,2992.00,
14715,,,,,2019-07-23T15:01:32Z,46.79776667,12.92768333,2989.00,
14716,,,,,2019-07-23T15:01:33Z,46.79766667,12.92791667,2986.00,
14717,,,,,2019-07-23T15:01:34Z,46.79756667,12.92815000,2982.00,
14718,,,,,2019-07-23T15:01:35Z,46.79746667,12.92838333,2978.00,
14719,,,,,2019-07-23T15:01:36Z,46.79736667,12.92860000,2976.00,
14720,,,,,2019-07-23T15:01:37Z,46.79725000,12.92881667,2973.00,
14721,,,,,2019-07-23T15:01:38Z,46.79715000,12.92903333,2970.00,
14722,,,,,2019-07-23T15:01:39Z,46.79703333,12.92925000,2970.00,
14723,,,,,2019-07-23T15:01:40Z,46.79693333,12.92943333,2969.00,
14724,,,,,2019-07-23T15:01:41Z,46.79683333,12.92965000,2967.00,
14725,,,,,2019-07-23T15:01:42Z,46.79673333,12.92985000,2964.00,
14726,,,,,2019-07-23T15:01:43Z,46.79661667,12.93005000,2962.00,
14727,,,,,2019-07-23T15:01:44Z,46.79648333,12.93023333,2959.00,
14728,,,,,2019-07-23T15:01:45Z,46.79633333,12.93041667,2957.00,
14729,,,,,2019-07-23T15:01:46Z,46.79618333,12.93060000,2956.00,
14730,,,,,2019-07-23T15:01:47Z,46.79605000,12.93076667,2952.00,
14731,,,,,2019-07-23T15:01:48Z,46.79590000,12.93091667,2952.00,
14732,,,,,2019-07-23T15:01:49Z,46.79576667,12.93105000,2954.00,
14733,,,,,2019-07-23T15:01:50Z,46.79561667,12.93120000,2954.00,
14734,,,,,2019-07-23T15:01:51Z,46.79546667,12.93136667,2954.00,
14735,,,,,2019-07-23T15:01:52Z,46.79533333,12.93153333,2953.00,
14736,,,,,2019-07-23T15:01:53Z,46.79520000,12.93171667,2952.00,
14737,,,,,2019-07-23T15:01:54Z,46.79506667,12.93191667,2950.00,
14738,,,,,2019-07-23T15:01:55Z,46.79495000,12.93211667,2950.00,
14739,,,,,2019-07-23T15:01:56Z,46.79483333,12.93231667,2950.00,
14740,,,,,2019-07-23T15:01:57Z,46.79471667,12.93250000,2950.00,
14741,,,,,2019-07-23T15:01:58Z,46.79460000,12.93266667,2951.00,
14742,,,,,2019-07-23T15:01:59Z,46.79446667,12.93280000,2952.00,
14743,,,,,2019-07-23T15:02:00Z,46.79431667,12.93291667,2953.00,
14744,,,,,2019-07-23T15:02:01Z,46.79413333,12.93301667,2952.00,
14745,,,,,2019-07-23T15:02:02Z,46.79396667,12.93308333,2950.00,
14746,,,,,2019-07-23T15:02:03Z,46.79378333,12.93315000,2949.00,
14747,,,,,2019-07-23T15:02:04Z,46.79360000,12.93323333,2950.00,
14748,,,,,2019-07-23T15:02:05Z,46.79343333,12.93331667,2952.00,
14749,,,,,2019-07-23T15:02:06Z,46.79326667,12.93340000,2954.00,
14750,,,,,2019-07-23T15:02:07Z,46.79311667,12.93350000,2956.00,
14751,,,,,2019-07-23T15:02:08Z,46.79298333,12.93363333,2958.00,
14752,,,,,2019-07-23T15:02:09Z,46.79286667,12.93378333,2959.00,
14753,,,,,2019-07-23T15:02:10Z,46.79276667,12.93398333,2958.00,
14754,,,,,2019-07-23T15:02:11Z,46.79270000,12.93423333,2958.00,
14755,,,,,2019-07-23T15:02:12Z,46.79263333,12.93450000,2957.00,
14756,,,,,2019-07-23T15:02:13Z,46.79255000,12.93475000,2956.00,
14757,,,,,2019-07-23T15:02:14Z,46.79246667,12.93501667,2954.00,
14758,,,,,2019-07-23T15:02:15Z,46.79236667,12.93526667,2952.00,
14759,,,,,2019-07-23T15:02:16Z,46.79225000,12.93550000,2951.00,
14760,,,,,2019-07-23T15:02:17Z,46.79213333,12.93571667,2950.00,
14761,,,,,2019-07-23T15:02:18Z,46.79201667,12.93591667,2951.00,
14762,,,,,2019-07-23T15:02:19Z,46.79190000,12.93608333,2951.00,
14763,,,,,2019-07-23T15:02:20Z,46.79178333,12.93626667,2953.00,
14764,,,,,2019-07-23T15:02:21Z,46.79168333,12.93643333,2955.00,
14765,,,,,2019-07-23T15:02:22Z,46.79160000,12.93665000,2955.00,
14766,,,,,2019-07-23T15:02:23Z,46.79153333,12.93686667,2955.00,
14767,,,,,2019-07-23T15:02:24Z,46.79145000,12.93710000,2955.00,
14768,,,,,2019-07-23T15:02:25Z,46.79138333,12.93733333,2953.00,
14769,,,,,2019-07-23T15:02:26Z,46.79131667,12.93758333,2952.00,
14770,,,,,2019-07-23T15:02:27Z,46.79125000,12.93783333,2951.00,
14771,,,,,2019-07-23T15:02:28Z,46.79118333,12.93808333,2951.00,
14772,,,,,2019-07-23T15:02:29Z,46.79110000,12.93833333,2951.00,
14773,,,,,2019-07-23T15:02:30Z,46.79101667,12.93858333,2948.00,
14774,,,,,2019-07-23T15:02:31Z,46.79093333,12.93883333,2946.00,
14775,,,,,2019-07-23T15:02:32Z,46.79081667,12.93906667,2944.00,
14776,,,,,2019-07-23T15:02:33Z,46.79070000,12.93928333,2941.00,
14777,,,,,2019-07-23T15:02:34Z,46.79058333,12.93951667,2940.00,
14778,,,,,2019-07-23T15:02:35Z,46.79046667,12.93973333,2938.00,
14779,,,,,2019-07-23T15:02:36Z,46.79036667,12.93995000,2938.00,
14780,,,,,2019-07-23T15:02:37Z,46.79026667,12.94016667,2937.00,
14781,,,,,2019-07-23T15:02:38Z,46.79016667,12.94038333,2936.00,
14782,,,,,2019-07-23T15:02:39Z,46.79006667,12.94060000,2935.00,
14783,,,,,2019-07-23T15:02:40Z,46.78995000,12.94083333,2934.00,
14784,,,,,2019-07-23T15:02:41Z,46.78983333,12.94106667,2933.00,
14785,,,,,2019-07-23T15:02:42Z,46.78971667,12.94130000,2932.00,
14786,,,,,2019-07-23T15:02:43Z,46.78958333,12.94151667,2930.00,
14787,,,,,2019-07-23T15:02:44Z,46.78946667,12.94173333,2927.00,
14788,,,,,2019-07-23T15:02:45Z,46.78933333,12.94195000,2926.00,
14789,,,,,2019-07-23T15:02:46Z,46.78918333,12.94213333,2926.00,
14790,,,,,2019-07-23T15:02:47Z,46.78905000,12.94231667,2927.00,
14791,,,,,2019-07-23T15:02:48Z,46.78890000,12.94248333,2927.00,
14792,,,,,2019-07-23T15:02:49Z,46.78876667,12.94266667,2927.00,
14793,,,,,2019-07-23T15:02:50Z,46.78865000,12.94283333,2926.00,
14794,,,,,2019-07-23T15:02:51Z,46.78853333,12.94303333,2926.00,
14795,,,,,2019-07-23T15:02:52Z,46.78845000,12.94326667,2925.00,
14796,,,,,2019-07-23T15:02:53Z,46.78836667,12.94350000,2924.00,
14797,,,,,2019-07-23T15:02:54Z,46.78828333,12.94375000,2922.00,
14798,,,,,2019-07-23T15:02:55Z,46.78816667,12.94400000,2919.00,
14799,,,,,2019-07-23T15:02:56Z,46.78803333,12.94421667,2918.00,
14800,,,,,2019-07-23T15:02:57Z,46.78791667,12.94443333,2916.00,
14801,,,,,2019-07-23T15:02:58Z,46.78778333,12.94463333,2916.00,
14802,,,,,2019-07-23T15:02:59Z,46.78766667,12.94481667,2917.00,
14803,,,,,2019-07-23T15:03:00Z,46.78755000,12.94500000,2918.00,
14804,,,,,2019-07-23T15:03:01Z,46.78746667,12.94521667,2919.00,
14805,,,,,2019-07-23T15:03:02Z,46.78736667,12.94541667,2919.00,
14806,,,,,2019-07-23T15:03:03Z,46.78726667,12.94563333,2919.00,
14807,,,,,2019-07-23T15:03:04Z,46.78718333,12.94586667,2918.00,
14808,,,,,2019-07-23T15:03:05Z,46.78708333,12.94608333,2920.00,
14809,,,,,2019-07-23T15:03:06Z,46.78698333,12.94630000,2922.00,
14810,,,,,2019-07-23T15:03:07Z,46.78686667,12.94653333,2922.00,
14811,,,,,2019-07-23T15:03:08Z,46.78676667,12.94675000,2923.00,
14812,,,,,2019-07-23T15:03:09Z,46.78666667,12.94696667,2923.00,
14813,,,,,2019-07-23T15:03:10Z,46.78656667,12.94716667,2924.00,
14814,,,,,2019-07-23T15:03:11Z,46.78646667,12.94738333,2926.00,
14815,,,,,2019-07-23T15:03:12Z,46.78638333,12.94758333,2928.00,
14816,,,,,2019-07-23T15:03:13Z,46.78630000,12.94778333,2929.00,
14817,,,,,2019-07-23T15:03:14Z,46.78621667,12.94798333,2929.00,
14818,,,,,2019-07-23T15:03:15Z,46.78611667,12.94820000,2929.00,
14819,,,,,2019-07-23T15:03:16Z,46.78603333,12.94840000,2929.00,
14820,,,,,2019-07-23T15:03:17Z,46.78595000,12.94863333,2927.00,
14821,,,,,2019-07-23T15:03:18Z,46.78590000,12.94886667,2925.00,
14822,,,,,2019-07-23T15:03:19Z,46.78585000,12.94911667,2923.00,
14823,,,,,2019-07-23T15:03:20Z,46.78580000,12.94940000,2922.00,
14824,,,,,2019-07-23T15:03:21Z,46.78575000,12.94968333,2920.00,
14825,,,,,2019-07-23T15:03:22Z,46.78570000,12.94995000,2918.00,
14826,,,,,2019-07-23T15:03:23Z,46.78565000,12.95023333,2915.00,
14827,,,,,2019-07-23T15:03:24Z,46.78558333,12.95050000,2914.00,
14828,,,,,2019-07-23T15:03:25Z,46.78550000,12.95075000,2914.00,
14829,,,,,2019-07-23T15:03:26Z,46.78543333,12.95098333,2914.00,
14830,,,,,2019-07-23T15:03:27Z,46.78535000,12.95118333,2915.00,
14831,,,,,2019-07-23T15:03:28Z,46.78525000,12.95140000,2916.00,
14832,,,,,2019-07-23T15:03:29Z,46.78515000,12.95160000,2916.00,
14833,,,,,2019-07-23T15:03:30Z,46.78505000,12.95178333,2916.00,
14834,,,,,2019-07-23T15:03:31Z,46.78495000,12.95198333,2916.00,
14835,,,,,2019-07-23T15:03:32Z,46.78485000,12.95218333,2915.00,
14836,,,,,2019-07-23T15:03:33Z,46.78476667,12.95236667,2913.00,
14837,,,,,2019-07-23T15:03:34Z,46.78468333,12.95258333,2912.00,
14838,,,,,2019-07-23T15:03:35Z,46.78460000,12.95280000,2910.00,
14839,,,,,2019-07-23T15:03:36Z,46.78451667,12.95303333,2908.00,
14840,,,,,2019-07-23T15:03:37Z,46.78443333,12.95326667,2905.00,
14841,,,,,2019-07-23T15:03:38Z,46.78433333,12.95350000,2903.00,
14842,,,,,2019-07-23T15:03:39Z,46.78425000,12.95373333,2900.00,
14843,,,,,2019-07-23T15:03:40Z,46.78415000,12.95396667,2898.00,
14844,,,,,2019-07-23T15:03:41Z,46.78405000,12.95418333,2897.00,
14845,,,,,2019-07-23T15:03:42Z,46.78395000,12.95438333,2896.00,
14846,,,,,2019-07-23T15:03:43Z,46.78385000,12.95460000,2896.00,
14847,,,,,2019-07-23T15:03:44Z,46.78376667,12.95481667,2895.00,
14848,,,,,2019-07-23T15:03:45Z,46.78366667,12.95501667,2892.00,
14849,,,,,2019-07-23T15:03:46Z,46.78358333,12.95523333,2892.00,
14850,,,,,2019-07-23T15:03:47Z,46.78351667,12.95546667,2890.00,
14851,,,,,2019-07-23T15:03:48Z,46.78345000,12.95570000,2888.00,
14852,,,,,2019-07-23T15:03:49Z,46.78338333,12.95595000,2885.00,
14853,,,,,2019-07-23T15:03:50Z,46.78333333,12.95620000,2882.00,
14854,,,,,2019-07-23T15:03:51Z,46.78326667,12.95645000,2880.00,
14855,,,,,2019-07-23T15:03:52Z,46.78320000,12.95671667,2876.00,
14856,,,,,2019-07-23T15:03:53Z,46.78311667,12.95696667,2873.00,
14857,,,,,2019-07-23T15:03:54Z,46.78303333,12.95720000,2872.00,
14858,,,,,2019-07-23T15:03:55Z,46.78293333,12.95745000,2869.00,
14859,,,,,2019-07-23T15:03:56Z,46.78281667,12.95766667,2865.00,
14860,,,,,2019-07-23T15:03:57Z,46.78271667,12.95788333,2863.00,
14861,,,,,2019-07-23T15:03:58Z,46.78261667,12.95810000,2860.00,
14862,,,,,2019-07-23T15:03:59Z,46.78251667,12.95831667,2858.00,
14863,,,,,2019-07-23T15:04:00Z,46.78241667,12.95853333,2855.00,
14864,,,,,2019-07-23T15:04:01Z,46.78233333,12.95875000,2854.00,
14865,,,,,2019-07-23T15:04:02Z,46.78223333,12.95898333,2853.00,
14866,,,,,2019-07-23T15:04:03Z,46.78216667,12.95921667,2851.00,
14867,,,,,2019-07-23T15:04:04Z,46.78208333,12.95943333,2848.00,
14868,,,,,2019-07-23T15:04:05Z,46.78200000,12.95965000,2845.00,
14869,,,,,2019-07-23T15:04:06Z,46.78191667,12.95986667,2843.00,
14870,,,,,2019-07-23T15:04:07Z,46.78183333,12.96008333,2841.00,
14871,,,,,2019-07-23T15:04:08Z,46.78175000,12.96030000,2840.00,
14872,,,,,2019-07-23T15:04:09Z,46.78166667,12.96051667,2838.00,
14873,,,,,2019-07-23T15:04:10Z,46.78156667,12.96073333,2835.00,
14874,,,,,2019-07-23T15:04:11Z,46.78145000,12.96096667,2831.00,
14875,,,,,2019-07-23T15:04:12Z,46.78135000,12.96118333,2828.00,
14876,,,,,2019-07-23T15:04:13Z,46.78121667,12.96138333,2826.00,
14877,,,,,2019-07-23T15:04:14Z,46.78110000,12.96156667,2825.00,
14878,,,,,2019-07-23T15:04:15Z,46.78100000,12.96173333,2825.00,
14879,,,,,2019-07-23T15:04:16Z,46.78090000,12.96191667,2826.00,
14880,,,,,2019-07-23T15:04:17Z,46.78081667,12.96211667,2827.00,
14881,,,,,2019-07-23T15:04:18Z,46.78075000,12.96233333,2826.00,
14882,,,,,2019-07-23T15:04:19Z,46.78066667,12.96255000,2826.00,
14883,,,,,2019-07-23T15:04:20Z,46.78058333,12.96276667,2822.00,
14884,,,,,2019-07-23T15:04:21Z,46.78048333,12.96298333,2820.00,
14885,,,,,2019-07-23T15:04:22Z,46.78035000,12.96316667,2817.00,
14886,,,,,2019-07-23T15:04:23Z,46.78018333,12.96333333,2814.00,
14887,,,,,2019-07-23T15:04:24Z,46.78001667,12.96346667,2811.00,
14888,,,,,2019-07-23T15:04:25Z,46.77986667,12.96358333,2811.00,
14889,,,,,2019-07-23T15:04:26Z,46.77971667,12.96371667,2812.00,
14890,,,,,2019-07-23T15:04:27Z,46.77960000,12.96386667,2812.00,
14891,,,,,2019-07-23T15:04:28Z,46.77948333,12.96403333,2812.00,
14892,,,,,2019-07-23T15:04:29Z,46.77938333,12.96420000,2809.00,
14893,,,,,2019-07-23T15:04:30Z,46.77930000,12.96440000,2805.00,
14894,,,,,2019-07-23T15:04:31Z,46.77920000,12.96458333,2801.00,
14895,,,,,2019-07-23T15:04:32Z,46.77910000,12.96481667,2798.00,
14896,,,,,2019-07-23T15:04:33Z,46.77900000,12.96505000,2794.00,
14897,,,,,2019-07-23T15:04:34Z,46.77888333,12.96528333,2790.00,
14898,,,,,2019-07-23T15:04:35Z,46.77875000,12.96551667,2786.00,
14899,,,,,2019-07-23T15:04:36Z,46.77860000,12.96573333,2782.00,
14900,,,,,2019-07-23T15:04:37Z,46.77846667,12.96591667,2780.00,
14901,,,,,2019-07-23T15:04:38Z,46.77833333,12.96610000,2778.00,
14902,,,,,2019-07-23T15:04:39Z,46.77823333,12.96628333,2779.00,
14903,,,,,2019-07-23T15:04:40Z,46.77813333,12.96646667,2781.00,
14904,,,,,2019-07-23T15:04:41Z,46.77806667,12.96666667,2781.00,
14905,,,,,2019-07-23T15:04:42Z,46.77800000,12.96686667,2781.00,
14906,,,,,2019-07-23T15:04:43Z,46.77791667,12.96706667,2779.00,
14907,,,,,2019-07-23T15:04:44Z,46.77785000,12.96728333,2776.00,
14908,,,,,2019-07-23T15:04:45Z,46.77778333,12.96751667,2773.00,
14909,,,,,2019-07-23T15:04:46Z,46.77770000,12.96775000,2770.00,
14910,,,,,2019-07-23T15:04:47Z,46.77765000,12.96801667,2766.00,
14911,,,,,2019-07-23T15:04:48Z,46.77758333,12.96828333,2762.00,
14912,,,,,2019-07-23T15:04:49Z,46.77751667,12.96856667,2760.00,
14913,,,,,2019-07-23T15:04:50Z,46.77746667,12.96885000,2757.00,
14914,,,,,2019-07-23T15:04:51Z,46.77738333,12.96913333,2754.00,
14915,,,,,2019-07-23T15:04:52Z,46.77731667,12.96940000,2752.00,
14916,,,,,2019-07-23T15:04:53Z,46.77725000,12.96966667,2751.00,
14917,,,,,2019-07-23T15:04:54Z,46.77718333,12.96991667,2750.00,
14918,,,,,2019-07-23T15:04:55Z,46.77711667,12.97016667,2750.00,
14919,,,,,2019-07-23T15:04:56Z,46.77703333,12.97040000,2749.00,
14920,,,,,2019-07-23T15:04:57Z,46.77696667,12.97063333,2750.00,
14921,,,,,2019-07-23T15:04:58Z,46.77688333,12.97085000,2749.00,
14922,,,,,2019-07-23T15:04:59Z,46.77680000,12.97106667,2746.00,
14923,,,,,2019-07-23T15:05:00Z,46.77670000,12.97126667,2744.00,
14924,,,,,2019-07-23T15:05:01Z,46.77661667,12.97148333,2743.00,
14925,,,,,2019-07-23T15:05:02Z,46.77651667,12.97168333,2743.00,
14926,,,,,2019-07-23T15:05:03Z,46.77641667,12.97190000,2741.00,
14927,,,,,2019-07-23T15:05:04Z,46.77631667,12.97210000,2740.00,
14928,,,,,2019-07-23T15:05:05Z,46.77620000,12.97231667,2738.00,
14929,,,,,2019-07-23T15:05:06Z,46.77610000,12.97253333,2737.00,
14930,,,,,2019-07-23T15:05:07Z,46.77600000,12.97276667,2736.00,
14931,,,,,2019-07-23T15:05:08Z,46.77591667,12.97301667,2734.00,
14932,,,,,2019-07-23T15:05:09Z,46.77583333,12.97328333,2733.00,
14933,,,,,2019-07-23T15:05:10Z,46.77576667,12.97353333,2732.00,
14934,,,,,2019-07-23T15:05:11Z,46.77571667,12.97380000,2731.00,
14935,,,,,2019-07-23T15:05:12Z,46.77565000,12.97405000,2731.00,
14936,,,,,2019-07-23T15:05:13Z,46.77558333,12.97431667,2730.00,
14937,,,,,2019-07-23T15:05:14Z,46.77551667,12.97456667,2728.00,
14938,,,,,2019-07-23T15:05:15Z,46.77545000,12.97483333,2726.00,
14939,,,,,2019-07-23T15:05:16Z,46.77540000,12.97508333,2725.00,
14940,,,,,2019-07-23T15:05:17Z,46.77535000,12.97535000,2724.00,
14941,,,,,2019-07-23T15:05:18Z,46.77531667,12.97561667,2721.00,
14942,,,,,2019-07-23T15:05:19Z,46.77528333,12.97586667,2719.00,
14943,,,,,2019-07-23T15:05:20Z,46.77525000,12.97611667,2718.00,
14944,,,,,2019-07-23T15:05:21Z,46.77523333,12.97636667,2718.00,
14945,,,,,2019-07-23T15:05:22Z,46.77518333,12.97661667,2716.00,
14946,,,,,2019-07-23T15:05:23Z,46.77515000,12.97685000,2713.00,
14947,,,,,2019-07-23T15:05:24Z,46.77510000,12.97710000,2710.00,
14948,,,,,2019-07-23T15:05:25Z,46.77506667,12.97733333,2709.00,
14949,,,,,2019-07-23T15:05:26Z,46.77501667,12.97755000,2708.00,
14950,,,,,2019-07-23T15:05:27Z,46.77496667,12.97780000,2709.00,
14951,,,,,2019-07-23T15:05:28Z,46.77491667,12.97805000,2708.00,
14952,,,,,2019-07-23T15:05:29Z,46.77485000,12.97830000,2706.00,
14953,,,,,2019-07-23T15:05:30Z,46.77480000,12.97853333,2703.00,
14954,,,,,2019-07-23T15:05:31Z,46.77473333,12.97878333,2701.00,
14955,,,,,2019-07-23T15:05:32Z,46.77465000,12.97903333,2699.00,
14956,,,,,2019-07-23T15:05:33Z,46.77455000,12.97926667,2697.00,
14957,,,,,2019-07-23T15:05:34Z,46.77446667,12.97951667,2695.00,
14958,,,,,2019-07-23T15:05:35Z,46.77436667,12.97975000,2692.00,
14959,,,,,2019-07-23T15:05:36Z,46.77426667,12.97996667,2690.00,
14960,,,,,2019-07-23T15:05:37Z,46.77418333,12.98020000,2687.00,
14961,,,,,2019-07-23T15:05:38Z,46.77410000,12.98043333,2683.00,
14962,,,,,2019-07-23T15:05:39Z,46.77403333,12.98066667,2682.00,
14963,,,,,2019-07-23T15:05:40Z,46.77398333,12.98093333,2681.00,
14964,,,,,2019-07-23T15:05:41Z,46.77393333,12.98120000,2678.00,
14965,,,,,2019-07-23T15:05:42Z,46.77388333,12.98145000,2675.00,
14966,,,,,2019-07-23T15:05:43Z,46.77383333,12.98170000,2673.00,
14967,,,,,2019-07-23T15:05:44Z,46.77375000,12.98193333,2670.00,
14968,,,,,2019-07-23T15:05:45Z,46.77368333,12.98215000,2669.00,
14969,,,,,2019-07-23T15:05:46Z,46.77360000,12.98236667,2669.00,
14970,,,,,2019-07-23T15:05:47Z,46.77353333,12.98258333,2668.00,
14971,,,,,2019-07-23T15:05:48Z,46.77346667,12.98278333,2665.00,
14972,,,,,2019-07-23T15:05:49Z,46.77340000,12.98300000,2665.00,
14973,,,,,2019-07-23T15:05:50Z,46.77333333,12.98321667,2664.00,
14974,,,,,2019-07-23T15:05:51Z,46.77326667,12.98343333,2662.00,
14975,,,,,2019-07-23T15:05:52Z,46.77320000,12.98366667,2660.00,
14976,,,,,2019-07-23T15:05:53Z,46.77313333,12.98390000,2657.00,
14977,,,,,2019-07-23T15:05:54Z,46.77306667,12.98415000,2654.00,
14978,,,,,2019-07-23T15:05:55Z,46.77300000,12.98438333,2651.00,
14979,,,,,2019-07-23T15:05:56Z,46.77295000,12.98463333,2646.00,
14980,,,,,2019-07-23T15:05:57Z,46.77288333,12.98488333,2642.00,
14981,,,,,2019-07-23T15:05:58Z,46.77280000,12.98513333,2639.00,
14982,,,,,2019-07-23T15:05:59Z,46.77273333,12.98536667,2637.00,
14983,,,,,2019-07-23T15:06:00Z,46.77265000,12.98560000,2635.00,
14984,,,,,2019-07-23T15:06:01Z,46.77256667,12.98583333,2634.00,
14985,,,,,2019-07-23T15:06:02Z,46.77248333,12.98606667,2632.00,
14986,,,,,2019-07-23T15:06:03Z,46.77240000,12.98628333,2632.00,
14987,,,,,2019-07-23T15:06:04Z,46.77231667,12.98650000,2631.00,
14988,,,,,2019-07-23T15:06:05Z,46.77221667,12.98670000,2629.00,
14989,,,,,2019-07-23T15:06:06Z,46.77213333,12.98691667,2628.00,
14990,,,,,2019-07-23T15:06:07Z,46.77205000,12.98713333,2626.00,
14991,,,,,2019-07-23T15:06:08Z,46.77196667,12.98736667,2623.00,
14992,,,,,2019-07-23T15:06:09Z,46.77190000,12.98760000,2620.00,
14993,,,,,2019-07-23T15:06:10Z,46.77183333,12.98783333,2616.00,
14994,,,,,2019-07-23T15:06:11Z,46.77175000,12.98808333,2613.00,
14995,,,,,2019-07-23T15:06:12Z,46.77170000,12.98833333,2610.00,
14996,,,,,2019-07-23T15:06:13Z,46.77163333,12.98856667,2608.00,
14997,,,,,2019-07-23T15:06:14Z,46.77156667,12.98881667,2605.00,
14998,,,,,2019-07-23T15:06:15Z,46.77150000,12.98906667,2602.00,
14999,,,,,2019-07-23T15:06:16Z,46.77143333,12.98931667,2600.00,
15000,,,,,2019-07-23T15:06:17Z,46.77135000,12.98958333,2597.00,
15001,,,,,2019-07-23T15:06:18Z,46.77126667,12.98983333,2595.00,
15002,,,,,2019-07-23T15:06:19Z,46.77118333,12.99006667,2594.00,
15003,,,,,2019-07-23T15:06:20Z,46.77108333,12.99031667,2592.00,
15004,,,,,2019-07-23T15:06:21Z,46.77100000,12.99055000,2590.00,
15005,,,,,2019-07-23T15:06:22Z,46.77090000,12.99080000,2588.00,
15006,,,,,2019-07-23T15:06:23Z,46.77081667,12.99103333,2585.00,
15007,,,,,2019-07-23T15:06:24Z,46.77073333,12.99128333,2584.00,
15008,,,,,2019-07-23T15:06:25Z,46.77065000,12.99153333,2581.00,
15009,,,,,2019-07-23T15:06:26Z,46.77056667,12.99180000,2578.00,
15010,,,,,2019-07-23T15:06:27Z,46.77048333,12.99205000,2575.00,
15011,,,,,2019-07-23T15:06:28Z,46.77040000,12.99230000,2573.00,
15012,,,,,2019-07-23T15:06:29Z,46.77031667,12.99255000,2571.00,
15013,,,,,2019-07-23T15:06:30Z,46.77021667,12.99278333,2571.00,
15014,,,,,2019-07-23T15:06:31Z,46.77013333,12.99301667,2570.00,
15015,,,,,2019-07-23T15:06:32Z,46.77006667,12.99325000,2569.00,
15016,,,,,2019-07-23T15:06:33Z,46.77000000,12.99348333,2569.00,
15017,,,,,2019-07-23T15:06:34Z,46.76993333,12.99370000,2570.00,
15018,,,,,2019-07-23T15:06:35Z,46.76988333,12.99393333,2569.00,
15019,,,,,2019-07-23T15:06:36Z,46.76983333,12.99418333,2567.00,
15020,,,,,2019-07-23T15:06:37Z,46.76978333,12.99441667,2566.00,
15021,,,,,2019-07-23T15:06:38Z,46.76971667,12.99466667,2564.00,
15022,,,,,2019-07-23T15:06:39Z,46.76965000,12.99490000,2562.00,
15023,,,,,2019-07-23T15:06:40Z,46.76960000,12.99515000,2560.00,
15024,,,,,2019-07-23T15:06:41Z,46.76955000,12.99540000,2559.00,
15025,,,,,2019-07-23T15:06:42Z,46.76948333,12.99565000,2556.00,
15026,,,,,2019-07-23T15:06:43Z,46.76943333,12.99590000,2555.00,
15027,,,,,2019-07-23T15:06:44Z,46.76940000,12.99615000,2554.00,
15028,,,,,2019-07-23T15:06:45Z,46.76933333,12.99640000,2552.00,
15029,,,,,2019-07-23T15:06:46Z,46.76928333,12.99665000,2550.00,
15030,,,,,2019-07-23T15:06:47Z,46.76923333,12.99690000,2549.00,
15031,,,,,2019-07-23T15:06:48Z,46.76918333,12.99715000,2546.00,
15032,,,,,2019-07-23T15:06:49Z,46.76911667,12.99740000,2543.00,
15033,,,,,2019-07-23T15:06:50Z,46.76905000,12.99765000,2540.00,
15034,,,,,2019-07-23T15:06:51Z,46.76895000,12.99788333,2538.00,
15035,,,,,2019-07-23T15:06:52Z,46.76886667,12.99811667,2535.00,
15036,,,,,2019-07-23T15:06:53Z,46.76880000,12.99831667,2533.00,
15037,,,,,2019-07-23T15:06:54Z,46.76873333,12.99851667,2530.00,
15038,,,,,2019-07-23T15:06:55Z,46.76866667,12.99873333,2531.00,
15039,,,,,2019-07-23T15:06:56Z,46.76863333,12.99895000,2530.00,
15040,,,,,2019-07-23T15:06:57Z,46.76860000,12.99918333,2527.00,
15041,,,,,2019-07-23T15:06:58Z,46.76858333,12.99941667,2522.00,
15042,,,,,2019-07-23T15:06:59Z,46.76855000,12.99966667,2518.00,
15043,,,,,2019-07-23T15:07:00Z,46.76851667,12.99990000,2515.00,
15044,,,,,2019-07-23T15:07:01Z,46.76848333,13.00016667,2511.00,
15045,,,,,2019-07-23T15:07:02Z,46.76845000,13.00041667,2507.00,
15046,,,,,2019-07-23T15:07:03Z,46.76840000,13.00066667,2504.00,
15047,,,,,2019-07-23T15:07:04Z,46.76833333,13.00091667,2502.00,
15048,,,,,2019-07-23T15:07:05Z,46.76828333,13.00115000,2500.00,
15049,,,,,2019-07-23T15:07:06Z,46.76823333,13.00138333,2497.00,
15050,,,,,2019-07-23T15:07:07Z,46.76820000,13.00163333,2495.00,
15051,,,,,2019-07-23T15:07:08Z,46.76815000,13.00186667,2493.00,
15052,,,,,2019-07-23T15:07:09Z,46.76811667,13.00211667,2491.00,
15053,,,,,2019-07-23T15:07:10Z,46.76806667,13.00238333,2486.00,
15054,,,,,2019-07-23T15:07:11Z,46.76801667,13.00261667,2483.00,
15055,,,,,2019-07-23T15:07:12Z,46.76796667,13.00286667,2481.00,
15056,,,,,2019-07-23T15:07:13Z,46.76791667,13.00311667,2480.00,
15057,,,,,2019-07-23T15:07:14Z,46.76786667,13.00335000,2480.00,
15058,,,,,2019-07-23T15:07:15Z,46.76783333,13.00358333,2480.00,
15059,,,,,2019-07-23T15:07:16Z,46.76778333,13.00383333,2480.00,
15060,,,,,2019-07-23T15:07:17Z,46.76775000,13.00406667,2478.00,
15061,,,,,2019-07-23T15:07:18Z,46.76770000,13.00430000,2476.00,
15062,,,,,2019-07-23T15:07:19Z,46.76765000,13.00455000,2474.00,
15063,,,,,2019-07-23T15:07:20Z,46.76761667,13.00480000,2471.00,
15064,,,,,2019-07-23T15:07:21Z,46.76756667,13.00505000,2467.00,
15065,,,,,2019-07-23T15:07:22Z,46.76751667,13.00528333,2463.00,
15066,,,,,2019-07-23T15:07:23Z,46.76748333,13.00553333,2462.00,
15067,,,,,2019-07-23T15:07:24Z,46.76745000,13.00578333,2460.00,
15068,,,,,2019-07-23T15:07:25Z,46.76741667,13.00605000,2458.00,
15069,,,,,2019-07-23T15:07:26Z,46.76736667,13.00628333,2456.00,
15070,,,,,2019-07-23T15:07:27Z,46.76731667,13.00653333,2454.00,
15071,,,,,2019-07-23T15:07:28Z,46.76726667,13.00678333,2453.00,
15072,,,,,2019-07-23T15:07:29Z,46.76723333,13.00701667,2453.00,
15073,,,,,2019-07-23T15:07:30Z,46.76718333,13.00725000,2452.00,
15074,,,,,2019-07-23T15:07:31Z,46.76715000,13.00748333,2450.00,
15075,,,,,2019-07-23T15:07:32Z,46.76711667,13.00771667,2447.00,
15076,,,,,2019-07-23T15:07:33Z,46.76708333,13.00795000,2446.00,
15077,,,,,2019-07-23T15:07:34Z,46.76706667,13.00818333,2445.00,
15078,,,,,2019-07-23T15:07:35Z,46.76706667,13.00843333,2443.00,
15079,,,,,2019-07-23T15:07:36Z,46.76710000,13.00870000,2440.00,
15080,,,,,2019-07-23T15:07:37Z,46.76713333,13.00895000,2436.00,
15081,,,,,2019-07-23T15:07:38Z,46.76715000,13.00921667,2433.00,
15082,,,,,2019-07-23T15:07:39Z,46.76716667,13.00946667,2429.00,
15083,,,,,2019-07-23T15:07:40Z,46.76718333,13.00973333,2426.00,
15084,,,,,2019-07-23T15:07:41Z,46.76718333,13.00998333,2424.00,
15085,,,,,2019-07-23T15:07:42Z,46.76720000,13.01023333,2422.00,
15086,,,,,2019-07-23T15:07:43Z,46.76720000,13.01050000,2419.00,
15087,,,,,2019-07-23T15:07:44Z,46.76720000,13.01076667,2418.00,
15088,,,,,2019-07-23T15:07:45Z,46.76720000,13.01103333,2416.00,
15089,,,,,2019-07-23T15:07:46Z,46.76718333,13.01130000,2413.00,
15090,,,,,2019-07-23T15:07:47Z,46.76716667,13.01155000,2410.00,
15091,,,,,2019-07-23T15:07:48Z,46.76715000,13.01180000,2410.00,
15092,,,,,2019-07-23T15:07:49Z,46.76715000,13.01205000,2410.00,
15093,,,,,2019-07-23T15:07:50Z,46.76715000,13.01228333,2409.00,
15094,,,,,2019-07-23T15:07:51Z,46.76715000,13.01251667,2408.00,
15095,,,,,2019-07-23T15:07:52Z,46.76718333,13.01276667,2406.00,
15096,,,,,2019-07-23T15:07:53Z,46.76720000,13.01301667,2404.00,
15097,,,,,2019-07-23T15:07:54Z,46.76723333,13.01325000,2401.00,
15098,,,,,2019-07-23T15:07:55Z,46.76725000,13.01350000,2399.00,
15099,,,,,2019-07-23T15:07:56Z,46.76725000,13.01375000,2395.00,
15100,,,,,2019-07-23T15:07:57Z,46.76725000,13.01401667,2393.00,
15101,,,,,2019-07-23T15:07:58Z,46.76725000,13.01426667,2391.00,
15102,,,,,2019-07-23T15:07:59Z,46.76723333,13.01451667,2389.00,
15103,,,,,2019-07-23T15:08:00Z,46.76723333,13.01476667,2389.00,
15104,,,,,2019-07-23T15:08:01Z,46.76725000,13.01501667,2388.00,
15105,,,,,2019-07-23T15:08:02Z,46.76726667,13.01525000,2387.00,
15106,,,,,2019-07-23T15:08:03Z,46.76731667,13.01550000,2385.00,
15107,,,,,2019-07-23T15:08:04Z,46.76736667,13.01573333,2384.00,
15108,,,,,2019-07-23T15:08:05Z,46.76740000,13.01598333,2382.00,
15109,,,,,2019-07-23T15:08:06Z,46.76745000,13.01621667,2381.00,
15110,,,,,2019-07-23T15:08:07Z,46.76750000,13.01646667,2381.00,
15111,,,,,2019-07-23T15:08:08Z,46.76753333,13.01671667,2379.00,
15112,,,,,2019-07-23T15:08:09Z,46.76753333,13.01698333,2376.00,
15113,,,,,2019-07-23T15:08:10Z,46.76753333,13.01725000,2375.00,
15114,,,,,2019-07-23T15:08:11Z,46.76751667,13.01750000,2374.00,
15115,,,,,2019-07-23T15:08:12Z,46.76750000,13.01773333,2374.00,
15116,,,,,2019-07-23T15:08:13Z,46.76748333,13.01796667,2373.00,
15117,,,,,2019-07-23T15:08:14Z,46.76745000,13.01820000,2371.00,
15118,,,,,2019-07-23T15:08:15Z,46.76743333,13.01843333,2371.00,
15119,,,,,2019-07-23T15:08:16Z,46.76738333,13.01866667,2368.00,
15120,,,,,2019-07-23T15:08:17Z,46.76736667,13.01890000,2368.00,
15121,,,,,2019-07-23T15:08:18Z,46.76733333,13.01913333,2367.00,
15122,,,,,2019-07-23T15:08:19Z,46.76730000,13.01936667,2365.00,
15123,,,,,2019-07-23T15:08:20Z,46.76728333,13.01958333,2364.00,
15124,,,,,2019-07-23T15:08:21Z,46.76725000,13.01980000,2364.00,
15125,,,,,2019-07-23T15:08:22Z,46.76721667,13.02001667,2364.00,
15126,,,,,2019-07-23T15:08:23Z,46.76720000,13.02021667,2363.00,
15127,,,,,2019-07-23T15:08:24Z,46.76716667,13.02043333,2362.00,
15128,,,,,2019-07-23T15:08:25Z,46.76715000,13.02065000,2362.00,
15129,,,,,2019-07-23T15:08:26Z,46.76715000,13.02086667,2361.00,
15130,,,,,2019-07-23T15:08:27Z,46.76716667,13.02110000,2358.00,
15131,,,,,2019-07-23T15:08:28Z,46.76720000,13.02133333,2357.00,
15132,,,,,2019-07-23T15:08:29Z,46.76723333,13.02158333,2354.00,
15133,,,,,2019-07-23T15:08:30Z,46.76725000,13.02185000,2351.00,
15134,,,,,2019-07-23T15:08:31Z,46.76726667,13.02210000,2348.00,
15135,,,,,2019-07-23T15:08:32Z,46.76725000,13.02236667,2344.00,
15136,,,,,2019-07-23T15:08:33Z,46.76723333,13.02263333,2342.00,
15137,,,,,2019-07-23T15:08:34Z,46.76720000,13.02288333,2339.00,
15138,,,,,2019-07-23T15:08:35Z,46.76716667,13.02313333,2337.00,
15139,,,,,2019-07-23T15:08:36Z,46.76711667,13.02338333,2335.00,
15140,,,,,2019-07-23T15:08:37Z,46.76706667,13.02361667,2332.00,
15141,,,,,2019-07-23T15:08:38Z,46.76703333,13.02385000,2333.00,
15142,,,,,2019-07-23T15:08:39Z,46.76701667,13.02408333,2334.00,
15143,,,,,2019-07-23T15:08:40Z,46.76698333,13.02431667,2332.00,
15144,,,,,2019-07-23T15:08:41Z,46.76696667,13.02455000,2330.00,
15145,,,,,2019-07-23T15:08:42Z,46.76695000,13.02478333,2328.00,
15146,,,,,2019-07-23T15:08:43Z,46.76693333,13.02501667,2326.00,
15147,,,,,2019-07-23T15:08:44Z,46.76693333,13.02525000,2325.00,
15148,,,,,2019-07-23T15:08:45Z,46.76691667,13.02546667,2323.00,
15149,,,,,2019-07-23T15:08:46Z,46.76691667,13.02571667,2322.00,
15150,,,,,2019-07-23T15:08:47Z,46.76691667,13.02595000,2322.00,
15151,,,,,2019-07-23T15:08:48Z,46.76693333,13.02618333,2319.00,
15152,,,,,2019-07-23T15:08:49Z,46.76695000,13.02641667,2316.00,
15153,,,,,2019-07-23T15:08:50Z,46.76698333,13.02668333,2314.00,
15154,,,,,2019-07-23T15:08:51Z,46.76701667,13.02693333,2311.00,
15155,,,,,2019-07-23T15:08:52Z,46.76705000,13.02720000,2309.00,
15156,,,,,2019-07-23T15:08:53Z,46.76706667,13.02746667,2306.00,
15157,,,,,2019-07-23T15:08:54Z,46.76708333,13.02773333,2305.00,
15158,,,,,2019-07-23T15:08:55Z,46.76710000,13.02801667,2302.00,
15159,,,,,2019-07-23T15:08:56Z,46.76708333,13.02826667,2301.00,
15160,,,,,2019-07-23T15:08:57Z,46.76708333,13.02853333,2298.00,
15161,,,,,2019-07-23T15:08:58Z,46.76708333,13.02878333,2300.00,
15162,,,,,2019-07-23T15:08:59Z,46.76711667,13.02903333,2300.00,
15163,,,,,2019-07-23T15:09:00Z,46.76715000,13.02926667,2297.00,
15164,,,,,2019-07-23T15:09:01Z,46.76716667,13.02951667,2294.00,
15165,,,,,2019-07-23T15:09:02Z,46.76720000,13.02976667,2291.00,
15166,,,,,2019-07-23T15:09:03Z,46.76721667,13.03001667,2290.00,
15167,,,,,2019-07-23T15:09:04Z,46.76721667,13.03026667,2288.00,
15168,,,,,2019-07-23T15:09:05Z,46.76723333,13.03053333,2286.00,
15169,,,,,2019-07-23T15:09:06Z,46.76723333,13.03078333,2284.00,
15170,,,,,2019-07-23T15:09:07Z,46.76725000,13.03105000,2283.00,
15171,,,,,2019-07-23T15:09:08Z,46.76726667,13.03130000,2281.00,
15172,,,,,2019-07-23T15:09:09Z,46.76728333,13.03155000,2279.00,
15173,,,,,2019-07-23T15:09:10Z,46.76728333,13.03180000,2276.00,
15174,,,,,2019-07-23T15:09:11Z,46.76730000,13.03206667,2274.00,
15175,,,,,2019-07-23T15:09:12Z,46.76730000,13.03233333,2272.00,
15176,,,,,2019-07-23T15:09:13Z,46.76730000,13.03261667,2268.00,
15177,,,,,2019-07-23T15:09:14Z,46.76730000,13.03288333,2265.00,
15178,,,,,2019-07-23T15:09:15Z,46.76730000,13.03315000,2261.00,
15179,,,,,2019-07-23T15:09:16Z,46.76728333,13.03341667,2257.00,
15180,,,,,2019-07-23T15:09:17Z,46.76728333,13.03366667,2255.00,
15181,,,,,2019-07-23T15:09:18Z,46.76731667,13.03390000,2254.00,
15182,,,,,2019-07-23T15:09:19Z,46.76735000,13.03413333,2253.00,
15183,,,,,2019-07-23T15:09:20Z,46.76741667,13.03438333,2253.00,
15184,,,,,2019-07-23T15:09:21Z,46.76748333,13.03463333,2251.00,
15185,,,,,2019-07-23T15:09:22Z,46.76756667,13.03488333,2246.00,
15186,,,,,2019-07-23T15:09:23Z,46.76763333,13.03513333,2242.00,
15187,,,,,2019-07-23T15:09:24Z,46.76770000,13.03536667,2239.00,
15188,,,,,2019-07-23T15:09:25Z,46.76776667,13.03560000,2238.00,
15189,,,,,2019-07-23T15:09:26Z,46.76783333,13.03583333,2239.00,
15190,,,,,2019-07-23T15:09:27Z,46.76791667,13.03606667,2238.00,
15191,,,,,2019-07-23T15:09:28Z,46.76798333,13.03628333,2236.00,
15192,,,,,2019-07-23T15:09:29Z,46.76806667,13.03653333,2234.00,
15193,,,,,2019-07-23T15:09:30Z,46.76813333,13.03676667,2232.00,
15194,,,,,2019-07-23T15:09:31Z,46.76820000,13.03701667,2230.00,
15195,,,,,2019-07-23T15:09:32Z,46.76825000,13.03726667,2227.00,
15196,,,,,2019-07-23T15:09:33Z,46.76831667,13.03753333,2225.00,
15197,,,,,2019-07-23T15:09:34Z,46.76840000,13.03780000,2222.00,
15198,,,,,2019-07-23T15:09:35Z,46.76846667,13.03805000,2219.00,
15199,,,,,2019-07-23T15:09:36Z,46.76853333,13.03831667,2217.00,
15200,,,,,2019-07-23T15:09:37Z,46.76860000,13.03856667,2215.00,
15201,,,,,2019-07-23T15:09:38Z,46.76866667,13.03883333,2214.00,
15202,,,,,2019-07-23T15:09:39Z,46.76873333,13.03908333,2213.00,
15203,,,,,2019-07-23T15:09:40Z,46.76880000,13.03933333,2210.00,
15204,,,,,2019-07-23T15:09:41Z,46.76886667,13.03958333,2206.00,
15205,,,,,2019-07-23T15:09:42Z,46.76893333,13.03983333,2204.00,
15206,,,,,2019-07-23T15:09:43Z,46.76900000,13.04010000,2202.00,
15207,,,,,2019-07-23T15:09:44Z,46.76905000,13.04035000,2199.00,
15208,,,,,2019-07-23T15:09:45Z,46.76910000,13.04061667,2197.00,
15209,,,,,2019-07-23T15:09:46Z,46.76915000,13.04086667,2195.00,
15210,,,,,2019-07-23T15:09:47Z,46.76916667,13.04111667,2192.00,
15211,,,,,2019-07-23T15:09:48Z,46.76918333,13.04138333,2189.00,
15212,,,,,2019-07-23T15:09:49Z,46.76920000,13.04165000,2186.00,
15213,,,,,2019-07-23T15:09:50Z,46.76920000,13.04190000,2184.00,
15214,,,,,2019-07-23T15:09:51Z,46.76920000,13.04215000,2182.00,
15215,,,,,2019-07-23T15:09:52Z,46.76920000,13.04238333,2183.00,
15216,,,,,2019-07-23T15:09:53Z,46.76920000,13.04263333,2180.00,
15217,,,,,2019-07-23T15:09:54Z,46.76920000,13.04286667,2176.00,
15218,,,,,2019-07-23T15:09:55Z,46.76918333,13.04310000,2174.00,
15219,,,,,2019-07-23T15:09:56Z,46.76915000,13.04333333,2172.00,
15220,,,,,2019-07-23T15:09:57Z,46.76911667,13.04356667,2171.00,
15221,,,,,2019-07-23T15:09:58Z,46.76908333,13.04378333,2170.00,
15222,,,,,2019-07-23T15:09:59Z,46.76903333,13.04401667,2168.00,
15223,,,,,2019-07-23T15:10:00Z,46.76900000,13.04423333,2164.00,
15224,,,,,2019-07-23T15:10:01Z,46.76898333,13.04446667,2162.00,
15225,,,,,2019-07-23T15:10:02Z,46.76896667,13.04468333,2160.00,
15226,,,,,2019-07-23T15:10:03Z,46.76895000,13.04491667,2157.00,
15227,,,,,2019-07-23T15:10:04Z,46.76895000,13.04515000,2156.00,
15228,,,,,2019-07-23T15:10:05Z,46.76898333,13.04538333,2155.00,
15229,,,,,2019-07-23T15:10:06Z,46.76901667,13.04563333,2152.00,
15230,,,,,2019-07-23T15:10:07Z,46.76905000,13.04588333,2148.00,
15231,,,,,2019-07-23T15:10:08Z,46.76908333,13.04613333,2144.00,
15232,,,,,2019-07-23T15:10:09Z,46.76910000,13.04640000,2140.00,
15233,,,,,2019-07-23T15:10:10Z,46.76908333,13.04665000,2137.00,
15234,,,,,2019-07-23T15:10:11Z,46.76908333,13.04690000,2135.00,
15235,,,,,2019-07-23T15:10:12Z,46.76905000,13.04713333,2133.00,
15236,,,,,2019-07-23T15:10:13Z,46.76905000,13.04736667,2133.00,
15237,,,,,2019-07-23T15:10:14Z,46.76903333,13.04760000,2132.00,
15238,,,,,2019-07-23T15:10:15Z,46.76901667,13.04783333,2130.00,
15239,,,,,2019-07-23T15:10:16Z,46.76901667,13.04806667,2127.00,
15240,,,,,2019-07-23T15:10:17Z,46.76901667,13.04828333,2124.00,
15241,,,,,2019-07-23T15:10:18Z,46.76901667,13.04851667,2122.00,
15242,,,,,2019-07-23T15:10:19Z,46.76901667,13.04876667,2118.00,
15243,,,,,2019-07-23T15:10:20Z,46.76900000,13.04901667,2115.00,
15244,,,,,2019-07-23T15:10:21Z,46.76898333,13.04926667,2112.00,
15245,,,,,2019-07-23T15:10:22Z,46.76895000,13.04951667,2108.00,
15246,,,,,2019-07-23T15:10:23Z,46.76891667,13.04975000,2105.00,
15247,,,,,2019-07-23T15:10:24Z,46.76886667,13.04998333,2102.00,
15248,,,,,2019-07-23T15:10:25Z,46.76883333,13.05021667,2101.00,
15249,,,,,2019-07-23T15:10:26Z,46.76881667,13.05045000,2099.00,
15250,,,,,2019-07-23T15:10:27Z,46.76880000,13.05066667,2097.00,
15251,,,,,2019-07-23T15:10:28Z,46.76881667,13.05088333,2096.00,
15252,,,,,2019-07-23T15:10:29Z,46.76883333,13.05110000,2095.00,
15253,,,,,2019-07-23T15:10:30Z,46.76888333,13.05133333,2094.00,
15254,,,,,2019-07-23T15:10:31Z,46.76895000,13.05156667,2091.00,
15255,,,,,2019-07-23T15:10:32Z,46.76901667,13.05180000,2086.00,
15256,,,,,2019-07-23T15:10:33Z,46.76908333,13.05203333,2083.00,
15257,,,,,2019-07-23T15:10:34Z,46.76913333,13.05228333,2079.00,
15258,,,,,2019-07-23T15:10:35Z,46.76916667,13.05253333,2076.00,
15259,,,,,2019-07-23T15:10:36Z,46.76920000,13.05278333,2074.00,
15260,,,,,2019-07-23T15:10:37Z,46.76925000,13.05301667,2074.00,
15261,,,,,2019-07-23T15:10:38Z,46.76926667,13.05325000,2073.00,
15262,,,,,2019-07-23T15:10:39Z,46.76930000,13.05348333,2071.00,
15263,,,,,2019-07-23T15:10:40Z,46.76931667,13.05371667,2069.00,
15264,,,,,2019-07-23T15:10:41Z,46.76931667,13.05395000,2067.00,
15265,,,,,2019-07-23T15:10:42Z,46.76931667,13.05418333,2065.00,
15266,,,,,2019-07-23T15:10:43Z,46.76928333,13.05440000,2062.00,
15267,,,,,2019-07-23T15:10:44Z,46.76926667,13.05461667,2060.00,
15268,,,,,2019-07-23T15:10:45Z,46.76925000,13.05483333,2059.00,
15269,,,,,2019-07-23T15:10:46Z,46.76923333,13.05505000,2058.00,
15270,,,,,2019-07-23T15:10:47Z,46.76921667,13.05526667,2056.00,
15271,,,,,2019-07-23T15:10:48Z,46.76921667,13.05548333,2055.00,
15272,,,,,2019-07-23T15:10:49Z,46.76920000,13.05570000,2053.00,
15273,,,,,2019-07-23T15:10:50Z,46.76918333,13.05593333,2050.00,
15274,,,,,2019-07-23T15:10:51Z,46.76916667,13.05616667,2046.00,
15275,,,,,2019-07-23T15:10:52Z,46.76915000,13.05638333,2043.00,
15276,,,,,2019-07-23T15:10:53Z,46.76913333,13.05661667,2040.00,
15277,,,,,2019-07-23T15:10:54Z,46.76910000,13.05683333,2037.00,
15278,,,,,2019-07-23T15:10:55Z,46.76906667,13.05706667,2034.00,
15279,,,,,2019-07-23T15:10:56Z,46.76903333,13.05726667,2032.00,
15280,,,,,2019-07-23T15:10:57Z,46.76900000,13.05750000,2030.00,
15281,,,,,2019-07-23T15:10:58Z,46.76896667,13.05771667,2028.00,
15282,,,,,2019-07-23T15:10:59Z,46.76893333,13.05793333,2027.00,
15283,,,,,2019-07-23T15:11:00Z,46.76888333,13.05815000,2025.00,
15284,,,,,2019-07-23T15:11:01Z,46.76883333,13.05836667,2021.00,
15285,,,,,2019-07-23T15:11:02Z,46.76880000,13.05858333,2017.00,
15286,,,,,2019-07-23T15:11:03Z,46.76875000,13.05880000,2015.00,
15287,,,,,2019-07-23T15:11:04Z,46.76871667,13.05903333,2014.00,
15288,,,,,2019-07-23T15:11:05Z,46.76870000,13.05925000,2012.00,
15289,,,,,2019-07-23T15:11:06Z,46.76866667,13.05946667,2012.00,
15290,,,,,2019-07-23T15:11:07Z,46.76865000,13.05968333,2010.00,
15291,,,,,2019-07-23T15:11:08Z,46.76865000,13.05990000,2009.00,
15292,,,,,2019-07-23T15:11:09Z,46.76865000,13.06011667,2008.00,
15293,,,,,2019-07-23T15:11:10Z,46.76863333,13.06033333,2006.00,
15294,,,,,2019-07-23T15:11:11Z,46.76863333,13.06056667,2004.00,
15295,,,,,2019-07-23T15:11:12Z,46.76865000,13.06078333,2002.00,
15296,,,,,2019-07-23T15:11:13Z,46.76865000,13.06100000,2001.00,
15297,,,,,2019-07-23T15:11:14Z,46.76866667,13.06121667,1999.00,
15298,,,,,2019-07-23T15:11:15Z,46.76866667,13.06145000,1998.00,
15299,,,,,2019-07-23T15:11:16Z,46.76868333,13.06168333,1995.00,
15300,,,,,2019-07-23T15:11:17Z,46.76868333,13.06193333,1993.00,
15301,,,,,2019-07-23T15:11:18Z,46.76868333,13.06218333,1990.00,
15302,,,,,2019-07-23T15:11:19Z,46.76865000,13.06241667,1987.00,
15303,,,,,2019-07-23T15:11:20Z,46.76863333,13.06265000,1984.00,
15304,,,,,2019-07-23T15:11:21Z,46.76860000,13.06288333,1982.00,
15305,,,,,2019-07-23T15:11:22Z,46.76858333,13.06311667,1982.00,
15306,,,,,2019-07-23T15:11:23Z,46.76856667,13.06335000,1981.00,
15307,,,,,2019-07-23T15:11:24Z,46.76855000,13.06358333,1980.00,
15308,,,,,2019-07-23T15:11:25Z,46.76853333,13.06380000,1976.00,
15309,,,,,2019-07-23T15:11:26Z,46.76851667,13.06405000,1978.00,
15310,,,,,2019-07-23T15:11:27Z,46.76848333,13.06428333,1977.00,
15311,,,,,2019-07-23T15:11:28Z,46.76846667,13.06451667,1975.00,
15312,,,,,2019-07-23T15:11:29Z,46.76846667,13.06476667,1972.00,
15313,,,,,2019-07-23T15:11:30Z,46.76846667,13.06501667,1971.00,
15314,,,,,2019-07-23T15:11:31Z,46.76848333,13.06528333,1969.00,
15315,,,,,2019-07-23T15:11:32Z,46.76850000,13.06555000,1966.00,
15316,,,,,2019-07-23T15:11:33Z,46.76850000,13.06580000,1963.00,
15317,,,,,2019-07-23T15:11:34Z,46.76850000,13.06606667,1962.00,
15318,,,,,2019-07-23T15:11:35Z,46.76848333,13.06631667,1960.00,
15319,,,,,2019-07-23T15:11:36Z,46.76846667,13.06658333,1957.00,
15320,,,,,2019-07-23T15:11:37Z,46.76845000,13.06683333,1956.00,
15321,,,,,2019-07-23T15:11:38Z,46.76843333,13.06710000,1956.00,
15322,,,,,2019-07-23T15:11:39Z,46.76843333,13.06735000,1956.00,
15323,,,,,2019-07-23T15:11:40Z,46.76845000,13.06760000,1956.00,
15324,,,,,2019-07-23T15:11:41Z,46.76846667,13.06785000,1955.00,
15325,,,,,2019-07-23T15:11:42Z,46.76846667,13.06810000,1955.00,
15326,,,,,2019-07-23T15:11:43Z,46.76848333,13.06836667,1956.00,
15327,,,,,2019-07-23T15:11:44Z,46.76850000,13.06863333,1956.00,
15328,,,,,2019-07-23T15:11:45Z,46.76851667,13.06891667,1954.00,
15329,,,,,2019-07-23T15:11:46Z,46.76850000,13.06918333,1952.00,
15330,,,,,2019-07-23T15:11:47Z,46.76848333,13.06945000,1952.00,
15331,,,,,2019-07-23T15:11:48Z,46.76845000,13.06968333,1953.00,
15332,,,,,2019-07-23T15:11:49Z,46.76841667,13.06991667,1954.00,
15333,,,,,2019-07-23T15:11:50Z,46.76836667,13.07013333,1955.00,
15334,,,,,2019-07-23T15:11:51Z,46.76833333,13.07035000,1956.00,
15335,,,,,2019-07-23T15:11:52Z,46.76828333,13.07058333,1957.00,
15336,,,,,2019-07-23T15:11:53Z,46.76823333,13.07081667,1958.00,
15337,,,,,2019-07-23T15:11:54Z,46.76816667,13.07105000,1957.00,
15338,,,,,2019-07-23T15:11:55Z,46.76810000,13.07128333,1956.00,
15339,,,,,2019-07-23T15:11:56Z,46.76803333,13.07153333,1955.00,
15340,,,,,2019-07-23T15:11:57Z,46.76795000,13.07176667,1954.00,
15341,,,,,2019-07-23T15:11:58Z,46.76788333,13.07200000,1952.00,
15342,,,,,2019-07-23T15:11:59Z,46.76781667,13.07223333,1950.00,
15343,,,,,2019-07-23T15:12:00Z,46.76775000,13.07246667,1948.00,
15344,,,,,2019-07-23T15:12:01Z,46.76768333,13.07270000,1947.00,
15345,,,,,2019-07-23T15:12:02Z,46.76763333,13.07291667,1946.00,
15346,,,,,2019-07-23T15:12:03Z,46.76756667,13.07315000,1946.00,
15347,,,,,2019-07-23T15:12:04Z,46.76751667,13.07336667,1943.00,
15348,,,,,2019-07-23T15:12:05Z,46.76746667,13.07361667,1944.00,
15349,,,,,2019-07-23T15:12:06Z,46.76741667,13.07385000,1942.00,
15350,,,,,2019-07-23T15:12:07Z,46.76738333,13.07410000,1940.00,
15351,,,,,2019-07-23T15:12:08Z,46.76733333,13.07435000,1937.00,
15352,,,,,2019-07-23T15:12:09Z,46.76728333,13.07458333,1934.00,
15353,,,,,2019-07-23T15:12:10Z,46.76723333,13.07483333,1931.00,
15354,,,,,2019-07-23T15:12:11Z,46.76718333,13.07508333,1928.00,
15355,,,,,2019-07-23T15:12:12Z,46.76713333,13.07531667,1926.00,
15356,,,,,2019-07-23T15:12:13Z,46.76708333,13.07556667,1924.00,
15357,,,,,2019-07-23T15:12:14Z,46.76705000,13.07583333,1923.00,
15358,,,,,2019-07-23T15:12:15Z,46.76701667,13.07608333,1920.00,
15359,,,,,2019-07-23T15:12:16Z,46.76698333,13.07633333,1919.00,
15360,,,,,2019-07-23T15:12:17Z,46.76696667,13.07658333,1916.00,
15361,,,,,2019-07-23T15:12:18Z,46.76693333,13.07683333,1915.00,
15362,,,,,2019-07-23T15:12:19Z,46.76693333,13.07710000,1914.00,
15363,,,,,2019-07-23T15:12:20Z,46.76691667,13.07735000,1914.00,
15364,,,,,2019-07-23T15:12:21Z,46.76691667,13.07761667,1913.00,
15365,,,,,2019-07-23T15:12:22Z,46.76690000,13.07786667,1912.00,
15366,,,,,2019-07-23T15:12:23Z,46.76686667,13.07813333,1911.00,
15367,,,,,2019-07-23T15:12:24Z,46.76683333,13.07838333,1910.00,
15368,,,,,2019-07-23T15:12:25Z,46.76678333,13.07861667,1909.00,
15369,,,,,2019-07-23T15:12:26Z,46.76673333,13.07885000,1909.00,
15370,,,,,2019-07-23T15:12:27Z,46.76668333,13.07906667,1907.00,
15371,,,,,2019-07-23T15:12:28Z,46.76663333,13.07928333,1905.00,
15372,,,,,2019-07-23T15:12:29Z,46.76660000,13.07948333,1904.00,
15373,,,,,2019-07-23T15:12:30Z,46.76655000,13.07970000,1903.00,
15374,,,,,2019-07-23T15:12:31Z,46.76651667,13.07991667,1901.00,
15375,,,,,2019-07-23T15:12:32Z,46.76646667,13.08013333,1899.00,
15376,,,,,2019-07-23T15:12:33Z,46.76641667,13.08035000,1895.00,
15377,,,,,2019-07-23T15:12:34Z,46.76638333,13.08056667,1890.00,
15378,,,,,2019-07-23T15:12:35Z,46.76633333,13.08080000,1886.00,
15379,,,,,2019-07-23T15:12:36Z,46.76626667,13.08101667,1882.00,
15380,,,,,2019-07-23T15:12:37Z,46.76620000,13.08121667,1879.00,
15381,,,,,2019-07-23T15:12:38Z,46.76615000,13.08143333,1876.00,
15382,,,,,2019-07-23T15:12:39Z,46.76610000,13.08163333,1874.00,
15383,,,,,2019-07-23T15:12:40Z,46.76606667,13.08183333,1873.00,
15384,,,,,2019-07-23T15:12:41Z,46.76605000,13.08203333,1872.00,
15385,,,,,2019-07-23T15:12:42Z,46.76605000,13.08223333,1873.00,
15386,,,,,2019-07-23T15:12:43Z,46.76606667,13.08245000,1870.00,
15387,,,,,2019-07-23T15:12:44Z,46.76608333,13.08266667,1868.00,
15388,,,,,2019-07-23T15:12:45Z,46.76611667,13.08288333,1865.00,
15389,,,,,2019-07-23T15:12:46Z,46.76615000,13.08311667,1862.00,
15390,,,,,2019-07-23T15:12:47Z,46.76616667,13.08336667,1859.00,
15391,,,,,2019-07-23T15:12:48Z,46.76616667,13.08361667,1857.00,
15392,,,,,2019-07-23T15:12:49Z,46.76615000,13.08386667,1855.00,
15393,,,,,2019-07-23T15:12:50Z,46.76611667,13.08410000,1852.00,
15394,,,,,2019-07-23T15:12:51Z,46.76610000,13.08435000,1852.00,
15395,,,,,2019-07-23T15:12:52Z,46.76606667,13.08458333,1853.00,
15396,,,,,2019-07-23T15:12:53Z,46.76601667,13.08481667,1852.00,
15397,,,,,2019-07-23T15:12:54Z,46.76598333,13.08503333,1852.00,
15398,,,,,2019-07-23T15:12:55Z,46.76595000,13.08526667,1854.00,
15399,,,,,2019-07-23T15:12:56Z,46.76591667,13.08548333,1855.00,
15400,,,,,2019-07-23T15:12:57Z,46.76588333,13.08570000,1856.00,
15401,,,,,2019-07-23T15:12:58Z,46.76585000,13.08591667,1858.00,
15402,,,,,2019-07-23T15:12:59Z,46.76581667,13.08611667,1859.00,
15403,,,,,2019-07-23T15:13:00Z,46.76580000,13.08631667,1859.00,
15404,,,,,2019-07-23T15:13:01Z,46.76580000,13.08653333,1862.00,
15405,,,,,2019-07-23T15:13:02Z,46.76581667,13.08675000,1862.00,
15406,,,,,2019-07-23T15:13:03Z,46.76585000,13.08698333,1861.00,
15407,,,,,2019-07-23T15:13:04Z,46.76588333,13.08723333,1861.00,
15408,,,,,2019-07-23T15:13:05Z,46.76588333,13.08746667,1859.00,
15409,,,,,2019-07-23T15:13:06Z,46.76586667,13.08770000,1857.00,
15410,,,,,2019-07-23T15:13:07Z,46.76583333,13.08795000,1854.00,
15411,,,,,2019-07-23T15:13:08Z,46.76578333,13.08816667,1854.00,
15412,,,,,2019-07-23T15:13:09Z,46.76575000,13.08836667,1855.00,
15413,,,,,2019-07-23T15:13:10Z,46.76570000,13.08853333,1855.00,
15414,,,,,2019-07-23T15:13:11Z,46.76565000,13.08871667,1857.00,
15415,,,,,2019-07-23T15:13:12Z,46.76563333,13.08890000,1859.00,
15416,,,,,2019-07-23T15:13:13Z,46.76561667,13.08910000,1861.00,
15417,,,,,2019-07-23T15:13:14Z,46.76561667,13.08931667,1862.00,
15418,,,,,2019-07-23T15:13:15Z,46.76560000,13.08953333,1862.00,
15419,,,,,2019-07-23T15:13:16Z,46.76560000,13.08976667,1861.00,
15420,,,,,2019-07-23T15:13:17Z,46.76560000,13.09000000,1860.00,
15421,,,,,2019-07-23T15:13:18Z,46.76563333,13.09023333,1861.00,
15422,,,,,2019-07-23T15:13:19Z,46.76568333,13.09046667,1863.00,
15423,,,,,2019-07-23T15:13:20Z,46.76573333,13.09071667,1863.00,
15424,,,,,2019-07-23T15:13:21Z,46.76580000,13.09095000,1862.00,
15425,,,,,2019-07-23T15:13:22Z,46.76585000,13.09121667,1860.00,
15426,,,,,2019-07-23T15:13:23Z,46.76590000,13.09148333,1857.00,
15427,,,,,2019-07-23T15:13:24Z,46.76593333,13.09175000,1855.00,
15428,,,,,2019-07-23T15:13:25Z,46.76596667,13.09201667,1853.00,
15429,,,,,2019-07-23T15:13:26Z,46.76600000,13.09228333,1853.00,
15430,,,,,2019-07-23T15:13:27Z,46.76601667,13.09255000,1851.00,
15431,,,,,2019-07-23T15:13:28Z,46.76603333,13.09281667,1850.00,
15432,,,,,2019-07-23T15:13:29Z,46.76603333,13.09306667,1850.00,
15433,,,,,2019-07-23T15:13:30Z,46.76603333,13.09331667,1850.00,
15434,,,,,2019-07-23T15:13:31Z,46.76601667,13.09355000,1850.00,
15435,,,,,2019-07-23T15:13:32Z,46.76600000,13.09378333,1852.00,
15436,,,,,2019-07-23T15:13:33Z,46.76598333,13.09401667,1851.00,
15437,,,,,2019-07-23T15:13:34Z,46.76595000,13.09426667,1852.00,
15438,,,,,2019-07-23T15:13:35Z,46.76591667,13.09450000,1850.00,
15439,,,,,2019-07-23T15:13:36Z,46.76588333,13.09473333,1849.00,
15440,,,,,2019-07-23T15:13:37Z,46.76583333,13.09495000,1846.00,
15441,,,,,2019-07-23T15:13:38Z,46.76578333,13.09516667,1846.00,
15442,,,,,2019-07-23T15:13:39Z,46.76571667,13.09538333,1845.00,
15443,,,,,2019-07-23T15:13:40Z,46.76565000,13.09560000,1844.00,
15444,,,,,2019-07-23T15:13:41Z,46.76558333,13.09581667,1842.00,
15445,,,,,2019-07-23T15:13:42Z,46.76553333,13.09601667,1841.00,
15446,,,,,2019-07-23T15:13:43Z,46.76550000,13.09623333,1840.00,
15447,,,,,2019-07-23T15:13:44Z,46.76548333,13.09646667,1838.00,
15448,,,,,2019-07-23T15:13:45Z,46.76546667,13.09671667,1835.00,
15449,,,,,2019-07-23T15:13:46Z,46.76543333,13.09696667,1832.00,
15450,,,,,2019-07-23T15:13:47Z,46.76541667,13.09721667,1828.00,
15451,,,,,2019-07-23T15:13:48Z,46.76538333,13.09746667,1826.00,
15452,,,,,2019-07-23T15:13:49Z,46.76536667,13.09773333,1822.00,
15453,,,,,2019-07-23T15:13:50Z,46.76535000,13.09798333,1819.00,
15454,,,,,2019-07-23T15:13:51Z,46.76531667,13.09823333,1816.00,
15455,,,,,2019-07-23T15:13:52Z,46.76530000,13.09846667,1813.00,
15456,,,,,2019-07-23T15:13:53Z,46.76528333,13.09870000,1812.00,
15457,,,,,2019-07-23T15:13:54Z,46.76526667,13.09895000,1810.00,
15458,,,,,2019-07-23T15:13:55Z,46.76525000,13.09918333,1809.00,
15459,,,,,2019-07-23T15:13:56Z,46.76523333,13.09941667,1806.00,
15460,,,,,2019-07-23T15:13:57Z,46.76521667,13.09965000,1804.00,
15461,,,,,2019-07-23T15:13:58Z,46.76520000,13.09986667,1800.00,
15462,,,,,2019-07-23T15:13:59Z,46.76516667,13.10010000,1797.00,
15463,,,,,2019-07-23T15:14:00Z,46.76513333,13.10033333,1793.00,
15464,,,,,2019-07-23T15:14:01Z,46.76510000,13.10056667,1789.00,
15465,,,,,2019-07-23T15:14:02Z,46.76508333,13.10078333,1787.00,
15466,,,,,2019-07-23T15:14:03Z,46.76506667,13.10101667,1786.00,
15467,,,,,2019-07-23T15:14:04Z,46.76505000,13.10125000,1783.00,
15468,,,,,2019-07-23T15:14:05Z,46.76503333,13.10148333,1779.00,
15469,,,,,2019-07-23T15:14:06Z,46.76503333,13.10171667,1775.00,
15470,,,,,2019-07-23T15:14:07Z,46.76501667,13.10195000,1772.00,
15471,,,,,2019-07-23T15:14:08Z,46.76501667,13.10218333,1768.00,
15472,,,,,2019-07-23T15:14:09Z,46.76500000,13.10243333,1765.00,
15473,,,,,2019-07-23T15:14:10Z,46.76498333,13.10266667,1761.00,
15474,,,,,2019-07-23T15:14:11Z,46.76495000,13.10288333,1756.00,
15475,,,,,2019-07-23T15:14:12Z,46.76491667,13.10311667,1757.00,
15476,,,,,2019-07-23T15:14:13Z,46.76490000,13.10333333,1755.00,
15477,,,,,2019-07-23T15:14:14Z,46.76486667,13.10355000,1752.00,
15478,,,,,2019-07-23T15:14:15Z,46.76485000,13.10376667,1748.00,
15479,,,,,2019-07-23T15:14:16Z,46.76485000,13.10398333,1746.00,
15480,,,,,2019-07-23T15:14:17Z,46.76485000,13.10421667,1744.00,
15481,,,,,2019-07-23T15:14:18Z,46.76486667,13.10445000,1740.00,
15482,,,,,2019-07-23T15:14:19Z,46.76488333,13.10468333,1738.00,
15483,,,,,2019-07-23T15:14:20Z,46.76488333,13.10491667,1734.00,
15484,,,,,2019-07-23T15:14:21Z,46.76490000,13.10516667,1730.00,
15485,,,,,2019-07-23T15:14:22Z,46.76491667,13.10540000,1727.00,
15486,,,,,2019-07-23T15:14:23Z,46.76491667,13.10565000,1725.00,
15487,,,,,2019-07-23T15:14:24Z,46.76493333,13.10588333,1723.00,
15488,,,,,2019-07-23T15:14:25Z,46.76495000,13.10613333,1721.00,
15489,,,,,2019-07-23T15:14:26Z,46.76495000,13.10636667,1720.00,
15490,,,,,2019-07-23T15:14:27Z,46.76496667,13.10660000,1718.00,
15491,,,,,2019-07-23T15:14:28Z,46.76495000,13.10683333,1715.00,
15492,,,,,2019-07-23T15:14:29Z,46.76495000,13.10706667,1712.00,
15493,,,,,2019-07-23T15:14:30Z,46.76493333,13.10728333,1710.00,
15494,,,,,2019-07-23T15:14:31Z,46.76493333,13.10751667,1709.00,
15495,,,,,2019-07-23T15:14:32Z,46.76493333,13.10773333,1708.00,
15496,,,,,2019-07-23T15:14:33Z,46.76495000,13.10795000,1707.00,
15497,,,,,2019-07-23T15:14:34Z,46.76498333,13.10818333,1708.00,
15498,,,,,2019-07-23T15:14:35Z,46.76501667,13.10841667,1706.00,
15499,,,,,2019-07-23T15:14:36Z,46.76505000,13.10866667,1702.00,
15500,,,,,2019-07-23T15:14:37Z,46.76505000,13.10890000,1698.00,
15501,,,,,2019-07-23T15:14:38Z,46.76505000,13.10915000,1694.00,
15502,,,,,2019-07-23T15:14:39Z,46.76501667,13.10940000,1690.00,
15503,,,,,2019-07-23T15:14:40Z,46.76500000,13.10963333,1688.00,
15504,,,,,2019-07-23T15:14:41Z,46.76500000,13.10988333,1688.00,
15505,,,,,2019-07-23T15:14:42Z,46.76501667,13.11013333,1684.00,
15506,,,,,2019-07-23T15:14:43Z,46.76503333,13.11036667,1682.00,
15507,,,,,2019-07-23T15:14:44Z,46.76506667,13.11060000,1680.00,
15508,,,,,2019-07-23T15:14:45Z,46.76510000,13.11083333,1676.00,
15509,,,,,2019-07-23T15:14:46Z,46.76513333,13.11106667,1674.00,
15510,,,,,2019-07-23T15:14:47Z,46.76515000,13.11130000,1673.00,
15511,,,,,2019-07-23T15:14:48Z,46.76516667,13.11155000,1669.00,
15512,,,,,2019-07-23T15:14:49Z,46.76518333,13.11178333,1665.00,
15513,,,,,2019-07-23T15:14:50Z,46.76520000,13.11201667,1662.00,
15514,,,,,2019-07-23T15:14:51Z,46.76523333,13.11225000,1661.00,
15515,,,,,2019-07-23T15:14:52Z,46.76525000,13.11246667,1663.00,
15516,,,,,2019-07-23T15:14:53Z,46.76528333,13.11268333,1662.00,
15517,,,,,2019-07-23T15:14:54Z,46.76528333,13.11290000,1661.00,
15518,,,,,2019-07-23T15:14:55Z,46.76530000,13.11311667,1660.00,
15519,,,,,2019-07-23T15:14:56Z,46.76528333,13.11335000,1658.00,
15520,,,,,2019-07-23T15:14:57Z,46.76525000,13.11356667,1656.00,
15521,,,,,2019-07-23T15:14:58Z,46.76521667,13.11378333,1654.00,
15522,,,,,2019-07-23T15:14:59Z,46.76518333,13.11401667,1652.00,
15523,,,,,2019-07-23T15:15:00Z,46.76513333,13.11423333,1651.00,
15524,,,,,2019-07-23T15:15:01Z,46.76511667,13.11445000,1651.00,
15525,,,,,2019-07-23T15:15:02Z,46.76508333,13.11465000,1650.00,
15526,,,,,2019-07-23T15:15:03Z,46.76506667,13.11486667,1648.00,
15527,,,,,2019-07-23T15:15:04Z,46.76505000,13.11506667,1648.00,
15528,,,,,2019-07-23T15:15:05Z,46.76505000,13.11528333,1649.00,
15529,,,,,2019-07-23T15:15:06Z,46.76505000,13.11551667,1648.00,
15530,,,,,2019-07-23T15:15:07Z,46.76506667,13.11576667,1646.00,
15531,,,,,2019-07-23T15:15:08Z,46.76506667,13.11601667,1643.00,
15532,,,,,2019-07-23T15:15:09Z,46.76506667,13.11625000,1641.00,
15533,,,,,2019-07-23T15:15:10Z,46.76505000,13.11648333,1640.00,
15534,,,,,2019-07-23T15:15:11Z,46.76501667,13.11670000,1639.00,
15535,,,,,2019-07-23T15:15:12Z,46.76498333,13.11690000,1639.00,
15536,,,,,2019-07-23T15:15:13Z,46.76495000,13.11710000,1638.00,
15537,,,,,2019-07-23T15:15:14Z,46.76490000,13.11731667,1638.00,
15538,,,,,2019-07-23T15:15:15Z,46.76483333,13.11751667,1636.00,
15539,,,,,2019-07-23T15:15:16Z,46.76478333,13.11773333,1632.00,
15540,,,,,2019-07-23T15:15:17Z,46.76473333,13.11795000,1629.00,
15541,,,,,2019-07-23T15:15:18Z,46.76470000,13.11816667,1626.00,
15542,,,,,2019-07-23T15:15:19Z,46.76465000,13.11840000,1623.00,
15543,,,,,2019-07-23T15:15:20Z,46.76461667,13.11861667,1620.00,
15544,,,,,2019-07-23T15:15:21Z,46.76458333,13.11885000,1617.00,
15545,,,,,2019-07-23T15:15:22Z,46.76456667,13.11908333,1615.00,
15546,,,,,2019-07-23T15:15:23Z,46.76453333,13.11931667,1612.00,
15547,,,,,2019-07-23T15:15:24Z,46.76450000,13.11955000,1610.00,
15548,,,,,2019-07-23T15:15:25Z,46.76446667,13.11976667,1609.00,
15549,,,,,2019-07-23T15:15:26Z,46.76445000,13.11998333,1607.00,
15550,,,,,2019-07-23T15:15:27Z,46.76445000,13.12021667,1604.00,
15551,,,,,2019-07-23T15:15:28Z,46.76443333,13.12043333,1601.00,
15552,,,,,2019-07-23T15:15:29Z,46.76441667,13.12066667,1598.00,
15553,,,,,2019-07-23T15:15:30Z,46.76441667,13.12088333,1597.00,
15554,,,,,2019-07-23T15:15:31Z,46.76438333,13.12111667,1596.00,
15555,,,,,2019-07-23T15:15:32Z,46.76436667,13.12135000,1595.00,
15556,,,,,2019-07-23T15:15:33Z,46.76431667,13.12160000,1593.00,
15557,,,,,2019-07-23T15:15:34Z,46.76428333,13.12183333,1591.00,
15558,,,,,2019-07-23T15:15:35Z,46.76421667,13.12205000,1589.00,
15559,,,,,2019-07-23T15:15:36Z,46.76415000,13.12226667,1586.00,
15560,,,,,2019-07-23T15:15:37Z,46.76406667,13.12248333,1583.00,
15561,,,,,2019-07-23T15:15:38Z,46.76400000,13.12268333,1583.00,
15562,,,,,2019-07-23T15:15:39Z,46.76393333,13.12290000,1582.00,
15563,,,,,2019-07-23T15:15:40Z,46.76386667,13.12310000,1579.00,
15564,,,,,2019-07-23T15:15:41Z,46.76380000,13.12330000,1575.00,
15565,,,,,2019-07-23T15:15:42Z,46.76371667,13.12350000,1574.00,
15566,,,,,2019-07-23T15:15:43Z,46.76363333,13.12370000,1572.00,
15567,,,,,2019-07-23T15:15:44Z,46.76356667,13.12388333,1571.00,
15568,,,,,2019-07-23T15:15:45Z,46.76348333,13.12408333,1571.00,
15569,,,,,2019-07-23T15:15:46Z,46.76340000,13.12428333,1569.00,
15570,,,,,2019-07-23T15:15:47Z,46.76331667,13.12446667,1567.00,
15571,,,,,2019-07-23T15:15:48Z,46.76323333,13.12466667,1565.00,
15572,,,,,2019-07-23T15:15:49Z,46.76315000,13.12485000,1563.00,
15573,,,,,2019-07-23T15:15:50Z,46.76305000,13.12505000,1561.00,
15574,,,,,2019-07-23T15:15:51Z,46.76295000,13.12523333,1560.00,
15575,,,,,2019-07-23T15:15:52Z,46.76285000,13.12543333,1559.00,
15576,,,,,2019-07-23T15:15:53Z,46.76276667,13.12561667,1560.00,
15577,,,,,2019-07-23T15:15:54Z,46.76270000,13.12581667,1562.00,
15578,,,,,2019-07-23T15:15:55Z,46.76261667,13.12600000,1560.00,
15579,,,,,2019-07-23T15:15:56Z,46.76255000,13.12620000,1559.00,
15580,,,,,2019-07-23T15:15:57Z,46.76248333,13.12640000,1559.00,
15581,,,,,2019-07-23T15:15:58Z,46.76240000,13.12660000,1556.00,
15582,,,,,2019-07-23T15:15:59Z,46.76231667,13.12680000,1552.00,
15583,,,,,2019-07-23T15:16:00Z,46.76225000,13.12701667,1548.00,
15584,,,,,2019-07-23T15:16:01Z,46.76216667,13.12723333,1545.00,
15585,,,,,2019-07-23T15:16:02Z,46.76210000,13.12745000,1544.00,
15586,,,,,2019-07-23T15:16:03Z,46.76203333,13.12766667,1542.00,
15587,,,,,2019-07-23T15:16:04Z,46.76196667,13.12786667,1541.00,
15588,,,,,2019-07-23T15:16:05Z,46.76191667,13.12808333,1539.00,
15589,,,,,2019-07-23T15:16:06Z,46.76185000,13.12828333,1539.00,
15590,,,,,2019-07-23T15:16:07Z,46.76180000,13.12850000,1538.00,
15591,,,,,2019-07-23T15:16:08Z,46.76175000,13.12871667,1538.00,
15592,,,,,2019-07-23T15:16:09Z,46.76171667,13.12893333,1536.00,
15593,,,,,2019-07-23T15:16:10Z,46.76168333,13.12915000,1534.00,
15594,,,,,2019-07-23T15:16:11Z,46.76163333,13.12938333,1531.00,
15595,,,,,2019-07-23T15:16:12Z,46.76158333,13.12960000,1529.00,
15596,,,,,2019-07-23T15:16:13Z,46.76153333,13.12983333,1525.00,
15597,,,,,2019-07-23T15:16:14Z,46.76148333,13.13005000,1523.00,
15598,,,,,2019-07-23T15:16:15Z,46.76143333,13.13026667,1522.00,
15599,,,,,2019-07-23T15:16:16Z,46.76138333,13.13048333,1521.00,
15600,,,,,2019-07-23T15:16:17Z,46.76133333,13.13068333,1519.00,
15601,,,,,2019-07-23T15:16:18Z,46.76126667,13.13090000,1518.00,
15602,,,,,2019-07-23T15:16:19Z,46.76120000,13.13110000,1517.00,
15603,,,,,2019-07-23T15:16:20Z,46.76113333,13.13130000,1515.00,
15604,,,,,2019-07-23T15:16:21Z,46.76108333,13.13150000,1514.00,
15605,,,,,2019-07-23T15:16:22Z,46.76103333,13.13170000,1513.00,
15606,,,,,2019-07-23T15:16:23Z,46.76098333,13.13190000,1512.00,
15607,,,,,2019-07-23T15:16:24Z,46.76095000,13.13210000,1509.00,
15608,,,,,2019-07-23T15:16:25Z,46.76091667,13.13231667,1507.00,
15609,,,,,2019-07-23T15:16:26Z,46.76088333,13.13251667,1504.00,
15610,,,,,2019-07-23T15:16:27Z,46.76083333,13.13273333,1501.00,
15611,,,,,2019-07-23T15:16:28Z,46.76081667,13.13293333,1499.00,
15612,,,,,2019-07-23T15:16:29Z,46.76078333,13.13315000,1497.00,
15613,,,,,2019-07-23T15:16:30Z,46.76075000,13.13335000,1494.00,
15614,,,,,2019-07-23T15:16:31Z,46.76071667,13.13356667,1493.00,
15615,,,,,2019-07-23T15:16:32Z,46.76066667,13.13378333,1492.00,
15616,,,,,2019-07-23T15:16:33Z,46.76063333,13.13401667,1489.00,
15617,,,,,2019-07-23T15:16:34Z,46.76060000,13.13425000,1486.00,
15618,,,,,2019-07-23T15:16:35Z,46.76055000,13.13448333,1483.00,
15619,,,,,2019-07-23T15:16:36Z,46.76051667,13.13470000,1482.00,
15620,,,,,2019-07-23T15:16:37Z,46.76046667,13.13490000,1482.00,
15621,,,,,2019-07-23T15:16:38Z,46.76043333,13.13511667,1482.00,
15622,,,,,2019-07-23T15:16:39Z,46.76040000,13.13533333,1481.00,
15623,,,,,2019-07-23T15:16:40Z,46.76036667,13.13555000,1480.00,
15624,,,,,2019-07-23T15:16:41Z,46.76033333,13.13576667,1480.00,
15625,,,,,2019-07-23T15:16:42Z,46.76030000,13.13596667,1480.00,
15626,,,,,2019-07-23T15:16:43Z,46.76025000,13.13615000,1479.00,
15627,,,,,2019-07-23T15:16:44Z,46.76023333,13.13635000,1479.00,
15628,,,,,2019-07-23T15:16:45Z,46.76020000,13.13653333,1479.00,
15629,,,,,2019-07-23T15:16:46Z,46.76016667,13.13673333,1478.00,
15630,,,,,2019-07-23T15:16:47Z,46.76015000,13.13695000,1475.00,
15631,,,,,2019-07-23T15:16:48Z,46.76013333,13.13715000,1473.00,
15632,,,,,2019-07-23T15:16:49Z,46.76011667,13.13738333,1470.00,
15633,,,,,2019-07-23T15:16:50Z,46.76011667,13.13760000,1467.00,
15634,,,,,2019-07-23T15:16:51Z,46.76010000,13.13783333,1465.00,
15635,,,,,2019-07-23T15:16:52Z,46.76010000,13.13805000,1466.00,
15636,,,,,2019-07-23T15:16:53Z,46.76008333,13.13826667,1464.00,
15637,,,,,2019-07-23T15:16:54Z,46.76008333,13.13848333,1462.00,
15638,,,,,2019-07-23T15:16:55Z,46.76008333,13.13870000,1461.00,
15639,,,,,2019-07-23T15:16:56Z,46.76008333,13.13891667,1460.00,
15640,,,,,2019-07-23T15:16:57Z,46.76010000,13.13913333,1459.00,
15641,,,,,2019-07-23T15:16:58Z,46.76010000,13.13935000,1457.00,
15642,,,,,2019-07-23T15:16:59Z,46.76010000,13.13958333,1456.00,
15643,,,,,2019-07-23T15:17:00Z,46.76008333,13.13980000,1454.00,
15644,,,,,2019-07-23T15:17:01Z,46.76006667,13.14001667,1452.00,
15645,,,,,2019-07-23T15:17:02Z,46.76005000,13.14025000,1451.00,
15646,,,,,2019-07-23T15:17:03Z,46.76005000,13.14046667,1449.00,
15647,,,,,2019-07-23T15:17:04Z,46.76005000,13.14066667,1448.00,
15648,,,,,2019-07-23T15:17:05Z,46.76006667,13.14088333,1447.00,
15649,,,,,2019-07-23T15:17:06Z,46.76006667,13.14110000,1445.00,
15650,,,,,2019-07-23T15:17:07Z,46.76006667,13.14131667,1444.00,
15651,,,,,2019-07-23T15:17:08Z,46.76005000,13.14153333,1443.00,
15652,,,,,2019-07-23T15:17:09Z,46.76003333,13.14176667,1441.00,
15653,,,,,2019-07-23T15:17:10Z,46.76001667,13.14198333,1440.00,
15654,,,,,2019-07-23T15:17:11Z,46.76000000,13.14221667,1438.00,
15655,,,,,2019-07-23T15:17:12Z,46.75996667,13.14243333,1437.00,
15656,,,,,2019-07-23T15:17:13Z,46.75993333,13.14266667,1434.00,
15657,,,,,2019-07-23T15:17:14Z,46.75990000,13.14286667,1432.00,
15658,,,,,2019-07-23T15:17:15Z,46.75986667,13.14308333,1430.00,
15659,,,,,2019-07-23T15:17:16Z,46.75985000,13.14330000,1429.00,
15660,,,,,2019-07-23T15:17:17Z,46.75985000,13.14353333,1431.00,
15661,,,,,2019-07-23T15:17:18Z,46.75986667,13.14375000,1429.00,
15662,,,,,2019-07-23T15:17:19Z,46.75986667,13.14398333,1427.00,
15663,,,,,2019-07-23T15:17:20Z,46.75986667,13.14421667,1424.00,
15664,,,,,2019-07-23T15:17:21Z,46.75986667,13.14445000,1423.00,
15665,,,,,2019-07-23T15:17:22Z,46.75985000,13.14468333,1423.00,
15666,,,,,2019-07-23T15:17:23Z,46.75986667,13.14491667,1423.00,
15667,,,,,2019-07-23T15:17:24Z,46.75986667,13.14513333,1422.00,
15668,,,,,2019-07-23T15:17:25Z,46.75985000,13.14535000,1421.00,
15669,,,,,2019-07-23T15:17:26Z,46.75985000,13.14556667,1419.00,
15670,,,,,2019-07-23T15:17:27Z,46.75983333,13.14576667,1418.00,
15671,,,,,2019-07-23T15:17:28Z,46.75980000,13.14598333,1418.00,
15672,,,,,2019-07-23T15:17:29Z,46.75978333,13.14620000,1417.00,
15673,,,,,2019-07-23T15:17:30Z,46.75975000,13.14641667,1414.00,
15674,,,,,2019-07-23T15:17:31Z,46.75973333,13.14663333,1413.00,
15675,,,,,2019-07-23T15:17:32Z,46.75971667,13.14685000,1410.00,
15676,,,,,2019-07-23T15:17:33Z,46.75971667,13.14708333,1407.00,
15677,,,,,2019-07-23T15:17:34Z,46.75970000,13.14731667,1407.00,
15678,,,,,2019-07-23T15:17:35Z,46.75970000,13.14755000,1404.00,
15679,,,,,2019-07-23T15:17:36Z,46.75970000,13.14780000,1401.00,
15680,,,,,2019-07-23T15:17:37Z,46.75968333,13.14803333,1397.00,
15681,,,,,2019-07-23T15:17:38Z,46.75968333,13.14826667,1394.00,
15682,,,,,2019-07-23T15:17:39Z,46.75966667,13.14850000,1392.00,
15683,,,,,2019-07-23T15:17:40Z,46.75965000,13.14873333,1391.00,
15684,,,,,2019-07-23T15:17:41Z,46.75961667,13.14896667,1388.00,
15685,,,,,2019-07-23T15:17:42Z,46.75958333,13.14918333,1386.00,
15686,,,,,2019-07-23T15:17:43Z,46.75955000,13.14940000,1385.00,
15687,,,,,2019-07-23T15:17:44Z,46.75951667,13.14961667,1384.00,
15688,,,,,2019-07-23T15:17:45Z,46.75948333,13.14983333,1382.00,
15689,,,,,2019-07-23T15:17:46Z,46.75945000,13.15005000,1379.00,
15690,,,,,2019-07-23T15:17:47Z,46.75941667,13.15028333,1377.00,
15691,,,,,2019-07-23T15:17:48Z,46.75938333,13.15051667,1374.00,
15692,,,,,2019-07-23T15:17:49Z,46.75936667,13.15075000,1373.00,
15693,,,,,2019-07-23T15:17:50Z,46.75935000,13.15098333,1371.00,
15694,,,,,2019-07-23T15:17:51Z,46.75935000,13.15123333,1371.00,
15695,,,,,2019-07-23T15:17:52Z,46.75935000,13.15146667,1370.00,
15696,,,,,2019-07-23T15:17:53Z,46.75933333,13.15170000,1370.00,
15697,,,,,2019-07-23T15:17:54Z,46.75931667,13.15191667,1369.00,
15698,,,,,2019-07-23T15:17:55Z,46.75930000,13.15215000,1368.00,
15699,,,,,2019-07-23T15:17:56Z,46.75928333,13.15236667,1367.00,
15700,,,,,2019-07-23T15:17:57Z,46.75926667,13.15260000,1367.00,
15701,,,,,2019-07-23T15:17:58Z,46.75926667,13.15281667,1365.00,
15702,,,,,2019-07-23T15:17:59Z,46.75925000,13.15303333,1363.00,
15703,,,,,2019-07-23T15:18:00Z,46.75925000,13.15325000,1362.00,
15704,,,,,2019-07-23T15:18:01Z,46.75925000,13.15348333,1361.00,
15705,,,,,2019-07-23T15:18:02Z,46.75923333,13.15371667,1360.00,
15706,,,,,2019-07-23T15:18:03Z,46.75923333,13.15395000,1358.00,
15707,,,,,2019-07-23T15:18:04Z,46.75921667,13.15418333,1357.00,
15708,,,,,2019-07-23T15:18:05Z,46.75923333,13.15440000,1356.00,
15709,,,,,2019-07-23T15:18:06Z,46.75923333,13.15463333,1356.00,
15710,,,,,2019-07-23T15:18:07Z,46.75923333,13.15486667,1355.00,
15711,,,,,2019-07-23T15:18:08Z,46.75921667,13.15508333,1355.00,
15712,,,,,2019-07-23T15:18:09Z,46.75920000,13.15530000,1354.00,
15713,,,,,2019-07-23T15:18:10Z,46.75920000,13.15553333,1355.00,
15714,,,,,2019-07-23T15:18:11Z,46.75918333,13.15575000,1354.00,
15715,,,,,2019-07-23T15:18:12Z,46.75916667,13.15596667,1354.00,
15716,,,,,2019-07-23T15:18:13Z,46.75918333,13.15616667,1353.00,
15717,,,,,2019-07-23T15:18:14Z,46.75918333,13.15638333,1352.00,
15718,,,,,2019-07-23T15:18:15Z,46.75918333,13.15658333,1352.00,
15719,,,,,2019-07-23T15:18:16Z,46.75918333,13.15680000,1351.00,
15720,,,,,2019-07-23T15:18:17Z,46.75918333,13.15700000,1349.00,
15721,,,,,2019-07-23T15:18:18Z,46.75916667,13.15721667,1347.00,
15722,,,,,2019-07-23T15:18:19Z,46.75916667,13.15745000,1345.00,
15723,,,,,2019-07-23T15:18:20Z,46.75915000,13.15766667,1344.00,
15724,,,,,2019-07-23T15:18:21Z,46.75911667,13.15790000,1343.00,
15725,,,,,2019-07-23T15:18:22Z,46.75910000,13.15811667,1342.00,
15726,,,,,2019-07-23T15:18:23Z,46.75906667,13.15835000,1341.00,
15727,,,,,2019-07-23T15:18:24Z,46.75901667,13.15858333,1341.00,
15728,,,,,2019-07-23T15:18:25Z,46.75898333,13.15881667,1340.00,
15729,,,,,2019-07-23T15:18:26Z,46.75896667,13.15905000,1339.00,
15730,,,,,2019-07-23T15:18:27Z,46.75893333,13.15926667,1339.00,
15731,,,,,2019-07-23T15:18:28Z,46.75891667,13.15948333,1340.00,
15732,,,,,2019-07-23T15:18:29Z,46.75890000,13.15970000,1340.00,
15733,,,,,2019-07-23T15:18:30Z,46.75890000,13.15990000,1341.00,
15734,,,,,2019-07-23T15:18:31Z,46.75888333,13.16010000,1341.00,
15735,,,,,2019-07-23T15:18:32Z,46.75888333,13.16031667,1339.00,
15736,,,,,2019-07-23T15:18:33Z,46.75888333,13.16053333,1337.00,
15737,,,,,2019-07-23T15:18:34Z,46.75886667,13.16076667,1333.00,
15738,,,,,2019-07-23T15:18:35Z,46.75885000,13.16100000,1330.00,
15739,,,,,2019-07-23T15:18:36Z,46.75883333,13.16123333,1329.00,
15740,,,,,2019-07-23T15:18:37Z,46.75883333,13.16146667,1328.00,
15741,,,,,2019-07-23T15:18:38Z,46.75881667,13.16170000,1327.00,
15742,,,,,2019-07-23T15:18:39Z,46.75881667,13.16193333,1326.00,
15743,,,,,2019-07-23T15:18:40Z,46.75880000,13.16216667,1323.00,
15744,,,,,2019-07-23T15:18:41Z,46.75878333,13.16238333,1322.00,
15745,,,,,2019-07-23T15:18:42Z,46.75876667,13.16261667,1322.00,
15746,,,,,2019-07-23T15:18:43Z,46.75875000,13.16283333,1323.00,
15747,,,,,2019-07-23T15:18:44Z,46.75871667,13.16305000,1323.00,
15748,,,,,2019-07-23T15:18:45Z,46.75870000,13.16326667,1321.00,
15749,,,,,2019-07-23T15:18:46Z,46.75868333,13.16350000,1321.00,
15750,,,,,2019-07-23T15:18:47Z,46.75866667,13.16371667,1319.00,
15751,,,,,2019-07-23T15:18:48Z,46.75865000,13.16393333,1317.00,
15752,,,,,2019-07-23T15:18:49Z,46.75865000,13.16416667,1316.00,
15753,,,,,2019-07-23T15:18:50Z,46.75866667,13.16440000,1316.00,
15754,,,,,2019-07-23T15:18:51Z,46.75871667,13.16463333,1318.00,
15755,,,,,2019-07-23T15:18:52Z,46.75876667,13.16486667,1319.00,
15756,,,,,2019-07-23T15:18:53Z,46.75881667,13.16510000,1319.00,
15757,,,,,2019-07-23T15:18:54Z,46.75886667,13.16531667,1320.00,
15758,,,,,2019-07-23T15:18:55Z,46.75891667,13.16553333,1320.00,
15759,,,,,2019-07-23T15:18:56Z,46.75898333,13.16573333,1321.00,
15760,,,,,2019-07-23T15:18:57Z,46.75903333,13.16593333,1323.00,
15761,,,,,2019-07-23T15:18:58Z,46.75908333,13.16611667,1326.00,
15762,,,,,2019-07-23T15:18:59Z,46.75915000,13.16630000,1328.00,
15763,,,,,2019-07-23T15:19:00Z,46.75920000,13.16648333,1329.00,
15764,,,,,2019-07-23T15:19:01Z,46.75925000,13.16666667,1329.00,
15765,,,,,2019-07-23T15:19:02Z,46.75931667,13.16685000,1330.00,
15766,,,,,2019-07-23T15:19:03Z,46.75940000,13.16700000,1330.00,
15767,,,,,2019-07-23T15:19:04Z,46.75953333,13.16715000,1331.00,
15768,,,,,2019-07-23T15:19:05Z,46.75968333,13.16728333,1330.00,
15769,,,,,2019-07-23T15:19:06Z,46.75981667,13.16740000,1331.00,
15770,,,,,2019-07-23T15:19:07Z,46.75995000,13.16751667,1331.00,
15771,,,,,2019-07-23T15:19:08Z,46.76008333,13.16765000,1331.00,
15772,,,,,2019-07-23T15:19:09Z,46.76020000,13.16778333,1331.00,
15773,,,,,2019-07-23T15:19:10Z,46.76031667,13.16795000,1331.00,
15774,,,,,2019-07-23T15:19:11Z,46.76040000,13.16815000,1330.00,
15775,,,,,2019-07-23T15:19:12Z,46.76046667,13.16833333,1330.00,
15776,,,,,2019-07-23T15:19:13Z,46.76051667,13.16851667,1331.00,
15777,,,,,2019-07-23T15:19:14Z,46.76053333,13.16870000,1333.00,
15778,,,,,2019-07-23T15:19:15Z,46.76051667,13.16888333,1334.00,
15779,,,,,2019-07-23T15:19:16Z,46.76050000,13.16906667,1334.00,
15780,,,,,2019-07-23T15:19:17Z,46.76045000,13.16923333,1333.00,
15781,,,,,2019-07-23T15:19:18Z,46.76038333,13.16941667,1333.00,
15782,,,,,2019-07-23T15:19:19Z,46.76031667,13.16960000,1333.00,
15783,,,,,2019-07-23T15:19:20Z,46.76028333,13.16978333,1332.00,
15784,,,,,2019-07-23T15:19:21Z,46.76023333,13.16996667,1331.00,
15785,,,,,2019-07-23T15:19:22Z,46.76020000,13.17015000,1331.00,
15786,,,,,2019-07-23T15:19:23Z,46.76018333,13.17035000,1331.00,
15787,,,,,2019-07-23T15:19:24Z,46.76018333,13.17055000,1329.00,
15788,,,,,2019-07-23T15:19:25Z,46.76018333,13.17078333,1327.00,
15789,,,,,2019-07-23T15:19:26Z,46.76016667,13.17101667,1324.00,
15790,,,,,2019-07-23T15:19:27Z,46.76016667,13.17125000,1323.00,
15791,,,,,2019-07-23T15:19:28Z,46.76015000,13.17150000,1321.00,
15792,,,,,2019-07-23T15:19:29Z,46.76013333,13.17175000,1320.00,
15793,,,,,2019-07-23T15:19:30Z,46.76011667,13.17198333,1318.00,
15794,,,,,2019-07-23T15:19:31Z,46.76010000,13.17221667,1317.00,
15795,,,,,2019-07-23T15:19:32Z,46.76008333,13.17245000,1318.00,
15796,,,,,2019-07-23T15:19:33Z,46.76010000,13.17270000,1320.00,
15797,,,,,2019-07-23T15:19:34Z,46.76010000,13.17295000,1318.00,
15798,,,,,2019-07-23T15:19:35Z,46.76010000,13.17318333,1317.00,
15799,,,,,2019-07-23T15:19:36Z,46.76010000,13.17343333,1317.00,
15800,,,,,2019-07-23T15:19:37Z,46.76008333,13.17365000,1318.00,
15801,,,,,2019-07-23T15:19:38Z,46.76008333,13.17386667,1319.00,
15802,,,,,2019-07-23T15:19:39Z,46.76006667,13.17408333,1320.00,
15803,,,,,2019-07-23T15:19:40Z,46.76006667,13.17428333,1322.00,
15804,,,,,2019-07-23T15:19:41Z,46.76006667,13.17450000,1324.00,
15805,,,,,2019-07-23T15:19:42Z,46.76006667,13.17471667,1324.00,
15806,,,,,2019-07-23T15:19:43Z,46.76008333,13.17495000,1323.00,
15807,,,,,2019-07-23T15:19:44Z,46.76008333,13.17518333,1321.00,
15808,,,,,2019-07-23T15:19:45Z,46.76010000,13.17541667,1321.00,
15809,,,,,2019-07-23T15:19:46Z,46.76010000,13.17565000,1322.00,
15810,,,,,2019-07-23T15:19:47Z,46.76013333,13.17586667,1322.00,
15811,,,,,2019-07-23T15:19:48Z,46.76016667,13.17608333,1321.00,
15812,,,,,2019-07-23T15:19:49Z,46.76021667,13.17628333,1322.00,
15813,,,,,2019-07-23T15:19:50Z,46.76026667,13.17648333,1323.00,
15814,,,,,2019-07-23T15:19:51Z,46.76035000,13.17670000,1322.00,
15815,,,,,2019-07-23T15:19:52Z,46.76043333,13.17691667,1321.00,
15816,,,,,2019-07-23T15:19:53Z,46.76051667,13.17711667,1319.00,
15817,,,,,2019-07-23T15:19:54Z,46.76058333,13.17735000,1316.00,
15818,,,,,2019-07-23T15:19:55Z,46.76063333,13.17760000,1314.00,
15819,,,,,2019-07-23T15:19:56Z,46.76068333,13.17783333,1310.00,
15820,,,,,2019-07-23T15:19:57Z,46.76073333,13.17808333,1307.00,
15821,,,,,2019-07-23T15:19:58Z,46.76076667,13.17833333,1305.00,
15822,,,,,2019-07-23T15:19:59Z,46.76081667,13.17858333,1302.00,
15823,,,,,2019-07-23T15:20:00Z,46.76083333,13.17881667,1298.00,
15824,,,,,2019-07-23T15:20:01Z,46.76085000,13.17905000,1296.00,
15825,,,,,2019-07-23T15:20:02Z,46.76086667,13.17928333,1292.00,
15826,,,,,2019-07-23T15:20:03Z,46.76085000,13.17951667,1290.00,
15827,,,,,2019-07-23T15:20:04Z,46.76085000,13.17975000,1287.00,
15828,,,,,2019-07-23T15:20:05Z,46.76085000,13.18000000,1284.00,
15829,,,,,2019-07-23T15:20:06Z,46.76083333,13.18023333,1280.00,
15830,,,,,2019-07-23T15:20:07Z,46.76081667,13.18046667,1277.00,
15831,,,,,2019-07-23T15:20:08Z,46.76080000,13.18071667,1276.00,
15832,,,,,2019-07-23T15:20:09Z,46.76080000,13.18095000,1274.00,
15833,,,,,2019-07-23T15:20:10Z,46.76080000,13.18120000,1270.00,
15834,,,,,2019-07-23T15:20:11Z,46.76078333,13.18143333,1267.00,
15835,,,,,2019-07-23T15:20:12Z,46.76075000,13.18166667,1264.00,
15836,,,,,2019-07-23T15:20:13Z,46.76073333,13.18190000,1262.00,
15837,,,,,2019-07-23T15:20:14Z,46.76070000,13.18213333,1260.00,
15838,,,,,2019-07-23T15:20:15Z,46.76068333,13.18235000,1259.00,
15839,,,,,2019-07-23T15:20:16Z,46.76065000,13.18258333,1257.00,
15840,,,,,2019-07-23T15:20:17Z,46.76063333,13.18280000,1255.00,
15841,,,,,2019-07-23T15:20:18Z,46.76061667,13.18301667,1253.00,
15842,,,,,2019-07-23T15:20:19Z,46.76058333,13.18325000,1250.00,
15843,,,,,2019-07-23T15:20:20Z,46.76056667,13.18346667,1249.00,
15844,,,,,2019-07-23T15:20:21Z,46.76056667,13.18370000,1247.00,
15845,,,,,2019-07-23T15:20:22Z,46.76056667,13.18393333,1244.00,
15846,,,,,2019-07-23T15:20:23Z,46.76058333,13.18418333,1240.00,
15847,,,,,2019-07-23T15:20:24Z,46.76058333,13.18443333,1236.00,
15848,,,,,2019-07-23T15:20:25Z,46.76060000,13.18468333,1233.00,
15849,,,,,2019-07-23T15:20:26Z,46.76060000,13.18493333,1229.00,
15850,,,,,2019-07-23T15:20:27Z,46.76060000,13.18516667,1229.00,
15851,,,,,2019-07-23T15:20:28Z,46.76060000,13.18541667,1228.00,
15852,,,,,2019-07-23T15:20:29Z,46.76060000,13.18566667,1225.00,
15853,,,,,2019-07-23T15:20:30Z,46.76058333,13.18591667,1224.00,
15854,,,,,2019-07-23T15:20:31Z,46.76058333,13.18615000,1223.00,
15855,,,,,2019-07-23T15:20:32Z,46.76056667,13.18640000,1221.00,
15856,,,,,2019-07-23T15:20:33Z,46.76056667,13.18665000,1221.00,
15857,,,,,2019-07-23T15:20:34Z,46.76055000,13.18690000,1220.00,
15858,,,,,2019-07-23T15:20:35Z,46.76055000,13.18716667,1218.00,
15859,,,,,2019-07-23T15:20:36Z,46.76053333,13.18741667,1217.00,
15860,,,,,2019-07-23T15:20:37Z,46.76053333,13.18765000,1215.00,
15861,,,,,2019-07-23T15:20:38Z,46.76051667,13.18788333,1215.00,
15862,,,,,2019-07-23T15:20:39Z,46.76051667,13.18811667,1213.00,
15863,,,,,2019-07-23T15:20:40Z,46.76053333,13.18836667,1211.00,
15864,,,,,2019-07-23T15:20:41Z,46.76053333,13.18860000,1209.00,
15865,,,,,2019-07-23T15:20:42Z,46.76053333,13.18885000,1206.00,
15866,,,,,2019-07-23T15:20:43Z,46.76055000,13.18908333,1203.00,
15867,,,,,2019-07-23T15:20:44Z,46.76053333,13.18933333,1201.00,
15868,,,,,2019-07-23T15:20:45Z,46.76053333,13.18958333,1199.00,
15869,,,,,2019-07-23T15:20:46Z,46.76053333,13.18980000,1197.00,
15870,,,,,2019-07-23T15:20:47Z,46.76053333,13.19003333,1195.00,
15871,,,,,2019-07-23T15:20:48Z,46.76055000,13.19025000,1194.00,
15872,,,,,2019-07-23T15:20:49Z,46.76055000,13.19045000,1194.00,
15873,,,,,2019-07-23T15:20:50Z,46.76056667,13.19066667,1194.00,
15874,,,,,2019-07-23T15:20:51Z,46.76060000,13.19088333,1193.00,
15875,,,,,2019-07-23T15:20:52Z,46.76061667,13.19110000,1192.00,
15876,,,,,2019-07-23T15:20:53Z,46.76061667,13.19133333,1190.00,
15877,,,,,2019-07-23T15:20:54Z,46.76061667,13.19156667,1187.00,
15878,,,,,2019-07-23T15:20:55Z,46.76061667,13.19181667,1185.00,
15879,,,,,2019-07-23T15:20:56Z,46.76061667,13.19206667,1182.00,
15880,,,,,2019-07-23T15:20:57Z,46.76061667,13.19231667,1179.00,
15881,,,,,2019-07-23T15:20:58Z,46.76061667,13.19256667,1176.00,
15882,,,,,2019-07-23T15:20:59Z,46.76061667,13.19281667,1176.00,
15883,,,,,2019-07-23T15:21:00Z,46.76061667,13.19306667,1175.00,
15884,,,,,2019-07-23T15:21:01Z,46.76060000,13.19330000,1174.00,
15885,,,,,2019-07-23T15:21:02Z,46.76058333,13.19355000,1174.00,
15886,,,,,2019-07-23T15:21:03Z,46.76056667,13.19378333,1174.00,
15887,,,,,2019-07-23T15:21:04Z,46.76053333,13.19401667,1173.00,
15888,,,,,2019-07-23T15:21:05Z,46.76051667,13.19423333,1173.00,
15889,,,,,2019-07-23T15:21:06Z,46.76048333,13.19443333,1175.00,
15890,,,,,2019-07-23T15:21:07Z,46.76046667,13.19465000,1175.00,
15891,,,,,2019-07-23T15:21:08Z,46.76045000,13.19486667,1174.00,
15892,,,,,2019-07-23T15:21:09Z,46.76043333,13.19508333,1173.00,
15893,,,,,2019-07-23T15:21:10Z,46.76041667,13.19531667,1171.00,
15894,,,,,2019-07-23T15:21:11Z,46.76040000,13.19555000,1169.00,
15895,,,,,2019-07-23T15:21:12Z,46.76038333,13.19580000,1167.00,
15896,,,,,2019-07-23T15:21:13Z,46.76036667,13.19603333,1165.00,
15897,,,,,2019-07-23T15:21:14Z,46.76033333,13.19628333,1163.00,
15898,,,,,2019-07-23T15:21:15Z,46.76031667,13.19651667,1162.00,
15899,,,,,2019-07-23T15:21:16Z,46.76030000,13.19675000,1161.00,
15900,,,,,2019-07-23T15:21:17Z,46.76026667,13.19698333,1161.00,
15901,,,,,2019-07-23T15:21:18Z,46.76025000,13.19721667,1160.00,
15902,,,,,2019-07-23T15:21:19Z,46.76025000,13.19743333,1159.00,
15903,,,,,2019-07-23T15:21:20Z,46.76023333,13.19766667,1160.00,
15904,,,,,2019-07-23T15:21:21Z,46.76025000,13.19788333,1160.00,
15905,,,,,2019-07-23T15:21:22Z,46.76026667,13.19811667,1160.00,
15906,,,,,2019-07-23T15:21:23Z,46.76028333,13.19835000,1159.00,
15907,,,,,2019-07-23T15:21:24Z,46.76030000,13.19856667,1157.00,
15908,,,,,2019-07-23T15:21:25Z,46.76030000,13.19878333,1156.00,
15909,,,,,2019-07-23T15:21:26Z,46.76031667,13.19900000,1155.00,
15910,,,,,2019-07-23T15:21:27Z,46.76031667,13.19921667,1155.00,
15911,,,,,2019-07-23T15:21:28Z,46.76031667,13.19943333,1154.00,
15912,,,,,2019-07-23T15:21:29Z,46.76031667,13.19965000,1154.00,
15913,,,,,2019-07-23T15:21:30Z,46.76031667,13.19985000,1154.00,
15914,,,,,2019-07-23T15:21:31Z,46.76031667,13.20006667,1154.00,
15915,,,,,2019-07-23T15:21:32Z,46.76030000,13.20026667,1154.00,
15916,,,,,2019-07-23T15:21:33Z,46.76030000,13.20046667,1154.00,
15917,,,,,2019-07-23T15:21:34Z,46.76030000,13.20066667,1153.00,
15918,,,,,2019-07-23T15:21:35Z,46.76031667,13.20086667,1152.00,
15919,,,,,2019-07-23T15:21:36Z,46.76031667,13.20108333,1151.00,
15920,,,,,2019-07-23T15:21:37Z,46.76033333,13.20130000,1150.00,
15921,,,,,2019-07-23T15:21:38Z,46.76033333,13.20151667,1149.00,
15922,,,,,2019-07-23T15:21:39Z,46.76035000,13.20173333,1148.00,
15923,,,,,2019-07-23T15:21:40Z,46.76035000,13.20195000,1147.00,
15924,,,,,2019-07-23T15:21:41Z,46.76035000,13.20218333,1145.00,
15925,,,,,2019-07-23T15:21:42Z,46.76035000,13.20240000,1143.00,
15926,,,,,2019-07-23T15:21:43Z,46.76035000,13.20263333,1141.00,
15927,,,,,2019-07-23T15:21:44Z,46.76035000,13.20286667,1140.00,
15928,,,,,2019-07-23T15:21:45Z,46.76036667,13.20310000,1138.00,
15929,,,,,2019-07-23T15:21:46Z,46.76038333,13.20333333,1136.00,
15930,,,,,2019-07-23T15:21:47Z,46.76040000,13.20355000,1134.00,
15931,,,,,2019-07-23T15:21:48Z,46.76041667,13.20378333,1134.00,
15932,,,,,2019-07-23T15:21:49Z,46.76041667,13.20401667,1133.00,
15933,,,,,2019-07-23T15:21:50Z,46.76043333,13.20423333,1133.00,
15934,,,,,2019-07-23T15:21:51Z,46.76045000,13.20446667,1132.00,
15935,,,,,2019-07-23T15:21:52Z,46.76046667,13.20470000,1130.00,
15936,,,,,2019-07-23T15:21:53Z,46.76048333,13.20491667,1129.00,
15937,,,,,2019-07-23T15:21:54Z,46.76050000,13.20515000,1129.00,
15938,,,,,2019-07-23T15:21:55Z,46.76051667,13.20540000,1129.00,
15939,,,,,2019-07-23T15:21:56Z,46.76055000,13.20563333,1129.00,
15940,,,,,2019-07-23T15:21:57Z,46.76056667,13.20586667,1128.00,
15941,,,,,2019-07-23T15:21:58Z,46.76058333,13.20610000,1127.00,
15942,,,,,2019-07-23T15:21:59Z,46.76058333,13.20631667,1126.00,
15943,,,,,2019-07-23T15:22:00Z,46.76060000,13.20655000,1126.00,
15944,,,,,2019-07-23T15:22:01Z,46.76060000,13.20678333,1125.00,
15945,,,,,2019-07-23T15:22:02Z,46.76058333,13.20700000,1125.00,
15946,,,,,2019-07-23T15:22:03Z,46.76058333,13.20723333,1124.00,
15947,,,,,2019-07-23T15:22:04Z,46.76056667,13.20745000,1123.00,
15948,,,,,2019-07-23T15:22:05Z,46.76058333,13.20766667,1123.00,
15949,,,,,2019-07-23T15:22:06Z,46.76060000,13.20788333,1124.00,
15950,,,,,2019-07-23T15:22:07Z,46.76063333,13.20811667,1123.00,
15951,,,,,2019-07-23T15:22:08Z,46.76066667,13.20836667,1122.00,
15952,,,,,2019-07-23T15:22:09Z,46.76070000,13.20860000,1120.00,
15953,,,,,2019-07-23T15:22:10Z,46.76071667,13.20885000,1119.00,
15954,,,,,2019-07-23T15:22:11Z,46.76075000,13.20910000,1117.00,
15955,,,,,2019-07-23T15:22:12Z,46.76076667,13.20933333,1114.00,
15956,,,,,2019-07-23T15:22:13Z,46.76080000,13.20958333,1116.00,
15957,,,,,2019-07-23T15:22:14Z,46.76083333,13.20981667,1118.00,
15958,,,,,2019-07-23T15:22:15Z,46.76085000,13.21005000,1116.00,
15959,,,,,2019-07-23T15:22:16Z,46.76088333,13.21030000,1115.00,
15960,,,,,2019-07-23T15:22:17Z,46.76091667,13.21053333,1113.00,
15961,,,,,2019-07-23T15:22:18Z,46.76095000,13.21076667,1112.00,
15962,,,,,2019-07-23T15:22:19Z,46.76100000,13.21100000,1111.00,
15963,,,,,2019-07-23T15:22:20Z,46.76103333,13.21125000,1110.00,
15964,,,,,2019-07-23T15:22:21Z,46.76106667,13.21150000,1107.00,
15965,,,,,2019-07-23T15:22:22Z,46.76110000,13.21175000,1105.00,
15966,,,,,2019-07-23T15:22:23Z,46.76111667,13.21200000,1103.00,
15967,,,,,2019-07-23T15:22:24Z,46.76115000,13.21225000,1101.00,
15968,,,,,2019-07-23T15:22:25Z,46.76118333,13.21250000,1100.00,
15969,,,,,2019-07-23T15:22:26Z,46.76120000,13.21275000,1098.00,
15970,,,,,2019-07-23T15:22:27Z,46.76123333,13.21298333,1098.00,
15971,,,,,2019-07-23T15:22:28Z,46.76125000,13.21321667,1098.00,
15972,,,,,2019-07-23T15:22:29Z,46.76128333,13.21345000,1097.00,
15973,,,,,2019-07-23T15:22:30Z,46.76130000,13.21368333,1098.00,
15974,,,,,2019-07-23T15:22:31Z,46.76133333,13.21391667,1098.00,
15975,,,,,2019-07-23T15:22:32Z,46.76136667,13.21415000,1098.00,
15976,,,,,2019-07-23T15:22:33Z,46.76140000,13.21438333,1098.00,
15977,,,,,2019-07-23T15:22:34Z,46.76141667,13.21463333,1097.00,
15978,,,,,2019-07-23T15:22:35Z,46.76145000,13.21486667,1096.00,
15979,,,,,2019-07-23T15:22:36Z,46.76146667,13.21510000,1095.00,
15980,,,,,2019-07-23T15:22:37Z,46.76148333,13.21535000,1094.00,
15981,,,,,2019-07-23T15:22:38Z,46.76150000,13.21560000,1094.00,
15982,,,,,2019-07-23T15:22:39Z,46.76150000,13.21583333,1093.00,
15983,,,,,2019-07-23T15:22:40Z,46.76146667,13.21608333,1092.00,
15984,,,,,2019-07-23T15:22:41Z,46.76146667,13.21631667,1092.00,
15985,,,,,2019-07-23T15:22:42Z,46.76145000,13.21655000,1091.00,
15986,,,,,2019-07-23T15:22:43Z,46.76143333,13.21676667,1091.00,
15987,,,,,2019-07-23T15:22:44Z,46.76143333,13.21700000,1089.00,
15988,,,,,2019-07-23T15:22:45Z,46.76141667,13.21721667,1089.00,
15989,,,,,2019-07-23T15:22:46Z,46.76141667,13.21743333,1088.00,
15990,,,,,2019-07-23T15:22:47Z,46.76143333,13.21766667,1086.00,
15991,,,,,2019-07-23T15:22:48Z,46.76143333,13.21790000,1084.00,
15992,,,,,2019-07-23T15:22:49Z,46.76143333,13.21815000,1082.00,
15993,,,,,2019-07-23T15:22:50Z,46.76143333,13.21838333,1079.00,
15994,,,,,2019-07-23T15:22:51Z,46.76140000,13.21865000,1077.00,
15995,,,,,2019-07-23T15:22:52Z,46.76136667,13.21890000,1076.00,
15996,,,,,2019-07-23T15:22:53Z,46.76135000,13.21913333,1073.00,
15997,,,,,2019-07-23T15:22:54Z,46.76131667,13.21936667,1070.00,
15998,,,,,2019-07-23T15:22:55Z,46.76128333,13.21960000,1068.00,
15999,,,,,2019-07-23T15:22:56Z,46.76125000,13.21983333,1067.00,
16000,,,,,2019-07-23T15:22:57Z,46.76125000,13.22006667,1066.00,
16001,,,,,2019-07-23T15:22:58Z,46.76123333,13.22030000,1066.00,
16002,,,,,2019-07-23T15:22:59Z,46.76123333,13.22053333,1066.00,
16003,,,,,2019-07-23T15:23:00Z,46.76121667,13.22075000,1067.00,
16004,,,,,2019-07-23T15:23:01Z,46.76120000,13.22093333,1070.00,
16005,,,,,2019-07-23T15:23:02Z,46.76120000,13.22111667,1071.00,
16006,,,,,2019-07-23T15:23:03Z,46.76120000,13.22128333,1073.00,
16007,,,,,2019-07-23T15:23:04Z,46.76121667,13.22145000,1072.00,
16008,,,,,2019-07-23T15:23:05Z,46.76125000,13.22160000,1073.00,
16009,,,,,2019-07-23T15:23:06Z,46.76130000,13.22176667,1072.00,
16010,,,,,2019-07-23T15:23:07Z,46.76135000,13.22195000,1072.00,
16011,,,,,2019-07-23T15:23:08Z,46.76138333,13.22215000,1071.00,
16012,,,,,2019-07-23T15:23:09Z,46.76141667,13.22235000,1069.00,
16013,,,,,2019-07-23T15:23:10Z,46.76143333,13.22256667,1067.00,
16014,,,,,2019-07-23T15:23:11Z,46.76145000,13.22276667,1065.00,
16015,,,,,2019-07-23T15:23:12Z,46.76146667,13.22298333,1065.00,
16016,,,,,2019-07-23T15:23:13Z,46.76148333,13.22320000,1063.00,
16017,,,,,2019-07-23T15:23:14Z,46.76148333,13.22340000,1062.00,
16018,,,,,2019-07-23T15:23:15Z,46.76148333,13.22363333,1060.00,
16019,,,,,2019-07-23T15:23:16Z,46.76150000,13.22385000,1058.00,
16020,,,,,2019-07-23T15:23:17Z,46.76150000,13.22406667,1056.00,
16021,,,,,2019-07-23T15:23:18Z,46.76150000,13.22430000,1054.00,
16022,,,,,2019-07-23T15:23:19Z,46.76148333,13.22451667,1052.00,
16023,,,,,2019-07-23T15:23:20Z,46.76146667,13.22471667,1050.00,
16024,,,,,2019-07-23T15:23:21Z,46.76145000,13.22493333,1048.00,
16025,,,,,2019-07-23T15:23:22Z,46.76143333,13.22513333,1047.00,
16026,,,,,2019-07-23T15:23:23Z,46.76141667,13.22533333,1046.00,
16027,,,,,2019-07-23T15:23:24Z,46.76141667,13.22553333,1044.00,
16028,,,,,2019-07-23T15:23:25Z,46.76140000,13.22573333,1043.00,
16029,,,,,2019-07-23T15:23:26Z,46.76140000,13.22593333,1042.00,
16030,,,,,2019-07-23T15:23:27Z,46.76138333,13.22613333,1040.00,
16031,,,,,2019-07-23T15:23:28Z,46.76138333,13.22633333,1037.00,
16032,,,,,2019-07-23T15:23:29Z,46.76136667,13.22655000,1035.00,
16033,,,,,2019-07-23T15:23:30Z,46.76135000,13.22676667,1032.00,
16034,,,,,2019-07-23T15:23:31Z,46.76133333,13.22698333,1029.00,
16035,,,,,2019-07-23T15:23:32Z,46.76133333,13.22720000,1028.00,
16036,,,,,2019-07-23T15:23:33Z,46.76131667,13.22741667,1026.00,
16037,,,,,2019-07-23T15:23:34Z,46.76131667,13.22765000,1025.00,
16038,,,,,2019-07-23T15:23:35Z,46.76131667,13.22786667,1023.00,
16039,,,,,2019-07-23T15:23:36Z,46.76130000,13.22810000,1021.00,
16040,,,,,2019-07-23T15:23:37Z,46.76128333,13.22831667,1019.00,
16041,,,,,2019-07-23T15:23:38Z,46.76128333,13.22855000,1016.00,
16042,,,,,2019-07-23T15:23:39Z,46.76126667,13.22876667,1014.00,
16043,,,,,2019-07-23T15:23:40Z,46.76126667,13.22898333,1012.00,
16044,,,,,2019-07-23T15:23:41Z,46.76126667,13.22918333,1011.00,
16045,,,,,2019-07-23T15:23:42Z,46.76131667,13.22940000,1010.00,
16046,,,,,2019-07-23T15:23:43Z,46.76135000,13.22961667,1010.00,
16047,,,,,2019-07-23T15:23:44Z,46.76138333,13.22983333,1007.00,
16048,,,,,2019-07-23T15:23:45Z,46.76140000,13.23006667,1003.00,
16049,,,,,2019-07-23T15:23:46Z,46.76140000,13.23028333,1000.00,
16050,,,,,2019-07-23T15:23:47Z,46.76138333,13.23050000,996.00,
16051,,,,,2019-07-23T15:23:48Z,46.76135000,13.23071667,992.00,
16052,,,,,2019-07-23T15:23:49Z,46.76130000,13.23093333,990.00,
16053,,,,,2019-07-23T15:23:50Z,46.76126667,13.23113333,988.00,
16054,,,,,2019-07-23T15:23:51Z,46.76123333,13.23135000,985.00,
16055,,,,,2019-07-23T15:23:52Z,46.76120000,13.23155000,983.00,
16056,,,,,2019-07-23T15:23:53Z,46.76118333,13.23175000,981.00,
16057,,,,,2019-07-23T15:23:54Z,46.76116667,13.23195000,980.00,
16058,,,,,2019-07-23T15:23:55Z,46.76116667,13.23216667,978.00,
16059,,,,,2019-07-23T15:23:56Z,46.76115000,13.23238333,975.00,
16060,,,,,2019-07-23T15:23:57Z,46.76113333,13.23260000,971.00,
16061,,,,,2019-07-23T15:23:58Z,46.76111667,13.23281667,970.00,
16062,,,,,2019-07-23T15:23:59Z,46.76108333,13.23303333,967.00,
16063,,,,,2019-07-23T15:24:00Z,46.76106667,13.23325000,966.00,
16064,,,,,2019-07-23T15:24:01Z,46.76105000,13.23345000,965.00,
16065,,,,,2019-07-23T15:24:02Z,46.76101667,13.23365000,963.00,
16066,,,,,2019-07-23T15:24:03Z,46.76100000,13.23385000,961.00,
16067,,,,,2019-07-23T15:24:04Z,46.76098333,13.23406667,958.00,
16068,,,,,2019-07-23T15:24:05Z,46.76095000,13.23430000,955.00,
16069,,,,,2019-07-23T15:24:06Z,46.76093333,13.23451667,952.00,
16070,,,,,2019-07-23T15:24:07Z,46.76093333,13.23475000,950.00,
16071,,,,,2019-07-23T15:24:08Z,46.76095000,13.23500000,948.00,
16072,,,,,2019-07-23T15:24:09Z,46.76095000,13.23523333,945.00,
16073,,,,,2019-07-23T15:24:10Z,46.76095000,13.23545000,943.00,
16074,,,,,2019-07-23T15:24:11Z,46.76095000,13.23568333,941.00,
16075,,,,,2019-07-23T15:24:12Z,46.76093333,13.23590000,940.00,
16076,,,,,2019-07-23T15:24:13Z,46.76091667,13.23611667,939.00,
16077,,,,,2019-07-23T15:24:14Z,46.76090000,13.23633333,937.00,
16078,,,,,2019-07-23T15:24:15Z,46.76090000,13.23655000,935.00,
16079,,,,,2019-07-23T15:24:16Z,46.76090000,13.23676667,932.00,
16080,,,,,2019-07-23T15:24:17Z,46.76090000,13.23701667,928.00,
16081,,,,,2019-07-23T15:24:18Z,46.76090000,13.23725000,923.00,
16082,,,,,2019-07-23T15:24:19Z,46.76090000,13.23746667,921.00,
16083,,,,,2019-07-23T15:24:20Z,46.76088333,13.23770000,919.00,
16084,,,,,2019-07-23T15:24:21Z,46.76085000,13.23791667,918.00,
16085,,,,,2019-07-23T15:24:22Z,46.76083333,13.23813333,916.00,
16086,,,,,2019-07-23T15:24:23Z,46.76080000,13.23835000,914.00,
16087,,,,,2019-07-23T15:24:24Z,46.76078333,13.23856667,913.00,
16088,,,,,2019-07-23T15:24:25Z,46.76076667,13.23880000,910.00,
16089,,,,,2019-07-23T15:24:26Z,46.76073333,13.23903333,907.00,
16090,,,,,2019-07-23T15:24:27Z,46.76070000,13.23926667,903.00,
16091,,,,,2019-07-23T15:24:28Z,46.76066667,13.23950000,901.00,
16092,,,,,2019-07-23T15:24:29Z,46.76063333,13.23973333,899.00,
16093,,,,,2019-07-23T15:24:30Z,46.76060000,13.23996667,896.00,
16094,,,,,2019-07-23T15:24:31Z,46.76056667,13.24020000,894.00,
16095,,,,,2019-07-23T15:24:32Z,46.76055000,13.24041667,892.00,
16096,,,,,2019-07-23T15:24:33Z,46.76053333,13.24063333,890.00,
16097,,,,,2019-07-23T15:24:34Z,46.76053333,13.24083333,890.00,
16098,,,,,2019-07-23T15:24:35Z,46.76051667,13.24100000,889.00,
16099,,,,,2019-07-23T15:24:36Z,46.76051667,13.24116667,887.00,
16100,,,,,2019-07-23T15:24:37Z,46.76051667,13.24131667,885.00,
16101,,,,,2019-07-23T15:24:38Z,46.76050000,13.24146667,885.00,
16102,,,,,2019-07-23T15:24:39Z,46.76050000,13.24161667,885.00,
16103,,,,,2019-07-23T15:24:40Z,46.76048333,13.24176667,884.00,
16104,,,,,2019-07-23T15:24:41Z,46.76048333,13.24195000,881.00,
16105,,,,,2019-07-23T15:24:42Z,46.76046667,13.24213333,878.00,
16106,,,,,2019-07-23T15:24:43Z,46.76046667,13.24233333,876.00,
16107,,,,,2019-07-23T15:24:44Z,46.76046667,13.24255000,871.00,
16108,,,,,2019-07-23T15:24:45Z,46.76045000,13.24278333,867.00,
16109,,,,,2019-07-23T15:24:46Z,46.76043333,13.24300000,864.00,
16110,,,,,2019-07-23T15:24:47Z,46.76041667,13.24321667,860.00,
16111,,,,,2019-07-23T15:24:48Z,46.76040000,13.24345000,857.00,
16112,,,,,2019-07-23T15:24:49Z,46.76038333,13.24366667,855.00,
16113,,,,,2019-07-23T15:24:50Z,46.76036667,13.24388333,853.00,
16114,,,,,2019-07-23T15:24:51Z,46.76033333,13.24410000,851.00,
16115,,,,,2019-07-23T15:24:52Z,46.76030000,13.24433333,848.00,
16116,,,,,2019-07-23T15:24:53Z,46.76028333,13.24456667,847.00,
16117,,,,,2019-07-23T15:24:54Z,46.76025000,13.24480000,844.00,
16118,,,,,2019-07-23T15:24:55Z,46.76023333,13.24505000,842.00,
16119,,,,,2019-07-23T15:24:56Z,46.76021667,13.24528333,841.00,
16120,,,,,2019-07-23T15:24:57Z,46.76021667,13.24551667,838.00,
16121,,,,,2019-07-23T15:24:58Z,46.76020000,13.24575000,837.00,
16122,,,,,2019-07-23T15:24:59Z,46.76018333,13.24598333,835.00,
16123,,,,,2019-07-23T15:25:00Z,46.76018333,13.24621667,834.00,
16124,,,,,2019-07-23T15:25:01Z,46.76018333,13.24643333,832.00,
16125,,,,,2019-07-23T15:25:02Z,46.76018333,13.24666667,831.00,
16126,,,,,2019-07-23T15:25:03Z,46.76016667,13.24690000,830.00,
16127,,,,,2019-07-23T15:25:04Z,46.76016667,13.24711667,829.00,
16128,,,,,2019-07-23T15:25:05Z,46.76018333,13.24735000,828.00,
16129,,,,,2019-07-23T15:25:06Z,46.76018333,13.24756667,826.00,
16130,,,,,2019-07-23T15:25:07Z,46.76018333,13.24778333,824.00,
16131,,,,,2019-07-23T15:25:08Z,46.76018333,13.24800000,823.00,
16132,,,,,2019-07-23T15:25:09Z,46.76018333,13.24821667,821.00,
16133,,,,,2019-07-23T15:25:10Z,46.76016667,13.24843333,819.00,
16134,,,,,2019-07-23T15:25:11Z,46.76015000,13.24865000,817.00,
16135,,,,,2019-07-23T15:25:12Z,46.76013333,13.24888333,815.00,
16136,,,,,2019-07-23T15:25:13Z,46.76011667,13.24910000,812.00,
16137,,,,,2019-07-23T15:25:14Z,46.76010000,13.24933333,810.00,
16138,,,,,2019-07-23T15:25:15Z,46.76008333,13.24956667,808.00,
16139,,,,,2019-07-23T15:25:16Z,46.76008333,13.24980000,807.00,
16140,,,,,2019-07-23T15:25:17Z,46.76011667,13.25001667,807.00,
16141,,,,,2019-07-23T15:25:18Z,46.76016667,13.25021667,807.00,
16142,,,,,2019-07-23T15:25:19Z,46.76025000,13.25041667,806.00,
16143,,,,,2019-07-23T15:25:20Z,46.76031667,13.25065000,804.00,
16144,,,,,2019-07-23T15:25:21Z,46.76036667,13.25086667,801.00,
16145,,,,,2019-07-23T15:25:22Z,46.76041667,13.25108333,799.00,
16146,,,,,2019-07-23T15:25:23Z,46.76045000,13.25130000,798.00,
16147,,,,,2019-07-23T15:25:24Z,46.76048333,13.25150000,798.00,
16148,,,,,2019-07-23T15:25:25Z,46.76053333,13.25171667,797.00,
16149,,,,,2019-07-23T15:25:26Z,46.76056667,13.25190000,796.00,
16150,,,,,2019-07-23T15:25:27Z,46.76058333,13.25210000,795.00,
16151,,,,,2019-07-23T15:25:28Z,46.76060000,13.25230000,794.00,
16152,,,,,2019-07-23T15:25:29Z,46.76060000,13.25248333,793.00,
16153,,,,,2019-07-23T15:25:30Z,46.76060000,13.25268333,791.00,
16154,,,,,2019-07-23T15:25:31Z,46.76058333,13.25286667,791.00,
16155,,,,,2019-07-23T15:25:32Z,46.76056667,13.25305000,790.00,
16156,,,,,2019-07-23T15:25:33Z,46.76055000,13.25325000,789.00,
16157,,,,,2019-07-23T15:25:34Z,46.76051667,13.25345000,788.00,
16158,,,,,2019-07-23T15:25:35Z,46.76046667,13.25363333,787.00,
16159,,,,,2019-07-23T15:25:36Z,46.76043333,13.25381667,785.00,
16160,,,,,2019-07-23T15:25:37Z,46.76038333,13.25400000,784.00,
16161,,,,,2019-07-23T15:25:38Z,46.76031667,13.25418333,782.00,
16162,,,,,2019-07-23T15:25:39Z,46.76025000,13.25436667,780.00,
16163,,,,,2019-07-23T15:25:40Z,46.76018333,13.25453333,779.00,
16164,,,,,2019-07-23T15:25:41Z,46.76010000,13.25471667,777.00,
16165,,,,,2019-07-23T15:25:42Z,46.76001667,13.25488333,775.00,
16166,,,,,2019-07-23T15:25:43Z,46.75995000,13.25505000,773.00,
16167,,,,,2019-07-23T15:25:44Z,46.75988333,13.25521667,770.00,
16168,,,,,2019-07-23T15:25:45Z,46.75981667,13.25536667,768.00,
16169,,,,,2019-07-23T15:25:46Z,46.75980000,13.25553333,766.00,
16170,,,,,2019-07-23T15:25:47Z,46.75976667,13.25568333,766.00,
16171,,,,,2019-07-23T15:25:48Z,46.75980000,13.25578333,765.00,
16172,,,,,2019-07-23T15:25:49Z,46.75988333,13.25586667,763.00,
16173,,,,,2019-07-23T15:25:50Z,46.75993333,13.25596667,761.00,
16174,,,,,2019-07-23T15:25:51Z,46.75998333,13.25605000,759.00,
16175,,,,,2019-07-23T15:25:52Z,46.76000000,13.25610000,756.00,
16176,,,,,2019-07-23T15:25:53Z,46.76003333,13.25608333,754.00,
16177,,,,,2019-07-23T15:25:54Z,46.76003333,13.25605000,752.00,
16178,,,,,2019-07-23T15:25:55Z,46.75998333,13.25595000,750.00,
16179,,,,,2019-07-23T15:25:56Z,46.75991667,13.25576667,749.00,
16180,,,,,2019-07-23T15:25:57Z,46.75981667,13.25556667,747.00,
16181,,,,,2019-07-23T15:25:58Z,46.75973333,13.25536667,745.00,
16182,,,,,2019-07-23T15:25:59Z,46.75965000,13.25521667,743.00,
16183,,,,,2019-07-23T15:26:00Z,46.75958333,13.25513333,740.00,
16184,,,,,2019-07-23T15:26:01Z,46.75946667,13.25513333,738.00,
16185,,,,,2019-07-23T15:26:02Z,46.75940000,13.25511667,736.00,
16186,,,,,2019-07-23T15:26:03Z,46.75935000,13.25516667,734.00,
16187,,,,,2019-07-23T15:26:04Z,46.75921667,13.25540000,732.00,
16188,,,,,2019-07-23T15:26:05Z,46.75918333,13.25556667,730.00,
16189,,,,,2019-07-23T15:26:06Z,46.75918333,13.25570000,729.00,
16190,,,,,2019-07-23T15:26:07Z,46.75921667,13.25581667,728.00,
16191,,,,,2019-07-23T15:26:08Z,46.75926667,13.25591667,726.00,
16192,,,,,2019-07-23T15:26:09Z,46.75935000,13.25603333,724.00,
16193,,,,,2019-07-23T15:26:10Z,46.75948333,13.25611667,722.00,
16194,,,,,2019-07-23T15:26:11Z,46.75961667,13.25620000,721.00,
16195,,,,,2019-07-23T15:26:12Z,46.75978333,13.25623333,720.00,
16196,,,,,2019-07-23T15:26:13Z,46.75993333,13.25625000,718.00,
16197,,,,,2019-07-23T15:26:14Z,46.76010000,13.25623333,717.00,
16198,,,,,2019-07-23T15:26:15Z,46.76025000,13.25620000,716.00,
16199,,,,,2019-07-23T15:26:16Z,46.76038333,13.25610000,715.00,
16200,,,,,2019-07-23T15:26:17Z,46.76050000,13.25596667,713.00,
16201,,,,,2019-07-23T15:26:18Z,46.76060000,13.25580000,711.00,
16202,,,,,2019-07-23T15:26:19Z,46.76070000,13.25558333,709.00,
16203,,,,,2019-07-23T15:26:20Z,46.76071667,13.25536667,707.00,
16204,,,,,2019-07-23T15:26:21Z,46.76070000,13.25516667,705.00,
16205,,,,,2019-07-23T15:26:22Z,46.76061667,13.25498333,703.00,
16206,,,,,2019-07-23T15:26:23Z,46.76050000,13.25481667,700.00,
16207,,,,,2019-07-23T15:26:24Z,46.76041667,13.25471667,698.00,
16208,,,,,2019-07-23T15:26:25Z,46.76030000,13.25470000,695.00,
16209,,,,,2019-07-23T15:26:26Z,46.76020000,13.25473333,693.00,
16210,,,,,2019-07-23T15:26:27Z,46.76010000,13.25478333,690.00,
16211,,,,,2019-07-23T15:26:28Z,46.76005000,13.25486667,688.00,
16212,,,,,2019-07-23T15:26:29Z,46.75998333,13.25500000,686.00,
16213,,,,,2019-07-23T15:26:30Z,46.75995000,13.25521667,684.00,
16214,,,,,2019-07-23T15:26:31Z,46.75993333,13.25551667,682.00,
16215,,,,,2019-07-23T15:26:32Z,46.75991667,13.25573333,681.00,
16216,,,,,2019-07-23T15:26:33Z,46.75990000,13.25593333,679.00,
16217,,,,,2019-07-23T15:26:34Z,46.75990000,13.25613333,678.00,
16218,,,,,2019-07-23T15:26:35Z,46.75988333,13.25633333,678.00,
16219,,,,,2019-07-23T15:26:36Z,46.75985000,13.25653333,677.00,
16220,,,,,2019-07-23T15:26:37Z,46.75983333,13.25673333,675.00,
16221,,,,,2019-07-23T15:26:38Z,46.75978333,13.25693333,673.00,
16222,,,,,2019-07-23T15:26:39Z,46.75975000,13.25713333,672.00,
16223,,,,,2019-07-23T15:26:40Z,46.75968333,13.25733333,670.00,
16224,,,,,2019-07-23T15:26:41Z,46.75961667,13.25753333,669.00,
16225,,,,,2019-07-23T15:26:42Z,46.75955000,13.25771667,668.00,
16226,,,,,2019-07-23T15:26:43Z,46.75950000,13.25790000,667.00,
16227,,,,,2019-07-23T15:26:44Z,46.75945000,13.25806667,666.00,
16228,,,,,2019-07-23T15:26:45Z,46.75940000,13.25825000,665.00,
16229,,,,,2019-07-23T15:26:46Z,46.75935000,13.25841667,665.00,
16230,,,,,2019-07-23T15:26:47Z,46.75930000,13.25858333,665.00,
16231,,,,,2019-07-23T15:26:48Z,46.75926667,13.25876667,664.00,
16232,,,,,2019-07-23T15:26:49Z,46.75921667,13.25895000,662.00,
16233,,,,,2019-07-23T15:26:50Z,46.75918333,13.25913333,662.00,
16234,,,,,2019-07-23T15:26:51Z,46.75915000,13.25933333,661.00,
16235,,,,,2019-07-23T15:26:52Z,46.75911667,13.25951667,660.00,
16236,,,,,2019-07-23T15:26:53Z,46.75910000,13.25971667,658.00,
16237,,,,,2019-07-23T15:26:54Z,46.75906667,13.25991667,657.00,
16238,,,,,2019-07-23T15:26:55Z,46.75906667,13.26011667,656.00,
16239,,,,,2019-07-23T15:26:56Z,46.75906667,13.26033333,655.00,
16240,,,,,2019-07-23T15:26:57Z,46.75908333,13.26053333,655.00,
16241,,,,,2019-07-23T15:26:58Z,46.75911667,13.26075000,654.00,
16242,,,,,2019-07-23T15:26:59Z,46.75915000,13.26095000,652.00,
16243,,,,,2019-07-23T15:27:00Z,46.75916667,13.26115000,651.00,
16244,,,,,2019-07-23T15:27:01Z,46.75920000,13.26136667,651.00,
16245,,,,,2019-07-23T15:27:02Z,46.75923333,13.26155000,650.00,
16246,,,,,2019-07-23T15:27:03Z,46.75930000,13.26175000,650.00,
16247,,,,,2019-07-23T15:27:04Z,46.75935000,13.26193333,649.00,
16248,,,,,2019-07-23T15:27:05Z,46.75943333,13.26211667,649.00,
16249,,,,,2019-07-23T15:27:06Z,46.75950000,13.26230000,649.00,
16250,,,,,2019-07-23T15:27:07Z,46.75958333,13.26246667,649.00,
16251,,,,,2019-07-23T15:27:08Z,46.75968333,13.26263333,648.00,
16252,,,,,2019-07-23T15:27:09Z,46.75978333,13.26278333,648.00,
16253,,,,,2019-07-23T15:27:10Z,46.75990000,13.26288333,648.00,
16254,,,,,2019-07-23T15:27:11Z,46.76003333,13.26296667,648.00,
16255,,,,,2019-07-23T15:27:12Z,46.76018333,13.26300000,648.00,
16256,,,,,2019-07-23T15:27:13Z,46.76031667,13.26300000,646.00,
16257,,,,,2019-07-23T15:27:14Z,46.76046667,13.26295000,646.00,
16258,,,,,2019-07-23T15:27:15Z,46.76061667,13.26275000,645.00,
16259,,,,,2019-07-23T15:27:16Z,46.76073333,13.26258333,644.00,
16260,,,,,2019-07-23T15:27:17Z,46.76081667,13.26240000,643.00,
16261,,,,,2019-07-23T15:27:18Z,46.76090000,13.26221667,642.00,
16262,,,,,2019-07-23T15:27:19Z,46.76096667,13.26201667,642.00,
16263,,,,,2019-07-23T15:27:20Z,46.76103333,13.26181667,641.00,
16264,,,,,2019-07-23T15:27:21Z,46.76110000,13.26161667,639.00,
16265,,,,,2019-07-23T15:27:22Z,46.76116667,13.26141667,637.00,
16266,,,,,2019-07-23T15:27:23Z,46.76121667,13.26123333,635.00,
16267,,,,,2019-07-23T15:27:24Z,46.76126667,13.26103333,634.00,
16268,,,,,2019-07-23T15:27:25Z,46.76131667,13.26081667,633.00,
16269,,,,,2019-07-23T15:27:26Z,46.76133333,13.26061667,631.00,
16270,,,,,2019-07-23T15:27:27Z,46.76133333,13.26040000,630.00,
16271,,,,,2019-07-23T15:27:28Z,46.76133333,13.26018333,629.00,
16272,,,,,2019-07-23T15:27:29Z,46.76131667,13.25993333,627.00,
16273,,,,,2019-07-23T15:27:30Z,46.76128333,13.25968333,626.00,
16274,,,,,2019-07-23T15:27:31Z,46.76123333,13.25943333,625.00,
16275,,,,,2019-07-23T15:27:32Z,46.76120000,13.25918333,623.00,
16276,,,,,2019-07-23T15:27:33Z,46.76115000,13.25895000,622.00,
16277,,,,,2019-07-23T15:27:34Z,46.76108333,13.25873333,622.00,
16278,,,,,2019-07-23T15:27:35Z,46.76103333,13.25853333,622.00,
16279,,,,,2019-07-23T15:27:36Z,46.76095000,13.25835000,621.00,
16280,,,,,2019-07-23T15:27:37Z,46.76085000,13.25820000,620.00,
16281,,,,,2019-07-23T15:27:38Z,46.76073333,13.25808333,620.00,
16282,,,,,2019-07-23T15:27:39Z,46.76063333,13.25800000,618.00,
16283,,,,,2019-07-23T15:27:40Z,46.76048333,13.25795000,617.00,
16284,,,,,2019-07-23T15:27:41Z,46.76033333,13.25796667,617.00,
16285,,,,,2019-07-23T15:27:42Z,46.76018333,13.25800000,616.00,
16286,,,,,2019-07-23T15:27:43Z,46.76003333,13.25803333,615.00,
16287,,,,,2019-07-23T15:27:44Z,46.75988333,13.25805000,614.00,
16288,,,,,2019-07-23T15:27:45Z,46.75975000,13.25803333,614.00,
16289,,,,,2019-07-23T15:27:46Z,46.75961667,13.25796667,613.00,
16290,,,,,2019-07-23T15:27:47Z,46.75948333,13.25791667,611.00,
16291,,,,,2019-07-23T15:27:48Z,46.75936667,13.25788333,607.00,
16292,,,,,2019-07-23T15:27:49Z,46.75923333,13.25786667,606.00,
16293,,,,,2019-07-23T15:27:50Z,46.75911667,13.25790000,606.00,
16294,,,,,2019-07-23T15:27:51Z,46.75901667,13.25796667,605.00,
16295,,,,,2019-07-23T15:27:52Z,46.75893333,13.25806667,604.00,
16296,,,,,2019-07-23T15:27:53Z,46.75890000,13.25818333,602.00,
16297,,,,,2019-07-23T15:27:54Z,46.75891667,13.25835000,600.00,
16298,,,,,2019-07-23T15:27:55Z,46.75900000,13.25846667,598.00,
16299,,,,,2019-07-23T15:27:56Z,46.75913333,13.25846667,595.00,
16300,,,,,2019-07-23T15:27:57Z,46.75926667,13.25848333,593.00,
16301,,,,,2019-07-23T15:27:58Z,46.75940000,13.25843333,593.00,
16302,,,,,2019-07-23T15:27:59Z,46.75955000,13.25831667,593.00,
16303,,,,,2019-07-23T15:28:00Z,46.75968333,13.25818333,592.00,
16304,,,,,2019-07-23T15:28:01Z,46.75980000,13.25805000,592.00,
16305,,,,,2019-07-23T15:28:02Z,46.75990000,13.25798333,592.00,
16306,,,,,2019-07-23T15:28:03Z,46.76001667,13.25795000,590.00,
16307,,,,,2019-07-23T15:28:04Z,46.76011667,13.25793333,588.00,
16308,,,,,2019-07-23T15:28:05Z,46.76023333,13.25806667,588.00,
16309,,,,,2019-07-23T15:28:06Z,46.76028333,13.25820000,587.00,
16310,,,,,2019-07-23T15:28:07Z,46.76025000,13.25835000,586.00,
16311,,,,,2019-07-23T15:28:08Z,46.76011667,13.25846667,584.00,
16312,,,,,2019-07-23T15:28:09Z,46.75996667,13.25853333,578.00,
16313,,,,,2019-07-23T15:28:10Z,46.75980000,13.25856667,570.00,
16314,,,,,2019-07-23T15:28:11Z,46.75965000,13.25863333,565.00,
16315,,,,,2019-07-23T15:28:12Z,46.75955000,13.25873333,568.00,
16316,,,,,2019-07-23T15:28:13Z,46.75946667,13.25881667,569.00,
16317,,,,,2019-07-23T15:28:14Z,46.75940000,13.25890000,569.00,
16318,,,,,2019-07-23T15:28:15Z,46.75936667,13.25901667,568.00,
16319,,,,,2019-07-23T15:28:16Z,46.75936667,13.25915000,566.00,
16320,,,,,2019-07-23T15:28:17Z,46.75941667,13.25931667,563.00,
16321,,,,,2019-07-23T15:28:18Z,46.75958333,13.25943333,561.00,
16322,,,,,2019-07-23T15:28:19Z,46.75981667,13.25950000,559.00,
16323,,,,,2019-07-23T15:28:20Z,46.75998333,13.25958333,558.00,
16324,,,,,2019-07-23T15:28:21Z,46.76010000,13.25966667,556.00,
16325,,,,,2019-07-23T15:28:22Z,46.76021667,13.25975000,553.00,
16326,,,,,2019-07-23T15:28:23Z,46.76028333,13.25986667,551.00,
16327,,,,,2019-07-23T15:28:24Z,46.76033333,13.26001667,550.00,
16328,,,,,2019-07-23T15:28:25Z,46.76035000,13.26016667,547.00,
16329,,,,,2019-07-23T15:28:26Z,46.76036667,13.26035000,544.00,
16330,,,,,2019-07-23T15:28:27Z,46.76035000,13.26053333,540.00,
16331,,,,,2019-07-23T15:28:28Z,46.76033333,13.26070000,536.00,
16332,,,,,2019-07-23T15:28:29Z,46.76030000,13.26086667,533.00,
16333,,,,,2019-07-23T15:28:30Z,46.76026667,13.26101667,531.00,
16334,,,,,2019-07-23T15:28:31Z,46.76025000,13.26116667,529.00,
16335,,,,,2019-07-23T15:28:32Z,46.76021667,13.26128333,527.00,
16336,,,,,2019-07-23T15:28:33Z,46.76020000,13.26136667,527.00,
16337,,,,,2019-07-23T15:28:34Z,46.76020000,13.26141667,527.00,
16338,,,,,2019-07-23T15:28:35Z,46.76020000,13.26145000,523.00,
16339,,,,,2019-07-23T15:28:36Z,46.76020000,13.26145000,524.00,
16340,,,,,2019-07-23T15:28:37Z,46.76020000,13.26143333,527.00,
16341,,,,,2019-07-23T15:28:38Z,46.76020000,13.26143333,527.00,
16342,,,,,2019-07-23T15:28:39Z,46.76021667,13.26141667,521.00,
16343,,,,,2019-07-23T15:28:40Z,46.76021667,13.26141667,525.00,
16344,,,,,2019-07-23T15:28:41Z,46.76023333,13.26140000,525.00,
16345,,,,,2019-07-23T15:28:42Z,46.76023333,13.26138333,526.00,
16346,,,,,2019-07-23T15:28:43Z,46.76023333,13.26136667,527.00,
16347,,,,,2019-07-23T15:28:44Z,46.76023333,13.26136667,526.00,
16348,,,,,2019-07-23T15:28:45Z,46.76025000,13.26136667,525.00,
16349,,,,,2019-07-23T15:28:46Z,46.76025000,13.26136667,526.00,
16350,,,,,2019-07-23T15:28:47Z,46.76025000,13.26136667,527.00,
16351,,,,,2019-07-23T15:28:48Z,46.76025000,13.26135000,527.00,
16352,,,,,2019-07-23T15:28:49Z,46.76025000,13.26135000,526.00,
16353,,,,,2019-07-23T15:28:50Z,46.76025000,13.26135000,526.00,
16354,,,,,2019-07-23T15:28:51Z,46.76026667,13.26135000,526.00,
16355,,,,,2019-07-23T15:28:52Z,46.76026667,13.26135000,526.00,
16356,,,,,2019-07-23T15:28:53Z,46.76026667,13.26135000,526.00,
16357,,,,,2019-07-23T15:28:54Z,46.76026667,13.26135000,526.00,
16358,,,,,2019-07-23T15:28:55Z,46.76026667,13.26135000,526.00,
16359,,,,,2019-07-23T15:28:56Z,46.76026667,13.26135000,526.00,
16360,,,,,2019-07-23T15:28:57Z,46.76026667,13.26136667,525.00,
16361,,,,,2019-07-23T15:28:58Z,46.76026667,13.26136667,525.00,
16362,,,,,2019-07-23T15:28:59Z,46.76028333,13.26136667,525.00,
16363,,,,,2019-07-23T15:29:00Z,46.76028333,13.26136667,526.00,
16364,,,,,2019-07-23T15:29:01Z,46.76028333,13.26136667,526.00,
16365,,,,,2019-07-23T15:29:02Z,46.76028333,13.26136667,526.00,
16366,,,,,2019-07-23T15:29:03Z,46.76028333,13.26136667,526.00,
16367,,,,,2019-07-23T15:29:04Z,46.76028333,13.26136667,526.00,
16368,,,,,2019-07-23T15:29:05Z,46.76028333,13.26138333,526.00,
16369,,,,,2019-07-23T15:29:06Z,46.76028333,13.26138333,526.00,
16370,,,,,2019-07-23T15:29:07Z,46.76028333,13.26138333,526.00,
16371,,,,,2019-07-23T15:29:08Z,46.76026667,13.26138333,526.00,
16372,,,,,2019-07-23T15:29:09Z,46.76026667,13.26138333,525.00,
16373,,,,,2019-07-23T15:29:10Z,46.76026667,13.26140000,526.00,
16374,,,,,2019-07-23T15:29:11Z,46.76026667,13.26140000,527.00,
16375,,,,,2019-07-23T15:29:12Z,46.76026667,13.26140000,526.00,
16376,,,,,2019-07-23T15:29:13Z,46.76026667,13.26138333,526.00,
16377,,,,,2019-07-23T15:29:14Z,46.76026667,13.26140000,526.00,
16378,,,,,2019-07-23T15:29:15Z,46.76026667,13.26140000,526.00,
16379,,,,,2019-07-23T15:29:16Z,46.76026667,13.26140000,526.00,
16380,,,,,2019-07-23T15:29:17Z,46.76026667,13.26140000,526.00,
16381,,,,,2019-07-23T15:29:18Z,46.76026667,13.26140000,526.00,
16382,,,,,2019-07-23T15:29:19Z,46.76025000,13.26140000,526.00,
16383,,,,,2019-07-23T15:29:20Z,46.76025000,13.26140000,526.00,
16384,,,,,2019-07-23T15:29:21Z,46.76025000,13.26140000,526.00,
16385,,,,,2019-07-23T15:29:22Z,46.76025000,13.26140000,526.00,
16386,,,,,2019-07-23T15:29:23Z,46.76025000,13.26141667,526.00,
16387,,,,,2019-07-23T15:29:24Z,46.76025000,13.26141667,526.00,
16388,,,,,2019-07-23T15:29:25Z,46.76025000,13.26141667,526.00,
16389,,,,,2019-07-23T15:29:26Z,46.76025000,13.26141667,526.00,
16390,,,,,2019-07-23T15:29:27Z,46.76025000,13.26141667,526.00,
16391,,,,,2019-07-23T15:29:28Z,46.76025000,13.26141667,526.00,
16392,,,,,2019-07-23T15:29:29Z,46.76025000,13.26141667,526.00,
16393,,,,,2019-07-23T15:29:30Z,46.76023333,13.26141667,526.00,
16394,,,,,2019-07-23T15:29:31Z,46.76023333,13.26141667,526.00,
16395,,,,,2019-07-23T15:29:32Z,46.76023333,13.26143333,526.00,
16396,,,,,2019-07-23T15:29:33Z,46.76023333,13.26143333,526.00,
16397,,,,,2019-07-23T15:29:34Z,46.76023333,13.26143333,526.00,
16398,,,,,2019-07-23T15:29:35Z,46.76023333,13.26143333,526.00,
16399,,,,,2019-07-23T15:29:36Z,46.76023333,13.26143333,526.00,
16400,,,,,2019-07-23T15:29:37Z,46.76025000,13.26143333,526.00,
16401,,,,,2019-07-23T15:29:38Z,46.76025000,13.26143333,526.00,
16402,,,,,2019-07-23T15:29:39Z,46.76025000,13.26143333,526.00,
16403,,,,,2019-07-23T15:29:40Z,46.76025000,13.26143333,526.00,
16404,,,,,2019-07-23T15:29:41Z,46.76025000,13.26143333,526.00,
16405,,,,,2019-07-23T15:29:42Z,46.76025000,13.26143333,526.00,
16406,,,,,2019-07-23T15:29:43Z,46.76025000,13.26143333,526.00,
16407,,,,,2019-07-23T15:29:44Z,46.76025000,13.26143333,526.00,
16408,,,,,2019-07-23T15:29:45Z,46.76025000,13.26143333,526.00,
16409,,,,,2019-07-23T15:29:46Z,46.76023333,13.26143333,526.00,
16410,,,,,2019-07-23T15:29:47Z,46.76023333,13.26143333,526.00,
16411,,,,,2019-07-23T15:29:48Z,46.76023333,13.26143333,525.00,
16412,,,,,2019-07-23T15:29:49Z,46.76023333,13.26143333,525.00,
16413,,,,,2019-07-23T15:29:50Z,46.76023333,13.26143333,526.00,
16414,,,,,2019-07-23T15:29:51Z,46.76023333,13.26143333,526.00,
16415,,,,,2019-07-23T15:29:52Z,46.76023333,13.26143333,526.00,
16416,,,,,2019-07-23T15:29:53Z,46.76023333,13.26143333,526.00,
16417,,,,,2019-07-23T15:29:54Z,46.76023333,13.26143333,526.00,
16418,,,,,2019-07-23T15:29:55Z,46.76023333,13.26143333,526.00,
16419,,,,,2019-07-23T15:29:56Z,46.76023333,13.26143333,526.00,
16420,,,,,2019-07-23T15:29:57Z,46.76023333,13.26143333,526.00,
16421,,,,,2019-07-23T15:29:58Z,46.76023333,13.26143333,526.00,
16422,,,,,2019-07-23T15:29:59Z,46.76023333,13.26143333,526.00,
16423,,,,,2019-07-23T15:30:00Z,46.76023333,13.26143333,526.00,
16424,,,,,2019-07-23T15:30:01Z,46.76023333,13.26143333,526.00,
16425,,,,,2019-07-23T15:30:02Z,46.76023333,13.26143333,526.00,
16426,,,,,2019-07-23T15:30:03Z,46.76023333,13.26145000,526.00,
16427,,,,,2019-07-23T15:30:04Z,46.76023333,13.26145000,526.00,
16428,,,,,2019-07-23T15:30:05Z,46.76023333,13.26143333,526.00,
16429,,,,,2019-07-23T15:30:06Z,46.76023333,13.26145000,526.00,
16430,,,,,2019-07-23T15:30:07Z,46.76023333,13.26143333,526.00,
16431,,,,,2019-07-23T15:30:08Z,46.76021667,13.26143333,526.00,
16432,,,,,2019-07-23T15:30:09Z,46.76021667,13.26143333,526.00,
16433,,,,,2019-07-23T15:30:10Z,46.76021667,13.26143333,526.00,
16434,,,,,2019-07-23T15:30:11Z,46.76021667,13.26143333,526.00,
16435,,,,,2019-07-23T15:30:12Z,46.76023333,13.26143333,526.00,
16436,,,,,2019-07-23T15:30:13Z,46.76023333,13.26143333,526.00,
16437,,,,,2019-07-23T15:30:14Z,46.76023333,13.26143333,526.00,
16438,,,,,2019-07-23T15:30:15Z,46.76023333,13.26143333,526.00,
16439,,,,,2019-07-23T15:30:16Z,46.76023333,13.26143333,526.00,
16440,,,,,2019-07-23T15:30:17Z,46.76023333,13.26143333,526.00,
16441,,,,,2019-07-23T15:30:18Z,46.76023333,13.26143333,526.00,
16442,,,,,2019-07-23T15:30:19Z,46.76023333,13.26143333,526.00,
16443,,,,,2019-07-23T15:30:20Z,46.76023333,13.26143333,526.00,
16444,,,,,2019-07-23T15:30:21Z,46.76023333,13.26143333,526.00,
16445,,,,,2019-07-23T15:30:22Z,46.76023333,13.26143333,526.00,
16446,,,,,2019-07-23T15:30:23Z,46.76023333,13.26143333,526.00,
16447,,,,,2019-07-23T15:30:24Z,46.76023333,13.26143333,526.00,
16448,,,,,2019-07-23T15:30:25Z,46.76023333,13.26143333,526.00,
16449,,,,,2019-07-23T15:30:26Z,46.76023333,13.26143333,526.00,
16450,,,,,2019-07-23T15:30:27Z,46.76023333,13.26141667,526.00,
16451,,,,,2019-07-23T15:30:28Z,46.76023333,13.26141667,525.00,
16452,,,,,2019-07-23T15:30:29Z,46.76023333,13.26141667,526.00,
16453,,,,,2019-07-23T15:30:30Z,46.76023333,13.26141667,526.00,
16454,,,,,2019-07-23T15:30:31Z,46.76023333,13.26141667,526.00,
16455,,,,,2019-07-23T15:30:32Z,46.76023333,13.26141667,526.00,
16456,,,,,2019-07-23T15:30:33Z,46.76023333,13.26143333,526.00,
16457,,,,,2019-07-23T15:30:34Z,46.76023333,13.26143333,525.00,
16458,,,,,2019-07-23T15:30:35Z,46.76023333,13.26143333,526.00,
16459,,,,,2019-07-23T15:30:36Z,46.76023333,13.26143333,526.00,
16460,,,,,2019-07-23T15:30:37Z,46.76023333,13.26143333,526.00,
16461,,,,,2019-07-23T15:30:38Z,46.76023333,13.26143333,526.00,
16462,,,,,2019-07-23T15:30:39Z,46.76023333,13.26143333,525.00,
16463,,,,,2019-07-23T15:30:40Z,46.76023333,13.26143333,526.00,
16464,,,,,2019-07-23T15:30:41Z,46.76023333,13.26143333,526.00,
16465,,,,,2019-07-23T15:30:42Z,46.76023333,13.26143333,526.00,
16466,,,,,2019-07-23T15:30:43Z,46.76023333,13.26143333,525.00,
16467,,,,,2019-07-23T15:30:44Z,46.76023333,13.26143333,526.00,
16468,,,,,2019-07-23T15:30:45Z,46.76023333,13.26143333,500.00,
16469,,,,,2019-07-23T15:30:46Z,46.76023333,13.26143333,501.00,
16470,,,,,2019-07-23T15:30:47Z,46.76023333,13.26143333,512.00,
16471,,,,,2019-07-23T15:30:48Z,46.76023333,13.26143333,535.00,
16472,,,,,2019-07-23T15:30:49Z,46.76021667,13.26145000,537.00,
16473,,,,,2019-07-23T15:30:50Z,46.76023333,13.26145000,535.00,
16474,,,,,2019-07-23T15:30:51Z,46.76023333,13.26145000,531.00,
16475,,,,,2019-07-23T15:30:52Z,46.76023333,13.26145000,529.00,
16476,,,,,2019-07-23T15:30:53Z,46.76023333,13.26145000,527.00,
16477,,,,,2019-07-23T15:30:54Z,46.76021667,13.26145000,526.00,
16478,,,,,2019-07-23T15:30:55Z,46.76021667,13.26145000,526.00,
16479,,,,,2019-07-23T15:30:56Z,46.76021667,13.26145000,525.00,
16480,,,,,2019-07-23T15:30:57Z,46.76021667,13.26145000,525.00,
16481,,,,,2019-07-23T15:30:58Z,46.76021667,13.26145000,525.00,
16482,,,,,2019-07-23T15:30:59Z,46.76021667,13.26145000,525.00,
16483,,,,,2019-07-23T15:31:00Z,46.76021667,13.26145000,525.00,
16484,,,,,2019-07-23T15:31:01Z,46.76021667,13.26145000,525.00,
16485,,,,,2019-07-23T15:31:02Z,46.76021667,13.26145000,525.00,
16486,,,,,2019-07-23T15:31:03Z,46.76021667,13.26145000,525.00,
16487,,,,,2019-07-23T15:31:04Z,46.76021667,13.26145000,525.00,
16488,,,,,2019-07-23T15:31:05Z,46.76021667,13.26145000,525.00,
16489,,,,,2019-07-23T15:31:06Z,46.76021667,13.26145000,525.00,
16490,,,,,2019-07-23T15:31:07Z,46.76021667,13.26145000,525.00,
16491,,,,,2019-07-23T15:31:08Z,46.76021667,13.26145000,525.00,
16492,,,,,2019-07-23T15:31:09Z,46.76021667,13.26145000,525.00,
16493,,,,,2019-07-23T15:31:10Z,46.76021667,13.26145000,525.00,
16494,,,,,2019-07-23T15:31:11Z,46.76021667,13.26145000,525.00,
16495,,,,,2019-07-23T15:31:12Z,46.76021667,13.26145000,525.00,
16496,,,,,2019-07-23T15:31:13Z,46.76021667,13.26145000,525.00,
16497,,,,,2019-07-23T15:31:14Z,46.76021667,13.26145000,525.00,
16498,,,,,2019-07-23T15:31:15Z,46.76021667,13.26145000,525.00,
16499,,,,,2019-07-23T15:31:16Z,46.76021667,13.26145000,525.00,
16500,,,,,2019-07-23T15:31:17Z,46.76021667,13.26145000,525.00,
16501,,,,,2019-07-23T15:31:18Z,46.76021667,13.26145000,525.00,
16502,,,,,2019-07-23T15:31:19Z,46.76021667,13.26145000,525.00,
16503,,,,,2019-07-23T15:31:20Z,46.76021667,13.26145000,525.00,
16504,,,,,2019-07-23T15:31:21Z,46.76021667,13.26145000,525.00,
16505,,,,,2019-07-23T15:31:22Z,46.76021667,13.26145000,525.00,
16506,,,,,2019-07-23T15:31:23Z,46.76021667,13.26145000,526.00,
16507,,,,,2019-07-23T15:31:24Z,46.76021667,13.26145000,525.00,
16508,,,,,2019-07-23T15:31:25Z,46.76021667,13.26145000,525.00,
16509,,,,,2019-07-23T15:31:26Z,46.76021667,13.26145000,525.00,
16510,,,,,2019-07-23T15:31:27Z,46.76021667,13.26145000,525.00,
16511,,,,,2019-07-23T15:31:28Z,46.76021667,13.26145000,525.00,
16512,,,,,2019-07-23T15:31:29Z,46.76021667,13.26145000,525.00,
16513,,,,,2019-07-23T15:31:30Z,46.76021667,13.26145000,525.00,
16514,,,,,2019-07-23T15:31:31Z,46.76021667,13.26146667,525.00,
16515,,,,,2019-07-23T15:31:32Z,46.76021667,13.26146667,525.00,
16516,,,,,2019-07-23T15:31:33Z,46.76021667,13.26146667,525.00,
16517,,,,,2019-07-23T15:31:34Z,46.76021667,13.26146667,525.00,
16518,,,,,2019-07-23T15:31:35Z,46.76021667,13.26146667,525.00,
16519,,,,,2019-07-23T15:31:36Z,46.76021667,13.26146667,525.00,
16520,,,,,2019-07-23T15:31:37Z,46.76021667,13.26146667,525.00,
16521,,,,,2019-07-23T15:31:38Z,46.76021667,13.26146667,525.00,
16522,,,,,2019-07-23T15:31:39Z,46.76021667,13.26146667,525.00,
16523,,,,,2019-07-23T15:31:40Z,46.76021667,13.26146667,525.00,
16524,,,,,2019-07-23T15:31:41Z,46.76021667,13.26146667,525.00,
16525,,,,,2019-07-23T15:31:42Z,46.76021667,13.26146667,525.00,
16526,,,,,2019-07-23T15:31:43Z,46.76021667,13.26146667,525.00,
16527,,,,,2019-07-23T15:31:44Z,46.76021667,13.26146667,525.00,
16528,,,,,2019-07-23T15:31:45Z,46.76021667,13.26146667,525.00,
16529,,,,,2019-07-23T15:31:46Z,46.76021667,13.26146667,525.00,
16530,,,,,2019-07-23T15:31:47Z,46.76021667,13.26146667,525.00,
16531,,,,,2019-07-23T15:31:48Z,46.76021667,13.26146667,525.00,
16532,,,,,2019-07-23T15:31:49Z,46.76021667,13.26146667,525.00,
16533,,,,,2019-07-23T15:31:50Z,46.76021667,13.26146667,525.00,
16534,,,,,2019-07-23T15:31:51Z,46.76021667,13.26146667,525.00,
16535,,,,,2019-07-23T15:31:52Z,46.76021667,13.26146667,525.00,
16536,,,,,2019-07-23T15:31:53Z,46.76021667,13.26146667,525.00,
16537,,,,,2019-07-23T15:31:54Z,46.76021667,13.26146667,525.00,
16538,,,,,2019-07-23T15:31:55Z,46.76021667,13.26146667,525.00,
16539,,,,,2019-07-23T15:31:56Z,46.76021667,13.26146667,525.00,
16540,,,,,2019-07-23T15:31:57Z,46.76021667,13.26146667,525.00,
16541,,,,,2019-07-23T15:31:58Z,46.76021667,13.26146667,525.00,
16542,,,,,2019-07-23T15:31:59Z,46.76021667,13.26146667,525.00,
16543,,,,,2019-07-23T15:32:00Z,46.76021667,13.26146667,525.00,
16544,,,,,2019-07-23T15:32:01Z,46.76021667,13.26146667,525.00,
16545,,,,,2019-07-23T15:32:02Z,46.76021667,13.26146667,525.00,
16546,,,,,2019-07-23T15:32:03Z,46.76021667,13.26146667,525.00,
16547,,,,,2019-07-23T15:32:04Z,46.76021667,13.26146667,525.00,
16548,,,,,2019-07-23T15:32:05Z,46.76021667,13.26148333,525.00,
16549,,,,,2019-07-23T15:32:06Z,46.76021667,13.26148333,525.00,
16550,,,,,2019-07-23T15:32:07Z,46.76021667,13.26148333,525.00,
16551,,,,,2019-07-23T15:32:08Z,46.76021667,13.26148333,525.00,
16552,,,,,2019-07-23T15:32:09Z,46.76021667,13.26148333,525.00,
16553,,,,,2019-07-23T15:32:10Z,46.76021667,13.26148333,525.00,
16554,,,,,2019-07-23T15:32:11Z,46.76021667,13.26148333,525.00,
16555,,,,,2019-07-23T15:32:12Z,46.76021667,13.26148333,525.00,
16556,,,,,2019-07-23T15:32:13Z,46.76021667,13.26148333,525.00,
16557,,,,,2019-07-23T15:32:14Z,46.76021667,13.26148333,525.00,
16558,,,,,2019-07-23T15:32:15Z,46.76021667,13.26148333,525.00,
16559,,,,,2019-07-23T15:32:16Z,46.76021667,13.26148333,525.00,
16560,,,,,2019-07-23T15:32:17Z,46.76021667,13.26148333,525.00,
16561,,,,,2019-07-23T15:32:18Z,46.76021667,13.26148333,525.00,
16562,,,,,2019-07-23T15:32:19Z,46.76021667,13.26148333,525.00,
16563,,,,,2019-07-23T15:32:20Z,46.76021667,13.26148333,525.00,
16564,,,,,2019-07-23T15:32:21Z,46.76021667,13.26148333,525.00,
16565,,,,,2019-07-23T15:32:22Z,46.76021667,13.26148333,525.00,
16566,,,,,2019-07-23T15:32:23Z,46.76021667,13.26148333,525.00,
16567,,,,,2019-07-23T15:32:24Z,46.76021667,13.26148333,525.00,
16568,,,,,2019-07-23T15:32:25Z,46.76021667,13.26148333,525.00,
16569,,,,,2019-07-23T15:32:26Z,46.76021667,13.26148333,525.00,
16570,,,,,2019-07-23T15:32:27Z,46.76021667,13.26148333,525.00,
16571,,,,,2019-07-23T15:32:28Z,46.76021667,13.26148333,525.00,
16572,,,,,2019-07-23T15:32:29Z,46.76021667,13.26148333,525.00,
16573,,,,,2019-07-23T15:32:30Z,46.76021667,13.26146667,525.00,
16574,,,,,2019-07-23T15:32:31Z,46.76021667,13.26146667,525.00,
16575,,,,,2019-07-23T15:32:32Z,46.76021667,13.26146667,525.00,
16576,,,,,2019-07-23T15:32:33Z,46.76021667,13.26146667,525.00,
16577,,,,,2019-07-23T15:32:34Z,46.76021667,13.26146667,525.00,
16578,,,,,2019-07-23T15:32:35Z,46.76021667,13.26146667,525.00,
16579,,,,,2019-07-23T15:32:36Z,46.76021667,13.26146667,525.00,
16580,,,,,2019-07-23T15:32:37Z,46.76021667,13.26146667,525.00,
16581,,,,,2019-07-23T15:32:38Z,46.76021667,13.26146667,525.00,
16582,,,,,2019-07-23T15:32:39Z,46.76021667,13.26146667,525.00,
16583,,,,,2019-07-23T15:32:40Z,46.76021667,13.26146667,525.00,
16584,,,,,2019-07-23T15:32:41Z,46.76021667,13.26146667,525.00,
16585,,,,,2019-07-23T15:32:42Z,46.76021667,13.26146667,525.00,
16586,,,,,2019-07-23T15:32:43Z,46.76021667,13.26146667,525.00,
16587,,,,,2019-07-23T15:32:44Z,46.76021667,13.26146667,525.00,
16588,,,,,2019-07-23T15:32:45Z,46.76021667,13.26146667,525.00,
16589,,,,,2019-07-23T15:32:46Z,46.76021667,13.26146667,525.00,
16590,,,,,2019-07-23T15:32:47Z,46.76021667,13.26146667,525.00,
16591,,,,,2019-07-23T15:32:48Z,46.76021667,13.26146667,525.00,
16592,,,,,2019-07-23T15:32:49Z,46.76021667,13.26146667,525.00,
16593,,,,,2019-07-23T15:32:50Z,46.76021667,13.26146667,525.00,
16594,,,,,2019-07-23T15:32:51Z,46.76021667,13.26146667,525.00,
16595,,,,,2019-07-23T15:32:52Z,46.76021667,13.26146667,525.00,
16596,,,,,2019-07-23T15:32:53Z,46.76021667,13.26146667,525.00,
16597,,,,,2019-07-23T15:32:54Z,46.76021667,13.26146667,525.00,
16598,,,,,2019-07-23T15:32:55Z,46.76021667,13.26146667,525.00,
16599,,,,,2019-07-23T15:32:56Z,46.76021667,13.26146667,525.00,
16600,,,,,2019-07-23T15:32:57Z,46.76021667,13.26146667,525.00,
16601,,,,,2019-07-23T15:32:58Z,46.76021667,13.26146667,525.00,
16602,,,,,2019-07-23T15:32:59Z,46.76021667,13.26146667,525.00,
16603,,,,,2019-07-23T15:33:00Z,46.76021667,13.26146667,525.00,
16604,,,,,2019-07-23T15:33:01Z,46.76021667,13.26146667,525.00,
16605,,,,,2019-07-23T15:33:02Z,46.76021667,13.26146667,525.00,
16606,,,,,2019-07-23T15:33:03Z,46.76021667,13.26146667,525.00,
16607,,,,,2019-07-23T15:33:04Z,46.76021667,13.26146667,525.00,
16608,,,,,2019-07-23T15:33:05Z,46.76021667,13.26146667,525.00,
16609,,,,,2019-07-23T15:33:06Z,46.76021667,13.26146667,525.00,
16610,,,,,2019-07-23T15:33:07Z,46.76021667,13.26146667,525.00,
16611,,,,,2019-07-23T15:33:08Z,46.76021667,13.26146667,525.00,
16612,,,,,2019-07-23T15:33:09Z,46.76021667,13.26146667,525.00,
16613,,,,,2019-07-23T15:33:10Z,46.76021667,13.26146667,525.00,
16614,,,,,2019-07-23T15:33:11Z,46.76021667,13.26146667,525.00,
16615,,,,,2019-07-23T15:33:12Z,46.76021667,13.26146667,525.00,
16616,,,,,2019-07-23T15:33:13Z,46.76021667,13.26146667,525.00,
16617,,,,,2019-07-23T15:33:14Z,46.76021667,13.26146667,525.00,
16618,,,,,2019-07-23T15:33:15Z,46.76021667,13.26146667,525.00,
16619,,,,,2019-07-23T15:33:16Z,46.76021667,13.26148333,525.00,
16620,,,,,2019-07-23T15:33:17Z,46.76021667,13.26148333,525.00,
16621,,,,,2019-07-23T15:33:18Z,46.76021667,13.26148333,525.00,
16622,,,,,2019-07-23T15:33:19Z,46.76021667,13.26148333,525.00,
16623,,,,,2019-07-23T15:33:20Z,46.76021667,13.26148333,525.00,
16624,,,,,2019-07-23T15:33:21Z,46.76021667,13.26148333,525.00,
16625,,,,,2019-07-23T15:33:22Z,46.76021667,13.26148333,525.00,
16626,,,,,2019-07-23T15:33:23Z,46.76021667,13.26148333,525.00,
16627,,,,,2019-07-23T15:33:24Z,46.76021667,13.26148333,525.00,
16628,,,,,2019-07-23T15:33:25Z,46.76021667,13.26148333,525.00,
16629,,,,,2019-07-23T15:33:26Z,46.76021667,13.26148333,525.00,
16630,,,,,2019-07-23T15:33:27Z,46.76021667,13.26148333,525.00,
16631,,,,,2019-07-23T15:33:28Z,46.76021667,13.26148333,525.00,
16632,,,,,2019-07-23T15:33:29Z,46.76021667,13.26148333,525.00,
16633,,,,,2019-07-23T15:33:30Z,46.76021667,13.26148333,525.00,
16634,,,,,2019-07-23T15:33:31Z,46.76021667,13.26148333,525.00,
16635,,,,,2019-07-23T15:33:32Z,46.76021667,13.26148333,525.00,
16636,,,,,2019-07-23T15:33:33Z,46.76021667,13.26148333,525.00,
16637,,,,,2019-07-23T15:33:34Z,46.76021667,13.26148333,525.00,
16638,,,,,2019-07-23T15:33:35Z,46.76021667,13.26148333,525.00,
16639,,,,,2019-07-23T15:33:36Z,46.76021667,13.26148333,525.00,
16640,,,,,2019-07-23T15:33:37Z,46.76021667,13.26148333,525.00,
16641,,,,,2019-07-23T15:33:38Z,46.76021667,13.26148333,525.00,
16642,,,,,2019-07-23T15:33:39Z,46.76021667,13.26148333,525.00,
16643,,,,,2019-07-23T15:33:40Z,46.76021667,13.26148333,525.00,
16644,,,,,2019-07-23T15:33:41Z,46.76021667,13.26148333,525.00,
16645,,,,,2019-07-23T15:33:42Z,46.76021667,13.26148333,525.00,
16646,,,,,2019-07-23T15:33:43Z,46.76021667,13.26148333,525.00,
16647,,,,,2019-07-23T15:33:44Z,46.76021667,13.26148333,525.00,
16648,,,,,2019-07-23T15:33:45Z,46.76021667,13.26148333,525.00,
16649,,,,,2019-07-23T15:33:46Z,46.76021667,13.26148333,525.00,
16650,,,,,2019-07-23T15:33:47Z,46.76021667,13.26148333,525.00,
16651,,,,,2019-07-23T15:33:48Z,46.76021667,13.26148333,525.00,
16652,,,,,2019-07-23T15:33:49Z,46.76021667,13.26148333,525.00,
16653,,,,,2019-07-23T15:33:50Z,46.76021667,13.26148333,525.00,
16654,,,,,2019-07-23T15:33:51Z,46.76021667,13.26148333,525.00,
16655,,,,,2019-07-23T15:33:52Z,46.76021667,13.26148333,525.00,
16656,,,,,2019-07-23T15:33:53Z,46.76021667,13.26148333,525.00,
16657,,,,,2019-07-23T15:33:54Z,46.76021667,13.26148333,525.00,
16658,,,,,2019-07-23T15:33:55Z,46.76021667,13.26148333,525.00,
16659,,,,,2019-07-23T15:33:56Z,46.76021667,13.26148333,525.00,
16660,,,,,2019-07-23T15:33:57Z,46.76021667,13.26148333,525.00,
16661,,,,,2019-07-23T15:33:58Z,46.76021667,13.26148333,525.00,
16662,,,,,2019-07-23T15:33:59Z,46.76021667,13.26148333,525.00,
16663,,,,,2019-07-23T15:34:00Z,46.76021667,13.26148333,525.00,
16664,,,,,2019-07-23T15:34:01Z,46.76021667,13.26148333,524.00,
16665,,,,,2019-07-23T15:34:02Z,46.76021667,13.26148333,524.00,
16666,,,,,2019-07-23T15:34:03Z,46.76021667,13.26148333,525.00,
16667,,,,,2019-07-23T15:34:04Z,46.76021667,13.26148333,525.00,
16668,,,,,2019-07-23T15:34:05Z,46.76021667,13.26148333,524.00,
16669,,,,,2019-07-23T15:34:06Z,46.76021667,13.26148333,525.00,
16670,,,,,2019-07-23T15:34:07Z,46.76021667,13.26148333,524.00,
16671,,,,,2019-07-23T15:34:08Z,46.76021667,13.26148333,524.00,
16672,,,,,2019-07-23T15:34:09Z,46.76021667,13.26148333,525.00,
16673,,,,,2019-07-23T15:34:10Z,46.76021667,13.26148333,525.00,
16674,,,,,2019-07-23T15:34:11Z,46.76021667,13.26148333,525.00,
16675,,,,,2019-07-23T15:34:12Z,46.76021667,13.26148333,525.00,
16676,,,,,2019-07-23T15:34:13Z,46.76021667,13.26148333,525.00,
16677,,,,,2019-07-23T15:34:14Z,46.76021667,13.26148333,525.00,
16678,,,,,2019-07-23T15:34:15Z,46.76021667,13.26148333,525.00,
16679,,,,,2019-07-23T15:34:16Z,46.76021667,13.26148333,525.00,
16680,,,,,2019-07-23T15:34:17Z,46.76021667,13.26148333,525.00,
16681,,,,,2019-07-23T15:34:18Z,46.76021667,13.26148333,525.00,
16682,,,,,2019-07-23T15:34:19Z,46.76021667,13.26148333,525.00,
16683,,,,,2019-07-23T15:34:20Z,46.76021667,13.26148333,525.00,
16684,,,,,2019-07-23T15:34:21Z,46.76021667,13.26148333,525.00,
16685,,,,,2019-07-23T15:34:22Z,46.76021667,13.26148333,525.00,
16686,,,,,2019-07-23T15:34:23Z,46.76021667,13.26148333,524.00,
16687,,,,,2019-07-23T15:34:24Z,46.76021667,13.26148333,525.00,
16688,,,,,2019-07-23T15:34:25Z,46.76021667,13.26148333,525.00,
16689,,,,,2019-07-23T15:34:26Z,46.76021667,13.26148333,525.00,
16690,,,,,2019-07-23T15:34:27Z,46.76021667,13.26148333,525.00,
16691,,,,,2019-07-23T15:34:28Z,46.76021667,13.26148333,525.00,
16692,,,,,2019-07-23T15:34:29Z,46.76021667,13.26148333,525.00,
16693,,,,,2019-07-23T15:34:30Z,46.76021667,13.26148333,525.00,
16694,,,,,2019-07-23T15:34:31Z,46.76021667,13.26148333,525.00,
16695,,,,,2019-07-23T15:34:32Z,46.76021667,13.26148333,524.00,
16696,,,,,2019-07-23T15:34:33Z,46.76021667,13.26148333,525.00,
16697,,,,,2019-07-23T15:34:34Z,46.76021667,13.26148333,525.00,
16698,,,,,2019-07-23T15:34:35Z,46.76021667,13.26148333,524.00,
16699,,,,,2019-07-23T15:34:36Z,46.76021667,13.26148333,524.00,
16700,,,,,2019-07-23T15:34:37Z,46.76021667,13.26148333,524.00,
16701,,,,,2019-07-23T15:34:38Z,46.76021667,13.26148333,524.00,
16702,,,,,2019-07-23T15:34:39Z,46.76021667,13.26148333,525.00,
16703,,,,,2019-07-23T15:34:40Z,46.76021667,13.26148333,525.00,
16704,,,,,2019-07-23T15:34:41Z,46.76021667,13.26148333,525.00,
16705,,,,,2019-07-23T15:34:42Z,46.76021667,13.26148333,525.00,
16706,,,,,2019-07-23T15:34:43Z,46.76021667,13.26148333,525.00,
16707,,,,,2019-07-23T15:34:44Z,46.76021667,13.26146667,525.00,
16708,,,,,2019-07-23T15:34:45Z,46.76021667,13.26146667,525.00,
16709,,,,,2019-07-23T15:34:46Z,46.76021667,13.26146667,524.00,
16710,,,,,2019-07-23T15:34:47Z,46.76021667,13.26146667,524.00,
16711,,,,,2019-07-23T15:34:48Z,46.76021667,13.26146667,524.00,
16712,,,,,2019-07-23T15:34:49Z,46.76021667,13.26146667,524.00,
16713,,,,,2019-07-23T15:34:50Z,46.76021667,13.26146667,524.00,
16714,,,,,2019-07-23T15:34:51Z,46.76021667,13.26146667,524.00,
16715,,,,,2019-07-23T15:34:52Z,46.76021667,13.26146667,525.00,
16716,,,,,2019-07-23T15:34:53Z,46.76021667,13.26146667,525.00,
16717,,,,,2019-07-23T15:34:54Z,46.76021667,13.26146667,525.00,
16718,,,,,2019-07-23T15:34:55Z,46.76021667,13.26146667,525.00,
16719,,,,,2019-07-23T15:34:56Z,46.76021667,13.26146667,525.00,
16720,,,,,2019-07-23T15:34:57Z,46.76021667,13.26146667,525.00,
16721,,,,,2019-07-23T15:34:58Z,46.76021667,13.26146667,525.00,
16722,,,,,2019-07-23T15:34:59Z,46.76021667,13.26146667,525.00,
16723,,,,,2019-07-23T15:35:00Z,46.76021667,13.26146667,525.00,
16724,,,,,2019-07-23T15:35:01Z,46.76020000,13.26146667,525.00,
16725,,,,,2019-07-23T15:35:02Z,46.76020000,13.26148333,525.00,
16726,,,,,2019-07-23T15:35:03Z,46.76020000,13.26148333,525.00,
16727,,,,,2019-07-23T15:35:04Z,46.76020000,13.26148333,525.00,
16728,,,,,2019-07-23T15:35:05Z,46.76020000,13.26148333,525.00,
16729,,,,,2019-07-23T15:35:06Z,46.76020000,13.26148333,525.00,
16730,,,,,2019-07-23T15:35:07Z,46.76020000,13.26148333,525.00,
16731,,,,,2019-07-23T15:35:08Z,46.76020000,13.26148333,525.00,
16732,,,,,2019-07-23T15:35:09Z,46.76020000,13.26148333,525.00,
16733,,,,,2019-07-23T15:35:10Z,46.76020000,13.26148333,525.00,
16734,,,,,2019-07-23T15:35:11Z,46.76020000,13.26148333,525.00,
16735,,,,,2019-07-23T15:35:12Z,46.76020000,13.26148333,525.00,
16736,,,,,2019-07-23T15:35:13Z,46.76020000,13.26148333,525.00,
16737,,,,,2019-07-23T15:35:14Z,46.76020000,13.26148333,525.00,
16738,,,,,2019-07-23T15:35:15Z,46.76020000,13.26148333,525.00,
16739,,,,,2019-07-23T15:35:16Z,46.76020000,13.26148333,525.00,
16740,,,,,2019-07-23T15:35:17Z,46.76020000,13.26148333,525.00,
16741,,,,,2019-07-23T15:35:18Z,46.76020000,13.26148333,525.00,
16742,,,,,2019-07-23T15:35:19Z,46.76020000,13.26148333,525.00,
16743,,,,,2019-07-23T15:35:20Z,46.76020000,13.26148333,525.00,
16744,,,,,2019-07-23T15:35:21Z,46.76020000,13.26148333,525.00,
16745,,,,,2019-07-23T15:35:22Z,46.76020000,13.26148333,525.00,
16746,,,,,2019-07-23T15:35:23Z,46.76020000,13.26148333,524.00,
16747,,,,,2019-07-23T15:35:24Z,46.76020000,13.26148333,525.00,
16748,,,,,2019-07-23T15:35:25Z,46.76020000,13.26148333,525.00,
16749,,,,,2019-07-23T15:35:26Z,46.76020000,13.26148333,525.00,
16750,,,,,2019-07-23T15:35:27Z,46.76020000,13.26148333,525.00,
16751,,,,,2019-07-23T15:35:28Z,46.76020000,13.26148333,525.00,
16752,,,,,2019-07-23T15:35:29Z,46.76020000,13.26148333,525.00,
16753,,,,,2019-07-23T15:35:30Z,46.76020000,13.26148333,525.00,
16754,,,,,2019-07-23T15:35:31Z,46.76020000,13.26148333,524.00,
16755,,,,,2019-07-23T15:35:32Z,46.76020000,13.26148333,525.00,
16756,,,,,2019-07-23T15:35:33Z,46.76020000,13.26148333,525.00,
16757,,,,,2019-07-23T15:35:34Z,46.76020000,13.26148333,525.00,
16758,,,,,2019-07-23T15:35:35Z,46.76020000,13.26148333,525.00,
16759,,,,,2019-07-23T15:35:36Z,46.76020000,13.26148333,525.00,
16760,,,,,2019-07-23T15:35:37Z,46.76020000,13.26148333,525.00,
16761,,,,,2019-07-23T15:35:38Z,46.76020000,13.26148333,525.00,
16762,,,,,2019-07-23T15:35:39Z,46.76020000,13.26148333,524.00,
16763,,,,,2019-07-23T15:35:40Z,46.76020000,13.26148333,524.00,
16764,,,,,2019-07-23T15:35:41Z,46.76020000,13.26148333,524.00,
16765,,,,,2019-07-23T15:35:42Z,46.76020000,13.26150000,525.00,
16766,,,,,2019-07-23T15:35:43Z,46.76020000,13.26150000,525.00,
16767,,,,,2019-07-23T15:35:44Z,46.76020000,13.26150000,525.00,
16768,,,,,2019-07-23T15:35:45Z,46.76020000,13.26150000,525.00,
16769,,,,,2019-07-23T15:35:46Z,46.76020000,13.26148333,525.00,
16770,,,,,2019-07-23T15:35:47Z,46.76020000,13.26148333,525.00,
16771,,,,,2019-07-23T15:35:48Z,46.76020000,13.26148333,525.00,
16772,,,,,2019-07-23T15:35:49Z,46.76020000,13.26148333,525.00,
16773,,,,,2019-07-23T15:35:50Z,46.76020000,13.26148333,524.00,
16774,,,,,2019-07-23T15:35:51Z,46.76020000,13.26150000,524.00,
16775,,,,,2019-07-23T15:35:52Z,46.76020000,13.26150000,524.00,
16776,,,,,2019-07-23T15:35:53Z,46.76020000,13.26150000,524.00,
16777,,,,,2019-07-23T15:35:54Z,46.76020000,13.26150000,524.00,
16778,,,,,2019-07-23T15:35:55Z,46.76020000,13.26150000,524.00,
16779,,,,,2019-07-23T15:35:56Z,46.76020000,13.26150000,524.00,
16780,,,,,2019-07-23T15:35:57Z,46.76020000,13.26150000,524.00,
16781,,,,,2019-07-23T15:35:58Z,46.76020000,13.26150000,524.00,
16782,,,,,2019-07-23T15:35:59Z,46.76020000,13.26150000,524.00,
16783,,,,,2019-07-23T15:36:00Z,46.76020000,13.26150000,524.00,
16784,,,,,2019-07-23T15:36:01Z,46.76020000,13.26150000,524.00,
16785,,,,,2019-07-23T15:36:02Z,46.76020000,13.26150000,524.00,
16786,,,,,2019-07-23T15:36:03Z,46.76020000,13.26150000,525.00,
16787,,,,,2019-07-23T15:36:04Z,46.76020000,13.26150000,524.00,
16788,,,,,2019-07-23T15:36:05Z,46.76020000,13.26150000,524.00,
16789,,,,,2019-07-23T15:36:06Z,46.76020000,13.26150000,524.00,
16790,,,,,2019-07-23T15:36:07Z,46.76020000,13.26150000,524.00,
16791,,,,,2019-07-23T15:36:08Z,46.76020000,13.26150000,524.00,
16792,,,,,2019-07-23T15:36:09Z,46.76020000,13.26150000,524.00,
16793,,,,,2019-07-23T15:36:10Z,46.76020000,13.26150000,525.00,
16794,,,,,2019-07-23T15:36:11Z,46.76020000,13.26150000,525.00,
16795,,,,,2019-07-23T15:36:12Z,46.76020000,13.26150000,524.00,
16796,,,,,2019-07-23T15:36:13Z,46.76020000,13.26150000,524.00,
16797,,,,,2019-07-23T15:36:14Z,46.76020000,13.26150000,524.00,
16798,,,,,2019-07-23T15:36:15Z,46.76020000,13.26150000,524.00,
16799,,,,,2019-07-23T15:36:16Z,46.76020000,13.26150000,524.00,
16800,,,,,2019-07-23T15:36:17Z,46.76020000,13.26150000,524.00,
16801,,,,,2019-07-23T15:36:18Z,46.76020000,13.26150000,524.00,
16802,,,,,2019-07-23T15:36:19Z,46.76020000,13.26150000,524.00,
16803,,,,,2019-07-23T15:36:20Z,46.76020000,13.26150000,525.00,
16804,,,,,2019-07-23T15:36:21Z,46.76020000,13.26150000,525.00,
16805,,,,,2019-07-23T15:36:22Z,46.76020000,13.26150000,525.00,
16806,,,,,2019-07-23T15:36:23Z,46.76020000,13.26150000,524.00,
16807,,,,,2019-07-23T15:36:24Z,46.76020000,13.26150000,524.00,
16808,,,,,2019-07-23T15:36:25Z,46.76020000,13.26150000,524.00,
16809,,,,,2019-07-23T15:36:26Z,46.76020000,13.26150000,524.00,
16810,,,,,2019-07-23T15:36:27Z,46.76020000,13.26150000,524.00,
16811,,,,,2019-07-23T15:36:28Z,46.76020000,13.26150000,524.00,
16812,,,,,2019-07-23T15:36:29Z,46.76020000,13.26150000,525.00,
16813,,,,,2019-07-23T15:36:30Z,46.76020000,13.26150000,525.00,
16814,,,,,2019-07-23T15:36:31Z,46.76020000,13.26150000,525.00,
16815,,,,,2019-07-23T15:36:32Z,46.76020000,13.26150000,525.00,
16816,,,,,2019-07-23T15:36:33Z,46.76020000,13.26150000,524.00,
16817,,,,,2019-07-23T15:36:34Z,46.76020000,13.26150000,524.00,
16818,,,,,2019-07-23T15:36:35Z,46.76020000,13.26150000,524.00,
16819,,,,,2019-07-23T15:36:36Z,46.76020000,13.26150000,524.00,
16820,,,,,2019-07-23T15:36:37Z,46.76020000,13.26150000,525.00,
16821,,,,,2019-07-23T15:36:38Z,46.76020000,13.26150000,525.00,
16822,,,,,2019-07-23T15:36:39Z,46.76020000,13.26150000,524.00,
16823,,,,,2019-07-23T15:36:40Z,46.76020000,13.26150000,524.00,
16824,,,,,2019-07-23T15:36:41Z,46.76020000,13.26150000,524.00,
16825,,,,,2019-07-23T15:36:42Z,46.76020000,13.26148333,524.00,
16826,,,,,2019-07-23T15:36:43Z,46.76020000,13.26148333,524.00,
16827,,,,,2019-07-23T15:36:44Z,46.76020000,13.26148333,524.00,
16828,,,,,2019-07-23T15:36:45Z,46.76020000,13.26148333,524.00,
16829,,,,,2019-07-23T15:36:46Z,46.76020000,13.26148333,524.00,
16830,,,,,2019-07-23T15:36:47Z,46.76020000,13.26148333,524.00,
16831,,,,,2019-07-23T15:36:48Z,46.76020000,13.26148333,524.00,
16832,,,,,2019-07-23T15:36:49Z,46.76020000,13.26148333,524.00,
16833,,,,,2019-07-23T15:36:50Z,46.76020000,13.26148333,524.00,
16834,,,,,2019-07-23T15:36:51Z,46.76020000,13.26148333,524.00,
16835,,,,,2019-07-23T15:36:52Z,46.76020000,13.26148333,524.00,
16836,,,,,2019-07-23T15:36:53Z,46.76020000,13.26148333,524.00,
16837,,,,,2019-07-23T15:36:54Z,46.76020000,13.26148333,524.00,
16838,,,,,2019-07-23T15:36:55Z,46.76020000,13.26148333,524.00,
16839,,,,,2019-07-23T15:36:56Z,46.76020000,13.26148333,524.00,
16840,,,,,2019-07-23T15:36:57Z,46.76020000,13.26148333,524.00,
16841,,,,,2019-07-23T15:36:58Z,46.76020000,13.26148333,524.00,
16842,,,,,2019-07-23T15:36:59Z,46.76020000,13.26148333,524.00,
16843,,,,,2019-07-23T15:37:00Z,46.76020000,13.26148333,524.00,
16844,,,,,2019-07-23T15:37:01Z,46.76020000,13.26148333,525.00,
16845,,,,,2019-07-23T15:37:02Z,46.76020000,13.26148333,525.00,
16846,,,,,2019-07-23T15:37:03Z,46.76020000,13.26148333,525.00,
16847,,,,,2019-07-23T15:37:04Z,46.76020000,13.26148333,525.00,
16848,,,,,2019-07-23T15:37:05Z,46.76020000,13.26148333,525.00,
16849,,,,,2019-07-23T15:37:06Z,46.76020000,13.26148333,525.00,
16850,,,,,2019-07-23T15:37:07Z,46.76020000,13.26148333,524.00,
16851,,,,,2019-07-23T15:37:08Z,46.76021667,13.26148333,524.00,
16852,,,,,2019-07-23T15:37:09Z,46.76020000,13.26148333,524.00,
16853,,,,,2019-07-23T15:37:10Z,46.76020000,13.26148333,524.00,
16854,,,,,2019-07-23T15:37:11Z,46.76020000,13.26148333,524.00,
16855,,,,,2019-07-23T15:37:12Z,46.76020000,13.26148333,524.00,
16856,,,,,2019-07-23T15:37:13Z,46.76020000,13.26148333,524.00,
16857,,,,,2019-07-23T15:37:14Z,46.76020000,13.26148333,524.00,
16858,,,,,2019-07-23T15:37:15Z,46.76020000,13.26148333,524.00,
16859,,,,,2019-07-23T15:37:16Z,46.76020000,13.26150000,524.00,
16860,,,,,2019-07-23T15:37:17Z,46.76020000,13.26150000,524.00,
16861,,,,,2019-07-23T15:37:18Z,46.76020000,13.26148333,524.00,
16862,,,,,2019-07-23T15:37:19Z,46.76020000,13.26148333,524.00,
16863,,,,,2019-07-23T15:37:20Z,46.76020000,13.26148333,524.00,
16864,,,,,2019-07-23T15:37:21Z,46.76020000,13.26148333,524.00,
16865,,,,,2019-07-23T15:37:22Z,46.76020000,13.26148333,524.00,
16866,,,,,2019-07-23T15:37:23Z,46.76020000,13.26148333,524.00,
16867,,,,,2019-07-23T15:37:24Z,46.76020000,13.26148333,524.00,
16868,,,,,2019-07-23T15:37:25Z,46.76020000,13.26148333,524.00,
16869,,,,,2019-07-23T15:37:26Z,46.76020000,13.26148333,524.00,
16870,,,,,2019-07-23T15:37:27Z,46.76020000,13.26148333,524.00,
16871,,,,,2019-07-23T15:37:28Z,46.76020000,13.26148333,524.00,
16872,,,,,2019-07-23T15:37:29Z,46.76020000,13.26148333,524.00,
16873,,,,,2019-07-23T15:37:30Z,46.76020000,13.26148333,524.00,
16874,,,,,2019-07-23T15:37:31Z,46.76020000,13.26148333,524.00,
16875,,,,,2019-07-23T15:37:32Z,46.76020000,13.26148333,524.00,
16876,,,,,2019-07-23T15:37:33Z,46.76020000,13.26148333,524.00,
16877,,,,,2019-07-23T15:37:34Z,46.76020000,13.26150000,524.00,
16878,,,,,2019-07-23T15:37:35Z,46.76020000,13.26150000,524.00,
16879,,,,,2019-07-23T15:37:36Z,46.76020000,13.26150000,524.00,
16880,,,,,2019-07-23T15:37:37Z,46.76020000,13.26150000,524.00,
16881,,,,,2019-07-23T15:37:38Z,46.76020000,13.26150000,524.00,
16882,,,,,2019-07-23T15:37:39Z,46.76020000,13.26150000,524.00,
16883,,,,,2019-07-23T15:37:40Z,46.76020000,13.26150000,524.00,
16884,,,,,2019-07-23T15:37:41Z,46.76020000,13.26150000,524.00,
16885,,,,,2019-07-23T15:37:42Z,46.76020000,13.26148333,524.00,
16886,,,,,2019-07-23T15:37:43Z,46.76020000,13.26150000,524.00,
16887,,,,,2019-07-23T15:37:44Z,46.76020000,13.26150000,524.00,
16888,,,,,2019-07-23T15:37:45Z,46.76020000,13.26150000,524.00,
16889,,,,,2019-07-23T15:37:46Z,46.76020000,13.26150000,524.00,
16890,,,,,2019-07-23T15:37:47Z,46.76020000,13.26148333,524.00,
16891,,,,,2019-07-23T15:37:48Z,46.76020000,13.26148333,524.00,
16892,,,,,2019-07-23T15:37:49Z,46.76020000,13.26148333,524.00,
16893,,,,,2019-07-23T15:37:50Z,46.76020000,13.26148333,525.00,
16894,,,,,2019-07-23T15:37:51Z,46.76020000,13.26148333,524.00,
16895,,,,,2019-07-23T15:37:52Z,46.76020000,13.26148333,524.00,
16896,,,,,2019-07-23T15:37:53Z,46.76020000,13.26148333,524.00,
16897,,,,,2019-07-23T15:37:54Z,46.76020000,13.26148333,524.00,
16898,,,,,2019-07-23T15:37:55Z,46.76020000,13.26148333,524.00,
16899,,,,,2019-07-23T15:37:56Z,46.76020000,13.26148333,524.00,
16900,,,,,2019-07-23T15:37:57Z,46.76020000,13.26148333,524.00,
16901,,,,,2019-07-23T15:37:58Z,46.76020000,13.26148333,524.00,
16902,,,,,2019-07-23T15:37:59Z,46.76020000,13.26148333,524.00,
16903,,,,,2019-07-23T15:38:00Z,46.76020000,13.26150000,524.00,
16904,,,,,2019-07-23T15:38:01Z,46.76020000,13.26150000,524.00,
16905,,,,,2019-07-23T15:38:02Z,46.76020000,13.26150000,524.00,
16906,,,,,2019-07-23T15:38:03Z,46.76020000,13.26150000,524.00,
16907,,,,,2019-07-23T15:38:04Z,46.76020000,13.26150000,524.00,
16908,,,,,2019-07-23T15:38:05Z,46.76020000,13.26150000,524.00,
16909,,,,,2019-07-23T15:38:06Z,46.76020000,13.26150000,524.00,
16910,,,,,2019-07-23T15:38:07Z,46.76020000,13.26150000,524.00,
16911,,,,,2019-07-23T15:38:08Z,46.76020000,13.26150000,524.00,
16912,,,,,2019-07-23T15:38:09Z,46.76020000,13.26150000,524.00,
16913,,,,,2019-07-23T15:38:10Z,46.76020000,13.26150000,524.00,
16914,,,,,2019-07-23T15:38:11Z,46.76020000,13.26150000,524.00,
16915,,,,,2019-07-23T15:38:12Z,46.76020000,13.26150000,524.00,
16916,,,,,2019-07-23T15:38:13Z,46.76020000,13.26150000,524.00,
16917,,,,,2019-07-23T15:38:14Z,46.76020000,13.26150000,524.00,
16918,,,,,2019-07-23T15:38:15Z,46.76020000,13.26150000,524.00,
16919,,,,,2019-07-23T15:38:16Z,46.76020000,13.26150000,524.00,
16920,,,,,2019-07-23T15:38:17Z,46.76020000,13.26150000,524.00,
16921,,,,,2019-07-23T15:38:18Z,46.76020000,13.26150000,524.00,
16922,,,,,2019-07-23T15:38:19Z,46.76020000,13.26150000,524.00,
16923,,,,,2019-07-23T15:38:20Z,46.76020000,13.26150000,524.00,
16924,,,,,2019-07-23T15:38:21Z,46.76020000,13.26150000,524.00,
16925,,,,,2019-07-23T15:38:22Z,46.76020000,13.26150000,524.00,
16926,,,,,2019-07-23T15:38:23Z,46.76020000,13.26150000,524.00,
16927,,,,,2019-07-23T15:38:24Z,46.76020000,13.26150000,524.00,
16928,,,,,2019-07-23T15:38:25Z,46.76020000,13.26150000,524.00,
16929,,,,,2019-07-23T15:38:26Z,46.76020000,13.26150000,524.00,
16930,,,,,2019-07-23T15:38:27Z,46.76020000,13.26150000,524.00,
16931,,,,,2019-07-23T15:38:28Z,46.76020000,13.26150000,524.00,
16932,,,,,2019-07-23T15:38:29Z,46.76020000,13.26150000,524.00,
16933,,,,,2019-07-23T15:38:30Z,46.76020000,13.26150000,524.00,
16934,,,,,2019-07-23T15:38:31Z,46.76020000,13.26150000,524.00,
16935,,,,,2019-07-23T15:38:32Z,46.76020000,13.26150000,524.00,
16936,,,,,2019-07-23T15:38:33Z,46.76020000,13.26150000,524.00,
16937,,,,,2019-07-23T15:38:34Z,46.76020000,13.26150000,524.00,
16938,,,,,2019-07-23T15:38:35Z,46.76020000,13.26150000,524.00,
16939,,,,,2019-07-23T15:38:36Z,46.76020000,13.26150000,524.00,
16940,,,,,2019-07-23T15:38:37Z,46.76020000,13.26150000,524.00,
16941,,,,,2019-07-23T15:38:38Z,46.76020000,13.26150000,524.00,
16942,,,,,2019-07-23T15:38:39Z,46.76020000,13.26150000,524.00,
16943,,,,,2019-07-23T15:38:40Z,46.76020000,13.26151667,524.00,
16944,,,,,2019-07-23T15:38:41Z,46.76020000,13.26151667,524.00,
16945,,,,,2019-07-23T15:38:42Z,46.76020000,13.26151667,524.00,
16946,,,,,2019-07-23T15:38:43Z,46.76020000,13.26151667,524.00,
16947,,,,,2019-07-23T15:38:44Z,46.76020000,13.26151667,524.00,
16948,,,,,2019-07-23T15:38:45Z,46.76020000,13.26151667,524.00,
16949,,,,,2019-07-23T15:38:46Z,46.76020000,13.26151667,524.00,
16950,,,,,2019-07-23T15:38:47Z,46.76020000,13.26151667,524.00,
16951,,,,,2019-07-23T15:38:48Z,46.76020000,13.26151667,524.00,
16952,,,,,2019-07-23T15:38:49Z,46.76020000,13.26151667,524.00,
16953,,,,,2019-07-23T15:38:50Z,46.76020000,13.26151667,524.00,
16954,,,,,2019-07-23T15:38:51Z,46.76020000,13.26151667,524.00,
16955,,,,,2019-07-23T15:38:52Z,46.76020000,13.26151667,524.00,
16956,,,,,2019-07-23T15:38:53Z,46.76020000,13.26150000,524.00,
16957,,,,,2019-07-23T15:38:54Z,46.76020000,13.26150000,524.00,
16958,,,,,2019-07-23T15:38:55Z,46.76020000,13.26150000,524.00,
16959,,,,,2019-07-23T15:38:56Z,46.76020000,13.26150000,524.00,
16960,,,,,2019-07-23T15:38:57Z,46.76020000,13.26150000,524.00,
16961,,,,,2019-07-23T15:38:58Z,46.76020000,13.26150000,524.00,
16962,,,,,2019-07-23T15:38:59Z,46.76020000,13.26150000,524.00,
16963,,,,,2019-07-23T15:39:00Z,46.76020000,13.26150000,524.00,
16964,,,,,2019-07-23T15:39:01Z,46.76020000,13.26150000,524.00,
16965,,,,,2019-07-23T15:39:02Z,46.76020000,13.26150000,524.00,
16966,,,,,2019-07-23T15:39:03Z,46.76020000,13.26150000,524.00,
16967,,,,,2019-07-23T15:39:04Z,46.76020000,13.26150000,524.00,
16968,,,,,2019-07-23T15:39:05Z,46.76020000,13.26150000,524.00,
16969,,,,,2019-07-23T15:39:06Z,46.76020000,13.26150000,524.00,
16970,,,,,2019-07-23T15:39:07Z,46.76020000,13.26150000,524.00,
16971,,,,,2019-07-23T15:39:08Z,46.76020000,13.26150000,524.00,
16972,,,,,2019-07-23T15:39:09Z,46.76020000,13.26150000,524.00,
16973,,,,,2019-07-23T15:39:10Z,46.76020000,13.26150000,524.00,
16974,,,,,2019-07-23T15:39:11Z,46.76020000,13.26150000,525.00,
16975,,,,,2019-07-23T15:39:12Z,46.76020000,13.26150000,524.00,
16976,,,,,2019-07-23T15:39:13Z,46.76020000,13.26150000,524.00,
16977,,,,,2019-07-23T15:39:14Z,46.76020000,13.26150000,524.00,
16978,,,,,2019-07-23T15:39:15Z,46.76020000,13.26150000,524.00,
16979,,,,,2019-07-23T15:39:16Z,46.76020000,13.26150000,524.00,
16980,,,,,2019-07-23T15:39:17Z,46.76020000,13.26150000,524.00,
16981,,,,,2019-07-23T15:39:18Z,46.76020000,13.26150000,524.00,
16982,,,,,2019-07-23T15:39:19Z,46.76020000,13.26150000,524.00,
16983,,,,,2019-07-23T15:39:20Z,46.76020000,13.26150000,524.00,
16984,,,,,2019-07-23T15:39:21Z,46.76020000,13.26150000,524.00,
16985,,,,,2019-07-23T15:39:22Z,46.76020000,13.26150000,524.00,
16986,,,,,2019-07-23T15:39:23Z,46.76020000,13.26150000,524.00,
16987,,,,,2019-07-23T15:39:24Z,46.76020000,13.26150000,524.00,
16988,,,,,2019-07-23T15:39:25Z,46.76020000,13.26150000,524.00,
16989,,,,,2019-07-23T15:39:26Z,46.76020000,13.26150000,524.00,
16990,,,,,2019-07-23T15:39:27Z,46.76020000,13.26150000,524.00,
16991,,,,,2019-07-23T15:39:28Z,46.76020000,13.26150000,524.00,
16992,,,,,2019-07-23T15:39:29Z,46.76020000,13.26150000,524.00,
16993,,,,,2019-07-23T15:39:30Z,46.76020000,13.26150000,524.00,
16994,,,,,2019-07-23T15:39:31Z,46.76020000,13.26150000,524.00,
16995,,,,,2019-07-23T15:39:32Z,46.76020000,13.26150000,524.00,
16996,,,,,2019-07-23T15:39:33Z,46.76020000,13.26150000,524.00,
16997,,,,,2019-07-23T15:39:34Z,46.76020000,13.26150000,524.00,
16998,,,,,2019-07-23T15:39:35Z,46.76020000,13.26150000,524.00,
16999,,,,,2019-07-23T15:39:36Z,46.76020000,13.26150000,524.00,
17000,,,,,2019-07-23T15:39:37Z,46.76020000,13.26150000,524.00,
17001,,,,,2019-07-23T15:39:38Z,46.76020000,13.26150000,524.00,
17002,,,,,2019-07-23T15:39:39Z,46.76020000,13.26150000,524.00,
17003,,,,,2019-07-23T15:39:40Z,46.76020000,13.26150000,524.00,
17004,,,,,2019-07-23T15:39:41Z,46.76020000,13.26150000,524.00,
17005,,,,,2019-07-23T15:39:42Z,46.76020000,13.26150000,524.00,
17006,,,,,2019-07-23T15:39:43Z,46.76020000,13.26150000,524.00,
17007,,,,,2019-07-23T15:39:44Z,46.76020000,13.26150000,524.00,
17008,,,,,2019-07-23T15:39:45Z,46.76020000,13.26150000,524.00,
17009,,,,,2019-07-23T15:39:46Z,46.76020000,13.26150000,524.00,
17010,,,,,2019-07-23T15:39:47Z,46.76020000,13.26150000,524.00,
17011,,,,,2019-07-23T15:39:48Z,46.76020000,13.26150000,524.00,
17012,,,,,2019-07-23T15:39:49Z,46.76020000,13.26150000,524.00,
17013,,,,,2019-07-23T15:39:50Z,46.76020000,13.26150000,524.00,
17014,,,,,2019-07-23T15:39:51Z,46.76020000,13.26150000,524.00,
17015,,,,,2019-07-23T15:39:52Z,46.76020000,13.26150000,524.00,
17016,,,,,2019-07-23T15:39:53Z,46.76020000,13.26150000,524.00,
17017,,,,,2019-07-23T15:39:54Z,46.76020000,13.26150000,524.00,
17018,,,,,2019-07-23T15:39:55Z,46.76020000,13.26150000,524.00,
17019,,,,,2019-07-23T15:39:56Z,46.76020000,13.26150000,524.00,
17020,,,,,2019-07-23T15:39:57Z,46.76020000,13.26150000,524.00,
17021,,,,,2019-07-23T15:39:58Z,46.76020000,13.26150000,524.00,
17022,,,,,2019-07-23T15:39:59Z,46.76020000,13.26150000,525.00,
17023,,,,,2019-07-23T15:40:00Z,46.76020000,13.26150000,524.00,
17024,,,,,2019-07-23T15:40:01Z,46.76020000,13.26150000,524.00,
17025,,,,,2019-07-23T15:40:02Z,46.76020000,13.26150000,524.00,
17026,,,,,2019-07-23T15:40:03Z,46.76020000,13.26150000,524.00,
17027,,,,,2019-07-23T15:40:04Z,46.76020000,13.26150000,524.00,
17028,,,,,2019-07-23T15:40:05Z,46.76020000,13.26150000,524.00,
17029,,,,,2019-07-23T15:40:06Z,46.76020000,13.26150000,524.00,
17030,,,,,2019-07-23T15:40:07Z,46.76020000,13.26150000,524.00,
17031,,,,,2019-07-23T15:40:08Z,46.76020000,13.26150000,524.00,
17032,,,,,2019-07-23T15:40:09Z,46.76020000,13.26150000,524.00,
17033,,,,,2019-07-23T15:40:10Z,46.76020000,13.26150000,524.00,
17034,,,,,2019-07-23T15:40:11Z,46.76020000,13.26150000,524.00,
17035,,,,,2019-07-23T15:40:12Z,46.76020000,13.26150000,524.00,
17036,,,,,2019-07-23T15:40:13Z,46.76020000,13.26150000,524.00,
17037,,,,,2019-07-23T15:40:14Z,46.76020000,13.26150000,524.00,
17038,,,,,2019-07-23T15:40:15Z,46.76020000,13.26150000,524.00,
17039,,,,,2019-07-23T15:40:16Z,46.76020000,13.26150000,524.00,
17040,,,,,2019-07-23T15:40:17Z,46.76020000,13.26150000,524.00,
17041,,,,,2019-07-23T15:40:18Z,46.76020000,13.26150000,524.00,
17042,,,,,2019-07-23T15:40:19Z,46.76020000,13.26150000,524.00,
17043,,,,,2019-07-23T15:40:20Z,46.76020000,13.26150000,524.00,
17044,,,,,2019-07-23T15:40:21Z,46.76020000,13.26150000,524.00,
17045,,,,,2019-07-23T15:40:22Z,46.76020000,13.26150000,524.00,
17046,,,,,2019-07-23T15:40:23Z,46.76020000,13.26150000,524.00,
17047,,,,,2019-07-23T15:40:24Z,46.76020000,13.26150000,524.00,
17048,,,,,2019-07-23T15:40:25Z,46.76020000,13.26150000,524.00,
17049,,,,,2019-07-23T15:40:26Z,46.76020000,13.26150000,524.00,
17050,,,,,2019-07-23T15:40:27Z,46.76020000,13.26150000,524.00,
17051,,,,,2019-07-23T15:40:28Z,46.76020000,13.26150000,524.00,
17052,,,,,2019-07-23T15:40:29Z,46.76020000,13.26150000,524.00,
17053,,,,,2019-07-23T15:40:30Z,46.76020000,13.26150000,524.00,
17054,,,,,2019-07-23T15:40:31Z,46.76020000,13.26150000,524.00,
17055,,,,,2019-07-23T15:40:32Z,46.76020000,13.26150000,524.00,
17056,,,,,2019-07-23T15:40:33Z,46.76020000,13.26150000,524.00,
17057,,,,,2019-07-23T15:40:34Z,46.76020000,13.26150000,524.00,
17058,,,,,2019-07-23T15:40:35Z,46.76020000,13.26150000,524.00,
17059,,,,,2019-07-23T15:40:36Z,46.76020000,13.26150000,524.00,
17060,,,,,2019-07-23T15:40:37Z,46.76020000,13.26150000,524.00,
17061,,,,,2019-07-23T15:40:38Z,46.76020000,13.26150000,524.00,
17062,,,,,2019-07-23T15:40:39Z,46.76020000,13.26150000,524.00,
17063,,,,,2019-07-23T15:40:40Z,46.76020000,13.26150000,524.00,
17064,,,,,2019-07-23T15:40:41Z,46.76020000,13.26150000,524.00,
17065,,,,,2019-07-23T15:40:42Z,46.76020000,13.26150000,524.00,
17066,,,,,2019-07-23T15:40:43Z,46.76020000,13.26150000,524.00,
17067,,,,,2019-07-23T15:40:44Z,46.76020000,13.26150000,524.00,
17068,,,,,2019-07-23T15:40:45Z,46.76020000,13.26150000,524.00,
17069,,,,,2019-07-23T15:40:46Z,46.76020000,13.26150000,524.00,
17070,,,,,2019-07-23T15:40:47Z,46.76020000,13.26150000,524.00,
17071,,,,,2019-07-23T15:40:48Z,46.76020000,13.26150000,524.00,
17072,,,,,2019-07-23T15:40:49Z,46.76020000,13.26150000,524.00,
17073,,,,,2019-07-23T15:40:50Z,46.76020000,13.26150000,524.00,
17074,,,,,2019-07-23T15:40:51Z,46.76020000,13.26150000,524.00,
17075,,,,,2019-07-23T15:40:52Z,46.76020000,13.26150000,524.00,
17076,,,,,2019-07-23T15:40:53Z,46.76020000,13.26150000,524.00,
17077,,,,,2019-07-23T15:40:54Z,46.76020000,13.26150000,524.00,
17078,,,,,2019-07-23T15:40:55Z,46.76020000,13.26150000,524.00,
17079,,,,,2019-07-23T15:40:56Z,46.76020000,13.26150000,524.00,
17080,,,,,2019-07-23T15:40:57Z,46.76020000,13.26150000,524.00,
17081,,,,,2019-07-23T15:40:58Z,46.76020000,13.26150000,524.00,
17082,,,,,2019-07-23T15:40:59Z,46.76020000,13.26150000,524.00,
17083,,,,,2019-07-23T15:41:00Z,46.76020000,13.26150000,524.00,
17084,,,,,2019-07-23T15:41:01Z,46.76020000,13.26150000,524.00,
17085,,,,,2019-07-23T15:41:02Z,46.76020000,13.26150000,524.00,
17086,,,,,2019-07-23T15:41:03Z,46.76020000,13.26150000,524.00,
17087,,,,,2019-07-23T15:41:04Z,46.76020000,13.26150000,524.00,
17088,,,,,2019-07-23T15:41:05Z,46.76020000,13.26150000,524.00,
17089,,,,,2019-07-23T15:41:06Z,46.76020000,13.26150000,524.00,
17090,,,,,2019-07-23T15:41:07Z,46.76020000,13.26150000,524.00,
17091,,,,,2019-07-23T15:41:08Z,46.76020000,13.26150000,524.00,
17092,,,,,2019-07-23T15:41:09Z,46.76020000,13.26150000,524.00,
17093,,,,,2019-07-23T15:41:10Z,46.76020000,13.26150000,524.00,
17094,,,,,2019-07-23T15:41:11Z,46.76020000,13.26150000,524.00,
17095,,,,,2019-07-23T15:41:12Z,46.76020000,13.26150000,524.00,
17096,,,,,2019-07-23T15:41:13Z,46.76020000,13.26150000,524.00,
17097,,,,,2019-07-23T15:41:14Z,46.76020000,13.26150000,524.00,
17098,,,,,2019-07-23T15:41:15Z,46.76020000,13.26150000,524.00,
17099,,,,,2019-07-23T15:41:16Z,46.76020000,13.26150000,524.00,
17100,,,,,2019-07-23T15:41:17Z,46.76020000,13.26150000,524.00,
17101,,,,,2019-07-23T15:41:18Z,46.76020000,13.26150000,524.00,
17102,,,,,2019-07-23T15:41:19Z,46.76020000,13.26150000,524.00,
17103,,,,,2019-07-23T15:41:20Z,46.76020000,13.26150000,524.00,
17104,,,,,2019-07-23T15:41:21Z,46.76020000,13.26148333,524.00,
17105,,,,,2019-07-23T15:41:22Z,46.76020000,13.26148333,524.00,
17106,,,,,2019-07-23T15:41:23Z,46.76020000,13.26148333,524.00,
17107,,,,,2019-07-23T15:41:24Z,46.76020000,13.26148333,524.00,
17108,,,,,2019-07-23T15:41:25Z,46.76020000,13.26148333,524.00,
17109,,,,,2019-07-23T15:41:26Z,46.76020000,13.26148333,524.00,
17110,,,,,2019-07-23T15:41:27Z,46.76020000,13.26148333,524.00,
17111,,,,,2019-07-23T15:41:28Z,46.76020000,13.26148333,524.00,
17112,,,,,2019-07-23T15:41:29Z,46.76020000,13.26148333,524.00,
17113,,,,,2019-07-23T15:41:30Z,46.76020000,13.26148333,524.00,
17114,,,,,2019-07-23T15:41:31Z,46.76020000,13.26148333,524.00,
17115,,,,,2019-07-23T15:41:32Z,46.76020000,13.26148333,524.00,
17116,,,,,2019-07-23T15:41:33Z,46.76020000,13.26148333,525.00,
17117,,,,,2019-07-23T15:41:34Z,46.76020000,13.26148333,524.00,
17118,,,,,2019-07-23T15:41:35Z,46.76020000,13.26148333,525.00,
17119,,,,,2019-07-23T15:41:36Z,46.76020000,13.26148333,525.00,
17120,,,,,2019-07-23T15:41:37Z,46.76020000,13.26148333,525.00,
17121,,,,,2019-07-23T15:41:38Z,46.76020000,13.26148333,525.00,
17122,,,,,2019-07-23T15:41:39Z,46.76020000,13.26148333,525.00,
17123,,,,,2019-07-23T15:41:40Z,46.76020000,13.26148333,524.00,
17124,,,,,2019-07-23T15:41:41Z,46.76020000,13.26148333,524.00,
17125,,,,,2019-07-23T15:41:42Z,46.76020000,13.26148333,524.00,
17126,,,,,2019-07-23T15:41:43Z,46.76020000,13.26148333,525.00,
17127,,,,,2019-07-23T15:41:44Z,46.76020000,13.26148333,525.00,
17128,,,,,2019-07-23T15:41:45Z,46.76020000,13.26148333,525.00,
17129,,,,,2019-07-23T15:41:46Z,46.76020000,13.26148333,525.00,
17130,,,,,2019-07-23T15:41:47Z,46.76020000,13.26148333,524.00,
17131,,,,,2019-07-23T15:41:48Z,46.76020000,13.26148333,525.00,
17132,,,,,2019-07-23T15:41:49Z,46.76020000,13.26148333,525.00,
17133,,,,,2019-07-23T15:41:50Z,46.76020000,13.26148333,525.00,
17134,,,,,2019-07-23T15:41:51Z,46.76020000,13.26148333,525.00,
17135,,,,,2019-07-23T15:41:52Z,46.76020000,13.26148333,525.00,
17136,,,,,2019-07-23T15:41:53Z,46.76020000,13.26148333,524.00,
17137,,,,,2019-07-23T15:41:54Z,46.76020000,13.26148333,524.00,
17138,,,,,2019-07-23T15:41:55Z,46.76020000,13.26148333,524.00,
17139,,,,,2019-07-23T15:41:56Z,46.76020000,13.26148333,524.00,
17140,,,,,2019-07-23T15:41:57Z,46.76020000,13.26148333,524.00,
17141,,,,,2019-07-23T15:41:58Z,46.76020000,13.26148333,524.00,
17142,,,,,2019-07-23T15:41:59Z,46.76020000,13.26148333,524.00,
17143,,,,,2019-07-23T15:42:00Z,46.76020000,13.26148333,525.00,
17144,,,,,2019-07-23T15:42:01Z,46.76020000,13.26148333,524.00,
17145,,,,,2019-07-23T15:42:02Z,46.76020000,13.26148333,524.00,
17146,,,,,2019-07-23T15:42:03Z,46.76020000,13.26148333,525.00,
17147,,,,,2019-07-23T15:42:04Z,46.76020000,13.26148333,525.00,
17148,,,,,2019-07-23T15:42:05Z,46.76020000,13.26148333,525.00,
17149,,,,,2019-07-23T15:42:06Z,46.76020000,13.26148333,525.00,
17150,,,,,2019-07-23T15:42:07Z,46.76020000,13.26148333,525.00,
17151,,,,,2019-07-23T15:42:08Z,46.76020000,13.26148333,525.00,
17152,,,,,2019-07-23T15:42:09Z,46.76020000,13.26148333,525.00,
17153,,,,,2019-07-23T15:42:10Z,46.76020000,13.26148333,525.00,
17154,,,,,2019-07-23T15:42:11Z,46.76020000,13.26148333,525.00,
17155,,,,,2019-07-23T15:42:12Z,46.76020000,13.26148333,525.00,
17156,,,,,2019-07-23T15:42:13Z,46.76020000,13.26148333,525.00,
17157,,,,,2019-07-23T15:42:14Z,46.76020000,13.26148333,525.00,
17158,,,,,2019-07-23T15:42:15Z,46.76020000,13.26148333,525.00,
17159,,,,,2019-07-23T15:42:16Z,46.76020000,13.26148333,525.00,
17160,,,,,2019-07-23T15:42:17Z,46.76020000,13.26148333,525.00,
17161,,,,,2019-07-23T15:42:18Z,46.76020000,13.26148333,525.00,
17162,,,,,2019-07-23T15:42:19Z,46.76020000,13.26148333,525.00,
17163,,,,,2019-07-23T15:42:20Z,46.76020000,13.26148333,525.00,
17164,,,,,2019-07-23T15:42:21Z,46.76020000,13.26148333,525.00,
17165,,,,,2019-07-23T15:42:22Z,46.76020000,13.26148333,525.00,
17166,,,,,2019-07-23T15:42:23Z,46.76020000,13.26148333,525.00,
17167,,,,,2019-07-23T15:42:24Z,46.76020000,13.26148333,525.00,
17168,,,,,2019-07-23T15:42:25Z,46.76020000,13.26148333,525.00,
17169,,,,,2019-07-23T15:42:26Z,46.76020000,13.26148333,525.00,
17170,,,,,2019-07-23T15:42:27Z,46.76020000,13.26148333,525.00,
17171,,,,,2019-07-23T15:42:28Z,46.76020000,13.26148333,525.00,
17172,,,,,2019-07-23T15:42:29Z,46.76020000,13.26148333,525.00,
17173,,,,,2019-07-23T15:42:30Z,46.76020000,13.26148333,525.00,
17174,,,,,2019-07-23T15:42:31Z,46.76020000,13.26148333,525.00,
17175,,,,,2019-07-23T15:42:32Z,46.76020000,13.26148333,525.00,
17176,,,,,2019-07-23T15:42:33Z,46.76020000,13.26148333,525.00,
17177,,,,,2019-07-23T15:42:34Z,46.76020000,13.26148333,525.00,
17178,,,,,2019-07-23T15:42:35Z,46.76020000,13.26148333,525.00,
17179,,,,,2019-07-23T15:42:36Z,46.76020000,13.26148333,525.00,
17180,,,,,2019-07-23T15:42:37Z,46.76020000,13.26148333,525.00,
17181,,,,,2019-07-23T15:42:38Z,46.76020000,13.26148333,524.00,
17182,,,,,2019-07-23T15:42:39Z,46.76020000,13.26148333,524.00,
17183,,,,,2019-07-23T15:42:40Z,46.76020000,13.26148333,524.00,
17184,,,,,2019-07-23T15:42:41Z,46.76020000,13.26148333,524.00,
17185,,,,,2019-07-23T15:42:42Z,46.76020000,13.26148333,525.00,
17186,,,,,2019-07-23T15:42:43Z,46.76020000,13.26148333,525.00,
17187,,,,,2019-07-23T15:42:44Z,46.76021667,13.26148333,525.00,
17188,,,,,2019-07-23T15:42:45Z,46.76021667,13.26148333,525.00,
17189,,,,,2019-07-23T15:42:46Z,46.76021667,13.26148333,525.00,
17190,,,,,2019-07-23T15:42:47Z,46.76021667,13.26148333,525.00,
17191,,,,,2019-07-23T15:42:48Z,46.76021667,13.26148333,525.00,
17192,,,,,2019-07-23T15:42:49Z,46.76021667,13.26148333,525.00,
17193,,,,,2019-07-23T15:42:50Z,46.76021667,13.26148333,525.00,
17194,,,,,2019-07-23T15:42:51Z,46.76021667,13.26148333,525.00,
17195,,,,,2019-07-23T15:42:52Z,46.76021667,13.26148333,525.00,
17196,,,,,2019-07-23T15:42:53Z,46.76021667,13.26148333,525.00,
17197,,,,,2019-07-23T15:42:54Z,46.76021667,13.26148333,525.00,
17198,,,,,2019-07-23T15:42:55Z,46.76021667,13.26148333,525.00,
17199,,,,,2019-07-23T15:42:56Z,46.76021667,13.26148333,525.00,
17200,,,,,2019-07-23T15:42:57Z,46.76021667,13.26148333,525.00,
17201,,,,,2019-07-23T15:42:58Z,46.76021667,13.26148333,525.00,
17202,,,,,2019-07-23T15:42:59Z,46.76021667,13.26148333,525.00,
17203,,,,,2019-07-23T15:43:00Z,46.76021667,13.26148333,525.00,
17204,,,,,2019-07-23T15:43:01Z,46.76021667,13.26148333,525.00,
17205,,,,,2019-07-23T15:43:02Z,46.76021667,13.26148333,525.00,
17206,,,,,2019-07-23T15:43:03Z,46.76021667,13.26148333,525.00,
17207,,,,,2019-07-23T15:43:04Z,46.76021667,13.26148333,525.00,
17208,,,,,2019-07-23T15:43:05Z,46.76021667,13.26148333,525.00,
17209,,,,,2019-07-23T15:43:06Z,46.76021667,13.26148333,525.00,
17210,,,,,2019-07-23T15:43:07Z,46.76021667,13.26148333,525.00,
17211,,,,,2019-07-23T15:43:08Z,46.76021667,13.26148333,525.00,
17212,,,,,2019-07-23T15:43:09Z,46.76021667,13.26148333,525.00,
17213,,,,,2019-07-23T15:43:10Z,46.76021667,13.26148333,525.00,
17214,,,,,2019-07-23T15:43:11Z,46.76021667,13.26148333,525.00,
17215,,,,,2019-07-23T15:43:12Z,46.76021667,13.26148333,525.00,
17216,,,,,2019-07-23T15:43:13Z,46.76021667,13.26148333,525.00,
17217,,,,,2019-07-23T15:43:14Z,46.76021667,13.26148333,525.00,
17218,,,,,2019-07-23T15:43:15Z,46.76021667,13.26148333,525.00,
17219,,,,,2019-07-23T15:43:16Z,46.76021667,13.26148333,525.00,
17220,,,,,2019-07-23T15:43:17Z,46.76021667,13.26148333,525.00,
17221,,,,,2019-07-23T15:43:18Z,46.76021667,13.26148333,525.00,
17222,,,,,2019-07-23T15:43:19Z,46.76021667,13.26148333,525.00,
17223,,,,,2019-07-23T15:43:20Z,46.76021667,13.26148333,525.00,
17224,,,,,2019-07-23T15:43:21Z,46.76021667,13.26148333,525.00,
17225,,,,,2019-07-23T15:43:22Z,46.76021667,13.26148333,525.00,
17226,,,,,2019-07-23T15:43:23Z,46.76021667,13.26148333,525.00,
17227,,,,,2019-07-23T15:43:24Z,46.76021667,13.26148333,525.00,
17228,,,,,2019-07-23T15:43:25Z,46.76021667,13.26148333,525.00,
17229,,,,,2019-07-23T15:43:26Z,46.76021667,13.26148333,525.00,
17230,,,,,2019-07-23T15:43:27Z,46.76021667,13.26148333,525.00,
17231,,,,,2019-07-23T15:43:28Z,46.76021667,13.26148333,525.00,
17232,,,,,2019-07-23T15:43:29Z,46.76021667,13.26148333,525.00,
17233,,,,,2019-07-23T15:43:30Z,46.76021667,13.26148333,525.00,
17234,,,,,2019-07-23T15:43:31Z,46.76021667,13.26148333,525.00,
17235,,,,,2019-07-23T15:43:32Z,46.76021667,13.26148333,525.00,
17236,,,,,2019-07-23T15:43:33Z,46.76021667,13.26148333,525.00,
17237,,,,,2019-07-23T15:43:34Z,46.76021667,13.26148333,525.00,
17238,,,,,2019-07-23T15:43:35Z,46.76021667,13.26148333,525.00,
17239,,,,,2019-07-23T15:43:36Z,46.76021667,13.26148333,525.00,
17240,,,,,2019-07-23T15:43:37Z,46.76021667,13.26148333,525.00,
17241,,,,,2019-07-23T15:43:38Z,46.76021667,13.26148333,525.00,
17242,,,,,2019-07-23T15:43:39Z,46.76021667,13.26148333,525.00,
17243,,,,,2019-07-23T15:43:40Z,46.76021667,13.26148333,525.00,
17244,,,,,2019-07-23T15:43:41Z,46.76021667,13.26148333,525.00,
17245,,,,,2019-07-23T15:43:42Z,46.76021667,13.26148333,525.00,
17246,,,,,2019-07-23T15:43:43Z,46.76021667,13.26148333,525.00,
17247,,,,,2019-07-23T15:43:44Z,46.76021667,13.26148333,525.00,
17248,,,,,2019-07-23T15:43:45Z,46.76021667,13.26148333,525.00,
17249,,,,,2019-07-23T15:43:46Z,46.76021667,13.26148333,525.00,
17250,,,,,2019-07-23T15:43:47Z,46.76021667,13.26148333,525.00,
17251,,,,,2019-07-23T15:43:48Z,46.76021667,13.26148333,524.00,
17252,,,,,2019-07-23T15:43:49Z,46.76021667,13.26148333,525.00,
17253,,,,,2019-07-23T15:43:50Z,46.76021667,13.26148333,524.00,
17254,,,,,2019-07-23T15:43:51Z,46.76021667,13.26148333,525.00,
17255,,,,,2019-07-23T15:43:52Z,46.76021667,13.26148333,525.00,
17256,,,,,2019-07-23T15:43:53Z,46.76021667,13.26148333,524.00,
17257,,,,,2019-07-23T15:43:54Z,46.76021667,13.26148333,525.00,
17258,,,,,2019-07-23T15:43:55Z,46.76021667,13.26148333,524.00,
17259,,,,,2019-07-23T15:43:56Z,46.76021667,13.26148333,524.00,
17260,,,,,2019-07-23T15:43:57Z,46.76021667,13.26148333,525.00,
17261,,,,,2019-07-23T15:43:58Z,46.76021667,13.26148333,525.00,
17262,,,,,2019-07-23T15:43:59Z,46.76021667,13.26148333,524.00,
17263,,,,,2019-07-23T15:44:00Z,46.76021667,13.26148333,524.00,
17264,,,,,2019-07-23T15:44:01Z,46.76021667,13.26148333,524.00,
17265,,,,,2019-07-23T15:44:02Z,46.76021667,13.26148333,525.00,
17266,,,,,2019-07-23T15:44:03Z,46.76021667,13.26148333,525.00,
17267,,,,,2019-07-23T15:44:04Z,46.76021667,13.26148333,525.00,
17268,,,,,2019-07-23T15:44:05Z,46.76021667,13.26148333,525.00,
17269,,,,,2019-07-23T15:44:06Z,46.76021667,13.26148333,525.00,
17270,,,,,2019-07-23T15:44:07Z,46.76021667,13.26148333,525.00,
17271,,,,,2019-07-23T15:44:08Z,46.76021667,13.26148333,525.00,
17272,,,,,2019-07-23T15:44:09Z,46.76021667,13.26148333,525.00,
17273,,,,,2019-07-23T15:44:10Z,46.76021667,13.26148333,525.00,
17274,,,,,2019-07-23T15:44:11Z,46.76021667,13.26148333,524.00,
17275,,,,,2019-07-23T15:44:12Z,46.76021667,13.26148333,525.00,
17276,,,,,2019-07-23T15:44:13Z,46.76021667,13.26148333,525.00,
17277,,,,,2019-07-23T15:44:14Z,46.76021667,13.26148333,525.00,
17278,,,,,2019-07-23T15:44:15Z,46.76021667,13.26148333,525.00,
17279,,,,,2019-07-23T15:44:16Z,46.76021667,13.26148333,525.00,
17280,,,,,2019-07-23T15:44:17Z,46.76021667,13.26148333,525.00,
17281,,,,,2019-07-23T15:44:18Z,46.76021667,13.26148333,524.00,
17282,,,,,2019-07-23T15:44:19Z,46.76021667,13.26148333,524.00,
17283,,,,,2019-07-23T15:44:20Z,46.76021667,13.26148333,524.00,
17284,,,,,2019-07-23T15:44:21Z,46.76021667,13.26148333,524.00,
17285,,,,,2019-07-23T15:44:22Z,46.76021667,13.26148333,524.00,
17286,,,,,2019-07-23T15:44:23Z,46.76021667,13.26148333,524.00,
17287,,,,,2019-07-23T15:44:24Z,46.76021667,13.26148333,525.00,
17288,,,,,2019-07-23T15:44:25Z,46.76021667,13.26148333,525.00,
17289,,,,,2019-07-23T15:44:26Z,46.76021667,13.26148333,525.00,
17290,,,,,2019-07-23T15:44:27Z,46.76021667,13.26148333,525.00,
17291,,,,,2019-07-23T15:44:28Z,46.76021667,13.26148333,524.00,
17292,,,,,2019-07-23T15:44:29Z,46.76021667,13.26148333,525.00,
17293,,,,,2019-07-23T15:44:30Z,46.76021667,13.26148333,525.00,
17294,,,,,2019-07-23T15:44:31Z,46.76021667,13.26148333,525.00,
17295,,,,,2019-07-23T15:44:32Z,46.76021667,13.26148333,525.00,
17296,,,,,2019-07-23T15:44:33Z,46.76021667,13.26148333,525.00,
17297,,,,,2019-07-23T15:44:34Z,46.76021667,13.26148333,524.00,
17298,,,,,2019-07-23T15:44:35Z,46.76021667,13.26148333,525.00,
17299,,,,,2019-07-23T15:44:36Z,46.76021667,13.26148333,525.00,
17300,,,,,2019-07-23T15:44:37Z,46.76021667,13.26148333,525.00,
17301,,,,,2019-07-23T15:44:38Z,46.76021667,13.26148333,525.00,
17302,,,,,2019-07-23T15:44:39Z,46.76021667,13.26148333,525.00,
17303,,,,,2019-07-23T15:44:40Z,46.76021667,13.26148333,525.00,
17304,,,,,2019-07-23T15:44:41Z,46.76021667,13.26148333,525.00,
17305,,,,,2019-07-23T15:44:42Z,46.76021667,13.26148333,525.00,
17306,,,,,2019-07-23T15:44:43Z,46.76021667,13.26148333,525.00,
17307,,,,,2019-07-23T15:44:44Z,46.76021667,13.26148333,525.00,
17308,,,,,2019-07-23T15:44:45Z,46.76021667,13.26148333,525.00,
17309,,,,,2019-07-23T15:44:46Z,46.76020000,13.26148333,525.00,
17310,,,,,2019-07-23T15:44:47Z,46.76020000,13.26148333,525.00,
17311,,,,,2019-07-23T15:44:48Z,46.76020000,13.26148333,525.00,
17312,,,,,2019-07-23T15:44:49Z,46.76020000,13.26148333,524.00,
17313,,,,,2019-07-23T15:44:50Z,46.76020000,13.26148333,524.00,
17314,,,,,2019-07-23T15:44:51Z,46.76020000,13.26148333,524.00,
17315,,,,,2019-07-23T15:44:52Z,46.76020000,13.26148333,524.00,
17316,,,,,2019-07-23T15:44:53Z,46.76020000,13.26148333,524.00,
17317,,,,,2019-07-23T15:44:54Z,46.76020000,13.26148333,524.00,
17318,,,,,2019-07-23T15:44:55Z,46.76020000,13.26148333,524.00,
17319,,,,,2019-07-23T15:44:56Z,46.76020000,13.26148333,524.00,
17320,,,,,2019-07-23T15:44:57Z,46.76020000,13.26148333,524.00,
17321,,,,,2019-07-23T15:44:58Z,46.76020000,13.26148333,524.00,
17322,,,,,2019-07-23T15:44:59Z,46.76020000,13.26148333,524.00,
17323,,,,,2019-07-23T15:45:00Z,46.76020000,13.26148333,524.00,
17324,,,,,2019-07-23T15:45:01Z,46.76020000,13.26148333,524.00,
17325,,,,,2019-07-23T15:45:02Z,46.76020000,13.26148333,524.00,
17326,,,,,2019-07-23T15:45:03Z,46.76020000,13.26148333,524.00,
17327,,,,,2019-07-23T15:45:04Z,46.76020000,13.26148333,524.00,
17328,,,,,2019-07-23T15:45:05Z,46.76020000,13.26148333,524.00,
17329,,,,,2019-07-23T15:45:06Z,46.76020000,13.26148333,524.00,
17330,,,,,2019-07-23T15:45:07Z,46.76020000,13.26148333,524.00,
17331,,,,,2019-07-23T15:45:08Z,46.76020000,13.26148333,524.00,
17332,,,,,2019-07-23T15:45:09Z,46.76020000,13.26148333,524.00,
17333,,,,,2019-07-23T15:45:10Z,46.76020000,13.26148333,525.00,
17334,,,,,2019-07-23T15:45:11Z,46.76020000,13.26148333,525.00,
17335,,,,,2019-07-23T15:45:12Z,46.76020000,13.26148333,525.00,
17336,,,,,2019-07-23T15:45:13Z,46.76020000,13.26148333,524.00,
17337,,,,,2019-07-23T15:45:14Z,46.76020000,13.26148333,525.00,
17338,,,,,2019-07-23T15:45:15Z,46.76020000,13.26148333,525.00,
17339,,,,,2019-07-23T15:45:16Z,46.76020000,13.26148333,525.00,
17340,,,,,2019-07-23T15:45:17Z,46.76020000,13.26148333,525.00,
17341,,,,,2019-07-23T15:45:18Z,46.76020000,13.26148333,525.00,
17342,,,,,2019-07-23T15:45:19Z,46.76020000,13.26148333,525.00,
17343,,,,,2019-07-23T15:45:20Z,46.76020000,13.26148333,524.00,
17344,,,,,2019-07-23T15:45:21Z,46.76020000,13.26148333,524.00,
17345,,,,,2019-07-23T15:45:22Z,46.76020000,13.26148333,525.00,
17346,,,,,2019-07-23T15:45:23Z,46.76020000,13.26148333,525.00,
17347,,,,,2019-07-23T15:45:24Z,46.76020000,13.26148333,524.00,
17348,,,,,2019-07-23T15:45:25Z,46.76020000,13.26148333,524.00,
17349,,,,,2019-07-23T15:45:26Z,46.76020000,13.26148333,525.00,
17350,,,,,2019-07-23T15:45:27Z,46.76020000,13.26148333,525.00,
17351,,,,,2019-07-23T15:45:28Z,46.76020000,13.26148333,525.00,
17352,,,,,2019-07-23T15:45:29Z,46.76020000,13.26148333,524.00,
17353,,,,,2019-07-23T15:45:30Z,46.76020000,13.26148333,525.00,
17354,,,,,2019-07-23T15:45:31Z,46.76020000,13.26148333,525.00,
17355,,,,,2019-07-23T15:45:32Z,46.76020000,13.26148333,525.00,
17356,,,,,2019-07-23T15:45:33Z,46.76020000,13.26148333,525.00,
17357,,,,,2019-07-23T15:45:34Z,46.76020000,13.26148333,524.00,
17358,,,,,2019-07-23T15:45:35Z,46.76020000,13.26148333,524.00,
17359,,,,,2019-07-23T15:45:36Z,46.76020000,13.26148333,524.00,
17360,,,,,2019-07-23T15:45:37Z,46.76021667,13.26148333,524.00,
17361,,,,,2019-07-23T15:45:38Z,46.76021667,13.26148333,524.00,
17362,,,,,2019-07-23T15:45:39Z,46.76021667,13.26148333,524.00,
17363,,,,,2019-07-23T15:45:40Z,46.76021667,13.26148333,525.00,
17364,,,,,2019-07-23T15:45:41Z,46.76021667,13.26148333,525.00,
17365,,,,,2019-07-23T15:45:42Z,46.76021667,13.26148333,525.00,
17366,,,,,2019-07-23T15:45:43Z,46.76021667,13.26148333,525.00,
17367,,,,,2019-07-23T15:45:44Z,46.76021667,13.26148333,525.00,
17368,,,,,2019-07-23T15:45:45Z,46.76021667,13.26148333,525.00,
17369,,,,,2019-07-23T15:45:46Z,46.76021667,13.26148333,525.00,
17370,,,,,2019-07-23T15:45:47Z,46.76021667,13.26148333,525.00,
17371,,,,,2019-07-23T15:45:48Z,46.76021667,13.26148333,525.00,
17372,,,,,2019-07-23T15:45:49Z,46.76021667,13.26148333,525.00,
17373,,,,,2019-07-23T15:45:50Z,46.76021667,13.26148333,525.00,
17374,,,,,2019-07-23T15:45:51Z,46.76021667,13.26148333,525.00,
17375,,,,,2019-07-23T15:45:52Z,46.76021667,13.26148333,525.00,
17376,,,,,2019-07-23T15:45:53Z,46.76021667,13.26148333,525.00,
17377,,,,,2019-07-23T15:45:54Z,46.76021667,13.26148333,525.00,
17378,,,,,2019-07-23T15:45:55Z,46.76020000,13.26148333,525.00,
17379,,,,,2019-07-23T15:45:56Z,46.76020000,13.26148333,525.00,
17380,,,,,2019-07-23T15:45:57Z,46.76020000,13.26148333,525.00,
17381,,,,,2019-07-23T15:45:58Z,46.76020000,13.26148333,525.00,
17382,,,,,2019-07-23T15:45:59Z,46.76020000,13.26148333,525.00,
17383,,,,,2019-07-23T15:46:00Z,46.76020000,13.26148333,525.00,
17384,,,,,2019-07-23T15:46:01Z,46.76020000,13.26148333,525.00,
17385,,,,,2019-07-23T15:46:02Z,46.76020000,13.26148333,525.00,
17386,,,,,2019-07-23T15:46:03Z,46.76020000,13.26148333,525.00,
17387,,,,,2019-07-23T15:46:04Z,46.76020000,13.26148333,525.00,
17388,,,,,2019-07-23T15:46:05Z,46.76020000,13.26148333,525.00,
17389,,,,,2019-07-23T15:46:06Z,46.76020000,13.26148333,525.00,
17390,,,,,2019-07-23T15:46:07Z,46.76021667,13.26148333,525.00,
17391,,,,,2019-07-23T15:46:08Z,46.76021667,13.26148333,525.00,
17392,,,,,2019-07-23T15:46:09Z,46.76021667,13.26148333,525.00,
17393,,,,,2019-07-23T15:46:10Z,46.76021667,13.26148333,525.00,
17394,,,,,2019-07-23T15:46:11Z,46.76020000,13.26148333,525.00,
17395,,,,,2019-07-23T15:46:12Z,46.76020000,13.26148333,524.00,
17396,,,,,2019-07-23T15:46:13Z,46.76020000,13.26148333,525.00,
17397,,,,,2019-07-23T15:46:14Z,46.76020000,13.26148333,525.00,
17398,,,,,2019-07-23T15:46:15Z,46.76020000,13.26148333,525.00,
17399,,,,,2019-07-23T15:46:16Z,46.76020000,13.26148333,524.00,
17400,,,,,2019-07-23T15:46:17Z,46.76020000,13.26148333,525.00,
17401,,,,,2019-07-23T15:46:18Z,46.76020000,13.26148333,525.00,
17402,,,,,2019-07-23T15:46:19Z,46.76020000,13.26148333,525.00,
17403,,,,,2019-07-23T15:46:20Z,46.76020000,13.26148333,525.00,
17404,,,,,2019-07-23T15:46:21Z,46.76020000,13.26148333,525.00,
17405,,,,,2019-07-23T15:46:22Z,46.76020000,13.26148333,525.00,
17406,,,,,2019-07-23T15:46:23Z,46.76020000,13.26148333,525.00,
17407,,,,,2019-07-23T15:46:24Z,46.76020000,13.26148333,525.00,
17408,,,,,2019-07-23T15:46:25Z,46.76020000,13.26148333,525.00,
17409,,,,,2019-07-23T15:46:26Z,46.76020000,13.26148333,524.00,
17410,,,,,2019-07-23T15:46:27Z,46.76020000,13.26148333,524.00,
17411,,,,,2019-07-23T15:46:28Z,46.76020000,13.26148333,524.00,
17412,,,,,2019-07-23T15:46:29Z,46.76020000,13.26148333,525.00,
17413,,,,,2019-07-23T15:46:30Z,46.76020000,13.26148333,525.00,
17414,,,,,2019-07-23T15:46:31Z,46.76020000,13.26148333,525.00,
17415,,,,,2019-07-23T15:46:32Z,46.76020000,13.26148333,524.00,
17416,,,,,2019-07-23T15:46:33Z,46.76020000,13.26148333,524.00,
17417,,,,,2019-07-23T15:46:34Z,46.76020000,13.26148333,525.00,
17418,,,,,2019-07-23T15:46:35Z,46.76020000,13.26146667,525.00,
17419,,,,,2019-07-23T15:46:36Z,46.76020000,13.26146667,525.00,
17420,,,,,2019-07-23T15:46:37Z,46.76020000,13.26146667,525.00,
17421,,,,,2019-07-23T15:46:38Z,46.76020000,13.26146667,525.00,
17422,,,,,2019-07-23T15:46:39Z,46.76020000,13.26146667,525.00,
17423,,,,,2019-07-23T15:46:40Z,46.76020000,13.26146667,524.00,
17424,,,,,2019-07-23T15:46:41Z,46.76020000,13.26146667,524.00,
17425,,,,,2019-07-23T15:46:42Z,46.76020000,13.26146667,524.00,
17426,,,,,2019-07-23T15:46:43Z,46.76020000,13.26146667,524.00,
17427,,,,,2019-07-23T15:46:44Z,46.76020000,13.26146667,524.00,
17428,,,,,2019-07-23T15:46:45Z,46.76020000,13.26146667,524.00,
17429,,,,,2019-07-23T15:46:46Z,46.76020000,13.26146667,524.00,
17430,,,,,2019-07-23T15:46:47Z,46.76020000,13.26146667,524.00,
17431,,,,,2019-07-23T15:46:48Z,46.76020000,13.26146667,524.00,
17432,,,,,2019-07-23T15:46:49Z,46.76020000,13.26146667,524.00,
17433,,,,,2019-07-23T15:46:50Z,46.76020000,13.26146667,524.00,
17434,,,,,2019-07-23T15:46:51Z,46.76020000,13.26146667,524.00,
17435,,,,,2019-07-23T15:46:52Z,46.76020000,13.26146667,524.00,
17436,,,,,2019-07-23T15:46:53Z,46.76020000,13.26146667,524.00,
17437,,,,,2019-07-23T15:46:54Z,46.76020000,13.26146667,524.00,
17438,,,,,2019-07-23T15:46:55Z,46.76020000,13.26146667,524.00,
17439,,,,,2019-07-23T15:46:56Z,46.76020000,13.26146667,524.00,
17440,,,,,2019-07-23T15:46:57Z,46.76020000,13.26146667,524.00,
17441,,,,,2019-07-23T15:46:58Z,46.76020000,13.26146667,524.00,
17442,,,,,2019-07-23T15:46:59Z,46.76020000,13.26146667,524.00,
17443,,,,,2019-07-23T15:47:00Z,46.76020000,13.26146667,525.00,
17444,,,,,2019-07-23T15:47:01Z,46.76020000,13.26146667,525.00,
17445,,,,,2019-07-23T15:47:02Z,46.76020000,13.26146667,525.00,
17446,,,,,2019-07-23T15:47:03Z,46.76020000,13.26146667,525.00,
17447,,,,,2019-07-23T15:47:04Z,46.76020000,13.26146667,525.00,
17448,,,,,2019-07-23T15:47:05Z,46.76020000,13.26146667,525.00,
17449,,,,,2019-07-23T15:47:06Z,46.76020000,13.26146667,525.00,
17450,,,,,2019-07-23T15:47:07Z,46.76020000,13.26146667,525.00,
17451,,,,,2019-07-23T15:47:08Z,46.76020000,13.26148333,525.00,
17452,,,,,2019-07-23T15:47:09Z,46.76020000,13.26148333,525.00,
17453,,,,,2019-07-23T15:47:10Z,46.76020000,13.26148333,525.00,
17454,,,,,2019-07-23T15:47:11Z,46.76020000,13.26148333,524.00,
17455,,,,,2019-07-23T15:47:12Z,46.76020000,13.26148333,525.00,
17456,,,,,2019-07-23T15:47:13Z,46.76020000,13.26148333,525.00,
17457,,,,,2019-07-23T15:47:14Z,46.76020000,13.26148333,525.00,
17458,,,,,2019-07-23T15:47:15Z,46.76020000,13.26148333,525.00,
17459,,,,,2019-07-23T15:47:16Z,46.76020000,13.26148333,524.00,
17460,,,,,2019-07-23T15:47:17Z,46.76020000,13.26148333,524.00,
17461,,,,,2019-07-23T15:47:18Z,46.76020000,13.26148333,525.00,
17462,,,,,2019-07-23T15:47:19Z,46.76020000,13.26148333,525.00,
17463,,,,,2019-07-23T15:47:20Z,46.76020000,13.26148333,525.00,
17464,,,,,2019-07-23T15:47:21Z,46.76020000,13.26148333,525.00,
17465,,,,,2019-07-23T15:47:22Z,46.76020000,13.26148333,525.00,
17466,,,,,2019-07-23T15:47:23Z,46.76020000,13.26148333,524.00,
17467,,,,,2019-07-23T15:47:24Z,46.76020000,13.26148333,524.00,
17468,,,,,2019-07-23T15:47:25Z,46.76020000,13.26148333,524.00,
17469,,,,,2019-07-23T15:47:26Z,46.76020000,13.26148333,524.00,
17470,,,,,2019-07-23T15:47:27Z,46.76020000,13.26148333,524.00,
17471,,,,,2019-07-23T15:47:28Z,46.76020000,13.26148333,524.00,
17472,,,,,2019-07-23T15:47:29Z,46.76020000,13.26148333,524.00,
17473,,,,,2019-07-23T15:47:30Z,46.76020000,13.26148333,524.00,
17474,,,,,2019-07-23T15:47:31Z,46.76020000,13.26148333,524.00,
17475,,,,,2019-07-23T15:47:32Z,46.76020000,13.26148333,524.00,
17476,,,,,2019-07-23T15:47:33Z,46.76020000,13.26148333,525.00,
17477,,,,,2019-07-23T15:47:34Z,46.76020000,13.26148333,525.00,
17478,,,,,2019-07-23T15:47:35Z,46.76020000,13.26148333,525.00,
17479,,,,,2019-07-23T15:47:36Z,46.76020000,13.26148333,525.00,
17480,,,,,2019-07-23T15:47:37Z,46.76020000,13.26148333,525.00,
17481,,,,,2019-07-23T15:47:38Z,46.76020000,13.26148333,525.00,
17482,,,,,2019-07-23T15:47:39Z,46.76020000,13.26148333,525.00,
17483,,,,,2019-07-23T15:47:40Z,46.76020000,13.26148333,525.00,
17484,,,,,2019-07-23T15:47:41Z,46.76020000,13.26148333,525.00,
17485,,,,,2019-07-23T15:47:42Z,46.76020000,13.26148333,525.00,
17486,,,,,2019-07-23T15:47:43Z,46.76020000,13.26148333,525.00,
17487,,,,,2019-07-23T15:47:44Z,46.76020000,13.26148333,525.00,
17488,,,,,2019-07-23T15:47:45Z,46.76020000,13.26148333,525.00,
17489,,,,,2019-07-23T15:47:46Z,46.76020000,13.26148333,525.00,
17490,,,,,2019-07-23T15:47:47Z,46.76020000,13.26148333,525.00,
17491,,,,,2019-07-23T15:47:48Z,46.76020000,13.26148333,525.00,
17492,,,,,2019-07-23T15:47:49Z,46.76020000,13.26148333,525.00,
17493,,,,,2019-07-23T15:47:50Z,46.76020000,13.26148333,525.00,
17494,,,,,2019-07-23T15:47:51Z,46.76020000,13.26148333,525.00,
17495,,,,,2019-07-23T15:47:52Z,46.76020000,13.26148333,525.00,
17496,,,,,2019-07-23T15:47:53Z,46.76020000,13.26148333,525.00,
17497,,,,,2019-07-23T15:47:54Z,46.76020000,13.26148333,525.00,
17498,,,,,2019-07-23T15:47:55Z,46.76020000,13.26148333,525.00,
17499,,,,,2019-07-23T15:47:56Z,46.76020000,13.26148333,525.00,
17500,,,,,2019-07-23T15:47:57Z,46.76020000,13.26148333,525.00,
17501,,,,,2019-07-23T15:47:58Z,46.76020000,13.26148333,525.00,
17502,,,,,2019-07-23T15:47:59Z,46.76020000,13.26148333,525.00,
17503,,,,,2019-07-23T15:48:00Z,46.76020000,13.26148333,524.00,
17504,,,,,2019-07-23T15:48:01Z,46.76020000,13.26148333,524.00,
17505,,,,,2019-07-23T15:48:02Z,46.76020000,13.26148333,524.00,
17506,,,,,2019-07-23T15:48:03Z,46.76020000,13.26148333,524.00,
17507,,,,,2019-07-23T15:48:04Z,46.76020000,13.26148333,524.00,
17508,,,,,2019-07-23T15:48:05Z,46.76020000,13.26148333,525.00,
17509,,,,,2019-07-23T15:48:06Z,46.76020000,13.26148333,525.00,
17510,,,,,2019-07-23T15:48:07Z,46.76020000,13.26148333,525.00,
17511,,,,,2019-07-23T15:48:08Z,46.76020000,13.26148333,525.00,
17512,,,,,2019-07-23T15:48:09Z,46.76020000,13.26148333,525.00,
17513,,,,,2019-07-23T15:48:10Z,46.76020000,13.26148333,525.00,
17514,,,,,2019-07-23T15:48:11Z,46.76020000,13.26148333,525.00,
17515,,,,,2019-07-23T15:48:12Z,46.76020000,13.26148333,524.00,
17516,,,,,2019-07-23T15:48:13Z,46.76020000,13.26148333,524.00,
17517,,,,,2019-07-23T15:48:14Z,46.76020000,13.26148333,524.00,
17518,,,,,2019-07-23T15:48:15Z,46.76020000,13.26148333,524.00,
17519,,,,,2019-07-23T15:48:16Z,46.76020000,13.26148333,524.00,
17520,,,,,2019-07-23T15:48:17Z,46.76020000,13.26148333,525.00,
17521,,,,,2019-07-23T15:48:18Z,46.76020000,13.26148333,525.00,
17522,,,,,2019-07-23T15:48:19Z,46.76020000,13.26148333,525.00,
17523,,,,,2019-07-23T15:48:20Z,46.76020000,13.26148333,525.00,
17524,,,,,2019-07-23T15:48:21Z,46.76020000,13.26148333,525.00,
17525,,,,,2019-07-23T15:48:22Z,46.76020000,13.26148333,525.00,
17526,,,,,2019-07-23T15:48:23Z,46.76020000,13.26148333,525.00,
17527,,,,,2019-07-23T15:48:24Z,46.76020000,13.26148333,525.00,
17528,,,,,2019-07-23T15:48:25Z,46.76020000,13.26148333,525.00,
17529,,,,,2019-07-23T15:48:26Z,46.76020000,13.26148333,525.00,
17530,,,,,2019-07-23T15:48:27Z,46.76020000,13.26148333,525.00,
17531,,,,,2019-07-23T15:48:28Z,46.76020000,13.26148333,525.00,
17532,,,,,2019-07-23T15:48:29Z,46.76020000,13.26148333,525.00,
17533,,,,,2019-07-23T15:48:30Z,46.76020000,13.26148333,524.00,
17534,,,,,2019-07-23T15:48:31Z,46.76020000,13.26148333,524.00,
17535,,,,,2019-07-23T15:48:32Z,46.76020000,13.26148333,524.00,
17536,,,,,2019-07-23T15:48:33Z,46.76020000,13.26148333,524.00,
17537,,,,,2019-07-23T15:48:34Z,46.76020000,13.26148333,524.00,
17538,,,,,2019-07-23T15:48:35Z,46.76020000,13.26148333,524.00,
17539,,,,,2019-07-23T15:48:36Z,46.76020000,13.26148333,525.00,
17540,,,,,2019-07-23T15:48:37Z,46.76020000,13.26148333,524.00,
17541,,,,,2019-07-23T15:48:38Z,46.76020000,13.26148333,524.00,
17542,,,,,2019-07-23T15:48:39Z,46.76020000,13.26148333,525.00,
17543,,,,,2019-07-23T15:48:40Z,46.76020000,13.26148333,525.00,
17544,,,,,2019-07-23T15:48:41Z,46.76020000,13.26148333,525.00,
17545,,,,,2019-07-23T15:48:42Z,46.76020000,13.26148333,525.00,
17546,,,,,2019-07-23T15:48:43Z,46.76020000,13.26148333,525.00,
17547,,,,,2019-07-23T15:48:44Z,46.76020000,13.26148333,525.00,
17548,,,,,2019-07-23T15:48:45Z,46.76020000,13.26148333,525.00,
17549,,,,,2019-07-23T15:48:46Z,46.76020000,13.26148333,525.00,
17550,,,,,2019-07-23T15:48:47Z,46.76020000,13.26148333,525.00,
17551,,,,,2019-07-23T15:48:48Z,46.76020000,13.26148333,525.00,
17552,,,,,2019-07-23T15:48:49Z,46.76020000,13.26148333,525.00,
17553,,,,,2019-07-23T15:48:50Z,46.76020000,13.26148333,525.00,
17554,,,,,2019-07-23T15:48:51Z,46.76020000,13.26148333,525.00,
17555,,,,,2019-07-23T15:48:52Z,46.76020000,13.26148333,525.00,
17556,,,,,2019-07-23T15:48:53Z,46.76020000,13.26148333,525.00,
17557,,,,,2019-07-23T15:48:54Z,46.76020000,13.26148333,525.00,
17558,,,,,2019-07-23T15:48:55Z,46.76020000,13.26148333,525.00,
17559,,,,,2019-07-23T15:48:56Z,46.76020000,13.26148333,525.00,
17560,,,,,2019-07-23T15:48:57Z,46.76020000,13.26148333,525.00,
17561,,,,,2019-07-23T15:48:58Z,46.76020000,13.26148333,525.00,
17562,,,,,2019-07-23T15:48:59Z,46.76020000,13.26148333,525.00,
17563,,,,,2019-07-23T15:49:00Z,46.76020000,13.26148333,525.00,
17564,,,,,2019-07-23T15:49:01Z,46.76020000,13.26148333,525.00,
17565,,,,,2019-07-23T15:49:02Z,46.76020000,13.26148333,525.00,
17566,,,,,2019-07-23T15:49:03Z,46.76020000,13.26148333,525.00,
17567,,,,,2019-07-23T15:49:04Z,46.76020000,13.26148333,525.00,
17568,,,,,2019-07-23T15:49:05Z,46.76020000,13.26148333,525.00,
17569,,,,,2019-07-23T15:49:06Z,46.76020000,13.26148333,524.00,
17570,,,,,2019-07-23T15:49:07Z,46.76020000,13.26148333,525.00,
17571,,,,,2019-07-23T15:49:08Z,46.76020000,13.26150000,524.00,
17572,,,,,2019-07-23T15:49:09Z,46.76020000,13.26150000,525.00,
17573,,,,,2019-07-23T15:49:10Z,46.76020000,13.26150000,525.00,
17574,,,,,2019-07-23T15:49:11Z,46.76020000,13.26150000,525.00,
17575,,,,,2019-07-23T15:49:12Z,46.76020000,13.26148333,525.00,
17576,,,,,2019-07-23T15:49:13Z,46.76020000,13.26148333,525.00,
17577,,,,,2019-07-23T15:49:14Z,46.76020000,13.26148333,525.00,
17578,,,,,2019-07-23T15:49:15Z,46.76020000,13.26150000,525.00,
17579,,,,,2019-07-23T15:49:16Z,46.76020000,13.26150000,525.00,
17580,,,,,2019-07-23T15:49:17Z,46.76020000,13.26148333,525.00,
17581,,,,,2019-07-23T15:49:18Z,46.76020000,13.26148333,525.00,
17582,,,,,2019-07-23T15:49:19Z,46.76020000,13.26148333,525.00,
17583,,,,,2019-07-23T15:49:20Z,46.76020000,13.26148333,525.00,
17584,,,,,2019-07-23T15:49:21Z,46.76020000,13.26148333,525.00,
17585,,,,,2019-07-23T15:49:22Z,46.76020000,13.26148333,525.00,
17586,,,,,2019-07-23T15:49:23Z,46.76020000,13.26148333,525.00,
17587,,,,,2019-07-23T15:49:24Z,46.76020000,13.26148333,525.00,
17588,,,,,2019-07-23T15:49:25Z,46.76020000,13.26148333,525.00,
17589,,,,,2019-07-23T15:49:26Z,46.76020000,13.26148333,525.00,
17590,,,,,2019-07-23T15:49:27Z,46.76020000,13.26148333,525.00,
17591,,,,,2019-07-23T15:49:28Z,46.76020000,13.26148333,525.00,
17592,,,,,2019-07-23T15:49:29Z,46.76020000,13.26148333,525.00,
17593,,,,,2019-07-23T15:49:30Z,46.76020000,13.26148333,525.00,
17594,,,,,2019-07-23T15:49:31Z,46.76020000,13.26148333,525.00,
17595,,,,,2019-07-23T15:49:32Z,46.76020000,13.26148333,525.00,
17596,,,,,2019-07-23T15:49:33Z,46.76020000,13.26148333,525.00,
17597,,,,,2019-07-23T15:49:34Z,46.76020000,13.26148333,525.00,
17598,,,,,2019-07-23T15:49:35Z,46.76020000,13.26148333,525.00,
17599,,,,,2019-07-23T15:49:36Z,46.76020000,13.26148333,525.00,
17600,,,,,2019-07-23T15:49:37Z,46.76020000,13.26148333,525.00,
17601,,,,,2019-07-23T15:49:38Z,46.76020000,13.26148333,525.00,
17602,,,,,2019-07-23T15:49:39Z,46.76020000,13.26148333,525.00,
17603,,,,,2019-07-23T15:49:40Z,46.76020000,13.26148333,525.00,
17604,,,,,2019-07-23T15:49:41Z,46.76020000,13.26148333,525.00,
17605,,,,,2019-07-23T15:49:42Z,46.76020000,13.26148333,525.00,
17606,,,,,2019-07-23T15:49:43Z,46.76020000,13.26148333,525.00,
17607,,,,,2019-07-23T15:49:44Z,46.76020000,13.26148333,525.00,
17608,,,,,2019-07-23T15:49:45Z,46.76020000,13.26148333,525.00,
17609,,,,,2019-07-23T15:49:46Z,46.76020000,13.26148333,525.00,
17610,,,,,2019-07-23T15:49:47Z,46.76020000,13.26148333,524.00,
17611,,,,,2019-07-23T15:49:48Z,46.76020000,13.26148333,524.00,
17612,,,,,2019-07-23T15:49:49Z,46.76020000,13.26148333,524.00,
17613,,,,,2019-07-23T15:49:50Z,46.76020000,13.26148333,524.00,
17614,,,,,2019-07-23T15:49:51Z,46.76018333,13.26148333,524.00,
17615,,,,,2019-07-23T15:49:52Z,46.76018333,13.26148333,524.00,
17616,,,,,2019-07-23T15:49:53Z,46.76018333,13.26148333,524.00,
17617,,,,,2019-07-23T15:49:54Z,46.76018333,13.26148333,525.00,
17618,,,,,2019-07-23T15:49:55Z,46.76018333,13.26148333,525.00,
17619,,,,,2019-07-23T15:49:56Z,46.76018333,13.26148333,525.00,
17620,,,,,2019-07-23T15:49:57Z,46.76018333,13.26148333,525.00,
17621,,,,,2019-07-23T15:49:58Z,46.76018333,13.26148333,525.00,
17622,,,,,2019-07-23T15:49:59Z,46.76018333,13.26148333,525.00,
17623,,,,,2019-07-23T15:50:00Z,46.76018333,13.26148333,525.00,
17624,,,,,2019-07-23T15:50:01Z,46.76018333,13.26148333,525.00,
17625,,,,,2019-07-23T15:50:02Z,46.76018333,13.26148333,525.00,
17626,,,,,2019-07-23T15:50:03Z,46.76018333,13.26148333,525.00,
17627,,,,,2019-07-23T15:50:04Z,46.76018333,13.26148333,525.00,
17628,,,,,2019-07-23T15:50:05Z,46.76018333,13.26148333,525.00,
17629,,,,,2019-07-23T15:50:06Z,46.76018333,13.26148333,525.00,
17630,,,,,2019-07-23T15:50:07Z,46.76018333,13.26148333,525.00,
17631,,,,,2019-07-23T15:50:08Z,46.76018333,13.26148333,525.00,
17632,,,,,2019-07-23T15:50:09Z,46.76018333,13.26148333,525.00,
17633,,,,,2019-07-23T15:50:10Z,46.76018333,13.26148333,525.00,
17634,,,,,2019-07-23T15:50:11Z,46.76018333,13.26148333,525.00,
17635,,,,,2019-07-23T15:50:12Z,46.76018333,13.26148333,525.00,
17636,,,,,2019-07-23T15:50:13Z,46.76018333,13.26148333,525.00,
17637,,,,,2019-07-23T15:50:14Z,46.76018333,13.26148333,525.00,
17638,,,,,2019-07-23T15:50:15Z,46.76018333,13.26148333,525.00,
17639,,,,,2019-07-23T15:50:16Z,46.76018333,13.26148333,525.00,
17640,,,,,2019-07-23T15:50:17Z,46.76018333,13.26148333,525.00,
17641,,,,,2019-07-23T15:50:18Z,46.76018333,13.26148333,525.00,
17642,,,,,2019-07-23T15:50:19Z,46.76018333,13.26148333,525.00,
17643,,,,,2019-07-23T15:50:20Z,46.76018333,13.26148333,525.00,
17644,,,,,2019-07-23T15:50:21Z,46.76018333,13.26148333,525.00,
17645,,,,,2019-07-23T15:50:22Z,46.76018333,13.26148333,525.00,
17646,,,,,2019-07-23T15:50:23Z,46.76018333,13.26148333,525.00,
17647,,,,,2019-07-23T15:50:24Z,46.76018333,13.26148333,525.00,
17648,,,,,2019-07-23T15:50:25Z,46.76018333,13.26148333,525.00,
17649,,,,,2019-07-23T15:50:26Z,46.76018333,13.26148333,525.00,
17650,,,,,2019-07-23T15:50:27Z,46.76018333,13.26148333,524.00,
17651,,,,,2019-07-23T15:50:28Z,46.76018333,13.26148333,525.00,
17652,,,,,2019-07-23T15:50:29Z,46.76018333,13.26148333,524.00,
17653,,,,,2019-07-23T15:50:30Z,46.76018333,13.26148333,525.00,
17654,,,,,2019-07-23T15:50:31Z,46.76018333,13.26148333,525.00,
17655,,,,,2019-07-23T15:50:32Z,46.76018333,13.26148333,525.00,
17656,,,,,2019-07-23T15:50:33Z,46.76018333,13.26148333,525.00,
17657,,,,,2019-07-23T15:50:34Z,46.76018333,13.26148333,525.00,
17658,,,,,2019-07-23T15:50:35Z,46.76018333,13.26148333,525.00,
17659,,,,,2019-07-23T15:50:36Z,46.76018333,13.26148333,525.00,
17660,,,,,2019-07-23T15:50:37Z,46.76018333,13.26148333,525.00,
17661,,,,,2019-07-23T15:50:38Z,46.76018333,13.26148333,525.00,
17662,,,,,2019-07-23T15:50:39Z,46.76018333,13.26148333,525.00,
17663,,,,,2019-07-23T15:50:40Z,46.76018333,13.26148333,525.00,
17664,,,,,2019-07-23T15:50:41Z,46.76018333,13.26148333,525.00,
17665,,,,,2019-07-23T15:50:42Z,46.76018333,13.26148333,525.00,
17666,,,,,2019-07-23T15:50:43Z,46.76018333,13.26148333,525.00,
17667,,,,,2019-07-23T15:50:44Z,46.76018333,13.26148333,525.00,
17668,,,,,2019-07-23T15:50:45Z,46.76018333,13.26148333,525.00,
17669,,,,,2019-07-23T15:50:46Z,46.76018333,13.26148333,525.00,
17670,,,,,2019-07-23T15:50:47Z,46.76018333,13.26148333,525.00,
17671,,,,,2019-07-23T15:50:48Z,46.76018333,13.26148333,525.00,
17672,,,,,2019-07-23T15:50:49Z,46.76018333,13.26148333,525.00,
17673,,,,,2019-07-23T15:50:50Z,46.76018333,13.26148333,525.00,
17674,,,,,2019-07-23T15:50:51Z,46.76018333,13.26148333,525.00,
17675,,,,,2019-07-23T15:50:52Z,46.76018333,13.26148333,525.00,
17676,,,,,2019-07-23T15:50:53Z,46.76018333,13.26148333,525.00,
17677,,,,,2019-07-23T15:50:54Z,46.76018333,13.26148333,525.00,
17678,,,,,2019-07-23T15:50:55Z,46.76018333,13.26148333,525.00,
17679,,,,,2019-07-23T15:50:56Z,46.76018333,13.26148333,525.00,
17680,,,,,2019-07-23T15:50:57Z,46.76018333,13.26148333,525.00,
17681,,,,,2019-07-23T15:50:58Z,46.76018333,13.26148333,525.00,
17682,,,,,2019-07-23T15:50:59Z,46.76018333,13.26148333,525.00,
17683,,,,,2019-07-23T15:51:00Z,46.76018333,13.26148333,525.00,
17684,,,,,2019-07-23T15:51:01Z,46.76018333,13.26148333,525.00,
17685,,,,,2019-07-23T15:51:02Z,46.76018333,13.26148333,525.00,
17686,,,,,2019-07-23T15:51:03Z,46.76016667,13.26148333,525.00,
17687,,,,,2019-07-23T15:51:04Z,46.76016667,13.26148333,525.00,
17688,,,,,2019-07-23T15:51:05Z,46.76016667,13.26148333,525.00,
17689,,,,,2019-07-23T15:51:06Z,46.76016667,13.26146667,525.00,
17690,,,,,2019-07-23T15:51:07Z,46.76016667,13.26146667,524.00,
17691,,,,,2019-07-23T15:51:08Z,46.76016667,13.26146667,524.00,
17692,,,,,2019-07-23T15:51:09Z,46.76016667,13.26146667,525.00,
17693,,,,,2019-07-23T15:51:10Z,46.76016667,13.26146667,525.00,
17694,,,,,2019-07-23T15:51:11Z,46.76016667,13.26146667,525.00,
17695,,,,,2019-07-23T15:51:12Z,46.76016667,13.26146667,525.00,
17696,,,,,2019-07-23T15:51:13Z,46.76016667,13.26146667,525.00,
17697,,,,,2019-07-23T15:51:14Z,46.76016667,13.26146667,525.00,
17698,,,,,2019-07-23T15:51:15Z,46.76016667,13.26146667,525.00,
17699,,,,,2019-07-23T15:51:16Z,46.76016667,13.26146667,525.00,
17700,,,,,2019-07-23T15:51:17Z,46.76016667,13.26146667,525.00,
17701,,,,,2019-07-23T15:51:18Z,46.76016667,13.26146667,525.00,
17702,,,,,2019-07-23T15:51:19Z,46.76016667,13.26146667,525.00,
17703,,,,,2019-07-23T15:51:20Z,46.76016667,13.26146667,525.00,
17704,,,,,2019-07-23T15:51:21Z,46.76016667,13.26146667,525.00,
17705,,,,,2019-07-23T15:51:22Z,46.76016667,13.26146667,525.00,
17706,,,,,2019-07-23T15:51:23Z,46.76016667,13.26146667,525.00,
17707,,,,,2019-07-23T15:51:24Z,46.76016667,13.26148333,525.00,
17708,,,,,2019-07-23T15:51:25Z,46.76016667,13.26148333,525.00,
17709,,,,,2019-07-23T15:51:26Z,46.76016667,13.26148333,525.00,
17710,,,,,2019-07-23T15:51:27Z,46.76016667,13.26148333,525.00,
17711,,,,,2019-07-23T15:51:28Z,46.76016667,13.26148333,525.00,
17712,,,,,2019-07-23T15:51:29Z,46.76016667,13.26148333,525.00,
17713,,,,,2019-07-23T15:51:30Z,46.76016667,13.26148333,525.00,
17714,,,,,2019-07-23T15:51:31Z,46.76016667,13.26148333,525.00,
17715,,,,,2019-07-23T15:51:32Z,46.76016667,13.26148333,525.00,
17716,,,,,2019-07-23T15:51:33Z,46.76016667,13.26148333,525.00,
17717,,,,,2019-07-23T15:51:34Z,46.76016667,13.26148333,525.00,
17718,,,,,2019-07-23T15:51:35Z,46.76016667,13.26148333,525.00,
17719,,,,,2019-07-23T15:51:36Z,46.76016667,13.26148333,525.00,
17720,,,,,2019-07-23T15:51:37Z,46.76016667,13.26148333,525.00,
17721,,,,,2019-07-23T15:51:38Z,46.76016667,13.26148333,525.00,
17722,,,,,2019-07-23T15:51:39Z,46.76016667,13.26148333,525.00,
17723,,,,,2019-07-23T15:51:40Z,46.76016667,13.26148333,525.00,
17724,,,,,2019-07-23T15:51:41Z,46.76016667,13.26148333,525.00,
17725,,,,,2019-07-23T15:51:42Z,46.76016667,13.26148333,525.00,
17726,,,,,2019-07-23T15:51:43Z,46.76016667,13.26148333,525.00,
17727,,,,,2019-07-23T15:51:44Z,46.76016667,13.26148333,525.00,
17728,,,,,2019-07-23T15:51:45Z,46.76016667,13.26148333,525.00,
17729,,,,,2019-07-23T15:51:46Z,46.76016667,13.26148333,525.00,
17730,,,,,2019-07-23T15:51:47Z,46.76016667,13.26148333,525.00,
17731,,,,,2019-07-23T15:51:48Z,46.76016667,13.26148333,525.00,
17732,,,,,2019-07-23T15:51:49Z,46.76016667,13.26148333,525.00,
17733,,,,,2019-07-23T15:51:50Z,46.76016667,13.26148333,525.00,
17734,,,,,2019-07-23T15:51:51Z,46.76016667,13.26148333,525.00,
17735,,,,,2019-07-23T15:51:52Z,46.76016667,13.26148333,525.00,
17736,,,,,2019-07-23T15:51:53Z,46.76016667,13.26148333,525.00,
17737,,,,,2019-07-23T15:51:54Z,46.76016667,13.26148333,525.00,
17738,,,,,2019-07-23T15:51:55Z,46.76016667,13.26148333,525.00,
17739,,,,,2019-07-23T15:51:56Z,46.76016667,13.26148333,525.00,
17740,,,,,2019-07-23T15:51:57Z,46.76016667,13.26148333,525.00,
17741,,,,,2019-07-23T15:51:58Z,46.76016667,13.26148333,525.00,
17742,,,,,2019-07-23T15:51:59Z,46.76016667,13.26148333,525.00,
17743,,,,,2019-07-23T15:52:00Z,46.76016667,13.26148333,525.00,
17744,,,,,2019-07-23T15:52:01Z,46.76016667,13.26148333,525.00,
17745,,,,,2019-07-23T15:52:02Z,46.76016667,13.26148333,525.00,
17746,,,,,2019-07-23T15:52:03Z,46.76016667,13.26148333,525.00,
17747,,,,,2019-07-23T15:52:04Z,46.76016667,13.26148333,525.00,
17748,,,,,2019-07-23T15:52:05Z,46.76016667,13.26146667,525.00,
17749,,,,,2019-07-23T15:52:06Z,46.76016667,13.26146667,525.00,
17750,,,,,2019-07-23T15:52:07Z,46.76016667,13.26146667,525.00,
17751,,,,,2019-07-23T15:52:08Z,46.76016667,13.26146667,525.00,
17752,,,,,2019-07-23T15:52:09Z,46.76016667,13.26146667,525.00,
17753,,,,,2019-07-23T15:52:10Z,46.76016667,13.26146667,525.00,
17754,,,,,2019-07-23T15:52:11Z,46.76016667,13.26146667,525.00,
17755,,,,,2019-07-23T15:52:12Z,46.76016667,13.26146667,525.00,
17756,,,,,2019-07-23T15:52:13Z,46.76016667,13.26146667,524.00,
17757,,,,,2019-07-23T15:52:14Z,46.76016667,13.26146667,524.00,
17758,,,,,2019-07-23T15:52:15Z,46.76016667,13.26146667,525.00,
17759,,,,,2019-07-23T15:52:16Z,46.76016667,13.26146667,525.00,
17760,,,,,2019-07-23T15:52:17Z,46.76016667,13.26146667,525.00,
17761,,,,,2019-07-23T15:52:18Z,46.76016667,13.26146667,525.00,
17762,,,,,2019-07-23T15:52:19Z,46.76016667,13.26146667,525.00,
17763,,,,,2019-07-23T15:52:20Z,46.76016667,13.26146667,525.00,
17764,,,,,2019-07-23T15:52:21Z,46.76016667,13.26146667,525.00,
17765,,,,,2019-07-23T15:52:22Z,46.76016667,13.26146667,525.00,
17766,,,,,2019-07-23T15:52:23Z,46.76016667,13.26146667,525.00,
17767,,,,,2019-07-23T15:52:24Z,46.76016667,13.26146667,525.00,
17768,,,,,2019-07-23T15:52:25Z,46.76016667,13.26146667,525.00,
17769,,,,,2019-07-23T15:52:26Z,46.76016667,13.26146667,525.00,
17770,,,,,2019-07-23T15:52:27Z,46.76016667,13.26146667,525.00,
17771,,,,,2019-07-23T15:52:28Z,46.76016667,13.26146667,525.00,
17772,,,,,2019-07-23T15:52:29Z,46.76016667,13.26146667,525.00,
17773,,,,,2019-07-23T15:52:30Z,46.76016667,13.26146667,525.00,
17774,,,,,2019-07-23T15:52:31Z,46.76016667,13.26146667,525.00,
17775,,,,,2019-07-23T15:52:32Z,46.76016667,13.26146667,525.00,
17776,,,,,2019-07-23T15:52:33Z,46.76016667,13.26146667,525.00,
17777,,,,,2019-07-23T15:52:34Z,46.76016667,13.26146667,525.00,
17778,,,,,2019-07-23T15:52:35Z,46.76016667,13.26146667,525.00,
17779,,,,,2019-07-23T15:52:36Z,46.76016667,13.26146667,525.00,
17780,,,,,2019-07-23T15:52:37Z,46.76016667,13.26146667,525.00,
17781,,,,,2019-07-23T15:52:38Z,46.76016667,13.26146667,525.00,
17782,,,,,2019-07-23T15:52:39Z,46.76016667,13.26146667,525.00,
17783,,,,,2019-07-23T15:52:40Z,46.76016667,13.26146667,525.00,
17784,,,,,2019-07-23T15:52:41Z,46.76016667,13.26146667,525.00,
17785,,,,,2019-07-23T15:52:42Z,46.76016667,13.26146667,525.00,
17786,,,,,2019-07-23T15:52:43Z,46.76016667,13.26146667,525.00,
17787,,,,,2019-07-23T15:52:44Z,46.76016667,13.26146667,525.00,
17788,,,,,2019-07-23T15:52:45Z,46.76016667,13.26146667,525.00,
17789,,,,,2019-07-23T15:52:46Z,46.76016667,13.26146667,525.00,
17790,,,,,2019-07-23T15:52:47Z,46.76016667,13.26146667,525.00,
17791,,,,,2019-07-23T15:52:48Z,46.76016667,13.26146667,525.00,
17792,,,,,2019-07-23T15:52:49Z,46.76016667,13.26146667,525.00,
17793,,,,,2019-07-23T15:52:50Z,46.76016667,13.26146667,525.00,
17794,,,,,2019-07-23T15:52:51Z,46.76016667,13.26146667,525.00,
17795,,,,,2019-07-23T15:52:52Z,46.76016667,13.26146667,525.00,
17796,,,,,2019-07-23T15:52:53Z,46.76016667,13.26146667,525.00,
17797,,,,,2019-07-23T15:52:54Z,46.76016667,13.26146667,525.00,
17798,,,,,2019-07-23T15:52:55Z,46.76016667,13.26146667,525.00,
17799,,,,,2019-07-23T15:52:56Z,46.76016667,13.26146667,525.00,
17800,,,,,2019-07-23T15:52:57Z,46.76016667,13.26146667,525.00,
17801,,,,,2019-07-23T15:52:58Z,46.76016667,13.26146667,525.00,
17802,,,,,2019-07-23T15:52:59Z,46.76016667,13.26146667,525.00,
17803,,,,,2019-07-23T15:53:00Z,46.76016667,13.26146667,525.00,
17804,,,,,2019-07-23T15:53:01Z,46.76016667,13.26146667,525.00,
17805,,,,,2019-07-23T15:53:02Z,46.76016667,13.26146667,525.00,
17806,,,,,2019-07-23T15:53:03Z,46.76016667,13.26146667,525.00,
17807,,,,,2019-07-23T15:53:04Z,46.76016667,13.26146667,525.00,
17808,,,,,2019-07-23T15:53:05Z,46.76016667,13.26146667,525.00,
17809,,,,,2019-07-23T15:53:06Z,46.76016667,13.26146667,524.00,
17810,,,,,2019-07-23T15:53:07Z,46.76016667,13.26146667,525.00,
17811,,,,,2019-07-23T15:53:08Z,46.76016667,13.26146667,525.00,
17812,,,,,2019-07-23T15:53:09Z,46.76016667,13.26146667,525.00,
17813,,,,,2019-07-23T15:53:10Z,46.76016667,13.26146667,525.00,
17814,,,,,2019-07-23T15:53:11Z,46.76016667,13.26146667,525.00,
17815,,,,,2019-07-23T15:53:12Z,46.76016667,13.26146667,525.00,
17816,,,,,2019-07-23T15:53:13Z,46.76016667,13.26146667,525.00,
17817,,,,,2019-07-23T15:53:14Z,46.76016667,13.26146667,525.00,
17818,,,,,2019-07-23T15:53:15Z,46.76016667,13.26146667,525.00,
17819,,,,,2019-07-23T15:53:16Z,46.76016667,13.26146667,525.00,
17820,,,,,2019-07-23T15:53:17Z,46.76016667,13.26146667,525.00,
17821,,,,,2019-07-23T15:53:18Z,46.76016667,13.26146667,525.00,
17822,,,,,2019-07-23T15:53:19Z,46.76016667,13.26146667,525.00,
17823,,,,,2019-07-23T15:53:20Z,46.76016667,13.26146667,525.00,
17824,,,,,2019-07-23T15:53:21Z,46.76016667,13.26146667,525.00,
17825,,,,,2019-07-23T15:53:22Z,46.76016667,13.26146667,525.00,
17826,,,,,2019-07-23T15:53:23Z,46.76016667,13.26146667,525.00,
17827,,,,,2019-07-23T15:53:24Z,46.76016667,13.26146667,525.00,
17828,,,,,2019-07-23T15:53:25Z,46.76016667,13.26146667,525.00,
17829,,,,,2019-07-23T15:53:26Z,46.76016667,13.26146667,525.00,
17830,,,,,2019-07-23T15:53:27Z,46.76016667,13.26146667,525.00,
17831,,,,,2019-07-23T15:53:28Z,46.76016667,13.26146667,525.00,
17832,,,,,2019-07-23T15:53:29Z,46.76016667,13.26146667,525.00,
17833,,,,,2019-07-23T15:53:30Z,46.76016667,13.26146667,525.00,
17834,,,,,2019-07-23T15:53:31Z,46.76016667,13.26146667,524.00,
17835,,,,,2019-07-23T15:53:32Z,46.76016667,13.26146667,524.00,
17836,,,,,2019-07-23T15:53:33Z,46.76016667,13.26146667,524.00,
17837,,,,,2019-07-23T15:53:34Z,46.76016667,13.26146667,525.00,
17838,,,,,2019-07-23T15:53:35Z,46.76016667,13.26146667,525.00,
17839,,,,,2019-07-23T15:53:36Z,46.76016667,13.26146667,525.00,
17840,,,,,2019-07-23T15:53:37Z,46.76016667,13.26146667,524.00,
17841,,,,,2019-07-23T15:53:38Z,46.76016667,13.26146667,525.00,
17842,,,,,2019-07-23T15:53:39Z,46.76016667,13.26146667,525.00,
17843,,,,,2019-07-23T15:53:40Z,46.76016667,13.26146667,525.00,
17844,,,,,2019-07-23T15:53:41Z,46.76016667,13.26146667,525.00,
17845,,,,,2019-07-23T15:53:42Z,46.76016667,13.26146667,525.00,
17846,,,,,2019-07-23T15:53:43Z,46.76016667,13.26146667,525.00,
17847,,,,,2019-07-23T15:53:44Z,46.76016667,13.26146667,525.00,
17848,,,,,2019-07-23T15:53:45Z,46.76016667,13.26146667,525.00,
17849,,,,,2019-07-23T15:53:46Z,46.76016667,13.26146667,525.00,
17850,,,,,2019-07-23T15:53:47Z,46.76016667,13.26146667,525.00,
17851,,,,,2019-07-23T15:53:48Z,46.76016667,13.26146667,525.00,
17852,,,,,2019-07-23T15:53:49Z,46.76016667,13.26148333,525.00,
17853,,,,,2019-07-23T15:53:50Z,46.76016667,13.26148333,525.00,
17854,,,,,2019-07-23T15:53:51Z,46.76016667,13.26148333,525.00,
17855,,,,,2019-07-23T15:53:52Z,46.76016667,13.26148333,525.00,
17856,,,,,2019-07-23T15:53:53Z,46.76016667,13.26148333,525.00,
17857,,,,,2019-07-23T15:53:54Z,46.76016667,13.26148333,525.00,
17858,,,,,2019-07-23T15:53:55Z,46.76016667,13.26148333,525.00,
17859,,,,,2019-07-23T15:53:56Z,46.76016667,13.26148333,525.00,
17860,,,,,2019-07-23T15:53:57Z,46.76016667,13.26148333,525.00,
17861,,,,,2019-07-23T15:53:58Z,46.76016667,13.26148333,525.00,
17862,,,,,2019-07-23T15:53:59Z,46.76016667,13.26148333,525.00,
17863,,,,,2019-07-23T15:54:00Z,46.76016667,13.26148333,525.00,
17864,,,,,2019-07-23T15:54:01Z,46.76016667,13.26148333,525.00,
17865,,,,,2019-07-23T15:54:02Z,46.76016667,13.26148333,525.00,
17866,,,,,2019-07-23T15:54:03Z,46.76016667,13.26148333,524.00,
17867,,,,,2019-07-23T15:54:04Z,46.76016667,13.26148333,524.00,
17868,,,,,2019-07-23T15:54:05Z,46.76016667,13.26148333,525.00,
17869,,,,,2019-07-23T15:54:06Z,46.76016667,13.26148333,524.00,
17870,,,,,2019-07-23T15:54:07Z,46.76016667,13.26148333,525.00,
17871,,,,,2019-07-23T15:54:08Z,46.76016667,13.26148333,525.00,
17872,,,,,2019-07-23T15:54:09Z,46.76016667,13.26148333,525.00,
17873,,,,,2019-07-23T15:54:10Z,46.76016667,13.26148333,525.00,
17874,,,,,2019-07-23T15:54:11Z,46.76016667,13.26148333,525.00,
17875,,,,,2019-07-23T15:54:12Z,46.76016667,13.26148333,525.00,
17876,,,,,2019-07-23T15:54:13Z,46.76016667,13.26148333,525.00,
17877,,,,,2019-07-23T15:54:14Z,46.76016667,13.26148333,525.00,
17878,,,,,2019-07-23T15:54:15Z,46.76016667,13.26148333,525.00,
17879,,,,,2019-07-23T15:54:16Z,46.76016667,13.26148333,525.00,
17880,,,,,2019-07-23T15:54:17Z,46.76016667,13.26148333,525.00,
17881,,,,,2019-07-23T15:54:18Z,46.76016667,13.26148333,525.00,
17882,,,,,2019-07-23T15:54:19Z,46.76016667,13.26148333,525.00,
17883,,,,,2019-07-23T15:54:20Z,46.76016667,13.26148333,525.00,
17884,,,,,2019-07-23T15:54:21Z,46.76016667,13.26148333,525.00,
17885,,,,,2019-07-23T15:54:22Z,46.76016667,13.26148333,525.00,
17886,,,,,2019-07-23T15:54:23Z,46.76016667,13.26148333,525.00,
17887,,,,,2019-07-23T15:54:24Z,46.76016667,13.26148333,525.00,
17888,,,,,2019-07-23T15:54:25Z,46.76016667,13.26148333,525.00,
17889,,,,,2019-07-23T15:54:26Z,46.76016667,13.26148333,525.00,
17890,,,,,2019-07-23T15:54:27Z,46.76016667,13.26148333,525.00,
17891,,,,,2019-07-23T15:54:28Z,46.76016667,13.26148333,525.00,
17892,,,,,2019-07-23T15:54:29Z,46.76016667,13.26148333,525.00,
17893,,,,,2019-07-23T15:54:30Z,46.76016667,13.26148333,525.00,
17894,,,,,2019-07-23T15:54:31Z,46.76016667,13.26148333,525.00,
17895,,,,,2019-07-23T15:54:32Z,46.76016667,13.26148333,525.00,
17896,,,,,2019-07-23T15:54:33Z,46.76016667,13.26148333,525.00,
17897,,,,,2019-07-23T15:54:34Z,46.76016667,13.26148333,525.00,
17898,,,,,2019-07-23T15:54:35Z,46.76016667,13.26146667,525.00,
17899,,,,,2019-07-23T15:54:36Z,46.76016667,13.26146667,525.00,
17900,,,,,2019-07-23T15:54:37Z,46.76016667,13.26146667,525.00,
17901,,,,,2019-07-23T15:54:38Z,46.76016667,13.26146667,525.00,
17902,,,,,2019-07-23T15:54:39Z,46.76016667,13.26146667,525.00,
17903,,,,,2019-07-23T15:54:40Z,46.76016667,13.26146667,524.00,
17904,,,,,2019-07-23T15:54:41Z,46.76016667,13.26146667,525.00,
17905,,,,,2019-07-23T15:54:42Z,46.76016667,13.26146667,525.00,
17906,,,,,2019-07-23T15:54:43Z,46.76016667,13.26146667,525.00,
17907,,,,,2019-07-23T15:54:44Z,46.76016667,13.26146667,525.00,
17908,,,,,2019-07-23T15:54:45Z,46.76016667,13.26146667,525.00,
17909,,,,,2019-07-23T15:54:46Z,46.76016667,13.26146667,525.00,
17910,,,,,2019-07-23T15:54:47Z,46.76016667,13.26146667,525.00,
17911,,,,,2019-07-23T15:54:48Z,46.76016667,13.26146667,525.00,
17912,,,,,2019-07-23T15:54:49Z,46.76016667,13.26146667,525.00,
17913,,,,,2019-07-23T15:54:50Z,46.76016667,13.26146667,525.00,
17914,,,,,2019-07-23T15:54:51Z,46.76016667,13.26146667,525.00,
17915,,,,,2019-07-23T15:54:52Z,46.76016667,13.26146667,525.00,
17916,,,,,2019-07-23T15:54:53Z,46.76016667,13.26146667,525.00,
17917,,,,,2019-07-23T15:54:54Z,46.76016667,13.26146667,525.00,
17918,,,,,2019-07-23T15:54:55Z,46.76016667,13.26146667,525.00,
17919,,,,,2019-07-23T15:54:56Z,46.76016667,13.26146667,525.00,
17920,,,,,2019-07-23T15:54:57Z,46.76016667,13.26146667,524.00,
17921,,,,,2019-07-23T15:54:58Z,46.76016667,13.26146667,525.00,
17922,,,,,2019-07-23T15:54:59Z,46.76016667,13.26146667,525.00,
17923,,,,,2019-07-23T15:55:00Z,46.76016667,13.26146667,525.00,
17924,,,,,2019-07-23T15:55:01Z,46.76016667,13.26146667,525.00,
17925,,,,,2019-07-23T15:55:02Z,46.76016667,13.26146667,525.00,
17926,,,,,2019-07-23T15:55:03Z,46.76016667,13.26146667,524.00,
17927,,,,,2019-07-23T15:55:04Z,46.76016667,13.26146667,524.00,
17928,,,,,2019-07-23T15:55:05Z,46.76016667,13.26146667,524.00,
17929,,,,,2019-07-23T15:55:06Z,46.76016667,13.26146667,524.00,
17930,,,,,2019-07-23T15:55:07Z,46.76016667,13.26146667,525.00,
17931,,,,,2019-07-23T15:55:08Z,46.76016667,13.26146667,525.00,
17932,,,,,2019-07-23T15:55:09Z,46.76016667,13.26146667,524.00,
17933,,,,,2019-07-23T15:55:10Z,46.76016667,13.26146667,524.00,
17934,,,,,2019-07-23T15:55:11Z,46.76016667,13.26146667,525.00,
17935,,,,,2019-07-23T15:55:12Z,46.76016667,13.26146667,525.00,
17936,,,,,2019-07-23T15:55:13Z,46.76016667,13.26146667,525.00,
17937,,,,,2019-07-23T15:55:14Z,46.76016667,13.26146667,525.00,
17938,,,,,2019-07-23T15:55:15Z,46.76016667,13.26146667,524.00,
17939,,,,,2019-07-23T15:55:16Z,46.76016667,13.26146667,525.00,
17940,,,,,2019-07-23T15:55:17Z,46.76016667,13.26146667,524.00,
17941,,,,,2019-07-23T15:55:18Z,46.76016667,13.26146667,524.00,
17942,,,,,2019-07-23T15:55:19Z,46.76016667,13.26146667,524.00,
17943,,,,,2019-07-23T15:55:20Z,46.76016667,13.26146667,524.00,
17944,,,,,2019-07-23T15:55:21Z,46.76016667,13.26146667,524.00,
17945,,,,,2019-07-23T15:55:22Z,46.76016667,13.26146667,524.00,
17946,,,,,2019-07-23T15:55:23Z,46.76016667,13.26146667,524.00,
17947,,,,,2019-07-23T15:55:24Z,46.76016667,13.26146667,524.00,
17948,,,,,2019-07-23T15:55:25Z,46.76016667,13.26146667,524.00,
17949,,,,,2019-07-23T15:55:26Z,46.76016667,13.26146667,524.00,
17950,,,,,2019-07-23T15:55:27Z,46.76016667,13.26146667,524.00,
17951,,,,,2019-07-23T15:55:28Z,46.76016667,13.26146667,524.00,
17952,,,,,2019-07-23T15:55:29Z,46.76016667,13.26146667,524.00,
17953,,,,,2019-07-23T15:55:30Z,46.76016667,13.26146667,524.00,
17954,,,,,2019-07-23T15:55:31Z,46.76016667,13.26146667,524.00,
17955,,,,,2019-07-23T15:55:32Z,46.76016667,13.26146667,524.00,
17956,,,,,2019-07-23T15:55:33Z,46.76016667,13.26146667,524.00,
17957,,,,,2019-07-23T15:55:34Z,46.76016667,13.26146667,524.00,
17958,,,,,2019-07-23T15:55:35Z,46.76016667,13.26146667,524.00,
17959,,,,,2019-07-23T15:55:36Z,46.76016667,13.26146667,524.00,
17960,,,,,2019-07-23T15:55:37Z,46.76016667,13.26146667,524.00,
17961,,,,,2019-07-23T15:55:38Z,46.76016667,13.26146667,525.00,
17962,,,,,2019-07-23T15:55:39Z,46.76016667,13.26146667,525.00,
17963,,,,,2019-07-23T15:55:40Z,46.76016667,13.26146667,525.00,
17964,,,,,2019-07-23T15:55:41Z,46.76016667,13.26146667,525.00,
17965,,,,,2019-07-23T15:55:42Z,46.76016667,13.26146667,524.00,
17966,,,,,2019-07-23T15:55:43Z,46.76016667,13.26146667,525.00,
17967,,,,,2019-07-23T15:55:44Z,46.76016667,13.26146667,525.00,
17968,,,,,2019-07-23T15:55:45Z,46.76016667,13.26146667,525.00,
17969,,,,,2019-07-23T15:55:46Z,46.76016667,13.26146667,524.00,
17970,,,,,2019-07-23T15:55:47Z,46.76016667,13.26146667,524.00,
17971,,,,,2019-07-23T15:55:48Z,46.76016667,13.26146667,524.00,
17972,,,,,2019-07-23T15:55:49Z,46.76016667,13.26146667,524.00,
17973,,,,,2019-07-23T15:55:50Z,46.76016667,13.26146667,524.00,
17974,,,,,2019-07-23T15:55:51Z,46.76016667,13.26146667,524.00,
17975,,,,,2019-07-23T15:55:52Z,46.76016667,13.26146667,524.00,
17976,,,,,2019-07-23T15:55:53Z,46.76016667,13.26146667,524.00,
17977,,,,,2019-07-23T15:55:54Z,46.76016667,13.26146667,524.00,
17978,,,,,2019-07-23T15:55:55Z,46.76016667,13.26146667,524.00,
17979,,,,,2019-07-23T15:55:56Z,46.76016667,13.26146667,524.00,
17980,,,,,2019-07-23T15:55:57Z,46.76016667,13.26146667,524.00,
17981,,,,,2019-07-23T15:55:58Z,46.76016667,13.26146667,524.00,
17982,,,,,2019-07-23T15:55:59Z,46.76016667,13.26146667,525.00,
17983,,,,,2019-07-23T15:56:00Z,46.76016667,13.26146667,525.00,
17984,,,,,2019-07-23T15:56:01Z,46.76016667,13.26146667,525.00,
17985,,,,,2019-07-23T15:56:02Z,46.76016667,13.26146667,525.00,
17986,,,,,2019-07-23T15:56:03Z,46.76016667,13.26146667,525.00,
17987,,,,,2019-07-23T15:56:04Z,46.76016667,13.26146667,525.00,
17988,,,,,2019-07-23T15:56:05Z,46.76016667,13.26146667,525.00,
17989,,,,,2019-07-23T15:56:06Z,46.76016667,13.26146667,525.00,
17990,,,,,2019-07-23T15:56:07Z,46.76016667,13.26146667,525.00,
17991,,,,,2019-07-23T15:56:08Z,46.76016667,13.26146667,524.00,
17992,,,,,2019-07-23T15:56:09Z,46.76016667,13.26146667,525.00,
17993,,,,,2019-07-23T15:56:10Z,46.76016667,13.26146667,525.00,
17994,,,,,2019-07-23T15:56:11Z,46.76016667,13.26146667,525.00,
17995,,,,,2019-07-23T15:56:12Z,46.76016667,13.26146667,525.00,
17996,,,,,2019-07-23T15:56:13Z,46.76016667,13.26146667,525.00,
17997,,,,,2019-07-23T15:56:14Z,46.76016667,13.26146667,525.00,
17998,,,,,2019-07-23T15:56:15Z,46.76016667,13.26146667,524.00,
17999,,,,,2019-07-23T15:56:16Z,46.76016667,13.26146667,524.00,
18000,,,,,2019-07-23T15:56:17Z,46.76016667,13.26146667,524.00,
18001,,,,,2019-07-23T15:56:18Z,46.76016667,13.26146667,524.00,
18002,,,,,2019-07-23T15:56:19Z,46.76016667,13.26146667,524.00,
18003,,,,,2019-07-23T15:56:20Z,46.76016667,13.26146667,524.00,
18004,,,,,2019-07-23T15:56:21Z,46.76016667,13.26146667,524.00,
18005,,,,,2019-07-23T15:56:22Z,46.76016667,13.26146667,524.00,
18006,,,,,2019-07-23T15:56:23Z,46.76016667,13.26146667,524.00,
18007,,,,,2019-07-23T15:56:24Z,46.76016667,13.26146667,524.00,
18008,,,,,2019-07-23T15:56:25Z,46.76016667,13.26146667,524.00,
18009,,,,,2019-07-23T15:56:26Z,46.76016667,13.26146667,524.00,
18010,,,,,2019-07-23T15:56:27Z,46.76016667,13.26146667,524.00,
18011,,,,,2019-07-23T15:56:28Z,46.76016667,13.26146667,524.00,
18012,,,,,2019-07-23T15:56:29Z,46.76016667,13.26146667,524.00,
18013,,,,,2019-07-23T15:56:30Z,46.76018333,13.26146667,524.00,
18014,,,,,2019-07-23T15:56:31Z,46.76018333,13.26146667,524.00,
18015,,,,,2019-07-23T15:56:32Z,46.76018333,13.26146667,524.00,
18016,,,,,2019-07-23T15:56:33Z,46.76016667,13.26146667,524.00,
18017,,,,,2019-07-23T15:56:34Z,46.76018333,13.26146667,525.00,
18018,,,,,2019-07-23T15:56:35Z,46.76016667,13.26146667,524.00,
18019,,,,,2019-07-23T15:56:36Z,46.76016667,13.26146667,525.00,
18020,,,,,2019-07-23T15:56:37Z,46.76016667,13.26146667,525.00,
18021,,,,,2019-07-23T15:56:38Z,46.76016667,13.26146667,525.00,
18022,,,,,2019-07-23T15:56:39Z,46.76016667,13.26146667,525.00,
18023,,,,,2019-07-23T15:56:40Z,46.76016667,13.26146667,525.00,
18024,,,,,2019-07-23T15:56:41Z,46.76016667,13.26146667,525.00,
18025,,,,,2019-07-23T15:56:42Z,46.76016667,13.26148333,525.00,
18026,,,,,2019-07-23T15:56:43Z,46.76016667,13.26148333,525.00,
18027,,,,,2019-07-23T15:56:44Z,46.76016667,13.26148333,524.00,
18028,,,,,2019-07-23T15:56:45Z,46.76016667,13.26148333,524.00,
18029,,,,,2019-07-23T15:56:46Z,46.76016667,13.26148333,524.00,
18030,,,,,2019-07-23T15:56:47Z,46.76016667,13.26148333,524.00,
18031,,,,,2019-07-23T15:56:48Z,46.76016667,13.26146667,524.00,
18032,,,,,2019-07-23T15:56:49Z,46.76016667,13.26148333,524.00,
18033,,,,,2019-07-23T15:56:50Z,46.76016667,13.26148333,524.00,
18034,,,,,2019-07-23T15:56:51Z,46.76016667,13.26148333,524.00,
18035,,,,,2019-07-23T15:56:52Z,46.76016667,13.26146667,524.00,
18036,,,,,2019-07-23T15:56:53Z,46.76016667,13.26146667,524.00,
18037,,,,,2019-07-23T15:56:54Z,46.76016667,13.26146667,524.00,
18038,,,,,2019-07-23T15:56:55Z,46.76016667,13.26146667,524.00,
18039,,,,,2019-07-23T15:56:56Z,46.76016667,13.26146667,524.00,
18040,,,,,2019-07-23T15:56:57Z,46.76016667,13.26146667,524.00,
18041,,,,,2019-07-23T15:56:58Z,46.76016667,13.26146667,524.00,
18042,,,,,2019-07-23T15:56:59Z,46.76016667,13.26146667,524.00,
18043,,,,,2019-07-23T15:57:00Z,46.76016667,13.26146667,524.00,
18044,,,,,2019-07-23T15:57:01Z,46.76016667,13.26148333,524.00,
18045,,,,,2019-07-23T15:57:02Z,46.76016667,13.26148333,524.00,
18046,,,,,2019-07-23T15:57:03Z,46.76016667,13.26148333,524.00,
18047,,,,,2019-07-23T15:57:04Z,46.76016667,13.26148333,524.00,
18048,,,,,2019-07-23T15:57:05Z,46.76016667,13.26148333,524.00,
18049,,,,,2019-07-23T15:57:06Z,46.76016667,13.26148333,524.00,
18050,,,,,2019-07-23T15:57:07Z,46.76016667,13.26148333,524.00,
18051,,,,,2019-07-23T15:57:08Z,46.76016667,13.26148333,524.00,
18052,,,,,2019-07-23T15:57:09Z,46.76016667,13.26148333,525.00,
18053,,,,,2019-07-23T15:57:10Z,46.76016667,13.26148333,525.00,
18054,,,,,2019-07-23T15:57:11Z,46.76016667,13.26148333,524.00,
18055,,,,,2019-07-23T15:57:12Z,46.76016667,13.26148333,524.00,
18056,,,,,2019-07-23T15:57:13Z,46.76016667,13.26148333,525.00,
18057,,,,,2019-07-23T15:57:14Z,46.76016667,13.26148333,525.00,
18058,,,,,2019-07-23T15:57:15Z,46.76016667,13.26148333,525.00,
18059,,,,,2019-07-23T15:57:16Z,46.76016667,13.26148333,524.00,
18060,,,,,2019-07-23T15:57:17Z,46.76016667,13.26148333,525.00,
18061,,,,,2019-07-23T15:57:18Z,46.76016667,13.26148333,525.00,
18062,,,,,2019-07-23T15:57:19Z,46.76016667,13.26148333,525.00,
18063,,,,,2019-07-23T15:57:20Z,46.76016667,13.26148333,525.00,
18064,,,,,2019-07-23T15:57:21Z,46.76016667,13.26148333,525.00,
18065,,,,,2019-07-23T15:57:22Z,46.76016667,13.26148333,525.00,
18066,,,,,2019-07-23T15:57:23Z,46.76016667,13.26148333,525.00,
18067,,,,,2019-07-23T15:57:24Z,46.76016667,13.26148333,525.00,
18068,,,,,2019-07-23T15:57:25Z,46.76016667,13.26148333,525.00,
18069,,,,,2019-07-23T15:57:26Z,46.76016667,13.26148333,525.00,
18070,,,,,2019-07-23T15:57:27Z,46.76016667,13.26148333,525.00,
18071,,,,,2019-07-23T15:57:28Z,46.76016667,13.26148333,524.00,
18072,,,,,2019-07-23T15:57:29Z,46.76016667,13.26148333,524.00,
18073,,,,,2019-07-23T15:57:30Z,46.76016667,13.26148333,524.00,
18074,,,,,2019-07-23T15:57:31Z,46.76016667,13.26148333,524.00,
18075,,,,,2019-07-23T15:57:32Z,46.76016667,13.26148333,524.00,
18076,,,,,2019-07-23T15:57:33Z,46.76016667,13.26148333,524.00,
18077,,,,,2019-07-23T15:57:34Z,46.76016667,13.26148333,524.00,
18078,,,,,2019-07-23T15:57:35Z,46.76016667,13.26148333,524.00,
18079,,,,,2019-07-23T15:57:36Z,46.76016667,13.26148333,524.00,
18080,,,,,2019-07-23T15:57:37Z,46.76016667,13.26148333,524.00,
18081,,,,,2019-07-23T15:57:38Z,46.76016667,13.26148333,524.00,
18082,,,,,2019-07-23T15:57:39Z,46.76016667,13.26148333,524.00,
18083,,,,,2019-07-23T15:57:40Z,46.76016667,13.26148333,524.00,
18084,,,,,2019-07-23T15:57:41Z,46.76016667,13.26148333,524.00,
18085,,,,,2019-07-23T15:57:42Z,46.76016667,13.26148333,524.00,
18086,,,,,2019-07-23T15:57:43Z,46.76015000,13.26148333,524.00,
18087,,,,,2019-07-23T15:57:44Z,46.76015000,13.26148333,524.00,
18088,,,,,2019-07-23T15:57:45Z,46.76015000,13.26148333,524.00,
18089,,,,,2019-07-23T15:57:46Z,46.76015000,13.26148333,524.00,
18090,,,,,2019-07-23T15:57:47Z,46.76015000,13.26148333,524.00,
18091,,,,,2019-07-23T15:57:48Z,46.76015000,13.26148333,524.00,
18092,,,,,2019-07-23T15:57:49Z,46.76015000,13.26148333,524.00,
18093,,,,,2019-07-23T15:57:50Z,46.76015000,13.26148333,524.00,
18094,,,,,2019-07-23T15:57:51Z,46.76015000,13.26148333,524.00,
18095,,,,,2019-07-23T15:57:52Z,46.76015000,13.26148333,525.00,
18096,,,,,2019-07-23T15:57:53Z,46.76015000,13.26148333,525.00,
18097,,,,,2019-07-23T15:57:54Z,46.76015000,13.26148333,524.00,
18098,,,,,2019-07-23T15:57:55Z,46.76015000,13.26148333,524.00,
18099,,,,,2019-07-23T15:57:56Z,46.76015000,13.26148333,524.00,
18100,,,,,2019-07-23T15:57:57Z,46.76015000,13.26148333,524.00,
18101,,,,,2019-07-23T15:57:58Z,46.76015000,13.26148333,524.00,
18102,,,,,2019-07-23T15:57:59Z,46.76015000,13.26148333,525.00,
18103,,,,,2019-07-23T15:58:00Z,46.76015000,13.26148333,524.00,
18104,,,,,2019-07-23T15:58:01Z,46.76015000,13.26148333,524.00,
18105,,,,,2019-07-23T15:58:02Z,46.76015000,13.26148333,524.00,
18106,,,,,2019-07-23T15:58:03Z,46.76015000,13.26148333,524.00,
18107,,,,,2019-07-23T15:58:04Z,46.76015000,13.26148333,524.00,
18108,,,,,2019-07-23T15:58:05Z,46.76015000,13.26148333,524.00,
18109,,,,,2019-07-23T15:58:06Z,46.76015000,13.26148333,525.00,
18110,,,,,2019-07-23T15:58:07Z,46.76015000,13.26148333,525.00,
18111,,,,,2019-07-23T15:58:08Z,46.76015000,13.26148333,525.00,
18112,,,,,2019-07-23T15:58:09Z,46.76015000,13.26148333,524.00,
18113,,,,,2019-07-23T15:58:10Z,46.76015000,13.26148333,524.00,
18114,,,,,2019-07-23T15:58:11Z,46.76015000,13.26148333,524.00,
18115,,,,,2019-07-23T15:58:12Z,46.76015000,13.26148333,524.00,
18116,,,,,2019-07-23T15:58:13Z,46.76015000,13.26148333,524.00,
18117,,,,,2019-07-23T15:58:14Z,46.76015000,13.26148333,524.00,
18118,,,,,2019-07-23T15:58:15Z,46.76015000,13.26148333,524.00,
18119,,,,,2019-07-23T15:58:16Z,46.76015000,13.26148333,524.00,
18120,,,,,2019-07-23T15:58:17Z,46.76015000,13.26148333,524.00,
18121,,,,,2019-07-23T15:58:18Z,46.76015000,13.26148333,524.00,
18122,,,,,2019-07-23T15:58:19Z,46.76015000,13.26148333,524.00,
18123,,,,,2019-07-23T15:58:20Z,46.76015000,13.26148333,524.00,
18124,,,,,2019-07-23T15:58:21Z,46.76015000,13.26148333,524.00,
18125,,,,,2019-07-23T15:58:22Z,46.76015000,13.26148333,524.00,
18126,,,,,2019-07-23T15:58:23Z,46.76015000,13.26148333,524.00,
18127,,,,,2019-07-23T15:58:24Z,46.76015000,13.26148333,524.00,
18128,,,,,2019-07-23T15:58:25Z,46.76015000,13.26148333,524.00,
18129,,,,,2019-07-23T15:58:26Z,46.76015000,13.26148333,524.00,
18130,,,,,2019-07-23T15:58:27Z,46.76015000,13.26148333,525.00,
18131,,,,,2019-07-23T15:58:28Z,46.76015000,13.26148333,524.00,
18132,,,,,2019-07-23T15:58:29Z,46.76015000,13.26148333,525.00,
18133,,,,,2019-07-23T15:58:30Z,46.76015000,13.26148333,525.00,
18134,,,,,2019-07-23T15:58:31Z,46.76015000,13.26148333,525.00,
18135,,,,,2019-07-23T15:58:32Z,46.76015000,13.26148333,524.00,
18136,,,,,2019-07-23T15:58:33Z,46.76015000,13.26148333,524.00,
18137,,,,,2019-07-23T15:58:34Z,46.76015000,13.26148333,525.00,
18138,,,,,2019-07-23T15:58:35Z,46.76015000,13.26148333,525.00,
18139,,,,,2019-07-23T15:58:36Z,46.76015000,13.26148333,525.00,
18140,,,,,2019-07-23T15:58:37Z,46.76015000,13.26148333,525.00,
18141,,,,,2019-07-23T15:58:38Z,46.76015000,13.26148333,525.00,
18142,,,,,2019-07-23T15:58:39Z,46.76015000,13.26148333,524.00,
18143,,,,,2019-07-23T15:58:40Z,46.76015000,13.26148333,525.00,
18144,,,,,2019-07-23T15:58:41Z,46.76015000,13.26148333,525.00,
18145,,,,,2019-07-23T15:58:42Z,46.76015000,13.26148333,525.00,
18146,,,,,2019-07-23T15:58:43Z,46.76015000,13.26148333,525.00,
18147,,,,,2019-07-23T15:58:44Z,46.76015000,13.26148333,525.00,
18148,,,,,2019-07-23T15:58:45Z,46.76015000,13.26148333,525.00,
18149,,,,,2019-07-23T15:58:46Z,46.76015000,13.26148333,525.00,
18150,,,,,2019-07-23T15:58:47Z,46.76015000,13.26148333,525.00,
18151,,,,,2019-07-23T15:58:48Z,46.76015000,13.26148333,525.00,
18152,,,,,2019-07-23T15:58:49Z,46.76015000,13.26148333,525.00,
18153,,,,,2019-07-23T15:58:50Z,46.76015000,13.26148333,525.00,
18154,,,,,2019-07-23T15:58:51Z,46.76015000,13.26148333,525.00,
18155,,,,,2019-07-23T15:58:52Z,46.76015000,13.26148333,525.00,
18156,,,,,2019-07-23T15:58:53Z,46.76015000,13.26148333,525.00,
18157,,,,,2019-07-23T15:58:54Z,46.76015000,13.26148333,525.00,
18158,,,,,2019-07-23T15:58:55Z,46.76015000,13.26148333,525.00,
18159,,,,,2019-07-23T15:58:56Z,46.76015000,13.26148333,525.00,
18160,,,,,2019-07-23T15:58:57Z,46.76015000,13.26148333,525.00,
18161,,,,,2019-07-23T15:58:58Z,46.76015000,13.26148333,525.00,
18162,,,,,2019-07-23T15:58:59Z,46.76015000,13.26148333,525.00,
18163,,,,,2019-07-23T15:59:00Z,46.76015000,13.26148333,524.00,
18164,,,,,2019-07-23T15:59:01Z,46.76015000,13.26148333,524.00,
18165,,,,,2019-07-23T15:59:02Z,46.76015000,13.26148333,524.00,
18166,,,,,2019-07-23T15:59:03Z,46.76015000,13.26148333,524.00,
18167,,,,,2019-07-23T15:59:04Z,46.76015000,13.26148333,524.00,
18168,,,,,2019-07-23T15:59:05Z,46.76015000,13.26148333,524.00,
18169,,,,,2019-07-23T15:59:06Z,46.76015000,13.26148333,525.00,
18170,,,,,2019-07-23T15:59:07Z,46.76015000,13.26148333,524.00,
18171,,,,,2019-07-23T15:59:08Z,46.76015000,13.26148333,524.00,
18172,,,,,2019-07-23T15:59:09Z,46.76015000,13.26148333,524.00,
18173,,,,,2019-07-23T15:59:10Z,46.76015000,13.26148333,524.00,
18174,,,,,2019-07-23T15:59:11Z,46.76015000,13.26148333,524.00,
18175,,,,,2019-07-23T15:59:12Z,46.76015000,13.26148333,524.00,
18176,,,,,2019-07-23T15:59:13Z,46.76015000,13.26148333,524.00,
18177,,,,,2019-07-23T15:59:14Z,46.76015000,13.26148333,524.00,
18178,,,,,2019-07-23T15:59:15Z,46.76015000,13.26148333,524.00,
18179,,,,,2019-07-23T15:59:16Z,46.76015000,13.26148333,524.00,
18180,,,,,2019-07-23T15:59:17Z,46.76015000,13.26148333,525.00,
18181,,,,,2019-07-23T15:59:18Z,46.76015000,13.26148333,524.00,
18182,,,,,2019-07-23T15:59:19Z,46.76015000,13.26148333,524.00,
18183,,,,,2019-07-23T15:59:20Z,46.76015000,13.26148333,524.00,
18184,,,,,2019-07-23T15:59:21Z,46.76015000,13.26148333,524.00,
18185,,,,,2019-07-23T15:59:22Z,46.76015000,13.26148333,524.00,
18186,,,,,2019-07-23T15:59:23Z,46.76015000,13.26148333,524.00,
18187,,,,,2019-07-23T15:59:24Z,46.76015000,13.26148333,524.00,
18188,,,,,2019-07-23T15:59:25Z,46.76015000,13.26148333,524.00,
18189,,,,,2019-07-23T15:59:26Z,46.76015000,13.26148333,524.00,
18190,,,,,2019-07-23T15:59:27Z,46.76015000,13.26148333,524.00,
18191,,,,,2019-07-23T15:59:28Z,46.76015000,13.26148333,525.00,
18192,,,,,2019-07-23T15:59:29Z,46.76015000,13.26148333,525.00,
18193,,,,,2019-07-23T15:59:30Z,46.76015000,13.26148333,525.00,
18194,,,,,2019-07-23T15:59:31Z,46.76015000,13.26148333,525.00,
18195,,,,,2019-07-23T15:59:32Z,46.76015000,13.26148333,524.00,
18196,,,,,2019-07-23T15:59:33Z,46.76015000,13.26148333,524.00,
18197,,,,,2019-07-23T15:59:34Z,46.76015000,13.26148333,524.00,
18198,,,,,2019-07-23T15:59:35Z,46.76015000,13.26148333,524.00,
18199,,,,,2019-07-23T15:59:36Z,46.76015000,13.26148333,524.00,
18200,,,,,2019-07-23T15:59:37Z,46.76015000,13.26148333,524.00,
18201,,,,,2019-07-23T15:59:38Z,46.76015000,13.26148333,524.00,
18202,,,,,2019-07-23T15:59:39Z,46.76015000,13.26148333,524.00,
18203,,,,,2019-07-23T15:59:40Z,46.76015000,13.26148333,524.00,
18204,,,,,2019-07-23T15:59:41Z,46.76015000,13.26148333,525.00,
18205,,,,,2019-07-23T15:59:42Z,46.76015000,13.26148333,524.00,
18206,,,,,2019-07-23T15:59:43Z,46.76015000,13.26146667,524.00,
18207,,,,,2019-07-23T15:59:44Z,46.76015000,13.26146667,524.00,
18208,,,,,2019-07-23T15:59:45Z,46.76015000,13.26146667,524.00,
18209,,,,,2019-07-23T15:59:46Z,46.76015000,13.26146667,524.00,
18210,,,,,2019-07-23T15:59:47Z,46.76015000,13.26146667,524.00,
18211,,,,,2019-07-23T15:59:48Z,46.76015000,13.26146667,524.00,
18212,,,,,2019-07-23T15:59:49Z,46.76015000,13.26146667,524.00,
18213,,,,,2019-07-23T15:59:50Z,46.76015000,13.26148333,524.00,
18214,,,,,2019-07-23T15:59:51Z,46.76015000,13.26148333,524.00,
18215,,,,,2019-07-23T15:59:52Z,46.76015000,13.26148333,524.00,
18216,,,,,2019-07-23T15:59:53Z,46.76015000,13.26148333,524.00,
18217,,,,,2019-07-23T15:59:54Z,46.76015000,13.26148333,524.00,
18218,,,,,2019-07-23T15:59:55Z,46.76015000,13.26148333,524.00,
18219,,,,,2019-07-23T15:59:56Z,46.76015000,13.26148333,524.00,
18220,,,,,2019-07-23T15:59:57Z,46.76015000,13.26148333,524.00,
18221,,,,,2019-07-23T15:59:58Z,46.76015000,13.26148333,524.00,
18222,,,,,2019-07-23T15:59:59Z,46.76015000,13.26146667,524.00,
18223,,,,,2019-07-23T16:00:00Z,46.76015000,13.26146667,524.00,
18224,,,,,2019-07-23T16:00:01Z,46.76015000,13.26146667,524.00,
18225,,,,,2019-07-23T16:00:02Z,46.76015000,13.26146667,524.00,
18226,,,,,2019-07-23T16:00:03Z,46.76015000,13.26146667,524.00,
18227,,,,,2019-07-23T16:00:04Z,46.76015000,13.26146667,524.00,
18228,,,,,2019-07-23T16:00:05Z,46.76015000,13.26146667,524.00,
18229,,,,,2019-07-23T16:00:06Z,46.76015000,13.26146667,524.00,
18230,,,,,2019-07-23T16:00:07Z,46.76015000,13.26146667,524.00,
18231,,,,,2019-07-23T16:00:08Z,46.76015000,13.26146667,524.00,
18232,,,,,2019-07-23T16:00:09Z,46.76015000,13.26146667,524.00,
18233,,,,,2019-07-23T16:00:10Z,46.76015000,13.26146667,524.00,
18234,,,,,2019-07-23T16:00:11Z,46.76015000,13.26146667,524.00,
18235,,,,,2019-07-23T16:00:12Z,46.76015000,13.26146667,524.00,
18236,,,,,2019-07-23T16:00:13Z,46.76015000,13.26146667,524.00,
18237,,,,,2019-07-23T16:00:14Z,46.76015000,13.26146667,524.00,
18238,,,,,2019-07-23T16:00:15Z,46.76015000,13.26146667,524.00,
18239,,,,,2019-07-23T16:00:16Z,46.76015000,13.26146667,524.00,
18240,,,,,2019-07-23T16:00:17Z,46.76015000,13.26146667,524.00,
18241,,,,,2019-07-23T16:00:18Z,46.76015000,13.26146667,524.00,
18242,,,,,2019-07-23T16:00:19Z,46.76015000,13.26146667,524.00,
18243,,,,,2019-07-23T16:00:20Z,46.76015000,13.26146667,524.00,
18244,,,,,2019-07-23T16:00:21Z,46.76015000,13.26146667,524.00,
18245,,,,,2019-07-23T16:00:22Z,46.76015000,13.26146667,524.00,
18246,,,,,2019-07-23T16:00:23Z,46.76015000,13.26146667,524.00,
18247,,,,,2019-07-23T16:00:24Z,46.76015000,13.26146667,524.00,
18248,,,,,2019-07-23T16:00:25Z,46.76015000,13.26146667,524.00,
18249,,,,,2019-07-23T16:00:26Z,46.76015000,13.26146667,524.00,
18250,,,,,2019-07-23T16:00:27Z,46.76015000,13.26146667,524.00,
18251,,,,,2019-07-23T16:00:28Z,46.76015000,13.26146667,524.00,
18252,,,,,2019-07-23T16:00:29Z,46.76015000,13.26146667,524.00,
18253,,,,,2019-07-23T16:00:30Z,46.76015000,13.26148333,524.00,
18254,,,,,2019-07-23T16:00:31Z,46.76015000,13.26148333,524.00,
18255,,,,,2019-07-23T16:00:32Z,46.76015000,13.26148333,524.00,
18256,,,,,2019-07-23T16:00:33Z,46.76015000,13.26148333,524.00,
18257,,,,,2019-07-23T16:00:34Z,46.76015000,13.26148333,524.00,
18258,,,,,2019-07-23T16:00:35Z,46.76015000,13.26148333,524.00,
18259,,,,,2019-07-23T16:00:36Z,46.76015000,13.26148333,524.00,
18260,,,,,2019-07-23T16:00:37Z,46.76015000,13.26148333,524.00,
18261,,,,,2019-07-23T16:00:38Z,46.76015000,13.26148333,524.00,
18262,,,,,2019-07-23T16:00:39Z,46.76015000,13.26148333,524.00,
18263,,,,,2019-07-23T16:00:40Z,46.76013333,13.26148333,524.00,
18264,,,,,2019-07-23T16:00:41Z,46.76013333,13.26148333,524.00,
18265,,,,,2019-07-23T16:00:42Z,46.76015000,13.26148333,524.00,
18266,,,,,2019-07-23T16:00:43Z,46.76015000,13.26148333,524.00,
18267,,,,,2019-07-23T16:00:44Z,46.76015000,13.26148333,524.00,
18268,,,,,2019-07-23T16:00:45Z,46.76015000,13.26148333,524.00,
18269,,,,,2019-07-23T16:00:46Z,46.76013333,13.26148333,524.00,
18270,,,,,2019-07-23T16:00:47Z,46.76013333,13.26148333,524.00,
18271,,,,,2019-07-23T16:00:48Z,46.76013333,13.26148333,524.00,
18272,,,,,2019-07-23T16:00:49Z,46.76013333,13.26148333,524.00,
18273,,,,,2019-07-23T16:00:50Z,46.76013333,13.26148333,524.00,
18274,,,,,2019-07-23T16:00:51Z,46.76013333,13.26148333,524.00,
18275,,,,,2019-07-23T16:00:52Z,46.76013333,13.26148333,524.00,
18276,,,,,2019-07-23T16:00:53Z,46.76013333,13.26148333,524.00,
18277,,,,,2019-07-23T16:00:54Z,46.76013333,13.26148333,524.00,
18278,,,,,2019-07-23T16:00:55Z,46.76013333,13.26148333,524.00,
18279,,,,,2019-07-23T16:00:56Z,46.76013333,13.26148333,524.00,
18280,,,,,2019-07-23T16:00:57Z,46.76013333,13.26148333,524.00,
18281,,,,,2019-07-23T16:00:58Z,46.76013333,13.26148333,524.00,
18282,,,,,2019-07-23T16:00:59Z,46.76013333,13.26148333,524.00,
18283,,,,,2019-07-23T16:01:00Z,46.76013333,13.26148333,524.00,
18284,,,,,2019-07-23T16:01:01Z,46.76013333,13.26148333,524.00,
18285,,,,,2019-07-23T16:01:02Z,46.76013333,13.26148333,524.00,
18286,,,,,2019-07-23T16:01:03Z,46.76013333,13.26148333,524.00,
18287,,,,,2019-07-23T16:01:04Z,46.76013333,13.26148333,524.00,
18288,,,,,2019-07-23T16:01:05Z,46.76013333,13.26148333,524.00,
18289,,,,,2019-07-23T16:01:06Z,46.76013333,13.26148333,524.00,
18290,,,,,2019-07-23T16:01:07Z,46.76013333,13.26148333,524.00,
18291,,,,,2019-07-23T16:01:08Z,46.76013333,13.26148333,524.00,
18292,,,,,2019-07-23T16:01:09Z,46.76013333,13.26148333,524.00,
18293,,,,,2019-07-23T16:01:10Z,46.76013333,13.26148333,524.00,
18294,,,,,2019-07-23T16:01:11Z,46.76013333,13.26148333,524.00,
18295,,,,,2019-07-23T16:01:12Z,46.76013333,13.26146667,524.00,
18296,,,,,2019-07-23T16:01:13Z,46.76013333,13.26146667,524.00,
18297,,,,,2019-07-23T16:01:14Z,46.76013333,13.26146667,524.00,
18298,,,,,2019-07-23T16:01:15Z,46.76013333,13.26146667,524.00,
18299,,,,,2019-07-23T16:01:16Z,46.76013333,13.26146667,524.00,
18300,,,,,2019-07-23T16:01:17Z,46.76013333,13.26146667,524.00,
18301,,,,,2019-07-23T16:01:18Z,46.76013333,13.26146667,524.00,
18302,,,,,2019-07-23T16:01:19Z,46.76013333,13.26146667,524.00,
18303,,,,,2019-07-23T16:01:20Z,46.76013333,13.26146667,524.00,
18304,,,,,2019-07-23T16:01:21Z,46.76013333,13.26146667,524.00,
18305,,,,,2019-07-23T16:01:22Z,46.76013333,13.26146667,524.00,
18306,,,,,2019-07-23T16:01:23Z,46.76013333,13.26146667,524.00,
18307,,,,,2019-07-23T16:01:24Z,46.76013333,13.26146667,524.00,
18308,,,,,2019-07-23T16:01:25Z,46.76013333,13.26146667,524.00,
18309,,,,,2019-07-23T16:01:26Z,46.76013333,13.26146667,524.00,
18310,,,,,2019-07-23T16:01:27Z,46.76013333,13.26146667,524.00,
18311,,,,,2019-07-23T16:01:28Z,46.76013333,13.26146667,524.00,
18312,,,,,2019-07-23T16:01:29Z,46.76013333,13.26146667,524.00,
18313,,,,,2019-07-23T16:01:30Z,46.76013333,13.26146667,524.00,
18314,,,,,2019-07-23T16:01:31Z,46.76013333,13.26146667,524.00,
18315,,,,,2019-07-23T16:01:32Z,46.76013333,13.26146667,524.00,
18316,,,,,2019-07-23T16:01:33Z,46.76013333,13.26146667,524.00,
18317,,,,,2019-07-23T16:01:34Z,46.76013333,13.26146667,524.00,
18318,,,,,2019-07-23T16:01:35Z,46.76013333,13.26146667,524.00,
18319,,,,,2019-07-23T16:01:36Z,46.76013333,13.26146667,524.00,
18320,,,,,2019-07-23T16:01:37Z,46.76013333,13.26146667,524.00,
18321,,,,,2019-07-23T16:01:38Z,46.76013333,13.26146667,524.00,
18322,,,,,2019-07-23T16:01:39Z,46.76013333,13.26146667,524.00,
18323,,,,,2019-07-23T16:01:40Z,46.76013333,13.26146667,524.00,
18324,,,,,2019-07-23T16:01:41Z,46.76013333,13.26146667,524.00,
18325,,,,,2019-07-23T16:01:42Z,46.76013333,13.26146667,524.00,
18326,,,,,2019-07-23T16:01:43Z,46.76013333,13.26146667,524.00,
18327,,,,,2019-07-23T16:01:44Z,46.76013333,13.26146667,524.00,
18328,,,,,2019-07-23T16:01:45Z,46.76013333,13.26146667,524.00,
18329,,,,,2019-07-23T16:01:46Z,46.76013333,13.26146667,524.00,
18330,,,,,2019-07-23T16:01:47Z,46.76013333,13.26146667,524.00,
18331,,,,,2019-07-23T16:01:48Z,46.76013333,13.26146667,524.00,
18332,,,,,2019-07-23T16:01:49Z,46.76013333,13.26146667,524.00,
18333,,,,,2019-07-23T16:01:50Z,46.76013333,13.26146667,524.00,
18334,,,,,2019-07-23T16:01:51Z,46.76013333,13.26146667,524.00,
18335,,,,,2019-07-23T16:01:52Z,46.76013333,13.26146667,524.00,
18336,,,,,2019-07-23T16:01:53Z,46.76013333,13.26146667,524.00,
18337,,,,,2019-07-23T16:01:54Z,46.76013333,13.26146667,524.00,
18338,,,,,2019-07-23T16:01:55Z,46.76013333,13.26146667,524.00,
18339,,,,,2019-07-23T16:01:56Z,46.76013333,13.26146667,524.00,
18340,,,,,2019-07-23T16:01:57Z,46.76013333,13.26146667,524.00,
18341,,,,,2019-07-23T16:01:58Z,46.76013333,13.26146667,524.00,
18342,,,,,2019-07-23T16:01:59Z,46.76013333,13.26146667,524.00,
18343,,,,,2019-07-23T16:02:00Z,46.76013333,13.26146667,524.00,
18344,,,,,2019-07-23T16:02:01Z,46.76013333,13.26146667,524.00,
18345,,,,,2019-07-23T16:02:02Z,46.76013333,13.26146667,524.00,
18346,,,,,2019-07-23T16:02:03Z,46.76013333,13.26146667,524.00,
18347,,,,,2019-07-23T16:02:04Z,46.76013333,13.26146667,524.00,
18348,,,,,2019-07-23T16:02:05Z,46.76013333,13.26146667,524.00,
18349,,,,,2019-07-23T16:02:06Z,46.76013333,13.26146667,524.00,
18350,,,,,2019-07-23T16:02:07Z,46.76013333,13.26146667,524.00,
18351,,,,,2019-07-23T16:02:08Z,46.76013333,13.26146667,524.00,
18352,,,,,2019-07-23T16:02:09Z,46.76013333,13.26146667,524.00,
18353,,,,,2019-07-23T16:02:10Z,46.76013333,13.26146667,524.00,
18354,,,,,2019-07-23T16:02:11Z,46.76013333,13.26146667,524.00,
18355,,,,,2019-07-23T16:02:12Z,46.76013333,13.26146667,524.00,
18356,,,,,2019-07-23T16:02:13Z,46.76013333,13.26146667,524.00,
18357,,,,,2019-07-23T16:02:14Z,46.76013333,13.26146667,524.00,
18358,,,,,2019-07-23T16:02:15Z,46.76013333,13.26146667,524.00,
18359,,,,,2019-07-23T16:02:16Z,46.76013333,13.26146667,524.00,
18360,,,,,2019-07-23T16:02:17Z,46.76013333,13.26146667,524.00,
18361,,,,,2019-07-23T16:02:18Z,46.76013333,13.26146667,524.00,
18362,,,,,2019-07-23T16:02:19Z,46.76013333,13.26146667,524.00,
18363,,,,,2019-07-23T16:02:20Z,46.76013333,13.26146667,524.00,
18364,,,,,2019-07-23T16:02:21Z,46.76013333,13.26146667,524.00,
18365,,,,,2019-07-23T16:02:22Z,46.76013333,13.26146667,524.00,
18366,,,,,2019-07-23T16:02:23Z,46.76013333,13.26146667,524.00,
18367,,,,,2019-07-23T16:02:24Z,46.76013333,13.26146667,524.00,
18368,,,,,2019-07-23T16:02:25Z,46.76013333,13.26146667,524.00,
18369,,,,,2019-07-23T16:02:26Z,46.76013333,13.26146667,524.00,
18370,,,,,2019-07-23T16:02:27Z,46.76013333,13.26146667,524.00,
18371,,,,,2019-07-23T16:02:28Z,46.76013333,13.26146667,524.00,
18372,,,,,2019-07-23T16:02:29Z,46.76013333,13.26146667,524.00,
18373,,,,,2019-07-23T16:02:30Z,46.76013333,13.26146667,524.00,
18374,,,,,2019-07-23T16:02:31Z,46.76013333,13.26146667,524.00,
18375,,,,,2019-07-23T16:02:32Z,46.76013333,13.26146667,524.00,
18376,,,,,2019-07-23T16:02:33Z,46.76013333,13.26146667,524.00,
18377,,,,,2019-07-23T16:02:34Z,46.76013333,13.26146667,524.00,
18378,,,,,2019-07-23T16:02:35Z,46.76013333,13.26146667,524.00,
18379,,,,,2019-07-23T16:02:36Z,46.76013333,13.26146667,524.00,
18380,,,,,2019-07-23T16:02:37Z,46.76013333,13.26146667,524.00,
18381,,,,,2019-07-23T16:02:38Z,46.76013333,13.26146667,524.00,
18382,,,,,2019-07-23T16:02:39Z,46.76013333,13.26146667,524.00,
18383,,,,,2019-07-23T16:02:40Z,46.76013333,13.26146667,524.00,
18384,,,,,2019-07-23T16:02:41Z,46.76013333,13.26146667,524.00,
18385,,,,,2019-07-23T16:02:42Z,46.76013333,13.26146667,524.00,
18386,,,,,2019-07-23T16:02:43Z,46.76013333,13.26146667,524.00,
18387,,,,,2019-07-23T16:02:44Z,46.76013333,13.26146667,524.00,
18388,,,,,2019-07-23T16:02:45Z,46.76013333,13.26146667,524.00,
18389,,,,,2019-07-23T16:02:46Z,46.76013333,13.26146667,524.00,
18390,,,,,2019-07-23T16:02:47Z,46.76013333,13.26146667,524.00,
18391,,,,,2019-07-23T16:02:48Z,46.76013333,13.26146667,524.00,
18392,,,,,2019-07-23T16:02:49Z,46.76013333,13.26146667,524.00,
18393,,,,,2019-07-23T16:02:50Z,46.76013333,13.26146667,524.00,
18394,,,,,2019-07-23T16:02:51Z,46.76013333,13.26146667,524.00,
18395,,,,,2019-07-23T16:02:52Z,46.76013333,13.26146667,524.00,
18396,,,,,2019-07-23T16:02:53Z,46.76013333,13.26148333,524.00,
18397,,,,,2019-07-23T16:02:54Z,46.76013333,13.26148333,524.00,
18398,,,,,2019-07-23T16:02:55Z,46.76013333,13.26148333,524.00,
18399,,,,,2019-07-23T16:02:56Z,46.76013333,13.26148333,524.00,
18400,,,,,2019-07-23T16:02:57Z,46.76013333,13.26148333,524.00,
18401,,,,,2019-07-23T16:02:58Z,46.76013333,13.26148333,524.00,
18402,,,,,2019-07-23T16:02:59Z,46.76013333,13.26148333,524.00,
18403,,,,,2019-07-23T16:03:00Z,46.76013333,13.26148333,524.00,
18404,,,,,2019-07-23T16:03:01Z,46.76013333,13.26148333,524.00,
18405,,,,,2019-07-23T16:03:02Z,46.76013333,13.26148333,524.00,
18406,,,,,2019-07-23T16:03:03Z,46.76013333,13.26148333,524.00,
18407,,,,,2019-07-23T16:03:04Z,46.76013333,13.26148333,524.00,
18408,,,,,2019-07-23T16:03:05Z,46.76013333,13.26148333,524.00,
18409,,,,,2019-07-23T16:03:06Z,46.76013333,13.26148333,524.00,
18410,,,,,2019-07-23T16:03:07Z,46.76013333,13.26148333,524.00,
18411,,,,,2019-07-23T16:03:08Z,46.76013333,13.26148333,524.00,
18412,,,,,2019-07-23T16:03:09Z,46.76013333,13.26148333,524.00,
18413,,,,,2019-07-23T16:03:10Z,46.76013333,13.26148333,524.00,
18414,,,,,2019-07-23T16:03:11Z,46.76013333,13.26148333,524.00,
18415,,,,,2019-07-23T16:03:12Z,46.76013333,13.26148333,524.00,
18416,,,,,2019-07-23T16:03:13Z,46.76013333,13.26148333,524.00,
18417,,,,,2019-07-23T16:03:14Z,46.76013333,13.26148333,524.00,
18418,,,,,2019-07-23T16:03:15Z,46.76013333,13.26148333,524.00,
18419,,,,,2019-07-23T16:03:16Z,46.76013333,13.26148333,524.00,
18420,,,,,2019-07-23T16:03:17Z,46.76013333,13.26148333,524.00,
18421,,,,,2019-07-23T16:03:18Z,46.76013333,13.26148333,524.00,
18422,,,,,2019-07-23T16:03:19Z,46.76013333,13.26148333,524.00,
18423,,,,,2019-07-23T16:03:20Z,46.76013333,13.26148333,524.00,
18424,,,,,2019-07-23T16:03:21Z,46.76013333,13.26148333,524.00,
18425,,,,,2019-07-23T16:03:22Z,46.76013333,13.26148333,524.00,
18426,,,,,2019-07-23T16:03:23Z,46.76013333,13.26148333,524.00,
18427,,,,,2019-07-23T16:03:24Z,46.76013333,13.26148333,524.00,
18428,,,,,2019-07-23T16:03:25Z,46.76013333,13.26148333,524.00,
18429,,,,,2019-07-23T16:03:26Z,46.76013333,13.26148333,524.00,
18430,,,,,2019-07-23T16:03:27Z,46.76013333,13.26148333,524.00,
18431,,,,,2019-07-23T16:03:28Z,46.76013333,13.26148333,524.00,
18432,,,,,2019-07-23T16:03:29Z,46.76013333,13.26148333,524.00,
18433,,,,,2019-07-23T16:03:30Z,46.76013333,13.26148333,524.00,
18434,,,,,2019-07-23T16:03:31Z,46.76013333,13.26148333,524.00,
18435,,,,,2019-07-23T16:03:32Z,46.76013333,13.26148333,524.00,
18436,,,,,2019-07-23T16:03:33Z,46.76013333,13.26148333,524.00,
18437,,,,,2019-07-23T16:03:34Z,46.76013333,13.26148333,524.00,
18438,,,,,2019-07-23T16:03:35Z,46.76013333,13.26148333,524.00,
18439,,,,,2019-07-23T16:03:36Z,46.76013333,13.26148333,524.00,
18440,,,,,2019-07-23T16:03:37Z,46.76013333,13.26148333,524.00,
18441,,,,,2019-07-23T16:03:38Z,46.76013333,13.26148333,524.00,
18442,,,,,2019-07-23T16:03:39Z,46.76013333,13.26148333,524.00,
18443,,,,,2019-07-23T16:03:40Z,46.76013333,13.26148333,524.00,
18444,,,,,2019-07-23T16:03:41Z,46.76013333,13.26148333,524.00,
18445,,,,,2019-07-23T16:03:42Z,46.76013333,13.26148333,524.00,
18446,,,,,2019-07-23T16:03:43Z,46.76013333,13.26148333,524.00,
18447,,,,,2019-07-23T16:03:44Z,46.76013333,13.26148333,524.00,
18448,,,,,2019-07-23T16:03:45Z,46.76013333,13.26148333,524.00,
18449,,,,,2019-07-23T16:03:46Z,46.76013333,13.26148333,524.00,
18450,,,,,2019-07-23T16:03:47Z,46.76013333,13.26148333,524.00,
18451,,,,,2019-07-23T16:03:48Z,46.76013333,13.26148333,524.00,
18452,,,,,2019-07-23T16:03:49Z,46.76013333,13.26148333,524.00,
18453,,,,,2019-07-23T16:03:50Z,46.76013333,13.26148333,524.00,
18454,,,,,2019-07-23T16:03:51Z,46.76013333,13.26148333,524.00,
18455,,,,,2019-07-23T16:03:52Z,46.76013333,13.26148333,524.00,
18456,,,,,2019-07-23T16:03:53Z,46.76013333,13.26148333,524.00,
18457,,,,,2019-07-23T16:03:54Z,46.76013333,13.26148333,524.00,
18458,,,,,2019-07-23T16:03:55Z,46.76013333,13.26148333,524.00,
18459,,,,,2019-07-23T16:03:56Z,46.76013333,13.26148333,524.00,
18460,,,,,2019-07-23T16:03:57Z,46.76013333,13.26148333,524.00,
18461,,,,,2019-07-23T16:03:58Z,46.76013333,13.26150000,524.00,
18462,,,,,2019-07-23T16:03:59Z,46.76013333,13.26150000,524.00,
18463,,,,,2019-07-23T16:04:00Z,46.76013333,13.26150000,524.00,
18464,,,,,2019-07-23T16:04:01Z,46.76013333,13.26150000,524.00,
18465,,,,,2019-07-23T16:04:02Z,46.76013333,13.26150000,524.00,
18466,,,,,2019-07-23T16:04:03Z,46.76013333,13.26150000,524.00,
18467,,,,,2019-07-23T16:04:04Z,46.76013333,13.26150000,524.00,
18468,,,,,2019-07-23T16:04:05Z,46.76013333,13.26150000,524.00,
18469,,,,,2019-07-23T16:04:06Z,46.76013333,13.26150000,524.00,
18470,,,,,2019-07-23T16:04:07Z,46.76013333,13.26150000,524.00,
18471,,,,,2019-07-23T16:04:08Z,46.76013333,13.26150000,524.00,
18472,,,,,2019-07-23T16:04:09Z,46.76013333,13.26150000,524.00,
18473,,,,,2019-07-23T16:04:10Z,46.76013333,13.26150000,524.00,
18474,,,,,2019-07-23T16:04:11Z,46.76013333,13.26150000,524.00,
18475,,,,,2019-07-23T16:04:12Z,46.76013333,13.26150000,525.00,
18476,,,,,2019-07-23T16:04:13Z,46.76013333,13.26150000,525.00,
18477,,,,,2019-07-23T16:04:14Z,46.76013333,13.26150000,524.00,
18478,,,,,2019-07-23T16:04:15Z,46.76013333,13.26150000,524.00,
18479,,,,,2019-07-23T16:04:16Z,46.76013333,13.26150000,524.00,
18480,,,,,2019-07-23T16:04:17Z,46.76013333,13.26150000,524.00,
18481,,,,,2019-07-23T16:04:18Z,46.76013333,13.26150000,524.00,
18482,,,,,2019-07-23T16:04:19Z,46.76013333,13.26150000,524.00,
18483,,,,,2019-07-23T16:04:20Z,46.76013333,13.26150000,524.00,
18484,,,,,2019-07-23T16:04:21Z,46.76013333,13.26150000,524.00,
18485,,,,,2019-07-23T16:04:22Z,46.76013333,13.26150000,524.00,
18486,,,,,2019-07-23T16:04:23Z,46.76013333,13.26150000,524.00,
18487,,,,,2019-07-23T16:04:24Z,46.76013333,13.26150000,524.00,
18488,,,,,2019-07-23T16:04:25Z,46.76013333,13.26150000,524.00,
18489,,,,,2019-07-23T16:04:26Z,46.76013333,13.26150000,524.00,
18490,,,,,2019-07-23T16:04:27Z,46.76013333,13.26150000,524.00,
18491,,,,,2019-07-23T16:04:28Z,46.76013333,13.26150000,524.00,
18492,,,,,2019-07-23T16:04:29Z,46.76013333,13.26150000,524.00,
18493,,,,,2019-07-23T16:04:30Z,46.76013333,13.26150000,524.00,
18494,,,,,2019-07-23T16:04:31Z,46.76013333,13.26150000,524.00,
18495,,,,,2019-07-23T16:04:32Z,46.76013333,13.26150000,524.00,
18496,,,,,2019-07-23T16:04:33Z,46.76013333,13.26150000,524.00,
18497,,,,,2019-07-23T16:04:34Z,46.76013333,13.26150000,524.00,
18498,,,,,2019-07-23T16:04:35Z,46.76013333,13.26150000,524.00,
18499,,,,,2019-07-23T16:04:36Z,46.76013333,13.26150000,524.00,
18500,,,,,2019-07-23T16:04:37Z,46.76013333,13.26150000,524.00,
18501,,,,,2019-07-23T16:04:38Z,46.76013333,13.26150000,524.00,
18502,,,,,2019-07-23T16:04:39Z,46.76013333,13.26150000,524.00,
18503,,,,,2019-07-23T16:04:40Z,46.76013333,13.26150000,524.00,
18504,,,,,2019-07-23T16:04:41Z,46.76013333,13.26150000,524.00,
18505,,,,,2019-07-23T16:04:42Z,46.76013333,13.26150000,524.00,
18506,,,,,2019-07-23T16:04:43Z,46.76013333,13.26150000,524.00,
18507,,,,,2019-07-23T16:04:44Z,46.76013333,13.26150000,524.00,
18508,,,,,2019-07-23T16:04:45Z,46.76013333,13.26150000,524.00,
18509,,,,,2019-07-23T16:04:46Z,46.76013333,13.26150000,524.00,
18510,,,,,2019-07-23T16:04:47Z,46.76013333,13.26150000,524.00,
18511,,,,,2019-07-23T16:04:48Z,46.76013333,13.26150000,524.00,
18512,,,,,2019-07-23T16:04:49Z,46.76013333,13.26150000,524.00,
18513,,,,,2019-07-23T16:04:50Z,46.76013333,13.26150000,524.00,
18514,,,,,2019-07-23T16:04:51Z,46.76013333,13.26150000,524.00,
18515,,,,,2019-07-23T16:04:52Z,46.76013333,13.26150000,524.00,
18516,,,,,2019-07-23T16:04:53Z,46.76013333,13.26150000,524.00,
18517,,,,,2019-07-23T16:04:54Z,46.76013333,13.26150000,524.00,
18518,,,,,2019-07-23T16:04:55Z,46.76013333,13.26150000,524.00,
18519,,,,,2019-07-23T16:04:56Z,46.76013333,13.26150000,524.00,
18520,,,,,2019-07-23T16:04:57Z,46.76013333,13.26150000,524.00,
18521,,,,,2019-07-23T16:04:58Z,46.76013333,13.26150000,524.00,
18522,,,,,2019-07-23T16:04:59Z,46.76013333,13.26150000,524.00,
18523,,,,,2019-07-23T16:05:00Z,46.76013333,13.26150000,524.00,
18524,,,,,2019-07-23T16:05:01Z,46.76013333,13.26150000,524.00,
18525,,,,,2019-07-23T16:05:02Z,46.76013333,13.26150000,524.00,
18526,,,,,2019-07-23T16:05:03Z,46.76013333,13.26150000,524.00,
18527,,,,,2019-07-23T16:05:04Z,46.76013333,13.26150000,524.00,
18528,,,,,2019-07-23T16:05:05Z,46.76013333,13.26150000,524.00,
18529,,,,,2019-07-23T16:05:06Z,46.76013333,13.26150000,524.00,
18530,,,,,2019-07-23T16:05:07Z,46.76013333,13.26150000,524.00,
18531,,,,,2019-07-23T16:05:08Z,46.76013333,13.26150000,524.00,
18532,,,,,2019-07-23T16:05:09Z,46.76013333,13.26150000,524.00,
18533,,,,,2019-07-23T16:05:10Z,46.76013333,13.26150000,524.00,
18534,,,,,2019-07-23T16:05:11Z,46.76013333,13.26150000,524.00,
18535,,,,,2019-07-23T16:05:12Z,46.76013333,13.26150000,524.00,
18536,,,,,2019-07-23T16:05:13Z,46.76013333,13.26150000,524.00,
18537,,,,,2019-07-23T16:05:14Z,46.76013333,13.26150000,524.00,
18538,,,,,2019-07-23T16:05:15Z,46.76013333,13.26150000,524.00,
18539,,,,,2019-07-23T16:05:16Z,46.76013333,13.26150000,524.00,
18540,,,,,2019-07-23T16:05:17Z,46.76013333,13.26150000,524.00,
18541,,,,,2019-07-23T16:05:18Z,46.76013333,13.26150000,524.00,
18542,,,,,2019-07-23T16:05:19Z,46.76013333,13.26150000,524.00,
18543,,,,,2019-07-23T16:05:20Z,46.76013333,13.26150000,524.00,
18544,,,,,2019-07-23T16:05:21Z,46.76013333,13.26150000,524.00,
18545,,,,,2019-07-23T16:05:22Z,46.76013333,13.26150000,524.00,
18546,,,,,2019-07-23T16:05:23Z,46.76013333,13.26150000,524.00,
18547,,,,,2019-07-23T16:05:24Z,46.76013333,13.26150000,524.00,
18548,,,,,2019-07-23T16:05:25Z,46.76013333,13.26150000,524.00,
18549,,,,,2019-07-23T16:05:26Z,46.76013333,13.26150000,524.00,
18550,,,,,2019-07-23T16:05:27Z,46.76013333,13.26150000,524.00,
18551,,,,,2019-07-23T16:05:28Z,46.76013333,13.26150000,524.00,
18552,,,,,2019-07-23T16:05:29Z,46.76013333,13.26150000,524.00,
18553,,,,,2019-07-23T16:05:30Z,46.76013333,13.26150000,524.00,
18554,,,,,2019-07-23T16:05:31Z,46.76013333,13.26150000,524.00,
18555,,,,,2019-07-23T16:05:32Z,46.76013333,13.26150000,524.00,
18556,,,,,2019-07-23T16:05:33Z,46.76013333,13.26150000,524.00,
18557,,,,,2019-07-23T16:05:34Z,46.76013333,13.26150000,524.00,
18558,,,,,2019-07-23T16:05:35Z,46.76013333,13.26150000,524.00,
18559,,,,,2019-07-23T16:05:36Z,46.76013333,13.26150000,524.00,
18560,,,,,2019-07-23T16:05:37Z,46.76013333,13.26150000,524.00,
18561,,,,,2019-07-23T16:05:38Z,46.76013333,13.26150000,524.00,
18562,,,,,2019-07-23T16:05:39Z,46.76015000,13.26150000,524.00,
18563,,,,,2019-07-23T16:05:40Z,46.76015000,13.26150000,524.00,
18564,,,,,2019-07-23T16:05:41Z,46.76015000,13.26150000,524.00,
18565,,,,,2019-07-23T16:05:42Z,46.76015000,13.26150000,524.00,
18566,,,,,2019-07-23T16:05:43Z,46.76015000,13.26150000,524.00,
18567,,,,,2019-07-23T16:05:44Z,46.76015000,13.26150000,524.00,
18568,,,,,2019-07-23T16:05:45Z,46.76015000,13.26150000,524.00,
18569,,,,,2019-07-23T16:05:46Z,46.76015000,13.26150000,524.00,
18570,,,,,2019-07-23T16:05:47Z,46.76015000,13.26150000,524.00,
18571,,,,,2019-07-23T16:05:48Z,46.76015000,13.26150000,524.00,
18572,,,,,2019-07-23T16:05:49Z,46.76015000,13.26150000,524.00,
18573,,,,,2019-07-23T16:05:50Z,46.76015000,13.26150000,524.00,
18574,,,,,2019-07-23T16:05:51Z,46.76015000,13.26150000,524.00,
18575,,,,,2019-07-23T16:05:52Z,46.76015000,13.26150000,524.00,
18576,,,,,2019-07-23T16:05:53Z,46.76013333,13.26150000,524.00,
18577,,,,,2019-07-23T16:05:54Z,46.76013333,13.26150000,524.00,
18578,,,,,2019-07-23T16:05:55Z,46.76013333,13.26150000,524.00,
18579,,,,,2019-07-23T16:05:56Z,46.76013333,13.26150000,524.00,
18580,,,,,2019-07-23T16:05:57Z,46.76013333,13.26150000,524.00,
18581,,,,,2019-07-23T16:05:58Z,46.76013333,13.26150000,524.00,
18582,,,,,2019-07-23T16:05:59Z,46.76013333,13.26150000,524.00,
18583,,,,,2019-07-23T16:06:00Z,46.76013333,13.26150000,524.00,
18584,,,,,2019-07-23T16:06:01Z,46.76013333,13.26150000,524.00,
18585,,,,,2019-07-23T16:06:02Z,46.76013333,13.26150000,524.00,
18586,,,,,2019-07-23T16:06:03Z,46.76013333,13.26150000,524.00,
18587,,,,,2019-07-23T16:06:04Z,46.76013333,13.26150000,524.00,
18588,,,,,2019-07-23T16:06:05Z,46.76013333,13.26150000,524.00,
18589,,,,,2019-07-23T16:06:06Z,46.76013333,13.26150000,524.00,
18590,,,,,2019-07-23T16:06:07Z,46.76013333,13.26150000,524.00,
18591,,,,,2019-07-23T16:06:08Z,46.76013333,13.26150000,524.00,
18592,,,,,2019-07-23T16:06:09Z,46.76013333,13.26150000,524.00,
18593,,,,,2019-07-23T16:06:10Z,46.76013333,13.26150000,524.00,
18594,,,,,2019-07-23T16:06:11Z,46.76013333,13.26150000,524.00,
18595,,,,,2019-07-23T16:06:12Z,46.76013333,13.26150000,524.00,
18596,,,,,2019-07-23T16:06:13Z,46.76013333,13.26150000,524.00,
18597,,,,,2019-07-23T16:06:14Z,46.76013333,13.26150000,524.00,
18598,,,,,2019-07-23T16:06:15Z,46.76013333,13.26150000,524.00,
18599,,,,,2019-07-23T16:06:16Z,46.76013333,13.26150000,524.00,
18600,,,,,2019-07-23T16:06:17Z,46.76013333,13.26150000,524.00,
18601,,,,,2019-07-23T16:06:18Z,46.76013333,13.26150000,524.00,
18602,,,,,2019-07-23T16:06:19Z,46.76013333,13.26150000,524.00,
18603,,,,,2019-07-23T16:06:20Z,46.76013333,13.26150000,524.00,
18604,,,,,2019-07-23T16:06:21Z,46.76013333,13.26150000,524.00,
18605,,,,,2019-07-23T16:06:22Z,46.76013333,13.26150000,524.00,
18606,,,,,2019-07-23T16:06:23Z,46.76013333,13.26150000,524.00,
18607,,,,,2019-07-23T16:06:24Z,46.76013333,13.26150000,524.00,
18608,,,,,2019-07-23T16:06:25Z,46.76013333,13.26150000,524.00,
18609,,,,,2019-07-23T16:06:26Z,46.76013333,13.26150000,524.00,
18610,,,,,2019-07-23T16:06:27Z,46.76013333,13.26150000,524.00,
18611,,,,,2019-07-23T16:06:28Z,46.76013333,13.26150000,524.00,
18612,,,,,2019-07-23T16:06:29Z,46.76013333,13.26150000,524.00,
18613,,,,,2019-07-23T16:06:30Z,46.76013333,13.26150000,524.00,
18614,,,,,2019-07-23T16:06:31Z,46.76013333,13.26150000,524.00,
18615,,,,,2019-07-23T16:06:32Z,46.76013333,13.26150000,524.00,
18616,,,,,2019-07-23T16:06:33Z,46.76013333,13.26150000,524.00,
18617,,,,,2019-07-23T16:06:34Z,46.76013333,13.26150000,524.00,
18618,,,,,2019-07-23T16:06:35Z,46.76013333,13.26150000,524.00,
18619,,,,,2019-07-23T16:06:36Z,46.76013333,13.26150000,524.00,
18620,,,,,2019-07-23T16:06:37Z,46.76013333,13.26150000,524.00,
18621,,,,,2019-07-23T16:06:38Z,46.76013333,13.26150000,524.00,
18622,,,,,2019-07-23T16:06:39Z,46.76013333,13.26150000,524.00,
18623,,,,,2019-07-23T16:06:40Z,46.76013333,13.26150000,524.00,
18624,,,,,2019-07-23T16:06:41Z,46.76013333,13.26150000,524.00,
18625,,,,,2019-07-23T16:06:42Z,46.76013333,13.26150000,524.00,
18626,,,,,2019-07-23T16:06:43Z,46.76013333,13.26150000,524.00,
18627,,,,,2019-07-23T16:06:44Z,46.76013333,13.26150000,524.00,
18628,,,,,2019-07-23T16:06:45Z,46.76013333,13.26150000,524.00,
18629,,,,,2019-07-23T16:06:46Z,46.76013333,13.26150000,524.00,
18630,,,,,2019-07-23T16:06:47Z,46.76013333,13.26150000,524.00,
18631,,,,,2019-07-23T16:06:48Z,46.76013333,13.26150000,524.00,
18632,,,,,2019-07-23T16:06:49Z,46.76013333,13.26150000,524.00,
18633,,,,,2019-07-23T16:06:50Z,46.76013333,13.26151667,524.00,
18634,,,,,2019-07-23T16:06:51Z,46.76013333,13.26151667,524.00,
18635,,,,,2019-07-23T16:06:52Z,46.76013333,13.26151667,524.00,
18636,,,,,2019-07-23T16:06:53Z,46.76013333,13.26151667,524.00,
18637,,,,,2019-07-23T16:06:54Z,46.76013333,13.26151667,524.00,
18638,,,,,2019-07-23T16:06:55Z,46.76013333,13.26151667,524.00,
18639,,,,,2019-07-23T16:06:56Z,46.76013333,13.26151667,524.00,
18640,,,,,2019-07-23T16:06:57Z,46.76013333,13.26150000,524.00,
18641,,,,,2019-07-23T16:06:58Z,46.76013333,13.26150000,524.00,
18642,,,,,2019-07-23T16:06:59Z,46.76013333,13.26150000,524.00,
18643,,,,,2019-07-23T16:07:00Z,46.76013333,13.26150000,524.00,
18644,,,,,2019-07-23T16:07:01Z,46.76013333,13.26150000,524.00,
18645,,,,,2019-07-23T16:07:02Z,46.76013333,13.26150000,524.00,
18646,,,,,2019-07-23T16:07:03Z,46.76013333,13.26150000,524.00,
18647,,,,,2019-07-23T16:07:04Z,46.76013333,13.26151667,524.00,
18648,,,,,2019-07-23T16:07:05Z,46.76015000,13.26151667,524.00,
18649,,,,,2019-07-23T16:07:06Z,46.76015000,13.26151667,524.00,
18650,,,,,2019-07-23T16:07:07Z,46.76015000,13.26151667,524.00,
18651,,,,,2019-07-23T16:07:08Z,46.76015000,13.26151667,524.00,
18652,,,,,2019-07-23T16:07:09Z,46.76015000,13.26151667,524.00,
18653,,,,,2019-07-23T16:07:10Z,46.76015000,13.26151667,524.00,
18654,,,,,2019-07-23T16:07:11Z,46.76015000,13.26151667,524.00,
18655,,,,,2019-07-23T16:07:12Z,46.76015000,13.26151667,524.00,
18656,,,,,2019-07-23T16:07:13Z,46.76015000,13.26150000,524.00,
18657,,,,,2019-07-23T16:07:14Z,46.76015000,13.26150000,524.00,
18658,,,,,2019-07-23T16:07:15Z,46.76015000,13.26150000,524.00,
18659,,,,,2019-07-23T16:07:16Z,46.76015000,13.26150000,524.00,
18660,,,,,2019-07-23T16:07:17Z,46.76015000,13.26150000,524.00,
18661,,,,,2019-07-23T16:07:18Z,46.76015000,13.26150000,524.00,
18662,,,,,2019-07-23T16:07:19Z,46.76015000,13.26150000,524.00,
18663,,,,,2019-07-23T16:07:20Z,46.76015000,13.26150000,524.00,
18664,,,,,2019-07-23T16:07:21Z,46.76015000,13.26150000,524.00,
18665,,,,,2019-07-23T16:07:22Z,46.76015000,13.26150000,524.00,
18666,,,,,2019-07-23T16:07:23Z,46.76015000,13.26150000,524.00,
18667,,,,,2019-07-23T16:07:24Z,46.76015000,13.26150000,524.00,
18668,,,,,2019-07-23T16:07:25Z,46.76015000,13.26150000,524.00,
18669,,,,,2019-07-23T16:07:26Z,46.76015000,13.26150000,524.00,
18670,,,,,2019-07-23T16:07:27Z,46.76015000,13.26150000,524.00,
18671,,,,,2019-07-23T16:07:28Z,46.76015000,13.26150000,524.00,
18672,,,,,2019-07-23T16:07:29Z,46.76015000,13.26150000,524.00,
18673,,,,,2019-07-23T16:07:30Z,46.76015000,13.26150000,524.00,
18674,,,,,2019-07-23T16:07:31Z,46.76015000,13.26150000,524.00,
18675,,,,,2019-07-23T16:07:32Z,46.76015000,13.26150000,524.00,
18676,,,,,2019-07-23T16:07:33Z,46.76015000,13.26150000,524.00,
18677,,,,,2019-07-23T16:07:34Z,46.76015000,13.26150000,524.00,
18678,,,,,2019-07-23T16:07:35Z,46.76015000,13.26150000,524.00,
18679,,,,,2019-07-23T16:07:36Z,46.76015000,13.26150000,524.00,
18680,,,,,2019-07-23T16:07:37Z,46.76015000,13.26150000,524.00,
18681,,,,,2019-07-23T16:07:38Z,46.76015000,13.26150000,524.00,
18682,,,,,2019-07-23T16:07:39Z,46.76015000,13.26148333,524.00,
18683,,,,,2019-07-23T16:07:40Z,46.76015000,13.26148333,524.00,
18684,,,,,2019-07-23T16:07:41Z,46.76015000,13.26148333,524.00,
18685,,,,,2019-07-23T16:07:42Z,46.76015000,13.26148333,524.00,
18686,,,,,2019-07-23T16:07:43Z,46.76015000,13.26148333,524.00,
18687,,,,,2019-07-23T16:07:44Z,46.76015000,13.26148333,524.00,
18688,,,,,2019-07-23T16:07:45Z,46.76015000,13.26148333,524.00,
18689,,,,,2019-07-23T16:07:46Z,46.76015000,13.26148333,524.00,
18690,,,,,2019-07-23T16:07:47Z,46.76015000,13.26148333,524.00,
18691,,,,,2019-07-23T16:07:48Z,46.76015000,13.26148333,524.00,
18692,,,,,2019-07-23T16:07:49Z,46.76015000,13.26148333,524.00,
18693,,,,,2019-07-23T16:07:50Z,46.76015000,13.26148333,524.00,
18694,,,,,2019-07-23T16:07:51Z,46.76015000,13.26148333,524.00,
18695,,,,,2019-07-23T16:07:52Z,46.76015000,13.26148333,524.00,
18696,,,,,2019-07-23T16:07:53Z,46.76015000,13.26148333,524.00,
18697,,,,,2019-07-23T16:07:54Z,46.76015000,13.26148333,524.00,
18698,,,,,2019-07-23T16:07:55Z,46.76015000,13.26148333,524.00,
18699,,,,,2019-07-23T16:07:56Z,46.76015000,13.26148333,524.00,
18700,,,,,2019-07-23T16:07:57Z,46.76015000,13.26148333,524.00,
18701,,,,,2019-07-23T16:07:58Z,46.76015000,13.26148333,524.00,
18702,,,,,2019-07-23T16:07:59Z,46.76015000,13.26148333,524.00,
18703,,,,,2019-07-23T16:08:00Z,46.76015000,13.26148333,524.00,
18704,,,,,2019-07-23T16:08:01Z,46.76015000,13.26148333,524.00,
18705,,,,,2019-07-23T16:08:02Z,46.76015000,13.26148333,524.00,
18706,,,,,2019-07-23T16:08:03Z,46.76015000,13.26148333,524.00,
18707,,,,,2019-07-23T16:08:04Z,46.76015000,13.26148333,524.00,
18708,,,,,2019-07-23T16:08:05Z,46.76015000,13.26148333,524.00,
18709,,,,,2019-07-23T16:08:06Z,46.76015000,13.26148333,524.00,
18710,,,,,2019-07-23T16:08:07Z,46.76015000,13.26148333,524.00,
18711,,,,,2019-07-23T16:08:08Z,46.76015000,13.26148333,524.00,
18712,,,,,2019-07-23T16:08:09Z,46.76015000,13.26148333,524.00,
18713,,,,,2019-07-23T16:08:10Z,46.76015000,13.26148333,524.00,
18714,,,,,2019-07-23T16:08:11Z,46.76015000,13.26148333,524.00,
18715,,,,,2019-07-23T16:08:12Z,46.76015000,13.26148333,524.00,
18716,,,,,2019-07-23T16:08:13Z,46.76015000,13.26148333,524.00,
18717,,,,,2019-07-23T16:08:14Z,46.76015000,13.26148333,524.00,
18718,,,,,2019-07-23T16:08:15Z,46.76015000,13.26148333,524.00,
18719,,,,,2019-07-23T16:08:16Z,46.76015000,13.26148333,524.00,
18720,,,,,2019-07-23T16:08:17Z,46.76015000,13.26148333,524.00,
18721,,,,,2019-07-23T16:08:18Z,46.76015000,13.26148333,524.00,
18722,,,,,2019-07-23T16:08:19Z,46.76015000,13.26148333,524.00,
18723,,,,,2019-07-23T16:08:20Z,46.76015000,13.26150000,524.00,
18724,,,,,2019-07-23T16:08:21Z,46.76015000,13.26150000,524.00,
18725,,,,,2019-07-23T16:08:22Z,46.76015000,13.26150000,524.00,
18726,,,,,2019-07-23T16:08:23Z,46.76015000,13.26150000,524.00,
18727,,,,,2019-07-23T16:08:24Z,46.76015000,13.26148333,524.00,
18728,,,,,2019-07-23T16:08:25Z,46.76015000,13.26148333,524.00,
18729,,,,,2019-07-23T16:08:26Z,46.76015000,13.26148333,524.00,
18730,,,,,2019-07-23T16:08:27Z,46.76015000,13.26148333,524.00,
18731,,,,,2019-07-23T16:08:28Z,46.76015000,13.26148333,524.00,
18732,,,,,2019-07-23T16:08:29Z,46.76015000,13.26148333,524.00,
18733,,,,,2019-07-23T16:08:30Z,46.76015000,13.26148333,524.00,
18734,,,,,2019-07-23T16:08:31Z,46.76015000,13.26148333,524.00,
18735,,,,,2019-07-23T16:08:32Z,46.76015000,13.26148333,524.00,
18736,,,,,2019-07-23T16:08:33Z,46.76015000,13.26148333,524.00,
18737,,,,,2019-07-23T16:08:34Z,46.76015000,13.26148333,524.00,
18738,,,,,2019-07-23T16:08:35Z,46.76015000,13.26148333,524.00,
18739,,,,,2019-07-23T16:08:36Z,46.76015000,13.26148333,524.00,
18740,,,,,2019-07-23T16:08:37Z,46.76015000,13.26148333,524.00,
18741,,,,,2019-07-23T16:08:38Z,46.76015000,13.26148333,524.00,
18742,,,,,2019-07-23T16:08:39Z,46.76015000,13.26148333,524.00,
18743,,,,,2019-07-23T16:08:40Z,46.76015000,13.26148333,524.00,
18744,,,,,2019-07-23T16:08:41Z,46.76015000,13.26148333,524.00,
18745,,,,,2019-07-23T16:08:42Z,46.76015000,13.26148333,524.00,
18746,,,,,2019-07-23T16:08:43Z,46.76015000,13.26148333,524.00,
18747,,,,,2019-07-23T16:08:44Z,46.76015000,13.26148333,524.00,
18748,,,,,2019-07-23T16:08:45Z,46.76015000,13.26148333,524.00,
18749,,,,,2019-07-23T16:08:46Z,46.76015000,13.26148333,524.00,
18750,,,,,2019-07-23T16:08:47Z,46.76015000,13.26148333,524.00,
18751,,,,,2019-07-23T16:08:48Z,46.76015000,13.26148333,524.00,
18752,,,,,2019-07-23T16:08:49Z,46.76015000,13.26148333,524.00,
18753,,,,,2019-07-23T16:08:50Z,46.76015000,13.26148333,524.00,
18754,,,,,2019-07-23T16:08:51Z,46.76015000,13.26148333,524.00,
18755,,,,,2019-07-23T16:08:52Z,46.76015000,13.26148333,524.00,
18756,,,,,2019-07-23T16:08:53Z,46.76015000,13.26148333,524.00,
18757,,,,,2019-07-23T16:08:54Z,46.76015000,13.26148333,524.00,
18758,,,,,2019-07-23T16:08:55Z,46.76015000,13.26150000,524.00,
18759,,,,,2019-07-23T16:08:56Z,46.76015000,13.26150000,524.00,
18760,,,,,2019-07-23T16:08:57Z,46.76015000,13.26150000,524.00,
18761,,,,,2019-07-23T16:08:58Z,46.76015000,13.26148333,524.00,
18762,,,,,2019-07-23T16:08:59Z,46.76015000,13.26148333,524.00,
18763,,,,,2019-07-23T16:09:00Z,46.76015000,13.26148333,524.00,
18764,,,,,2019-07-23T16:09:01Z,46.76015000,13.26148333,524.00,
18765,,,,,2019-07-23T16:09:02Z,46.76015000,13.26148333,524.00,
18766,,,,,2019-07-23T16:09:03Z,46.76015000,13.26148333,524.00,
18767,,,,,2019-07-23T16:09:04Z,46.76015000,13.26148333,524.00,
18768,,,,,2019-07-23T16:09:05Z,46.76015000,13.26148333,524.00,
18769,,,,,2019-07-23T16:09:06Z,46.76015000,13.26148333,524.00,
18770,,,,,2019-07-23T16:09:07Z,46.76015000,13.26148333,524.00,
18771,,,,,2019-07-23T16:09:08Z,46.76015000,13.26148333,524.00,
18772,,,,,2019-07-23T16:09:09Z,46.76015000,13.26148333,524.00,
18773,,,,,2019-07-23T16:09:10Z,46.76015000,13.26148333,524.00,
18774,,,,,2019-07-23T16:09:11Z,46.76015000,13.26148333,524.00,
18775,,,,,2019-07-23T16:09:12Z,46.76015000,13.26148333,524.00,
18776,,,,,2019-07-23T16:09:13Z,46.76015000,13.26148333,524.00,
18777,,,,,2019-07-23T16:09:14Z,46.76015000,13.26148333,524.00,
18778,,,,,2019-07-23T16:09:15Z,46.76015000,13.26148333,524.00,
18779,,,,,2019-07-23T16:09:16Z,46.76015000,13.26148333,524.00,
18780,,,,,2019-07-23T16:09:17Z,46.76015000,13.26148333,524.00,
18781,,,,,2019-07-23T16:09:18Z,46.76015000,13.26148333,524.00,
18782,,,,,2019-07-23T16:09:19Z,46.76015000,13.26148333,524.00,
18783,,,,,2019-07-23T16:09:20Z,46.76015000,13.26148333,524.00,
18784,,,,,2019-07-23T16:09:21Z,46.76015000,13.26148333,524.00,
18785,,,,,2019-07-23T16:09:22Z,46.76015000,13.26148333,524.00,
18786,,,,,2019-07-23T16:09:23Z,46.76015000,13.26148333,524.00,
18787,,,,,2019-07-23T16:09:24Z,46.76015000,13.26148333,524.00,
18788,,,,,2019-07-23T16:09:25Z,46.76015000,13.26148333,524.00,
18789,,,,,2019-07-23T16:09:26Z,46.76015000,13.26148333,524.00,
18790,,,,,2019-07-23T16:09:27Z,46.76015000,13.26148333,524.00,
18791,,,,,2019-07-23T16:09:28Z,46.76015000,13.26148333,524.00,
18792,,,,,2019-07-23T16:09:29Z,46.76015000,13.26148333,524.00,
18793,,,,,2019-07-23T16:09:30Z,46.76015000,13.26148333,524.00,
18794,,,,,2019-07-23T16:09:31Z,46.76015000,13.26148333,524.00,
18795,,,,,2019-07-23T16:09:32Z,46.76015000,13.26148333,524.00,
18796,,,,,2019-07-23T16:09:33Z,46.76015000,13.26148333,524.00,
18797,,,,,2019-07-23T16:09:34Z,46.76015000,13.26148333,524.00,
18798,,,,,2019-07-23T16:09:35Z,46.76015000,13.26148333,524.00,
18799,,,,,2019-07-23T16:09:36Z,46.76015000,13.26148333,524.00,
18800,,,,,2019-07-23T16:09:37Z,46.76015000,13.26148333,524.00,
18801,,,,,2019-07-23T16:09:38Z,46.76015000,13.26148333,524.00,
18802,,,,,2019-07-23T16:09:39Z,46.76015000,13.26148333,524.00,
18803,,,,,2019-07-23T16:09:40Z,46.76015000,13.26148333,524.00,
18804,,,,,2019-07-23T16:09:41Z,46.76015000,13.26148333,524.00,
18805,,,,,2019-07-23T16:09:42Z,46.76015000,13.26148333,524.00,
18806,,,,,2019-07-23T16:09:43Z,46.76015000,13.26148333,524.00,
18807,,,,,2019-07-23T16:09:44Z,46.76015000,13.26148333,524.00,
18808,,,,,2019-07-23T16:09:45Z,46.76015000,13.26148333,524.00,
18809,,,,,2019-07-23T16:09:46Z,46.76015000,13.26148333,524.00,
18810,,,,,2019-07-23T16:09:47Z,46.76015000,13.26148333,524.00,
18811,,,,,2019-07-23T16:09:48Z,46.76015000,13.26148333,524.00,
18812,,,,,2019-07-23T16:09:49Z,46.76015000,13.26148333,524.00,
18813,,,,,2019-07-23T16:09:50Z,46.76016667,13.26148333,523.00,
18814,,,,,2019-07-23T16:09:51Z,46.76016667,13.26148333,523.00,
18815,,,,,2019-07-23T16:09:52Z,46.76016667,13.26148333,523.00,
18816,,,,,2019-07-23T16:09:53Z,46.76016667,13.26148333,523.00,
18817,,,,,2019-07-23T16:09:54Z,46.76016667,13.26148333,523.00,
18818,,,,,2019-07-23T16:09:55Z,46.76016667,13.26148333,523.00,
18819,,,,,2019-07-23T16:09:56Z,46.76016667,13.26148333,523.00,
18820,,,,,2019-07-23T16:09:57Z,46.76016667,13.26148333,523.00,
18821,,,,,2019-07-23T16:09:58Z,46.76016667,13.26148333,524.00,
18822,,,,,2019-07-23T16:09:59Z,46.76016667,13.26148333,524.00,
18823,,,,,2019-07-23T16:10:00Z,46.76016667,13.26148333,524.00,
18824,,,,,2019-07-23T16:10:01Z,46.76016667,13.26148333,524.00,
18825,,,,,2019-07-23T16:10:02Z,46.76016667,13.26148333,524.00,
18826,,,,,2019-07-23T16:10:03Z,46.76016667,13.26148333,524.00,
18827,,,,,2019-07-23T16:10:04Z,46.76016667,13.26150000,524.00,
18828,,,,,2019-07-23T16:10:05Z,46.76016667,13.26150000,524.00,
18829,,,,,2019-07-23T16:10:06Z,46.76016667,13.26150000,524.00,
18830,,,,,2019-07-23T16:10:07Z,46.76016667,13.26148333,524.00,
18831,,,,,2019-07-23T16:10:08Z,46.76016667,13.26148333,524.00,
18832,,,,,2019-07-23T16:10:09Z,46.76016667,13.26148333,524.00,
18833,,,,,2019-07-23T16:10:10Z,46.76016667,13.26148333,524.00,
18834,,,,,2019-07-23T16:10:11Z,46.76016667,13.26148333,524.00,
18835,,,,,2019-07-23T16:10:12Z,46.76016667,13.26148333,524.00,
18836,,,,,2019-07-23T16:10:13Z,46.76016667,13.26148333,524.00,
18837,,,,,2019-07-23T16:10:14Z,46.76016667,13.26148333,524.00,
18838,,,,,2019-07-23T16:10:15Z,46.76016667,13.26148333,524.00,
18839,,,,,2019-07-23T16:10:16Z,46.76016667,13.26148333,524.00,
18840,,,,,2019-07-23T16:10:17Z,46.76016667,13.26148333,524.00,
18841,,,,,2019-07-23T16:10:18Z,46.76016667,13.26148333,524.00,
18842,,,,,2019-07-23T16:10:19Z,46.76016667,13.26148333,524.00,
18843,,,,,2019-07-23T16:10:20Z,46.76016667,13.26148333,524.00,
18844,,,,,2019-07-23T16:10:21Z,46.76016667,13.26148333,524.00,
18845,,,,,2019-07-23T16:10:22Z,46.76016667,13.26148333,524.00,
18846,,,,,2019-07-23T16:10:23Z,46.76016667,13.26148333,524.00,
18847,,,,,2019-07-23T16:10:24Z,46.76016667,13.26148333,524.00,
18848,,,,,2019-07-23T16:10:25Z,46.76016667,13.26148333,524.00,
18849,,,,,2019-07-23T16:10:26Z,46.76016667,13.26148333,524.00,
18850,,,,,2019-07-23T16:10:27Z,46.76016667,13.26148333,524.00,
18851,,,,,2019-07-23T16:10:28Z,46.76016667,13.26148333,524.00,
18852,,,,,2019-07-23T16:10:29Z,46.76016667,13.26148333,524.00,
18853,,,,,2019-07-23T16:10:30Z,46.76016667,13.26148333,524.00,
18854,,,,,2019-07-23T16:10:31Z,46.76016667,13.26148333,524.00,
18855,,,,,2019-07-23T16:10:32Z,46.76016667,13.26148333,524.00,
18856,,,,,2019-07-23T16:10:33Z,46.76016667,13.26148333,524.00,
18857,,,,,2019-07-23T16:10:34Z,46.76016667,13.26148333,524.00,
18858,,,,,2019-07-23T16:10:35Z,46.76016667,13.26148333,524.00,
18859,,,,,2019-07-23T16:10:36Z,46.76016667,13.26148333,524.00,
18860,,,,,2019-07-23T16:10:37Z,46.76016667,13.26148333,524.00,
18861,,,,,2019-07-23T16:10:38Z,46.76016667,13.26148333,524.00,
18862,,,,,2019-07-23T16:10:39Z,46.76016667,13.26148333,524.00,
18863,,,,,2019-07-23T16:10:40Z,46.76016667,13.26148333,524.00,
18864,,,,,2019-07-23T16:10:41Z,46.76016667,13.26148333,524.00,
18865,,,,,2019-07-23T16:10:42Z,46.76016667,13.26148333,524.00,
18866,,,,,2019-07-23T16:10:43Z,46.76016667,13.26148333,524.00,
18867,,,,,2019-07-23T16:10:44Z,46.76016667,13.26148333,524.00,
18868,,,,,2019-07-23T16:10:45Z,46.76016667,13.26148333,524.00,
18869,,,,,2019-07-23T16:10:46Z,46.76016667,13.26148333,524.00,
18870,,,,,2019-07-23T16:10:47Z,46.76016667,13.26148333,524.00,
18871,,,,,2019-07-23T16:10:48Z,46.76016667,13.26148333,524.00,
18872,,,,,2019-07-23T16:10:49Z,46.76016667,13.26148333,524.00,
18873,,,,,2019-07-23T16:10:50Z,46.76016667,13.26148333,524.00,
18874,,,,,2019-07-23T16:10:51Z,46.76016667,13.26148333,524.00,
18875,,,,,2019-07-23T16:10:52Z,46.76016667,13.26148333,524.00,
18876,,,,,2019-07-23T16:10:53Z,46.76016667,13.26148333,524.00,
18877,,,,,2019-07-23T16:10:54Z,46.76016667,13.26148333,524.00,
18878,,,,,2019-07-23T16:10:55Z,46.76016667,13.26148333,524.00,
18879,,,,,2019-07-23T16:10:56Z,46.76016667,13.26148333,524.00,
18880,,,,,2019-07-23T16:10:57Z,46.76016667,13.26148333,524.00,
18881,,,,,2019-07-23T16:10:58Z,46.76016667,13.26148333,524.00,
18882,,,,,2019-07-23T16:10:59Z,46.76016667,13.26148333,524.00,
18883,,,,,2019-07-23T16:11:00Z,46.76016667,13.26148333,524.00,
18884,,,,,2019-07-23T16:11:01Z,46.76016667,13.26148333,524.00,
18885,,,,,2019-07-23T16:11:02Z,46.76016667,13.26148333,524.00,
18886,,,,,2019-07-23T16:11:03Z,46.76016667,13.26148333,524.00,
18887,,,,,2019-07-23T16:11:04Z,46.76016667,13.26148333,524.00,
18888,,,,,2019-07-23T16:11:05Z,46.76016667,13.26148333,524.00,
18889,,,,,2019-07-23T16:11:06Z,46.76016667,13.26148333,524.00,
18890,,,,,2019-07-23T16:11:07Z,46.76016667,13.26148333,524.00,
18891,,,,,2019-07-23T16:11:08Z,46.76016667,13.26148333,524.00,
18892,,,,,2019-07-23T16:11:09Z,46.76016667,13.26148333,524.00,
18893,,,,,2019-07-23T16:11:10Z,46.76016667,13.26148333,524.00,
18894,,,,,2019-07-23T16:11:11Z,46.76016667,13.26148333,524.00,
18895,,,,,2019-07-23T16:11:12Z,46.76016667,13.26148333,524.00,
18896,,,,,2019-07-23T16:11:13Z,46.76016667,13.26148333,524.00,
18897,,,,,2019-07-23T16:11:14Z,46.76016667,13.26148333,524.00,
18898,,,,,2019-07-23T16:11:15Z,46.76016667,13.26148333,524.00,
18899,,,,,2019-07-23T16:11:16Z,46.76016667,13.26148333,524.00,
18900,,,,,2019-07-23T16:11:17Z,46.76016667,13.26148333,524.00,
18901,,,,,2019-07-23T16:11:18Z,46.76016667,13.26148333,524.00,
18902,,,,,2019-07-23T16:11:19Z,46.76016667,13.26148333,524.00,
18903,,,,,2019-07-23T16:11:20Z,46.76016667,13.26148333,524.00,
18904,,,,,2019-07-23T16:11:21Z,46.76016667,13.26148333,524.00,
18905,,,,,2019-07-23T16:11:22Z,46.76016667,13.26148333,524.00,
18906,,,,,2019-07-23T16:11:23Z,46.76016667,13.26148333,524.00,
18907,,,,,2019-07-23T16:11:24Z,46.76016667,13.26148333,524.00,
18908,,,,,2019-07-23T16:11:25Z,46.76016667,13.26148333,524.00,
18909,,,,,2019-07-23T16:11:26Z,46.76016667,13.26148333,524.00,
18910,,,,,2019-07-23T16:11:27Z,46.76016667,13.26148333,524.00,
18911,,,,,2019-07-23T16:11:28Z,46.76016667,13.26148333,524.00,
18912,,,,,2019-07-23T16:11:29Z,46.76016667,13.26148333,524.00,
18913,,,,,2019-07-23T16:11:30Z,46.76016667,13.26148333,524.00,
18914,,,,,2019-07-23T16:11:31Z,46.76015000,13.26148333,524.00,
18915,,,,,2019-07-23T16:11:32Z,46.76015000,13.26148333,524.00,
18916,,,,,2019-07-23T16:11:33Z,46.76015000,13.26148333,524.00,
18917,,,,,2019-07-23T16:11:34Z,46.76015000,13.26148333,524.00,
18918,,,,,2019-07-23T16:11:35Z,46.76015000,13.26148333,524.00,
18919,,,,,2019-07-23T16:11:36Z,46.76015000,13.26148333,524.00,
18920,,,,,2019-07-23T16:11:37Z,46.76015000,13.26148333,524.00,
18921,,,,,2019-07-23T16:11:38Z,46.76015000,13.26148333,524.00,
18922,,,,,2019-07-23T16:11:39Z,46.76015000,13.26148333,524.00,
18923,,,,,2019-07-23T16:11:40Z,46.76015000,13.26148333,524.00,
18924,,,,,2019-07-23T16:11:41Z,46.76015000,13.26148333,524.00,
18925,,,,,2019-07-23T16:11:42Z,46.76015000,13.26148333,524.00,
18926,,,,,2019-07-23T16:11:43Z,46.76015000,13.26148333,524.00,
18927,,,,,2019-07-23T16:11:44Z,46.76015000,13.26148333,524.00,
18928,,,,,2019-07-23T16:11:45Z,46.76015000,13.26148333,524.00,
18929,,,,,2019-07-23T16:11:46Z,46.76015000,13.26148333,524.00,
18930,,,,,2019-07-23T16:11:47Z,46.76015000,13.26148333,524.00,
18931,,,,,2019-07-23T16:11:48Z,46.76015000,13.26148333,524.00,
18932,,,,,2019-07-23T16:11:49Z,46.76015000,13.26148333,524.00,
18933,,,,,2019-07-23T16:11:50Z,46.76015000,13.26148333,524.00,
18934,,,,,2019-07-23T16:11:51Z,46.76015000,13.26148333,524.00,
18935,,,,,2019-07-23T16:11:52Z,46.76015000,13.26148333,524.00,
18936,,,,,2019-07-23T16:11:53Z,46.76015000,13.26148333,524.00,
18937,,,,,2019-07-23T16:11:54Z,46.76015000,13.26148333,524.00,
18938,,,,,2019-07-23T16:11:55Z,46.76015000,13.26148333,524.00,
18939,,,,,2019-07-23T16:11:56Z,46.76015000,13.26148333,524.00,
18940,,,,,2019-07-23T16:11:57Z,46.76015000,13.26148333,524.00,
18941,,,,,2019-07-23T16:11:58Z,46.76015000,13.26148333,524.00,
18942,,,,,2019-07-23T16:11:59Z,46.76015000,13.26148333,524.00,
18943,,,,,2019-07-23T16:12:00Z,46.76015000,13.26148333,524.00,
18944,,,,,2019-07-23T16:12:01Z,46.76015000,13.26148333,524.00,
18945,,,,,2019-07-23T16:12:02Z,46.76015000,13.26148333,524.00,
18946,,,,,2019-07-23T16:12:03Z,46.76015000,13.26148333,524.00,
18947,,,,,2019-07-23T16:12:04Z,46.76015000,13.26148333,524.00,
18948,,,,,2019-07-23T16:12:05Z,46.76015000,13.26148333,524.00,
18949,,,,,2019-07-23T16:12:06Z,46.76015000,13.26148333,524.00,
18950,,,,,2019-07-23T16:12:07Z,46.76015000,13.26148333,524.00,
18951,,,,,2019-07-23T16:12:08Z,46.76015000,13.26148333,524.00,
18952,,,,,2019-07-23T16:12:09Z,46.76015000,13.26148333,524.00,
18953,,,,,2019-07-23T16:12:10Z,46.76015000,13.26148333,524.00,
18954,,,,,2019-07-23T16:12:11Z,46.76015000,13.26148333,524.00,
18955,,,,,2019-07-23T16:12:12Z,46.76015000,13.26148333,524.00,
18956,,,,,2019-07-23T16:12:13Z,46.76015000,13.26148333,524.00,
18957,,,,,2019-07-23T16:12:14Z,46.76015000,13.26148333,524.00,
18958,,,,,2019-07-23T16:12:15Z,46.76015000,13.26148333,524.00,
18959,,,,,2019-07-23T16:12:16Z,46.76015000,13.26148333,524.00,
18960,,,,,2019-07-23T16:12:17Z,46.76015000,13.26148333,523.00,
18961,,,,,2019-07-23T16:12:18Z,46.76015000,13.26148333,524.00,
18962,,,,,2019-07-23T16:12:19Z,46.76015000,13.26148333,524.00,
18963,,,,,2019-07-23T16:12:20Z,46.76015000,13.26148333,524.00,
18964,,,,,2019-07-23T16:12:21Z,46.76015000,13.26148333,524.00,
18965,,,,,2019-07-23T16:12:22Z,46.76015000,13.26148333,524.00,
18966,,,,,2019-07-23T16:12:23Z,46.76015000,13.26148333,524.00,
18967,,,,,2019-07-23T16:12:24Z,46.76015000,13.26148333,524.00,
18968,,,,,2019-07-23T16:12:25Z,46.76015000,13.26148333,524.00,
18969,,,,,2019-07-23T16:12:26Z,46.76015000,13.26148333,524.00,
18970,,,,,2019-07-23T16:12:27Z,46.76015000,13.26148333,524.00,
18971,,,,,2019-07-23T16:12:28Z,46.76015000,13.26148333,524.00,
18972,,,,,2019-07-23T16:12:29Z,46.76015000,13.26148333,524.00,
18973,,,,,2019-07-23T16:12:30Z,46.76015000,13.26148333,524.00,
18974,,,,,2019-07-23T16:12:31Z,46.76015000,13.26148333,524.00,
18975,,,,,2019-07-23T16:12:32Z,46.76015000,13.26148333,524.00,
18976,,,,,2019-07-23T16:12:33Z,46.76015000,13.26148333,524.00,
18977,,,,,2019-07-23T16:12:34Z,46.76015000,13.26148333,524.00,
18978,,,,,2019-07-23T16:12:35Z,46.76015000,13.26148333,524.00,
18979,,,,,2019-07-23T16:12:36Z,46.76015000,13.26148333,524.00,
18980,,,,,2019-07-23T16:12:37Z,46.76015000,13.26150000,524.00,
18981,,,,,2019-07-23T16:12:38Z,46.76015000,13.26148333,524.00,
18982,,,,,2019-07-23T16:12:39Z,46.76015000,13.26148333,524.00,
18983,,,,,2019-07-23T16:12:40Z,46.76015000,13.26148333,524.00,
18984,,,,,2019-07-23T16:12:41Z,46.76015000,13.26148333,524.00,
18985,,,,,2019-07-23T16:12:42Z,46.76015000,13.26148333,524.00,
18986,,,,,2019-07-23T16:12:43Z,46.76015000,13.26148333,524.00,
18987,,,,,2019-07-23T16:12:44Z,46.76015000,13.26148333,524.00,
18988,,,,,2019-07-23T16:12:45Z,46.76015000,13.26148333,524.00,
18989,,,,,2019-07-23T16:12:46Z,46.76015000,13.26148333,524.00,
18990,,,,,2019-07-23T16:12:47Z,46.76015000,13.26148333,524.00,
18991,,,,,2019-07-23T16:12:48Z,46.76015000,13.26148333,524.00,
18992,,,,,2019-07-23T16:12:49Z,46.76015000,13.26148333,524.00,
18993,,,,,2019-07-23T16:12:50Z,46.76015000,13.26148333,524.00,
18994,,,,,2019-07-23T16:12:51Z,46.76015000,13.26148333,524.00,
18995,,,,,2019-07-23T16:12:52Z,46.76015000,13.26148333,524.00,
18996,,,,,2019-07-23T16:12:53Z,46.76015000,13.26148333,524.00,
18997,,,,,2019-07-23T16:12:54Z,46.76015000,13.26148333,524.00,
18998,,,,,2019-07-23T16:12:55Z,46.76015000,13.26148333,524.00,
18999,,,,,2019-07-23T16:12:56Z,46.76015000,13.26148333,524.00,
19000,,,,,2019-07-23T16:12:57Z,46.76015000,13.26148333,524.00,
19001,,,,,2019-07-23T16:12:58Z,46.76015000,13.26148333,524.00,
19002,,,,,2019-07-23T16:12:59Z,46.76015000,13.26148333,524.00,
19003,,,,,2019-07-23T16:13:00Z,46.76015000,13.26148333,524.00,
19004,,,,,2019-07-23T16:13:01Z,46.76015000,13.26148333,524.00,
19005,,,,,2019-07-23T16:13:02Z,46.76015000,13.26148333,524.00,
19006,,,,,2019-07-23T16:13:03Z,46.76015000,13.26148333,524.00,
19007,,,,,2019-07-23T16:13:04Z,46.76015000,13.26148333,524.00,
19008,,,,,2019-07-23T16:13:05Z,46.76015000,13.26148333,524.00,
19009,,,,,2019-07-23T16:13:06Z,46.76015000,13.26148333,524.00,
19010,,,,,2019-07-23T16:13:07Z,46.76015000,13.26148333,524.00,
19011,,,,,2019-07-23T16:13:08Z,46.76015000,13.26148333,524.00,
19012,,,,,2019-07-23T16:13:09Z,46.76015000,13.26148333,524.00,
19013,,,,,2019-07-23T16:13:10Z,46.76015000,13.26148333,524.00,
19014,,,,,2019-07-23T16:13:11Z,46.76015000,13.26148333,524.00,
19015,,,,,2019-07-23T16:13:12Z,46.76015000,13.26148333,524.00,
19016,,,,,2019-07-23T16:13:13Z,46.76015000,13.26148333,524.00,
19017,,,,,2019-07-23T16:13:14Z,46.76015000,13.26148333,524.00,
19018,,,,,2019-07-23T16:13:15Z,46.76015000,13.26148333,524.00,
19019,,,,,2019-07-23T16:13:16Z,46.76015000,13.26148333,524.00,
19020,,,,,2019-07-23T16:13:17Z,46.76015000,13.26148333,524.00,
19021,,,,,2019-07-23T16:13:18Z,46.76015000,13.26148333,524.00,
19022,,,,,2019-07-23T16:13:19Z,46.76015000,13.26148333,524.00,
19023,,,,,2019-07-23T16:13:20Z,46.76015000,13.26148333,524.00,
19024,,,,,2019-07-23T16:13:21Z,46.76015000,13.26148333,524.00,
19025,,,,,2019-07-23T16:13:22Z,46.76015000,13.26148333,524.00,
19026,,,,,2019-07-23T16:13:23Z,46.76015000,13.26148333,524.00,
19027,,,,,2019-07-23T16:13:24Z,46.76015000,13.26148333,524.00,
19028,,,,,2019-07-23T16:13:25Z,46.76015000,13.26148333,523.00,
19029,,,,,2019-07-23T16:13:26Z,46.76015000,13.26148333,524.00,
19030,,,,,2019-07-23T16:13:27Z,46.76015000,13.26148333,524.00,
19031,,,,,2019-07-23T16:13:28Z,46.76015000,13.26148333,524.00,
19032,,,,,2019-07-23T16:13:29Z,46.76015000,13.26148333,524.00,
19033,,,,,2019-07-23T16:13:30Z,46.76015000,13.26148333,524.00,
19034,,,,,2019-07-23T16:13:31Z,46.76015000,13.26148333,524.00,
19035,,,,,2019-07-23T16:13:32Z,46.76015000,13.26148333,524.00,
19036,,,,,2019-07-23T16:13:33Z,46.76015000,13.26148333,524.00,
19037,,,,,2019-07-23T16:13:34Z,46.76015000,13.26148333,524.00,
19038,,,,,2019-07-23T16:13:35Z,46.76015000,13.26148333,524.00,
19039,,,,,2019-07-23T16:13:36Z,46.76015000,13.26148333,524.00,
19040,,,,,2019-07-23T16:13:37Z,46.76015000,13.26148333,524.00,
19041,,,,,2019-07-23T16:13:38Z,46.76015000,13.26148333,524.00,
19042,,,,,2019-07-23T16:13:39Z,46.76015000,13.26148333,524.00,
19043,,,,,2019-07-23T16:13:40Z,46.76015000,13.26148333,524.00,
19044,,,,,2019-07-23T16:13:41Z,46.76015000,13.26148333,524.00,
19045,,,,,2019-07-23T16:13:42Z,46.76015000,13.26148333,524.00,
19046,,,,,2019-07-23T16:13:43Z,46.76015000,13.26148333,524.00,
19047,,,,,2019-07-23T16:13:44Z,46.76015000,13.26148333,524.00,
19048,,,,,2019-07-23T16:13:45Z,46.76015000,13.26148333,524.00,
19049,,,,,2019-07-23T16:13:46Z,46.76015000,13.26148333,524.00,
19050,,,,,2019-07-23T16:13:47Z,46.76015000,13.26148333,524.00,
19051,,,,,2019-07-23T16:13:48Z,46.76015000,13.26148333,524.00,
19052,,,,,2019-07-23T16:13:49Z,46.76015000,13.26148333,524.00,
19053,,,,,2019-07-23T16:13:50Z,46.76015000,13.26148333,524.00,
19054,,,,,2019-07-23T16:13:51Z,46.76015000,13.26148333,524.00,
19055,,,,,2019-07-23T16:13:52Z,46.76015000,13.26148333,524.00,
19056,,,,,2019-07-23T16:13:53Z,46.76015000,13.26148333,524.00,
19057,,,,,2019-07-23T16:13:54Z,46.76015000,13.26148333,524.00,
19058,,,,,2019-07-23T16:13:55Z,46.76015000,13.26148333,524.00,
19059,,,,,2019-07-23T16:13:56Z,46.76015000,13.26148333,524.00,
19060,,,,,2019-07-23T16:13:57Z,46.76015000,13.26148333,524.00,
19061,,,,,2019-07-23T16:13:58Z,46.76015000,13.26148333,523.00,
19062,,,,,2019-07-23T16:13:59Z,46.76015000,13.26148333,524.00,
19063,,,,,2019-07-23T16:14:00Z,46.76015000,13.26148333,524.00,
19064,,,,,2019-07-23T16:14:01Z,46.76015000,13.26148333,524.00,
19065,,,,,2019-07-23T16:14:02Z,46.76015000,13.26148333,524.00,
19066,,,,,2019-07-23T16:14:03Z,46.76015000,13.26148333,523.00,
19067,,,,,2019-07-23T16:14:04Z,46.76015000,13.26148333,523.00,
19068,,,,,2019-07-23T16:14:05Z,46.76015000,13.26148333,523.00,
19069,,,,,2019-07-23T16:14:06Z,46.76015000,13.26148333,523.00,
19070,,,,,2019-07-23T16:14:07Z,46.76015000,13.26148333,523.00,
19071,,,,,2019-07-23T16:14:08Z,46.76015000,13.26148333,523.00,
19072,,,,,2019-07-23T16:14:09Z,46.76015000,13.26148333,524.00,
19073,,,,,2019-07-23T16:14:10Z,46.76015000,13.26148333,524.00,
19074,,,,,2019-07-23T16:14:11Z,46.76015000,13.26148333,524.00,
19075,,,,,2019-07-23T16:14:12Z,46.76015000,13.26148333,524.00,
19076,,,,,2019-07-23T16:14:13Z,46.76015000,13.26148333,524.00,
19077,,,,,2019-07-23T16:14:14Z,46.76015000,13.26148333,523.00,
19078,,,,,2019-07-23T16:14:15Z,46.76015000,13.26148333,524.00,
19079,,,,,2019-07-23T16:14:16Z,46.76015000,13.26148333,524.00,
19080,,,,,2019-07-23T16:14:17Z,46.76015000,13.26148333,524.00,
19081,,,,,2019-07-23T16:14:18Z,46.76015000,13.26148333,524.00,
19082,,,,,2019-07-23T16:14:19Z,46.76015000,13.26148333,524.00,
19083,,,,,2019-07-23T16:14:20Z,46.76015000,13.26148333,524.00,
19084,,,,,2019-07-23T16:14:21Z,46.76015000,13.26148333,524.00,
19085,,,,,2019-07-23T16:14:22Z,46.76015000,13.26148333,524.00,
19086,,,,,2019-07-23T16:14:23Z,46.76015000,13.26148333,524.00,
19087,,,,,2019-07-23T16:14:24Z,46.76015000,13.26148333,524.00,
19088,,,,,2019-07-23T16:14:25Z,46.76015000,13.26148333,524.00,
19089,,,,,2019-07-23T16:14:26Z,46.76015000,13.26148333,524.00,
19090,,,,,2019-07-23T16:14:27Z,46.76015000,13.26148333,524.00,
19091,,,,,2019-07-23T16:14:28Z,46.76015000,13.26148333,523.00,
19092,,,,,2019-07-23T16:14:29Z,46.76015000,13.26148333,523.00,
19093,,,,,2019-07-23T16:14:30Z,46.76015000,13.26148333,523.00,
19094,,,,,2019-07-23T16:14:31Z,46.76015000,13.26148333,523.00,
19095,,,,,2019-07-23T16:14:32Z,46.76015000,13.26148333,524.00,
19096,,,,,2019-07-23T16:14:33Z,46.76015000,13.26148333,524.00,
19097,,,,,2019-07-23T16:14:34Z,46.76015000,13.26148333,524.00,
19098,,,,,2019-07-23T16:14:35Z,46.76015000,13.26148333,524.00,
19099,,,,,2019-07-23T16:14:36Z,46.76015000,13.26148333,524.00,
19100,,,,,2019-07-23T16:14:37Z,46.76015000,13.26148333,524.00,
19101,,,,,2019-07-23T16:14:38Z,46.76015000,13.26148333,523.00,
19102,,,,,2019-07-23T16:14:39Z,46.76015000,13.26148333,523.00,
19103,,,,,2019-07-23T16:14:40Z,46.76015000,13.26148333,523.00,
19104,,,,,2019-07-23T16:14:41Z,46.76015000,13.26148333,523.00,
19105,,,,,2019-07-23T16:14:42Z,46.76015000,13.26148333,523.00,
19106,,,,,2019-07-23T16:14:43Z,46.76015000,13.26148333,523.00,
19107,,,,,2019-07-23T16:14:44Z,46.76015000,13.26148333,524.00,
19108,,,,,2019-07-23T16:14:45Z,46.76015000,13.26148333,524.00,
19109,,,,,2019-07-23T16:14:46Z,46.76015000,13.26148333,524.00,
19110,,,,,2019-07-23T16:14:47Z,46.76015000,13.26148333,524.00,
19111,,,,,2019-07-23T16:14:48Z,46.76015000,13.26148333,524.00,
19112,,,,,2019-07-23T16:14:49Z,46.76015000,13.26148333,523.00,
19113,,,,,2019-07-23T16:14:50Z,46.76015000,13.26148333,523.00,
19114,,,,,2019-07-23T16:14:51Z,46.76015000,13.26148333,523.00,
19115,,,,,2019-07-23T16:14:52Z,46.76015000,13.26148333,524.00,
19116,,,,,2019-07-23T16:14:53Z,46.76015000,13.26148333,523.00,
19117,,,,,2019-07-23T16:14:54Z,46.76015000,13.26148333,523.00,
19118,,,,,2019-07-23T16:14:55Z,46.76015000,13.26148333,523.00,
19119,,,,,2019-07-23T16:14:56Z,46.76015000,13.26148333,523.00,
19120,,,,,2019-07-23T16:14:57Z,46.76015000,13.26148333,523.00,
19121,,,,,2019-07-23T16:14:58Z,46.76015000,13.26148333,523.00,
19122,,,,,2019-07-23T16:14:59Z,46.76015000,13.26148333,523.00,
19123,,,,,2019-07-23T16:15:00Z,46.76015000,13.26148333,523.00,
19124,,,,,2019-07-23T16:15:01Z,46.76015000,13.26148333,523.00,
19125,,,,,2019-07-23T16:15:02Z,46.76015000,13.26148333,523.00,
19126,,,,,2019-07-23T16:15:03Z,46.76015000,13.26148333,523.00,
19127,,,,,2019-07-23T16:15:04Z,46.76015000,13.26148333,523.00,
19128,,,,,2019-07-23T16:15:05Z,46.76015000,13.26148333,523.00,
19129,,,,,2019-07-23T16:15:06Z,46.76015000,13.26148333,523.00,
19130,,,,,2019-07-23T16:15:07Z,46.76015000,13.26148333,523.00,
19131,,,,,2019-07-23T16:15:08Z,46.76015000,13.26148333,523.00,
19132,,,,,2019-07-23T16:15:09Z,46.76015000,13.26148333,523.00,
19133,,,,,2019-07-23T16:15:10Z,46.76015000,13.26148333,523.00,
19134,,,,,2019-07-23T16:15:11Z,46.76015000,13.26148333,523.00,
19135,,,,,2019-07-23T16:15:12Z,46.76015000,13.26148333,523.00,
19136,,,,,2019-07-23T16:15:13Z,46.76015000,13.26148333,523.00,
19137,,,,,2019-07-23T16:15:14Z,46.76015000,13.26148333,523.00,
19138,,,,,2019-07-23T16:15:15Z,46.76015000,13.26148333,523.00,
19139,,,,,2019-07-23T16:15:16Z,46.76015000,13.26148333,523.00,
19140,,,,,2019-07-23T16:15:17Z,46.76015000,13.26148333,523.00,
19141,,,,,2019-07-23T16:15:18Z,46.76015000,13.26148333,523.00,
19142,,,,,2019-07-23T16:15:19Z,46.76015000,13.26148333,524.00,
19143,,,,,2019-07-23T16:15:20Z,46.76015000,13.26148333,524.00,
19144,,,,,2019-07-23T16:15:21Z,46.76015000,13.26148333,524.00,
19145,,,,,2019-07-23T16:15:22Z,46.76015000,13.26148333,523.00,
19146,,,,,2019-07-23T16:15:23Z,46.76015000,13.26148333,523.00,
19147,,,,,2019-07-23T16:15:24Z,46.76015000,13.26148333,523.00,
19148,,,,,2019-07-23T16:15:25Z,46.76015000,13.26148333,523.00,
19149,,,,,2019-07-23T16:15:26Z,46.76015000,13.26148333,523.00,
19150,,,,,2019-07-23T16:15:27Z,46.76015000,13.26148333,523.00,
19151,,,,,2019-07-23T16:15:28Z,46.76015000,13.26148333,523.00,
19152,,,,,2019-07-23T16:15:29Z,46.76015000,13.26148333,523.00,
19153,,,,,2019-07-23T16:15:30Z,46.76015000,13.26148333,524.00,
19154,,,,,2019-07-23T16:15:31Z,46.76015000,13.26148333,524.00,
19155,,,,,2019-07-23T16:15:32Z,46.76015000,13.26148333,524.00,
19156,,,,,2019-07-23T16:15:33Z,46.76015000,13.26148333,523.00,
19157,,,,,2019-07-23T16:15:34Z,46.76015000,13.26148333,523.00,
19158,,,,,2019-07-23T16:15:35Z,46.76015000,13.26148333,524.00,
19159,,,,,2019-07-23T16:15:36Z,46.76015000,13.26148333,523.00,
19160,,,,,2019-07-23T16:15:37Z,46.76015000,13.26148333,523.00,
19161,,,,,2019-07-23T16:15:38Z,46.76015000,13.26148333,523.00,
19162,,,,,2019-07-23T16:15:39Z,46.76015000,13.26148333,523.00,
19163,,,,,2019-07-23T16:15:40Z,46.76015000,13.26148333,523.00,
19164,,,,,2019-07-23T16:15:41Z,46.76015000,13.26148333,523.00,
19165,,,,,2019-07-23T16:15:42Z,46.76015000,13.26148333,523.00,
19166,,,,,2019-07-23T16:15:43Z,46.76015000,13.26148333,523.00,
19167,,,,,2019-07-23T16:15:44Z,46.76015000,13.26148333,523.00,
19168,,,,,2019-07-23T16:15:45Z,46.76015000,13.26148333,523.00,
19169,,,,,2019-07-23T16:15:46Z,46.76015000,13.26148333,523.00,
19170,,,,,2019-07-23T16:15:47Z,46.76015000,13.26148333,523.00,
19171,,,,,2019-07-23T16:15:48Z,46.76015000,13.26148333,523.00,
19172,,,,,2019-07-23T16:15:49Z,46.76015000,13.26148333,524.00,
19173,,,,,2019-07-23T16:15:50Z,46.76015000,13.26148333,524.00,
19174,,,,,2019-07-23T16:15:51Z,46.76015000,13.26148333,523.00,
19175,,,,,2019-07-23T16:15:52Z,46.76015000,13.26148333,523.00,
19176,,,,,2019-07-23T16:15:53Z,46.76013333,13.26148333,523.00,
19177,,,,,2019-07-23T16:15:54Z,46.76013333,13.26148333,523.00,
19178,,,,,2019-07-23T16:15:55Z,46.76013333,13.26148333,523.00,
19179,,,,,2019-07-23T16:15:56Z,46.76013333,13.26148333,523.00,
19180,,,,,2019-07-23T16:15:57Z,46.76013333,13.26148333,523.00,
19181,,,,,2019-07-23T16:15:58Z,46.76013333,13.26148333,523.00,
19182,,,,,2019-07-23T16:15:59Z,46.76013333,13.26148333,523.00,
19183,,,,,2019-07-23T16:16:00Z,46.76013333,13.26148333,523.00,
19184,,,,,2019-07-23T16:16:01Z,46.76013333,13.26148333,523.00,
19185,,,,,2019-07-23T16:16:02Z,46.76013333,13.26148333,523.00,
19186,,,,,2019-07-23T16:16:03Z,46.76013333,13.26148333,523.00,
19187,,,,,2019-07-23T16:16:04Z,46.76013333,13.26148333,523.00,
19188,,,,,2019-07-23T16:16:05Z,46.76013333,13.26148333,523.00,
19189,,,,,2019-07-23T16:16:06Z,46.76013333,13.26148333,523.00,
19190,,,,,2019-07-23T16:16:07Z,46.76013333,13.26148333,523.00,
19191,,,,,2019-07-23T16:16:08Z,46.76013333,13.26148333,523.00,
19192,,,,,2019-07-23T16:16:09Z,46.76013333,13.26148333,523.00,
19193,,,,,2019-07-23T16:16:10Z,46.76013333,13.26148333,523.00,
19194,,,,,2019-07-23T16:16:11Z,46.76013333,13.26148333,523.00,
19195,,,,,2019-07-23T16:16:12Z,46.76013333,13.26148333,523.00,
19196,,,,,2019-07-23T16:16:13Z,46.76013333,13.26148333,523.00,
19197,,,,,2019-07-23T16:16:14Z,46.76013333,13.26148333,523.00,
19198,,,,,2019-07-23T16:16:15Z,46.76013333,13.26148333,523.00,
19199,,,,,2019-07-23T16:16:16Z,46.76013333,13.26148333,523.00,
19200,,,,,2019-07-23T16:16:17Z,46.76013333,13.26148333,523.00,
19201,,,,,2019-07-23T16:16:18Z,46.76013333,13.26148333,523.00,
19202,,,,,2019-07-23T16:16:19Z,46.76013333,13.26148333,523.00,
19203,,,,,2019-07-23T16:16:20Z,46.76013333,13.26148333,523.00,
19204,,,,,2019-07-23T16:16:21Z,46.76013333,13.26148333,523.00,
19205,,,,,2019-07-23T16:16:22Z,46.76013333,13.26148333,523.00,
19206,,,,,2019-07-23T16:16:23Z,46.76013333,13.26148333,523.00,
19207,,,,,2019-07-23T16:16:24Z,46.76013333,13.26148333,523.00,
19208,,,,,2019-07-23T16:16:25Z,46.76013333,13.26148333,523.00,
19209,,,,,2019-07-23T16:16:26Z,46.76013333,13.26148333,524.00,
19210,,,,,2019-07-23T16:16:27Z,46.76013333,13.26148333,523.00,
19211,,,,,2019-07-23T16:16:28Z,46.76013333,13.26148333,523.00,
19212,,,,,2019-07-23T16:16:29Z,46.76013333,13.26148333,523.00,
19213,,,,,2019-07-23T16:16:30Z,46.76013333,13.26148333,523.00,
19214,,,,,2019-07-23T16:16:31Z,46.76013333,13.26148333,523.00,
19215,,,,,2019-07-23T16:16:32Z,46.76013333,13.26148333,523.00,
19216,,,,,2019-07-23T16:16:33Z,46.76013333,13.26148333,523.00,
19217,,,,,2019-07-23T16:16:34Z,46.76013333,13.26148333,523.00,
19218,,,,,2019-07-23T16:16:35Z,46.76013333,13.26148333,523.00,
19219,,,,,2019-07-23T16:16:36Z,46.76013333,13.26148333,523.00,
19220,,,,,2019-07-23T16:16:37Z,46.76013333,13.26148333,523.00,
19221,,,,,2019-07-23T16:16:38Z,46.76013333,13.26148333,523.00,
19222,,,,,2019-07-23T16:16:39Z,46.76013333,13.26148333,523.00,
19223,,,,,2019-07-23T16:16:40Z,46.76013333,13.26148333,523.00,
19224,,,,,2019-07-23T16:16:41Z,46.76015000,13.26148333,523.00,
19225,,,,,2019-07-23T16:16:42Z,46.76015000,13.26148333,523.00,
19226,,,,,2019-07-23T16:16:43Z,46.76015000,13.26148333,523.00,
19227,,,,,2019-07-23T16:16:44Z,46.76015000,13.26148333,523.00,
19228,,,,,2019-07-23T16:16:45Z,46.76015000,13.26148333,524.00,
19229,,,,,2019-07-23T16:16:46Z,46.76015000,13.26148333,523.00,
19230,,,,,2019-07-23T16:16:47Z,46.76015000,13.26148333,523.00,
19231,,,,,2019-07-23T16:16:48Z,46.76015000,13.26148333,524.00,
19232,,,,,2019-07-23T16:16:49Z,46.76015000,13.26148333,523.00,
19233,,,,,2019-07-23T16:16:50Z,46.76015000,13.26148333,523.00,
19234,,,,,2019-07-23T16:16:51Z,46.76015000,13.26148333,524.00,
19235,,,,,2019-07-23T16:16:52Z,46.76015000,13.26148333,523.00,
19236,,,,,2019-07-23T16:16:53Z,46.76015000,13.26148333,523.00,
19237,,,,,2019-07-23T16:16:54Z,46.76015000,13.26148333,523.00,
19238,,,,,2019-07-23T16:16:55Z,46.76015000,13.26148333,523.00,
19239,,,,,2019-07-23T16:16:56Z,46.76013333,13.26148333,523.00,
19240,,,,,2019-07-23T16:16:57Z,46.76013333,13.26148333,523.00,
19241,,,,,2019-07-23T16:16:58Z,46.76013333,13.26148333,523.00,
19242,,,,,2019-07-23T16:16:59Z,46.76013333,13.26148333,523.00,
19243,,,,,2019-07-23T16:17:00Z,46.76013333,13.26148333,523.00,
19244,,,,,2019-07-23T16:17:01Z,46.76013333,13.26148333,523.00,
19245,,,,,2019-07-23T16:17:02Z,46.76013333,13.26148333,523.00,
19246,,,,,2019-07-23T16:17:03Z,46.76013333,13.26148333,523.00,
19247,,,,,2019-07-23T16:17:04Z,46.76013333,13.26148333,523.00,
19248,,,,,2019-07-23T16:17:05Z,46.76013333,13.26148333,523.00,
19249,,,,,2019-07-23T16:17:06Z,46.76013333,13.26148333,523.00,
19250,,,,,2019-07-23T16:17:07Z,46.76013333,13.26148333,523.00,
19251,,,,,2019-07-23T16:17:08Z,46.76015000,13.26148333,523.00,
19252,,,,,2019-07-23T16:17:09Z,46.76015000,13.26148333,523.00,
19253,,,,,2019-07-23T16:17:10Z,46.76015000,13.26148333,523.00,
19254,,,,,2019-07-23T16:17:11Z,46.76015000,13.26148333,523.00,
19255,,,,,2019-07-23T16:17:12Z,46.76015000,13.26148333,523.00,
19256,,,,,2019-07-23T16:17:13Z,46.76013333,13.26148333,524.00,
19257,,,,,2019-07-23T16:17:14Z,46.76013333,13.26148333,524.00,
19258,,,,,2019-07-23T16:17:15Z,46.76013333,13.26148333,525.00,
19259,,,,,2019-07-23T16:17:16Z,46.76013333,13.26148333,525.00,
19260,,,,,2019-07-23T16:17:17Z,46.76013333,13.26148333,525.00,
19261,,,,,2019-07-23T16:17:18Z,46.76013333,13.26148333,525.00,
19262,,,,,2019-07-23T16:17:19Z,46.76013333,13.26148333,525.00,
19263,,,,,2019-07-23T16:17:20Z,46.76013333,13.26148333,525.00,
19264,,,,,2019-07-23T16:17:21Z,46.76013333,13.26148333,525.00,
19265,,,,,2019-07-23T16:17:22Z,46.76013333,13.26148333,524.00,
19266,,,,,2019-07-23T16:17:23Z,46.76013333,13.26148333,524.00,
19267,,,,,2019-07-23T16:17:24Z,46.76013333,13.26148333,524.00,
19268,,,,,2019-07-23T16:17:25Z,46.76013333,13.26148333,524.00,
19269,,,,,2019-07-23T16:17:26Z,46.76013333,13.26148333,525.00,
19270,,,,,2019-07-23T16:17:27Z,46.76013333,13.26148333,525.00,
19271,,,,,2019-07-23T16:17:28Z,46.76013333,13.26148333,525.00,
19272,,,,,2019-07-23T16:17:29Z,46.76013333,13.26148333,525.00,
19273,,,,,2019-07-23T16:17:30Z,46.76013333,13.26148333,525.00,
19274,,,,,2019-07-23T16:17:31Z,46.76013333,13.26148333,524.00,
19275,,,,,2019-07-23T16:17:32Z,46.76013333,13.26148333,524.00,
19276,,,,,2019-07-23T16:17:33Z,46.76013333,13.26148333,524.00,
19277,,,,,2019-07-23T16:17:34Z,46.76013333,13.26148333,524.00,
19278,,,,,2019-07-23T16:17:35Z,46.76013333,13.26148333,524.00,
19279,,,,,2019-07-23T16:17:36Z,46.76013333,13.26148333,524.00,
19280,,,,,2019-07-23T16:17:37Z,46.76013333,13.26148333,524.00,
19281,,,,,2019-07-23T16:17:38Z,46.76013333,13.26148333,524.00,
19282,,,,,2019-07-23T16:17:39Z,46.76013333,13.26148333,524.00,
19283,,,,,2019-07-23T16:17:40Z,46.76013333,13.26146667,524.00,
19284,,,,,2019-07-23T16:17:41Z,46.76013333,13.26146667,524.00,
19285,,,,,2019-07-23T16:17:42Z,46.76013333,13.26146667,524.00,
19286,,,,,2019-07-23T16:17:43Z,46.76013333,13.26146667,524.00,
19287,,,,,2019-07-23T16:17:44Z,46.76013333,13.26146667,524.00,
19288,,,,,2019-07-23T16:17:45Z,46.76013333,13.26146667,524.00,
19289,,,,,2019-07-23T16:17:46Z,46.76013333,13.26146667,524.00,
19290,,,,,2019-07-23T16:17:47Z,46.76013333,13.26146667,524.00,
19291,,,,,2019-07-23T16:17:48Z,46.76013333,13.26146667,524.00,
19292,,,,,2019-07-23T16:17:49Z,46.76013333,13.26146667,524.00,
19293,,,,,2019-07-23T16:17:50Z,46.76013333,13.26146667,524.00,
19294,,,,,2019-07-23T16:17:51Z,46.76013333,13.26146667,524.00,
19295,,,,,2019-07-23T16:17:52Z,46.76013333,13.26146667,524.00,
19296,,,,,2019-07-23T16:17:53Z,46.76013333,13.26146667,524.00,
19297,,,,,2019-07-23T16:17:54Z,46.76013333,13.26146667,524.00,
19298,,,,,2019-07-23T16:17:55Z,46.76013333,13.26146667,524.00,
19299,,,,,2019-07-23T16:17:56Z,46.76013333,13.26146667,524.00,
19300,,,,,2019-07-23T16:17:57Z,46.76013333,13.26146667,524.00,
19301,,,,,2019-07-23T16:17:58Z,46.76013333,13.26146667,524.00,
19302,,,,,2019-07-23T16:17:59Z,46.76013333,13.26146667,524.00,
19303,,,,,2019-07-23T16:18:00Z,46.76013333,13.26146667,524.00,
19304,,,,,2019-07-23T16:18:01Z,46.76013333,13.26146667,524.00,
19305,,,,,2019-07-23T16:18:02Z,46.76013333,13.26146667,524.00,
19306,,,,,2019-07-23T16:18:03Z,46.76013333,13.26146667,524.00,
19307,,,,,2019-07-23T16:18:04Z,46.76013333,13.26146667,524.00,
19308,,,,,2019-07-23T16:18:05Z,46.76013333,13.26146667,524.00,
19309,,,,,2019-07-23T16:18:06Z,46.76013333,13.26146667,524.00,
19310,,,,,2019-07-23T16:18:07Z,46.76013333,13.26146667,524.00,
19311,,,,,2019-07-23T16:18:08Z,46.76013333,13.26146667,524.00,
19312,,,,,2019-07-23T16:18:09Z,46.76013333,13.26146667,524.00,
19313,,,,,2019-07-23T16:18:10Z,46.76013333,13.26146667,524.00,
19314,,,,,2019-07-23T16:18:11Z,46.76013333,13.26146667,524.00,
19315,,,,,2019-07-23T16:18:12Z,46.76013333,13.26146667,524.00,
19316,,,,,2019-07-23T16:18:13Z,46.76013333,13.26146667,524.00,
19317,,,,,2019-07-23T16:18:14Z,46.76013333,13.26146667,524.00,
19318,,,,,2019-07-23T16:18:15Z,46.76013333,13.26146667,524.00,
19319,,,,,2019-07-23T16:18:16Z,46.76013333,13.26146667,524.00,
19320,,,,,2019-07-23T16:18:17Z,46.76013333,13.26146667,524.00,
19321,,,,,2019-07-23T16:18:18Z,46.76013333,13.26146667,524.00,
19322,,,,,2019-07-23T16:18:19Z,46.76013333,13.26146667,524.00,
19323,,,,,2019-07-23T16:18:20Z,46.76013333,13.26146667,524.00,
19324,,,,,2019-07-23T16:18:21Z,46.76013333,13.26146667,524.00,
19325,,,,,2019-07-23T16:18:22Z,46.76013333,13.26146667,524.00,
19326,,,,,2019-07-23T16:18:23Z,46.76013333,13.26146667,524.00,
19327,,,,,2019-07-23T16:18:24Z,46.76013333,13.26146667,524.00,
19328,,,,,2019-07-23T16:18:25Z,46.76013333,13.26146667,524.00,
19329,,,,,2019-07-23T16:18:26Z,46.76013333,13.26146667,524.00,
19330,,,,,2019-07-23T16:18:27Z,46.76013333,13.26146667,524.00,
19331,,,,,2019-07-23T16:18:28Z,46.76013333,13.26146667,524.00,
19332,,,,,2019-07-23T16:18:29Z,46.76013333,13.26146667,524.00,
19333,,,,,2019-07-23T16:18:30Z,46.76013333,13.26146667,524.00,
19334,,,,,2019-07-23T16:18:31Z,46.76013333,13.26146667,524.00,
19335,,,,,2019-07-23T16:18:32Z,46.76013333,13.26146667,524.00,
19336,,,,,2019-07-23T16:18:33Z,46.76013333,13.26146667,524.00,
19337,,,,,2019-07-23T16:18:34Z,46.76013333,13.26146667,524.00,
19338,,,,,2019-07-23T16:18:35Z,46.76013333,13.26146667,524.00,
19339,,,,,2019-07-23T16:18:36Z,46.76013333,13.26146667,524.00,
19340,,,,,2019-07-23T16:18:37Z,46.76013333,13.26146667,524.00,
19341,,,,,2019-07-23T16:18:38Z,46.76013333,13.26146667,524.00,
19342,,,,,2019-07-23T16:18:39Z,46.76013333,13.26146667,524.00,
19343,,,,,2019-07-23T16:18:40Z,46.76013333,13.26146667,524.00,
19344,,,,,2019-07-23T16:18:41Z,46.76013333,13.26146667,524.00,
19345,,,,,2019-07-23T16:18:42Z,46.76013333,13.26146667,524.00,
19346,,,,,2019-07-23T16:18:43Z,46.76013333,13.26146667,524.00,
19347,,,,,2019-07-23T16:18:44Z,46.76013333,13.26146667,524.00,
19348,,,,,2019-07-23T16:18:45Z,46.76013333,13.26146667,524.00,
19349,,,,,2019-07-23T16:18:46Z,46.76013333,13.26146667,524.00,
19350,,,,,2019-07-23T16:18:47Z,46.76013333,13.26146667,524.00,
19351,,,,,2019-07-23T16:18:48Z,46.76013333,13.26146667,524.00,
19352,,,,,2019-07-23T16:18:49Z,46.76013333,13.26148333,524.00,
19353,,,,,2019-07-23T16:18:50Z,46.76013333,13.26148333,524.00,
19354,,,,,2019-07-23T16:18:51Z,46.76013333,13.26148333,524.00,
19355,,,,,2019-07-23T16:18:52Z,46.76013333,13.26148333,524.00,
19356,,,,,2019-07-23T16:18:53Z,46.76013333,13.26148333,523.00,
19357,,,,,2019-07-23T16:18:54Z,46.76013333,13.26148333,523.00,
19358,,,,,2019-07-23T16:18:55Z,46.76013333,13.26148333,523.00,
19359,,,,,2019-07-23T16:18:56Z,46.76013333,13.26148333,523.00,
19360,,,,,2019-07-23T16:18:57Z,46.76013333,13.26148333,524.00,
19361,,,,,2019-07-23T16:18:58Z,46.76013333,13.26148333,524.00,
19362,,,,,2019-07-23T16:18:59Z,46.76013333,13.26148333,524.00,
19363,,,,,2019-07-23T16:19:00Z,46.76013333,13.26148333,524.00,
19364,,,,,2019-07-23T16:19:01Z,46.76013333,13.26148333,524.00,
19365,,,,,2019-07-23T16:19:02Z,46.76013333,13.26148333,524.00,
19366,,,,,2019-07-23T16:19:03Z,46.76013333,13.26148333,524.00,
19367,,,,,2019-07-23T16:19:04Z,46.76013333,13.26148333,524.00,
19368,,,,,2019-07-23T16:19:05Z,46.76013333,13.26148333,524.00,
19369,,,,,2019-07-23T16:19:06Z,46.76013333,13.26148333,524.00,
19370,,,,,2019-07-23T16:19:07Z,46.76013333,13.26148333,524.00,
19371,,,,,2019-07-23T16:19:08Z,46.76013333,13.26148333,524.00,
19372,,,,,2019-07-23T16:19:09Z,46.76013333,13.26148333,524.00,
19373,,,,,2019-07-23T16:19:10Z,46.76013333,13.26148333,524.00,
19374,,,,,2019-07-23T16:19:11Z,46.76013333,13.26148333,524.00,
19375,,,,,2019-07-23T16:19:12Z,46.76013333,13.26148333,524.00,
19376,,,,,2019-07-23T16:19:13Z,46.76013333,13.26148333,524.00,
19377,,,,,2019-07-23T16:19:14Z,46.76013333,13.26148333,524.00,
19378,,,,,2019-07-23T16:19:15Z,46.76013333,13.26148333,524.00,
19379,,,,,2019-07-23T16:19:16Z,46.76013333,13.26148333,524.00,
19380,,,,,2019-07-23T16:19:17Z,46.76013333,13.26148333,524.00,
19381,,,,,2019-07-23T16:19:18Z,46.76013333,13.26148333,524.00,
19382,,,,,2019-07-23T16:19:19Z,46.76013333,13.26148333,524.00,
19383,,,,,2019-07-23T16:19:20Z,46.76013333,13.26148333,524.00,
19384,,,,,2019-07-23T16:19:21Z,46.76013333,13.26148333,524.00,
19385,,,,,2019-07-23T16:19:22Z,46.76013333,13.26148333,524.00,
19386,,,,,2019-07-23T16:19:23Z,46.76013333,13.26148333,524.00,
19387,,,,,2019-07-23T16:19:24Z,46.76013333,13.26148333,524.00,
19388,,,,,2019-07-23T16:19:25Z,46.76013333,13.26148333,524.00,
19389,,,,,2019-07-23T16:19:26Z,46.76013333,13.26148333,523.00,
19390,,,,,2019-07-23T16:19:27Z,46.76013333,13.26148333,524.00,
19391,,,,,2019-07-23T16:19:28Z,46.76013333,13.26148333,524.00,
19392,,,,,2019-07-23T16:19:29Z,46.76013333,13.26148333,524.00,
19393,,,,,2019-07-23T16:19:30Z,46.76013333,13.26148333,524.00,
19394,,,,,2019-07-23T16:19:31Z,46.76013333,13.26148333,524.00,
19395,,,,,2019-07-23T16:19:32Z,46.76013333,13.26148333,524.00,
19396,,,,,2019-07-23T16:19:33Z,46.76013333,13.26148333,524.00,
19397,,,,,2019-07-23T16:19:34Z,46.76013333,13.26148333,524.00,
19398,,,,,2019-07-23T16:19:35Z,46.76013333,13.26148333,524.00,
19399,,,,,2019-07-23T16:19:36Z,46.76013333,13.26148333,524.00,
19400,,,,,2019-07-23T16:19:37Z,46.76013333,13.26148333,524.00,
19401,,,,,2019-07-23T16:19:38Z,46.76013333,13.26148333,524.00,
19402,,,,,2019-07-23T16:19:39Z,46.76013333,13.26148333,524.00,
19403,,,,,2019-07-23T16:19:40Z,46.76013333,13.26148333,524.00,
19404,,,,,2019-07-23T16:19:41Z,46.76013333,13.26148333,524.00,
19405,,,,,2019-07-23T16:19:42Z,46.76013333,13.26148333,524.00,
19406,,,,,2019-07-23T16:19:43Z,46.76013333,13.26148333,524.00,
19407,,,,,2019-07-23T16:19:44Z,46.76013333,13.26148333,524.00,
19408,,,,,2019-07-23T16:19:45Z,46.76013333,13.26148333,524.00,
19409,,,,,2019-07-23T16:19:46Z,46.76013333,13.26148333,524.00,
19410,,,,,2019-07-23T16:19:47Z,46.76013333,13.26148333,524.00,
19411,,,,,2019-07-23T16:19:48Z,46.76013333,13.26148333,524.00,
19412,,,,,2019-07-23T16:19:49Z,46.76013333,13.26148333,524.00,
19413,,,,,2019-07-23T16:19:50Z,46.76013333,13.26148333,524.00,
19414,,,,,2019-07-23T16:19:51Z,46.76013333,13.26148333,524.00,
19415,,,,,2019-07-23T16:19:52Z,46.76013333,13.26148333,524.00,
19416,,,,,2019-07-23T16:19:53Z,46.76013333,13.26148333,524.00,
19417,,,,,2019-07-23T16:19:54Z,46.76013333,13.26148333,524.00,
19418,,,,,2019-07-23T16:19:55Z,46.76013333,13.26148333,524.00,
19419,,,,,2019-07-23T16:19:56Z,46.76013333,13.26148333,524.00,
19420,,,,,2019-07-23T16:19:57Z,46.76013333,13.26148333,524.00,
19421,,,,,2019-07-23T16:19:58Z,46.76013333,13.26148333,524.00,
19422,,,,,2019-07-23T16:19:59Z,46.76013333,13.26148333,524.00,
19423,,,,,2019-07-23T16:20:00Z,46.76013333,13.26146667,524.00,
19424,,,,,2019-07-23T16:20:01Z,46.76013333,13.26146667,524.00,
19425,,,,,2019-07-23T16:20:02Z,46.76013333,13.26146667,524.00,
19426,,,,,2019-07-23T16:20:03Z,46.76013333,13.26146667,524.00,
19427,,,,,2019-07-23T16:20:04Z,46.76013333,13.26146667,524.00,
19428,,,,,2019-07-23T16:20:05Z,46.76013333,13.26146667,524.00,
19429,,,,,2019-07-23T16:20:06Z,46.76011667,13.26146667,524.00,
19430,,,,,2019-07-23T16:20:07Z,46.76011667,13.26146667,524.00,
19431,,,,,2019-07-23T16:20:08Z,46.76011667,13.26146667,524.00,
19432,,,,,2019-07-23T16:20:09Z,46.76011667,13.26146667,524.00,
19433,,,,,2019-07-23T16:20:10Z,46.76011667,13.26146667,524.00,
19434,,,,,2019-07-23T16:20:11Z,46.76011667,13.26146667,524.00,
19435,,,,,2019-07-23T16:20:12Z,46.76011667,13.26146667,524.00,
19436,,,,,2019-07-23T16:20:13Z,46.76011667,13.26146667,524.00,
19437,,,,,2019-07-23T16:20:14Z,46.76011667,13.26146667,524.00,
19438,,,,,2019-07-23T16:20:15Z,46.76011667,13.26146667,524.00,
19439,,,,,2019-07-23T16:20:16Z,46.76011667,13.26146667,524.00,
19440,,,,,2019-07-23T16:20:17Z,46.76011667,13.26146667,524.00,
19441,,,,,2019-07-23T16:20:18Z,46.76011667,13.26146667,524.00,
19442,,,,,2019-07-23T16:20:19Z,46.76011667,13.26146667,524.00,
19443,,,,,2019-07-23T16:20:20Z,46.76011667,13.26146667,524.00,
19444,,,,,2019-07-23T16:20:21Z,46.76011667,13.26146667,524.00,
19445,,,,,2019-07-23T16:20:22Z,46.76011667,13.26146667,524.00,
19446,,,,,2019-07-23T16:20:23Z,46.76011667,13.26146667,524.00,
19447,,,,,2019-07-23T16:20:24Z,46.76011667,13.26146667,524.00,
19448,,,,,2019-07-23T16:20:25Z,46.76011667,13.26146667,524.00,
19449,,,,,2019-07-23T16:20:26Z,46.76011667,13.26146667,524.00,
19450,,,,,2019-07-23T16:20:27Z,46.76011667,13.26146667,524.00,
19451,,,,,2019-07-23T16:20:28Z,46.76011667,13.26146667,524.00,
19452,,,,,2019-07-23T16:20:29Z,46.76011667,13.26146667,524.00,
19453,,,,,2019-07-23T16:20:30Z,46.76011667,13.26146667,524.00,
19454,,,,,2019-07-23T16:20:31Z,46.76011667,13.26146667,524.00,
19455,,,,,2019-07-23T16:20:32Z,46.76011667,13.26146667,524.00,
19456,,,,,2019-07-23T16:20:33Z,46.76011667,13.26146667,524.00,
19457,,,,,2019-07-23T16:20:34Z,46.76011667,13.26146667,524.00,
19458,,,,,2019-07-23T16:20:35Z,46.76011667,13.26146667,524.00,
19459,,,,,2019-07-23T16:20:36Z,46.76011667,13.26146667,524.00,
19460,,,,,2019-07-23T16:20:37Z,46.76011667,13.26146667,524.00,
19461,,,,,2019-07-23T16:20:38Z,46.76011667,13.26146667,524.00,
19462,,,,,2019-07-23T16:20:39Z,46.76011667,13.26146667,524.00,
19463,,,,,2019-07-23T16:20:40Z,46.76011667,13.26146667,524.00,
19464,,,,,2019-07-23T16:20:41Z,46.76011667,13.26146667,524.00,
19465,,,,,2019-07-23T16:20:42Z,46.76011667,13.26146667,524.00,
19466,,,,,2019-07-23T16:20:43Z,46.76011667,13.26146667,524.00,
19467,,,,,2019-07-23T16:20:44Z,46.76011667,13.26146667,524.00,
19468,,,,,2019-07-23T16:20:45Z,46.76011667,13.26146667,524.00,
19469,,,,,2019-07-23T16:20:46Z,46.76011667,13.26146667,524.00,
19470,,,,,2019-07-23T16:20:47Z,46.76011667,13.26146667,524.00,
19471,,,,,2019-07-23T16:20:48Z,46.76011667,13.26146667,524.00,
19472,,,,,2019-07-23T16:20:49Z,46.76011667,13.26146667,524.00,
19473,,,,,2019-07-23T16:20:50Z,46.76011667,13.26146667,524.00,
19474,,,,,2019-07-23T16:20:51Z,46.76011667,13.26146667,524.00,
19475,,,,,2019-07-23T16:20:52Z,46.76011667,13.26146667,524.00,
19476,,,,,2019-07-23T16:20:53Z,46.76011667,13.26146667,524.00,
19477,,,,,2019-07-23T16:20:54Z,46.76011667,13.26146667,524.00,
19478,,,,,2019-07-23T16:20:55Z,46.76011667,13.26146667,524.00,
19479,,,,,2019-07-23T16:20:56Z,46.76011667,13.26146667,524.00,
19480,,,,,2019-07-23T16:20:57Z,46.76011667,13.26146667,524.00,
19481,,,,,2019-07-23T16:20:58Z,46.76011667,13.26146667,524.00,
19482,,,,,2019-07-23T16:20:59Z,46.76011667,13.26146667,524.00,
19483,,,,,2019-07-23T16:21:00Z,46.76011667,13.26146667,524.00,
19484,,,,,2019-07-23T16:21:01Z,46.76011667,13.26146667,524.00,
19485,,,,,2019-07-23T16:21:02Z,46.76011667,13.26146667,524.00,
19486,,,,,2019-07-23T16:21:03Z,46.76011667,13.26146667,524.00,
19487,,,,,2019-07-23T16:21:04Z,46.76011667,13.26146667,524.00,
19488,,,,,2019-07-23T16:21:05Z,46.76011667,13.26146667,524.00,
19489,,,,,2019-07-23T16:21:06Z,46.76011667,13.26146667,524.00,
19490,,,,,2019-07-23T16:21:07Z,46.76011667,13.26146667,524.00,
19491,,,,,2019-07-23T16:21:08Z,46.76013333,13.26146667,524.00,
19492,,,,,2019-07-23T16:21:09Z,46.76013333,13.26146667,524.00,
19493,,,,,2019-07-23T16:21:10Z,46.76013333,13.26146667,524.00,
19494,,,,,2019-07-23T16:21:11Z,46.76013333,13.26146667,524.00,
19495,,,,,2019-07-23T16:21:12Z,46.76013333,13.26146667,524.00,
19496,,,,,2019-07-23T16:21:13Z,46.76013333,13.26146667,524.00,
19497,,,,,2019-07-23T16:21:14Z,46.76013333,13.26146667,524.00,
19498,,,,,2019-07-23T16:21:15Z,46.76013333,13.26146667,524.00,
19499,,,,,2019-07-23T16:21:16Z,46.76013333,13.26146667,524.00,
19500,,,,,2019-07-23T16:21:17Z,46.76013333,13.26146667,524.00,
19501,,,,,2019-07-23T16:21:18Z,46.76013333,13.26146667,524.00,
19502,,,,,2019-07-23T16:21:19Z,46.76013333,13.26146667,524.00,
19503,,,,,2019-07-23T16:21:20Z,46.76013333,13.26146667,524.00,
19504,,,,,2019-07-23T16:21:21Z,46.76013333,13.26146667,524.00,
19505,,,,,2019-07-23T16:21:22Z,46.76013333,13.26146667,524.00,
19506,,,,,2019-07-23T16:21:23Z,46.76013333,13.26146667,524.00,
19507,,,,,2019-07-23T16:21:24Z,46.76013333,13.26146667,524.00,
19508,,,,,2019-07-23T16:21:25Z,46.76013333,13.26146667,524.00,
19509,,,,,2019-07-23T16:21:26Z,46.76013333,13.26146667,524.00,
19510,,,,,2019-07-23T16:21:27Z,46.76013333,13.26146667,524.00,
19511,,,,,2019-07-23T16:21:28Z,46.76013333,13.26146667,524.00,
19512,,,,,2019-07-23T16:21:29Z,46.76013333,13.26146667,524.00,
19513,,,,,2019-07-23T16:21:30Z,46.76013333,13.26146667,524.00,
19514,,,,,2019-07-23T16:21:31Z,46.76013333,13.26146667,524.00,
19515,,,,,2019-07-23T16:21:32Z,46.76013333,13.26146667,524.00,
19516,,,,,2019-07-23T16:21:33Z,46.76013333,13.26146667,524.00,
19517,,,,,2019-07-23T16:21:34Z,46.76013333,13.26146667,524.00,
19518,,,,,2019-07-23T16:21:35Z,46.76013333,13.26146667,524.00,
19519,,,,,2019-07-23T16:21:36Z,46.76013333,13.26146667,524.00,
19520,,,,,2019-07-23T16:21:37Z,46.76013333,13.26146667,524.00,
19521,,,,,2019-07-23T16:21:38Z,46.76013333,13.26146667,524.00,
19522,,,,,2019-07-23T16:21:39Z,46.76013333,13.26146667,524.00,
19523,,,,,2019-07-23T16:21:40Z,46.76013333,13.26146667,524.00,
19524,,,,,2019-07-23T16:21:41Z,46.76013333,13.26146667,524.00,
19525,,,,,2019-07-23T16:21:42Z,46.76013333,13.26146667,524.00,
19526,,,,,2019-07-23T16:21:43Z,46.76013333,13.26146667,524.00,
19527,,,,,2019-07-23T16:21:44Z,46.76013333,13.26146667,524.00,
19528,,,,,2019-07-23T16:21:45Z,46.76013333,13.26146667,524.00,
19529,,,,,2019-07-23T16:21:46Z,46.76013333,13.26146667,524.00,
19530,,,,,2019-07-23T16:21:47Z,46.76013333,13.26146667,524.00,
19531,,,,,2019-07-23T16:21:48Z,46.76013333,13.26146667,524.00,
19532,,,,,2019-07-23T16:21:49Z,46.76013333,13.26146667,524.00,
19533,,,,,2019-07-23T16:21:50Z,46.76013333,13.26148333,524.00,
19534,,,,,2019-07-23T16:21:51Z,46.76013333,13.26148333,524.00,
19535,,,,,2019-07-23T16:21:52Z,46.76013333,13.26148333,524.00,
19536,,,,,2019-07-23T16:21:53Z,46.76013333,13.26146667,524.00,
19537,,,,,2019-07-23T16:21:54Z,46.76013333,13.26146667,524.00,
19538,,,,,2019-07-23T16:21:55Z,46.76013333,13.26146667,524.00,
19539,,,,,2019-07-23T16:21:56Z,46.76013333,13.26146667,524.00,
19540,,,,,2019-07-23T16:21:57Z,46.76013333,13.26146667,524.00,
19541,,,,,2019-07-23T16:21:58Z,46.76013333,13.26146667,524.00,
19542,,,,,2019-07-23T16:21:59Z,46.76013333,13.26146667,524.00,
19543,,,,,2019-07-23T16:22:00Z,46.76013333,13.26146667,524.00,
19544,,,,,2019-07-23T16:22:01Z,46.76013333,13.26146667,524.00,
19545,,,,,2019-07-23T16:22:02Z,46.76013333,13.26146667,524.00,
19546,,,,,2019-07-23T16:22:03Z,46.76013333,13.26146667,524.00,
19547,,,,,2019-07-23T16:22:04Z,46.76013333,13.26146667,524.00,
19548,,,,,2019-07-23T16:22:05Z,46.76013333,13.26146667,524.00,
19549,,,,,2019-07-23T16:22:06Z,46.76013333,13.26146667,524.00,
19550,,,,,2019-07-23T16:22:07Z,46.76013333,13.26146667,524.00,
19551,,,,,2019-07-23T16:22:08Z,46.76013333,13.26146667,524.00,
19552,,,,,2019-07-23T16:22:09Z,46.76013333,13.26146667,524.00,
19553,,,,,2019-07-23T16:22:10Z,46.76013333,13.26146667,524.00,
19554,,,,,2019-07-23T16:22:11Z,46.76013333,13.26146667,524.00,
19555,,,,,2019-07-23T16:22:12Z,46.76013333,13.26146667,524.00,
19556,,,,,2019-07-23T16:22:13Z,46.76013333,13.26146667,524.00,
19557,,,,,2019-07-23T16:22:14Z,46.76013333,13.26146667,524.00,
19558,,,,,2019-07-23T16:22:15Z,46.76013333,13.26146667,524.00,
19559,,,,,2019-07-23T16:22:16Z,46.76013333,13.26146667,524.00,
19560,,,,,2019-07-23T16:22:17Z,46.76013333,13.26146667,524.00,
19561,,,,,2019-07-23T16:22:18Z,46.76013333,13.26146667,524.00,
19562,,,,,2019-07-23T16:22:19Z,46.76013333,13.26146667,524.00,
19563,,,,,2019-07-23T16:22:20Z,46.76013333,13.26146667,524.00,
19564,,,,,2019-07-23T16:22:21Z,46.76013333,13.26146667,524.00,
19565,,,,,2019-07-23T16:22:22Z,46.76013333,13.26146667,524.00,
19566,,,,,2019-07-23T16:22:23Z,46.76013333,13.26146667,524.00,
19567,,,,,2019-07-23T16:22:24Z,46.76013333,13.26146667,524.00,
19568,,,,,2019-07-23T16:22:25Z,46.76013333,13.26146667,524.00,
19569,,,,,2019-07-23T16:22:26Z,46.76013333,13.26146667,524.00,
19570,,,,,2019-07-23T16:22:27Z,46.76013333,13.26146667,524.00,
19571,,,,,2019-07-23T16:22:28Z,46.76013333,13.26146667,524.00,
19572,,,,,2019-07-23T16:22:29Z,46.76013333,13.26146667,524.00,
19573,,,,,2019-07-23T16:22:30Z,46.76013333,13.26146667,524.00,
19574,,,,,2019-07-23T16:22:31Z,46.76013333,13.26146667,524.00,
19575,,,,,2019-07-23T16:22:32Z,46.76013333,13.26146667,524.00,
19576,,,,,2019-07-23T16:22:33Z,46.76013333,13.26146667,524.00,
19577,,,,,2019-07-23T16:22:34Z,46.76013333,13.26146667,524.00,
19578,,,,,2019-07-23T16:22:35Z,46.76013333,13.26146667,524.00,
19579,,,,,2019-07-23T16:22:36Z,46.76013333,13.26146667,524.00,
19580,,,,,2019-07-23T16:22:37Z,46.76013333,13.26146667,524.00,
19581,,,,,2019-07-23T16:22:38Z,46.76013333,13.26146667,524.00,
19582,,,,,2019-07-23T16:22:39Z,46.76013333,13.26146667,524.00,
19583,,,,,2019-07-23T16:22:40Z,46.76013333,13.26146667,524.00,
19584,,,,,2019-07-23T16:22:41Z,46.76013333,13.26146667,524.00,
19585,,,,,2019-07-23T16:22:42Z,46.76013333,13.26146667,524.00,
19586,,,,,2019-07-23T16:22:43Z,46.76013333,13.26146667,524.00,
19587,,,,,2019-07-23T16:22:44Z,46.76013333,13.26146667,524.00,
19588,,,,,2019-07-23T16:22:45Z,46.76013333,13.26146667,524.00,
19589,,,,,2019-07-23T16:22:46Z,46.76013333,13.26146667,524.00,
19590,,,,,2019-07-23T16:22:47Z,46.76013333,13.26146667,524.00,
19591,,,,,2019-07-23T16:22:48Z,46.76013333,13.26146667,524.00,
19592,,,,,2019-07-23T16:22:49Z,46.76013333,13.26146667,524.00,
19593,,,,,2019-07-23T16:22:50Z,46.76013333,13.26146667,524.00,
19594,,,,,2019-07-23T16:22:51Z,46.76013333,13.26146667,524.00,
19595,,,,,2019-07-23T16:22:52Z,46.76013333,13.26146667,524.00,
19596,,,,,2019-07-23T16:22:53Z,46.76013333,13.26146667,524.00,
19597,,,,,2019-07-23T16:22:54Z,46.76013333,13.26146667,524.00,
19598,,,,,2019-07-23T16:22:55Z,46.76013333,13.26146667,524.00,
19599,,,,,2019-07-23T16:22:56Z,46.76013333,13.26146667,524.00,
19600,,,,,2019-07-23T16:22:57Z,46.76013333,13.26146667,524.00,
19601,,,,,2019-07-23T16:22:58Z,46.76013333,13.26146667,524.00,
19602,,,,,2019-07-23T16:22:59Z,46.76013333,13.26146667,524.00,
19603,,,,,2019-07-23T16:23:00Z,46.76013333,13.26146667,524.00,
19604,,,,,2019-07-23T16:23:01Z,46.76013333,13.26146667,524.00,
19605,,,,,2019-07-23T16:23:02Z,46.76013333,13.26146667,524.00,
19606,,,,,2019-07-23T16:23:03Z,46.76011667,13.26146667,524.00,
19607,,,,,2019-07-23T16:23:04Z,46.76011667,13.26146667,524.00,
19608,,,,,2019-07-23T16:23:05Z,46.76011667,13.26146667,524.00,
19609,,,,,2019-07-23T16:23:06Z,46.76011667,13.26146667,524.00,
19610,,,,,2019-07-23T16:23:07Z,46.76011667,13.26146667,524.00,
19611,,,,,2019-07-23T16:23:08Z,46.76011667,13.26146667,524.00,
19612,,,,,2019-07-23T16:23:09Z,46.76011667,13.26146667,524.00,
19613,,,,,2019-07-23T16:23:10Z,46.76011667,13.26146667,524.00,
19614,,,,,2019-07-23T16:23:11Z,46.76011667,13.26146667,524.00,
19615,,,,,2019-07-23T16:23:12Z,46.76011667,13.26146667,524.00,
19616,,,,,2019-07-23T16:23:13Z,46.76011667,13.26146667,524.00,
19617,,,,,2019-07-23T16:23:14Z,46.76011667,13.26146667,524.00,
19618,,,,,2019-07-23T16:23:15Z,46.76011667,13.26146667,524.00,
19619,,,,,2019-07-23T16:23:16Z,46.76011667,13.26146667,524.00,
19620,,,,,2019-07-23T16:23:17Z,46.76011667,13.26146667,524.00,
19621,,,,,2019-07-23T16:23:18Z,46.76011667,13.26146667,524.00,
19622,,,,,2019-07-23T16:23:19Z,46.76011667,13.26146667,524.00,
19623,,,,,2019-07-23T16:23:20Z,46.76011667,13.26146667,524.00,
19624,,,,,2019-07-23T16:23:21Z,46.76011667,13.26146667,524.00,
19625,,,,,2019-07-23T16:23:22Z,46.76011667,13.26146667,524.00,
19626,,,,,2019-07-23T16:23:23Z,46.76011667,13.26146667,524.00,
19627,,,,,2019-07-23T16:23:24Z,46.76011667,13.26146667,524.00,
19628,,,,,2019-07-23T16:23:25Z,46.76011667,13.26146667,524.00,
19629,,,,,2019-07-23T16:23:26Z,46.76011667,13.26146667,524.00,
19630,,,,,2019-07-23T16:23:27Z,46.76013333,13.26146667,524.00,
19631,,,,,2019-07-23T16:23:28Z,46.76013333,13.26146667,524.00,
19632,,,,,2019-07-23T16:23:29Z,46.76013333,13.26146667,524.00,
19633,,,,,2019-07-23T16:23:30Z,46.76013333,13.26146667,524.00,
19634,,,,,2019-07-23T16:23:31Z,46.76013333,13.26146667,524.00,
19635,,,,,2019-07-23T16:23:32Z,46.76013333,13.26146667,524.00,
19636,,,,,2019-07-23T16:23:33Z,46.76013333,13.26146667,524.00,
19637,,,,,2019-07-23T16:23:34Z,46.76013333,13.26146667,524.00,
19638,,,,,2019-07-23T16:23:35Z,46.76013333,13.26146667,524.00,
19639,,,,,2019-07-23T16:23:36Z,46.76013333,13.26146667,524.00,
19640,,,,,2019-07-23T16:23:37Z,46.76013333,13.26146667,524.00,
19641,,,,,2019-07-23T16:23:38Z,46.76013333,13.26146667,524.00,
19642,,,,,2019-07-23T16:23:39Z,46.76013333,13.26146667,524.00,
19643,,,,,2019-07-23T16:23:40Z,46.76013333,13.26146667,524.00,
19644,,,,,2019-07-23T16:23:41Z,46.76011667,13.26146667,524.00,
19645,,,,,2019-07-23T16:23:42Z,46.76011667,13.26146667,524.00,
19646,,,,,2019-07-23T16:23:43Z,46.76011667,13.26146667,524.00,
19647,,,,,2019-07-23T16:23:44Z,46.76011667,13.26146667,524.00,
19648,,,,,2019-07-23T16:23:45Z,46.76011667,13.26146667,524.00,
19649,,,,,2019-07-23T16:23:46Z,46.76011667,13.26146667,524.00,
19650,,,,,2019-07-23T16:23:47Z,46.76011667,13.26146667,524.00,
19651,,,,,2019-07-23T16:23:48Z,46.76011667,13.26146667,524.00,
19652,,,,,2019-07-23T16:23:49Z,46.76011667,13.26146667,524.00,
19653,,,,,2019-07-23T16:23:50Z,46.76011667,13.26146667,524.00,
19654,,,,,2019-07-23T16:23:51Z,46.76011667,13.26146667,524.00,
19655,,,,,2019-07-23T16:23:52Z,46.76011667,13.26146667,524.00,
19656,,,,,2019-07-23T16:23:53Z,46.76011667,13.26146667,524.00,
19657,,,,,2019-07-23T16:23:54Z,46.76011667,13.26146667,524.00,
19658,,,,,2019-07-23T16:23:55Z,46.76011667,13.26146667,524.00,
19659,,,,,2019-07-23T16:23:56Z,46.76011667,13.26146667,524.00,
19660,,,,,2019-07-23T16:23:57Z,46.76011667,13.26146667,524.00,
19661,,,,,2019-07-23T16:23:58Z,46.76011667,13.26146667,524.00,
19662,,,,,2019-07-23T16:23:59Z,46.76011667,13.26146667,524.00,
19663,,,,,2019-07-23T16:24:00Z,46.76011667,13.26146667,524.00,
19664,,,,,2019-07-23T16:24:01Z,46.76011667,13.26146667,524.00,
19665,,,,,2019-07-23T16:24:02Z,46.76011667,13.26146667,524.00,
19666,,,,,2019-07-23T16:24:03Z,46.76011667,13.26146667,524.00,
19667,,,,,2019-07-23T16:24:04Z,46.76011667,13.26146667,524.00,
19668,,,,,2019-07-23T16:24:05Z,46.76011667,13.26146667,524.00,
19669,,,,,2019-07-23T16:24:06Z,46.76011667,13.26146667,524.00,
19670,,,,,2019-07-23T16:24:07Z,46.76011667,13.26146667,524.00,
19671,,,,,2019-07-23T16:24:08Z,46.76011667,13.26146667,524.00,
19672,,,,,2019-07-23T16:24:09Z,46.76011667,13.26146667,525.00,
19673,,,,,2019-07-23T16:24:10Z,46.76011667,13.26146667,524.00,
19674,,,,,2019-07-23T16:24:11Z,46.76011667,13.26146667,524.00,
19675,,,,,2019-07-23T16:24:12Z,46.76011667,13.26146667,524.00,
19676,,,,,2019-07-23T16:24:13Z,46.76011667,13.26146667,524.00,
19677,,,,,2019-07-23T16:24:14Z,46.76011667,13.26146667,524.00,
19678,,,,,2019-07-23T16:24:15Z,46.76011667,13.26146667,525.00,
19679,,,,,2019-07-23T16:24:16Z,46.76011667,13.26146667,525.00,
19680,,,,,2019-07-23T16:24:17Z,46.76011667,13.26146667,524.00,
19681,,,,,2019-07-23T16:24:18Z,46.76011667,13.26146667,524.00,
19682,,,,,2019-07-23T16:24:19Z,46.76011667,13.26146667,524.00,
19683,,,,,2019-07-23T16:24:20Z,46.76011667,13.26146667,524.00,
19684,,,,,2019-07-23T16:24:21Z,46.76011667,13.26146667,525.00,
19685,,,,,2019-07-23T16:24:22Z,46.76011667,13.26146667,524.00,
19686,,,,,2019-07-23T16:24:23Z,46.76011667,13.26146667,524.00,
19687,,,,,2019-07-23T16:24:24Z,46.76011667,13.26146667,524.00,
19688,,,,,2019-07-23T16:24:25Z,46.76011667,13.26146667,524.00,
19689,,,,,2019-07-23T16:24:26Z,46.76011667,13.26146667,524.00,
19690,,,,,2019-07-23T16:24:27Z,46.76011667,13.26146667,524.00,
19691,,,,,2019-07-23T16:24:28Z,46.76011667,13.26146667,524.00,
19692,,,,,2019-07-23T16:24:29Z,46.76011667,13.26146667,524.00,
19693,,,,,2019-07-23T16:24:30Z,46.76011667,13.26146667,524.00,
19694,,,,,2019-07-23T16:24:31Z,46.76011667,13.26146667,524.00,
19695,,,,,2019-07-23T16:24:32Z,46.76011667,13.26146667,524.00,
19696,,,,,2019-07-23T16:24:33Z,46.76011667,13.26146667,525.00,
19697,,,,,2019-07-23T16:24:34Z,46.76011667,13.26146667,524.00,
19698,,,,,2019-07-23T16:24:35Z,46.76011667,13.26146667,524.00,
19699,,,,,2019-07-23T16:24:36Z,46.76011667,13.26146667,524.00,
19700,,,,,2019-07-23T16:24:37Z,46.76011667,13.26146667,524.00,
19701,,,,,2019-07-23T16:24:38Z,46.76011667,13.26146667,524.00,
19702,,,,,2019-07-23T16:24:39Z,46.76011667,13.26146667,524.00,
19703,,,,,2019-07-23T16:24:40Z,46.76011667,13.26146667,524.00,
19704,,,,,2019-07-23T16:24:41Z,46.76011667,13.26146667,524.00,
19705,,,,,2019-07-23T16:24:42Z,46.76011667,13.26146667,524.00,
19706,,,,,2019-07-23T16:24:43Z,46.76013333,13.26146667,524.00,
19707,,,,,2019-07-23T16:24:44Z,46.76013333,13.26146667,524.00,
19708,,,,,2019-07-23T16:24:45Z,46.76011667,13.26146667,524.00,
19709,,,,,2019-07-23T16:24:46Z,46.76011667,13.26146667,525.00,
19710,,,,,2019-07-23T16:24:47Z,46.76013333,13.26146667,525.00,
19711,,,,,2019-07-23T16:24:48Z,46.76013333,13.26146667,525.00,
19712,,,,,2019-07-23T16:24:49Z,46.76013333,13.26146667,524.00,
19713,,,,,2019-07-23T16:24:50Z,46.76013333,13.26146667,524.00,
19714,,,,,2019-07-23T16:24:51Z,46.76013333,13.26146667,524.00,
19715,,,,,2019-07-23T16:24:52Z,46.76013333,13.26146667,525.00,
19716,,,,,2019-07-23T16:24:53Z,46.76011667,13.26146667,525.00,
19717,,,,,2019-07-23T16:24:54Z,46.76011667,13.26146667,525.00,
19718,,,,,2019-07-23T16:24:55Z,46.76011667,13.26146667,524.00,
19719,,,,,2019-07-23T16:24:56Z,46.76011667,13.26146667,524.00,
19720,,,,,2019-07-23T16:24:57Z,46.76011667,13.26146667,524.00,
19721,,,,,2019-07-23T16:24:58Z,46.76011667,13.26146667,525.00,
19722,,,,,2019-07-23T16:24:59Z,46.76011667,13.26146667,525.00,
19723,,,,,2019-07-23T16:25:00Z,46.76011667,13.26146667,525.00,
19724,,,,,2019-07-23T16:25:01Z,46.76011667,13.26146667,524.00,
19725,,,,,2019-07-23T16:25:02Z,46.76011667,13.26146667,525.00,
19726,,,,,2019-07-23T16:25:03Z,46.76011667,13.26146667,525.00,
19727,,,,,2019-07-23T16:25:04Z,46.76011667,13.26146667,525.00,
19728,,,,,2019-07-23T16:25:05Z,46.76011667,13.26146667,525.00,
19729,,,,,2019-07-23T16:25:06Z,46.76013333,13.26146667,525.00,
19730,,,,,2019-07-23T16:25:07Z,46.76013333,13.26146667,525.00,
19731,,,,,2019-07-23T16:25:08Z,46.76013333,13.26146667,525.00,
19732,,,,,2019-07-23T16:25:09Z,46.76013333,13.26146667,525.00,
19733,,,,,2019-07-23T16:25:10Z,46.76013333,13.26146667,525.00,
19734,,,,,2019-07-23T16:25:11Z,46.76011667,13.26146667,525.00,
19735,,,,,2019-07-23T16:25:12Z,46.76011667,13.26146667,525.00,
19736,,,,,2019-07-23T16:25:13Z,46.76011667,13.26146667,524.00,
19737,,,,,2019-07-23T16:25:14Z,46.76011667,13.26146667,524.00,
19738,,,,,2019-07-23T16:25:15Z,46.76013333,13.26146667,524.00,
19739,,,,,2019-07-23T16:25:16Z,46.76013333,13.26146667,524.00,
19740,,,,,2019-07-23T16:25:17Z,46.76013333,13.26146667,525.00,
19741,,,,,2019-07-23T16:25:18Z,46.76013333,13.26146667,525.00,
19742,,,,,2019-07-23T16:25:19Z,46.76013333,13.26146667,525.00,
19743,,,,,2019-07-23T16:25:20Z,46.76013333,13.26146667,525.00,
19744,,,,,2019-07-23T16:25:21Z,46.76013333,13.26146667,525.00,
19745,,,,,2019-07-23T16:25:22Z,46.76013333,13.26146667,525.00,
19746,,,,,2019-07-23T16:25:23Z,46.76011667,13.26146667,525.00,
19747,,,,,2019-07-23T16:25:24Z,46.76013333,13.26146667,525.00,
19748,,,,,2019-07-23T16:25:25Z,46.76013333,13.26146667,525.00,
19749,,,,,2019-07-23T16:25:26Z,46.76013333,13.26146667,525.00,
19750,,,,,2019-07-23T16:25:27Z,46.76013333,13.26146667,525.00,
19751,,,,,2019-07-23T16:25:28Z,46.76013333,13.26146667,525.00,
19752,,,,,2019-07-23T16:25:29Z,46.76013333,13.26146667,525.00,
19753,,,,,2019-07-23T16:25:30Z,46.76013333,13.26146667,525.00,
19754,,,,,2019-07-23T16:25:31Z,46.76013333,13.26146667,525.00,
19755,,,,,2019-07-23T16:25:32Z,46.76013333,13.26146667,525.00,
19756,,,,,2019-07-23T16:25:33Z,46.76013333,13.26146667,525.00,
19757,,,,,2019-07-23T16:25:34Z,46.76013333,13.26146667,525.00,
19758,,,,,2019-07-23T16:25:35Z,46.76013333,13.26146667,525.00,
19759,,,,,2019-07-23T16:25:36Z,46.76013333,13.26146667,525.00,
19760,,,,,2019-07-23T16:25:37Z,46.76013333,13.26146667,525.00,
19761,,,,,2019-07-23T16:25:38Z,46.76013333,13.26146667,525.00,
19762,,,,,2019-07-23T16:25:39Z,46.76013333,13.26146667,524.00,
19763,,,,,2019-07-23T16:25:40Z,46.76013333,13.26146667,524.00,
19764,,,,,2019-07-23T16:25:41Z,46.76013333,13.26146667,524.00,
19765,,,,,2019-07-23T16:25:42Z,46.76013333,13.26146667,524.00,
19766,,,,,2019-07-23T16:25:43Z,46.76013333,13.26146667,524.00,
19767,,,,,2019-07-23T16:25:44Z,46.76013333,13.26148333,524.00,
19768,,,,,2019-07-23T16:25:45Z,46.76013333,13.26148333,525.00,
19769,,,,,2019-07-23T16:25:46Z,46.76013333,13.26148333,525.00,
19770,,,,,2019-07-23T16:25:47Z,46.76013333,13.26148333,525.00,
19771,,,,,2019-07-23T16:25:48Z,46.76013333,13.26148333,525.00,
19772,,,,,2019-07-23T16:25:49Z,46.76013333,13.26148333,525.00,
19773,,,,,2019-07-23T16:25:50Z,46.76013333,13.26148333,524.00,
19774,,,,,2019-07-23T16:25:51Z,46.76013333,13.26148333,524.00,
19775,,,,,2019-07-23T16:25:52Z,46.76013333,13.26148333,524.00,
19776,,,,,2019-07-23T16:25:53Z,46.76013333,13.26148333,525.00,
19777,,,,,2019-07-23T16:25:54Z,46.76013333,13.26148333,525.00,
19778,,,,,2019-07-23T16:25:55Z,46.76013333,13.26148333,525.00,
19779,,,,,2019-07-23T16:25:56Z,46.76013333,13.26148333,525.00,
19780,,,,,2019-07-23T16:25:57Z,46.76013333,13.26148333,525.00,
19781,,,,,2019-07-23T16:25:58Z,46.76013333,13.26148333,524.00,
19782,,,,,2019-07-23T16:25:59Z,46.76013333,13.26148333,525.00,
19783,,,,,2019-07-23T16:26:00Z,46.76013333,13.26148333,525.00,
19784,,,,,2019-07-23T16:26:01Z,46.76013333,13.26148333,525.00,
19785,,,,,2019-07-23T16:26:02Z,46.76013333,13.26148333,525.00,
19786,,,,,2019-07-23T16:26:03Z,46.76013333,13.26148333,525.00,
19787,,,,,2019-07-23T16:26:04Z,46.76013333,13.26148333,525.00,
19788,,,,,2019-07-23T16:26:05Z,46.76013333,13.26146667,525.00,
19789,,,,,2019-07-23T16:26:06Z,46.76013333,13.26146667,525.00,
19790,,,,,2019-07-23T16:26:07Z,46.76013333,13.26146667,524.00,
19791,,,,,2019-07-23T16:26:08Z,46.76013333,13.26146667,524.00,
19792,,,,,2019-07-23T16:26:09Z,46.76013333,13.26146667,525.00,
19793,,,,,2019-07-23T16:26:10Z,46.76013333,13.26146667,525.00,
19794,,,,,2019-07-23T16:26:11Z,46.76013333,13.26146667,524.00,
19795,,,,,2019-07-23T16:26:12Z,46.76013333,13.26146667,524.00,
19796,,,,,2019-07-23T16:26:13Z,46.76013333,13.26146667,524.00,
19797,,,,,2019-07-23T16:26:14Z,46.76013333,13.26146667,524.00,
19798,,,,,2019-07-23T16:26:15Z,46.76013333,13.26146667,524.00,
19799,,,,,2019-07-23T16:26:16Z,46.76013333,13.26146667,524.00,
19800,,,,,2019-07-23T16:26:17Z,46.76013333,13.26146667,524.00,
19801,,,,,2019-07-23T16:26:18Z,46.76013333,13.26148333,524.00,
19802,,,,,2019-07-23T16:26:19Z,46.76013333,13.26148333,524.00,
19803,,,,,2019-07-23T16:26:20Z,46.76013333,13.26148333,524.00,
19804,,,,,2019-07-23T16:26:21Z,46.76013333,13.26148333,524.00,
19805,,,,,2019-07-23T16:26:22Z,46.76013333,13.26148333,524.00,
19806,,,,,2019-07-23T16:26:23Z,46.76013333,13.26146667,524.00,
19807,,,,,2019-07-23T16:26:24Z,46.76013333,13.26146667,524.00,
19808,,,,,2019-07-23T16:26:25Z,46.76013333,13.26146667,524.00,
19809,,,,,2019-07-23T16:26:26Z,46.76013333,13.26146667,524.00,
19810,,,,,2019-07-23T16:26:27Z,46.76013333,13.26148333,524.00,
19811,,,,,2019-07-23T16:26:28Z,46.76013333,13.26148333,524.00,
19812,,,,,2019-07-23T16:26:29Z,46.76013333,13.26148333,524.00,
19813,,,,,2019-07-23T16:26:30Z,46.76013333,13.26148333,524.00,
19814,,,,,2019-07-23T16:26:31Z,46.76013333,13.26148333,524.00,
19815,,,,,2019-07-23T16:26:32Z,46.76013333,13.26148333,524.00,
19816,,,,,2019-07-23T16:26:33Z,46.76013333,13.26148333,524.00,
19817,,,,,2019-07-23T16:26:34Z,46.76013333,13.26148333,524.00,
19818,,,,,2019-07-23T16:26:35Z,46.76013333,13.26148333,524.00,
19819,,,,,2019-07-23T16:26:36Z,46.76013333,13.26148333,524.00,
19820,,,,,2019-07-23T16:26:37Z,46.76013333,13.26148333,524.00,
19821,,,,,2019-07-23T16:26:38Z,46.76013333,13.26148333,524.00,
19822,,,,,2019-07-23T16:26:39Z,46.76013333,13.26148333,524.00,
19823,,,,,2019-07-23T16:26:40Z,46.76013333,13.26148333,524.00,
19824,,,,,2019-07-23T16:26:41Z,46.76013333,13.26148333,524.00,
19825,,,,,2019-07-23T16:26:42Z,46.76013333,13.26148333,524.00,
19826,,,,,2019-07-23T16:26:43Z,46.76013333,13.26148333,524.00,
19827,,,,,2019-07-23T16:26:44Z,46.76013333,13.26146667,524.00,
19828,,,,,2019-07-23T16:26:45Z,46.76013333,13.26146667,523.00,
19829,,,,,2019-07-23T16:26:46Z,46.76013333,13.26146667,524.00,
19830,,,,,2019-07-23T16:26:47Z,46.76013333,13.26146667,525.00,
19831,,,,,2019-07-23T16:26:48Z,46.76013333,13.26145000,525.00,
19832,,,,,2019-07-23T16:26:49Z,46.76013333,13.26145000,525.00,
19833,,,,,2019-07-23T16:26:50Z,46.76013333,13.26145000,524.00,
19834,,,,,2019-07-23T16:26:51Z,46.76013333,13.26145000,524.00,
19835,,,,,2019-07-23T16:26:52Z,46.76013333,13.26145000,524.00,
19836,,,,,2019-07-23T16:26:53Z,46.76013333,13.26146667,524.00,
19837,,,,,2019-07-23T16:26:54Z,46.76013333,13.26146667,524.00,
19838,,,,,2019-07-23T16:26:55Z,46.76015000,13.26146667,524.00,
19839,,,,,2019-07-23T16:26:56Z,46.76015000,13.26146667,524.00,
19840,,,,,2019-07-23T16:26:57Z,46.76015000,13.26146667,525.00,
19841,,,,,2019-07-23T16:26:58Z,46.76015000,13.26146667,525.00,
19842,,,,,2019-07-23T16:26:59Z,46.76015000,13.26146667,525.00,
19843,,,,,2019-07-23T16:27:00Z,46.76015000,13.26146667,525.00,
19844,,,,,2019-07-23T16:27:01Z,46.76015000,13.26146667,525.00,
19845,,,,,2019-07-23T16:27:02Z,46.76015000,13.26146667,525.00,
19846,,,,,2019-07-23T16:27:03Z,46.76015000,13.26146667,524.00,
19847,,,,,2019-07-23T16:27:04Z,46.76015000,13.26146667,524.00,
19848,,,,,2019-07-23T16:27:05Z,46.76015000,13.26146667,524.00,
19849,,,,,2019-07-23T16:27:06Z,46.76015000,13.26146667,525.00,
19850,,,,,2019-07-23T16:27:07Z,46.76015000,13.26146667,525.00,
19851,,,,,2019-07-23T16:27:08Z,46.76015000,13.26146667,525.00,
19852,,,,,2019-07-23T16:27:09Z,46.76015000,13.26146667,525.00,
19853,,,,,2019-07-23T16:27:10Z,46.76015000,13.26146667,524.00,
19854,,,,,2019-07-23T16:27:11Z,46.76015000,13.26146667,524.00,
19855,,,,,2019-07-23T16:27:12Z,46.76015000,13.26146667,524.00,
19856,,,,,2019-07-23T16:27:13Z,46.76015000,13.26146667,525.00,
19857,,,,,2019-07-23T16:27:14Z,46.76015000,13.26146667,525.00,
19858,,,,,2019-07-23T16:27:15Z,46.76015000,13.26146667,525.00,
19859,,,,,2019-07-23T16:27:16Z,46.76015000,13.26146667,524.00,
19860,,,,,2019-07-23T16:27:17Z,46.76015000,13.26146667,524.00,
19861,,,,,2019-07-23T16:27:18Z,46.76015000,13.26146667,524.00,
19862,,,,,2019-07-23T16:27:19Z,46.76015000,13.26146667,524.00,
19863,,,,,2019-07-23T16:27:20Z,46.76015000,13.26146667,524.00,
19864,,,,,2019-07-23T16:27:21Z,46.76015000,13.26146667,524.00,
19865,,,,,2019-07-23T16:27:22Z,46.76015000,13.26146667,524.00,
19866,,,,,2019-07-23T16:27:23Z,46.76015000,13.26148333,524.00,
19867,,,,,2019-07-23T16:27:24Z,46.76015000,13.26148333,524.00,
19868,,,,,2019-07-23T16:27:25Z,46.76015000,13.26148333,524.00,
19869,,,,,2019-07-23T16:27:26Z,46.76015000,13.26148333,525.00,
19870,,,,,2019-07-23T16:27:27Z,46.76015000,13.26148333,525.00,
19871,,,,,2019-07-23T16:27:28Z,46.76015000,13.26148333,525.00,
19872,,,,,2019-07-23T16:27:29Z,46.76015000,13.26148333,525.00,
19873,,,,,2019-07-23T16:27:30Z,46.76015000,13.26148333,525.00,
19874,,,,,2019-07-23T16:27:31Z,46.76015000,13.26148333,525.00,
19875,,,,,2019-07-23T16:27:32Z,46.76015000,13.26148333,525.00,
19876,,,,,2019-07-23T16:27:33Z,46.76015000,13.26148333,524.00,
19877,,,,,2019-07-23T16:27:34Z,46.76015000,13.26148333,525.00,
19878,,,,,2019-07-23T16:27:35Z,46.76015000,13.26148333,525.00,
19879,,,,,2019-07-23T16:27:36Z,46.76015000,13.26148333,525.00,
19880,,,,,2019-07-23T16:27:37Z,46.76015000,13.26148333,524.00,
19881,,,,,2019-07-23T16:27:38Z,46.76015000,13.26148333,524.00,
19882,,,,,2019-07-23T16:27:39Z,46.76015000,13.26148333,524.00,
19883,,,,,2019-07-23T16:27:40Z,46.76015000,13.26148333,524.00,
19884,,,,,2019-07-23T16:27:41Z,46.76015000,13.26148333,524.00,
19885,,,,,2019-07-23T16:27:42Z,46.76015000,13.26148333,525.00,
19886,,,,,2019-07-23T16:27:43Z,46.76015000,13.26148333,525.00,
19887,,,,,2019-07-23T16:27:44Z,46.76015000,13.26148333,525.00,
19888,,,,,2019-07-23T16:27:45Z,46.76015000,13.26148333,525.00,
19889,,,,,2019-07-23T16:27:46Z,46.76015000,13.26148333,525.00,
19890,,,,,2019-07-23T16:27:47Z,46.76015000,13.26148333,525.00,
19891,,,,,2019-07-23T16:27:48Z,46.76015000,13.26148333,525.00,
19892,,,,,2019-07-23T16:27:49Z,46.76015000,13.26148333,525.00,
19893,,,,,2019-07-23T16:27:50Z,46.76015000,13.26148333,524.00,
19894,,,,,2019-07-23T16:27:51Z,46.76015000,13.26148333,524.00,
19895,,,,,2019-07-23T16:27:52Z,46.76015000,13.26148333,525.00,
19896,,,,,2019-07-23T16:27:53Z,46.76015000,13.26148333,524.00,
19897,,,,,2019-07-23T16:27:54Z,46.76015000,13.26148333,524.00,
19898,,,,,2019-07-23T16:27:55Z,46.76015000,13.26148333,524.00,
19899,,,,,2019-07-23T16:27:56Z,46.76015000,13.26148333,524.00,
19900,,,,,2019-07-23T16:27:57Z,46.76015000,13.26148333,524.00,
19901,,,,,2019-07-23T16:27:58Z,46.76015000,13.26148333,524.00,
19902,,,,,2019-07-23T16:27:59Z,46.76015000,13.26148333,525.00,
19903,,,,,2019-07-23T16:28:00Z,46.76015000,13.26148333,524.00,
19904,,,,,2019-07-23T16:28:01Z,46.76015000,13.26148333,525.00,
19905,,,,,2019-07-23T16:28:02Z,46.76015000,13.26148333,524.00,
19906,,,,,2019-07-23T16:28:03Z,46.76015000,13.26148333,524.00,
19907,,,,,2019-07-23T16:28:04Z,46.76015000,13.26148333,524.00,
19908,,,,,2019-07-23T16:28:05Z,46.76015000,13.26148333,524.00,
19909,,,,,2019-07-23T16:28:06Z,46.76015000,13.26148333,524.00,
19910,,,,,2019-07-23T16:28:07Z,46.76015000,13.26148333,524.00,
19911,,,,,2019-07-23T16:28:08Z,46.76015000,13.26148333,524.00,
19912,,,,,2019-07-23T16:28:09Z,46.76015000,13.26148333,524.00,
19913,,,,,2019-07-23T16:28:10Z,46.76015000,13.26148333,524.00,
19914,,,,,2019-07-23T16:28:11Z,46.76015000,13.26148333,524.00,
19915,,,,,2019-07-23T16:28:12Z,46.76015000,13.26148333,524.00,
19916,,,,,2019-07-23T16:28:13Z,46.76015000,13.26148333,524.00,
19917,,,,,2019-07-23T16:28:14Z,46.76015000,13.26148333,524.00,
19918,,,,,2019-07-23T16:28:15Z,46.76015000,13.26148333,524.00,
19919,,,,,2019-07-23T16:28:16Z,46.76015000,13.26148333,524.00,
19920,,,,,2019-07-23T16:28:17Z,46.76015000,13.26148333,524.00,
19921,,,,,2019-07-23T16:28:18Z,46.76015000,13.26148333,524.00,
19922,,,,,2019-07-23T16:28:19Z,46.76015000,13.26148333,524.00,
19923,,,,,2019-07-23T16:28:20Z,46.76015000,13.26148333,524.00,
19924,,,,,2019-07-23T16:28:21Z,46.76015000,13.26148333,524.00,
19925,,,,,2019-07-23T16:28:22Z,46.76015000,13.26148333,524.00,
19926,,,,,2019-07-23T16:28:23Z,46.76015000,13.26148333,524.00,
19927,,,,,2019-07-23T16:28:24Z,46.76015000,13.26148333,524.00,
19928,,,,,2019-07-23T16:28:25Z,46.76015000,13.26148333,524.00,
19929,,,,,2019-07-23T16:28:26Z,46.76015000,13.26148333,524.00,
19930,,,,,2019-07-23T16:28:27Z,46.76015000,13.26148333,524.00,
19931,,,,,2019-07-23T16:28:28Z,46.76015000,13.26148333,524.00,
19932,,,,,2019-07-23T16:28:29Z,46.76015000,13.26148333,524.00,
19933,,,,,2019-07-23T16:28:30Z,46.76015000,13.26148333,524.00,
19934,,,,,2019-07-23T16:28:31Z,46.76015000,13.26148333,524.00,
19935,,,,,2019-07-23T16:28:32Z,46.76015000,13.26148333,524.00,
19936,,,,,2019-07-23T16:28:33Z,46.76015000,13.26148333,524.00,
19937,,,,,2019-07-23T16:28:34Z,46.76015000,13.26148333,524.00,
19938,,,,,2019-07-23T16:28:35Z,46.76015000,13.26148333,524.00,
19939,,,,,2019-07-23T16:28:36Z,46.76015000,13.26148333,524.00,
19940,,,,,2019-07-23T16:28:37Z,46.76015000,13.26148333,524.00,
19941,,,,,2019-07-23T16:28:38Z,46.76015000,13.26148333,524.00,
19942,,,,,2019-07-23T16:28:39Z,46.76015000,13.26148333,524.00,
19943,,,,,2019-07-23T16:28:40Z,46.76015000,13.26148333,524.00,
19944,,,,,2019-07-23T16:28:41Z,46.76015000,13.26148333,524.00,
19945,,,,,2019-07-23T16:28:42Z,46.76015000,13.26148333,524.00,
19946,,,,,2019-07-23T16:28:43Z,46.76015000,13.26148333,524.00,
19947,,,,,2019-07-23T16:28:44Z,46.76015000,13.26148333,524.00,
19948,,,,,2019-07-23T16:28:45Z,46.76015000,13.26148333,524.00,
19949,,,,,2019-07-23T16:28:46Z,46.76015000,13.26148333,524.00,
19950,,,,,2019-07-23T16:28:47Z,46.76015000,13.26148333,524.00,
19951,,,,,2019-07-23T16:28:48Z,46.76015000,13.26148333,524.00,
19952,,,,,2019-07-23T16:28:49Z,46.76015000,13.26148333,524.00,
19953,,,,,2019-07-23T16:28:50Z,46.76015000,13.26148333,524.00,
19954,,,,,2019-07-23T16:28:51Z,46.76015000,13.26148333,524.00,
19955,,,,,2019-07-23T16:28:52Z,46.76015000,13.26148333,524.00,
19956,,,,,2019-07-23T16:28:53Z,46.76015000,13.26148333,524.00,
19957,,,,,2019-07-23T16:28:54Z,46.76015000,13.26148333,524.00,
19958,,,,,2019-07-23T16:28:55Z,46.76015000,13.26148333,524.00,
19959,,,,,2019-07-23T16:28:56Z,46.76015000,13.26148333,524.00,
19960,,,,,2019-07-23T16:28:57Z,46.76015000,13.26148333,524.00,
19961,,,,,2019-07-23T16:28:58Z,46.76015000,13.26148333,524.00,
19962,,,,,2019-07-23T16:28:59Z,46.76015000,13.26148333,524.00,
19963,,,,,2019-07-23T16:29:00Z,46.76015000,13.26148333,524.00,
19964,,,,,2019-07-23T16:29:01Z,46.76015000,13.26148333,524.00,
19965,,,,,2019-07-23T16:29:02Z,46.76015000,13.26148333,524.00,
19966,,,,,2019-07-23T16:29:03Z,46.76015000,13.26148333,524.00,
19967,,,,,2019-07-23T16:29:04Z,46.76015000,13.26148333,524.00,
19968,,,,,2019-07-23T16:29:05Z,46.76015000,13.26148333,524.00,
19969,,,,,2019-07-23T16:29:06Z,46.76015000,13.26148333,524.00,
19970,,,,,2019-07-23T16:29:07Z,46.76015000,13.26148333,524.00,
19971,,,,,2019-07-23T16:29:08Z,46.76015000,13.26148333,524.00,
19972,,,,,2019-07-23T16:29:09Z,46.76015000,13.26148333,524.00,
19973,,,,,2019-07-23T16:29:10Z,46.76015000,13.26148333,524.00,
19974,,,,,2019-07-23T16:29:11Z,46.76015000,13.26148333,524.00,
19975,,,,,2019-07-23T16:29:12Z,46.76015000,13.26148333,524.00,
19976,,,,,2019-07-23T16:29:13Z,46.76015000,13.26148333,524.00,
19977,,,,,2019-07-23T16:29:14Z,46.76015000,13.26148333,524.00,
19978,,,,,2019-07-23T16:29:15Z,46.76015000,13.26148333,524.00,
19979,,,,,2019-07-23T16:29:16Z,46.76015000,13.26148333,524.00,
19980,,,,,2019-07-23T16:29:17Z,46.76015000,13.26148333,524.00,
19981,,,,,2019-07-23T16:29:18Z,46.76015000,13.26148333,524.00,
19982,,,,,2019-07-23T16:29:19Z,46.76015000,13.26148333,524.00,
19983,,,,,2019-07-23T16:29:20Z,46.76015000,13.26148333,524.00,
19984,,,,,2019-07-23T16:29:21Z,46.76015000,13.26148333,524.00,
19985,,,,,2019-07-23T16:29:22Z,46.76015000,13.26148333,525.00,
19986,,,,,2019-07-23T16:29:23Z,46.76015000,13.26148333,524.00,
19987,,,,,2019-07-23T16:29:24Z,46.76015000,13.26148333,524.00,
19988,,,,,2019-07-23T16:29:25Z,46.76015000,13.26148333,524.00,
19989,,,,,2019-07-23T16:29:26Z,46.76015000,13.26148333,524.00,
19990,,,,,2019-07-23T16:29:27Z,46.76015000,13.26148333,524.00,
19991,,,,,2019-07-23T16:29:28Z,46.76015000,13.26148333,524.00,
19992,,,,,2019-07-23T16:29:29Z,46.76015000,13.26146667,525.00,
19993,,,,,2019-07-23T16:29:30Z,46.76015000,13.26148333,524.00,
19994,,,,,2019-07-23T16:29:31Z,46.76015000,13.26148333,524.00,
19995,,,,,2019-07-23T16:29:32Z,46.76015000,13.26148333,524.00,
19996,,,,,2019-07-23T16:29:33Z,46.76015000,13.26148333,524.00,
19997,,,,,2019-07-23T16:29:34Z,46.76015000,13.26148333,524.00,
19998,,,,,2019-07-23T16:29:35Z,46.76015000,13.26148333,524.00,
19999,,,,,2019-07-23T16:29:36Z,46.76015000,13.26148333,524.00,
20000,,,,,2019-07-23T16:29:37Z,46.76015000,13.26148333,524.00,
20001,,,,,2019-07-23T16:29:38Z,46.76015000,13.26148333,524.00,
20002,,,,,2019-07-23T16:29:39Z,46.76015000,13.26148333,524.00,
20003,,,,,2019-07-23T16:29:40Z,46.76015000,13.26148333,524.00,
20004,,,,,2019-07-23T16:29:41Z,46.76015000,13.26148333,524.00,
20005,,,,,2019-07-23T16:29:42Z,46.76015000,13.26148333,524.00,
20006,,,,,2019-07-23T16:29:43Z,46.76015000,13.26148333,524.00,
20007,,,,,2019-07-23T16:29:44Z,46.76015000,13.26148333,524.00,
20008,,,,,2019-07-23T16:29:45Z,46.76015000,13.26150000,524.00,
20009,,,,,2019-07-23T16:29:46Z,46.76015000,13.26148333,524.00,
20010,,,,,2019-07-23T16:29:47Z,46.76015000,13.26148333,524.00,
20011,,,,,2019-07-23T16:29:48Z,46.76015000,13.26150000,524.00,
20012,,,,,2019-07-23T16:29:49Z,46.76015000,13.26150000,524.00,
20013,,,,,2019-07-23T16:29:50Z,46.76015000,13.26150000,524.00,
20014,,,,,2019-07-23T16:29:51Z,46.76015000,13.26150000,524.00,
20015,,,,,2019-07-23T16:29:52Z,46.76015000,13.26150000,524.00,
20016,,,,,2019-07-23T16:29:53Z,46.76015000,13.26150000,524.00,
20017,,,,,2019-07-23T16:29:54Z,46.76015000,13.26150000,524.00,
20018,,,,,2019-07-23T16:29:55Z,46.76015000,13.26150000,524.00,
20019,,,,,2019-07-23T16:29:56Z,46.76015000,13.26150000,524.00,
20020,,,,,2019-07-23T16:29:57Z,46.76015000,13.26150000,524.00,
20021,,,,,2019-07-23T16:29:58Z,46.76015000,13.26150000,524.00,
20022,,,,,2019-07-23T16:29:59Z,46.76015000,13.26150000,524.00,
20023,,,,,2019-07-23T16:30:00Z,46.76015000,13.26150000,524.00,
20024,,,,,2019-07-23T16:30:01Z,46.76015000,13.26150000,524.00,
20025,,,,,2019-07-23T16:30:02Z,46.76015000,13.26150000,524.00,
20026,,,,,2019-07-23T16:30:03Z,46.76015000,13.26150000,524.00,
20027,,,,,2019-07-23T16:30:04Z,46.76015000,13.26150000,524.00,
20028,,,,,2019-07-23T16:30:05Z,46.76015000,13.26150000,524.00,
20029,,,,,2019-07-23T16:30:06Z,46.76015000,13.26150000,524.00,
20030,,,,,2019-07-23T16:30:07Z,46.76015000,13.26150000,524.00,
20031,,,,,2019-07-23T16:30:08Z,46.76015000,13.26150000,524.00,
20032,,,,,2019-07-23T16:30:09Z,46.76015000,13.26150000,524.00,
20033,,,,,2019-07-23T16:30:10Z,46.76015000,13.26150000,524.00,
20034,,,,,2019-07-23T16:30:11Z,46.76016667,13.26150000,524.00,
20035,,,,,2019-07-23T16:30:12Z,46.76016667,13.26150000,524.00,
20036,,,,,2019-07-23T16:30:13Z,46.76016667,13.26150000,524.00,
20037,,,,,2019-07-23T16:30:14Z,46.76016667,13.26150000,524.00,
20038,,,,,2019-07-23T16:30:15Z,46.76016667,13.26150000,524.00,
20039,,,,,2019-07-23T16:30:16Z,46.76016667,13.26150000,524.00,
20040,,,,,2019-07-23T16:30:17Z,46.76016667,13.26150000,524.00,
20041,,,,,2019-07-23T16:30:18Z,46.76016667,13.26150000,524.00,
20042,,,,,2019-07-23T16:30:19Z,46.76016667,13.26150000,524.00,
20043,,,,,2019-07-23T16:30:20Z,46.76016667,13.26150000,524.00,
20044,,,,,2019-07-23T16:30:21Z,46.76016667,13.26150000,524.00,
20045,,,,,2019-07-23T16:30:22Z,46.76016667,13.26150000,524.00,
20046,,,,,2019-07-23T16:30:23Z,46.76016667,13.26150000,524.00,
20047,,,,,2019-07-23T16:30:24Z,46.76016667,13.26150000,524.00,
20048,,,,,2019-07-23T16:30:25Z,46.76016667,13.26150000,523.00,
20049,,,,,2019-07-23T16:30:26Z,46.76016667,13.26150000,523.00,
20050,,,,,2019-07-23T16:30:27Z,46.76016667,13.26150000,523.00,
20051,,,,,2019-07-23T16:30:28Z,46.76016667,13.26150000,523.00,
20052,,,,,2019-07-23T16:30:29Z,46.76016667,13.26150000,523.00,
20053,,,,,2019-07-23T16:30:30Z,46.76016667,13.26150000,524.00,
20054,,,,,2019-07-23T16:30:31Z,46.76016667,13.26150000,524.00,
20055,,,,,2019-07-23T16:30:32Z,46.76016667,13.26150000,523.00,
20056,,,,,2019-07-23T16:30:33Z,46.76016667,13.26150000,523.00,
20057,,,,,2019-07-23T16:30:34Z,46.76016667,13.26150000,524.00,
20058,,,,,2019-07-23T16:30:35Z,46.76016667,13.26150000,524.00,
20059,,,,,2019-07-23T16:30:36Z,46.76016667,13.26150000,524.00,
20060,,,,,2019-07-23T16:30:37Z,46.76016667,13.26150000,524.00,
20061,,,,,2019-07-23T16:30:38Z,46.76016667,13.26150000,524.00,
20062,,,,,2019-07-23T16:30:39Z,46.76016667,13.26150000,524.00,
20063,,,,,2019-07-23T16:30:40Z,46.76016667,13.26150000,524.00,
20064,,,,,2019-07-23T16:30:41Z,46.76016667,13.26150000,524.00,
20065,,,,,2019-07-23T16:30:42Z,46.76016667,13.26150000,524.00,
20066,,,,,2019-07-23T16:30:43Z,46.76016667,13.26150000,524.00,
20067,,,,,2019-07-23T16:30:44Z,46.76016667,13.26150000,524.00,
20068,,,,,2019-07-23T16:30:45Z,46.76016667,13.26150000,524.00,
20069,,,,,2019-07-23T16:30:46Z,46.76016667,13.26150000,524.00,
20070,,,,,2019-07-23T16:30:47Z,46.76016667,13.26150000,524.00,
20071,,,,,2019-07-23T16:30:48Z,46.76016667,13.26150000,524.00,
20072,,,,,2019-07-23T16:30:49Z,46.76016667,13.26150000,524.00,
20073,,,,,2019-07-23T16:30:50Z,46.76016667,13.26150000,524.00,
20074,,,,,2019-07-23T16:30:51Z,46.76016667,13.26150000,524.00,
20075,,,,,2019-07-23T16:30:52Z,46.76016667,13.26150000,524.00,
20076,,,,,2019-07-23T16:30:53Z,46.76016667,13.26150000,524.00,
20077,,,,,2019-07-23T16:30:54Z,46.76016667,13.26150000,524.00,
20078,,,,,2019-07-23T16:30:55Z,46.76016667,13.26150000,523.00,
20079,,,,,2019-07-23T16:30:56Z,46.76016667,13.26150000,523.00,
20080,,,,,2019-07-23T16:30:57Z,46.76016667,13.26150000,523.00,
20081,,,,,2019-07-23T16:30:58Z,46.76016667,13.26150000,523.00,
20082,,,,,2019-07-23T16:30:59Z,46.76016667,13.26150000,523.00,
20083,,,,,2019-07-23T16:31:00Z,46.76016667,13.26150000,523.00,
20084,,,,,2019-07-23T16:31:01Z,46.76016667,13.26150000,523.00,
20085,,,,,2019-07-23T16:31:02Z,46.76016667,13.26150000,523.00,
20086,,,,,2019-07-23T16:31:03Z,46.76016667,13.26150000,523.00,
20087,,,,,2019-07-23T16:31:04Z,46.76016667,13.26150000,523.00,
20088,,,,,2019-07-23T16:31:05Z,46.76016667,13.26150000,524.00,
20089,,,,,2019-07-23T16:31:06Z,46.76016667,13.26150000,524.00,
20090,,,,,2019-07-23T16:31:07Z,46.76016667,13.26150000,524.00,
20091,,,,,2019-07-23T16:31:08Z,46.76016667,13.26150000,524.00,
20092,,,,,2019-07-23T16:31:09Z,46.76016667,13.26151667,524.00,
20093,,,,,2019-07-23T16:31:10Z,46.76016667,13.26151667,524.00,
20094,,,,,2019-07-23T16:31:11Z,46.76016667,13.26151667,524.00,
20095,,,,,2019-07-23T16:31:12Z,46.76016667,13.26151667,524.00,
20096,,,,,2019-07-23T16:31:13Z,46.76016667,13.26151667,524.00,
20097,,,,,2019-07-23T16:31:14Z,46.76016667,13.26151667,524.00,
20098,,,,,2019-07-23T16:31:15Z,46.76016667,13.26151667,524.00,
20099,,,,,2019-07-23T16:31:16Z,46.76016667,13.26151667,524.00,
20100,,,,,2019-07-23T16:31:17Z,46.76016667,13.26151667,524.00,
20101,,,,,2019-07-23T16:31:18Z,46.76016667,13.26151667,524.00,
20102,,,,,2019-07-23T16:31:19Z,46.76016667,13.26151667,524.00,
20103,,,,,2019-07-23T16:31:20Z,46.76016667,13.26151667,524.00,
20104,,,,,2019-07-23T16:31:21Z,46.76016667,13.26151667,524.00,
20105,,,,,2019-07-23T16:31:22Z,46.76016667,13.26151667,524.00,
20106,,,,,2019-07-23T16:31:23Z,46.76016667,13.26151667,524.00,
20107,,,,,2019-07-23T16:31:24Z,46.76016667,13.26150000,524.00,
20108,,,,,2019-07-23T16:31:25Z,46.76016667,13.26151667,524.00,
20109,,,,,2019-07-23T16:31:26Z,46.76016667,13.26151667,524.00,
20110,,,,,2019-07-23T16:31:27Z,46.76016667,13.26151667,524.00,
20111,,,,,2019-07-23T16:31:28Z,46.76016667,13.26151667,524.00,
20112,,,,,2019-07-23T16:31:29Z,46.76016667,13.26151667,524.00,
20113,,,,,2019-07-23T16:31:30Z,46.76016667,13.26151667,524.00,
20114,,,,,2019-07-23T16:31:31Z,46.76016667,13.26151667,524.00,
20115,,,,,2019-07-23T16:31:32Z,46.76016667,13.26151667,523.00,
20116,,,,,2019-07-23T16:31:33Z,46.76016667,13.26151667,523.00,
20117,,,,,2019-07-23T16:31:34Z,46.76016667,13.26151667,523.00,
20118,,,,,2019-07-23T16:31:35Z,46.76016667,13.26151667,523.00,
20119,,,,,2019-07-23T16:31:36Z,46.76016667,13.26151667,524.00,
20120,,,,,2019-07-23T16:31:37Z,46.76016667,13.26151667,523.00,
20121,,,,,2019-07-23T16:31:38Z,46.76016667,13.26151667,524.00,
20122,,,,,2019-07-23T16:31:39Z,46.76016667,13.26151667,523.00,
20123,,,,,2019-07-23T16:31:40Z,46.76016667,13.26151667,524.00,
20124,,,,,2019-07-23T16:31:41Z,46.76016667,13.26151667,524.00,
20125,,,,,2019-07-23T16:31:42Z,46.76016667,13.26151667,523.00,
20126,,,,,2019-07-23T16:31:43Z,46.76016667,13.26151667,523.00,
20127,,,,,2019-07-23T16:31:44Z,46.76016667,13.26151667,524.00,
20128,,,,,2019-07-23T16:31:45Z,46.76016667,13.26151667,524.00,
20129,,,,,2019-07-23T16:31:46Z,46.76016667,13.26151667,524.00,
20130,,,,,2019-07-23T16:31:47Z,46.76016667,13.26151667,524.00,
20131,,,,,2019-07-23T16:31:48Z,46.76016667,13.26151667,523.00,
20132,,,,,2019-07-23T16:31:49Z,46.76016667,13.26151667,524.00,
20133,,,,,2019-07-23T16:31:50Z,46.76015000,13.26151667,523.00,
20134,,,,,2019-07-23T16:31:51Z,46.76015000,13.26151667,524.00,
20135,,,,,2019-07-23T16:31:52Z,46.76015000,13.26151667,523.00,
20136,,,,,2019-07-23T16:31:53Z,46.76015000,13.26151667,523.00,
20137,,,,,2019-07-23T16:31:54Z,46.76015000,13.26151667,523.00,
20138,,,,,2019-07-23T16:31:55Z,46.76015000,13.26151667,523.00,
20139,,,,,2019-07-23T16:31:56Z,46.76015000,13.26151667,523.00,
20140,,,,,2019-07-23T16:31:57Z,46.76015000,13.26151667,523.00,
20141,,,,,2019-07-23T16:31:58Z,46.76015000,13.26151667,524.00,
20142,,,,,2019-07-23T16:31:59Z,46.76015000,13.26151667,524.00,
20143,,,,,2019-07-23T16:32:00Z,46.76015000,13.26151667,524.00,
20144,,,,,2019-07-23T16:32:01Z,46.76015000,13.26151667,524.00,
20145,,,,,2019-07-23T16:32:02Z,46.76015000,13.26151667,524.00,
20146,,,,,2019-07-23T16:32:03Z,46.76015000,13.26151667,524.00,
20147,,,,,2019-07-23T16:32:04Z,46.76015000,13.26151667,523.00,
20148,,,,,2019-07-23T16:32:05Z,46.76015000,13.26151667,523.00,
20149,,,,,2019-07-23T16:32:06Z,46.76015000,13.26151667,523.00,
20150,,,,,2019-07-23T16:32:07Z,46.76015000,13.26151667,523.00,
20151,,,,,2019-07-23T16:32:08Z,46.76015000,13.26151667,523.00,
20152,,,,,2019-07-23T16:32:09Z,46.76015000,13.26151667,523.00,
20153,,,,,2019-07-23T16:32:10Z,46.76015000,13.26151667,523.00,
20154,,,,,2019-07-23T16:32:11Z,46.76015000,13.26151667,523.00,
20155,,,,,2019-07-23T16:32:12Z,46.76015000,13.26151667,523.00,
20156,,,,,2019-07-23T16:32:13Z,46.76015000,13.26151667,523.00,
20157,,,,,2019-07-23T16:32:14Z,46.76015000,13.26151667,523.00,
20158,,,,,2019-07-23T16:32:15Z,46.76015000,13.26151667,523.00,
20159,,,,,2019-07-23T16:32:16Z,46.76015000,13.26151667,523.00,
20160,,,,,2019-07-23T16:32:17Z,46.76015000,13.26151667,523.00,
20161,,,,,2019-07-23T16:32:18Z,46.76015000,13.26151667,523.00,
20162,,,,,2019-07-23T16:32:19Z,46.76015000,13.26151667,523.00,
20163,,,,,2019-07-23T16:32:20Z,46.76015000,13.26151667,523.00,
20164,,,,,2019-07-23T16:32:21Z,46.76015000,13.26151667,523.00,
20165,,,,,2019-07-23T16:32:22Z,46.76015000,13.26151667,523.00,
20166,,,,,2019-07-23T16:32:23Z,46.76015000,13.26151667,523.00,
20167,,,,,2019-07-23T16:32:24Z,46.76015000,13.26150000,523.00,
20168,,,,,2019-07-23T16:32:25Z,46.76015000,13.26150000,524.00,
20169,,,,,2019-07-23T16:32:26Z,46.76015000,13.26150000,524.00,
20170,,,,,2019-07-23T16:32:27Z,46.76015000,13.26150000,524.00,
20171,,,,,2019-07-23T16:32:28Z,46.76015000,13.26150000,524.00,
20172,,,,,2019-07-23T16:32:29Z,46.76015000,13.26150000,524.00,
20173,,,,,2019-07-23T16:32:30Z,46.76015000,13.26150000,524.00,
20174,,,,,2019-07-23T16:32:31Z,46.76015000,13.26150000,524.00,
20175,,,,,2019-07-23T16:32:32Z,46.76015000,13.26150000,524.00,
20176,,,,,2019-07-23T16:32:33Z,46.76015000,13.26150000,524.00,
20177,,,,,2019-07-23T16:32:34Z,46.76015000,13.26150000,524.00,
20178,,,,,2019-07-23T16:32:35Z,46.76015000,13.26150000,524.00,
20179,,,,,2019-07-23T16:32:36Z,46.76015000,13.26150000,524.00,
20180,,,,,2019-07-23T16:32:37Z,46.76015000,13.26150000,524.00,
20181,,,,,2019-07-23T16:32:38Z,46.76015000,13.26150000,524.00,
20182,,,,,2019-07-23T16:32:39Z,46.76015000,13.26150000,524.00,
20183,,,,,2019-07-23T16:32:40Z,46.76015000,13.26150000,524.00,
20184,,,,,2019-07-23T16:32:41Z,46.76015000,13.26150000,524.00,
20185,,,,,2019-07-23T16:32:42Z,46.76015000,13.26150000,524.00,
20186,,,,,2019-07-23T16:32:43Z,46.76015000,13.26150000,524.00,
20187,,,,,2019-07-23T16:32:44Z,46.76015000,13.26150000,524.00,
20188,,,,,2019-07-23T16:32:45Z,46.76015000,13.26150000,524.00,
20189,,,,,2019-07-23T16:32:46Z,46.76015000,13.26150000,524.00,
20190,,,,,2019-07-23T16:32:47Z,46.76015000,13.26150000,524.00,
20191,,,,,2019-07-23T16:32:48Z,46.76015000,13.26150000,524.00,
20192,,,,,2019-07-23T16:32:49Z,46.76015000,13.26150000,524.00,
20193,,,,,2019-07-23T16:32:50Z,46.76015000,13.26150000,524.00,
20194,,,,,2019-07-23T16:32:51Z,46.76015000,13.26150000,523.00,
20195,,,,,2019-07-23T16:32:52Z,46.76015000,13.26150000,523.00,
20196,,,,,2019-07-23T16:32:53Z,46.76015000,13.26150000,523.00,
20197,,,,,2019-07-23T16:32:54Z,46.76015000,13.26150000,523.00,
20198,,,,,2019-07-23T16:32:55Z,46.76015000,13.26150000,523.00,
20199,,,,,2019-07-23T16:32:56Z,46.76015000,13.26150000,524.00,
20200,,,,,2019-07-23T16:32:57Z,46.76015000,13.26150000,523.00,
20201,,,,,2019-07-23T16:32:58Z,46.76015000,13.26150000,524.00,
20202,,,,,2019-07-23T16:32:59Z,46.76015000,13.26150000,524.00,
20203,,,,,2019-07-23T16:33:00Z,46.76015000,13.26151667,524.00,
20204,,,,,2019-07-23T16:33:01Z,46.76015000,13.26151667,524.00,
20205,,,,,2019-07-23T16:33:02Z,46.76015000,13.26151667,524.00,
20206,,,,,2019-07-23T16:33:03Z,46.76015000,13.26151667,524.00,
20207,,,,,2019-07-23T16:33:04Z,46.76015000,13.26151667,524.00,
20208,,,,,2019-07-23T16:33:05Z,46.76015000,13.26151667,524.00,
20209,,,,,2019-07-23T16:33:06Z,46.76015000,13.26151667,524.00,
20210,,,,,2019-07-23T16:33:07Z,46.76015000,13.26151667,524.00,
20211,,,,,2019-07-23T16:33:08Z,46.76015000,13.26151667,524.00,
20212,,,,,2019-07-23T16:33:09Z,46.76015000,13.26151667,524.00,
20213,,,,,2019-07-23T16:33:10Z,46.76015000,13.26151667,524.00,
20214,,,,,2019-07-23T16:33:11Z,46.76015000,13.26151667,524.00,
20215,,,,,2019-07-23T16:33:12Z,46.76015000,13.26151667,524.00,
20216,,,,,2019-07-23T16:33:13Z,46.76015000,13.26151667,524.00,
20217,,,,,2019-07-23T16:33:14Z,46.76015000,13.26151667,524.00,
20218,,,,,2019-07-23T16:33:15Z,46.76015000,13.26151667,524.00,
20219,,,,,2019-07-23T16:33:16Z,46.76015000,13.26151667,524.00,
20220,,,,,2019-07-23T16:33:17Z,46.76015000,13.26151667,524.00,
20221,,,,,2019-07-23T16:33:18Z,46.76015000,13.26151667,524.00,
20222,,,,,2019-07-23T16:33:19Z,46.76015000,13.26151667,524.00,
20223,,,,,2019-07-23T16:33:20Z,46.76015000,13.26151667,524.00,
20224,,,,,2019-07-23T16:33:21Z,46.76015000,13.26153333,524.00,
20225,,,,,2019-07-23T16:33:22Z,46.76015000,13.26153333,524.00,
20226,,,,,2019-07-23T16:33:23Z,46.76015000,13.26153333,524.00,
20227,,,,,2019-07-23T16:33:24Z,46.76015000,13.26153333,524.00,
20228,,,,,2019-07-23T16:33:25Z,46.76015000,13.26153333,524.00,
20229,,,,,2019-07-23T16:33:26Z,46.76015000,13.26153333,524.00,
20230,,,,,2019-07-23T16:33:27Z,46.76015000,13.26153333,523.00,
20231,,,,,2019-07-23T16:33:28Z,46.76015000,13.26153333,524.00,
20232,,,,,2019-07-23T16:33:29Z,46.76015000,13.26153333,524.00,
20233,,,,,2019-07-23T16:33:30Z,46.76015000,13.26153333,524.00,
20234,,,,,2019-07-23T16:33:31Z,46.76015000,13.26153333,524.00,
20235,,,,,2019-07-23T16:33:32Z,46.76015000,13.26153333,524.00,
20236,,,,,2019-07-23T16:33:33Z,46.76015000,13.26153333,524.00,
20237,,,,,2019-07-23T16:33:34Z,46.76015000,13.26153333,524.00,
20238,,,,,2019-07-23T16:33:35Z,46.76015000,13.26153333,524.00,
20239,,,,,2019-07-23T16:33:36Z,46.76015000,13.26153333,524.00,
20240,,,,,2019-07-23T16:33:37Z,46.76015000,13.26153333,524.00,
20241,,,,,2019-07-23T16:33:38Z,46.76015000,13.26151667,524.00,
20242,,,,,2019-07-23T16:33:39Z,46.76015000,13.26151667,524.00,
20243,,,,,2019-07-23T16:33:40Z,46.76015000,13.26151667,524.00,
20244,,,,,2019-07-23T16:33:41Z,46.76015000,13.26151667,524.00,
20245,,,,,2019-07-23T16:33:42Z,46.76015000,13.26151667,524.00,
20246,,,,,2019-07-23T16:33:43Z,46.76015000,13.26151667,524.00,
20247,,,,,2019-07-23T16:33:44Z,46.76015000,13.26151667,524.00,
20248,,,,,2019-07-23T16:33:45Z,46.76015000,13.26151667,524.00,
20249,,,,,2019-07-23T16:33:46Z,46.76015000,13.26151667,524.00,
20250,,,,,2019-07-23T16:33:47Z,46.76015000,13.26151667,524.00,
20251,,,,,2019-07-23T16:33:48Z,46.76015000,13.26151667,524.00,
20252,,,,,2019-07-23T16:33:49Z,46.76015000,13.26151667,524.00,
20253,,,,,2019-07-23T16:33:50Z,46.76015000,13.26151667,524.00,
20254,,,,,2019-07-23T16:33:51Z,46.76015000,13.26151667,524.00,
20255,,,,,2019-07-23T16:33:52Z,46.76015000,13.26151667,524.00,
20256,,,,,2019-07-23T16:33:53Z,46.76015000,13.26151667,524.00,
20257,,,,,2019-07-23T16:33:54Z,46.76015000,13.26151667,524.00,
20258,,,,,2019-07-23T16:33:55Z,46.76015000,13.26151667,524.00,
20259,,,,,2019-07-23T16:33:56Z,46.76015000,13.26151667,524.00,
20260,,,,,2019-07-23T16:33:57Z,46.76015000,13.26151667,524.00,
20261,,,,,2019-07-23T16:33:58Z,46.76015000,13.26151667,523.00,
20262,,,,,2019-07-23T16:33:59Z,46.76015000,13.26151667,523.00,
20263,,,,,2019-07-23T16:34:00Z,46.76015000,13.26151667,523.00,
20264,,,,,2019-07-23T16:34:01Z,46.76015000,13.26151667,524.00,
20265,,,,,2019-07-23T16:34:02Z,46.76015000,13.26151667,524.00,
20266,,,,,2019-07-23T16:34:03Z,46.76015000,13.26151667,524.00,
20267,,,,,2019-07-23T16:34:04Z,46.76015000,13.26151667,524.00,
20268,,,,,2019-07-23T16:34:05Z,46.76015000,13.26151667,524.00,
20269,,,,,2019-07-23T16:34:06Z,46.76015000,13.26151667,524.00,
20270,,,,,2019-07-23T16:34:07Z,46.76015000,13.26151667,524.00,
20271,,,,,2019-07-23T16:34:08Z,46.76015000,13.26151667,524.00,
20272,,,,,2019-07-23T16:34:09Z,46.76015000,13.26151667,524.00,
20273,,,,,2019-07-23T16:34:10Z,46.76015000,13.26151667,524.00,
20274,,,,,2019-07-23T16:34:11Z,46.76015000,13.26151667,524.00,
20275,,,,,2019-07-23T16:34:12Z,46.76015000,13.26151667,524.00,
20276,,,,,2019-07-23T16:34:13Z,46.76015000,13.26151667,524.00,
20277,,,,,2019-07-23T16:34:14Z,46.76015000,13.26151667,524.00,
20278,,,,,2019-07-23T16:34:15Z,46.76015000,13.26151667,524.00,
20279,,,,,2019-07-23T16:34:16Z,46.76015000,13.26151667,524.00,
20280,,,,,2019-07-23T16:34:17Z,46.76015000,13.26151667,524.00,
20281,,,,,2019-07-23T16:34:18Z,46.76015000,13.26151667,524.00,
20282,,,,,2019-07-23T16:34:19Z,46.76015000,13.26151667,524.00,
20283,,,,,2019-07-23T16:34:20Z,46.76015000,13.26151667,524.00,
20284,,,,,2019-07-23T16:34:21Z,46.76015000,13.26151667,524.00,
20285,,,,,2019-07-23T16:34:22Z,46.76015000,13.26151667,524.00,
20286,,,,,2019-07-23T16:34:23Z,46.76015000,13.26151667,524.00,
20287,,,,,2019-07-23T16:34:24Z,46.76015000,13.26151667,524.00,
20288,,,,,2019-07-23T16:34:25Z,46.76015000,13.26151667,524.00,
20289,,,,,2019-07-23T16:34:26Z,46.76015000,13.26151667,524.00,
20290,,,,,2019-07-23T16:34:27Z,46.76015000,13.26151667,524.00,
20291,,,,,2019-07-23T16:34:28Z,46.76015000,13.26151667,524.00,
20292,,,,,2019-07-23T16:34:29Z,46.76015000,13.26151667,524.00,
20293,,,,,2019-07-23T16:34:30Z,46.76015000,13.26151667,524.00,
20294,,,,,2019-07-23T16:34:31Z,46.76015000,13.26151667,524.00,
20295,,,,,2019-07-23T16:34:32Z,46.76015000,13.26151667,524.00,
20296,,,,,2019-07-23T16:34:33Z,46.76015000,13.26151667,524.00,
20297,,,,,2019-07-23T16:34:34Z,46.76015000,13.26151667,524.00,
20298,,,,,2019-07-23T16:34:35Z,46.76015000,13.26151667,524.00,
20299,,,,,2019-07-23T16:34:36Z,46.76015000,13.26151667,524.00,
20300,,,,,2019-07-23T16:34:37Z,46.76015000,13.26151667,524.00,
20301,,,,,2019-07-23T16:34:38Z,46.76015000,13.26151667,524.00,
20302,,,,,2019-07-23T16:34:39Z,46.76015000,13.26151667,524.00,
20303,,,,,2019-07-23T16:34:40Z,46.76015000,13.26151667,524.00,
20304,,,,,2019-07-23T16:34:41Z,46.76015000,13.26151667,524.00,
20305,,,,,2019-07-23T16:34:42Z,46.76015000,13.26151667,524.00,
20306,,,,,2019-07-23T16:34:43Z,46.76015000,13.26151667,524.00,
20307,,,,,2019-07-23T16:34:44Z,46.76015000,13.26151667,523.00,
20308,,,,,2019-07-23T16:34:45Z,46.76016667,13.26151667,524.00,
20309,,,,,2019-07-23T16:34:46Z,46.76016667,13.26151667,524.00,
20310,,,,,2019-07-23T16:34:47Z,46.76016667,13.26151667,524.00,
20311,,,,,2019-07-23T16:34:48Z,46.76016667,13.26151667,524.00,
20312,,,,,2019-07-23T16:34:49Z,46.76016667,13.26151667,524.00,
20313,,,,,2019-07-23T16:34:50Z,46.76016667,13.26151667,524.00,
20314,,,,,2019-07-23T16:34:51Z,46.76016667,13.26151667,524.00,
20315,,,,,2019-07-23T16:34:52Z,46.76016667,13.26151667,524.00,
20316,,,,,2019-07-23T16:34:53Z,46.76016667,13.26151667,524.00,
20317,,,,,2019-07-23T16:34:54Z,46.76016667,13.26151667,524.00,
20318,,,,,2019-07-23T16:34:55Z,46.76016667,13.26151667,524.00,
20319,,,,,2019-07-23T16:34:56Z,46.76016667,13.26151667,524.00,
20320,,,,,2019-07-23T16:34:57Z,46.76016667,13.26151667,524.00,
20321,,,,,2019-07-23T16:34:58Z,46.76015000,13.26151667,524.00,
20322,,,,,2019-07-23T16:34:59Z,46.76015000,13.26151667,524.00,
20323,,,,,2019-07-23T16:35:00Z,46.76015000,13.26151667,524.00,
20324,,,,,2019-07-23T16:35:01Z,46.76015000,13.26150000,524.00,
20325,,,,,2019-07-23T16:35:02Z,46.76015000,13.26150000,524.00,
20326,,,,,2019-07-23T16:35:03Z,46.76015000,13.26150000,524.00,
20327,,,,,2019-07-23T16:35:04Z,46.76015000,13.26150000,524.00,
20328,,,,,2019-07-23T16:35:05Z,46.76015000,13.26150000,524.00,
20329,,,,,2019-07-23T16:35:06Z,46.76015000,13.26150000,524.00,
20330,,,,,2019-07-23T16:35:07Z,46.76015000,13.26150000,524.00,
20331,,,,,2019-07-23T16:35:08Z,46.76015000,13.26150000,524.00,
20332,,,,,2019-07-23T16:35:09Z,46.76015000,13.26150000,524.00,
20333,,,,,2019-07-23T16:35:10Z,46.76015000,13.26150000,524.00,
20334,,,,,2019-07-23T16:35:11Z,46.76015000,13.26150000,524.00,
20335,,,,,2019-07-23T16:35:12Z,46.76015000,13.26150000,524.00,
20336,,,,,2019-07-23T16:35:13Z,46.76015000,13.26150000,524.00,
20337,,,,,2019-07-23T16:35:14Z,46.76015000,13.26150000,524.00,
20338,,,,,2019-07-23T16:35:15Z,46.76015000,13.26150000,524.00,
20339,,,,,2019-07-23T16:35:16Z,46.76015000,13.26150000,524.00,
20340,,,,,2019-07-23T16:35:17Z,46.76015000,13.26150000,524.00,
20341,,,,,2019-07-23T16:35:18Z,46.76015000,13.26150000,523.00,
20342,,,,,2019-07-23T16:35:19Z,46.76015000,13.26150000,524.00,
20343,,,,,2019-07-23T16:35:20Z,46.76015000,13.26150000,524.00,
20344,,,,,2019-07-23T16:35:21Z,46.76015000,13.26150000,523.00,
20345,,,,,2019-07-23T16:35:22Z,46.76015000,13.26150000,523.00,
20346,,,,,2019-07-23T16:35:23Z,46.76015000,13.26150000,523.00,
20347,,,,,2019-07-23T16:35:24Z,46.76015000,13.26150000,523.00,
20348,,,,,2019-07-23T16:35:25Z,46.76015000,13.26150000,523.00,
20349,,,,,2019-07-23T16:35:26Z,46.76015000,13.26150000,523.00,
20350,,,,,2019-07-23T16:35:27Z,46.76015000,13.26150000,523.00,
20351,,,,,2019-07-23T16:35:28Z,46.76015000,13.26150000,524.00,
20352,,,,,2019-07-23T16:35:29Z,46.76015000,13.26150000,524.00,
20353,,,,,2019-07-23T16:35:30Z,46.76015000,13.26150000,524.00,
20354,,,,,2019-07-23T16:35:31Z,46.76015000,13.26150000,523.00,
20355,,,,,2019-07-23T16:35:32Z,46.76015000,13.26150000,523.00,
20356,,,,,2019-07-23T16:35:33Z,46.76015000,13.26150000,523.00,
20357,,,,,2019-07-23T16:35:34Z,46.76015000,13.26150000,523.00,
20358,,,,,2019-07-23T16:35:35Z,46.76015000,13.26150000,523.00,
20359,,,,,2019-07-23T16:35:36Z,46.76015000,13.26150000,523.00,
20360,,,,,2019-07-23T16:35:37Z,46.76015000,13.26150000,523.00,
20361,,,,,2019-07-23T16:35:38Z,46.76015000,13.26151667,523.00,
20362,,,,,2019-07-23T16:35:39Z,46.76015000,13.26150000,523.00,
20363,,,,,2019-07-23T16:35:40Z,46.76015000,13.26150000,523.00,
20364,,,,,2019-07-23T16:35:41Z,46.76015000,13.26150000,523.00,
20365,,,,,2019-07-23T16:35:42Z,46.76015000,13.26151667,523.00,
20366,,,,,2019-07-23T16:35:43Z,46.76015000,13.26151667,523.00,
20367,,,,,2019-07-23T16:35:44Z,46.76015000,13.26151667,523.00,
20368,,,,,2019-07-23T16:35:45Z,46.76015000,13.26151667,523.00,
20369,,,,,2019-07-23T16:35:46Z,46.76015000,13.26151667,524.00,
20370,,,,,2019-07-23T16:35:47Z,46.76015000,13.26151667,523.00,
20371,,,,,2019-07-23T16:35:48Z,46.76015000,13.26151667,523.00,
20372,,,,,2019-07-23T16:35:49Z,46.76015000,13.26151667,523.00,
20373,,,,,2019-07-23T16:35:50Z,46.76016667,13.26151667,523.00,
20374,,,,,2019-07-23T16:35:51Z,46.76016667,13.26151667,523.00,
20375,,,,,2019-07-23T16:35:52Z,46.76016667,13.26151667,523.00,
20376,,,,,2019-07-23T16:35:53Z,46.76016667,13.26151667,524.00,
20377,,,,,2019-07-23T16:35:54Z,46.76016667,13.26151667,523.00,
20378,,,,,2019-07-23T16:35:55Z,46.76016667,13.26151667,524.00,
20379,,,,,2019-07-23T16:35:56Z,46.76016667,13.26151667,524.00,
20380,,,,,2019-07-23T16:35:57Z,46.76016667,13.26153333,524.00,
20381,,,,,2019-07-23T16:35:58Z,46.76016667,13.26153333,524.00,
20382,,,,,2019-07-23T16:35:59Z,46.76016667,13.26153333,524.00,
20383,,,,,2019-07-23T16:36:00Z,46.76016667,13.26153333,524.00,
20384,,,,,2019-07-23T16:36:01Z,46.76016667,13.26153333,524.00,
20385,,,,,2019-07-23T16:36:02Z,46.76016667,13.26153333,524.00,
20386,,,,,2019-07-23T16:36:03Z,46.76016667,13.26151667,524.00,
20387,,,,,2019-07-23T16:36:04Z,46.76016667,13.26153333,524.00,
20388,,,,,2019-07-23T16:36:05Z,46.76016667,13.26153333,524.00,
20389,,,,,2019-07-23T16:36:06Z,46.76015000,13.26153333,524.00,
20390,,,,,2019-07-23T16:36:07Z,46.76015000,13.26153333,524.00,
20391,,,,,2019-07-23T16:36:08Z,46.76015000,13.26153333,524.00,
20392,,,,,2019-07-23T16:36:09Z,46.76015000,13.26153333,524.00,
20393,,,,,2019-07-23T16:36:10Z,46.76015000,13.26153333,524.00,
20394,,,,,2019-07-23T16:36:11Z,46.76015000,13.26153333,524.00,
20395,,,,,2019-07-23T16:36:12Z,46.76015000,13.26153333,524.00,
20396,,,,,2019-07-23T16:36:13Z,46.76015000,13.26153333,524.00,
20397,,,,,2019-07-23T16:36:14Z,46.76015000,13.26153333,524.00,
20398,,,,,2019-07-23T16:36:15Z,46.76015000,13.26153333,524.00,
20399,,,,,2019-07-23T16:36:16Z,46.76015000,13.26153333,524.00,
20400,,,,,2019-07-23T16:36:17Z,46.76015000,13.26153333,524.00,
20401,,,,,2019-07-23T16:36:18Z,46.76015000,13.26153333,524.00,
20402,,,,,2019-07-23T16:36:19Z,46.76015000,13.26153333,524.00,
20403,,,,,2019-07-23T16:36:20Z,46.76016667,13.26153333,524.00,
20404,,,,,2019-07-23T16:36:21Z,46.76016667,13.26153333,524.00,
20405,,,,,2019-07-23T16:36:22Z,46.76016667,13.26153333,524.00,
20406,,,,,2019-07-23T16:36:23Z,46.76016667,13.26153333,524.00,
20407,,,,,2019-07-23T16:36:24Z,46.76015000,13.26153333,524.00,
20408,,,,,2019-07-23T16:36:25Z,46.76015000,13.26153333,524.00,
20409,,,,,2019-07-23T16:36:26Z,46.76015000,13.26151667,523.00,
20410,,,,,2019-07-23T16:36:27Z,46.76015000,13.26151667,524.00,
20411,,,,,2019-07-23T16:36:28Z,46.76015000,13.26151667,524.00,
20412,,,,,2019-07-23T16:36:29Z,46.76015000,13.26151667,524.00,
20413,,,,,2019-07-23T16:36:30Z,46.76015000,13.26151667,524.00,
20414,,,,,2019-07-23T16:36:31Z,46.76015000,13.26151667,524.00,
20415,,,,,2019-07-23T16:36:32Z,46.76015000,13.26151667,524.00,
20416,,,,,2019-07-23T16:36:33Z,46.76015000,13.26151667,524.00,
20417,,,,,2019-07-23T16:36:34Z,46.76015000,13.26150000,524.00,
20418,,,,,2019-07-23T16:36:35Z,46.76015000,13.26150000,524.00,
20419,,,,,2019-07-23T16:36:36Z,46.76015000,13.26150000,524.00,
20420,,,,,2019-07-23T16:36:37Z,46.76015000,13.26150000,524.00,
20421,,,,,2019-07-23T16:36:38Z,46.76015000,13.26150000,524.00,
20422,,,,,2019-07-23T16:36:39Z,46.76015000,13.26150000,524.00,
20423,,,,,2019-07-23T16:36:40Z,46.76015000,13.26150000,524.00,
20424,,,,,2019-07-23T16:36:41Z,46.76015000,13.26150000,524.00,
20425,,,,,2019-07-23T16:36:42Z,46.76015000,13.26150000,524.00,
20426,,,,,2019-07-23T16:36:43Z,46.76015000,13.26150000,524.00,
20427,,,,,2019-07-23T16:36:44Z,46.76015000,13.26150000,524.00,
20428,,,,,2019-07-23T16:36:45Z,46.76015000,13.26150000,524.00,
20429,,,,,2019-07-23T16:36:46Z,46.76015000,13.26150000,524.00,
20430,,,,,2019-07-23T16:36:47Z,46.76015000,13.26150000,524.00,
20431,,,,,2019-07-23T16:36:48Z,46.76015000,13.26150000,524.00,
20432,,,,,2019-07-23T16:36:49Z,46.76015000,13.26150000,524.00,
20433,,,,,2019-07-23T16:36:50Z,46.76015000,13.26150000,524.00,
20434,,,,,2019-07-23T16:36:51Z,46.76015000,13.26150000,524.00,
20435,,,,,2019-07-23T16:36:52Z,46.76015000,13.26150000,524.00,
20436,,,,,2019-07-23T16:36:53Z,46.76015000,13.26148333,524.00,
20437,,,,,2019-07-23T16:36:54Z,46.76015000,13.26148333,524.00,
20438,,,,,2019-07-23T16:36:55Z,46.76015000,13.26148333,524.00,
20439,,,,,2019-07-23T16:36:56Z,46.76015000,13.26148333,524.00,
20440,,,,,2019-07-23T16:36:57Z,46.76015000,13.26148333,524.00,
20441,,,,,2019-07-23T16:36:58Z,46.76015000,13.26148333,524.00,
20442,,,,,2019-07-23T16:36:59Z,46.76015000,13.26148333,524.00,
20443,,,,,2019-07-23T16:37:00Z,46.76015000,13.26148333,524.00,
20444,,,,,2019-07-23T16:37:01Z,46.76015000,13.26150000,524.00,
20445,,,,,2019-07-23T16:37:02Z,46.76015000,13.26150000,524.00,
20446,,,,,2019-07-23T16:37:03Z,46.76015000,13.26150000,524.00,
20447,,,,,2019-07-23T16:37:04Z,46.76015000,13.26150000,524.00,
20448,,,,,2019-07-23T16:37:05Z,46.76015000,13.26150000,524.00,
20449,,,,,2019-07-23T16:37:06Z,46.76015000,13.26150000,524.00,
20450,,,,,2019-07-23T16:37:07Z,46.76015000,13.26150000,524.00,
20451,,,,,2019-07-23T16:37:08Z,46.76015000,13.26150000,523.00,
20452,,,,,2019-07-23T16:37:09Z,46.76015000,13.26150000,524.00,
20453,,,,,2019-07-23T16:37:10Z,46.76015000,13.26150000,524.00,
20454,,,,,2019-07-23T16:37:11Z,46.76015000,13.26150000,524.00,
20455,,,,,2019-07-23T16:37:12Z,46.76015000,13.26150000,524.00,
20456,,,,,2019-07-23T16:37:13Z,46.76015000,13.26150000,524.00,
20457,,,,,2019-07-23T16:37:14Z,46.76015000,13.26150000,524.00,
20458,,,,,2019-07-23T16:37:15Z,46.76015000,13.26148333,524.00,
20459,,,,,2019-07-23T16:37:16Z,46.76015000,13.26148333,524.00,
20460,,,,,2019-07-23T16:37:17Z,46.76015000,13.26148333,524.00,
20461,,,,,2019-07-23T16:37:18Z,46.76015000,13.26148333,524.00,
20462,,,,,2019-07-23T16:37:19Z,46.76015000,13.26148333,524.00,
20463,,,,,2019-07-23T16:37:20Z,46.76015000,13.26150000,524.00,
20464,,,,,2019-07-23T16:37:21Z,46.76015000,13.26148333,524.00,
20465,,,,,2019-07-23T16:37:22Z,46.76015000,13.26150000,524.00,
20466,,,,,2019-07-23T16:37:23Z,46.76015000,13.26150000,524.00,
20467,,,,,2019-07-23T16:37:24Z,46.76015000,13.26150000,524.00,
20468,,,,,2019-07-23T16:37:25Z,46.76015000,13.26150000,524.00,
20469,,,,,2019-07-23T16:37:26Z,46.76015000,13.26150000,524.00,
20470,,,,,2019-07-23T16:37:27Z,46.76015000,13.26150000,524.00,
20471,,,,,2019-07-23T16:37:28Z,46.76015000,13.26150000,524.00,
20472,,,,,2019-07-23T16:37:29Z,46.76015000,13.26150000,524.00,
20473,,,,,2019-07-23T16:37:30Z,46.76015000,13.26150000,524.00,
20474,,,,,2019-07-23T16:37:31Z,46.76015000,13.26150000,524.00,
20475,,,,,2019-07-23T16:37:32Z,46.76015000,13.26150000,524.00,
20476,,,,,2019-07-23T16:37:33Z,46.76015000,13.26150000,524.00,
20477,,,,,2019-07-23T16:37:34Z,46.76015000,13.26150000,524.00,
20478,,,,,2019-07-23T16:37:35Z,46.76015000,13.26148333,524.00,
20479,,,,,2019-07-23T16:37:36Z,46.76015000,13.26150000,524.00,
20480,,,,,2019-07-23T16:37:37Z,46.76015000,13.26150000,524.00,
20481,,,,,2019-07-23T16:37:38Z,46.76015000,13.26150000,524.00,
20482,,,,,2019-07-23T16:37:39Z,46.76015000,13.26150000,524.00,
20483,,,,,2019-07-23T16:37:40Z,46.76015000,13.26150000,524.00,
20484,,,,,2019-07-23T16:37:41Z,46.76013333,13.26150000,523.00,
20485,,,,,2019-07-23T16:37:42Z,46.76013333,13.26148333,523.00,
20486,,,,,2019-07-23T16:37:43Z,46.76013333,13.26148333,524.00,
20487,,,,,2019-07-23T16:37:44Z,46.76013333,13.26148333,523.00,
20488,,,,,2019-07-23T16:37:45Z,46.76013333,13.26148333,524.00,
20489,,,,,2019-07-23T16:37:46Z,46.76013333,13.26148333,523.00,
20490,,,,,2019-07-23T16:37:47Z,46.76013333,13.26148333,524.00,
20491,,,,,2019-07-23T16:37:48Z,46.76013333,13.26148333,524.00,
20492,,,,,2019-07-23T16:37:49Z,46.76013333,13.26148333,524.00,
20493,,,,,2019-07-23T16:37:50Z,46.76013333,13.26148333,524.00,
20494,,,,,2019-07-23T16:37:51Z,46.76013333,13.26148333,524.00,
20495,,,,,2019-07-23T16:37:52Z,46.76015000,13.26148333,524.00,
20496,,,,,2019-07-23T16:37:53Z,46.76015000,13.26148333,524.00,
20497,,,,,2019-07-23T16:37:54Z,46.76013333,13.26148333,524.00,
20498,,,,,2019-07-23T16:37:55Z,46.76013333,13.26148333,524.00,
20499,,,,,2019-07-23T16:37:56Z,46.76013333,13.26148333,524.00,
20500,,,,,2019-07-23T16:37:57Z,46.76013333,13.26148333,524.00,
20501,,,,,2019-07-23T16:37:58Z,46.76013333,13.26148333,524.00,
20502,,,,,2019-07-23T16:37:59Z,46.76013333,13.26148333,524.00,
20503,,,,,2019-07-23T16:38:00Z,46.76013333,13.26148333,524.00,
20504,,,,,2019-07-23T16:38:01Z,46.76013333,13.26148333,524.00,
20505,,,,,2019-07-23T16:38:02Z,46.76013333,13.26148333,524.00,
20506,,,,,2019-07-23T16:38:03Z,46.76013333,13.26148333,524.00,
20507,,,,,2019-07-23T16:38:04Z,46.76013333,13.26148333,524.00,
20508,,,,,2019-07-23T16:38:05Z,46.76013333,13.26148333,524.00,
20509,,,,,2019-07-23T16:38:06Z,46.76013333,13.26148333,524.00,
20510,,,,,2019-07-23T16:38:07Z,46.76013333,13.26148333,524.00,
20511,,,,,2019-07-23T16:38:08Z,46.76013333,13.26150000,524.00,
20512,,,,,2019-07-23T16:38:09Z,46.76013333,13.26148333,524.00,
20513,,,,,2019-07-23T16:38:10Z,46.76013333,13.26148333,524.00,
20514,,,,,2019-07-23T16:38:11Z,46.76013333,13.26148333,524.00,
20515,,,,,2019-07-23T16:38:12Z,46.76015000,13.26148333,523.00,
20516,,,,,2019-07-23T16:38:13Z,46.76015000,13.26148333,523.00,
20517,,,,,2019-07-23T16:38:14Z,46.76015000,13.26148333,523.00,
20518,,,,,2019-07-23T16:38:15Z,46.76015000,13.26148333,524.00,
20519,,,,,2019-07-23T16:38:16Z,46.76015000,13.26148333,524.00,
20520,,,,,2019-07-23T16:38:17Z,46.76015000,13.26148333,524.00,
20521,,,,,2019-07-23T16:38:18Z,46.76015000,13.26148333,524.00,
20522,,,,,2019-07-23T16:38:19Z,46.76015000,13.26150000,524.00,
20523,,,,,2019-07-23T16:38:20Z,46.76015000,13.26148333,524.00,
20524,,,,,2019-07-23T16:38:21Z,46.76015000,13.26150000,524.00,
20525,,,,,2019-07-23T16:38:22Z,46.76015000,13.26148333,524.00,
20526,,,,,2019-07-23T16:38:23Z,46.76015000,13.26148333,524.00,
20527,,,,,2019-07-23T16:38:24Z,46.76015000,13.26150000,524.00,
20528,,,,,2019-07-23T16:38:25Z,46.76015000,13.26150000,524.00,
20529,,,,,2019-07-23T16:38:26Z,46.76015000,13.26150000,524.00,
20530,,,,,2019-07-23T16:38:27Z,46.76015000,13.26150000,524.00,
20531,,,,,2019-07-23T16:38:28Z,46.76015000,13.26150000,524.00,
20532,,,,,2019-07-23T16:38:29Z,46.76015000,13.26150000,524.00,
20533,,,,,2019-07-23T16:38:30Z,46.76015000,13.26150000,524.00,
20534,,,,,2019-07-23T16:38:31Z,46.76015000,13.26150000,524.00,
20535,,,,,2019-07-23T16:38:32Z,46.76015000,13.26150000,524.00,
20536,,,,,2019-07-23T16:38:33Z,46.76015000,13.26150000,524.00,
20537,,,,,2019-07-23T16:38:34Z,46.76015000,13.26150000,524.00,
20538,,,,,2019-07-23T16:38:35Z,46.76015000,13.26150000,524.00,
20539,,,,,2019-07-23T16:38:36Z,46.76015000,13.26150000,524.00,
20540,,,,,2019-07-23T16:38:37Z,46.76015000,13.26150000,524.00,
20541,,,,,2019-07-23T16:38:38Z,46.76015000,13.26150000,524.00,
20542,,,,,2019-07-23T16:38:39Z,46.76015000,13.26150000,524.00,
20543,,,,,2019-07-23T16:38:40Z,46.76015000,13.26150000,524.00,
20544,,,,,2019-07-23T16:38:41Z,46.76015000,13.26150000,524.00,
20545,,,,,2019-07-23T16:38:42Z,46.76015000,13.26150000,524.00,
20546,,,,,2019-07-23T16:38:43Z,46.76015000,13.26150000,524.00,
20547,,,,,2019-07-23T16:38:44Z,46.76013333,13.26150000,524.00,
20548,,,,,2019-07-23T16:38:45Z,46.76013333,13.26150000,524.00,
20549,,,,,2019-07-23T16:38:46Z,46.76013333,13.26150000,524.00,
20550,,,,,2019-07-23T16:38:47Z,46.76013333,13.26150000,524.00,
20551,,,,,2019-07-23T16:38:48Z,46.76013333,13.26150000,524.00,
20552,,,,,2019-07-23T16:38:49Z,46.76013333,13.26150000,524.00,
20553,,,,,2019-07-23T16:38:50Z,46.76013333,13.26150000,524.00,
20554,,,,,2019-07-23T16:38:51Z,46.76013333,13.26148333,524.00,
20555,,,,,2019-07-23T16:38:52Z,46.76013333,13.26148333,524.00,
20556,,,,,2019-07-23T16:38:53Z,46.76015000,13.26148333,524.00,
20557,,,,,2019-07-23T16:38:54Z,46.76015000,13.26148333,524.00,
20558,,,,,2019-07-23T16:38:55Z,46.76015000,13.26148333,524.00,
20559,,,,,2019-07-23T16:38:56Z,46.76015000,13.26148333,524.00,
20560,,,,,2019-07-23T16:38:57Z,46.76015000,13.26148333,524.00,
20561,,,,,2019-07-23T16:38:58Z,46.76015000,13.26150000,524.00,
20562,,,,,2019-07-23T16:38:59Z,46.76015000,13.26150000,524.00,
20563,,,,,2019-07-23T16:39:00Z,46.76015000,13.26150000,524.00,
20564,,,,,2019-07-23T16:39:01Z,46.76015000,13.26150000,524.00,
20565,,,,,2019-07-23T16:39:02Z,46.76015000,13.26150000,524.00,
20566,,,,,2019-07-23T16:39:03Z,46.76015000,13.26150000,524.00,
20567,,,,,2019-07-23T16:39:04Z,46.76015000,13.26150000,524.00,
20568,,,,,2019-07-23T16:39:05Z,46.76015000,13.26150000,524.00,
20569,,,,,2019-07-23T16:39:06Z,46.76015000,13.26150000,524.00,
20570,,,,,2019-07-23T16:39:07Z,46.76015000,13.26150000,524.00,
20571,,,,,2019-07-23T16:39:08Z,46.76015000,13.26150000,524.00,
20572,,,,,2019-07-23T16:39:09Z,46.76015000,13.26150000,524.00,
20573,,,,,2019-07-23T16:39:10Z,46.76015000,13.26150000,524.00,
20574,,,,,2019-07-23T16:39:11Z,46.76015000,13.26150000,524.00,
20575,,,,,2019-07-23T16:39:12Z,46.76015000,13.26150000,524.00,
20576,,,,,2019-07-23T16:39:13Z,46.76015000,13.26150000,524.00,
20577,,,,,2019-07-23T16:39:14Z,46.76015000,13.26150000,524.00,
20578,,,,,2019-07-23T16:39:15Z,46.76015000,13.26150000,524.00,
20579,,,,,2019-07-23T16:39:16Z,46.76015000,13.26150000,524.00,
20580,,,,,2019-07-23T16:39:17Z,46.76015000,13.26150000,524.00,
20581,,,,,2019-07-23T16:39:18Z,46.76015000,13.26150000,524.00,
20582,,,,,2019-07-23T16:39:19Z,46.76015000,13.26150000,524.00,
20583,,,,,2019-07-23T16:39:20Z,46.76015000,13.26151667,524.00,
20584,,,,,2019-07-23T16:39:21Z,46.76015000,13.26150000,524.00,
20585,,,,,2019-07-23T16:39:22Z,46.76015000,13.26150000,524.00,
20586,,,,,2019-07-23T16:39:23Z,46.76016667,13.26150000,524.00,
20587,,,,,2019-07-23T16:39:24Z,46.76016667,13.26150000,524.00,
20588,,,,,2019-07-23T16:39:25Z,46.76016667,13.26150000,524.00,
20589,,,,,2019-07-23T16:39:26Z,46.76016667,13.26150000,524.00,
20590,,,,,2019-07-23T16:39:27Z,46.76016667,13.26151667,524.00,
20591,,,,,2019-07-23T16:39:28Z,46.76016667,13.26151667,524.00,
20592,,,,,2019-07-23T16:39:29Z,46.76016667,13.26150000,524.00,
20593,,,,,2019-07-23T16:39:30Z,46.76016667,13.26150000,524.00,
20594,,,,,2019-07-23T16:39:31Z,46.76016667,13.26150000,524.00,
20595,,,,,2019-07-23T16:39:32Z,46.76016667,13.26150000,524.00,
20596,,,,,2019-07-23T16:39:33Z,46.76016667,13.26151667,524.00,
20597,,,,,2019-07-23T16:39:34Z,46.76016667,13.26151667,524.00,
20598,,,,,2019-07-23T16:39:35Z,46.76016667,13.26150000,524.00,
20599,,,,,2019-07-23T16:39:36Z,46.76016667,13.26150000,524.00,
20600,,,,,2019-07-23T16:39:37Z,46.76016667,13.26150000,524.00,
20601,,,,,2019-07-23T16:39:38Z,46.76015000,13.26150000,524.00,
20602,,,,,2019-07-23T16:39:39Z,46.76015000,13.26150000,524.00,
20603,,,,,2019-07-23T16:39:40Z,46.76015000,13.26150000,524.00,
20604,,,,,2019-07-23T16:39:41Z,46.76015000,13.26150000,524.00,
20605,,,,,2019-07-23T16:39:42Z,46.76015000,13.26150000,524.00,
20606,,,,,2019-07-23T16:39:43Z,46.76015000,13.26148333,524.00,
20607,,,,,2019-07-23T16:39:44Z,46.76015000,13.26150000,524.00,
20608,,,,,2019-07-23T16:39:45Z,46.76015000,13.26150000,524.00,
20609,,,,,2019-07-23T16:39:46Z,46.76015000,13.26150000,524.00,
20610,,,,,2019-07-23T16:39:47Z,46.76015000,13.26148333,524.00,
20611,,,,,2019-07-23T16:39:48Z,46.76015000,13.26148333,524.00,
20612,,,,,2019-07-23T16:39:49Z,46.76015000,13.26148333,524.00,
20613,,,,,2019-07-23T16:39:50Z,46.76015000,13.26148333,524.00,
20614,,,,,2019-07-23T16:39:51Z,46.76015000,13.26148333,524.00,
20615,,,,,2019-07-23T16:39:52Z,46.76015000,13.26148333,524.00,
20616,,,,,2019-07-23T16:39:53Z,46.76015000,13.26148333,524.00,
20617,,,,,2019-07-23T16:39:54Z,46.76015000,13.26148333,524.00,
20618,,,,,2019-07-23T16:39:55Z,46.76015000,13.26148333,524.00,
20619,,,,,2019-07-23T16:39:56Z,46.76015000,13.26148333,524.00,
20620,,,,,2019-07-23T16:39:57Z,46.76015000,13.26148333,524.00,
20621,,,,,2019-07-23T16:39:58Z,46.76015000,13.26148333,524.00,
20622,,,,,2019-07-23T16:39:59Z,46.76015000,13.26148333,524.00,
20623,,,,,2019-07-23T16:40:00Z,46.76015000,13.26148333,524.00,
20624,,,,,2019-07-23T16:40:01Z,46.76015000,13.26148333,524.00,
20625,,,,,2019-07-23T16:40:02Z,46.76015000,13.26146667,524.00,
20626,,,,,2019-07-23T16:40:03Z,46.76015000,13.26146667,524.00,
20627,,,,,2019-07-23T16:40:04Z,46.76015000,13.26146667,524.00,
20628,,,,,2019-07-23T16:40:05Z,46.76015000,13.26146667,524.00,
20629,,,,,2019-07-23T16:40:06Z,46.76015000,13.26146667,524.00,
20630,,,,,2019-07-23T16:40:07Z,46.76013333,13.26146667,524.00,
20631,,,,,2019-07-23T16:40:08Z,46.76013333,13.26146667,524.00,
20632,,,,,2019-07-23T16:40:09Z,46.76013333,13.26146667,524.00,
20633,,,,,2019-07-23T16:40:10Z,46.76013333,13.26146667,524.00,
20634,,,,,2019-07-23T16:40:11Z,46.76013333,13.26146667,524.00,
20635,,,,,2019-07-23T16:40:12Z,46.76015000,13.26146667,524.00,
20636,,,,,2019-07-23T16:40:13Z,46.76015000,13.26146667,524.00,
20637,,,,,2019-07-23T16:40:14Z,46.76015000,13.26146667,524.00,
20638,,,,,2019-07-23T16:40:15Z,46.76015000,13.26146667,524.00,
20639,,,,,2019-07-23T16:40:16Z,46.76015000,13.26146667,524.00,
20640,,,,,2019-07-23T16:40:17Z,46.76015000,13.26146667,524.00,
20641,,,,,2019-07-23T16:40:18Z,46.76015000,13.26146667,524.00,
20642,,,,,2019-07-23T16:40:19Z,46.76015000,13.26146667,524.00,
20643,,,,,2019-07-23T16:40:20Z,46.76013333,13.26146667,524.00,
20644,,,,,2019-07-23T16:40:21Z,46.76013333,13.26146667,524.00,
20645,,,,,2019-07-23T16:40:22Z,46.76013333,13.26146667,524.00,
20646,,,,,2019-07-23T16:40:23Z,46.76013333,13.26146667,524.00,
20647,,,,,2019-07-23T16:40:24Z,46.76013333,13.26146667,524.00,
20648,,,,,2019-07-23T16:40:25Z,46.76013333,13.26146667,524.00,
20649,,,,,2019-07-23T16:40:26Z,46.76013333,13.26146667,524.00,
20650,,,,,2019-07-23T16:40:27Z,46.76013333,13.26146667,524.00,
20651,,,,,2019-07-23T16:40:28Z,46.76013333,13.26146667,524.00,
20652,,,,,2019-07-23T16:40:29Z,46.76013333,13.26146667,524.00,
20653,,,,,2019-07-23T16:40:30Z,46.76013333,13.26146667,524.00,
20654,,,,,2019-07-23T16:40:31Z,46.76013333,13.26146667,524.00,
20655,,,,,2019-07-23T16:40:32Z,46.76013333,13.26146667,524.00,
20656,,,,,2019-07-23T16:40:33Z,46.76013333,13.26146667,524.00,
20657,,,,,2019-07-23T16:40:34Z,46.76013333,13.26146667,524.00,
20658,,,,,2019-07-23T16:40:35Z,46.76013333,13.26146667,524.00,
20659,,,,,2019-07-23T16:40:36Z,46.76013333,13.26146667,524.00,
20660,,,,,2019-07-23T16:40:37Z,46.76013333,13.26146667,524.00,
20661,,,,,2019-07-23T16:40:38Z,46.76013333,13.26146667,524.00,
20662,,,,,2019-07-23T16:40:39Z,46.76013333,13.26146667,524.00,
20663,,,,,2019-07-23T16:40:40Z,46.76013333,13.26146667,524.00,
20664,,,,,2019-07-23T16:40:41Z,46.76013333,13.26146667,524.00,
20665,,,,,2019-07-23T16:40:42Z,46.76013333,13.26146667,524.00,
20666,,,,,2019-07-23T16:40:43Z,46.76013333,13.26146667,524.00,
20667,,,,,2019-07-23T16:40:44Z,46.76013333,13.26146667,524.00,
20668,,,,,2019-07-23T16:40:45Z,46.76013333,13.26146667,524.00,
20669,,,,,2019-07-23T16:40:46Z,46.76015000,13.26146667,524.00,
20670,,,,,2019-07-23T16:40:47Z,46.76015000,13.26146667,524.00,
20671,,,,,2019-07-23T16:40:48Z,46.76015000,13.26146667,524.00,
20672,,,,,2019-07-23T16:40:49Z,46.76015000,13.26146667,524.00,
20673,,,,,2019-07-23T16:40:50Z,46.76015000,13.26146667,524.00,
20674,,,,,2019-07-23T16:40:51Z,46.76015000,13.26146667,524.00,
20675,,,,,2019-07-23T16:40:52Z,46.76015000,13.26146667,524.00,
20676,,,,,2019-07-23T16:40:53Z,46.76015000,13.26146667,524.00,
20677,,,,,2019-07-23T16:40:54Z,46.76015000,13.26146667,524.00,
20678,,,,,2019-07-23T16:40:55Z,46.76015000,13.26146667,524.00,
20679,,,,,2019-07-23T16:40:56Z,46.76015000,13.26146667,524.00,
20680,,,,,2019-07-23T16:40:57Z,46.76015000,13.26146667,524.00,
20681,,,,,2019-07-23T16:40:58Z,46.76015000,13.26146667,524.00,
20682,,,,,2019-07-23T16:40:59Z,46.76015000,13.26146667,524.00,
20683,,,,,2019-07-23T16:41:00Z,46.76015000,13.26146667,524.00,
20684,,,,,2019-07-23T16:41:01Z,46.76015000,13.26146667,524.00,
20685,,,,,2019-07-23T16:41:02Z,46.76015000,13.26146667,524.00,
20686,,,,,2019-07-23T16:41:03Z,46.76015000,13.26146667,524.00,
20687,,,,,2019-07-23T16:41:04Z,46.76015000,13.26146667,524.00,
20688,,,,,2019-07-23T16:41:05Z,46.76015000,13.26146667,524.00,
20689,,,,,2019-07-23T16:41:06Z,46.76015000,13.26146667,524.00,
20690,,,,,2019-07-23T16:41:07Z,46.76015000,13.26146667,524.00,
20691,,,,,2019-07-23T16:41:08Z,46.76013333,13.26146667,524.00,
20692,,,,,2019-07-23T16:41:09Z,46.76013333,13.26146667,524.00,
20693,,,,,2019-07-23T16:41:10Z,46.76013333,13.26146667,524.00,
20694,,,,,2019-07-23T16:41:11Z,46.76013333,13.26146667,524.00,
20695,,,,,2019-07-23T16:41:12Z,46.76013333,13.26146667,524.00,
20696,,,,,2019-07-23T16:41:13Z,46.76013333,13.26146667,524.00,
20697,,,,,2019-07-23T16:41:14Z,46.76013333,13.26146667,524.00,
20698,,,,,2019-07-23T16:41:15Z,46.76013333,13.26146667,524.00,
20699,,,,,2019-07-23T16:41:16Z,46.76013333,13.26146667,524.00,
20700,,,,,2019-07-23T16:41:17Z,46.76013333,13.26146667,524.00,
20701,,,,,2019-07-23T16:41:18Z,46.76013333,13.26146667,524.00,
20702,,,,,2019-07-23T16:41:19Z,46.76013333,13.26146667,524.00,
20703,,,,,2019-07-23T16:41:20Z,46.76013333,13.26146667,523.00,
20704,,,,,2019-07-23T16:41:21Z,46.76013333,13.26146667,523.00,
20705,,,,,2019-07-23T16:41:22Z,46.76015000,13.26146667,523.00,
20706,,,,,2019-07-23T16:41:23Z,46.76015000,13.26146667,524.00,
20707,,,,,2019-07-23T16:41:24Z,46.76015000,13.26146667,524.00,
20708,,,,,2019-07-23T16:41:25Z,46.76015000,13.26148333,524.00,
20709,,,,,2019-07-23T16:41:26Z,46.76015000,13.26148333,524.00,
20710,,,,,2019-07-23T16:41:27Z,46.76015000,13.26148333,524.00,
20711,,,,,2019-07-23T16:41:28Z,46.76015000,13.26148333,524.00,
20712,,,,,2019-07-23T16:41:29Z,46.76013333,13.26146667,524.00,
20713,,,,,2019-07-23T16:41:30Z,46.76013333,13.26146667,524.00,
20714,,,,,2019-07-23T16:41:31Z,46.76015000,13.26146667,524.00,
20715,,,,,2019-07-23T16:41:32Z,46.76015000,13.26146667,524.00,
20716,,,,,2019-07-23T16:41:33Z,46.76013333,13.26146667,524.00,
20717,,,,,2019-07-23T16:41:34Z,46.76013333,13.26146667,524.00,
20718,,,,,2019-07-23T16:41:35Z,46.76013333,13.26146667,524.00,
20719,,,,,2019-07-23T16:41:36Z,46.76015000,13.26146667,524.00,
20720,,,,,2019-07-23T16:41:37Z,46.76015000,13.26146667,524.00,
20721,,,,,2019-07-23T16:41:38Z,46.76015000,13.26146667,524.00,
20722,,,,,2019-07-23T16:41:39Z,46.76015000,13.26146667,524.00,
20723,,,,,2019-07-23T16:41:40Z,46.76015000,13.26146667,524.00,
20724,,,,,2019-07-23T16:41:41Z,46.76015000,13.26146667,524.00,
20725,,,,,2019-07-23T16:41:42Z,46.76015000,13.26146667,524.00,
20726,,,,,2019-07-23T16:41:43Z,46.76015000,13.26146667,524.00,
20727,,,,,2019-07-23T16:41:44Z,46.76015000,13.26146667,524.00,
20728,,,,,2019-07-23T16:41:45Z,46.76015000,13.26146667,524.00,
20729,,,,,2019-07-23T16:41:46Z,46.76015000,13.26146667,524.00,
20730,,,,,2019-07-23T16:41:47Z,46.76015000,13.26148333,524.00,
20731,,,,,2019-07-23T16:41:48Z,46.76015000,13.26148333,524.00,
20732,,,,,2019-07-23T16:41:49Z,46.76015000,13.26148333,524.00,
20733,,,,,2019-07-23T16:41:50Z,46.76015000,13.26148333,524.00,
20734,,,,,2019-07-23T16:41:51Z,46.76015000,13.26148333,524.00,
20735,,,,,2019-07-23T16:41:52Z,46.76015000,13.26148333,524.00,
20736,,,,,2019-07-23T16:41:53Z,46.76015000,13.26148333,524.00,
20737,,,,,2019-07-23T16:41:54Z,46.76015000,13.26146667,524.00,
20738,,,,,2019-07-23T16:41:55Z,46.76015000,13.26146667,524.00,
20739,,,,,2019-07-23T16:41:56Z,46.76015000,13.26146667,524.00,
20740,,,,,2019-07-23T16:41:57Z,46.76015000,13.26146667,525.00,
20741,,,,,2019-07-23T16:41:58Z,46.76015000,13.26146667,524.00,
20742,,,,,2019-07-23T16:41:59Z,46.76015000,13.26146667,525.00,
20743,,,,,2019-07-23T16:42:00Z,46.76015000,13.26146667,525.00,
20744,,,,,2019-07-23T16:42:01Z,46.76015000,13.26146667,526.00,
20745,,,,,2019-07-23T16:42:02Z,46.76015000,13.26146667,525.00,
20746,,,,,2019-07-23T16:42:03Z,46.76015000,13.26146667,525.00,
20747,,,,,2019-07-23T16:42:04Z,46.76015000,13.26146667,525.00,
20748,,,,,2019-07-23T16:42:05Z,46.76015000,13.26146667,519.00,
20749,,,,,2019-07-23T16:42:06Z,46.76016667,13.26148333,519.00,
20750,,,,,2019-07-23T16:42:07Z,46.76016667,13.26146667,520.00,
20751,,,,,2019-07-23T16:42:08Z,46.76016667,13.26146667,524.00,
20752,,,,,2019-07-23T16:42:09Z,46.76016667,13.26146667,525.00,
20753,,,,,2019-07-23T16:42:10Z,46.76015000,13.26146667,526.00,
20754,,,,,2019-07-23T16:42:11Z,46.76015000,13.26146667,525.00,
20755,,,,,2019-07-23T16:42:12Z,46.76015000,13.26146667,525.00,
20756,,,,,2019-07-23T16:42:13Z,46.76015000,13.26145000,525.00,
20757,,,,,2019-07-23T16:42:14Z,46.76015000,13.26145000,525.00,
20758,,,,,2019-07-23T16:42:15Z,46.76015000,13.26145000,525.00,
20759,,,,,2019-07-23T16:42:16Z,46.76015000,13.26145000,526.00,
20760,,,,,2019-07-23T16:42:17Z,46.76015000,13.26146667,525.00,
20761,,,,,2019-07-23T16:42:18Z,46.76015000,13.26146667,524.00,
20762,,,,,2019-07-23T16:42:19Z,46.76013333,13.26146667,525.00,
20763,,,,,2019-07-23T16:42:20Z,46.76015000,13.26146667,527.00,
20764,,,,,2019-07-23T16:42:21Z,46.76015000,13.26146667,527.00,
20765,,,,,2019-07-23T16:42:22Z,46.76016667,13.26146667,526.00,
20766,,,,,2019-07-23T16:42:23Z,46.76016667,13.26145000,526.00,
20767,,,,,2019-07-23T16:42:24Z,46.76018333,13.26145000,525.00,
20768,,,,,2019-07-23T16:42:25Z,46.76018333,13.26143333,525.00,
20769,,,,,2019-07-23T16:42:26Z,46.76020000,13.26143333,524.00,
20770,,,,,2019-07-23T16:42:27Z,46.76020000,13.26143333,525.00,
20771,,,,,2019-07-23T16:42:28Z,46.76021667,13.26143333,525.00,
20772,,,,,2019-07-23T16:42:29Z,46.76021667,13.26141667,525.00,
20773,,,,,2019-07-23T16:42:30Z,46.76023333,13.26141667,525.00,
20774,,,,,2019-07-23T16:42:31Z,46.76023333,13.26143333,525.00,
20775,,,,,2019-07-23T16:42:32Z,46.76025000,13.26143333,524.00,
20776,,,,,2019-07-23T16:42:33Z,46.76023333,13.26143333,524.00,
20777,,,,,2019-07-23T16:42:34Z,46.76023333,13.26143333,525.00,
20778,,,,,2019-07-23T16:42:35Z,46.76023333,13.26143333,525.00,
20779,,,,,2019-07-23T16:42:36Z,46.76023333,13.26143333,524.00,
20780,,,,,2019-07-23T16:42:37Z,46.76023333,13.26143333,525.00,
20781,,,,,2019-07-23T16:42:38Z,46.76023333,13.26143333,524.00,
20782,,,,,2019-07-23T16:42:39Z,46.76023333,13.26143333,525.00,
20783,,,,,2019-07-23T16:42:40Z,46.76023333,13.26143333,525.00,
20784,,,,,2019-07-23T16:42:41Z,46.76023333,13.26143333,525.00,
20785,,,,,2019-07-23T16:42:42Z,46.76023333,13.26143333,524.00,
20786,,,,,2019-07-23T16:42:43Z,46.76023333,13.26143333,526.00,
20787,,,,,2019-07-23T16:42:44Z,46.76023333,13.26143333,525.00,
20788,,,,,2019-07-23T16:42:45Z,46.76023333,13.26143333,526.00,
20789,,,,,2019-07-23T16:42:46Z,46.76023333,13.26143333,526.00,
20790,,,,,2019-07-23T16:42:47Z,46.76023333,13.26143333,524.00,
20791,,,,,2019-07-23T16:42:48Z,46.76025000,13.26143333,522.00,
20792,,,,,2019-07-23T16:42:49Z,46.76023333,13.26143333,525.00,
20793,,,,,2019-07-23T16:42:50Z,46.76025000,13.26145000,526.00,
20794,,,,,2019-07-23T16:42:51Z,46.76023333,13.26145000,527.00,
20795,,,,,2019-07-23T16:42:52Z,46.76023333,13.26145000,525.00,
20796,,,,,2019-07-23T16:42:53Z,46.76023333,13.26145000,526.00,
20797,,,,,2019-07-23T16:42:54Z,46.76023333,13.26145000,525.00,
20798,,,,,2019-07-23T16:42:55Z,46.76023333,13.26145000,525.00,
20799,,,,,2019-07-23T16:42:56Z,46.76023333,13.26145000,526.00,
20800,,,,,2019-07-23T16:42:57Z,46.76023333,13.26145000,525.00,
20801,,,,,2019-07-23T16:42:58Z,46.76023333,13.26145000,525.00,
20802,,,,,2019-07-23T16:42:59Z,46.76023333,13.26145000,527.00,
20803,,,,,2019-07-23T16:43:00Z,46.76023333,13.26145000,525.00,
20804,,,,,2019-07-23T16:43:01Z,46.76023333,13.26145000,524.00,
20805,,,,,2019-07-23T16:43:02Z,46.76025000,13.26145000,524.00,
20806,,,,,2019-07-23T16:43:03Z,46.76025000,13.26145000,525.00,
20807,,,,,2019-07-23T16:43:04Z,46.76025000,13.26143333,524.00,
20808,,,,,2019-07-23T16:43:05Z,46.76025000,13.26143333,526.00,
20809,,,,,2019-07-23T16:43:06Z,46.76025000,13.26145000,525.00,
20810,,,,,2019-07-23T16:43:07Z,46.76025000,13.26145000,525.00,
20811,,,,,2019-07-23T16:43:08Z,46.76025000,13.26145000,525.00,
20812,,,,,2019-07-23T16:43:09Z,46.76025000,13.26145000,524.00,
20813,,,,,2019-07-23T16:43:10Z,46.76025000,13.26145000,524.00,
20814,,,,,2019-07-23T16:43:11Z,46.76025000,13.26145000,525.00,
20815,,,,,2019-07-23T16:43:12Z,46.76025000,13.26145000,525.00,
20816,,,,,2019-07-23T16:43:13Z,46.76025000,13.26145000,523.00,
20817,,,,,2019-07-23T16:43:14Z,46.76025000,13.26145000,525.00,
20818,,,,,2019-07-23T16:43:15Z,46.76025000,13.26143333,526.00,
20819,,,,,2019-07-23T16:43:16Z,46.76025000,13.26143333,525.00,
20820,,,,,2019-07-23T16:43:17Z,46.76025000,13.26143333,524.00,
20821,,,,,2019-07-23T16:43:18Z,46.76025000,13.26143333,530.00,
20822,,,,,2019-07-23T16:43:19Z,46.76025000,13.26143333,532.00,
20823,,,,,2019-07-23T16:43:20Z,46.76025000,13.26143333,530.00,
20824,,,,,2019-07-23T16:43:21Z,46.76025000,13.26143333,528.00,
20825,,,,,2019-07-23T16:43:22Z,46.76025000,13.26143333,527.00,
20826,,,,,2019-07-23T16:43:23Z,46.76025000,13.26143333,527.00,
20827,,,,,2019-07-23T16:43:24Z,46.76025000,13.26143333,526.00,
20828,,,,,2019-07-23T16:43:25Z,46.76025000,13.26143333,526.00,
20829,,,,,2019-07-23T16:43:26Z,46.76025000,13.26143333,526.00,
20830,,,,,2019-07-23T16:43:27Z,46.76025000,13.26143333,526.00,
20831,,,,,2019-07-23T16:43:28Z,46.76025000,13.26143333,526.00,
20832,,,,,2019-07-23T16:43:29Z,46.76025000,13.26143333,526.00,
20833,,,,,2019-07-23T16:43:30Z,46.76023333,13.26143333,526.00,
20834,,,,,2019-07-23T16:43:31Z,46.76023333,13.26143333,525.00,
20835,,,,,2019-07-23T16:43:32Z,46.76021667,13.26143333,525.00,
20836,,,,,2019-07-23T16:43:33Z,46.76021667,13.26145000,525.00,
20837,,,,,2019-07-23T16:43:34Z,46.76021667,13.26143333,525.00,
20838,,,,,2019-07-23T16:43:35Z,46.76021667,13.26143333,525.00,
20839,,,,,2019-07-23T16:43:36Z,46.76021667,13.26143333,525.00,
20840,,,,,2019-07-23T16:43:37Z,46.76021667,13.26143333,525.00,
20841,,,,,2019-07-23T16:43:38Z,46.76021667,13.26143333,525.00,
20842,,,,,2019-07-23T16:43:39Z,46.76021667,13.26143333,525.00,
20843,,,,,2019-07-23T16:43:40Z,46.76021667,13.26143333,525.00,
20844,,,,,2019-07-23T16:43:41Z,46.76021667,13.26143333,525.00,
20845,,,,,2019-07-23T16:43:42Z,46.76021667,13.26143333,525.00,
20846,,,,,2019-07-23T16:43:43Z,46.76021667,13.26143333,525.00,
20847,,,,,2019-07-23T16:43:44Z,46.76021667,13.26143333,525.00,
20848,,,,,2019-07-23T16:43:45Z,46.76021667,13.26143333,525.00,
20849,,,,,2019-07-23T16:43:46Z,46.76021667,13.26143333,525.00,
20850,,,,,2019-07-23T16:43:47Z,46.76023333,13.26143333,525.00,
20851,,,,,2019-07-23T16:43:48Z,46.76023333,13.26141667,524.00,
20852,,,,,2019-07-23T16:43:49Z,46.76023333,13.26141667,525.00,
20853,,,,,2019-07-23T16:43:50Z,46.76023333,13.26141667,525.00,
20854,,,,,2019-07-23T16:43:51Z,46.76023333,13.26143333,525.00,
20855,,,,,2019-07-23T16:43:52Z,46.76023333,13.26141667,525.00,
20856,,,,,2019-07-23T16:43:53Z,46.76021667,13.26141667,525.00,
20857,,,,,2019-07-23T16:43:54Z,46.76021667,13.26143333,525.00,
20858,,,,,2019-07-23T16:43:55Z,46.76021667,13.26143333,525.00,
20859,,,,,2019-07-23T16:43:56Z,46.76020000,13.26141667,525.00,
20860,,,,,2019-07-23T16:43:57Z,46.76020000,13.26143333,525.00,
20861,,,,,2019-07-23T16:43:58Z,46.76021667,13.26143333,525.00,
20862,,,,,2019-07-23T16:43:59Z,46.76021667,13.26143333,524.00,
20863,,,,,2019-07-23T16:44:00Z,46.76021667,13.26143333,523.00,
20864,,,,,2019-07-23T16:44:01Z,46.76021667,13.26141667,523.00,
20865,,,,,2019-07-23T16:44:02Z,46.76021667,13.26143333,525.00,
20866,,,,,2019-07-23T16:44:03Z,46.76021667,13.26143333,526.00,
20867,,,,,2019-07-23T16:44:04Z,46.76021667,13.26143333,526.00,
20868,,,,,2019-07-23T16:44:05Z,46.76021667,13.26143333,526.00,
20869,,,,,2019-07-23T16:44:06Z,46.76021667,13.26143333,525.00,
20870,,,,,2019-07-23T16:44:07Z,46.76021667,13.26143333,525.00,
20871,,,,,2019-07-23T16:44:08Z,46.76021667,13.26143333,525.00,
20872,,,,,2019-07-23T16:44:09Z,46.76021667,13.26143333,525.00,
20873,,,,,2019-07-23T16:44:10Z,46.76021667,13.26143333,525.00,
20874,,,,,2019-07-23T16:44:11Z,46.76021667,13.26143333,525.00,
20875,,,,,2019-07-23T16:44:12Z,46.76021667,13.26143333,525.00,
20876,,,,,2019-07-23T16:44:13Z,46.76021667,13.26143333,525.00,
20877,,,,,2019-07-23T16:44:14Z,46.76021667,13.26143333,524.00,
20878,,,,,2019-07-23T16:44:15Z,46.76021667,13.26143333,523.00,
20879,,,,,2019-07-23T16:44:16Z,46.76021667,13.26143333,524.00,
20880,,,,,2019-07-23T16:44:17Z,46.76021667,13.26143333,524.00,
20881,,,,,2019-07-23T16:44:18Z,46.76021667,13.26145000,525.00,
20882,,,,,2019-07-23T16:44:19Z,46.76021667,13.26145000,525.00,
20883,,,,,2019-07-23T16:44:20Z,46.76021667,13.26145000,525.00,
20884,,,,,2019-07-23T16:44:21Z,46.76021667,13.26145000,525.00,
20885,,,,,2019-07-23T16:44:22Z,46.76021667,13.26145000,525.00,
20886,,,,,2019-07-23T16:44:23Z,46.76021667,13.26145000,525.00,
20887,,,,,2019-07-23T16:44:24Z,46.76021667,13.26145000,525.00,
20888,,,,,2019-07-23T16:44:25Z,46.76021667,13.26145000,525.00,
20889,,,,,2019-07-23T16:44:26Z,46.76021667,13.26145000,525.00,
20890,,,,,2019-07-23T16:44:27Z,46.76021667,13.26145000,525.00,
20891,,,,,2019-07-23T16:44:28Z,46.76021667,13.26145000,525.00,
20892,,,,,2019-07-23T16:44:29Z,46.76021667,13.26145000,525.00,
20893,,,,,2019-07-23T16:44:30Z,46.76021667,13.26145000,524.00,
20894,,,,,2019-07-23T16:44:31Z,46.76021667,13.26145000,525.00,
20895,,,,,2019-07-23T16:44:32Z,46.76021667,13.26145000,525.00,
20896,,,,,2019-07-23T16:44:33Z,46.76021667,13.26145000,525.00,
20897,,,,,2019-07-23T16:44:34Z,46.76021667,13.26143333,525.00,
20898,,,,,2019-07-23T16:44:35Z,46.76021667,13.26143333,525.00,
20899,,,,,2019-07-23T16:44:36Z,46.76021667,13.26143333,525.00,
20900,,,,,2019-07-23T16:44:37Z,46.76021667,13.26145000,525.00,
20901,,,,,2019-07-23T16:44:38Z,46.76020000,13.26145000,525.00,
20902,,,,,2019-07-23T16:44:39Z,46.76020000,13.26145000,525.00,
20903,,,,,2019-07-23T16:44:40Z,46.76020000,13.26145000,525.00,
20904,,,,,2019-07-23T16:44:41Z,46.76020000,13.26145000,525.00,
20905,,,,,2019-07-23T16:44:42Z,46.76020000,13.26145000,525.00,
20906,,,,,2019-07-23T16:44:43Z,46.76020000,13.26145000,525.00,
20907,,,,,2019-07-23T16:44:44Z,46.76020000,13.26145000,525.00,
20908,,,,,2019-07-23T16:44:45Z,46.76020000,13.26145000,525.00,
20909,,,,,2019-07-23T16:44:46Z,46.76020000,13.26145000,525.00,
20910,,,,,2019-07-23T16:44:47Z,46.76020000,13.26145000,525.00,
20911,,,,,2019-07-23T16:44:48Z,46.76021667,13.26143333,525.00,
20912,,,,,2019-07-23T16:44:49Z,46.76021667,13.26143333,525.00,
20913,,,,,2019-07-23T16:44:50Z,46.76021667,13.26143333,524.00,
20914,,,,,2019-07-23T16:44:51Z,46.76021667,13.26143333,525.00,
20915,,,,,2019-07-23T16:44:52Z,46.76021667,13.26143333,525.00,
20916,,,,,2019-07-23T16:44:53Z,46.76021667,13.26141667,525.00,
20917,,,,,2019-07-23T16:44:54Z,46.76021667,13.26141667,525.00,
20918,,,,,2019-07-23T16:44:55Z,46.76021667,13.26141667,525.00,
20919,,,,,2019-07-23T16:44:56Z,46.76021667,13.26141667,525.00,
20920,,,,,2019-07-23T16:44:57Z,46.76021667,13.26141667,524.00,
20921,,,,,2019-07-23T16:44:58Z,46.76020000,13.26141667,523.00,
20922,,,,,2019-07-23T16:44:59Z,46.76020000,13.26141667,524.00,
20923,,,,,2019-07-23T16:45:00Z,46.76020000,13.26141667,525.00,
20924,,,,,2019-07-23T16:45:01Z,46.76020000,13.26141667,526.00,
20925,,,,,2019-07-23T16:45:02Z,46.76020000,13.26141667,526.00,
20926,,,,,2019-07-23T16:45:03Z,46.76020000,13.26141667,525.00,
20927,,,,,2019-07-23T16:45:04Z,46.76020000,13.26141667,525.00,
20928,,,,,2019-07-23T16:45:05Z,46.76020000,13.26141667,525.00,
20929,,,,,2019-07-23T16:45:06Z,46.76020000,13.26141667,525.00,
20930,,,,,2019-07-23T16:45:07Z,46.76020000,13.26141667,525.00,
20931,,,,,2019-07-23T16:45:08Z,46.76020000,13.26141667,523.00,
20932,,,,,2019-07-23T16:45:09Z,46.76020000,13.26141667,525.00,
20933,,,,,2019-07-23T16:45:10Z,46.76020000,13.26143333,526.00,
20934,,,,,2019-07-23T16:45:11Z,46.76020000,13.26143333,525.00,
20935,,,,,2019-07-23T16:45:12Z,46.76018333,13.26143333,525.00,
20936,,,,,2019-07-23T16:45:13Z,46.76018333,13.26143333,524.00,
20937,,,,,2019-07-23T16:45:14Z,46.76016667,13.26143333,525.00,
20938,,,,,2019-07-23T16:45:15Z,46.76016667,13.26143333,526.00,
20939,,,,,2019-07-23T16:45:16Z,46.76015000,13.26143333,526.00,
20940,,,,,2019-07-23T16:45:17Z,46.76015000,13.26143333,525.00,
20941,,,,,2019-07-23T16:45:18Z,46.76013333,13.26143333,525.00,
20942,,,,,2019-07-23T16:45:19Z,46.76013333,13.26143333,525.00,
20943,,,,,2019-07-23T16:45:20Z,46.76011667,13.26143333,525.00,
20944,,,,,2019-07-23T16:45:21Z,46.76011667,13.26143333,525.00,
20945,,,,,2019-07-23T16:45:22Z,46.76011667,13.26143333,524.00,
20946,,,,,2019-07-23T16:45:23Z,46.76011667,13.26143333,524.00,
20947,,,,,2019-07-23T16:45:24Z,46.76011667,13.26141667,525.00,
20948,,,,,2019-07-23T16:45:25Z,46.76011667,13.26141667,526.00,
20949,,,,,2019-07-23T16:45:26Z,46.76013333,13.26141667,525.00,
20950,,,,,2019-07-23T16:45:27Z,46.76013333,13.26141667,525.00,
20951,,,,,2019-07-23T16:45:28Z,46.76013333,13.26141667,526.00,
20952,,,,,2019-07-23T16:45:29Z,46.76015000,13.26140000,525.00,
20953,,,,,2019-07-23T16:45:30Z,46.76015000,13.26140000,525.00,
20954,,,,,2019-07-23T16:45:31Z,46.76015000,13.26138333,526.00,
20955,,,,,2019-07-23T16:45:32Z,46.76016667,13.26136667,525.00,
20956,,,,,2019-07-23T16:45:33Z,46.76018333,13.26136667,525.00,
20957,,,,,2019-07-23T16:45:34Z,46.76020000,13.26138333,525.00,
20958,,,,,2019-07-23T16:45:35Z,46.76020000,13.26138333,525.00,
20959,,,,,2019-07-23T16:45:36Z,46.76021667,13.26140000,526.00,
20960,,,,,2019-07-23T16:45:37Z,46.76023333,13.26140000,525.00,
20961,,,,,2019-07-23T16:45:38Z,46.76023333,13.26141667,525.00,
20962,,,,,2019-07-23T16:45:39Z,46.76023333,13.26143333,525.00,
20963,,,,,2019-07-23T16:45:40Z,46.76023333,13.26143333,525.00,
20964,,,,,2019-07-23T16:45:41Z,46.76023333,13.26143333,526.00,
20965,,,,,2019-07-23T16:45:42Z,46.76023333,13.26143333,526.00,
20966,,,,,2019-07-23T16:45:43Z,46.76025000,13.26143333,523.00,
20967,,,,,2019-07-23T16:45:44Z,46.76025000,13.26143333,526.00,
20968,,,,,2019-07-23T16:45:45Z,46.76023333,13.26143333,525.00,
20969,,,,,2019-07-23T16:45:46Z,46.76023333,13.26143333,524.00,
20970,,,,,2019-07-23T16:45:47Z,46.76023333,13.26143333,523.00,
20971,,,,,2019-07-23T16:45:48Z,46.76023333,13.26143333,526.00,
20972,,,,,2019-07-23T16:45:49Z,46.76021667,13.26143333,525.00,
20973,,,,,2019-07-23T16:45:50Z,46.76020000,13.26143333,525.00,
20974,,,,,2019-07-23T16:45:51Z,46.76020000,13.26143333,525.00,
20975,,,,,2019-07-23T16:45:52Z,46.76020000,13.26143333,525.00,
20976,,,,,2019-07-23T16:45:53Z,46.76020000,13.26143333,524.00,
20977,,,,,2019-07-23T16:45:54Z,46.76020000,13.26143333,524.00,
20978,,,,,2019-07-23T16:45:55Z,46.76020000,13.26145000,525.00,
20979,,,,,2019-07-23T16:45:56Z,46.76020000,13.26143333,526.00,
20980,,,,,2019-07-23T16:45:57Z,46.76020000,13.26143333,526.00,
20981,,,,,2019-07-23T16:45:58Z,46.76020000,13.26141667,525.00,
20982,,,,,2019-07-23T16:45:59Z,46.76021667,13.26141667,526.00,
20983,,,,,2019-07-23T16:46:00Z,46.76021667,13.26141667,525.00,
20984,,,,,2019-07-23T16:46:01Z,46.76023333,13.26141667,524.00,
20985,,,,,2019-07-23T16:46:02Z,46.76023333,13.26141667,524.00,
20986,,,,,2019-07-23T16:46:03Z,46.76023333,13.26143333,525.00,
20987,,,,,2019-07-23T16:46:04Z,46.76023333,13.26143333,524.00,
20988,,,,,2019-07-23T16:46:05Z,46.76025000,13.26143333,525.00,
20989,,,,,2019-07-23T16:46:06Z,46.76025000,13.26143333,525.00,
20990,,,,,2019-07-23T16:46:07Z,46.76025000,13.26143333,526.00,
20991,,,,,2019-07-23T16:46:08Z,46.76025000,13.26143333,526.00,
20992,,,,,2019-07-23T16:46:09Z,46.76023333,13.26143333,524.00,
20993,,,,,2019-07-23T16:46:10Z,46.76023333,13.26143333,525.00,
20994,,,,,2019-07-23T16:46:11Z,46.76023333,13.26143333,523.00,
20995,,,,,2019-07-23T16:46:12Z,46.76023333,13.26143333,523.00,
20996,,,,,2019-07-23T16:46:13Z,46.76023333,13.26143333,526.00,
20997,,,,,2019-07-23T16:46:14Z,46.76023333,13.26141667,523.00,
20998,,,,,2019-07-23T16:46:15Z,46.76021667,13.26143333,526.00,
20999,,,,,2019-07-23T16:46:16Z,46.76023333,13.26143333,526.00,
21000,,,,,2019-07-23T16:46:17Z,46.76023333,13.26143333,526.00,
21001,,,,,2019-07-23T16:46:18Z,46.76023333,13.26143333,525.00,
21002,,,,,2019-07-23T16:46:19Z,46.76023333,13.26143333,524.00,
21003,,,,,2019-07-23T16:46:20Z,46.76023333,13.26145000,525.00,
21004,,,,,2019-07-23T16:46:21Z,46.76023333,13.26145000,525.00,
21005,,,,,2019-07-23T16:46:22Z,46.76021667,13.26145000,525.00,
21006,,,,,2019-07-23T16:46:23Z,46.76021667,13.26145000,525.00,
21007,,,,,2019-07-23T16:46:24Z,46.76023333,13.26145000,525.00,
21008,,,,,2019-07-23T16:46:25Z,46.76023333,13.26145000,526.00,
21009,,,,,2019-07-23T16:46:26Z,46.76023333,13.26145000,525.00,
21010,,,,,2019-07-23T16:46:27Z,46.76023333,13.26146667,524.00,
21011,,,,,2019-07-23T16:46:28Z,46.76021667,13.26146667,524.00,
21012,,,,,2019-07-23T16:46:29Z,46.76021667,13.26146667,524.00,
21013,,,,,2019-07-23T16:46:30Z,46.76021667,13.26146667,525.00,
21014,,,,,2019-07-23T16:46:31Z,46.76023333,13.26146667,525.00,
21015,,,,,2019-07-23T16:46:32Z,46.76021667,13.26146667,526.00,
21016,,,,,2019-07-23T16:46:33Z,46.76021667,13.26146667,526.00,
21017,,,,,2019-07-23T16:46:34Z,46.76021667,13.26146667,525.00,
21018,,,,,2019-07-23T16:46:35Z,46.76021667,13.26148333,525.00,
21019,,,,,2019-07-23T16:46:36Z,46.76023333,13.26148333,524.00,
21020,,,,,2019-07-23T16:46:37Z,46.76023333,13.26148333,525.00,
21021,,,,,2019-07-23T16:46:38Z,46.76023333,13.26148333,525.00,
21022,,,,,2019-07-23T16:46:39Z,46.76023333,13.26148333,523.00,
21023,,,,,2019-07-23T16:46:40Z,46.76023333,13.26148333,524.00,
21024,,,,,2019-07-23T16:46:41Z,46.76023333,13.26148333,525.00,
21025,,,,,2019-07-23T16:46:42Z,46.76023333,13.26148333,525.00,
21026,,,,,2019-07-23T16:46:43Z,46.76023333,13.26148333,524.00,
21027,,,,,2019-07-23T16:46:44Z,46.76023333,13.26148333,524.00,
21028,,,,,2019-07-23T16:46:45Z,46.76023333,13.26148333,523.00,
21029,,,,,2019-07-23T16:46:46Z,46.76023333,13.26146667,523.00,
21030,,,,,2019-07-23T16:46:47Z,46.76023333,13.26148333,526.00,
21031,,,,,2019-07-23T16:46:48Z,46.76023333,13.26148333,525.00,
21032,,,,,2019-07-23T16:46:49Z,46.76023333,13.26150000,525.00,
21033,,,,,2019-07-23T16:46:50Z,46.76023333,13.26150000,525.00,
21034,,,,,2019-07-23T16:46:51Z,46.76023333,13.26148333,524.00,
21035,,,,,2019-07-23T16:46:52Z,46.76023333,13.26148333,525.00,
21036,,,,,2019-07-23T16:46:53Z,46.76021667,13.26148333,524.00,
21037,,,,,2019-07-23T16:46:54Z,46.76021667,13.26148333,525.00,
21038,,,,,2019-07-23T16:46:55Z,46.76021667,13.26148333,525.00,
21039,,,,,2019-07-23T16:46:56Z,46.76021667,13.26146667,522.00,
21040,,,,,2019-07-23T16:46:57Z,46.76021667,13.26146667,525.00,
21041,,,,,2019-07-23T16:46:58Z,46.76021667,13.26148333,525.00,
21042,,,,,2019-07-23T16:46:59Z,46.76021667,13.26148333,525.00,
21043,,,,,2019-07-23T16:47:00Z,46.76021667,13.26148333,525.00,
21044,,,,,2019-07-23T16:47:01Z,46.76021667,13.26148333,525.00,
21045,,,,,2019-07-23T16:47:02Z,46.76021667,13.26148333,525.00,
21046,,,,,2019-07-23T16:47:03Z,46.76021667,13.26146667,525.00,
21047,,,,,2019-07-23T16:47:04Z,46.76021667,13.26146667,524.00,
21048,,,,,2019-07-23T16:47:05Z,46.76021667,13.26146667,526.00,
21049,,,,,2019-07-23T16:47:06Z,46.76021667,13.26146667,526.00,
21050,,,,,2019-07-23T16:47:07Z,46.76021667,13.26146667,525.00,
21051,,,,,2019-07-23T16:47:08Z,46.76021667,13.26146667,524.00,
21052,,,,,2019-07-23T16:47:09Z,46.76021667,13.26146667,525.00,
21053,,,,,2019-07-23T16:47:10Z,46.76021667,13.26146667,526.00,
21054,,,,,2019-07-23T16:47:11Z,46.76021667,13.26146667,526.00,
21055,,,,,2019-07-23T16:47:12Z,46.76021667,13.26146667,526.00,
21056,,,,,2019-07-23T16:47:13Z,46.76021667,13.26146667,526.00,
21057,,,,,2019-07-23T16:47:14Z,46.76021667,13.26145000,525.00,
21058,,,,,2019-07-23T16:47:15Z,46.76021667,13.26145000,525.00,
21059,,,,,2019-07-23T16:47:16Z,46.76020000,13.26145000,524.00,
21060,,,,,2019-07-23T16:47:17Z,46.76020000,13.26145000,525.00,
21061,,,,,2019-07-23T16:47:18Z,46.76020000,13.26145000,525.00,
21062,,,,,2019-07-23T16:47:19Z,46.76020000,13.26145000,525.00,
21063,,,,,2019-07-23T16:47:20Z,46.76020000,13.26145000,525.00,
21064,,,,,2019-07-23T16:47:21Z,46.76021667,13.26145000,524.00,
21065,,,,,2019-07-23T16:47:22Z,46.76021667,13.26146667,524.00,
21066,,,,,2019-07-23T16:47:23Z,46.76020000,13.26146667,526.00,
21067,,,,,2019-07-23T16:47:24Z,46.76020000,13.26146667,526.00,
21068,,,,,2019-07-23T16:47:25Z,46.76020000,13.26146667,525.00,
21069,,,,,2019-07-23T16:47:26Z,46.76020000,13.26146667,525.00,
21070,,,,,2019-07-23T16:47:27Z,46.76020000,13.26146667,525.00,
21071,,,,,2019-07-23T16:47:28Z,46.76020000,13.26146667,525.00,
21072,,,,,2019-07-23T16:47:29Z,46.76020000,13.26146667,525.00,
21073,,,,,2019-07-23T16:47:30Z,46.76020000,13.26146667,525.00,
21074,,,,,2019-07-23T16:47:31Z,46.76020000,13.26146667,523.00,
21075,,,,,2019-07-23T16:47:32Z,46.76020000,13.26145000,523.00,
21076,,,,,2019-07-23T16:47:33Z,46.76020000,13.26146667,525.00,
21077,,,,,2019-07-23T16:47:34Z,46.76021667,13.26145000,526.00,
21078,,,,,2019-07-23T16:47:35Z,46.76023333,13.26146667,525.00,
21079,,,,,2019-07-23T16:47:36Z,46.76023333,13.26146667,525.00,
21080,,,,,2019-07-23T16:47:37Z,46.76023333,13.26148333,524.00,
21081,,,,,2019-07-23T16:47:38Z,46.76023333,13.26148333,523.00,
21082,,,,,2019-07-23T16:47:39Z,46.76023333,13.26148333,525.00,
21083,,,,,2019-07-23T16:47:40Z,46.76023333,13.26148333,525.00,
21084,,,,,2019-07-23T16:47:41Z,46.76023333,13.26148333,525.00,
21085,,,,,2019-07-23T16:47:42Z,46.76023333,13.26146667,526.00,
21086,,,,,2019-07-23T16:47:43Z,46.76023333,13.26146667,526.00,
21087,,,,,2019-07-23T16:47:44Z,46.76023333,13.26146667,525.00,
21088,,,,,2019-07-23T16:47:45Z,46.76023333,13.26145000,522.00,
21089,,,,,2019-07-23T16:47:46Z,46.76023333,13.26145000,523.00,
21090,,,,,2019-07-23T16:47:47Z,46.76023333,13.26145000,525.00,
21091,,,,,2019-07-23T16:47:48Z,46.76023333,13.26145000,523.00,
21092,,,,,2019-07-23T16:47:49Z,46.76023333,13.26145000,525.00,
21093,,,,,2019-07-23T16:47:50Z,46.76023333,13.26145000,525.00,
21094,,,,,2019-07-23T16:47:51Z,46.76023333,13.26145000,526.00,
21095,,,,,2019-07-23T16:47:52Z,46.76023333,13.26145000,526.00,
21096,,,,,2019-07-23T16:47:53Z,46.76025000,13.26143333,527.00,
21097,,,,,2019-07-23T16:47:54Z,46.76025000,13.26143333,526.00,
21098,,,,,2019-07-23T16:47:55Z,46.76025000,13.26143333,525.00,
21099,,,,,2019-07-23T16:47:56Z,46.76025000,13.26143333,526.00,
21100,,,,,2019-07-23T16:47:57Z,46.76026667,13.26143333,525.00,
21101,,,,,2019-07-23T16:47:58Z,46.76026667,13.26143333,524.00,
21102,,,,,2019-07-23T16:47:59Z,46.76025000,13.26145000,524.00,
21103,,,,,2019-07-23T16:48:00Z,46.76025000,13.26145000,525.00,
21104,,,,,2019-07-23T16:48:01Z,46.76025000,13.26145000,525.00,
21105,,,,,2019-07-23T16:48:02Z,46.76026667,13.26143333,526.00,
21106,,,,,2019-07-23T16:48:03Z,46.76026667,13.26143333,525.00,
21107,,,,,2019-07-23T16:48:04Z,46.76026667,13.26143333,524.00,
21108,,,,,2019-07-23T16:48:05Z,46.76025000,13.26143333,525.00,
21109,,,,,2019-07-23T16:48:06Z,46.76025000,13.26143333,525.00,
21110,,,,,2019-07-23T16:48:07Z,46.76025000,13.26143333,525.00,
21111,,,,,2019-07-23T16:48:08Z,46.76025000,13.26143333,524.00,
21112,,,,,2019-07-23T16:48:09Z,46.76023333,13.26143333,525.00,
21113,,,,,2019-07-23T16:48:10Z,46.76023333,13.26143333,523.00,
21114,,,,,2019-07-23T16:48:11Z,46.76023333,13.26143333,525.00,
21115,,,,,2019-07-23T16:48:12Z,46.76023333,13.26143333,525.00,
21116,,,,,2019-07-23T16:48:13Z,46.76023333,13.26143333,522.00,
21117,,,,,2019-07-23T16:48:14Z,46.76023333,13.26145000,517.00,
21118,,,,,2019-07-23T16:48:15Z,46.76023333,13.26145000,512.00,
21119,,,,,2019-07-23T16:48:16Z,46.76023333,13.26145000,518.00,
21120,,,,,2019-07-23T16:48:17Z,46.76023333,13.26145000,520.00,
21121,,,,,2019-07-23T16:48:18Z,46.76023333,13.26145000,528.00,
21122,,,,,2019-07-23T16:48:19Z,46.76023333,13.26145000,530.00,
21123,,,,,2019-07-23T16:48:20Z,46.76023333,13.26145000,527.00,
21124,,,,,2019-07-23T16:48:21Z,46.76023333,13.26145000,524.00,
21125,,,,,2019-07-23T16:48:22Z,46.76023333,13.26145000,522.00,
21126,,,,,2019-07-23T16:48:23Z,46.76023333,13.26145000,524.00,
21127,,,,,2019-07-23T16:48:24Z,46.76023333,13.26145000,526.00,
21128,,,,,2019-07-23T16:48:25Z,46.76021667,13.26145000,526.00,
21129,,,,,2019-07-23T16:48:26Z,46.76023333,13.26145000,523.00,
21130,,,,,2019-07-23T16:48:27Z,46.76023333,13.26145000,524.00,
21131,,,,,2019-07-23T16:48:28Z,46.76023333,13.26145000,525.00,
21132,,,,,2019-07-23T16:48:29Z,46.76021667,13.26145000,526.00,
21133,,,,,2019-07-23T16:48:30Z,46.76021667,13.26145000,526.00,
21134,,,,,2019-07-23T16:48:31Z,46.76021667,13.26145000,525.00,
21135,,,,,2019-07-23T16:48:32Z,46.76021667,13.26145000,525.00,
21136,,,,,2019-07-23T16:48:33Z,46.76021667,13.26145000,525.00,
21137,,,,,2019-07-23T16:48:34Z,46.76021667,13.26145000,519.00,
21138,,,,,2019-07-23T16:48:35Z,46.76021667,13.26145000,527.00,
21139,,,,,2019-07-23T16:48:36Z,46.76023333,13.26145000,529.00,
21140,,,,,2019-07-23T16:48:37Z,46.76023333,13.26145000,528.00,
21141,,,,,2019-07-23T16:48:38Z,46.76023333,13.26145000,526.00,
21142,,,,,2019-07-23T16:48:39Z,46.76023333,13.26145000,526.00,
21143,,,,,2019-07-23T16:48:40Z,46.76023333,13.26145000,525.00,
21144,,,,,2019-07-23T16:48:41Z,46.76023333,13.26145000,525.00,
21145,,,,,2019-07-23T16:48:42Z,46.76023333,13.26145000,525.00,
21146,,,,,2019-07-23T16:48:43Z,46.76021667,13.26145000,525.00,
21147,,,,,2019-07-23T16:48:44Z,46.76021667,13.26145000,525.00,
21148,,,,,2019-07-23T16:48:45Z,46.76021667,13.26145000,525.00,
21149,,,,,2019-07-23T16:48:46Z,46.76021667,13.26145000,525.00,
21150,,,,,2019-07-23T16:48:47Z,46.76021667,13.26145000,525.00,
21151,,,,,2019-07-23T16:48:48Z,46.76021667,13.26145000,525.00,
21152,,,,,2019-07-23T16:48:49Z,46.76021667,13.26145000,525.00,
21153,,,,,2019-07-23T16:48:50Z,46.76021667,13.26145000,525.00,
21154,,,,,2019-07-23T16:48:51Z,46.76021667,13.26145000,525.00,
21155,,,,,2019-07-23T16:48:52Z,46.76021667,13.26145000,525.00,
21156,,,,,2019-07-23T16:48:53Z,46.76021667,13.26145000,525.00,
21157,,,,,2019-07-23T16:48:54Z,46.76021667,13.26145000,523.00,
21158,,,,,2019-07-23T16:48:55Z,46.76020000,13.26145000,522.00,
21159,,,,,2019-07-23T16:48:56Z,46.76020000,13.26145000,523.00,
21160,,,,,2019-07-23T16:48:57Z,46.76020000,13.26145000,526.00,
21161,,,,,2019-07-23T16:48:58Z,46.76020000,13.26145000,526.00,
21162,,,,,2019-07-23T16:48:59Z,46.76020000,13.26145000,525.00,
21163,,,,,2019-07-23T16:49:00Z,46.76021667,13.26145000,525.00,
21164,,,,,2019-07-23T16:49:01Z,46.76021667,13.26145000,524.00,
21165,,,,,2019-07-23T16:49:02Z,46.76021667,13.26145000,524.00,
21166,,,,,2019-07-23T16:49:03Z,46.76021667,13.26143333,525.00,
21167,,,,,2019-07-23T16:49:04Z,46.76021667,13.26143333,525.00,
21168,,,,,2019-07-23T16:49:05Z,46.76021667,13.26143333,525.00,
21169,,,,,2019-07-23T16:49:06Z,46.76021667,13.26145000,525.00,
21170,,,,,2019-07-23T16:49:07Z,46.76021667,13.26145000,525.00,
21171,,,,,2019-07-23T16:49:08Z,46.76021667,13.26145000,525.00,
21172,,,,,2019-07-23T16:49:09Z,46.76021667,13.26145000,525.00,
21173,,,,,2019-07-23T16:49:10Z,46.76021667,13.26145000,525.00,
21174,,,,,2019-07-23T16:49:11Z,46.76021667,13.26145000,525.00,
21175,,,,,2019-07-23T16:49:12Z,46.76021667,13.26143333,525.00,
21176,,,,,2019-07-23T16:49:13Z,46.76021667,13.26143333,525.00,
21177,,,,,2019-07-23T16:49:14Z,46.76021667,13.26143333,525.00,
21178,,,,,2019-07-23T16:49:15Z,46.76021667,13.26143333,525.00,
21179,,,,,2019-07-23T16:49:16Z,46.76021667,13.26143333,526.00,
21180,,,,,2019-07-23T16:49:17Z,46.76021667,13.26143333,525.00,
21181,,,,,2019-07-23T16:49:18Z,46.76021667,13.26143333,524.00,
21182,,,,,2019-07-23T16:49:19Z,46.76021667,13.26145000,524.00,
21183,,,,,2019-07-23T16:49:20Z,46.76021667,13.26145000,524.00,
21184,,,,,2019-07-23T16:49:21Z,46.76021667,13.26145000,524.00,
21185,,,,,2019-07-23T16:49:22Z,46.76020000,13.26145000,529.00,
21186,,,,,2019-07-23T16:49:23Z,46.76020000,13.26145000,529.00,
21187,,,,,2019-07-23T16:49:24Z,46.76020000,13.26145000,528.00,
21188,,,,,2019-07-23T16:49:25Z,46.76020000,13.26143333,527.00,
21189,,,,,2019-07-23T16:49:26Z,46.76020000,13.26143333,525.00,
21190,,,,,2019-07-23T16:49:27Z,46.76020000,13.26143333,527.00,
21191,,,,,2019-07-23T16:49:28Z,46.76020000,13.26143333,527.00,
21192,,,,,2019-07-23T16:49:29Z,46.76020000,13.26143333,526.00,
21193,,,,,2019-07-23T16:49:30Z,46.76020000,13.26143333,525.00,
21194,,,,,2019-07-23T16:49:31Z,46.76020000,13.26143333,525.00,
21195,,,,,2019-07-23T16:49:32Z,46.76020000,13.26143333,524.00,
21196,,,,,2019-07-23T16:49:33Z,46.76020000,13.26143333,524.00,
21197,,,,,2019-07-23T16:49:34Z,46.76020000,13.26143333,524.00,
21198,,,,,2019-07-23T16:49:35Z,46.76020000,13.26143333,524.00,
21199,,,,,2019-07-23T16:49:36Z,46.76020000,13.26143333,524.00,
21200,,,,,2019-07-23T16:49:37Z,46.76020000,13.26145000,524.00,
21201,,,,,2019-07-23T16:49:38Z,46.76020000,13.26145000,525.00,
21202,,,,,2019-07-23T16:49:39Z,46.76020000,13.26145000,525.00,
21203,,,,,2019-07-23T16:49:40Z,46.76020000,13.26145000,525.00,
21204,,,,,2019-07-23T16:49:41Z,46.76020000,13.26145000,524.00,
21205,,,,,2019-07-23T16:49:42Z,46.76020000,13.26146667,524.00,
21206,,,,,2019-07-23T16:49:43Z,46.76020000,13.26145000,524.00,
21207,,,,,2019-07-23T16:49:44Z,46.76020000,13.26145000,524.00,
21208,,,,,2019-07-23T16:49:45Z,46.76020000,13.26145000,524.00,
21209,,,,,2019-07-23T16:49:46Z,46.76020000,13.26145000,524.00,
21210,,,,,2019-07-23T16:49:47Z,46.76021667,13.26145000,525.00,
21211,,,,,2019-07-23T16:49:48Z,46.76021667,13.26145000,524.00,
21212,,,,,2019-07-23T16:49:49Z,46.76021667,13.26143333,523.00,
21213,,,,,2019-07-23T16:49:50Z,46.76021667,13.26143333,524.00,
21214,,,,,2019-07-23T16:49:51Z,46.76021667,13.26143333,525.00,
21215,,,,,2019-07-23T16:49:52Z,46.76021667,13.26143333,525.00,
21216,,,,,2019-07-23T16:49:53Z,46.76023333,13.26143333,527.00,
21217,,,,,2019-07-23T16:49:54Z,46.76023333,13.26143333,527.00,
21218,,,,,2019-07-23T16:49:55Z,46.76023333,13.26141667,525.00,
21219,,,,,2019-07-23T16:49:56Z,46.76023333,13.26141667,523.00,
21220,,,,,2019-07-23T16:49:57Z,46.76023333,13.26141667,525.00,
21221,,,,,2019-07-23T16:49:58Z,46.76025000,13.26143333,526.00,
21222,,,,,2019-07-23T16:49:59Z,46.76025000,13.26141667,526.00,
21223,,,,,2019-07-23T16:50:00Z,46.76025000,13.26141667,525.00,
21224,,,,,2019-07-23T16:50:01Z,46.76025000,13.26143333,524.00,
21225,,,,,2019-07-23T16:50:02Z,46.76023333,13.26143333,519.00,
21226,,,,,2019-07-23T16:50:03Z,46.76023333,13.26143333,523.00,
21227,,,,,2019-07-23T16:50:04Z,46.76025000,13.26143333,527.00,
21228,,,,,2019-07-23T16:50:05Z,46.76025000,13.26143333,527.00,
21229,,,,,2019-07-23T16:50:06Z,46.76025000,13.26143333,529.00,
21230,,,,,2019-07-23T16:50:07Z,46.76025000,13.26143333,527.00,
21231,,,,,2019-07-23T16:50:08Z,46.76025000,13.26141667,526.00,
21232,,,,,2019-07-23T16:50:09Z,46.76025000,13.26141667,527.00,
21233,,,,,2019-07-23T16:50:10Z,46.76025000,13.26141667,527.00,
21234,,,,,2019-07-23T16:50:11Z,46.76025000,13.26141667,526.00,
21235,,,,,2019-07-23T16:50:12Z,46.76023333,13.26143333,526.00,
21236,,,,,2019-07-23T16:50:13Z,46.76023333,13.26143333,525.00,
21237,,,,,2019-07-23T16:50:14Z,46.76021667,13.26143333,525.00,
21238,,,,,2019-07-23T16:50:15Z,46.76021667,13.26141667,525.00,
21239,,,,,2019-07-23T16:50:16Z,46.76021667,13.26141667,525.00,
21240,,,,,2019-07-23T16:50:17Z,46.76020000,13.26140000,525.00,
21241,,,,,2019-07-23T16:50:18Z,46.76020000,13.26140000,525.00,
21242,,,,,2019-07-23T16:50:19Z,46.76018333,13.26138333,525.00,
21243,,,,,2019-07-23T16:50:20Z,46.76018333,13.26136667,525.00,
21244,,,,,2019-07-23T16:50:21Z,46.76016667,13.26135000,525.00,
21245,,,,,2019-07-23T16:50:22Z,46.76015000,13.26135000,525.00,
21246,,,,,2019-07-23T16:50:23Z,46.76013333,13.26135000,525.00,
21247,,,,,2019-07-23T16:50:24Z,46.76011667,13.26136667,525.00,
21248,,,,,2019-07-23T16:50:25Z,46.76010000,13.26138333,525.00,
21249,,,,,2019-07-23T16:50:26Z,46.76010000,13.26140000,525.00,
21250,,,,,2019-07-23T16:50:27Z,46.76010000,13.26141667,525.00,
21251,,,,,2019-07-23T16:50:28Z,46.76010000,13.26143333,525.00,
21252,,,,,2019-07-23T16:50:29Z,46.76010000,13.26145000,525.00,
21253,,,,,2019-07-23T16:50:30Z,46.76010000,13.26146667,525.00,
21254,,,,,2019-07-23T16:50:31Z,46.76010000,13.26148333,525.00,
21255,,,,,2019-07-23T16:50:32Z,46.76010000,13.26148333,525.00,
21256,,,,,2019-07-23T16:50:33Z,46.76010000,13.26148333,525.00,
21257,,,,,2019-07-23T16:50:34Z,46.76010000,13.26148333,524.00,
21258,,,,,2019-07-23T16:50:35Z,46.76010000,13.26148333,525.00,
21259,,,,,2019-07-23T16:50:36Z,46.76010000,13.26148333,525.00,
21260,,,,,2019-07-23T16:50:37Z,46.76010000,13.26148333,525.00,
21261,,,,,2019-07-23T16:50:38Z,46.76010000,13.26148333,525.00,
21262,,,,,2019-07-23T16:50:39Z,46.76010000,13.26148333,525.00,
21263,,,,,2019-07-23T16:50:40Z,46.76010000,13.26148333,525.00,
21264,,,,,2019-07-23T16:50:41Z,46.76010000,13.26148333,525.00,
21265,,,,,2019-07-23T16:50:42Z,46.76011667,13.26148333,525.00,
21266,,,,,2019-07-23T16:50:43Z,46.76013333,13.26150000,525.00,
21267,,,,,2019-07-23T16:50:44Z,46.76015000,13.26150000,525.00,
21268,,,,,2019-07-23T16:50:45Z,46.76018333,13.26150000,525.00,
21269,,,,,2019-07-23T16:50:46Z,46.76020000,13.26148333,525.00,
21270,,,,,2019-07-23T16:50:47Z,46.76023333,13.26146667,525.00,
21271,,,,,2019-07-23T16:50:48Z,46.76026667,13.26146667,525.00,
21272,,,,,2019-07-23T16:50:49Z,46.76030000,13.26145000,525.00,
21273,,,,,2019-07-23T16:50:50Z,46.76033333,13.26143333,525.00,
21274,,,,,2019-07-23T16:50:51Z,46.76036667,13.26143333,525.00,
21275,,,,,2019-07-23T16:50:52Z,46.76040000,13.26141667,525.00,
21276,,,,,2019-07-23T16:50:53Z,46.76043333,13.26140000,525.00,
21277,,,,,2019-07-23T16:50:54Z,46.76046667,13.26140000,525.00,
21278,,,,,2019-07-23T16:50:55Z,46.76048333,13.26140000,525.00,
21279,,,,,2019-07-23T16:50:56Z,46.76050000,13.26140000,525.00,
21280,,,,,2019-07-23T16:50:57Z,46.76050000,13.26140000,525.00,
21281,,,,,2019-07-23T16:50:58Z,46.76050000,13.26140000,525.00,
21282,,,,,2019-07-23T16:50:59Z,46.76051667,13.26141667,525.00,
21283,,,,,2019-07-23T16:51:00Z,46.76051667,13.26143333,525.00,
21284,,,,,2019-07-23T16:51:01Z,46.76051667,13.26143333,525.00,
21285,,,,,2019-07-23T16:51:02Z,46.76051667,13.26143333,525.00,
21286,,,,,2019-07-23T16:51:03Z,46.76053333,13.26145000,526.00,
21287,,,,,2019-07-23T16:51:04Z,46.76053333,13.26146667,526.00,
21288,,,,,2019-07-23T16:51:05Z,46.76051667,13.26150000,526.00,
21289,,,,,2019-07-23T16:51:06Z,46.76051667,13.26151667,526.00,
21290,,,,,2019-07-23T16:51:07Z,46.76051667,13.26155000,526.00,
21291,,,,,2019-07-23T16:51:08Z,46.76050000,13.26158333,526.00,
21292,,,,,2019-07-23T16:51:09Z,46.76048333,13.26163333,526.00,
21293,,,,,2019-07-23T16:51:10Z,46.76046667,13.26168333,526.00,
21294,,,,,2019-07-23T16:51:11Z,46.76046667,13.26173333,526.00,
21295,,,,,2019-07-23T16:51:12Z,46.76045000,13.26178333,526.00,
21296,,,,,2019-07-23T16:51:13Z,46.76043333,13.26181667,526.00,
21297,,,,,2019-07-23T16:51:14Z,46.76043333,13.26183333,526.00,
21298,,,,,2019-07-23T16:51:15Z,46.76043333,13.26183333,525.00,
21299,,,,,2019-07-23T16:51:16Z,46.76043333,13.26183333,525.00,
21300,,,,,2019-07-23T16:51:17Z,46.76045000,13.26180000,525.00,
21301,,,,,2019-07-23T16:51:18Z,46.76045000,13.26178333,525.00,
21302,,,,,2019-07-23T16:51:19Z,46.76046667,13.26173333,525.00,
21303,,,,,2019-07-23T16:51:20Z,46.76048333,13.26168333,525.00,
21304,,,,,2019-07-23T16:51:21Z,46.76048333,13.26165000,526.00,
21305,,,,,2019-07-23T16:51:22Z,46.76050000,13.26160000,526.00,
21306,,,,,2019-07-23T16:51:23Z,46.76050000,13.26158333,526.00,
21307,,,,,2019-07-23T16:51:24Z,46.76051667,13.26155000,526.00,
21308,,,,,2019-07-23T16:51:25Z,46.76051667,13.26153333,526.00,
21309,,,,,2019-07-23T16:51:26Z,46.76051667,13.26153333,526.00,
21310,,,,,2019-07-23T16:51:27Z,46.76051667,13.26153333,526.00,
21311,,,,,2019-07-23T16:51:28Z,46.76051667,13.26153333,526.00,
21312,,,,,2019-07-23T16:51:29Z,46.76051667,13.26153333,526.00,
21313,,,,,2019-07-23T16:51:30Z,46.76051667,13.26153333,526.00,
21314,,,,,2019-07-23T16:51:31Z,46.76051667,13.26153333,526.00,
21315,,,,,2019-07-23T16:51:32Z,46.76051667,13.26151667,526.00,
21316,,,,,2019-07-23T16:51:33Z,46.76051667,13.26151667,526.00,
21317,,,,,2019-07-23T16:51:34Z,46.76051667,13.26150000,526.00,
21318,,,,,2019-07-23T16:51:35Z,46.76051667,13.26150000,526.00,
21319,,,,,2019-07-23T16:51:36Z,46.76051667,13.26150000,526.00,
21320,,,,,2019-07-23T16:51:37Z,46.76053333,13.26148333,526.00,
21321,,,,,2019-07-23T16:51:38Z,46.76053333,13.26148333,526.00,
21322,,,,,2019-07-23T16:51:39Z,46.76053333,13.26146667,526.00,
21323,,,,,2019-07-23T16:51:40Z,46.76053333,13.26146667,526.00,
21324,,,,,2019-07-23T16:51:41Z,46.76053333,13.26145000,526.00,
21325,,,,,2019-07-23T16:51:42Z,46.76053333,13.26145000,526.00,
21326,,,,,2019-07-23T16:51:43Z,46.76053333,13.26145000,525.00,
21327,,,,,2019-07-23T16:51:44Z,46.76053333,13.26143333,525.00,
21328,,,,,2019-07-23T16:51:45Z,46.76051667,13.26141667,526.00,
21329,,,,,2019-07-23T16:51:46Z,46.76051667,13.26141667,526.00,
21330,,,,,2019-07-23T16:51:47Z,46.76051667,13.26140000,526.00,
21331,,,,,2019-07-23T16:51:48Z,46.76051667,13.26140000,526.00,
21332,,,,,2019-07-23T16:51:49Z,46.76051667,13.26140000,526.00,
21333,,,,,2019-07-23T16:51:50Z,46.76051667,13.26140000,525.00,
21334,,,,,2019-07-23T16:51:51Z,46.76051667,13.26140000,525.00,
21335,,,,,2019-07-23T16:51:52Z,46.76053333,13.26140000,525.00,
21336,,,,,2019-07-23T16:51:53Z,46.76056667,13.26136667,525.00,
21337,,,,,2019-07-23T16:51:54Z,46.76058333,13.26133333,525.00,
21338,,,,,2019-07-23T16:51:55Z,46.76060000,13.26126667,525.00,
21339,,,,,2019-07-23T16:51:56Z,46.76061667,13.26121667,526.00,
21340,,,,,2019-07-23T16:51:57Z,46.76063333,13.26115000,526.00,
21341,,,,,2019-07-23T16:51:58Z,46.76065000,13.26106667,527.00,
21342,,,,,2019-07-23T16:51:59Z,46.76068333,13.26098333,527.00,
21343,,,,,2019-07-23T16:52:00Z,46.76070000,13.26090000,528.00,
21344,,,,,2019-07-23T16:52:01Z,46.76071667,13.26080000,528.00,
21345,,,,,2019-07-23T16:52:02Z,46.76075000,13.26070000,528.00,
21346,,,,,2019-07-23T16:52:03Z,46.76076667,13.26060000,528.00,
21347,,,,,2019-07-23T16:52:04Z,46.76078333,13.26050000,528.00,
21348,,,,,2019-07-23T16:52:05Z,46.76078333,13.26038333,529.00,
21349,,,,,2019-07-23T16:52:06Z,46.76080000,13.26026667,529.00,
21350,,,,,2019-07-23T16:52:07Z,46.76080000,13.26015000,529.00,
21351,,,,,2019-07-23T16:52:08Z,46.76080000,13.26003333,529.00,
21352,,,,,2019-07-23T16:52:09Z,46.76080000,13.25990000,529.00,
21353,,,,,2019-07-23T16:52:10Z,46.76078333,13.25978333,529.00,
21354,,,,,2019-07-23T16:52:11Z,46.76076667,13.25965000,529.00,
21355,,,,,2019-07-23T16:52:12Z,46.76073333,13.25951667,529.00,
21356,,,,,2019-07-23T16:52:13Z,46.76071667,13.25938333,530.00,
21357,,,,,2019-07-23T16:52:14Z,46.76070000,13.25925000,530.00,
21358,,,,,2019-07-23T16:52:15Z,46.76066667,13.25910000,530.00,
21359,,,,,2019-07-23T16:52:16Z,46.76065000,13.25896667,531.00,
21360,,,,,2019-07-23T16:52:17Z,46.76061667,13.25883333,531.00,
21361,,,,,2019-07-23T16:52:18Z,46.76060000,13.25868333,531.00,
21362,,,,,2019-07-23T16:52:19Z,46.76056667,13.25853333,532.00,
21363,,,,,2019-07-23T16:52:20Z,46.76055000,13.25838333,533.00,
21364,,,,,2019-07-23T16:52:21Z,46.76051667,13.25823333,533.00,
21365,,,,,2019-07-23T16:52:22Z,46.76048333,13.25808333,533.00,
21366,,,,,2019-07-23T16:52:23Z,46.76046667,13.25793333,534.00,
21367,,,,,2019-07-23T16:52:24Z,46.76045000,13.25778333,535.00,
21368,,,,,2019-07-23T16:52:25Z,46.76043333,13.25761667,534.00,
21369,,,,,2019-07-23T16:52:26Z,46.76040000,13.25746667,535.00,
21370,,,,,2019-07-23T16:52:27Z,46.76038333,13.25731667,536.00,
21371,,,,,2019-07-23T16:52:28Z,46.76036667,13.25716667,535.00,
21372,,,,,2019-07-23T16:52:29Z,46.76035000,13.25700000,536.00,
21373,,,,,2019-07-23T16:52:30Z,46.76031667,13.25683333,537.00,
21374,,,,,2019-07-23T16:52:31Z,46.76028333,13.25668333,537.00,
21375,,,,,2019-07-23T16:52:32Z,46.76026667,13.25651667,538.00,
21376,,,,,2019-07-23T16:52:33Z,46.76023333,13.25636667,538.00,
21377,,,,,2019-07-23T16:52:34Z,46.76021667,13.25620000,539.00,
21378,,,,,2019-07-23T16:52:35Z,46.76018333,13.25605000,539.00,
21379,,,,,2019-07-23T16:52:36Z,46.76015000,13.25590000,539.00,
21380,,,,,2019-07-23T16:52:37Z,46.76011667,13.25575000,539.00,
21381,,,,,2019-07-23T16:52:38Z,46.76008333,13.25561667,540.00,
21382,,,,,2019-07-23T16:52:39Z,46.76005000,13.25546667,541.00,
21383,,,,,2019-07-23T16:52:40Z,46.76000000,13.25531667,542.00,
21384,,,,,2019-07-23T16:52:41Z,46.75995000,13.25518333,542.00,
21385,,,,,2019-07-23T16:52:42Z,46.75990000,13.25503333,543.00,
21386,,,,,2019-07-23T16:52:43Z,46.75985000,13.25490000,543.00,
21387,,,,,2019-07-23T16:52:44Z,46.75980000,13.25476667,544.00,
21388,,,,,2019-07-23T16:52:45Z,46.75975000,13.25463333,544.00,
21389,,,,,2019-07-23T16:52:46Z,46.75970000,13.25450000,545.00,
21390,,,,,2019-07-23T16:52:47Z,46.75965000,13.25436667,546.00,
21391,,,,,2019-07-23T16:52:48Z,46.75960000,13.25423333,546.00,
21392,,,,,2019-07-23T16:52:49Z,46.75953333,13.25410000,547.00,
21393,,,,,2019-07-23T16:52:50Z,46.75948333,13.25396667,548.00,
21394,,,,,2019-07-23T16:52:51Z,46.75943333,13.25381667,548.00,
21395,,,,,2019-07-23T16:52:52Z,46.75936667,13.25368333,549.00,
21396,,,,,2019-07-23T16:52:53Z,46.75931667,13.25355000,549.00,
21397,,,,,2019-07-23T16:52:54Z,46.75926667,13.25341667,550.00,
21398,,,,,2019-07-23T16:52:55Z,46.75920000,13.25328333,550.00,
21399,,,,,2019-07-23T16:52:56Z,46.75915000,13.25315000,551.00,
21400,,,,,2019-07-23T16:52:57Z,46.75910000,13.25301667,551.00,
21401,,,,,2019-07-23T16:52:58Z,46.75905000,13.25290000,552.00,
21402,,,,,2019-07-23T16:52:59Z,46.75900000,13.25276667,552.00,
21403,,,,,2019-07-23T16:53:00Z,46.75895000,13.25263333,553.00,
21404,,,,,2019-07-23T16:53:01Z,46.75890000,13.25250000,554.00,
21405,,,,,2019-07-23T16:53:02Z,46.75883333,13.25238333,554.00,
21406,,,,,2019-07-23T16:53:03Z,46.75878333,13.25225000,554.00,
21407,,,,,2019-07-23T16:53:04Z,46.75873333,13.25211667,555.00,
21408,,,,,2019-07-23T16:53:05Z,46.75868333,13.25198333,555.00,
21409,,,,,2019-07-23T16:53:06Z,46.75863333,13.25186667,556.00,
21410,,,,,2019-07-23T16:53:07Z,46.75858333,13.25173333,556.00,
21411,,,,,2019-07-23T16:53:08Z,46.75851667,13.25160000,557.00,
21412,,,,,2019-07-23T16:53:09Z,46.75848333,13.25148333,557.00,
21413,,,,,2019-07-23T16:53:10Z,46.75843333,13.25136667,558.00,
21414,,,,,2019-07-23T16:53:11Z,46.75838333,13.25126667,558.00,
21415,,,,,2019-07-23T16:53:12Z,46.75835000,13.25115000,559.00,
21416,,,,,2019-07-23T16:53:13Z,46.75830000,13.25105000,559.00,
21417,,,,,2019-07-23T16:53:14Z,46.75826667,13.25096667,559.00,
21418,,,,,2019-07-23T16:53:15Z,46.75823333,13.25088333,559.00,
21419,,,,,2019-07-23T16:53:16Z,46.75818333,13.25078333,559.00,
21420,,,,,2019-07-23T16:53:17Z,46.75815000,13.25068333,559.00,
21421,,,,,2019-07-23T16:53:18Z,46.75811667,13.25058333,559.00,
21422,,,,,2019-07-23T16:53:19Z,46.75808333,13.25046667,559.00,
21423,,,,,2019-07-23T16:53:20Z,46.75803333,13.25036667,559.00,
21424,,,,,2019-07-23T16:53:21Z,46.75800000,13.25026667,559.00,
21425,,,,,2019-07-23T16:53:22Z,46.75796667,13.25016667,558.00,
21426,,,,,2019-07-23T16:53:23Z,46.75793333,13.25006667,558.00,
21427,,,,,2019-07-23T16:53:24Z,46.75790000,13.24996667,558.00,
21428,,,,,2019-07-23T16:53:25Z,46.75786667,13.24986667,557.00,
21429,,,,,2019-07-23T16:53:26Z,46.75783333,13.24976667,557.00,
21430,,,,,2019-07-23T16:53:27Z,46.75780000,13.24966667,557.00,
21431,,,,,2019-07-23T16:53:28Z,46.75778333,13.24956667,557.00,
21432,,,,,2019-07-23T16:53:29Z,46.75775000,13.24946667,557.00,
21433,,,,,2019-07-23T16:53:30Z,46.75771667,13.24936667,557.00,
21434,,,,,2019-07-23T16:53:31Z,46.75770000,13.24926667,556.00,
21435,,,,,2019-07-23T16:53:32Z,46.75768333,13.24916667,556.00,
21436,,,,,2019-07-23T16:53:33Z,46.75766667,13.24906667,557.00,
21437,,,,,2019-07-23T16:53:34Z,46.75765000,13.24895000,557.00,
21438,,,,,2019-07-23T16:53:35Z,46.75765000,13.24883333,557.00,
21439,,,,,2019-07-23T16:53:36Z,46.75763333,13.24873333,557.00,
21440,,,,,2019-07-23T16:53:37Z,46.75761667,13.24861667,557.00,
21441,,,,,2019-07-23T16:53:38Z,46.75761667,13.24851667,557.00,
21442,,,,,2019-07-23T16:53:39Z,46.75760000,13.24841667,557.00,
21443,,,,,2019-07-23T16:53:40Z,46.75756667,13.24831667,557.00,
21444,,,,,2019-07-23T16:53:41Z,46.75755000,13.24821667,556.00,
21445,,,,,2019-07-23T16:53:42Z,46.75753333,13.24811667,556.00,
21446,,,,,2019-07-23T16:53:43Z,46.75751667,13.24801667,556.00,
21447,,,,,2019-07-23T16:53:44Z,46.75750000,13.24793333,555.00,
21448,,,,,2019-07-23T16:53:45Z,46.75750000,13.24785000,555.00,
21449,,,,,2019-07-23T16:53:46Z,46.75748333,13.24775000,554.00,
21450,,,,,2019-07-23T16:53:47Z,46.75748333,13.24765000,554.00,
21451,,,,,2019-07-23T16:53:48Z,46.75748333,13.24755000,554.00,
21452,,,,,2019-07-23T16:53:49Z,46.75750000,13.24745000,554.00,
21453,,,,,2019-07-23T16:53:50Z,46.75751667,13.24733333,554.00,
21454,,,,,2019-07-23T16:53:51Z,46.75755000,13.24723333,554.00,
21455,,,,,2019-07-23T16:53:52Z,46.75756667,13.24715000,553.00,
21456,,,,,2019-07-23T16:53:53Z,46.75758333,13.24705000,553.00,
21457,,,,,2019-07-23T16:53:54Z,46.75761667,13.24695000,553.00,
21458,,,,,2019-07-23T16:53:55Z,46.75763333,13.24685000,553.00,
21459,,,,,2019-07-23T16:53:56Z,46.75765000,13.24675000,553.00,
21460,,,,,2019-07-23T16:53:57Z,46.75766667,13.24665000,553.00,
21461,,,,,2019-07-23T16:53:58Z,46.75766667,13.24655000,553.00,
21462,,,,,2019-07-23T16:53:59Z,46.75768333,13.24645000,553.00,
21463,,,,,2019-07-23T16:54:00Z,46.75770000,13.24633333,553.00,
21464,,,,,2019-07-23T16:54:01Z,46.75771667,13.24623333,553.00,
21465,,,,,2019-07-23T16:54:02Z,46.75773333,13.24615000,553.00,
21466,,,,,2019-07-23T16:54:03Z,46.75773333,13.24606667,553.00,
21467,,,,,2019-07-23T16:54:04Z,46.75771667,13.24596667,553.00,
21468,,,,,2019-07-23T16:54:05Z,46.75770000,13.24586667,553.00,
21469,,,,,2019-07-23T16:54:06Z,46.75768333,13.24576667,553.00,
21470,,,,,2019-07-23T16:54:07Z,46.75765000,13.24566667,553.00,
21471,,,,,2019-07-23T16:54:08Z,46.75763333,13.24556667,552.00,
21472,,,,,2019-07-23T16:54:09Z,46.75760000,13.24546667,552.00,
21473,,,,,2019-07-23T16:54:10Z,46.75758333,13.24535000,552.00,
21474,,,,,2019-07-23T16:54:11Z,46.75756667,13.24523333,552.00,
21475,,,,,2019-07-23T16:54:12Z,46.75755000,13.24511667,552.00,
21476,,,,,2019-07-23T16:54:13Z,46.75753333,13.24501667,551.00,
21477,,,,,2019-07-23T16:54:14Z,46.75750000,13.24488333,551.00,
21478,,,,,2019-07-23T16:54:15Z,46.75748333,13.24476667,551.00,
21479,,,,,2019-07-23T16:54:16Z,46.75746667,13.24463333,551.00,
21480,,,,,2019-07-23T16:54:17Z,46.75745000,13.24450000,551.00,
21481,,,,,2019-07-23T16:54:18Z,46.75745000,13.24436667,550.00,
21482,,,,,2019-07-23T16:54:19Z,46.75746667,13.24423333,550.00,
21483,,,,,2019-07-23T16:54:20Z,46.75746667,13.24408333,550.00,
21484,,,,,2019-07-23T16:54:21Z,46.75750000,13.24395000,550.00,
21485,,,,,2019-07-23T16:54:22Z,46.75753333,13.24380000,550.00,
21486,,,,,2019-07-23T16:54:23Z,46.75756667,13.24365000,549.00,
21487,,,,,2019-07-23T16:54:24Z,46.75760000,13.24351667,549.00,
21488,,,,,2019-07-23T16:54:25Z,46.75765000,13.24338333,549.00,
21489,,,,,2019-07-23T16:54:26Z,46.75770000,13.24325000,549.00,
21490,,,,,2019-07-23T16:54:27Z,46.75776667,13.24311667,548.00,
21491,,,,,2019-07-23T16:54:28Z,46.75781667,13.24298333,548.00,
21492,,,,,2019-07-23T16:54:29Z,46.75786667,13.24286667,548.00,
21493,,,,,2019-07-23T16:54:30Z,46.75791667,13.24271667,547.00,
21494,,,,,2019-07-23T16:54:31Z,46.75795000,13.24258333,547.00,
21495,,,,,2019-07-23T16:54:32Z,46.75798333,13.24245000,547.00,
21496,,,,,2019-07-23T16:54:33Z,46.75800000,13.24230000,546.00,
21497,,,,,2019-07-23T16:54:34Z,46.75800000,13.24213333,546.00,
21498,,,,,2019-07-23T16:54:35Z,46.75798333,13.24198333,546.00,
21499,,,,,2019-07-23T16:54:36Z,46.75798333,13.24181667,546.00,
21500,,,,,2019-07-23T16:54:37Z,46.75795000,13.24166667,546.00,
21501,,,,,2019-07-23T16:54:38Z,46.75791667,13.24150000,545.00,
21502,,,,,2019-07-23T16:54:39Z,46.75788333,13.24133333,545.00,
21503,,,,,2019-07-23T16:54:40Z,46.75786667,13.24115000,545.00,
21504,,,,,2019-07-23T16:54:41Z,46.75783333,13.24098333,544.00,
21505,,,,,2019-07-23T16:54:42Z,46.75780000,13.24080000,544.00,
21506,,,,,2019-07-23T16:54:43Z,46.75776667,13.24061667,544.00,
21507,,,,,2019-07-23T16:54:44Z,46.75773333,13.24041667,544.00,
21508,,,,,2019-07-23T16:54:45Z,46.75770000,13.24023333,543.00,
21509,,,,,2019-07-23T16:54:46Z,46.75766667,13.24003333,543.00,
21510,,,,,2019-07-23T16:54:47Z,46.75763333,13.23983333,542.00,
21511,,,,,2019-07-23T16:54:48Z,46.75761667,13.23961667,542.00,
21512,,,,,2019-07-23T16:54:49Z,46.75758333,13.23940000,542.00,
21513,,,,,2019-07-23T16:54:50Z,46.75755000,13.23918333,542.00,
21514,,,,,2019-07-23T16:54:51Z,46.75753333,13.23895000,542.00,
21515,,,,,2019-07-23T16:54:52Z,46.75750000,13.23871667,541.00,
21516,,,,,2019-07-23T16:54:53Z,46.75745000,13.23846667,541.00,
21517,,,,,2019-07-23T16:54:54Z,46.75741667,13.23823333,541.00,
21518,,,,,2019-07-23T16:54:55Z,46.75736667,13.23798333,541.00,
21519,,,,,2019-07-23T16:54:56Z,46.75733333,13.23775000,541.00,
21520,,,,,2019-07-23T16:54:57Z,46.75728333,13.23750000,540.00,
21521,,,,,2019-07-23T16:54:58Z,46.75725000,13.23726667,540.00,
21522,,,,,2019-07-23T16:54:59Z,46.75721667,13.23701667,540.00,
21523,,,,,2019-07-23T16:55:00Z,46.75716667,13.23678333,540.00,
21524,,,,,2019-07-23T16:55:01Z,46.75711667,13.23655000,540.00,
21525,,,,,2019-07-23T16:55:02Z,46.75706667,13.23631667,539.00,
21526,,,,,2019-07-23T16:55:03Z,46.75701667,13.23608333,539.00,
21527,,,,,2019-07-23T16:55:04Z,46.75696667,13.23586667,539.00,
21528,,,,,2019-07-23T16:55:05Z,46.75691667,13.23565000,539.00,
21529,,,,,2019-07-23T16:55:06Z,46.75686667,13.23543333,539.00,
21530,,,,,2019-07-23T16:55:07Z,46.75681667,13.23521667,539.00,
21531,,,,,2019-07-23T16:55:08Z,46.75676667,13.23500000,539.00,
21532,,,,,2019-07-23T16:55:09Z,46.75671667,13.23480000,539.00,
21533,,,,,2019-07-23T16:55:10Z,46.75666667,13.23460000,540.00,
21534,,,,,2019-07-23T16:55:11Z,46.75661667,13.23438333,540.00,
21535,,,,,2019-07-23T16:55:12Z,46.75658333,13.23418333,541.00,
21536,,,,,2019-07-23T16:55:13Z,46.75655000,13.23396667,541.00,
21537,,,,,2019-07-23T16:55:14Z,46.75651667,13.23376667,541.00,
21538,,,,,2019-07-23T16:55:15Z,46.75650000,13.23355000,542.00,
21539,,,,,2019-07-23T16:55:16Z,46.75646667,13.23336667,542.00,
21540,,,,,2019-07-23T16:55:17Z,46.75645000,13.23316667,542.00,
21541,,,,,2019-07-23T16:55:18Z,46.75641667,13.23296667,542.00,
21542,,,,,2019-07-23T16:55:19Z,46.75640000,13.23276667,542.00,
21543,,,,,2019-07-23T16:55:20Z,46.75636667,13.23256667,543.00,
21544,,,,,2019-07-23T16:55:21Z,46.75633333,13.23236667,543.00,
21545,,,,,2019-07-23T16:55:22Z,46.75631667,13.23216667,543.00,
21546,,,,,2019-07-23T16:55:23Z,46.75628333,13.23196667,544.00,
21547,,,,,2019-07-23T16:55:24Z,46.75626667,13.23178333,544.00,
21548,,,,,2019-07-23T16:55:25Z,46.75623333,13.23158333,544.00,
21549,,,,,2019-07-23T16:55:26Z,46.75620000,13.23138333,545.00,
21550,,,,,2019-07-23T16:55:27Z,46.75618333,13.23118333,546.00,
21551,,,,,2019-07-23T16:55:28Z,46.75615000,13.23098333,546.00,
21552,,,,,2019-07-23T16:55:29Z,46.75613333,13.23076667,547.00,
21553,,,,,2019-07-23T16:55:30Z,46.75610000,13.23056667,548.00,
21554,,,,,2019-07-23T16:55:31Z,46.75606667,13.23036667,548.00,
21555,,,,,2019-07-23T16:55:32Z,46.75605000,13.23015000,549.00,
21556,,,,,2019-07-23T16:55:33Z,46.75601667,13.22995000,549.00,
21557,,,,,2019-07-23T16:55:34Z,46.75600000,13.22975000,550.00,
21558,,,,,2019-07-23T16:55:35Z,46.75598333,13.22955000,550.00,
21559,,,,,2019-07-23T16:55:36Z,46.75596667,13.22935000,550.00,
21560,,,,,2019-07-23T16:55:37Z,46.75595000,13.22915000,551.00,
21561,,,,,2019-07-23T16:55:38Z,46.75595000,13.22895000,551.00,
21562,,,,,2019-07-23T16:55:39Z,46.75596667,13.22876667,551.00,
21563,,,,,2019-07-23T16:55:40Z,46.75598333,13.22856667,552.00,
21564,,,,,2019-07-23T16:55:41Z,46.75600000,13.22838333,552.00,
21565,,,,,2019-07-23T16:55:42Z,46.75601667,13.22818333,552.00,
21566,,,,,2019-07-23T16:55:43Z,46.75603333,13.22801667,553.00,
21567,,,,,2019-07-23T16:55:44Z,46.75605000,13.22783333,553.00,
21568,,,,,2019-07-23T16:55:45Z,46.75605000,13.22766667,553.00,
21569,,,,,2019-07-23T16:55:46Z,46.75605000,13.22750000,553.00,
21570,,,,,2019-07-23T16:55:47Z,46.75605000,13.22735000,553.00,
21571,,,,,2019-07-23T16:55:48Z,46.75603333,13.22718333,553.00,
21572,,,,,2019-07-23T16:55:49Z,46.75601667,13.22703333,553.00,
21573,,,,,2019-07-23T16:55:50Z,46.75598333,13.22690000,553.00,
21574,,,,,2019-07-23T16:55:51Z,46.75595000,13.22675000,553.00,
21575,,,,,2019-07-23T16:55:52Z,46.75590000,13.22660000,554.00,
21576,,,,,2019-07-23T16:55:53Z,46.75586667,13.22646667,554.00,
21577,,,,,2019-07-23T16:55:54Z,46.75583333,13.22633333,554.00,
21578,,,,,2019-07-23T16:55:55Z,46.75581667,13.22620000,554.00,
21579,,,,,2019-07-23T16:55:56Z,46.75578333,13.22606667,555.00,
21580,,,,,2019-07-23T16:55:57Z,46.75575000,13.22595000,555.00,
21581,,,,,2019-07-23T16:55:58Z,46.75570000,13.22583333,555.00,
21582,,,,,2019-07-23T16:55:59Z,46.75566667,13.22571667,555.00,
21583,,,,,2019-07-23T16:56:00Z,46.75561667,13.22558333,556.00,
21584,,,,,2019-07-23T16:56:01Z,46.75556667,13.22546667,556.00,
21585,,,,,2019-07-23T16:56:02Z,46.75551667,13.22533333,557.00,
21586,,,,,2019-07-23T16:56:03Z,46.75546667,13.22521667,557.00,
21587,,,,,2019-07-23T16:56:04Z,46.75540000,13.22508333,557.00,
21588,,,,,2019-07-23T16:56:05Z,46.75535000,13.22495000,558.00,
21589,,,,,2019-07-23T16:56:06Z,46.75528333,13.22483333,559.00,
21590,,,,,2019-07-23T16:56:07Z,46.75521667,13.22470000,559.00,
21591,,,,,2019-07-23T16:56:08Z,46.75513333,13.22460000,560.00,
21592,,,,,2019-07-23T16:56:09Z,46.75506667,13.22448333,561.00,
21593,,,,,2019-07-23T16:56:10Z,46.75496667,13.22438333,562.00,
21594,,,,,2019-07-23T16:56:11Z,46.75488333,13.22430000,562.00,
21595,,,,,2019-07-23T16:56:12Z,46.75480000,13.22420000,563.00,
21596,,,,,2019-07-23T16:56:13Z,46.75473333,13.22411667,564.00,
21597,,,,,2019-07-23T16:56:14Z,46.75465000,13.22403333,564.00,
21598,,,,,2019-07-23T16:56:15Z,46.75456667,13.22393333,565.00,
21599,,,,,2019-07-23T16:56:16Z,46.75450000,13.22385000,565.00,
21600,,,,,2019-07-23T16:56:17Z,46.75443333,13.22375000,565.00,
21601,,,,,2019-07-23T16:56:18Z,46.75436667,13.22365000,565.00,
21602,,,,,2019-07-23T16:56:19Z,46.75428333,13.22355000,565.00,
21603,,,,,2019-07-23T16:56:20Z,46.75421667,13.22345000,566.00,
21604,,,,,2019-07-23T16:56:21Z,46.75415000,13.22333333,566.00,
21605,,,,,2019-07-23T16:56:22Z,46.75406667,13.22323333,567.00,
21606,,,,,2019-07-23T16:56:23Z,46.75400000,13.22311667,567.00,
21607,,,,,2019-07-23T16:56:24Z,46.75391667,13.22300000,567.00,
21608,,,,,2019-07-23T16:56:25Z,46.75383333,13.22288333,567.00,
21609,,,,,2019-07-23T16:56:26Z,46.75376667,13.22276667,567.00,
21610,,,,,2019-07-23T16:56:27Z,46.75368333,13.22265000,567.00,
21611,,,,,2019-07-23T16:56:28Z,46.75361667,13.22253333,567.00,
21612,,,,,2019-07-23T16:56:29Z,46.75355000,13.22240000,567.00,
21613,,,,,2019-07-23T16:56:30Z,46.75350000,13.22228333,567.00,
21614,,,,,2019-07-23T16:56:31Z,46.75343333,13.22215000,567.00,
21615,,,,,2019-07-23T16:56:32Z,46.75338333,13.22201667,567.00,
21616,,,,,2019-07-23T16:56:33Z,46.75333333,13.22190000,567.00,
21617,,,,,2019-07-23T16:56:34Z,46.75328333,13.22176667,567.00,
21618,,,,,2019-07-23T16:56:35Z,46.75323333,13.22165000,566.00,
21619,,,,,2019-07-23T16:56:36Z,46.75320000,13.22151667,566.00,
21620,,,,,2019-07-23T16:56:37Z,46.75315000,13.22140000,566.00,
21621,,,,,2019-07-23T16:56:38Z,46.75310000,13.22128333,566.00,
21622,,,,,2019-07-23T16:56:39Z,46.75305000,13.22116667,566.00,
21623,,,,,2019-07-23T16:56:40Z,46.75300000,13.22105000,566.00,
21624,,,,,2019-07-23T16:56:41Z,46.75295000,13.22093333,566.00,
21625,,,,,2019-07-23T16:56:42Z,46.75290000,13.22081667,566.00,
21626,,,,,2019-07-23T16:56:43Z,46.75285000,13.22070000,565.00,
21627,,,,,2019-07-23T16:56:44Z,46.75280000,13.22058333,565.00,
21628,,,,,2019-07-23T16:56:45Z,46.75273333,13.22046667,565.00,
21629,,,,,2019-07-23T16:56:46Z,46.75268333,13.22036667,565.00,
21630,,,,,2019-07-23T16:56:47Z,46.75263333,13.22025000,565.00,
21631,,,,,2019-07-23T16:56:48Z,46.75258333,13.22013333,565.00,
21632,,,,,2019-07-23T16:56:49Z,46.75255000,13.21998333,565.00,
21633,,,,,2019-07-23T16:56:50Z,46.75253333,13.21983333,565.00,
21634,,,,,2019-07-23T16:56:51Z,46.75251667,13.21968333,565.00,
21635,,,,,2019-07-23T16:56:52Z,46.75250000,13.21953333,565.00,
21636,,,,,2019-07-23T16:56:53Z,46.75250000,13.21938333,565.00,
21637,,,,,2019-07-23T16:56:54Z,46.75248333,13.21921667,564.00,
21638,,,,,2019-07-23T16:56:55Z,46.75250000,13.21906667,564.00,
21639,,,,,2019-07-23T16:56:56Z,46.75251667,13.21890000,564.00,
21640,,,,,2019-07-23T16:56:57Z,46.75255000,13.21873333,564.00,
21641,,,,,2019-07-23T16:56:58Z,46.75258333,13.21856667,564.00,
21642,,,,,2019-07-23T16:56:59Z,46.75261667,13.21840000,564.00,
21643,,,,,2019-07-23T16:57:00Z,46.75266667,13.21825000,564.00,
21644,,,,,2019-07-23T16:57:01Z,46.75271667,13.21808333,564.00,
21645,,,,,2019-07-23T16:57:02Z,46.75275000,13.21790000,565.00,
21646,,,,,2019-07-23T16:57:03Z,46.75276667,13.21773333,565.00,
21647,,,,,2019-07-23T16:57:04Z,46.75278333,13.21755000,565.00,
21648,,,,,2019-07-23T16:57:05Z,46.75278333,13.21736667,565.00,
21649,,,,,2019-07-23T16:57:06Z,46.75276667,13.21720000,566.00,
21650,,,,,2019-07-23T16:57:07Z,46.75275000,13.21701667,565.00,
21651,,,,,2019-07-23T16:57:08Z,46.75273333,13.21685000,565.00,
21652,,,,,2019-07-23T16:57:09Z,46.75271667,13.21666667,565.00,
21653,,,,,2019-07-23T16:57:10Z,46.75271667,13.21650000,564.00,
21654,,,,,2019-07-23T16:57:11Z,46.75273333,13.21631667,563.00,
21655,,,,,2019-07-23T16:57:12Z,46.75275000,13.21615000,562.00,
21656,,,,,2019-07-23T16:57:13Z,46.75278333,13.21598333,562.00,
21657,,,,,2019-07-23T16:57:14Z,46.75283333,13.21581667,562.00,
21658,,,,,2019-07-23T16:57:15Z,46.75286667,13.21565000,562.00,
21659,,,,,2019-07-23T16:57:16Z,46.75290000,13.21548333,561.00,
21660,,,,,2019-07-23T16:57:17Z,46.75295000,13.21533333,561.00,
21661,,,,,2019-07-23T16:57:18Z,46.75298333,13.21518333,561.00,
21662,,,,,2019-07-23T16:57:19Z,46.75301667,13.21503333,562.00,
21663,,,,,2019-07-23T16:57:20Z,46.75305000,13.21488333,562.00,
21664,,,,,2019-07-23T16:57:21Z,46.75310000,13.21475000,562.00,
21665,,,,,2019-07-23T16:57:22Z,46.75313333,13.21460000,561.00,
21666,,,,,2019-07-23T16:57:23Z,46.75316667,13.21443333,561.00,
21667,,,,,2019-07-23T16:57:24Z,46.75320000,13.21426667,560.00,
21668,,,,,2019-07-23T16:57:25Z,46.75321667,13.21410000,560.00,
21669,,,,,2019-07-23T16:57:26Z,46.75325000,13.21391667,560.00,
21670,,,,,2019-07-23T16:57:27Z,46.75328333,13.21373333,559.00,
21671,,,,,2019-07-23T16:57:28Z,46.75330000,13.21356667,558.00,
21672,,,,,2019-07-23T16:57:29Z,46.75333333,13.21336667,557.00,
21673,,,,,2019-07-23T16:57:30Z,46.75335000,13.21316667,557.00,
21674,,,,,2019-07-23T16:57:31Z,46.75336667,13.21296667,556.00,
21675,,,,,2019-07-23T16:57:32Z,46.75336667,13.21276667,555.00,
21676,,,,,2019-07-23T16:57:33Z,46.75338333,13.21255000,554.00,
21677,,,,,2019-07-23T16:57:34Z,46.75338333,13.21233333,554.00,
21678,,,,,2019-07-23T16:57:35Z,46.75340000,13.21210000,553.00,
21679,,,,,2019-07-23T16:57:36Z,46.75340000,13.21188333,552.00,
21680,,,,,2019-07-23T16:57:37Z,46.75341667,13.21165000,551.00,
21681,,,,,2019-07-23T16:57:38Z,46.75341667,13.21140000,550.00,
21682,,,,,2019-07-23T16:57:39Z,46.75343333,13.21116667,549.00,
21683,,,,,2019-07-23T16:57:40Z,46.75343333,13.21093333,548.00,
21684,,,,,2019-07-23T16:57:41Z,46.75345000,13.21070000,546.00,
21685,,,,,2019-07-23T16:57:42Z,46.75345000,13.21050000,545.00,
21686,,,,,2019-07-23T16:57:43Z,46.75345000,13.21030000,544.00,
21687,,,,,2019-07-23T16:57:44Z,46.75343333,13.21015000,542.00,
21688,,,,,2019-07-23T16:57:45Z,46.75341667,13.21000000,541.00,
21689,,,,,2019-07-23T16:57:46Z,46.75338333,13.20990000,540.00,
21690,,,,,2019-07-23T16:57:47Z,46.75335000,13.20981667,540.00,
21691,,,,,2019-07-23T16:57:48Z,46.75331667,13.20975000,539.00,
21692,,,,,2019-07-23T16:57:49Z,46.75328333,13.20970000,539.00,
21693,,,,,2019-07-23T16:57:50Z,46.75326667,13.20961667,538.00,
21694,,,,,2019-07-23T16:57:51Z,46.75325000,13.20955000,538.00,
21695,,,,,2019-07-23T16:57:52Z,46.75325000,13.20946667,538.00,
21696,,,,,2019-07-23T16:57:53Z,46.75326667,13.20935000,538.00,
21697,,,,,2019-07-23T16:57:54Z,46.75328333,13.20923333,537.00,
21698,,,,,2019-07-23T16:57:55Z,46.75330000,13.20911667,538.00,
21699,,,,,2019-07-23T16:57:56Z,46.75331667,13.20896667,538.00,
21700,,,,,2019-07-23T16:57:57Z,46.75333333,13.20880000,538.00,
21701,,,,,2019-07-23T16:57:58Z,46.75333333,13.20863333,538.00,
21702,,,,,2019-07-23T16:57:59Z,46.75333333,13.20846667,538.00,
21703,,,,,2019-07-23T16:58:00Z,46.75331667,13.20830000,538.00,
21704,,,,,2019-07-23T16:58:01Z,46.75331667,13.20811667,539.00,
21705,,,,,2019-07-23T16:58:02Z,46.75330000,13.20791667,538.00,
21706,,,,,2019-07-23T16:58:03Z,46.75328333,13.20773333,539.00,
21707,,,,,2019-07-23T16:58:04Z,46.75326667,13.20753333,539.00,
21708,,,,,2019-07-23T16:58:05Z,46.75325000,13.20733333,539.00,
21709,,,,,2019-07-23T16:58:06Z,46.75323333,13.20713333,539.00,
21710,,,,,2019-07-23T16:58:07Z,46.75321667,13.20691667,539.00,
21711,,,,,2019-07-23T16:58:08Z,46.75318333,13.20671667,540.00,
21712,,,,,2019-07-23T16:58:09Z,46.75316667,13.20650000,540.00,
21713,,,,,2019-07-23T16:58:10Z,46.75313333,13.20628333,540.00,
21714,,,,,2019-07-23T16:58:11Z,46.75310000,13.20606667,540.00,
21715,,,,,2019-07-23T16:58:12Z,46.75306667,13.20585000,539.00,
21716,,,,,2019-07-23T16:58:13Z,46.75303333,13.20561667,539.00,
21717,,,,,2019-07-23T16:58:14Z,46.75300000,13.20540000,539.00,
21718,,,,,2019-07-23T16:58:15Z,46.75295000,13.20516667,538.00,
21719,,,,,2019-07-23T16:58:16Z,46.75291667,13.20495000,537.00,
21720,,,,,2019-07-23T16:58:17Z,46.75286667,13.20473333,537.00,
21721,,,,,2019-07-23T16:58:18Z,46.75281667,13.20451667,537.00,
21722,,,,,2019-07-23T16:58:19Z,46.75276667,13.20430000,536.00,
21723,,,,,2019-07-23T16:58:20Z,46.75271667,13.20410000,536.00,
21724,,,,,2019-07-23T16:58:21Z,46.75266667,13.20388333,535.00,
21725,,,,,2019-07-23T16:58:22Z,46.75261667,13.20368333,535.00,
21726,,,,,2019-07-23T16:58:23Z,46.75256667,13.20348333,535.00,
21727,,,,,2019-07-23T16:58:24Z,46.75251667,13.20328333,534.00,
21728,,,,,2019-07-23T16:58:25Z,46.75246667,13.20310000,534.00,
21729,,,,,2019-07-23T16:58:26Z,46.75243333,13.20290000,534.00,
21730,,,,,2019-07-23T16:58:27Z,46.75240000,13.20270000,533.00,
21731,,,,,2019-07-23T16:58:28Z,46.75240000,13.20251667,533.00,
21732,,,,,2019-07-23T16:58:29Z,46.75240000,13.20230000,534.00,
21733,,,,,2019-07-23T16:58:30Z,46.75240000,13.20211667,534.00,
21734,,,,,2019-07-23T16:58:31Z,46.75241667,13.20191667,534.00,
21735,,,,,2019-07-23T16:58:32Z,46.75243333,13.20171667,535.00,
21736,,,,,2019-07-23T16:58:33Z,46.75245000,13.20153333,535.00,
21737,,,,,2019-07-23T16:58:34Z,46.75243333,13.20133333,535.00,
21738,,,,,2019-07-23T16:58:35Z,46.75243333,13.20113333,535.00,
21739,,,,,2019-07-23T16:58:36Z,46.75241667,13.20095000,536.00,
21740,,,,,2019-07-23T16:58:37Z,46.75238333,13.20076667,536.00,
21741,,,,,2019-07-23T16:58:38Z,46.75235000,13.20058333,537.00,
21742,,,,,2019-07-23T16:58:39Z,46.75233333,13.20040000,537.00,
21743,,,,,2019-07-23T16:58:40Z,46.75230000,13.20021667,538.00,
21744,,,,,2019-07-23T16:58:41Z,46.75228333,13.20003333,538.00,
21745,,,,,2019-07-23T16:58:42Z,46.75228333,13.19986667,538.00,
21746,,,,,2019-07-23T16:58:43Z,46.75231667,13.19968333,538.00,
21747,,,,,2019-07-23T16:58:44Z,46.75233333,13.19950000,538.00,
21748,,,,,2019-07-23T16:58:45Z,46.75236667,13.19933333,538.00,
21749,,,,,2019-07-23T16:58:46Z,46.75240000,13.19915000,538.00,
21750,,,,,2019-07-23T16:58:47Z,46.75243333,13.19895000,538.00,
21751,,,,,2019-07-23T16:58:48Z,46.75245000,13.19876667,538.00,
21752,,,,,2019-07-23T16:58:49Z,46.75245000,13.19856667,538.00,
21753,,,,,2019-07-23T16:58:50Z,46.75245000,13.19838333,538.00,
21754,,,,,2019-07-23T16:58:51Z,46.75245000,13.19818333,538.00,
21755,,,,,2019-07-23T16:58:52Z,46.75243333,13.19800000,538.00,
21756,,,,,2019-07-23T16:58:53Z,46.75240000,13.19781667,538.00,
21757,,,,,2019-07-23T16:58:54Z,46.75236667,13.19761667,538.00,
21758,,,,,2019-07-23T16:58:55Z,46.75233333,13.19741667,538.00,
21759,,,,,2019-07-23T16:58:56Z,46.75228333,13.19721667,538.00,
21760,,,,,2019-07-23T16:58:57Z,46.75225000,13.19701667,538.00,
21761,,,,,2019-07-23T16:58:58Z,46.75220000,13.19681667,539.00,
21762,,,,,2019-07-23T16:58:59Z,46.75216667,13.19661667,539.00,
21763,,,,,2019-07-23T16:59:00Z,46.75215000,13.19641667,539.00,
21764,,,,,2019-07-23T16:59:01Z,46.75213333,13.19621667,539.00,
21765,,,,,2019-07-23T16:59:02Z,46.75211667,13.19601667,539.00,
21766,,,,,2019-07-23T16:59:03Z,46.75211667,13.19583333,540.00,
21767,,,,,2019-07-23T16:59:04Z,46.75210000,13.19563333,540.00,
21768,,,,,2019-07-23T16:59:05Z,46.75208333,13.19545000,540.00,
21769,,,,,2019-07-23T16:59:06Z,46.75205000,13.19526667,541.00,
21770,,,,,2019-07-23T16:59:07Z,46.75200000,13.19510000,541.00,
21771,,,,,2019-07-23T16:59:08Z,46.75193333,13.19491667,541.00,
21772,,,,,2019-07-23T16:59:09Z,46.75186667,13.19473333,541.00,
21773,,,,,2019-07-23T16:59:10Z,46.75180000,13.19455000,541.00,
21774,,,,,2019-07-23T16:59:11Z,46.75173333,13.19438333,541.00,
21775,,,,,2019-07-23T16:59:12Z,46.75166667,13.19420000,541.00,
21776,,,,,2019-07-23T16:59:13Z,46.75160000,13.19401667,542.00,
21777,,,,,2019-07-23T16:59:14Z,46.75153333,13.19383333,542.00,
21778,,,,,2019-07-23T16:59:15Z,46.75146667,13.19365000,542.00,
21779,,,,,2019-07-23T16:59:16Z,46.75140000,13.19345000,543.00,
21780,,,,,2019-07-23T16:59:17Z,46.75131667,13.19326667,543.00,
21781,,,,,2019-07-23T16:59:18Z,46.75125000,13.19308333,543.00,
21782,,,,,2019-07-23T16:59:19Z,46.75118333,13.19288333,543.00,
21783,,,,,2019-07-23T16:59:20Z,46.75110000,13.19268333,543.00,
21784,,,,,2019-07-23T16:59:21Z,46.75103333,13.19248333,544.00,
21785,,,,,2019-07-23T16:59:22Z,46.75096667,13.19230000,543.00,
21786,,,,,2019-07-23T16:59:23Z,46.75090000,13.19211667,543.00,
21787,,,,,2019-07-23T16:59:24Z,46.75083333,13.19193333,543.00,
21788,,,,,2019-07-23T16:59:25Z,46.75078333,13.19173333,543.00,
21789,,,,,2019-07-23T16:59:26Z,46.75073333,13.19155000,543.00,
21790,,,,,2019-07-23T16:59:27Z,46.75068333,13.19135000,544.00,
21791,,,,,2019-07-23T16:59:28Z,46.75063333,13.19115000,544.00,
21792,,,,,2019-07-23T16:59:29Z,46.75060000,13.19095000,544.00,
21793,,,,,2019-07-23T16:59:30Z,46.75056667,13.19075000,545.00,
21794,,,,,2019-07-23T16:59:31Z,46.75053333,13.19053333,546.00,
21795,,,,,2019-07-23T16:59:32Z,46.75050000,13.19033333,547.00,
21796,,,,,2019-07-23T16:59:33Z,46.75046667,13.19011667,547.00,
21797,,,,,2019-07-23T16:59:34Z,46.75043333,13.18990000,548.00,
21798,,,,,2019-07-23T16:59:35Z,46.75041667,13.18968333,549.00,
21799,,,,,2019-07-23T16:59:36Z,46.75038333,13.18948333,549.00,
21800,,,,,2019-07-23T16:59:37Z,46.75036667,13.18926667,550.00,
21801,,,,,2019-07-23T16:59:38Z,46.75035000,13.18905000,550.00,
21802,,,,,2019-07-23T16:59:39Z,46.75033333,13.18885000,551.00,
21803,,,,,2019-07-23T16:59:40Z,46.75030000,13.18865000,551.00,
21804,,,,,2019-07-23T16:59:41Z,46.75028333,13.18843333,552.00,
21805,,,,,2019-07-23T16:59:42Z,46.75028333,13.18821667,552.00,
21806,,,,,2019-07-23T16:59:43Z,46.75026667,13.18801667,553.00,
21807,,,,,2019-07-23T16:59:44Z,46.75025000,13.18780000,554.00,
21808,,,,,2019-07-23T16:59:45Z,46.75025000,13.18758333,554.00,
21809,,,,,2019-07-23T16:59:46Z,46.75023333,13.18738333,555.00,
21810,,,,,2019-07-23T16:59:47Z,46.75023333,13.18716667,555.00,
21811,,,,,2019-07-23T16:59:48Z,46.75023333,13.18695000,556.00,
21812,,,,,2019-07-23T16:59:49Z,46.75021667,13.18673333,557.00,
21813,,,,,2019-07-23T16:59:50Z,46.75021667,13.18653333,557.00,
21814,,,,,2019-07-23T16:59:51Z,46.75021667,13.18631667,558.00,
21815,,,,,2019-07-23T16:59:52Z,46.75021667,13.18610000,559.00,
21816,,,,,2019-07-23T16:59:53Z,46.75023333,13.18588333,560.00,
21817,,,,,2019-07-23T16:59:54Z,46.75023333,13.18568333,560.00,
21818,,,,,2019-07-23T16:59:55Z,46.75023333,13.18550000,560.00,
21819,,,,,2019-07-23T16:59:56Z,46.75025000,13.18530000,561.00,
21820,,,,,2019-07-23T16:59:57Z,46.75025000,13.18511667,561.00,
21821,,,,,2019-07-23T16:59:58Z,46.75025000,13.18493333,561.00,
21822,,,,,2019-07-23T16:59:59Z,46.75026667,13.18475000,562.00,
21823,,,,,2019-07-23T17:00:00Z,46.75028333,13.18456667,562.00,
21824,,,,,2019-07-23T17:00:01Z,46.75030000,13.18440000,563.00,
21825,,,,,2019-07-23T17:00:02Z,46.75030000,13.18421667,563.00,
21826,,,,,2019-07-23T17:00:03Z,46.75031667,13.18405000,563.00,
21827,,,,,2019-07-23T17:00:04Z,46.75033333,13.18390000,564.00,
21828,,,,,2019-07-23T17:00:05Z,46.75035000,13.18375000,564.00,
21829,,,,,2019-07-23T17:00:06Z,46.75036667,13.18361667,564.00,
21830,,,,,2019-07-23T17:00:07Z,46.75036667,13.18348333,564.00,
21831,,,,,2019-07-23T17:00:08Z,46.75038333,13.18335000,565.00,
21832,,,,,2019-07-23T17:00:09Z,46.75040000,13.18321667,565.00,
21833,,,,,2019-07-23T17:00:10Z,46.75041667,13.18308333,565.00,
21834,,,,,2019-07-23T17:00:11Z,46.75043333,13.18296667,565.00,
21835,,,,,2019-07-23T17:00:12Z,46.75045000,13.18283333,566.00,
21836,,,,,2019-07-23T17:00:13Z,46.75045000,13.18270000,567.00,
21837,,,,,2019-07-23T17:00:14Z,46.75046667,13.18256667,567.00,
21838,,,,,2019-07-23T17:00:15Z,46.75050000,13.18241667,567.00,
21839,,,,,2019-07-23T17:00:16Z,46.75051667,13.18226667,569.00,
21840,,,,,2019-07-23T17:00:17Z,46.75053333,13.18211667,569.00,
21841,,,,,2019-07-23T17:00:18Z,46.75056667,13.18196667,570.00,
21842,,,,,2019-07-23T17:00:19Z,46.75058333,13.18183333,570.00,
21843,,,,,2019-07-23T17:00:20Z,46.75060000,13.18168333,571.00,
21844,,,,,2019-07-23T17:00:21Z,46.75061667,13.18153333,572.00,
21845,,,,,2019-07-23T17:00:22Z,46.75063333,13.18138333,572.00,
21846,,,,,2019-07-23T17:00:23Z,46.75065000,13.18125000,573.00,
21847,,,,,2019-07-23T17:00:24Z,46.75068333,13.18113333,574.00,
21848,,,,,2019-07-23T17:00:25Z,46.75070000,13.18101667,574.00,
21849,,,,,2019-07-23T17:00:26Z,46.75073333,13.18093333,575.00,
21850,,,,,2019-07-23T17:00:27Z,46.75075000,13.18085000,575.00,
21851,,,,,2019-07-23T17:00:28Z,46.75075000,13.18080000,575.00,
21852,,,,,2019-07-23T17:00:29Z,46.75075000,13.18075000,575.00,
21853,,,,,2019-07-23T17:00:30Z,46.75076667,13.18070000,576.00,
21854,,,,,2019-07-23T17:00:31Z,46.75076667,13.18063333,576.00,
21855,,,,,2019-07-23T17:00:32Z,46.75075000,13.18056667,576.00,
21856,,,,,2019-07-23T17:00:33Z,46.75075000,13.18050000,576.00,
21857,,,,,2019-07-23T17:00:34Z,46.75071667,13.18045000,576.00,
21858,,,,,2019-07-23T17:00:35Z,46.75068333,13.18040000,576.00,
21859,,,,,2019-07-23T17:00:36Z,46.75065000,13.18036667,576.00,
21860,,,,,2019-07-23T17:00:37Z,46.75061667,13.18033333,577.00,
21861,,,,,2019-07-23T17:00:38Z,46.75058333,13.18031667,577.00,
21862,,,,,2019-07-23T17:00:39Z,46.75055000,13.18031667,577.00,
21863,,,,,2019-07-23T17:00:40Z,46.75053333,13.18031667,576.00,
21864,,,,,2019-07-23T17:00:41Z,46.75051667,13.18033333,576.00,
21865,,,,,2019-07-23T17:00:42Z,46.75050000,13.18038333,576.00,
21866,,,,,2019-07-23T17:00:43Z,46.75048333,13.18043333,576.00,
21867,,,,,2019-07-23T17:00:44Z,46.75046667,13.18046667,576.00,
21868,,,,,2019-07-23T17:00:45Z,46.75043333,13.18053333,576.00,
21869,,,,,2019-07-23T17:00:46Z,46.75041667,13.18060000,575.00,
21870,,,,,2019-07-23T17:00:47Z,46.75038333,13.18070000,575.00,
21871,,,,,2019-07-23T17:00:48Z,46.75035000,13.18080000,574.00,
21872,,,,,2019-07-23T17:00:49Z,46.75030000,13.18090000,574.00,
21873,,,,,2019-07-23T17:00:50Z,46.75025000,13.18100000,574.00,
21874,,,,,2019-07-23T17:00:51Z,46.75020000,13.18110000,573.00,
21875,,,,,2019-07-23T17:00:52Z,46.75015000,13.18120000,573.00,
21876,,,,,2019-07-23T17:00:53Z,46.75008333,13.18130000,572.00,
21877,,,,,2019-07-23T17:00:54Z,46.75003333,13.18140000,572.00,
21878,,,,,2019-07-23T17:00:55Z,46.74996667,13.18150000,572.00,
21879,,,,,2019-07-23T17:00:56Z,46.74991667,13.18160000,571.00,
21880,,,,,2019-07-23T17:00:57Z,46.74985000,13.18171667,571.00,
21881,,,,,2019-07-23T17:00:58Z,46.74980000,13.18181667,570.00,
21882,,,,,2019-07-23T17:00:59Z,46.74973333,13.18190000,570.00,
21883,,,,,2019-07-23T17:01:00Z,46.74966667,13.18200000,569.00,
21884,,,,,2019-07-23T17:01:01Z,46.74958333,13.18206667,569.00,
21885,,,,,2019-07-23T17:01:02Z,46.74948333,13.18211667,568.00,
21886,,,,,2019-07-23T17:01:03Z,46.74940000,13.18218333,567.00,
21887,,,,,2019-07-23T17:01:04Z,46.74930000,13.18226667,567.00,
21888,,,,,2019-07-23T17:01:05Z,46.74920000,13.18235000,567.00,
21889,,,,,2019-07-23T17:01:06Z,46.74911667,13.18243333,566.00,
21890,,,,,2019-07-23T17:01:07Z,46.74901667,13.18251667,566.00,
21891,,,,,2019-07-23T17:01:08Z,46.74893333,13.18260000,565.00,
21892,,,,,2019-07-23T17:01:09Z,46.74883333,13.18266667,565.00,
21893,,,,,2019-07-23T17:01:10Z,46.74875000,13.18275000,564.00,
21894,,,,,2019-07-23T17:01:11Z,46.74863333,13.18281667,563.00,
21895,,,,,2019-07-23T17:01:12Z,46.74853333,13.18288333,563.00,
21896,,,,,2019-07-23T17:01:13Z,46.74843333,13.18295000,563.00,
21897,,,,,2019-07-23T17:01:14Z,46.74831667,13.18301667,562.00,
21898,,,,,2019-07-23T17:01:15Z,46.74820000,13.18308333,562.00,
21899,,,,,2019-07-23T17:01:16Z,46.74808333,13.18313333,562.00,
21900,,,,,2019-07-23T17:01:17Z,46.74795000,13.18320000,561.00,
21901,,,,,2019-07-23T17:01:18Z,46.74783333,13.18326667,561.00,
21902,,,,,2019-07-23T17:01:19Z,46.74771667,13.18333333,560.00,
21903,,,,,2019-07-23T17:01:20Z,46.74760000,13.18340000,560.00,
21904,,,,,2019-07-23T17:01:21Z,46.74748333,13.18346667,559.00,
21905,,,,,2019-07-23T17:01:22Z,46.74736667,13.18353333,558.00,
21906,,,,,2019-07-23T17:01:23Z,46.74726667,13.18358333,558.00,
21907,,,,,2019-07-23T17:01:24Z,46.74716667,13.18365000,557.00,
21908,,,,,2019-07-23T17:01:25Z,46.74706667,13.18370000,557.00,
21909,,,,,2019-07-23T17:01:26Z,46.74696667,13.18373333,557.00,
21910,,,,,2019-07-23T17:01:27Z,46.74685000,13.18378333,556.00,
21911,,,,,2019-07-23T17:01:28Z,46.74675000,13.18381667,556.00,
21912,,,,,2019-07-23T17:01:29Z,46.74663333,13.18385000,555.00,
21913,,,,,2019-07-23T17:01:30Z,46.74651667,13.18386667,555.00,
21914,,,,,2019-07-23T17:01:31Z,46.74640000,13.18390000,555.00,
21915,,,,,2019-07-23T17:01:32Z,46.74628333,13.18391667,555.00,
21916,,,,,2019-07-23T17:01:33Z,46.74615000,13.18393333,555.00,
21917,,,,,2019-07-23T17:01:34Z,46.74603333,13.18395000,554.00,
21918,,,,,2019-07-23T17:01:35Z,46.74590000,13.18396667,554.00,
21919,,,,,2019-07-23T17:01:36Z,46.74576667,13.18400000,554.00,
21920,,,,,2019-07-23T17:01:37Z,46.74563333,13.18401667,554.00,
21921,,,,,2019-07-23T17:01:38Z,46.74548333,13.18405000,553.00,
21922,,,,,2019-07-23T17:01:39Z,46.74535000,13.18408333,553.00,
21923,,,,,2019-07-23T17:01:40Z,46.74521667,13.18411667,553.00,
21924,,,,,2019-07-23T17:01:41Z,46.74506667,13.18416667,553.00,
21925,,,,,2019-07-23T17:01:42Z,46.74493333,13.18421667,552.00,
21926,,,,,2019-07-23T17:01:43Z,46.74480000,13.18428333,552.00,
21927,,,,,2019-07-23T17:01:44Z,46.74465000,13.18436667,552.00,
21928,,,,,2019-07-23T17:01:45Z,46.74451667,13.18445000,551.00,
21929,,,,,2019-07-23T17:01:46Z,46.74438333,13.18455000,551.00,
21930,,,,,2019-07-23T17:01:47Z,46.74426667,13.18463333,550.00,
21931,,,,,2019-07-23T17:01:48Z,46.74413333,13.18473333,549.00,
21932,,,,,2019-07-23T17:01:49Z,46.74400000,13.18481667,549.00,
21933,,,,,2019-07-23T17:01:50Z,46.74388333,13.18491667,548.00,
21934,,,,,2019-07-23T17:01:51Z,46.74375000,13.18500000,548.00,
21935,,,,,2019-07-23T17:01:52Z,46.74363333,13.18510000,547.00,
21936,,,,,2019-07-23T17:01:53Z,46.74350000,13.18518333,547.00,
21937,,,,,2019-07-23T17:01:54Z,46.74338333,13.18528333,546.00,
21938,,,,,2019-07-23T17:01:55Z,46.74326667,13.18536667,546.00,
21939,,,,,2019-07-23T17:01:56Z,46.74315000,13.18546667,545.00,
21940,,,,,2019-07-23T17:01:57Z,46.74301667,13.18556667,545.00,
21941,,,,,2019-07-23T17:01:58Z,46.74290000,13.18565000,544.00,
21942,,,,,2019-07-23T17:01:59Z,46.74278333,13.18575000,544.00,
21943,,,,,2019-07-23T17:02:00Z,46.74268333,13.18585000,543.00,
21944,,,,,2019-07-23T17:02:01Z,46.74258333,13.18593333,543.00,
21945,,,,,2019-07-23T17:02:02Z,46.74248333,13.18601667,542.00,
21946,,,,,2019-07-23T17:02:03Z,46.74238333,13.18608333,541.00,
21947,,,,,2019-07-23T17:02:04Z,46.74230000,13.18616667,541.00,
21948,,,,,2019-07-23T17:02:05Z,46.74220000,13.18623333,540.00,
21949,,,,,2019-07-23T17:02:06Z,46.74211667,13.18631667,540.00,
21950,,,,,2019-07-23T17:02:07Z,46.74201667,13.18638333,539.00,
21951,,,,,2019-07-23T17:02:08Z,46.74193333,13.18645000,539.00,
21952,,,,,2019-07-23T17:02:09Z,46.74183333,13.18651667,539.00,
21953,,,,,2019-07-23T17:02:10Z,46.74175000,13.18660000,538.00,
21954,,,,,2019-07-23T17:02:11Z,46.74168333,13.18665000,538.00,
21955,,,,,2019-07-23T17:02:12Z,46.74161667,13.18670000,537.00,
21956,,,,,2019-07-23T17:02:13Z,46.74155000,13.18675000,536.00,
21957,,,,,2019-07-23T17:02:14Z,46.74151667,13.18678333,536.00,
21958,,,,,2019-07-23T17:02:15Z,46.74146667,13.18680000,536.00,
21959,,,,,2019-07-23T17:02:16Z,46.74143333,13.18683333,536.00,
21960,,,,,2019-07-23T17:02:17Z,46.74141667,13.18685000,535.00,
21961,,,,,2019-07-23T17:02:18Z,46.74138333,13.18686667,535.00,
21962,,,,,2019-07-23T17:02:19Z,46.74136667,13.18688333,535.00,
21963,,,,,2019-07-23T17:02:20Z,46.74136667,13.18688333,535.00,
21964,,,,,2019-07-23T17:02:21Z,46.74135000,13.18690000,535.00,
21965,,,,,2019-07-23T17:02:22Z,46.74133333,13.18691667,535.00,
21966,,,,,2019-07-23T17:02:23Z,46.74130000,13.18693333,535.00,
21967,,,,,2019-07-23T17:02:24Z,46.74128333,13.18695000,535.00,
21968,,,,,2019-07-23T17:02:25Z,46.74125000,13.18698333,535.00,
21969,,,,,2019-07-23T17:02:26Z,46.74121667,13.18700000,535.00,
21970,,,,,2019-07-23T17:02:27Z,46.74116667,13.18703333,535.00,
21971,,,,,2019-07-23T17:02:28Z,46.74111667,13.18706667,535.00,
21972,,,,,2019-07-23T17:02:29Z,46.74106667,13.18711667,535.00,
21973,,,,,2019-07-23T17:02:30Z,46.74100000,13.18716667,535.00,
21974,,,,,2019-07-23T17:02:31Z,46.74093333,13.18721667,535.00,
21975,,,,,2019-07-23T17:02:32Z,46.74086667,13.18726667,536.00,
21976,,,,,2019-07-23T17:02:33Z,46.74078333,13.18733333,536.00,
21977,,,,,2019-07-23T17:02:34Z,46.74070000,13.18740000,536.00,
21978,,,,,2019-07-23T17:02:35Z,46.74061667,13.18746667,536.00,
21979,,,,,2019-07-23T17:02:36Z,46.74051667,13.18753333,536.00,
21980,,,,,2019-07-23T17:02:37Z,46.74041667,13.18760000,536.00,
21981,,,,,2019-07-23T17:02:38Z,46.74031667,13.18768333,536.00,
21982,,,,,2019-07-23T17:02:39Z,46.74021667,13.18776667,536.00,
21983,,,,,2019-07-23T17:02:40Z,46.74011667,13.18783333,536.00,
21984,,,,,2019-07-23T17:02:41Z,46.74001667,13.18791667,536.00,
21985,,,,,2019-07-23T17:02:42Z,46.73990000,13.18800000,536.00,
21986,,,,,2019-07-23T17:02:43Z,46.73980000,13.18808333,536.00,
21987,,,,,2019-07-23T17:02:44Z,46.73970000,13.18815000,536.00,
21988,,,,,2019-07-23T17:02:45Z,46.73958333,13.18823333,536.00,
21989,,,,,2019-07-23T17:02:46Z,46.73948333,13.18833333,536.00,
21990,,,,,2019-07-23T17:02:47Z,46.73938333,13.18841667,537.00,
21991,,,,,2019-07-23T17:02:48Z,46.73928333,13.18851667,537.00,
21992,,,,,2019-07-23T17:02:49Z,46.73918333,13.18861667,537.00,
21993,,,,,2019-07-23T17:02:50Z,46.73908333,13.18873333,537.00,
21994,,,,,2019-07-23T17:02:51Z,46.73900000,13.18886667,537.00,
21995,,,,,2019-07-23T17:02:52Z,46.73891667,13.18900000,537.00,
21996,,,,,2019-07-23T17:02:53Z,46.73883333,13.18913333,537.00,
21997,,,,,2019-07-23T17:02:54Z,46.73876667,13.18928333,537.00,
21998,,,,,2019-07-23T17:02:55Z,46.73870000,13.18943333,537.00,
21999,,,,,2019-07-23T17:02:56Z,46.73863333,13.18958333,537.00,
22000,,,,,2019-07-23T17:02:57Z,46.73858333,13.18973333,537.00,
22001,,,,,2019-07-23T17:02:58Z,46.73851667,13.18990000,537.00,
22002,,,,,2019-07-23T17:02:59Z,46.73848333,13.19006667,537.00,
22003,,,,,2019-07-23T17:03:00Z,46.73843333,13.19025000,537.00,
22004,,,,,2019-07-23T17:03:01Z,46.73840000,13.19043333,537.00,
22005,,,,,2019-07-23T17:03:02Z,46.73838333,13.19061667,537.00,
22006,,,,,2019-07-23T17:03:03Z,46.73836667,13.19080000,537.00,
22007,,,,,2019-07-23T17:03:04Z,46.73835000,13.19098333,537.00,
22008,,,,,2019-07-23T17:03:05Z,46.73835000,13.19116667,537.00,
22009,,,,,2019-07-23T17:03:06Z,46.73835000,13.19136667,537.00,
22010,,,,,2019-07-23T17:03:07Z,46.73835000,13.19155000,537.00,
22011,,,,,2019-07-23T17:03:08Z,46.73835000,13.19175000,537.00,
22012,,,,,2019-07-23T17:03:09Z,46.73835000,13.19195000,537.00,
22013,,,,,2019-07-23T17:03:10Z,46.73835000,13.19215000,537.00,
22014,,,,,2019-07-23T17:03:11Z,46.73835000,13.19235000,536.00,
22015,,,,,2019-07-23T17:03:12Z,46.73835000,13.19253333,536.00,
22016,,,,,2019-07-23T17:03:13Z,46.73835000,13.19273333,536.00,
22017,,,,,2019-07-23T17:03:14Z,46.73835000,13.19293333,535.00,
22018,,,,,2019-07-23T17:03:15Z,46.73835000,13.19313333,535.00,
22019,,,,,2019-07-23T17:03:16Z,46.73833333,13.19333333,536.00,
22020,,,,,2019-07-23T17:03:17Z,46.73831667,13.19353333,535.00,
22021,,,,,2019-07-23T17:03:18Z,46.73831667,13.19373333,535.00,
22022,,,,,2019-07-23T17:03:19Z,46.73830000,13.19393333,536.00,
22023,,,,,2019-07-23T17:03:20Z,46.73828333,13.19413333,536.00,
22024,,,,,2019-07-23T17:03:21Z,46.73826667,13.19431667,535.00,
22025,,,,,2019-07-23T17:03:22Z,46.73825000,13.19451667,536.00,
22026,,,,,2019-07-23T17:03:23Z,46.73823333,13.19471667,536.00,
22027,,,,,2019-07-23T17:03:24Z,46.73821667,13.19491667,536.00,
22028,,,,,2019-07-23T17:03:25Z,46.73821667,13.19510000,536.00,
22029,,,,,2019-07-23T17:03:26Z,46.73823333,13.19530000,536.00,
22030,,,,,2019-07-23T17:03:27Z,46.73825000,13.19548333,536.00,
22031,,,,,2019-07-23T17:03:28Z,46.73828333,13.19566667,536.00,
22032,,,,,2019-07-23T17:03:29Z,46.73831667,13.19585000,536.00,
22033,,,,,2019-07-23T17:03:30Z,46.73835000,13.19601667,536.00,
22034,,,,,2019-07-23T17:03:31Z,46.73836667,13.19616667,537.00,
22035,,,,,2019-07-23T17:03:32Z,46.73838333,13.19633333,537.00,
22036,,,,,2019-07-23T17:03:33Z,46.73840000,13.19648333,538.00,
22037,,,,,2019-07-23T17:03:34Z,46.73838333,13.19663333,538.00,
22038,,,,,2019-07-23T17:03:35Z,46.73838333,13.19678333,539.00,
22039,,,,,2019-07-23T17:03:36Z,46.73836667,13.19693333,540.00,
22040,,,,,2019-07-23T17:03:37Z,46.73836667,13.19708333,540.00,
22041,,,,,2019-07-23T17:03:38Z,46.73835000,13.19723333,542.00,
22042,,,,,2019-07-23T17:03:39Z,46.73833333,13.19738333,542.00,
22043,,,,,2019-07-23T17:03:40Z,46.73831667,13.19755000,543.00,
22044,,,,,2019-07-23T17:03:41Z,46.73830000,13.19771667,544.00,
22045,,,,,2019-07-23T17:03:42Z,46.73826667,13.19788333,545.00,
22046,,,,,2019-07-23T17:03:43Z,46.73825000,13.19805000,545.00,
22047,,,,,2019-07-23T17:03:44Z,46.73823333,13.19821667,546.00,
22048,,,,,2019-07-23T17:03:45Z,46.73821667,13.19840000,546.00,
22049,,,,,2019-07-23T17:03:46Z,46.73818333,13.19860000,546.00,
22050,,,,,2019-07-23T17:03:47Z,46.73815000,13.19878333,547.00,
22051,,,,,2019-07-23T17:03:48Z,46.73811667,13.19898333,547.00,
22052,,,,,2019-07-23T17:03:49Z,46.73806667,13.19916667,546.00,
22053,,,,,2019-07-23T17:03:50Z,46.73803333,13.19935000,546.00,
22054,,,,,2019-07-23T17:03:51Z,46.73798333,13.19955000,547.00,
22055,,,,,2019-07-23T17:03:52Z,46.73796667,13.19975000,547.00,
22056,,,,,2019-07-23T17:03:53Z,46.73795000,13.19995000,548.00,
22057,,,,,2019-07-23T17:03:54Z,46.73793333,13.20015000,548.00,
22058,,,,,2019-07-23T17:03:55Z,46.73795000,13.20035000,548.00,
22059,,,,,2019-07-23T17:03:56Z,46.73796667,13.20056667,548.00,
22060,,,,,2019-07-23T17:03:57Z,46.73800000,13.20076667,548.00,
22061,,,,,2019-07-23T17:03:58Z,46.73803333,13.20098333,549.00,
22062,,,,,2019-07-23T17:03:59Z,46.73806667,13.20118333,549.00,
22063,,,,,2019-07-23T17:04:00Z,46.73810000,13.20140000,549.00,
22064,,,,,2019-07-23T17:04:01Z,46.73813333,13.20161667,550.00,
22065,,,,,2019-07-23T17:04:02Z,46.73816667,13.20181667,550.00,
22066,,,,,2019-07-23T17:04:03Z,46.73820000,13.20201667,550.00,
22067,,,,,2019-07-23T17:04:04Z,46.73823333,13.20223333,551.00,
22068,,,,,2019-07-23T17:04:05Z,46.73826667,13.20243333,551.00,
22069,,,,,2019-07-23T17:04:06Z,46.73830000,13.20263333,552.00,
22070,,,,,2019-07-23T17:04:07Z,46.73833333,13.20283333,553.00,
22071,,,,,2019-07-23T17:04:08Z,46.73838333,13.20303333,553.00,
22072,,,,,2019-07-23T17:04:09Z,46.73841667,13.20323333,554.00,
22073,,,,,2019-07-23T17:04:10Z,46.73846667,13.20343333,555.00,
22074,,,,,2019-07-23T17:04:11Z,46.73851667,13.20361667,556.00,
22075,,,,,2019-07-23T17:04:12Z,46.73856667,13.20380000,556.00,
22076,,,,,2019-07-23T17:04:13Z,46.73861667,13.20396667,557.00,
22077,,,,,2019-07-23T17:04:14Z,46.73868333,13.20413333,558.00,
22078,,,,,2019-07-23T17:04:15Z,46.73875000,13.20428333,558.00,
22079,,,,,2019-07-23T17:04:16Z,46.73880000,13.20441667,558.00,
22080,,,,,2019-07-23T17:04:17Z,46.73885000,13.20456667,558.00,
22081,,,,,2019-07-23T17:04:18Z,46.73890000,13.20470000,558.00,
22082,,,,,2019-07-23T17:04:19Z,46.73891667,13.20485000,558.00,
22083,,,,,2019-07-23T17:04:20Z,46.73891667,13.20500000,557.00,
22084,,,,,2019-07-23T17:04:21Z,46.73890000,13.20515000,557.00,
22085,,,,,2019-07-23T17:04:22Z,46.73886667,13.20530000,556.00,
22086,,,,,2019-07-23T17:04:23Z,46.73883333,13.20546667,556.00,
22087,,,,,2019-07-23T17:04:24Z,46.73883333,13.20563333,556.00,
22088,,,,,2019-07-23T17:04:25Z,46.73883333,13.20580000,556.00,
22089,,,,,2019-07-23T17:04:26Z,46.73885000,13.20596667,556.00,
22090,,,,,2019-07-23T17:04:27Z,46.73888333,13.20611667,556.00,
22091,,,,,2019-07-23T17:04:28Z,46.73891667,13.20626667,557.00,
22092,,,,,2019-07-23T17:04:29Z,46.73893333,13.20641667,557.00,
22093,,,,,2019-07-23T17:04:30Z,46.73896667,13.20658333,558.00,
22094,,,,,2019-07-23T17:04:31Z,46.73898333,13.20675000,559.00,
22095,,,,,2019-07-23T17:04:32Z,46.73900000,13.20691667,559.00,
22096,,,,,2019-07-23T17:04:33Z,46.73901667,13.20708333,560.00,
22097,,,,,2019-07-23T17:04:34Z,46.73903333,13.20726667,561.00,
22098,,,,,2019-07-23T17:04:35Z,46.73905000,13.20745000,562.00,
22099,,,,,2019-07-23T17:04:36Z,46.73906667,13.20763333,562.00,
22100,,,,,2019-07-23T17:04:37Z,46.73908333,13.20781667,563.00,
22101,,,,,2019-07-23T17:04:38Z,46.73911667,13.20800000,562.00,
22102,,,,,2019-07-23T17:04:39Z,46.73915000,13.20818333,562.00,
22103,,,,,2019-07-23T17:04:40Z,46.73918333,13.20836667,562.00,
22104,,,,,2019-07-23T17:04:41Z,46.73921667,13.20855000,562.00,
22105,,,,,2019-07-23T17:04:42Z,46.73925000,13.20873333,562.00,
22106,,,,,2019-07-23T17:04:43Z,46.73930000,13.20891667,562.00,
22107,,,,,2019-07-23T17:04:44Z,46.73933333,13.20910000,561.00,
22108,,,,,2019-07-23T17:04:45Z,46.73936667,13.20928333,561.00,
22109,,,,,2019-07-23T17:04:46Z,46.73940000,13.20948333,561.00,
22110,,,,,2019-07-23T17:04:47Z,46.73943333,13.20966667,560.00,
22111,,,,,2019-07-23T17:04:48Z,46.73945000,13.20986667,560.00,
22112,,,,,2019-07-23T17:04:49Z,46.73945000,13.21006667,559.00,
22113,,,,,2019-07-23T17:04:50Z,46.73943333,13.21026667,559.00,
22114,,,,,2019-07-23T17:04:51Z,46.73943333,13.21046667,559.00,
22115,,,,,2019-07-23T17:04:52Z,46.73941667,13.21066667,558.00,
22116,,,,,2019-07-23T17:04:53Z,46.73941667,13.21086667,558.00,
22117,,,,,2019-07-23T17:04:54Z,46.73941667,13.21106667,557.00,
22118,,,,,2019-07-23T17:04:55Z,46.73943333,13.21126667,558.00,
22119,,,,,2019-07-23T17:04:56Z,46.73946667,13.21148333,558.00,
22120,,,,,2019-07-23T17:04:57Z,46.73950000,13.21168333,558.00,
22121,,,,,2019-07-23T17:04:58Z,46.73953333,13.21190000,558.00,
22122,,,,,2019-07-23T17:04:59Z,46.73956667,13.21211667,558.00,
22123,,,,,2019-07-23T17:05:00Z,46.73960000,13.21233333,558.00,
22124,,,,,2019-07-23T17:05:01Z,46.73963333,13.21255000,559.00,
22125,,,,,2019-07-23T17:05:02Z,46.73966667,13.21275000,559.00,
22126,,,,,2019-07-23T17:05:03Z,46.73971667,13.21296667,560.00,
22127,,,,,2019-07-23T17:05:04Z,46.73975000,13.21318333,560.00,
22128,,,,,2019-07-23T17:05:05Z,46.73980000,13.21338333,560.00,
22129,,,,,2019-07-23T17:05:06Z,46.73985000,13.21358333,560.00,
22130,,,,,2019-07-23T17:05:07Z,46.73990000,13.21378333,561.00,
22131,,,,,2019-07-23T17:05:08Z,46.73995000,13.21396667,561.00,
22132,,,,,2019-07-23T17:05:09Z,46.74000000,13.21415000,561.00,
22133,,,,,2019-07-23T17:05:10Z,46.74005000,13.21435000,562.00,
22134,,,,,2019-07-23T17:05:11Z,46.74008333,13.21453333,563.00,
22135,,,,,2019-07-23T17:05:12Z,46.74011667,13.21473333,564.00,
22136,,,,,2019-07-23T17:05:13Z,46.74013333,13.21493333,565.00,
22137,,,,,2019-07-23T17:05:14Z,46.74011667,13.21513333,565.00,
22138,,,,,2019-07-23T17:05:15Z,46.74010000,13.21531667,566.00,
22139,,,,,2019-07-23T17:05:16Z,46.74006667,13.21550000,567.00,
22140,,,,,2019-07-23T17:05:17Z,46.74001667,13.21568333,568.00,
22141,,,,,2019-07-23T17:05:18Z,46.73995000,13.21585000,569.00,
22142,,,,,2019-07-23T17:05:19Z,46.73986667,13.21601667,570.00,
22143,,,,,2019-07-23T17:05:20Z,46.73978333,13.21616667,571.00,
22144,,,,,2019-07-23T17:05:21Z,46.73968333,13.21630000,571.00,
22145,,,,,2019-07-23T17:05:22Z,46.73960000,13.21643333,572.00,
22146,,,,,2019-07-23T17:05:23Z,46.73950000,13.21656667,574.00,
22147,,,,,2019-07-23T17:05:24Z,46.73938333,13.21668333,575.00,
22148,,,,,2019-07-23T17:05:25Z,46.73928333,13.21680000,576.00,
22149,,,,,2019-07-23T17:05:26Z,46.73916667,13.21690000,576.00,
22150,,,,,2019-07-23T17:05:27Z,46.73905000,13.21696667,577.00,
22151,,,,,2019-07-23T17:05:28Z,46.73893333,13.21701667,578.00,
22152,,,,,2019-07-23T17:05:29Z,46.73881667,13.21705000,579.00,
22153,,,,,2019-07-23T17:05:30Z,46.73868333,13.21705000,580.00,
22154,,,,,2019-07-23T17:05:31Z,46.73856667,13.21703333,581.00,
22155,,,,,2019-07-23T17:05:32Z,46.73846667,13.21698333,582.00,
22156,,,,,2019-07-23T17:05:33Z,46.73835000,13.21693333,583.00,
22157,,,,,2019-07-23T17:05:34Z,46.73825000,13.21688333,584.00,
22158,,,,,2019-07-23T17:05:35Z,46.73815000,13.21681667,585.00,
22159,,,,,2019-07-23T17:05:36Z,46.73805000,13.21676667,586.00,
22160,,,,,2019-07-23T17:05:37Z,46.73796667,13.21673333,587.00,
22161,,,,,2019-07-23T17:05:38Z,46.73786667,13.21671667,587.00,
22162,,,,,2019-07-23T17:05:39Z,46.73776667,13.21671667,589.00,
22163,,,,,2019-07-23T17:05:40Z,46.73766667,13.21671667,589.00,
22164,,,,,2019-07-23T17:05:41Z,46.73758333,13.21675000,590.00,
22165,,,,,2019-07-23T17:05:42Z,46.73748333,13.21680000,591.00,
22166,,,,,2019-07-23T17:05:43Z,46.73738333,13.21685000,592.00,
22167,,,,,2019-07-23T17:05:44Z,46.73730000,13.21690000,593.00,
22168,,,,,2019-07-23T17:05:45Z,46.73720000,13.21695000,594.00,
22169,,,,,2019-07-23T17:05:46Z,46.73711667,13.21703333,595.00,
22170,,,,,2019-07-23T17:05:47Z,46.73703333,13.21711667,596.00,
22171,,,,,2019-07-23T17:05:48Z,46.73693333,13.21720000,597.00,
22172,,,,,2019-07-23T17:05:49Z,46.73685000,13.21730000,598.00,
22173,,,,,2019-07-23T17:05:50Z,46.73675000,13.21740000,599.00,
22174,,,,,2019-07-23T17:05:51Z,46.73665000,13.21750000,600.00,
22175,,,,,2019-07-23T17:05:52Z,46.73656667,13.21760000,601.00,
22176,,,,,2019-07-23T17:05:53Z,46.73648333,13.21771667,603.00,
22177,,,,,2019-07-23T17:05:54Z,46.73641667,13.21785000,604.00,
22178,,,,,2019-07-23T17:05:55Z,46.73635000,13.21800000,604.00,
22179,,,,,2019-07-23T17:05:56Z,46.73631667,13.21815000,605.00,
22180,,,,,2019-07-23T17:05:57Z,46.73628333,13.21831667,606.00,
22181,,,,,2019-07-23T17:05:58Z,46.73626667,13.21846667,607.00,
22182,,,,,2019-07-23T17:05:59Z,46.73628333,13.21863333,607.00,
22183,,,,,2019-07-23T17:06:00Z,46.73631667,13.21880000,608.00,
22184,,,,,2019-07-23T17:06:01Z,46.73636667,13.21896667,609.00,
22185,,,,,2019-07-23T17:06:02Z,46.73643333,13.21910000,610.00,
22186,,,,,2019-07-23T17:06:03Z,46.73650000,13.21921667,610.00,
22187,,,,,2019-07-23T17:06:04Z,46.73658333,13.21931667,611.00,
22188,,,,,2019-07-23T17:06:05Z,46.73666667,13.21938333,612.00,
22189,,,,,2019-07-23T17:06:06Z,46.73676667,13.21943333,612.00,
22190,,,,,2019-07-23T17:06:07Z,46.73685000,13.21946667,612.00,
22191,,,,,2019-07-23T17:06:08Z,46.73693333,13.21950000,612.00,
22192,,,,,2019-07-23T17:06:09Z,46.73700000,13.21955000,612.00,
22193,,,,,2019-07-23T17:06:10Z,46.73703333,13.21963333,612.00,
22194,,,,,2019-07-23T17:06:11Z,46.73705000,13.21971667,612.00,
22195,,,,,2019-07-23T17:06:12Z,46.73701667,13.21978333,612.00,
22196,,,,,2019-07-23T17:06:13Z,46.73698333,13.21983333,613.00,
22197,,,,,2019-07-23T17:06:14Z,46.73691667,13.21986667,614.00,
22198,,,,,2019-07-23T17:06:15Z,46.73685000,13.21990000,614.00,
22199,,,,,2019-07-23T17:06:16Z,46.73676667,13.21995000,615.00,
22200,,,,,2019-07-23T17:06:17Z,46.73670000,13.22000000,616.00,
22201,,,,,2019-07-23T17:06:18Z,46.73661667,13.22005000,617.00,
22202,,,,,2019-07-23T17:06:19Z,46.73655000,13.22013333,618.00,
22203,,,,,2019-07-23T17:06:20Z,46.73648333,13.22021667,619.00,
22204,,,,,2019-07-23T17:06:21Z,46.73640000,13.22026667,620.00,
22205,,,,,2019-07-23T17:06:22Z,46.73631667,13.22031667,621.00,
22206,,,,,2019-07-23T17:06:23Z,46.73621667,13.22033333,621.00,
22207,,,,,2019-07-23T17:06:24Z,46.73613333,13.22033333,622.00,
22208,,,,,2019-07-23T17:06:25Z,46.73603333,13.22035000,623.00,
22209,,,,,2019-07-23T17:06:26Z,46.73595000,13.22036667,624.00,
22210,,,,,2019-07-23T17:06:27Z,46.73586667,13.22040000,626.00,
22211,,,,,2019-07-23T17:06:28Z,46.73578333,13.22045000,627.00,
22212,,,,,2019-07-23T17:06:29Z,46.73573333,13.22053333,628.00,
22213,,,,,2019-07-23T17:06:30Z,46.73570000,13.22061667,629.00,
22214,,,,,2019-07-23T17:06:31Z,46.73565000,13.22073333,631.00,
22215,,,,,2019-07-23T17:06:32Z,46.73561667,13.22085000,632.00,
22216,,,,,2019-07-23T17:06:33Z,46.73558333,13.22096667,633.00,
22217,,,,,2019-07-23T17:06:34Z,46.73555000,13.22108333,634.00,
22218,,,,,2019-07-23T17:06:35Z,46.73550000,13.22120000,635.00,
22219,,,,,2019-07-23T17:06:36Z,46.73545000,13.22131667,636.00,
22220,,,,,2019-07-23T17:06:37Z,46.73540000,13.22141667,638.00,
22221,,,,,2019-07-23T17:06:38Z,46.73533333,13.22151667,640.00,
22222,,,,,2019-07-23T17:06:39Z,46.73526667,13.22161667,641.00,
22223,,,,,2019-07-23T17:06:40Z,46.73518333,13.22171667,642.00,
22224,,,,,2019-07-23T17:06:41Z,46.73511667,13.22180000,644.00,
22225,,,,,2019-07-23T17:06:42Z,46.73501667,13.22186667,645.00,
22226,,,,,2019-07-23T17:06:43Z,46.73493333,13.22193333,646.00,
22227,,,,,2019-07-23T17:06:44Z,46.73481667,13.22200000,647.00,
22228,,,,,2019-07-23T17:06:45Z,46.73471667,13.22205000,649.00,
22229,,,,,2019-07-23T17:06:46Z,46.73461667,13.22210000,650.00,
22230,,,,,2019-07-23T17:06:47Z,46.73451667,13.22215000,652.00,
22231,,,,,2019-07-23T17:06:48Z,46.73441667,13.22220000,653.00,
22232,,,,,2019-07-23T17:06:49Z,46.73431667,13.22226667,655.00,
22233,,,,,2019-07-23T17:06:50Z,46.73421667,13.22233333,656.00,
22234,,,,,2019-07-23T17:06:51Z,46.73413333,13.22240000,658.00,
22235,,,,,2019-07-23T17:06:52Z,46.73403333,13.22250000,659.00,
22236,,,,,2019-07-23T17:06:53Z,46.73395000,13.22258333,661.00,
22237,,,,,2019-07-23T17:06:54Z,46.73386667,13.22268333,662.00,
22238,,,,,2019-07-23T17:06:55Z,46.73380000,13.22278333,663.00,
22239,,,,,2019-07-23T17:06:56Z,46.73373333,13.22290000,664.00,
22240,,,,,2019-07-23T17:06:57Z,46.73366667,13.22301667,665.00,
22241,,,,,2019-07-23T17:06:58Z,46.73361667,13.22313333,666.00,
22242,,,,,2019-07-23T17:06:59Z,46.73355000,13.22326667,667.00,
22243,,,,,2019-07-23T17:07:00Z,46.73348333,13.22336667,668.00,
22244,,,,,2019-07-23T17:07:01Z,46.73340000,13.22346667,670.00,
22245,,,,,2019-07-23T17:07:02Z,46.73330000,13.22353333,672.00,
22246,,,,,2019-07-23T17:07:03Z,46.73320000,13.22356667,674.00,
22247,,,,,2019-07-23T17:07:04Z,46.73310000,13.22360000,675.00,
22248,,,,,2019-07-23T17:07:05Z,46.73301667,13.22363333,676.00,
22249,,,,,2019-07-23T17:07:06Z,46.73293333,13.22368333,677.00,
22250,,,,,2019-07-23T17:07:07Z,46.73285000,13.22376667,678.00,
22251,,,,,2019-07-23T17:07:08Z,46.73280000,13.22386667,679.00,
22252,,,,,2019-07-23T17:07:09Z,46.73273333,13.22396667,680.00,
22253,,,,,2019-07-23T17:07:10Z,46.73268333,13.22403333,681.00,
22254,,,,,2019-07-23T17:07:11Z,46.73261667,13.22410000,682.00,
22255,,,,,2019-07-23T17:07:12Z,46.73255000,13.22415000,684.00,
22256,,,,,2019-07-23T17:07:13Z,46.73248333,13.22418333,685.00,
22257,,,,,2019-07-23T17:07:14Z,46.73243333,13.22421667,686.00,
22258,,,,,2019-07-23T17:07:15Z,46.73236667,13.22423333,687.00,
22259,,,,,2019-07-23T17:07:16Z,46.73230000,13.22428333,688.00,
22260,,,,,2019-07-23T17:07:17Z,46.73223333,13.22435000,689.00,
22261,,,,,2019-07-23T17:07:18Z,46.73216667,13.22443333,691.00,
22262,,,,,2019-07-23T17:07:19Z,46.73210000,13.22451667,692.00,
22263,,,,,2019-07-23T17:07:20Z,46.73203333,13.22460000,693.00,
22264,,,,,2019-07-23T17:07:21Z,46.73198333,13.22470000,694.00,
22265,,,,,2019-07-23T17:07:22Z,46.73193333,13.22480000,694.00,
22266,,,,,2019-07-23T17:07:23Z,46.73188333,13.22490000,695.00,
22267,,,,,2019-07-23T17:07:24Z,46.73186667,13.22501667,696.00,
22268,,,,,2019-07-23T17:07:25Z,46.73186667,13.22513333,696.00,
22269,,,,,2019-07-23T17:07:26Z,46.73188333,13.22525000,698.00,
22270,,,,,2019-07-23T17:07:27Z,46.73193333,13.22533333,699.00,
22271,,,,,2019-07-23T17:07:28Z,46.73198333,13.22541667,700.00,
22272,,,,,2019-07-23T17:07:29Z,46.73205000,13.22550000,700.00,
22273,,,,,2019-07-23T17:07:30Z,46.73210000,13.22558333,701.00,
22274,,,,,2019-07-23T17:07:31Z,46.73213333,13.22566667,702.00,
22275,,,,,2019-07-23T17:07:32Z,46.73216667,13.22575000,702.00,
22276,,,,,2019-07-23T17:07:33Z,46.73215000,13.22585000,703.00,
22277,,,,,2019-07-23T17:07:34Z,46.73213333,13.22595000,705.00,
22278,,,,,2019-07-23T17:07:35Z,46.73208333,13.22605000,706.00,
22279,,,,,2019-07-23T17:07:36Z,46.73203333,13.22613333,708.00,
22280,,,,,2019-07-23T17:07:37Z,46.73198333,13.22621667,709.00,
22281,,,,,2019-07-23T17:07:38Z,46.73193333,13.22630000,711.00,
22282,,,,,2019-07-23T17:07:39Z,46.73190000,13.22641667,712.00,
22283,,,,,2019-07-23T17:07:40Z,46.73188333,13.22653333,713.00,
22284,,,,,2019-07-23T17:07:41Z,46.73185000,13.22665000,714.00,
22285,,,,,2019-07-23T17:07:42Z,46.73181667,13.22676667,715.00,
22286,,,,,2019-07-23T17:07:43Z,46.73176667,13.22685000,716.00,
22287,,,,,2019-07-23T17:07:44Z,46.73170000,13.22691667,717.00,
22288,,,,,2019-07-23T17:07:45Z,46.73163333,13.22696667,718.00,
22289,,,,,2019-07-23T17:07:46Z,46.73156667,13.22700000,720.00,
22290,,,,,2019-07-23T17:07:47Z,46.73150000,13.22705000,721.00,
22291,,,,,2019-07-23T17:07:48Z,46.73146667,13.22713333,722.00,
22292,,,,,2019-07-23T17:07:49Z,46.73143333,13.22723333,723.00,
22293,,,,,2019-07-23T17:07:50Z,46.73143333,13.22733333,724.00,
22294,,,,,2019-07-23T17:07:51Z,46.73146667,13.22741667,724.00,
22295,,,,,2019-07-23T17:07:52Z,46.73150000,13.22750000,725.00,
22296,,,,,2019-07-23T17:07:53Z,46.73155000,13.22756667,726.00,
22297,,,,,2019-07-23T17:07:54Z,46.73161667,13.22763333,726.00,
22298,,,,,2019-07-23T17:07:55Z,46.73165000,13.22768333,727.00,
22299,,,,,2019-07-23T17:07:56Z,46.73170000,13.22775000,727.00,
22300,,,,,2019-07-23T17:07:57Z,46.73171667,13.22781667,727.00,
22301,,,,,2019-07-23T17:07:58Z,46.73171667,13.22790000,728.00,
22302,,,,,2019-07-23T17:07:59Z,46.73170000,13.22796667,728.00,
22303,,,,,2019-07-23T17:08:00Z,46.73165000,13.22801667,729.00,
22304,,,,,2019-07-23T17:08:01Z,46.73158333,13.22800000,729.00,
22305,,,,,2019-07-23T17:08:02Z,46.73151667,13.22795000,730.00,
22306,,,,,2019-07-23T17:08:03Z,46.73145000,13.22786667,731.00,
22307,,,,,2019-07-23T17:08:04Z,46.73138333,13.22776667,732.00,
22308,,,,,2019-07-23T17:08:05Z,46.73131667,13.22766667,733.00,
22309,,,,,2019-07-23T17:08:06Z,46.73125000,13.22755000,734.00,
22310,,,,,2019-07-23T17:08:07Z,46.73118333,13.22745000,735.00,
22311,,,,,2019-07-23T17:08:08Z,46.73113333,13.22731667,736.00,
22312,,,,,2019-07-23T17:08:09Z,46.73110000,13.22718333,736.00,
22313,,,,,2019-07-23T17:08:10Z,46.73108333,13.22701667,737.00,
22314,,,,,2019-07-23T17:08:11Z,46.73108333,13.22686667,738.00,
22315,,,,,2019-07-23T17:08:12Z,46.73108333,13.22671667,739.00,
22316,,,,,2019-07-23T17:08:13Z,46.73108333,13.22658333,739.00,
22317,,,,,2019-07-23T17:08:14Z,46.73110000,13.22645000,740.00,
22318,,,,,2019-07-23T17:08:15Z,46.73110000,13.22633333,740.00,
22319,,,,,2019-07-23T17:08:16Z,46.73106667,13.22623333,740.00,
22320,,,,,2019-07-23T17:08:17Z,46.73103333,13.22615000,741.00,
22321,,,,,2019-07-23T17:08:18Z,46.73096667,13.22611667,742.00,
22322,,,,,2019-07-23T17:08:19Z,46.73088333,13.22613333,742.00,
22323,,,,,2019-07-23T17:08:20Z,46.73083333,13.22620000,743.00,
22324,,,,,2019-07-23T17:08:21Z,46.73078333,13.22628333,743.00,
22325,,,,,2019-07-23T17:08:22Z,46.73076667,13.22638333,744.00,
22326,,,,,2019-07-23T17:08:23Z,46.73073333,13.22650000,744.00,
22327,,,,,2019-07-23T17:08:24Z,46.73071667,13.22661667,745.00,
22328,,,,,2019-07-23T17:08:25Z,46.73068333,13.22673333,746.00,
22329,,,,,2019-07-23T17:08:26Z,46.73065000,13.22686667,747.00,
22330,,,,,2019-07-23T17:08:27Z,46.73061667,13.22700000,748.00,
22331,,,,,2019-07-23T17:08:28Z,46.73060000,13.22715000,748.00,
22332,,,,,2019-07-23T17:08:29Z,46.73058333,13.22730000,749.00,
22333,,,,,2019-07-23T17:08:30Z,46.73060000,13.22746667,749.00,
22334,,,,,2019-07-23T17:08:31Z,46.73061667,13.22763333,750.00,
22335,,,,,2019-07-23T17:08:32Z,46.73065000,13.22780000,751.00,
22336,,,,,2019-07-23T17:08:33Z,46.73068333,13.22798333,752.00,
22337,,,,,2019-07-23T17:08:34Z,46.73071667,13.22816667,753.00,
22338,,,,,2019-07-23T17:08:35Z,46.73073333,13.22836667,754.00,
22339,,,,,2019-07-23T17:08:36Z,46.73075000,13.22856667,755.00,
22340,,,,,2019-07-23T17:08:37Z,46.73075000,13.22876667,756.00,
22341,,,,,2019-07-23T17:08:38Z,46.73073333,13.22896667,758.00,
22342,,,,,2019-07-23T17:08:39Z,46.73073333,13.22915000,759.00,
22343,,,,,2019-07-23T17:08:40Z,46.73071667,13.22935000,760.00,
22344,,,,,2019-07-23T17:08:41Z,46.73070000,13.22953333,761.00,
22345,,,,,2019-07-23T17:08:42Z,46.73068333,13.22971667,762.00,
22346,,,,,2019-07-23T17:08:43Z,46.73068333,13.22990000,762.00,
22347,,,,,2019-07-23T17:08:44Z,46.73070000,13.23008333,764.00,
22348,,,,,2019-07-23T17:08:45Z,46.73070000,13.23026667,765.00,
22349,,,,,2019-07-23T17:08:46Z,46.73068333,13.23045000,766.00,
22350,,,,,2019-07-23T17:08:47Z,46.73066667,13.23063333,767.00,
22351,,,,,2019-07-23T17:08:48Z,46.73063333,13.23081667,769.00,
22352,,,,,2019-07-23T17:08:49Z,46.73058333,13.23098333,771.00,
22353,,,,,2019-07-23T17:08:50Z,46.73055000,13.23115000,772.00,
22354,,,,,2019-07-23T17:08:51Z,46.73050000,13.23130000,774.00,
22355,,,,,2019-07-23T17:08:52Z,46.73045000,13.23146667,775.00,
22356,,,,,2019-07-23T17:08:53Z,46.73041667,13.23161667,777.00,
22357,,,,,2019-07-23T17:08:54Z,46.73038333,13.23178333,778.00,
22358,,,,,2019-07-23T17:08:55Z,46.73035000,13.23196667,779.00,
22359,,,,,2019-07-23T17:08:56Z,46.73033333,13.23213333,781.00,
22360,,,,,2019-07-23T17:08:57Z,46.73031667,13.23231667,782.00,
22361,,,,,2019-07-23T17:08:58Z,46.73028333,13.23248333,783.00,
22362,,,,,2019-07-23T17:08:59Z,46.73025000,13.23265000,784.00,
22363,,,,,2019-07-23T17:09:00Z,46.73021667,13.23281667,786.00,
22364,,,,,2019-07-23T17:09:01Z,46.73018333,13.23296667,787.00,
22365,,,,,2019-07-23T17:09:02Z,46.73013333,13.23311667,788.00,
22366,,,,,2019-07-23T17:09:03Z,46.73008333,13.23326667,789.00,
22367,,,,,2019-07-23T17:09:04Z,46.73003333,13.23343333,791.00,
22368,,,,,2019-07-23T17:09:05Z,46.73000000,13.23358333,792.00,
22369,,,,,2019-07-23T17:09:06Z,46.72995000,13.23371667,793.00,
22370,,,,,2019-07-23T17:09:07Z,46.72991667,13.23386667,794.00,
22371,,,,,2019-07-23T17:09:08Z,46.72986667,13.23401667,795.00,
22372,,,,,2019-07-23T17:09:09Z,46.72983333,13.23415000,796.00,
22373,,,,,2019-07-23T17:09:10Z,46.72980000,13.23428333,797.00,
22374,,,,,2019-07-23T17:09:11Z,46.72976667,13.23441667,798.00,
22375,,,,,2019-07-23T17:09:12Z,46.72975000,13.23453333,799.00,
22376,,,,,2019-07-23T17:09:13Z,46.72973333,13.23466667,800.00,
22377,,,,,2019-07-23T17:09:14Z,46.72973333,13.23480000,801.00,
22378,,,,,2019-07-23T17:09:15Z,46.72973333,13.23491667,802.00,
22379,,,,,2019-07-23T17:09:16Z,46.72973333,13.23505000,802.00,
22380,,,,,2019-07-23T17:09:17Z,46.72971667,13.23516667,803.00,
22381,,,,,2019-07-23T17:09:18Z,46.72970000,13.23526667,803.00,
22382,,,,,2019-07-23T17:09:19Z,46.72966667,13.23533333,804.00,
22383,,,,,2019-07-23T17:09:20Z,46.72961667,13.23538333,804.00,
22384,,,,,2019-07-23T17:09:21Z,46.72956667,13.23538333,805.00,
22385,,,,,2019-07-23T17:09:22Z,46.72951667,13.23536667,805.00,
22386,,,,,2019-07-23T17:09:23Z,46.72948333,13.23530000,806.00,
22387,,,,,2019-07-23T17:09:24Z,46.72946667,13.23523333,806.00,
22388,,,,,2019-07-23T17:09:25Z,46.72946667,13.23513333,807.00,
22389,,,,,2019-07-23T17:09:26Z,46.72948333,13.23501667,808.00,
22390,,,,,2019-07-23T17:09:27Z,46.72948333,13.23488333,809.00,
22391,,,,,2019-07-23T17:09:28Z,46.72946667,13.23476667,810.00,
22392,,,,,2019-07-23T17:09:29Z,46.72945000,13.23463333,811.00,
22393,,,,,2019-07-23T17:09:30Z,46.72943333,13.23448333,812.00,
22394,,,,,2019-07-23T17:09:31Z,46.72938333,13.23433333,813.00,
22395,,,,,2019-07-23T17:09:32Z,46.72933333,13.23421667,813.00,
22396,,,,,2019-07-23T17:09:33Z,46.72930000,13.23408333,814.00,
22397,,,,,2019-07-23T17:09:34Z,46.72926667,13.23393333,815.00,
22398,,,,,2019-07-23T17:09:35Z,46.72923333,13.23380000,815.00,
22399,,,,,2019-07-23T17:09:36Z,46.72921667,13.23366667,816.00,
22400,,,,,2019-07-23T17:09:37Z,46.72920000,13.23355000,816.00,
22401,,,,,2019-07-23T17:09:38Z,46.72915000,13.23346667,816.00,
22402,,,,,2019-07-23T17:09:39Z,46.72908333,13.23341667,817.00,
22403,,,,,2019-07-23T17:09:40Z,46.72901667,13.23341667,817.00,
22404,,,,,2019-07-23T17:09:41Z,46.72896667,13.23345000,818.00,
22405,,,,,2019-07-23T17:09:42Z,46.72893333,13.23351667,818.00,
22406,,,,,2019-07-23T17:09:43Z,46.72891667,13.23358333,818.00,
22407,,,,,2019-07-23T17:09:44Z,46.72891667,13.23366667,818.00,
22408,,,,,2019-07-23T17:09:45Z,46.72893333,13.23376667,819.00,
22409,,,,,2019-07-23T17:09:46Z,46.72896667,13.23388333,819.00,
22410,,,,,2019-07-23T17:09:47Z,46.72900000,13.23401667,820.00,
22411,,,,,2019-07-23T17:09:48Z,46.72901667,13.23415000,821.00,
22412,,,,,2019-07-23T17:09:49Z,46.72903333,13.23430000,821.00,
22413,,,,,2019-07-23T17:09:50Z,46.72903333,13.23445000,822.00,
22414,,,,,2019-07-23T17:09:51Z,46.72901667,13.23460000,823.00,
22415,,,,,2019-07-23T17:09:52Z,46.72898333,13.23476667,824.00,
22416,,,,,2019-07-23T17:09:53Z,46.72895000,13.23493333,825.00,
22417,,,,,2019-07-23T17:09:54Z,46.72890000,13.23511667,826.00,
22418,,,,,2019-07-23T17:09:55Z,46.72885000,13.23531667,828.00,
22419,,,,,2019-07-23T17:09:56Z,46.72880000,13.23551667,830.00,
22420,,,,,2019-07-23T17:09:57Z,46.72875000,13.23570000,832.00,
22421,,,,,2019-07-23T17:09:58Z,46.72868333,13.23590000,833.00,
22422,,,,,2019-07-23T17:09:59Z,46.72863333,13.23606667,834.00,
22423,,,,,2019-07-23T17:10:00Z,46.72858333,13.23625000,836.00,
22424,,,,,2019-07-23T17:10:01Z,46.72851667,13.23643333,837.00,
22425,,,,,2019-07-23T17:10:02Z,46.72846667,13.23661667,838.00,
22426,,,,,2019-07-23T17:10:03Z,46.72840000,13.23680000,840.00,
22427,,,,,2019-07-23T17:10:04Z,46.72833333,13.23696667,841.00,
22428,,,,,2019-07-23T17:10:05Z,46.72828333,13.23715000,843.00,
22429,,,,,2019-07-23T17:10:06Z,46.72821667,13.23733333,844.00,
22430,,,,,2019-07-23T17:10:07Z,46.72815000,13.23751667,846.00,
22431,,,,,2019-07-23T17:10:08Z,46.72808333,13.23771667,847.00,
22432,,,,,2019-07-23T17:10:09Z,46.72801667,13.23790000,849.00,
22433,,,,,2019-07-23T17:10:10Z,46.72796667,13.23810000,850.00,
22434,,,,,2019-07-23T17:10:11Z,46.72791667,13.23828333,852.00,
22435,,,,,2019-07-23T17:10:12Z,46.72786667,13.23848333,853.00,
22436,,,,,2019-07-23T17:10:13Z,46.72780000,13.23868333,855.00,
22437,,,,,2019-07-23T17:10:14Z,46.72775000,13.23886667,856.00,
22438,,,,,2019-07-23T17:10:15Z,46.72768333,13.23905000,858.00,
22439,,,,,2019-07-23T17:10:16Z,46.72760000,13.23923333,859.00,
22440,,,,,2019-07-23T17:10:17Z,46.72751667,13.23940000,860.00,
22441,,,,,2019-07-23T17:10:18Z,46.72743333,13.23956667,862.00,
22442,,,,,2019-07-23T17:10:19Z,46.72736667,13.23975000,863.00,
22443,,,,,2019-07-23T17:10:20Z,46.72728333,13.23991667,865.00,
22444,,,,,2019-07-23T17:10:21Z,46.72720000,13.24006667,866.00,
22445,,,,,2019-07-23T17:10:22Z,46.72713333,13.24023333,867.00,
22446,,,,,2019-07-23T17:10:23Z,46.72706667,13.24040000,868.00,
22447,,,,,2019-07-23T17:10:24Z,46.72700000,13.24058333,869.00,
22448,,,,,2019-07-23T17:10:25Z,46.72695000,13.24076667,870.00,
22449,,,,,2019-07-23T17:10:26Z,46.72690000,13.24095000,871.00,
22450,,,,,2019-07-23T17:10:27Z,46.72685000,13.24111667,872.00,
22451,,,,,2019-07-23T17:10:28Z,46.72678333,13.24130000,873.00,
22452,,,,,2019-07-23T17:10:29Z,46.72671667,13.24146667,873.00,
22453,,,,,2019-07-23T17:10:30Z,46.72665000,13.24163333,874.00,
22454,,,,,2019-07-23T17:10:31Z,46.72656667,13.24176667,875.00,
22455,,,,,2019-07-23T17:10:32Z,46.72646667,13.24188333,875.00,
22456,,,,,2019-07-23T17:10:33Z,46.72635000,13.24198333,876.00,
22457,,,,,2019-07-23T17:10:34Z,46.72623333,13.24206667,876.00,
22458,,,,,2019-07-23T17:10:35Z,46.72610000,13.24211667,877.00,
22459,,,,,2019-07-23T17:10:36Z,46.72596667,13.24215000,877.00,
22460,,,,,2019-07-23T17:10:37Z,46.72583333,13.24215000,877.00,
22461,,,,,2019-07-23T17:10:38Z,46.72570000,13.24215000,878.00,
22462,,,,,2019-07-23T17:10:39Z,46.72556667,13.24210000,879.00,
22463,,,,,2019-07-23T17:10:40Z,46.72541667,13.24203333,880.00,
22464,,,,,2019-07-23T17:10:41Z,46.72528333,13.24195000,881.00,
22465,,,,,2019-07-23T17:10:42Z,46.72513333,13.24186667,881.00,
22466,,,,,2019-07-23T17:10:43Z,46.72500000,13.24178333,882.00,
22467,,,,,2019-07-23T17:10:44Z,46.72485000,13.24168333,882.00,
22468,,,,,2019-07-23T17:10:45Z,46.72470000,13.24160000,883.00,
22469,,,,,2019-07-23T17:10:46Z,46.72455000,13.24151667,882.00,
22470,,,,,2019-07-23T17:10:47Z,46.72440000,13.24145000,883.00,
22471,,,,,2019-07-23T17:10:48Z,46.72425000,13.24136667,883.00,
22472,,,,,2019-07-23T17:10:49Z,46.72411667,13.24130000,884.00,
22473,,,,,2019-07-23T17:10:50Z,46.72396667,13.24125000,885.00,
22474,,,,,2019-07-23T17:10:51Z,46.72381667,13.24120000,885.00,
22475,,,,,2019-07-23T17:10:52Z,46.72366667,13.24115000,885.00,
22476,,,,,2019-07-23T17:10:53Z,46.72351667,13.24111667,885.00,
22477,,,,,2019-07-23T17:10:54Z,46.72336667,13.24110000,886.00,
22478,,,,,2019-07-23T17:10:55Z,46.72323333,13.24108333,886.00,
22479,,,,,2019-07-23T17:10:56Z,46.72310000,13.24108333,886.00,
22480,,,,,2019-07-23T17:10:57Z,46.72296667,13.24111667,886.00,
22481,,,,,2019-07-23T17:10:58Z,46.72285000,13.24116667,886.00,
22482,,,,,2019-07-23T17:10:59Z,46.72273333,13.24123333,887.00,
22483,,,,,2019-07-23T17:11:00Z,46.72263333,13.24131667,886.00,
22484,,,,,2019-07-23T17:11:01Z,46.72255000,13.24141667,886.00,
22485,,,,,2019-07-23T17:11:02Z,46.72246667,13.24153333,885.00,
22486,,,,,2019-07-23T17:11:03Z,46.72240000,13.24163333,885.00,
22487,,,,,2019-07-23T17:11:04Z,46.72231667,13.24171667,885.00,
22488,,,,,2019-07-23T17:11:05Z,46.72223333,13.24178333,885.00,
22489,,,,,2019-07-23T17:11:06Z,46.72215000,13.24181667,885.00,
22490,,,,,2019-07-23T17:11:07Z,46.72205000,13.24183333,885.00,
22491,,,,,2019-07-23T17:11:08Z,46.72196667,13.24186667,886.00,
22492,,,,,2019-07-23T17:11:09Z,46.72188333,13.24188333,886.00,
22493,,,,,2019-07-23T17:11:10Z,46.72178333,13.24193333,887.00,
22494,,,,,2019-07-23T17:11:11Z,46.72168333,13.24198333,887.00,
22495,,,,,2019-07-23T17:11:12Z,46.72158333,13.24206667,888.00,
22496,,,,,2019-07-23T17:11:13Z,46.72150000,13.24216667,889.00,
22497,,,,,2019-07-23T17:11:14Z,46.72141667,13.24228333,890.00,
22498,,,,,2019-07-23T17:11:15Z,46.72133333,13.24238333,891.00,
22499,,,,,2019-07-23T17:11:16Z,46.72125000,13.24248333,892.00,
22500,,,,,2019-07-23T17:11:17Z,46.72116667,13.24258333,892.00,
22501,,,,,2019-07-23T17:11:18Z,46.72106667,13.24266667,893.00,
22502,,,,,2019-07-23T17:11:19Z,46.72096667,13.24270000,894.00,
22503,,,,,2019-07-23T17:11:20Z,46.72086667,13.24273333,895.00,
22504,,,,,2019-07-23T17:11:21Z,46.72076667,13.24278333,897.00,
22505,,,,,2019-07-23T17:11:22Z,46.72066667,13.24285000,898.00,
22506,,,,,2019-07-23T17:11:23Z,46.72056667,13.24293333,899.00,
22507,,,,,2019-07-23T17:11:24Z,46.72048333,13.24303333,900.00,
22508,,,,,2019-07-23T17:11:25Z,46.72040000,13.24311667,902.00,
22509,,,,,2019-07-23T17:11:26Z,46.72030000,13.24320000,903.00,
22510,,,,,2019-07-23T17:11:27Z,46.72021667,13.24331667,904.00,
22511,,,,,2019-07-23T17:11:28Z,46.72013333,13.24341667,905.00,
22512,,,,,2019-07-23T17:11:29Z,46.72005000,13.24353333,906.00,
22513,,,,,2019-07-23T17:11:30Z,46.71995000,13.24365000,907.00,
22514,,,,,2019-07-23T17:11:31Z,46.71986667,13.24378333,907.00,
22515,,,,,2019-07-23T17:11:32Z,46.71978333,13.24393333,908.00,
22516,,,,,2019-07-23T17:11:33Z,46.71971667,13.24406667,908.00,
22517,,,,,2019-07-23T17:11:34Z,46.71963333,13.24420000,908.00,
22518,,,,,2019-07-23T17:11:35Z,46.71956667,13.24433333,909.00,
22519,,,,,2019-07-23T17:11:36Z,46.71950000,13.24448333,909.00,
22520,,,,,2019-07-23T17:11:37Z,46.71943333,13.24461667,909.00,
22521,,,,,2019-07-23T17:11:38Z,46.71936667,13.24476667,909.00,
22522,,,,,2019-07-23T17:11:39Z,46.71931667,13.24493333,909.00,
22523,,,,,2019-07-23T17:11:40Z,46.71926667,13.24510000,909.00,
22524,,,,,2019-07-23T17:11:41Z,46.71923333,13.24526667,909.00,
22525,,,,,2019-07-23T17:11:42Z,46.71918333,13.24545000,908.00,
22526,,,,,2019-07-23T17:11:43Z,46.71915000,13.24561667,908.00,
22527,,,,,2019-07-23T17:11:44Z,46.71911667,13.24580000,908.00,
22528,,,,,2019-07-23T17:11:45Z,46.71908333,13.24596667,907.00,
22529,,,,,2019-07-23T17:11:46Z,46.71903333,13.24613333,907.00,
22530,,,,,2019-07-23T17:11:47Z,46.71896667,13.24630000,908.00,
22531,,,,,2019-07-23T17:11:48Z,46.71890000,13.24645000,908.00,
22532,,,,,2019-07-23T17:11:49Z,46.71881667,13.24658333,908.00,
22533,,,,,2019-07-23T17:11:50Z,46.71875000,13.24671667,908.00,
22534,,,,,2019-07-23T17:11:51Z,46.71868333,13.24681667,908.00,
22535,,,,,2019-07-23T17:11:52Z,46.71861667,13.24695000,907.00,
22536,,,,,2019-07-23T17:11:53Z,46.71855000,13.24710000,907.00,
22537,,,,,2019-07-23T17:11:54Z,46.71850000,13.24725000,908.00,
22538,,,,,2019-07-23T17:11:55Z,46.71846667,13.24741667,908.00,
22539,,,,,2019-07-23T17:11:56Z,46.71843333,13.24758333,908.00,
22540,,,,,2019-07-23T17:11:57Z,46.71840000,13.24773333,908.00,
22541,,,,,2019-07-23T17:11:58Z,46.71835000,13.24790000,908.00,
22542,,,,,2019-07-23T17:11:59Z,46.71830000,13.24805000,909.00,
22543,,,,,2019-07-23T17:12:00Z,46.71823333,13.24821667,909.00,
22544,,,,,2019-07-23T17:12:01Z,46.71818333,13.24838333,909.00,
22545,,,,,2019-07-23T17:12:02Z,46.71811667,13.24855000,909.00,
22546,,,,,2019-07-23T17:12:03Z,46.71805000,13.24870000,910.00,
22547,,,,,2019-07-23T17:12:04Z,46.71798333,13.24885000,910.00,
22548,,,,,2019-07-23T17:12:05Z,46.71790000,13.24900000,910.00,
22549,,,,,2019-07-23T17:12:06Z,46.71781667,13.24913333,910.00,
22550,,,,,2019-07-23T17:12:07Z,46.71773333,13.24928333,910.00,
22551,,,,,2019-07-23T17:12:08Z,46.71765000,13.24941667,911.00,
22552,,,,,2019-07-23T17:12:09Z,46.71755000,13.24955000,911.00,
22553,,,,,2019-07-23T17:12:10Z,46.71745000,13.24968333,912.00,
22554,,,,,2019-07-23T17:12:11Z,46.71735000,13.24981667,913.00,
22555,,,,,2019-07-23T17:12:12Z,46.71723333,13.24993333,914.00,
22556,,,,,2019-07-23T17:12:13Z,46.71713333,13.25006667,915.00,
22557,,,,,2019-07-23T17:12:14Z,46.71703333,13.25020000,916.00,
22558,,,,,2019-07-23T17:12:15Z,46.71693333,13.25033333,917.00,
22559,,,,,2019-07-23T17:12:16Z,46.71683333,13.25046667,919.00,
22560,,,,,2019-07-23T17:12:17Z,46.71675000,13.25061667,920.00,
22561,,,,,2019-07-23T17:12:18Z,46.71666667,13.25076667,921.00,
22562,,,,,2019-07-23T17:12:19Z,46.71656667,13.25091667,922.00,
22563,,,,,2019-07-23T17:12:20Z,46.71648333,13.25105000,924.00,
22564,,,,,2019-07-23T17:12:21Z,46.71638333,13.25120000,925.00,
22565,,,,,2019-07-23T17:12:22Z,46.71630000,13.25133333,927.00,
22566,,,,,2019-07-23T17:12:23Z,46.71621667,13.25146667,928.00,
22567,,,,,2019-07-23T17:12:24Z,46.71613333,13.25158333,930.00,
22568,,,,,2019-07-23T17:12:25Z,46.71605000,13.25168333,931.00,
22569,,,,,2019-07-23T17:12:26Z,46.71595000,13.25176667,933.00,
22570,,,,,2019-07-23T17:12:27Z,46.71585000,13.25185000,934.00,
22571,,,,,2019-07-23T17:12:28Z,46.71575000,13.25190000,935.00,
22572,,,,,2019-07-23T17:12:29Z,46.71566667,13.25196667,936.00,
22573,,,,,2019-07-23T17:12:30Z,46.71556667,13.25206667,937.00,
22574,,,,,2019-07-23T17:12:31Z,46.71550000,13.25216667,938.00,
22575,,,,,2019-07-23T17:12:32Z,46.71545000,13.25230000,939.00,
22576,,,,,2019-07-23T17:12:33Z,46.71540000,13.25245000,939.00,
22577,,,,,2019-07-23T17:12:34Z,46.71536667,13.25261667,940.00,
22578,,,,,2019-07-23T17:12:35Z,46.71533333,13.25275000,941.00,
22579,,,,,2019-07-23T17:12:36Z,46.71530000,13.25290000,942.00,
22580,,,,,2019-07-23T17:12:37Z,46.71526667,13.25303333,942.00,
22581,,,,,2019-07-23T17:12:38Z,46.71525000,13.25318333,943.00,
22582,,,,,2019-07-23T17:12:39Z,46.71521667,13.25331667,943.00,
22583,,,,,2019-07-23T17:12:40Z,46.71518333,13.25345000,943.00,
22584,,,,,2019-07-23T17:12:41Z,46.71515000,13.25360000,943.00,
22585,,,,,2019-07-23T17:12:42Z,46.71510000,13.25373333,943.00,
22586,,,,,2019-07-23T17:12:43Z,46.71505000,13.25388333,942.00,
22587,,,,,2019-07-23T17:12:44Z,46.71500000,13.25403333,942.00,
22588,,,,,2019-07-23T17:12:45Z,46.71493333,13.25416667,941.00,
22589,,,,,2019-07-23T17:12:46Z,46.71485000,13.25428333,941.00,
22590,,,,,2019-07-23T17:12:47Z,46.71476667,13.25440000,940.00,
22591,,,,,2019-07-23T17:12:48Z,46.71468333,13.25451667,940.00,
22592,,,,,2019-07-23T17:12:49Z,46.71456667,13.25460000,940.00,
22593,,,,,2019-07-23T17:12:50Z,46.71446667,13.25468333,939.00,
22594,,,,,2019-07-23T17:12:51Z,46.71435000,13.25475000,939.00,
22595,,,,,2019-07-23T17:12:52Z,46.71425000,13.25480000,940.00,
22596,,,,,2019-07-23T17:12:53Z,46.71415000,13.25483333,940.00,
22597,,,,,2019-07-23T17:12:54Z,46.71405000,13.25486667,941.00,
22598,,,,,2019-07-23T17:12:55Z,46.71396667,13.25490000,942.00,
22599,,,,,2019-07-23T17:12:56Z,46.71386667,13.25495000,943.00,
22600,,,,,2019-07-23T17:12:57Z,46.71378333,13.25501667,943.00,
22601,,,,,2019-07-23T17:12:58Z,46.71370000,13.25510000,944.00,
22602,,,,,2019-07-23T17:12:59Z,46.71363333,13.25520000,945.00,
22603,,,,,2019-07-23T17:13:00Z,46.71356667,13.25531667,945.00,
22604,,,,,2019-07-23T17:13:01Z,46.71350000,13.25543333,945.00,
22605,,,,,2019-07-23T17:13:02Z,46.71341667,13.25553333,946.00,
22606,,,,,2019-07-23T17:13:03Z,46.71331667,13.25561667,947.00,
22607,,,,,2019-07-23T17:13:04Z,46.71321667,13.25568333,948.00,
22608,,,,,2019-07-23T17:13:05Z,46.71311667,13.25573333,949.00,
22609,,,,,2019-07-23T17:13:06Z,46.71301667,13.25580000,950.00,
22610,,,,,2019-07-23T17:13:07Z,46.71291667,13.25586667,952.00,
22611,,,,,2019-07-23T17:13:08Z,46.71281667,13.25591667,953.00,
22612,,,,,2019-07-23T17:13:09Z,46.71270000,13.25596667,954.00,
22613,,,,,2019-07-23T17:13:10Z,46.71260000,13.25603333,955.00,
22614,,,,,2019-07-23T17:13:11Z,46.71251667,13.25610000,955.00,
22615,,,,,2019-07-23T17:13:12Z,46.71243333,13.25615000,956.00,
22616,,,,,2019-07-23T17:13:13Z,46.71233333,13.25618333,957.00,
22617,,,,,2019-07-23T17:13:14Z,46.71223333,13.25621667,957.00,
22618,,,,,2019-07-23T17:13:15Z,46.71213333,13.25625000,957.00,
22619,,,,,2019-07-23T17:13:16Z,46.71203333,13.25626667,958.00,
22620,,,,,2019-07-23T17:13:17Z,46.71191667,13.25625000,958.00,
22621,,,,,2019-07-23T17:13:18Z,46.71180000,13.25623333,959.00,
22622,,,,,2019-07-23T17:13:19Z,46.71170000,13.25621667,959.00,
22623,,,,,2019-07-23T17:13:20Z,46.71158333,13.25620000,960.00,
22624,,,,,2019-07-23T17:13:21Z,46.71146667,13.25616667,960.00,
22625,,,,,2019-07-23T17:13:22Z,46.71135000,13.25616667,961.00,
22626,,,,,2019-07-23T17:13:23Z,46.71121667,13.25615000,961.00,
22627,,,,,2019-07-23T17:13:24Z,46.71105000,13.25616667,961.00,
22628,,,,,2019-07-23T17:13:25Z,46.71088333,13.25615000,961.00,
22629,,,,,2019-07-23T17:13:26Z,46.71073333,13.25615000,962.00,
22630,,,,,2019-07-23T17:13:27Z,46.71058333,13.25615000,963.00,
22631,,,,,2019-07-23T17:13:28Z,46.71045000,13.25616667,964.00,
22632,,,,,2019-07-23T17:13:29Z,46.71030000,13.25615000,964.00,
22633,,,,,2019-07-23T17:13:30Z,46.71018333,13.25615000,965.00,
22634,,,,,2019-07-23T17:13:31Z,46.71005000,13.25610000,966.00,
22635,,,,,2019-07-23T17:13:32Z,46.70996667,13.25603333,967.00,
22636,,,,,2019-07-23T17:13:33Z,46.70990000,13.25595000,968.00,
22637,,,,,2019-07-23T17:13:34Z,46.70983333,13.25583333,969.00,
22638,,,,,2019-07-23T17:13:35Z,46.70976667,13.25573333,969.00,
22639,,,,,2019-07-23T17:13:36Z,46.70970000,13.25566667,970.00,
22640,,,,,2019-07-23T17:13:37Z,46.70961667,13.25560000,971.00,
22641,,,,,2019-07-23T17:13:38Z,46.70951667,13.25556667,972.00,
22642,,,,,2019-07-23T17:13:39Z,46.70941667,13.25553333,973.00,
22643,,,,,2019-07-23T17:13:40Z,46.70931667,13.25548333,974.00,
22644,,,,,2019-07-23T17:13:41Z,46.70921667,13.25546667,976.00,
22645,,,,,2019-07-23T17:13:42Z,46.70911667,13.25541667,977.00,
22646,,,,,2019-07-23T17:13:43Z,46.70901667,13.25535000,978.00,
22647,,,,,2019-07-23T17:13:44Z,46.70891667,13.25528333,979.00,
22648,,,,,2019-07-23T17:13:45Z,46.70881667,13.25523333,981.00,
22649,,,,,2019-07-23T17:13:46Z,46.70873333,13.25515000,982.00,
22650,,,,,2019-07-23T17:13:47Z,46.70865000,13.25508333,983.00,
22651,,,,,2019-07-23T17:13:48Z,46.70856667,13.25500000,984.00,
22652,,,,,2019-07-23T17:13:49Z,46.70848333,13.25493333,985.00,
22653,,,,,2019-07-23T17:13:50Z,46.70840000,13.25483333,985.00,
22654,,,,,2019-07-23T17:13:51Z,46.70833333,13.25475000,985.00,
22655,,,,,2019-07-23T17:13:52Z,46.70826667,13.25465000,985.00,
22656,,,,,2019-07-23T17:13:53Z,46.70820000,13.25456667,985.00,
22657,,,,,2019-07-23T17:13:54Z,46.70813333,13.25448333,985.00,
22658,,,,,2019-07-23T17:13:55Z,46.70808333,13.25438333,984.00,
22659,,,,,2019-07-23T17:13:56Z,46.70805000,13.25426667,983.00,
22660,,,,,2019-07-23T17:13:57Z,46.70803333,13.25415000,982.00,
22661,,,,,2019-07-23T17:13:58Z,46.70805000,13.25403333,981.00,
22662,,,,,2019-07-23T17:13:59Z,46.70810000,13.25391667,981.00,
22663,,,,,2019-07-23T17:14:00Z,46.70815000,13.25381667,980.00,
22664,,,,,2019-07-23T17:14:01Z,46.70823333,13.25371667,980.00,
22665,,,,,2019-07-23T17:14:02Z,46.70831667,13.25365000,979.00,
22666,,,,,2019-07-23T17:14:03Z,46.70840000,13.25356667,979.00,
22667,,,,,2019-07-23T17:14:04Z,46.70848333,13.25348333,978.00,
22668,,,,,2019-07-23T17:14:05Z,46.70856667,13.25336667,978.00,
22669,,,,,2019-07-23T17:14:06Z,46.70861667,13.25325000,977.00,
22670,,,,,2019-07-23T17:14:07Z,46.70868333,13.25311667,976.00,
22671,,,,,2019-07-23T17:14:08Z,46.70871667,13.25296667,976.00,
22672,,,,,2019-07-23T17:14:09Z,46.70875000,13.25280000,976.00,
22673,,,,,2019-07-23T17:14:10Z,46.70876667,13.25263333,976.00,
22674,,,,,2019-07-23T17:14:11Z,46.70875000,13.25246667,976.00,
22675,,,,,2019-07-23T17:14:12Z,46.70873333,13.25228333,975.00,
22676,,,,,2019-07-23T17:14:13Z,46.70871667,13.25211667,975.00,
22677,,,,,2019-07-23T17:14:14Z,46.70870000,13.25195000,974.00,
22678,,,,,2019-07-23T17:14:15Z,46.70871667,13.25178333,973.00,
22679,,,,,2019-07-23T17:14:16Z,46.70875000,13.25165000,972.00,
22680,,,,,2019-07-23T17:14:17Z,46.70881667,13.25151667,971.00,
22681,,,,,2019-07-23T17:14:18Z,46.70888333,13.25141667,971.00,
22682,,,,,2019-07-23T17:14:19Z,46.70896667,13.25133333,970.00,
22683,,,,,2019-07-23T17:14:20Z,46.70906667,13.25125000,970.00,
22684,,,,,2019-07-23T17:14:21Z,46.70916667,13.25116667,969.00,
22685,,,,,2019-07-23T17:14:22Z,46.70926667,13.25110000,969.00,
22686,,,,,2019-07-23T17:14:23Z,46.70935000,13.25100000,968.00,
22687,,,,,2019-07-23T17:14:24Z,46.70941667,13.25090000,967.00,
22688,,,,,2019-07-23T17:14:25Z,46.70946667,13.25078333,966.00,
22689,,,,,2019-07-23T17:14:26Z,46.70950000,13.25063333,966.00,
22690,,,,,2019-07-23T17:14:27Z,46.70953333,13.25048333,965.00,
22691,,,,,2019-07-23T17:14:28Z,46.70951667,13.25033333,964.00,
22692,,,,,2019-07-23T17:14:29Z,46.70950000,13.25018333,963.00,
22693,,,,,2019-07-23T17:14:30Z,46.70946667,13.25003333,962.00,
22694,,,,,2019-07-23T17:14:31Z,46.70943333,13.24986667,961.00,
22695,,,,,2019-07-23T17:14:32Z,46.70941667,13.24970000,960.00,
22696,,,,,2019-07-23T17:14:33Z,46.70941667,13.24951667,960.00,
22697,,,,,2019-07-23T17:14:34Z,46.70943333,13.24935000,959.00,
22698,,,,,2019-07-23T17:14:35Z,46.70945000,13.24916667,958.00,
22699,,,,,2019-07-23T17:14:36Z,46.70948333,13.24898333,957.00,
22700,,,,,2019-07-23T17:14:37Z,46.70950000,13.24878333,956.00,
22701,,,,,2019-07-23T17:14:38Z,46.70953333,13.24860000,954.00,
22702,,,,,2019-07-23T17:14:39Z,46.70955000,13.24840000,953.00,
22703,,,,,2019-07-23T17:14:40Z,46.70956667,13.24821667,952.00,
22704,,,,,2019-07-23T17:14:41Z,46.70956667,13.24805000,950.00,
22705,,,,,2019-07-23T17:14:42Z,46.70955000,13.24786667,949.00,
22706,,,,,2019-07-23T17:14:43Z,46.70951667,13.24771667,948.00,
22707,,,,,2019-07-23T17:14:44Z,46.70943333,13.24758333,946.00,
22708,,,,,2019-07-23T17:14:45Z,46.70935000,13.24746667,945.00,
22709,,,,,2019-07-23T17:14:46Z,46.70923333,13.24738333,944.00,
22710,,,,,2019-07-23T17:14:47Z,46.70911667,13.24730000,943.00,
22711,,,,,2019-07-23T17:14:48Z,46.70901667,13.24721667,942.00,
22712,,,,,2019-07-23T17:14:49Z,46.70891667,13.24710000,941.00,
22713,,,,,2019-07-23T17:14:50Z,46.70883333,13.24698333,940.00,
22714,,,,,2019-07-23T17:14:51Z,46.70876667,13.24683333,939.00,
22715,,,,,2019-07-23T17:14:52Z,46.70871667,13.24665000,937.00,
22716,,,,,2019-07-23T17:14:53Z,46.70870000,13.24646667,936.00,
22717,,,,,2019-07-23T17:14:54Z,46.70870000,13.24628333,935.00,
22718,,,,,2019-07-23T17:14:55Z,46.70871667,13.24610000,934.00,
22719,,,,,2019-07-23T17:14:56Z,46.70871667,13.24590000,934.00,
22720,,,,,2019-07-23T17:14:57Z,46.70870000,13.24571667,933.00,
22721,,,,,2019-07-23T17:14:58Z,46.70865000,13.24556667,931.00,
22722,,,,,2019-07-23T17:14:59Z,46.70858333,13.24541667,931.00,
22723,,,,,2019-07-23T17:15:00Z,46.70848333,13.24530000,930.00,
22724,,,,,2019-07-23T17:15:01Z,46.70838333,13.24523333,930.00,
22725,,,,,2019-07-23T17:15:02Z,46.70825000,13.24518333,929.00,
22726,,,,,2019-07-23T17:15:03Z,46.70813333,13.24513333,929.00,
22727,,,,,2019-07-23T17:15:04Z,46.70801667,13.24508333,928.00,
22728,,,,,2019-07-23T17:15:05Z,46.70788333,13.24503333,928.00,
22729,,,,,2019-07-23T17:15:06Z,46.70776667,13.24496667,928.00,
22730,,,,,2019-07-23T17:15:07Z,46.70765000,13.24490000,927.00,
22731,,,,,2019-07-23T17:15:08Z,46.70753333,13.24481667,927.00,
22732,,,,,2019-07-23T17:15:09Z,46.70741667,13.24475000,926.00,
22733,,,,,2019-07-23T17:15:10Z,46.70730000,13.24468333,926.00,
22734,,,,,2019-07-23T17:15:11Z,46.70718333,13.24463333,925.00,
22735,,,,,2019-07-23T17:15:12Z,46.70706667,13.24463333,924.00,
22736,,,,,2019-07-23T17:15:13Z,46.70695000,13.24466667,923.00,
22737,,,,,2019-07-23T17:15:14Z,46.70685000,13.24473333,921.00,
22738,,,,,2019-07-23T17:15:15Z,46.70675000,13.24481667,920.00,
22739,,,,,2019-07-23T17:15:16Z,46.70666667,13.24491667,919.00,
22740,,,,,2019-07-23T17:15:17Z,46.70656667,13.24501667,917.00,
22741,,,,,2019-07-23T17:15:18Z,46.70645000,13.24506667,916.00,
22742,,,,,2019-07-23T17:15:19Z,46.70633333,13.24510000,915.00,
22743,,,,,2019-07-23T17:15:20Z,46.70621667,13.24511667,913.00,
22744,,,,,2019-07-23T17:15:21Z,46.70608333,13.24515000,912.00,
22745,,,,,2019-07-23T17:15:22Z,46.70595000,13.24520000,911.00,
22746,,,,,2019-07-23T17:15:23Z,46.70583333,13.24530000,911.00,
22747,,,,,2019-07-23T17:15:24Z,46.70571667,13.24541667,910.00,
22748,,,,,2019-07-23T17:15:25Z,46.70558333,13.24555000,909.00,
22749,,,,,2019-07-23T17:15:26Z,46.70548333,13.24568333,908.00,
22750,,,,,2019-07-23T17:15:27Z,46.70536667,13.24583333,907.00,
22751,,,,,2019-07-23T17:15:28Z,46.70525000,13.24596667,907.00,
22752,,,,,2019-07-23T17:15:29Z,46.70515000,13.24611667,906.00,
22753,,,,,2019-07-23T17:15:30Z,46.70503333,13.24626667,905.00,
22754,,,,,2019-07-23T17:15:31Z,46.70495000,13.24638333,903.00,
22755,,,,,2019-07-23T17:15:32Z,46.70485000,13.24650000,902.00,
22756,,,,,2019-07-23T17:15:33Z,46.70475000,13.24658333,900.00,
22757,,,,,2019-07-23T17:15:34Z,46.70463333,13.24663333,899.00,
22758,,,,,2019-07-23T17:15:35Z,46.70451667,13.24665000,898.00,
22759,,,,,2019-07-23T17:15:36Z,46.70440000,13.24661667,897.00,
22760,,,,,2019-07-23T17:15:37Z,46.70428333,13.24656667,897.00,
22761,,,,,2019-07-23T17:15:38Z,46.70415000,13.24653333,897.00,
22762,,,,,2019-07-23T17:15:39Z,46.70403333,13.24650000,896.00,
22763,,,,,2019-07-23T17:15:40Z,46.70390000,13.24646667,896.00,
22764,,,,,2019-07-23T17:15:41Z,46.70378333,13.24646667,896.00,
22765,,,,,2019-07-23T17:15:42Z,46.70366667,13.24646667,895.00,
22766,,,,,2019-07-23T17:15:43Z,46.70355000,13.24648333,895.00,
22767,,,,,2019-07-23T17:15:44Z,46.70343333,13.24653333,895.00,
22768,,,,,2019-07-23T17:15:45Z,46.70333333,13.24661667,895.00,
22769,,,,,2019-07-23T17:15:46Z,46.70325000,13.24671667,894.00,
22770,,,,,2019-07-23T17:15:47Z,46.70318333,13.24685000,894.00,
22771,,,,,2019-07-23T17:15:48Z,46.70313333,13.24701667,894.00,
22772,,,,,2019-07-23T17:15:49Z,46.70306667,13.24716667,893.00,
22773,,,,,2019-07-23T17:15:50Z,46.70301667,13.24731667,892.00,
22774,,,,,2019-07-23T17:15:51Z,46.70295000,13.24746667,891.00,
22775,,,,,2019-07-23T17:15:52Z,46.70288333,13.24756667,890.00,
22776,,,,,2019-07-23T17:15:53Z,46.70280000,13.24765000,889.00,
22777,,,,,2019-07-23T17:15:54Z,46.70268333,13.24768333,888.00,
22778,,,,,2019-07-23T17:15:55Z,46.70258333,13.24768333,888.00,
22779,,,,,2019-07-23T17:15:56Z,46.70246667,13.24766667,888.00,
22780,,,,,2019-07-23T17:15:57Z,46.70235000,13.24763333,887.00,
22781,,,,,2019-07-23T17:15:58Z,46.70221667,13.24760000,887.00,
22782,,,,,2019-07-23T17:15:59Z,46.70210000,13.24756667,887.00,
22783,,,,,2019-07-23T17:16:00Z,46.70196667,13.24751667,886.00,
22784,,,,,2019-07-23T17:16:01Z,46.70183333,13.24748333,885.00,
22785,,,,,2019-07-23T17:16:02Z,46.70171667,13.24746667,885.00,
22786,,,,,2019-07-23T17:16:03Z,46.70158333,13.24748333,884.00,
22787,,,,,2019-07-23T17:16:04Z,46.70146667,13.24750000,883.00,
22788,,,,,2019-07-23T17:16:05Z,46.70135000,13.24751667,883.00,
22789,,,,,2019-07-23T17:16:06Z,46.70121667,13.24748333,882.00,
22790,,,,,2019-07-23T17:16:07Z,46.70108333,13.24743333,881.00,
22791,,,,,2019-07-23T17:16:08Z,46.70096667,13.24736667,880.00,
22792,,,,,2019-07-23T17:16:09Z,46.70083333,13.24731667,880.00,
22793,,,,,2019-07-23T17:16:10Z,46.70070000,13.24723333,879.00,
22794,,,,,2019-07-23T17:16:11Z,46.70058333,13.24711667,879.00,
22795,,,,,2019-07-23T17:16:12Z,46.70046667,13.24700000,878.00,
22796,,,,,2019-07-23T17:16:13Z,46.70036667,13.24686667,878.00,
22797,,,,,2019-07-23T17:16:14Z,46.70026667,13.24671667,878.00,
22798,,,,,2019-07-23T17:16:15Z,46.70016667,13.24656667,877.00,
22799,,,,,2019-07-23T17:16:16Z,46.70006667,13.24643333,877.00,
22800,,,,,2019-07-23T17:16:17Z,46.69996667,13.24630000,876.00,
22801,,,,,2019-07-23T17:16:18Z,46.69985000,13.24618333,876.00,
22802,,,,,2019-07-23T17:16:19Z,46.69973333,13.24606667,876.00,
22803,,,,,2019-07-23T17:16:20Z,46.69961667,13.24598333,875.00,
22804,,,,,2019-07-23T17:16:21Z,46.69946667,13.24591667,875.00,
22805,,,,,2019-07-23T17:16:22Z,46.69933333,13.24586667,875.00,
22806,,,,,2019-07-23T17:16:23Z,46.69920000,13.24583333,875.00,
22807,,,,,2019-07-23T17:16:24Z,46.69905000,13.24583333,874.00,
22808,,,,,2019-07-23T17:16:25Z,46.69891667,13.24585000,874.00,
22809,,,,,2019-07-23T17:16:26Z,46.69876667,13.24588333,872.00,
22810,,,,,2019-07-23T17:16:27Z,46.69861667,13.24593333,871.00,
22811,,,,,2019-07-23T17:16:28Z,46.69846667,13.24598333,869.00,
22812,,,,,2019-07-23T17:16:29Z,46.69831667,13.24601667,868.00,
22813,,,,,2019-07-23T17:16:30Z,46.69816667,13.24603333,867.00,
22814,,,,,2019-07-23T17:16:31Z,46.69801667,13.24605000,866.00,
22815,,,,,2019-07-23T17:16:32Z,46.69786667,13.24603333,865.00,
22816,,,,,2019-07-23T17:16:33Z,46.69771667,13.24601667,864.00,
22817,,,,,2019-07-23T17:16:34Z,46.69756667,13.24598333,863.00,
22818,,,,,2019-07-23T17:16:35Z,46.69741667,13.24593333,862.00,
22819,,,,,2019-07-23T17:16:36Z,46.69728333,13.24588333,861.00,
22820,,,,,2019-07-23T17:16:37Z,46.69715000,13.24581667,860.00,
22821,,,,,2019-07-23T17:16:38Z,46.69703333,13.24570000,858.00,
22822,,,,,2019-07-23T17:16:39Z,46.69695000,13.24556667,857.00,
22823,,,,,2019-07-23T17:16:40Z,46.69686667,13.24543333,855.00,
22824,,,,,2019-07-23T17:16:41Z,46.69678333,13.24528333,854.00,
22825,,,,,2019-07-23T17:16:42Z,46.69668333,13.24516667,853.00,
22826,,,,,2019-07-23T17:16:43Z,46.69656667,13.24506667,852.00,
22827,,,,,2019-07-23T17:16:44Z,46.69646667,13.24498333,851.00,
22828,,,,,2019-07-23T17:16:45Z,46.69635000,13.24490000,850.00,
22829,,,,,2019-07-23T17:16:46Z,46.69625000,13.24478333,849.00,
22830,,,,,2019-07-23T17:16:47Z,46.69616667,13.24465000,849.00,
22831,,,,,2019-07-23T17:16:48Z,46.69606667,13.24453333,848.00,
22832,,,,,2019-07-23T17:16:49Z,46.69598333,13.24441667,847.00,
22833,,,,,2019-07-23T17:16:50Z,46.69586667,13.24431667,846.00,
22834,,,,,2019-07-23T17:16:51Z,46.69575000,13.24425000,846.00,
22835,,,,,2019-07-23T17:16:52Z,46.69563333,13.24420000,845.00,
22836,,,,,2019-07-23T17:16:53Z,46.69550000,13.24416667,844.00,
22837,,,,,2019-07-23T17:16:54Z,46.69538333,13.24413333,844.00,
22838,,,,,2019-07-23T17:16:55Z,46.69525000,13.24413333,844.00,
22839,,,,,2019-07-23T17:16:56Z,46.69511667,13.24413333,843.00,
22840,,,,,2019-07-23T17:16:57Z,46.69500000,13.24418333,843.00,
22841,,,,,2019-07-23T17:16:58Z,46.69488333,13.24426667,843.00,
22842,,,,,2019-07-23T17:16:59Z,46.69478333,13.24438333,842.00,
22843,,,,,2019-07-23T17:17:00Z,46.69470000,13.24453333,842.00,
22844,,,,,2019-07-23T17:17:01Z,46.69461667,13.24471667,842.00,
22845,,,,,2019-07-23T17:17:02Z,46.69453333,13.24490000,842.00,
22846,,,,,2019-07-23T17:17:03Z,46.69446667,13.24508333,841.00,
22847,,,,,2019-07-23T17:17:04Z,46.69438333,13.24528333,841.00,
22848,,,,,2019-07-23T17:17:05Z,46.69430000,13.24546667,840.00,
22849,,,,,2019-07-23T17:17:06Z,46.69421667,13.24566667,839.00,
22850,,,,,2019-07-23T17:17:07Z,46.69413333,13.24588333,838.00,
22851,,,,,2019-07-23T17:17:08Z,46.69405000,13.24608333,837.00,
22852,,,,,2019-07-23T17:17:09Z,46.69396667,13.24628333,836.00,
22853,,,,,2019-07-23T17:17:10Z,46.69388333,13.24648333,835.00,
22854,,,,,2019-07-23T17:17:11Z,46.69380000,13.24668333,833.00,
22855,,,,,2019-07-23T17:17:12Z,46.69373333,13.24688333,832.00,
22856,,,,,2019-07-23T17:17:13Z,46.69366667,13.24710000,830.00,
22857,,,,,2019-07-23T17:17:14Z,46.69360000,13.24731667,828.00,
22858,,,,,2019-07-23T17:17:15Z,46.69355000,13.24753333,826.00,
22859,,,,,2019-07-23T17:17:16Z,46.69351667,13.24775000,824.00,
22860,,,,,2019-07-23T17:17:17Z,46.69350000,13.24795000,821.00,
22861,,,,,2019-07-23T17:17:18Z,46.69346667,13.24815000,819.00,
22862,,,,,2019-07-23T17:17:19Z,46.69346667,13.24835000,816.00,
22863,,,,,2019-07-23T17:17:20Z,46.69346667,13.24855000,814.00,
22864,,,,,2019-07-23T17:17:21Z,46.69350000,13.24873333,813.00,
22865,,,,,2019-07-23T17:17:22Z,46.69355000,13.24891667,811.00,
22866,,,,,2019-07-23T17:17:23Z,46.69361667,13.24908333,809.00,
22867,,,,,2019-07-23T17:17:24Z,46.69370000,13.24923333,807.00,
22868,,,,,2019-07-23T17:17:25Z,46.69378333,13.24936667,805.00,
22869,,,,,2019-07-23T17:17:26Z,46.69390000,13.24948333,804.00,
22870,,,,,2019-07-23T17:17:27Z,46.69400000,13.24961667,802.00,
22871,,,,,2019-07-23T17:17:28Z,46.69410000,13.24973333,801.00,
22872,,,,,2019-07-23T17:17:29Z,46.69420000,13.24985000,799.00,
22873,,,,,2019-07-23T17:17:30Z,46.69428333,13.24996667,798.00,
22874,,,,,2019-07-23T17:17:31Z,46.69435000,13.25010000,796.00,
22875,,,,,2019-07-23T17:17:32Z,46.69441667,13.25023333,794.00,
22876,,,,,2019-07-23T17:17:33Z,46.69445000,13.25038333,792.00,
22877,,,,,2019-07-23T17:17:34Z,46.69445000,13.25053333,791.00,
22878,,,,,2019-07-23T17:17:35Z,46.69443333,13.25068333,790.00,
22879,,,,,2019-07-23T17:17:36Z,46.69438333,13.25083333,789.00,
22880,,,,,2019-07-23T17:17:37Z,46.69430000,13.25096667,789.00,
22881,,,,,2019-07-23T17:17:38Z,46.69421667,13.25108333,788.00,
22882,,,,,2019-07-23T17:17:39Z,46.69411667,13.25118333,788.00,
22883,,,,,2019-07-23T17:17:40Z,46.69401667,13.25130000,788.00,
22884,,,,,2019-07-23T17:17:41Z,46.69391667,13.25140000,787.00,
22885,,,,,2019-07-23T17:17:42Z,46.69381667,13.25150000,787.00,
22886,,,,,2019-07-23T17:17:43Z,46.69371667,13.25161667,786.00,
22887,,,,,2019-07-23T17:17:44Z,46.69361667,13.25173333,786.00,
22888,,,,,2019-07-23T17:17:45Z,46.69351667,13.25183333,785.00,
22889,,,,,2019-07-23T17:17:46Z,46.69341667,13.25195000,784.00,
22890,,,,,2019-07-23T17:17:47Z,46.69333333,13.25208333,783.00,
22891,,,,,2019-07-23T17:17:48Z,46.69325000,13.25223333,782.00,
22892,,,,,2019-07-23T17:17:49Z,46.69318333,13.25238333,781.00,
22893,,,,,2019-07-23T17:17:50Z,46.69313333,13.25255000,779.00,
22894,,,,,2019-07-23T17:17:51Z,46.69306667,13.25271667,778.00,
22895,,,,,2019-07-23T17:17:52Z,46.69298333,13.25285000,777.00,
22896,,,,,2019-07-23T17:17:53Z,46.69288333,13.25298333,776.00,
22897,,,,,2019-07-23T17:17:54Z,46.69278333,13.25311667,774.00,
22898,,,,,2019-07-23T17:17:55Z,46.69266667,13.25323333,773.00,
22899,,,,,2019-07-23T17:17:56Z,46.69256667,13.25336667,772.00,
22900,,,,,2019-07-23T17:17:57Z,46.69245000,13.25350000,771.00,
22901,,,,,2019-07-23T17:17:58Z,46.69235000,13.25365000,770.00,
22902,,,,,2019-07-23T17:17:59Z,46.69226667,13.25381667,768.00,
22903,,,,,2019-07-23T17:18:00Z,46.69218333,13.25398333,767.00,
22904,,,,,2019-07-23T17:18:01Z,46.69211667,13.25416667,766.00,
22905,,,,,2019-07-23T17:18:02Z,46.69205000,13.25436667,764.00,
22906,,,,,2019-07-23T17:18:03Z,46.69198333,13.25455000,763.00,
22907,,,,,2019-07-23T17:18:04Z,46.69191667,13.25473333,761.00,
22908,,,,,2019-07-23T17:18:05Z,46.69183333,13.25491667,760.00,
22909,,,,,2019-07-23T17:18:06Z,46.69175000,13.25506667,758.00,
22910,,,,,2019-07-23T17:18:07Z,46.69165000,13.25520000,756.00,
22911,,,,,2019-07-23T17:18:08Z,46.69156667,13.25530000,753.00,
22912,,,,,2019-07-23T17:18:09Z,46.69146667,13.25538333,751.00,
22913,,,,,2019-07-23T17:18:10Z,46.69136667,13.25545000,749.00,
22914,,,,,2019-07-23T17:18:11Z,46.69128333,13.25546667,747.00,
22915,,,,,2019-07-23T17:18:12Z,46.69120000,13.25545000,746.00,
22916,,,,,2019-07-23T17:18:13Z,46.69113333,13.25540000,744.00,
22917,,,,,2019-07-23T17:18:14Z,46.69108333,13.25530000,743.00,
22918,,,,,2019-07-23T17:18:15Z,46.69105000,13.25518333,742.00,
22919,,,,,2019-07-23T17:18:16Z,46.69103333,13.25505000,741.00,
22920,,,,,2019-07-23T17:18:17Z,46.69103333,13.25490000,741.00,
22921,,,,,2019-07-23T17:18:18Z,46.69103333,13.25476667,740.00,
22922,,,,,2019-07-23T17:18:19Z,46.69100000,13.25461667,740.00,
22923,,,,,2019-07-23T17:18:20Z,46.69096667,13.25446667,739.00,
22924,,,,,2019-07-23T17:18:21Z,46.69091667,13.25431667,739.00,
22925,,,,,2019-07-23T17:18:22Z,46.69085000,13.25418333,738.00,
22926,,,,,2019-07-23T17:18:23Z,46.69078333,13.25405000,737.00,
22927,,,,,2019-07-23T17:18:24Z,46.69073333,13.25390000,736.00,
22928,,,,,2019-07-23T17:18:25Z,46.69066667,13.25375000,736.00,
22929,,,,,2019-07-23T17:18:26Z,46.69058333,13.25361667,735.00,
22930,,,,,2019-07-23T17:18:27Z,46.69051667,13.25350000,734.00,
22931,,,,,2019-07-23T17:18:28Z,46.69043333,13.25338333,733.00,
22932,,,,,2019-07-23T17:18:29Z,46.69033333,13.25328333,732.00,
22933,,,,,2019-07-23T17:18:30Z,46.69023333,13.25321667,731.00,
22934,,,,,2019-07-23T17:18:31Z,46.69013333,13.25315000,730.00,
22935,,,,,2019-07-23T17:18:32Z,46.69001667,13.25311667,729.00,
22936,,,,,2019-07-23T17:18:33Z,46.68991667,13.25310000,728.00,
22937,,,,,2019-07-23T17:18:34Z,46.68980000,13.25311667,727.00,
22938,,,,,2019-07-23T17:18:35Z,46.68968333,13.25315000,726.00,
22939,,,,,2019-07-23T17:18:36Z,46.68958333,13.25320000,725.00,
22940,,,,,2019-07-23T17:18:37Z,46.68948333,13.25328333,724.00,
22941,,,,,2019-07-23T17:18:38Z,46.68938333,13.25335000,724.00,
22942,,,,,2019-07-23T17:18:39Z,46.68926667,13.25341667,723.00,
22943,,,,,2019-07-23T17:18:40Z,46.68916667,13.25350000,722.00,
22944,,,,,2019-07-23T17:18:41Z,46.68906667,13.25356667,722.00,
22945,,,,,2019-07-23T17:18:42Z,46.68895000,13.25363333,721.00,
22946,,,,,2019-07-23T17:18:43Z,46.68885000,13.25368333,720.00,
22947,,,,,2019-07-23T17:18:44Z,46.68875000,13.25375000,720.00,
22948,,,,,2019-07-23T17:18:45Z,46.68863333,13.25380000,720.00,
22949,,,,,2019-07-23T17:18:46Z,46.68853333,13.25385000,720.00,
22950,,,,,2019-07-23T17:18:47Z,46.68841667,13.25390000,719.00,
22951,,,,,2019-07-23T17:18:48Z,46.68831667,13.25393333,719.00,
22952,,,,,2019-07-23T17:18:49Z,46.68820000,13.25396667,719.00,
22953,,,,,2019-07-23T17:18:50Z,46.68808333,13.25398333,718.00,
22954,,,,,2019-07-23T17:18:51Z,46.68796667,13.25398333,718.00,
22955,,,,,2019-07-23T17:18:52Z,46.68785000,13.25398333,718.00,
22956,,,,,2019-07-23T17:18:53Z,46.68773333,13.25396667,717.00,
22957,,,,,2019-07-23T17:18:54Z,46.68761667,13.25395000,717.00,
22958,,,,,2019-07-23T17:18:55Z,46.68750000,13.25393333,716.00,
22959,,,,,2019-07-23T17:18:56Z,46.68736667,13.25388333,716.00,
22960,,,,,2019-07-23T17:18:57Z,46.68725000,13.25385000,716.00,
22961,,,,,2019-07-23T17:18:58Z,46.68711667,13.25380000,716.00,
22962,,,,,2019-07-23T17:18:59Z,46.68700000,13.25376667,716.00,
22963,,,,,2019-07-23T17:19:00Z,46.68688333,13.25371667,716.00,
22964,,,,,2019-07-23T17:19:01Z,46.68676667,13.25366667,716.00,
22965,,,,,2019-07-23T17:19:02Z,46.68663333,13.25363333,716.00,
22966,,,,,2019-07-23T17:19:03Z,46.68651667,13.25361667,716.00,
22967,,,,,2019-07-23T17:19:04Z,46.68638333,13.25360000,717.00,
22968,,,,,2019-07-23T17:19:05Z,46.68625000,13.25358333,717.00,
22969,,,,,2019-07-23T17:19:06Z,46.68613333,13.25356667,717.00,
22970,,,,,2019-07-23T17:19:07Z,46.68600000,13.25353333,718.00,
22971,,,,,2019-07-23T17:19:08Z,46.68588333,13.25348333,718.00,
22972,,,,,2019-07-23T17:19:09Z,46.68576667,13.25343333,719.00,
22973,,,,,2019-07-23T17:19:10Z,46.68565000,13.25335000,719.00,
22974,,,,,2019-07-23T17:19:11Z,46.68553333,13.25328333,719.00,
22975,,,,,2019-07-23T17:19:12Z,46.68543333,13.25320000,719.00,
22976,,,,,2019-07-23T17:19:13Z,46.68533333,13.25313333,720.00,
22977,,,,,2019-07-23T17:19:14Z,46.68521667,13.25306667,720.00,
22978,,,,,2019-07-23T17:19:15Z,46.68511667,13.25298333,720.00,
22979,,,,,2019-07-23T17:19:16Z,46.68501667,13.25291667,720.00,
22980,,,,,2019-07-23T17:19:17Z,46.68491667,13.25283333,721.00,
22981,,,,,2019-07-23T17:19:18Z,46.68481667,13.25276667,721.00,
22982,,,,,2019-07-23T17:19:19Z,46.68471667,13.25270000,721.00,
22983,,,,,2019-07-23T17:19:20Z,46.68461667,13.25268333,722.00,
22984,,,,,2019-07-23T17:19:21Z,46.68450000,13.25266667,722.00,
22985,,,,,2019-07-23T17:19:22Z,46.68440000,13.25268333,722.00,
22986,,,,,2019-07-23T17:19:23Z,46.68428333,13.25273333,723.00,
22987,,,,,2019-07-23T17:19:24Z,46.68420000,13.25281667,723.00,
22988,,,,,2019-07-23T17:19:25Z,46.68410000,13.25291667,723.00,
22989,,,,,2019-07-23T17:19:26Z,46.68401667,13.25303333,723.00,
22990,,,,,2019-07-23T17:19:27Z,46.68393333,13.25316667,723.00,
22991,,,,,2019-07-23T17:19:28Z,46.68385000,13.25330000,723.00,
22992,,,,,2019-07-23T17:19:29Z,46.68376667,13.25345000,723.00,
22993,,,,,2019-07-23T17:19:30Z,46.68370000,13.25360000,723.00,
22994,,,,,2019-07-23T17:19:31Z,46.68361667,13.25375000,723.00,
22995,,,,,2019-07-23T17:19:32Z,46.68353333,13.25391667,722.00,
22996,,,,,2019-07-23T17:19:33Z,46.68346667,13.25408333,722.00,
22997,,,,,2019-07-23T17:19:34Z,46.68338333,13.25425000,722.00,
22998,,,,,2019-07-23T17:19:35Z,46.68330000,13.25441667,722.00,
22999,,,,,2019-07-23T17:19:36Z,46.68321667,13.25460000,721.00,
23000,,,,,2019-07-23T17:19:37Z,46.68313333,13.25476667,721.00,
23001,,,,,2019-07-23T17:19:38Z,46.68305000,13.25495000,721.00,
23002,,,,,2019-07-23T17:19:39Z,46.68295000,13.25513333,720.00,
23003,,,,,2019-07-23T17:19:40Z,46.68286667,13.25530000,720.00,
23004,,,,,2019-07-23T17:19:41Z,46.68275000,13.25548333,720.00,
23005,,,,,2019-07-23T17:19:42Z,46.68265000,13.25565000,720.00,
23006,,,,,2019-07-23T17:19:43Z,46.68253333,13.25581667,720.00,
23007,,,,,2019-07-23T17:19:44Z,46.68240000,13.25598333,720.00,
23008,,,,,2019-07-23T17:19:45Z,46.68228333,13.25615000,719.00,
23009,,,,,2019-07-23T17:19:46Z,46.68215000,13.25630000,719.00,
23010,,,,,2019-07-23T17:19:47Z,46.68201667,13.25646667,719.00,
23011,,,,,2019-07-23T17:19:48Z,46.68188333,13.25663333,719.00,
23012,,,,,2019-07-23T17:19:49Z,46.68175000,13.25678333,719.00,
23013,,,,,2019-07-23T17:19:50Z,46.68161667,13.25695000,719.00,
23014,,,,,2019-07-23T17:19:51Z,46.68148333,13.25711667,718.00,
23015,,,,,2019-07-23T17:19:52Z,46.68135000,13.25728333,718.00,
23016,,,,,2019-07-23T17:19:53Z,46.68121667,13.25743333,718.00,
23017,,,,,2019-07-23T17:19:54Z,46.68108333,13.25760000,718.00,
23018,,,,,2019-07-23T17:19:55Z,46.68095000,13.25776667,717.00,
23019,,,,,2019-07-23T17:19:56Z,46.68081667,13.25793333,717.00,
23020,,,,,2019-07-23T17:19:57Z,46.68066667,13.25810000,717.00,
23021,,,,,2019-07-23T17:19:58Z,46.68053333,13.25826667,716.00,
23022,,,,,2019-07-23T17:19:59Z,46.68040000,13.25841667,716.00,
23023,,,,,2019-07-23T17:20:00Z,46.68026667,13.25858333,716.00,
23024,,,,,2019-07-23T17:20:01Z,46.68013333,13.25875000,715.00,
23025,,,,,2019-07-23T17:20:02Z,46.68000000,13.25891667,715.00,
23026,,,,,2019-07-23T17:20:03Z,46.67986667,13.25908333,714.00,
23027,,,,,2019-07-23T17:20:04Z,46.67971667,13.25925000,714.00,
23028,,,,,2019-07-23T17:20:05Z,46.67958333,13.25941667,714.00,
23029,,,,,2019-07-23T17:20:06Z,46.67943333,13.25958333,713.00,
23030,,,,,2019-07-23T17:20:07Z,46.67930000,13.25976667,713.00,
23031,,,,,2019-07-23T17:20:08Z,46.67915000,13.25995000,712.00,
23032,,,,,2019-07-23T17:20:09Z,46.67900000,13.26013333,711.00,
23033,,,,,2019-07-23T17:20:10Z,46.67886667,13.26033333,711.00,
23034,,,,,2019-07-23T17:20:11Z,46.67871667,13.26053333,710.00,
23035,,,,,2019-07-23T17:20:12Z,46.67858333,13.26071667,709.00,
23036,,,,,2019-07-23T17:20:13Z,46.67845000,13.26091667,708.00,
23037,,,,,2019-07-23T17:20:14Z,46.67831667,13.26111667,708.00,
23038,,,,,2019-07-23T17:20:15Z,46.67818333,13.26131667,707.00,
23039,,,,,2019-07-23T17:20:16Z,46.67805000,13.26151667,706.00,
23040,,,,,2019-07-23T17:20:17Z,46.67793333,13.26173333,705.00,
23041,,,,,2019-07-23T17:20:18Z,46.67780000,13.26193333,705.00,
23042,,,,,2019-07-23T17:20:19Z,46.67768333,13.26215000,704.00,
23043,,,,,2019-07-23T17:20:20Z,46.67755000,13.26236667,703.00,
23044,,,,,2019-07-23T17:20:21Z,46.67743333,13.26258333,703.00,
23045,,,,,2019-07-23T17:20:22Z,46.67731667,13.26280000,702.00,
23046,,,,,2019-07-23T17:20:23Z,46.67721667,13.26301667,701.00,
23047,,,,,2019-07-23T17:20:24Z,46.67711667,13.26321667,700.00,
23048,,,,,2019-07-23T17:20:25Z,46.67701667,13.26341667,699.00,
23049,,,,,2019-07-23T17:20:26Z,46.67693333,13.26360000,698.00,
23050,,,,,2019-07-23T17:20:27Z,46.67685000,13.26378333,697.00,
23051,,,,,2019-07-23T17:20:28Z,46.67676667,13.26395000,696.00,
23052,,,,,2019-07-23T17:20:29Z,46.67670000,13.26410000,695.00,
23053,,,,,2019-07-23T17:20:30Z,46.67663333,13.26425000,694.00,
23054,,,,,2019-07-23T17:20:31Z,46.67656667,13.26438333,693.00,
23055,,,,,2019-07-23T17:20:32Z,46.67650000,13.26453333,693.00,
23056,,,,,2019-07-23T17:20:33Z,46.67645000,13.26466667,692.00,
23057,,,,,2019-07-23T17:20:34Z,46.67638333,13.26481667,692.00,
23058,,,,,2019-07-23T17:20:35Z,46.67631667,13.26496667,692.00,
23059,,,,,2019-07-23T17:20:36Z,46.67625000,13.26513333,692.00,
23060,,,,,2019-07-23T17:20:37Z,46.67618333,13.26530000,692.00,
23061,,,,,2019-07-23T17:20:38Z,46.67610000,13.26550000,693.00,
23062,,,,,2019-07-23T17:20:39Z,46.67603333,13.26571667,693.00,
23063,,,,,2019-07-23T17:20:40Z,46.67595000,13.26595000,694.00,
23064,,,,,2019-07-23T17:20:41Z,46.67586667,13.26618333,695.00,
23065,,,,,2019-07-23T17:20:42Z,46.67576667,13.26643333,696.00,
23066,,,,,2019-07-23T17:20:43Z,46.67566667,13.26668333,696.00,
23067,,,,,2019-07-23T17:20:44Z,46.67556667,13.26693333,697.00,
23068,,,,,2019-07-23T17:20:45Z,46.67546667,13.26718333,698.00,
23069,,,,,2019-07-23T17:20:46Z,46.67536667,13.26745000,699.00,
23070,,,,,2019-07-23T17:20:47Z,46.67526667,13.26770000,699.00,
23071,,,,,2019-07-23T17:20:48Z,46.67516667,13.26795000,700.00,
23072,,,,,2019-07-23T17:20:49Z,46.67508333,13.26820000,700.00,
23073,,,,,2019-07-23T17:20:50Z,46.67498333,13.26845000,700.00,
23074,,,,,2019-07-23T17:20:51Z,46.67490000,13.26871667,700.00,
23075,,,,,2019-07-23T17:20:52Z,46.67480000,13.26896667,701.00,
23076,,,,,2019-07-23T17:20:53Z,46.67471667,13.26921667,701.00,
23077,,,,,2019-07-23T17:20:54Z,46.67463333,13.26945000,701.00,
23078,,,,,2019-07-23T17:20:55Z,46.67453333,13.26970000,702.00,
23079,,,,,2019-07-23T17:20:56Z,46.67445000,13.26993333,702.00,
23080,,,,,2019-07-23T17:20:57Z,46.67435000,13.27018333,702.00,
23081,,,,,2019-07-23T17:20:58Z,46.67426667,13.27043333,702.00,
23082,,,,,2019-07-23T17:20:59Z,46.67416667,13.27066667,703.00,
23083,,,,,2019-07-23T17:21:00Z,46.67408333,13.27091667,703.00,
23084,,,,,2019-07-23T17:21:01Z,46.67398333,13.27116667,702.00,
23085,,,,,2019-07-23T17:21:02Z,46.67390000,13.27141667,702.00,
23086,,,,,2019-07-23T17:21:03Z,46.67380000,13.27166667,701.00,
23087,,,,,2019-07-23T17:21:04Z,46.67371667,13.27191667,700.00,
23088,,,,,2019-07-23T17:21:05Z,46.67361667,13.27216667,699.00,
23089,,,,,2019-07-23T17:21:06Z,46.67353333,13.27240000,699.00,
23090,,,,,2019-07-23T17:21:07Z,46.67343333,13.27265000,698.00,
23091,,,,,2019-07-23T17:21:08Z,46.67335000,13.27290000,697.00,
23092,,,,,2019-07-23T17:21:09Z,46.67325000,13.27313333,696.00,
23093,,,,,2019-07-23T17:21:10Z,46.67316667,13.27338333,695.00,
23094,,,,,2019-07-23T17:21:11Z,46.67308333,13.27363333,695.00,
23095,,,,,2019-07-23T17:21:12Z,46.67298333,13.27386667,694.00,
23096,,,,,2019-07-23T17:21:13Z,46.67290000,13.27411667,694.00,
23097,,,,,2019-07-23T17:21:14Z,46.67280000,13.27436667,693.00,
23098,,,,,2019-07-23T17:21:15Z,46.67271667,13.27460000,692.00,
23099,,,,,2019-07-23T17:21:16Z,46.67263333,13.27485000,691.00,
23100,,,,,2019-07-23T17:21:17Z,46.67255000,13.27510000,690.00,
23101,,,,,2019-07-23T17:21:18Z,46.67246667,13.27536667,690.00,
23102,,,,,2019-07-23T17:21:19Z,46.67240000,13.27563333,689.00,
23103,,,,,2019-07-23T17:21:20Z,46.67233333,13.27590000,688.00,
23104,,,,,2019-07-23T17:21:21Z,46.67228333,13.27616667,687.00,
23105,,,,,2019-07-23T17:21:22Z,46.67223333,13.27643333,686.00,
23106,,,,,2019-07-23T17:21:23Z,46.67218333,13.27671667,685.00,
23107,,,,,2019-07-23T17:21:24Z,46.67215000,13.27698333,684.00,
23108,,,,,2019-07-23T17:21:25Z,46.67211667,13.27728333,683.00,
23109,,,,,2019-07-23T17:21:26Z,46.67208333,13.27756667,683.00,
23110,,,,,2019-07-23T17:21:27Z,46.67206667,13.27785000,682.00,
23111,,,,,2019-07-23T17:21:28Z,46.67205000,13.27813333,682.00,
23112,,,,,2019-07-23T17:21:29Z,46.67205000,13.27841667,681.00,
23113,,,,,2019-07-23T17:21:30Z,46.67205000,13.27870000,681.00,
23114,,,,,2019-07-23T17:21:31Z,46.67205000,13.27898333,681.00,
23115,,,,,2019-07-23T17:21:32Z,46.67206667,13.27926667,681.00,
23116,,,,,2019-07-23T17:21:33Z,46.67206667,13.27953333,681.00,
23117,,,,,2019-07-23T17:21:34Z,46.67208333,13.27980000,681.00,
23118,,,,,2019-07-23T17:21:35Z,46.67210000,13.28006667,681.00,
23119,,,,,2019-07-23T17:21:36Z,46.67211667,13.28033333,681.00,
23120,,,,,2019-07-23T17:21:37Z,46.67211667,13.28061667,680.00,
23121,,,,,2019-07-23T17:21:38Z,46.67213333,13.28088333,679.00,
23122,,,,,2019-07-23T17:21:39Z,46.67213333,13.28115000,679.00,
23123,,,,,2019-07-23T17:21:40Z,46.67213333,13.28143333,678.00,
23124,,,,,2019-07-23T17:21:41Z,46.67211667,13.28170000,678.00,
23125,,,,,2019-07-23T17:21:42Z,46.67210000,13.28198333,679.00,
23126,,,,,2019-07-23T17:21:43Z,46.67208333,13.28225000,679.00,
23127,,,,,2019-07-23T17:21:44Z,46.67206667,13.28253333,679.00,
23128,,,,,2019-07-23T17:21:45Z,46.67201667,13.28280000,678.00,
23129,,,,,2019-07-23T17:21:46Z,46.67198333,13.28306667,678.00,
23130,,,,,2019-07-23T17:21:47Z,46.67193333,13.28335000,677.00,
23131,,,,,2019-07-23T17:21:48Z,46.67186667,13.28361667,677.00,
23132,,,,,2019-07-23T17:21:49Z,46.67180000,13.28388333,676.00,
23133,,,,,2019-07-23T17:21:50Z,46.67171667,13.28415000,675.00,
23134,,,,,2019-07-23T17:21:51Z,46.67165000,13.28441667,674.00,
23135,,,,,2019-07-23T17:21:52Z,46.67155000,13.28468333,673.00,
23136,,,,,2019-07-23T17:21:53Z,46.67145000,13.28495000,673.00,
23137,,,,,2019-07-23T17:21:54Z,46.67135000,13.28521667,672.00,
23138,,,,,2019-07-23T17:21:55Z,46.67125000,13.28546667,672.00,
23139,,,,,2019-07-23T17:21:56Z,46.67113333,13.28571667,672.00,
23140,,,,,2019-07-23T17:21:57Z,46.67103333,13.28598333,671.00,
23141,,,,,2019-07-23T17:21:58Z,46.67093333,13.28623333,671.00,
23142,,,,,2019-07-23T17:21:59Z,46.67081667,13.28648333,670.00,
23143,,,,,2019-07-23T17:22:00Z,46.67071667,13.28671667,669.00,
23144,,,,,2019-07-23T17:22:01Z,46.67060000,13.28696667,669.00,
23145,,,,,2019-07-23T17:22:02Z,46.67050000,13.28721667,668.00,
23146,,,,,2019-07-23T17:22:03Z,46.67040000,13.28746667,667.00,
23147,,,,,2019-07-23T17:22:04Z,46.67031667,13.28771667,666.00,
23148,,,,,2019-07-23T17:22:05Z,46.67021667,13.28796667,665.00,
23149,,,,,2019-07-23T17:22:06Z,46.67011667,13.28821667,664.00,
23150,,,,,2019-07-23T17:22:07Z,46.67003333,13.28846667,664.00,
23151,,,,,2019-07-23T17:22:08Z,46.66993333,13.28871667,663.00,
23152,,,,,2019-07-23T17:22:09Z,46.66985000,13.28896667,662.00,
23153,,,,,2019-07-23T17:22:10Z,46.66976667,13.28921667,662.00,
23154,,,,,2019-07-23T17:22:11Z,46.66966667,13.28946667,661.00,
23155,,,,,2019-07-23T17:22:12Z,46.66958333,13.28971667,661.00,
23156,,,,,2019-07-23T17:22:13Z,46.66950000,13.28998333,660.00,
23157,,,,,2019-07-23T17:22:14Z,46.66943333,13.29023333,660.00,
23158,,,,,2019-07-23T17:22:15Z,46.66935000,13.29048333,659.00,
23159,,,,,2019-07-23T17:22:16Z,46.66926667,13.29075000,659.00,
23160,,,,,2019-07-23T17:22:17Z,46.66918333,13.29101667,658.00,
23161,,,,,2019-07-23T17:22:18Z,46.66911667,13.29126667,658.00,
23162,,,,,2019-07-23T17:22:19Z,46.66903333,13.29153333,658.00,
23163,,,,,2019-07-23T17:22:20Z,46.66896667,13.29178333,657.00,
23164,,,,,2019-07-23T17:22:21Z,46.66890000,13.29203333,656.00,
23165,,,,,2019-07-23T17:22:22Z,46.66881667,13.29228333,656.00,
23166,,,,,2019-07-23T17:22:23Z,46.66875000,13.29253333,655.00,
23167,,,,,2019-07-23T17:22:24Z,46.66868333,13.29278333,655.00,
23168,,,,,2019-07-23T17:22:25Z,46.66861667,13.29301667,655.00,
23169,,,,,2019-07-23T17:22:26Z,46.66853333,13.29325000,655.00,
23170,,,,,2019-07-23T17:22:27Z,46.66846667,13.29350000,656.00,
23171,,,,,2019-07-23T17:22:28Z,46.66840000,13.29373333,656.00,
23172,,,,,2019-07-23T17:22:29Z,46.66833333,13.29396667,656.00,
23173,,,,,2019-07-23T17:22:30Z,46.66826667,13.29420000,656.00,
23174,,,,,2019-07-23T17:22:31Z,46.66820000,13.29445000,656.00,
23175,,,,,2019-07-23T17:22:32Z,46.66811667,13.29468333,655.00,
23176,,,,,2019-07-23T17:22:33Z,46.66805000,13.29491667,655.00,
23177,,,,,2019-07-23T17:22:34Z,46.66800000,13.29516667,654.00,
23178,,,,,2019-07-23T17:22:35Z,46.66793333,13.29540000,654.00,
23179,,,,,2019-07-23T17:22:36Z,46.66786667,13.29565000,653.00,
23180,,,,,2019-07-23T17:22:37Z,46.66781667,13.29590000,652.00,
23181,,,,,2019-07-23T17:22:38Z,46.66776667,13.29613333,652.00,
23182,,,,,2019-07-23T17:22:39Z,46.66770000,13.29638333,651.00,
23183,,,,,2019-07-23T17:22:40Z,46.66765000,13.29663333,651.00,
23184,,,,,2019-07-23T17:22:41Z,46.66760000,13.29688333,650.00,
23185,,,,,2019-07-23T17:22:42Z,46.66756667,13.29713333,650.00,
23186,,,,,2019-07-23T17:22:43Z,46.66751667,13.29738333,651.00,
23187,,,,,2019-07-23T17:22:44Z,46.66746667,13.29765000,651.00,
23188,,,,,2019-07-23T17:22:45Z,46.66741667,13.29790000,651.00,
23189,,,,,2019-07-23T17:22:46Z,46.66738333,13.29815000,652.00,
23190,,,,,2019-07-23T17:22:47Z,46.66733333,13.29841667,652.00,
23191,,,,,2019-07-23T17:22:48Z,46.66730000,13.29866667,651.00,
23192,,,,,2019-07-23T17:22:49Z,46.66725000,13.29890000,651.00,
23193,,,,,2019-07-23T17:22:50Z,46.66720000,13.29915000,650.00,
23194,,,,,2019-07-23T17:22:51Z,46.66713333,13.29938333,650.00,
23195,,,,,2019-07-23T17:22:52Z,46.66705000,13.29961667,650.00,
23196,,,,,2019-07-23T17:22:53Z,46.66696667,13.29985000,651.00,
23197,,,,,2019-07-23T17:22:54Z,46.66688333,13.30006667,651.00,
23198,,,,,2019-07-23T17:22:55Z,46.66680000,13.30028333,651.00,
23199,,,,,2019-07-23T17:22:56Z,46.66673333,13.30048333,652.00,
23200,,,,,2019-07-23T17:22:57Z,46.66665000,13.30070000,652.00,
23201,,,,,2019-07-23T17:22:58Z,46.66658333,13.30091667,653.00,
23202,,,,,2019-07-23T17:22:59Z,46.66651667,13.30113333,654.00,
23203,,,,,2019-07-23T17:23:00Z,46.66646667,13.30133333,654.00,
23204,,,,,2019-07-23T17:23:01Z,46.66641667,13.30155000,654.00,
23205,,,,,2019-07-23T17:23:02Z,46.66635000,13.30175000,655.00,
23206,,,,,2019-07-23T17:23:03Z,46.66630000,13.30196667,655.00,
23207,,,,,2019-07-23T17:23:04Z,46.66625000,13.30218333,655.00,
23208,,,,,2019-07-23T17:23:05Z,46.66620000,13.30241667,655.00,
23209,,,,,2019-07-23T17:23:06Z,46.66615000,13.30263333,655.00,
23210,,,,,2019-07-23T17:23:07Z,46.66611667,13.30286667,655.00,
23211,,,,,2019-07-23T17:23:08Z,46.66605000,13.30310000,655.00,
23212,,,,,2019-07-23T17:23:09Z,46.66600000,13.30331667,654.00,
23213,,,,,2019-07-23T17:23:10Z,46.66593333,13.30355000,654.00,
23214,,,,,2019-07-23T17:23:11Z,46.66585000,13.30378333,654.00,
23215,,,,,2019-07-23T17:23:12Z,46.66576667,13.30400000,653.00,
23216,,,,,2019-07-23T17:23:13Z,46.66566667,13.30421667,653.00,
23217,,,,,2019-07-23T17:23:14Z,46.66556667,13.30443333,653.00,
23218,,,,,2019-07-23T17:23:15Z,46.66546667,13.30465000,653.00,
23219,,,,,2019-07-23T17:23:16Z,46.66535000,13.30485000,652.00,
23220,,,,,2019-07-23T17:23:17Z,46.66521667,13.30506667,652.00,
23221,,,,,2019-07-23T17:23:18Z,46.66508333,13.30526667,652.00,
23222,,,,,2019-07-23T17:23:19Z,46.66495000,13.30546667,652.00,
23223,,,,,2019-07-23T17:23:20Z,46.66481667,13.30568333,652.00,
23224,,,,,2019-07-23T17:23:21Z,46.66468333,13.30588333,652.00,
23225,,,,,2019-07-23T17:23:22Z,46.66453333,13.30610000,652.00,
23226,,,,,2019-07-23T17:23:23Z,46.66440000,13.30630000,652.00,
23227,,,,,2019-07-23T17:23:24Z,46.66426667,13.30650000,652.00,
23228,,,,,2019-07-23T17:23:25Z,46.66411667,13.30671667,652.00,
23229,,,,,2019-07-23T17:23:26Z,46.66398333,13.30693333,651.00,
23230,,,,,2019-07-23T17:23:27Z,46.66385000,13.30713333,651.00,
23231,,,,,2019-07-23T17:23:28Z,46.66371667,13.30735000,650.00,
23232,,,,,2019-07-23T17:23:29Z,46.66358333,13.30756667,650.00,
23233,,,,,2019-07-23T17:23:30Z,46.66345000,13.30778333,650.00,
23234,,,,,2019-07-23T17:23:31Z,46.66331667,13.30800000,649.00,
23235,,,,,2019-07-23T17:23:32Z,46.66318333,13.30821667,648.00,
23236,,,,,2019-07-23T17:23:33Z,46.66305000,13.30843333,648.00,
23237,,,,,2019-07-23T17:23:34Z,46.66291667,13.30865000,647.00,
23238,,,,,2019-07-23T17:23:35Z,46.66280000,13.30886667,647.00,
23239,,,,,2019-07-23T17:23:36Z,46.66266667,13.30906667,646.00,
23240,,,,,2019-07-23T17:23:37Z,46.66255000,13.30928333,646.00,
23241,,,,,2019-07-23T17:23:38Z,46.66241667,13.30950000,645.00,
23242,,,,,2019-07-23T17:23:39Z,46.66228333,13.30971667,644.00,
23243,,,,,2019-07-23T17:23:40Z,46.66216667,13.30993333,644.00,
23244,,,,,2019-07-23T17:23:41Z,46.66203333,13.31015000,643.00,
23245,,,,,2019-07-23T17:23:42Z,46.66190000,13.31036667,643.00,
23246,,,,,2019-07-23T17:23:43Z,46.66178333,13.31056667,643.00,
23247,,,,,2019-07-23T17:23:44Z,46.66165000,13.31078333,642.00,
23248,,,,,2019-07-23T17:23:45Z,46.66151667,13.31100000,642.00,
23249,,,,,2019-07-23T17:23:46Z,46.66138333,13.31120000,641.00,
23250,,,,,2019-07-23T17:23:47Z,46.66125000,13.31140000,640.00,
23251,,,,,2019-07-23T17:23:48Z,46.66110000,13.31160000,639.00,
23252,,,,,2019-07-23T17:23:49Z,46.66096667,13.31178333,638.00,
23253,,,,,2019-07-23T17:23:50Z,46.66081667,13.31195000,638.00,
23254,,,,,2019-07-23T17:23:51Z,46.66068333,13.31213333,637.00,
23255,,,,,2019-07-23T17:23:52Z,46.66053333,13.31228333,637.00,
23256,,,,,2019-07-23T17:23:53Z,46.66038333,13.31243333,636.00,
23257,,,,,2019-07-23T17:23:54Z,46.66025000,13.31260000,636.00,
23258,,,,,2019-07-23T17:23:55Z,46.66013333,13.31276667,635.00,
23259,,,,,2019-07-23T17:23:56Z,46.66001667,13.31296667,636.00,
23260,,,,,2019-07-23T17:23:57Z,46.65991667,13.31316667,635.00,
23261,,,,,2019-07-23T17:23:58Z,46.65981667,13.31338333,635.00,
23262,,,,,2019-07-23T17:23:59Z,46.65970000,13.31360000,636.00,
23263,,,,,2019-07-23T17:24:00Z,46.65960000,13.31381667,635.00,
23264,,,,,2019-07-23T17:24:01Z,46.65950000,13.31405000,635.00,
23265,,,,,2019-07-23T17:24:02Z,46.65938333,13.31426667,636.00,
23266,,,,,2019-07-23T17:24:03Z,46.65926667,13.31450000,636.00,
23267,,,,,2019-07-23T17:24:04Z,46.65915000,13.31471667,637.00,
23268,,,,,2019-07-23T17:24:05Z,46.65901667,13.31493333,638.00,
23269,,,,,2019-07-23T17:24:06Z,46.65888333,13.31515000,639.00,
23270,,,,,2019-07-23T17:24:07Z,46.65875000,13.31535000,640.00,
23271,,,,,2019-07-23T17:24:08Z,46.65861667,13.31555000,640.00,
23272,,,,,2019-07-23T17:24:09Z,46.65848333,13.31575000,640.00,
23273,,,,,2019-07-23T17:24:10Z,46.65836667,13.31595000,640.00,
23274,,,,,2019-07-23T17:24:11Z,46.65826667,13.31616667,641.00,
23275,,,,,2019-07-23T17:24:12Z,46.65816667,13.31640000,641.00,
23276,,,,,2019-07-23T17:24:13Z,46.65808333,13.31663333,641.00,
23277,,,,,2019-07-23T17:24:14Z,46.65801667,13.31686667,641.00,
23278,,,,,2019-07-23T17:24:15Z,46.65795000,13.31711667,641.00,
